scene_key,candidate_id,scene_xml,selected_foundational_pose,feasible,feasibility_max_mean_tip_distance,feasibility_min_contacts,feasible_pose_count,foundational_pose_count,score,cube_lift,cube_tip_contacts,mean_tip_distance,cube_vel_norm,thumb_x,thumb_y,thumb_len,index_x,index_y,index_len,middle_x,middle_y,middle_len,chosen_ctrl_json
cube,0,/home/humanoid/Programs/hand/results/phase1/run_20260413_pollard_multiscene_500_run2/cube/generated_mjcf/scene_cube_tp0d0000p0d0200p0d0000_ip0d0100n0d0123p0d0000_mp0d0100p0d0153p0d0000.xml,cube_s1,True,0.012,4.0,3.0,3.0,4.854910023577617,0.04878898093226483,6.0,0.004992251066280258,0.24946561846392673,0.0,0.02,0.0,0.01,-0.0123,0.0,0.01,0.0153,0.0,"[0.14396919188861243, 1.4433168982123008, -0.9610501064489129, -0.21597678602589693, 1.62355791555873, 0.6894423420264776, 0.28596544965624304, 1.510907960805811, 0.9132080680226535]"
cube,1,/home/humanoid/Programs/hand/results/phase1/run_20260413_pollard_multiscene_500_run2/cube/generated_mjcf/scene_cube_tp0d0033p0d0145p0d0000_in0d0016n0d0048p0d0099_mp0d0126p0d0208p0d0010.xml,cube_s2,True,0.012,4.0,3.0,3.0,4.105518449425323,0.05013260976155587,4.0,0.010382973176845464,0.09954141517991522,0.0032870804957149027,0.014474881130332889,0.0,-0.001603336747315302,-0.004781514259193461,0.009906133854665322,0.012559258618412316,0.02080791746361596,0.0010469997951701483,"[0.01670650338203123, 1.4136920396922736, -1.1988183472931673, -0.1406929477397738, 1.5018848386318775, 1.112227418303088, 0.08524100279782254, 1.4630081260980572, 1.1262163305485497]"
cube,2,/home/humanoid/Programs/hand/results/phase1/run_20260413_pollard_multiscene_500_run2/cube/generated_mjcf/scene_cube_tp0d0104p0d0276p0d0000_ip0d0186n0d0235p0d0055_mp0d0022p0d0240p0d0010.xml,cube_s2,True,0.012,4.0,2.0,3.0,4.477349868451937,0.04937627991331023,6.0,0.007138137322153476,2.2337528309354866,0.010441738170906437,0.02758048529891677,0.0,0.018577702638101663,-0.023493946192668855,0.005511730714318659,0.002215734894461416,0.024016294136397276,0.0009950692859782007,"[0.01670650338203123, 1.4136920396922736, -1.1988183472931673, -0.1406929477397738, 1.5018848386318775, 1.112227418303088, 0.08524100279782254, 1.4630081260980572, 1.1262163305485497]"
cube,3,/home/humanoid/Programs/hand/results/phase1/run_20260413_pollard_multiscene_500_run2/cube/generated_mjcf/scene_cube_tn0d0048p0d0181p0d0000_ip0d0010n0d0082p0d0035_mp0d0128p0d0125p0d0119.xml,cube_s1,True,0.012,4.0,3.0,3.0,4.86082557773734,0.04937709163909125,6.0,0.00661772634753401,0.23526604575035076,-0.004806914627102765,0.018144493308743802,0.0,0.0009827986359895336,-0.008205014047352873,0.003532548277782002,0.012769242675550093,0.012508261302285202,0.011933038458941066,"[0.14396919188861243, 1.4433168982123008, -0.9610501064489129, -0.21597678602589693, 1.62355791555873, 0.6894423420264776, 0.28596544965624304, 1.510907960805811, 0.9132080680226535]"
cube,4,/home/humanoid/Programs/hand/results/phase1/run_20260413_pollard_multiscene_500_run2/cube/generated_mjcf/scene_cube_tp0d0115p0d0245p0d0036_ip0d0145n0d0150p0d0000_mp0d0153p0d0159p0d0000.xml,cube_s1,True,0.012,4.0,3.0,3.0,5.2589049801818275,0.05212022785053753,7.0,0.005336817163314723,0.4507775229056604,0.011540048130629522,0.024453007627536674,0.0036110226304275905,0.014522721533702562,-0.014965885824501509,0.0,0.01531572016465796,0.01590850373941742,0.0,"[0.14396919188861243, 1.4433168982123008, -0.9610501064489129, -0.21597678602589693, 1.62355791555873, 0.6894423420264776, 0.28596544965624304, 1.510907960805811, 0.9132080680226535]"
cube,5,/home/humanoid/Programs/hand/results/phase1/run_20260413_pollard_multiscene_500_run2/cube/generated_mjcf/scene_cube_tn0d0003p0d0293p0d0104_ip0d0066n0d0106p0d0000_mp0d0123p0d0114p0d0000.xml,cube_s2,True,0.012,4.0,3.0,3.0,4.836044829472275,0.05131523028622077,6.0,0.005122337820487068,0.41457769600700317,-0.00033995138803706235,0.02934770802437601,0.010417044382949991,0.006587084721017685,-0.010583284062485737,0.0,0.012263200724792723,0.011409869412171198,0.0,"[0.01670650338203123, 1.4136920396922736, -1.1988183472931673, -0.1406929477397738, 1.5018848386318775, 1.112227418303088, 0.08524100279782254, 1.4630081260980572, 1.1262163305485497]"
cube,7,/home/humanoid/Programs/hand/results/phase1/run_20260413_pollard_multiscene_500_run2/cube/generated_mjcf/scene_cube_tn0d0039p0d0116p0d0000_ip0d0171n0d0188p0d0000_mp0d0077p0d0081p0d0000.xml,cube_s1,True,0.012,4.0,3.0,3.0,4.958732358289171,0.05245074348906245,6.0,0.0052272227912201095,0.3158988879617848,-0.003933190546904152,0.011606707205476137,0.0,0.017111782486895065,-0.01876458698415006,0.0,0.007709244155716676,0.008064313068222126,0.0,"[0.14396919188861243, 1.4433168982123008, -0.9610501064489129, -0.21597678602589693, 1.62355791555873, 0.6894423420264776, 0.28596544965624304, 1.510907960805811, 0.9132080680226535]"
cube,8,/home/humanoid/Programs/hand/results/phase1/run_20260413_pollard_multiscene_500_run2/cube/generated_mjcf/scene_cube_tp0d0019p0d0152p0d0041_ip0d0028n0d0017p0d0000_mp0d0005p0d0184p0d0103.xml,cube_s2,True,0.012,4.0,2.0,3.0,4.4437485914942005,0.049843382843532166,5.0,0.007913371214400116,0.3966985499121115,0.0019279772636844154,0.015168707187654142,0.004127877070952624,0.002788370655237119,-0.0016892853478440526,0.0,0.0005318867096855088,0.018398595636953022,0.010251709273628819,"[0.01670650338203123, 1.4136920396922736, -1.1988183472931673, -0.1406929477397738, 1.5018848386318775, 1.112227418303088, 0.08524100279782254, 1.4630081260980572, 1.1262163305485497]"
cube,9,/home/humanoid/Programs/hand/results/phase1/run_20260413_pollard_multiscene_500_run2/cube/generated_mjcf/scene_cube_tn0d0014p0d0300p0d0000_ip0d0082n0d0094p0d0119_mp0d0208p0d0143p0d0062.xml,cube_s2,True,0.012,4.0,3.0,3.0,5.009538869483901,0.049098961974729294,7.0,0.004833531902954827,1.7729942447748597,-0.0014309482868211845,0.03,0.0,0.008205486996377813,-0.009414877151630932,0.011882316125647777,0.02077464819850637,0.014341083343418305,0.006185492287398994,"[0.01670650338203123, 1.4136920396922736, -1.1988183472931673, -0.1406929477397738, 1.5018848386318775, 1.112227418303088, 0.08524100279782254, 1.4630081260980572, 1.1262163305485497]"
cube,10,/home/humanoid/Programs/hand/results/phase1/run_20260413_pollard_multiscene_500_run2/cube/generated_mjcf/scene_cube_tn0d0001p0d0207p0d0069_ip0d0080n0d0067p0d0051_mp0d0204p0d0061p0d0055.xml,cube_s1,True,0.012,4.0,3.0,3.0,4.888414586385852,0.04894336642631242,6.0,0.0052126578472212505,0.038548862122561374,-6.185530829714431e-05,0.02070349184472249,0.00685885681713138,0.0079517403845361,-0.006672394277070495,0.005067429071753997,0.020369432478721076,0.006058383198741723,0.005496362809831425,"[0.14396919188861243, 1.4433168982123008, -0.9610501064489129, -0.21597678602589693, 1.62355791555873, 0.6894423420264776, 0.28596544965624304, 1.510907960805811, 0.9132080680226535]"
cube,11,/home/humanoid/Programs/hand/results/phase1/run_20260413_pollard_multiscene_500_run2/cube/generated_mjcf/scene_cube_tp0d0103p0d0300p0d0000_ip0d0187n0d0008p0d0110_mp0d0016p0d0266p0d0094.xml,cube_s0,True,0.012,4.0,3.0,3.0,5.167920008403357,0.05410347619937689,7.0,0.004857747613856641,1.2767433061756852,0.010258174286989438,0.03,0.0,0.018727362165893817,-0.0007513190384077374,0.010973044310663125,0.0015703362935799488,0.026643091531750922,0.009358453337292495,"[0.04450704801781733, 1.3328962874535588, -1.1415586000720388, -0.15094057662950128, 1.5203356982523752, 1.0996771982762732, 0.03397261159793135, 1.5344387358077864, 1.0153400793182545]"
cube,12,/home/humanoid/Programs/hand/results/phase1/run_20260413_pollard_multiscene_500_run2/cube/generated_mjcf/scene_cube_tp0d0077p0d0195p0d0000_ip0d0172n0d0021p0d0000_mp0d0109p0d0139p0d0103.xml,cube_s1,True,0.012,4.0,3.0,3.0,4.933378618209146,0.05150000936021857,6.0,0.0050519513419384305,0.14304635481946368,0.007736971861033691,0.019519710171387972,0.0,0.017245133889239386,-0.0021352761651967315,0.0,0.010934425782932486,0.013926067895388755,0.01034441558354772,"[0.14396919188861243, 1.4433168982123008, -0.9610501064489129, -0.21597678602589693, 1.62355791555873, 0.6894423420264776, 0.28596544965624304, 1.510907960805811, 0.9132080680226535]"
cube,13,/home/humanoid/Programs/hand/results/phase1/run_20260413_pollard_multiscene_500_run2/cube/generated_mjcf/scene_cube_tn0d0110p0d0256p0d0027_in0d0013n0d0070p0d0000_mp0d0162p0d0156p0d0103.xml,cube_s0,True,0.012,4.0,2.0,3.0,4.995763708474617,0.052149684577397395,6.0,0.005742276401163128,0.07807109489968171,-0.011027742931477569,0.025568148695757457,0.002744957926775919,-0.001319231237275495,-0.007038725452158232,0.0,0.016190824056554275,0.015606209358289873,0.010298501299128147,"[0.04450704801781733, 1.3328962874535588, -1.1415586000720388, -0.15094057662950128, 1.5203356982523752, 1.0996771982762732, 0.03397261159793135, 1.5344387358077864, 1.0153400793182545]"
cube,14,/home/humanoid/Programs/hand/results/phase1/run_20260413_pollard_multiscene_500_run2/cube/generated_mjcf/scene_cube_tn0d0104p0d0282p0d0000_ip0d0063n0d0140p0d0112_mp0d0115p0d0095p0d0000.xml,cube_s2,True,0.012,4.0,3.0,3.0,4.986657983755456,0.05176960687847826,6.0,0.006101160786381472,0.045550286407861136,-0.010414020078622207,0.0281916147106972,0.0,0.006263439491299004,-0.013972830433252,0.011185489938817683,0.011493564213482969,0.009512750236102374,0.0,"[0.01670650338203123, 1.4136920396922736, -1.1988183472931673, -0.1406929477397738, 1.5018848386318775, 1.112227418303088, 0.08524100279782254, 1.4630081260980572, 1.1262163305485497]"
cube,15,/home/humanoid/Programs/hand/results/phase1/run_20260413_pollard_multiscene_500_run2/cube/generated_mjcf/scene_cube_tp0d0093p0d0134p0d0000_ip0d0049n0d0102p0d0013_mp0d0174p0d0168p0d0000.xml,cube_s1,True,0.012,4.0,2.0,3.0,4.621888568805255,0.04894782185961945,6.0,0.007163677343906573,0.3156120946179767,0.009314839695820316,0.013420866282015786,0.0,0.004919938168181862,-0.010233046444494413,0.001298172052158427,0.017433058621906666,0.01675142284814846,0.0,"[0.14396919188861243, 1.4433168982123008, -0.9610501064489129, -0.21597678602589693, 1.62355791555873, 0.6894423420264776, 0.28596544965624304, 1.510907960805811, 0.9132080680226535]"
cube,16,/home/humanoid/Programs/hand/results/phase1/run_20260413_pollard_multiscene_500_run2/cube/generated_mjcf/scene_cube_tn0d0021p0d0276p0d0030_ip0d0210n0d0154p0d0013_mp0d0123p0d0237p0d0000.xml,cube_s1,True,0.012,4.0,3.0,3.0,4.953855232597213,0.05180007682638701,6.0,0.006283200069713654,0.16407355647609909,-0.002090487775658576,0.02763490330330185,0.003036155098074084,0.021017863424738617,-0.01543429413379966,0.0012626762525108932,0.01225418083871604,0.023658988998601437,0.0,"[0.14396919188861243, 1.4433168982123008, -0.9610501064489129, -0.21597678602589693, 1.62355791555873, 0.6894423420264776, 0.28596544965624304, 1.510907960805811, 0.9132080680226535]"
cube,17,/home/humanoid/Programs/hand/results/phase1/run_20260413_pollard_multiscene_500_run2/cube/generated_mjcf/scene_cube_tn0d0022p0d0298p0d0000_ip0d0177n0d0143p0d0079_mn0d0018p0d0121p0d0000.xml,cube_s2,True,0.012,4.0,3.0,3.0,4.904333284734466,0.049708361896855874,6.0,0.007003011093920258,0.0870937886629836,-0.00224375191804496,0.02983901507989513,0.0,0.01774495072435605,-0.014330783103090609,0.007915295646674467,-0.0017610905406249926,0.012061107786198495,0.0,"[0.01670650338203123, 1.4136920396922736, -1.1988183472931673, -0.1406929477397738, 1.5018848386318775, 1.112227418303088, 0.08524100279782254, 1.4630081260980572, 1.1262163305485497]"
cube,18,/home/humanoid/Programs/hand/results/phase1/run_20260413_pollard_multiscene_500_run2/cube/generated_mjcf/scene_cube_tp0d0037p0d0146p0d0049_ip0d0207n0d0213p0d0088_mn0d0006p0d0124p0d0000.xml,cube_s2,True,0.012,4.0,3.0,3.0,5.295014132848007,0.04976979509457328,7.0,0.004991679079963794,0.15960375092874396,0.003662749832079322,0.014572378366389374,0.00486364969583487,0.02065123424661018,-0.021256389545730052,0.008754679089618578,-0.0005728603615918777,0.012438492199461346,0.0,"[0.01670650338203123, 1.4136920396922736, -1.1988183472931673, -0.1406929477397738, 1.5018848386318775, 1.112227418303088, 0.08524100279782254, 1.4630081260980572, 1.1262163305485497]"
cube,19,/home/humanoid/Programs/hand/results/phase1/run_20260413_pollard_multiscene_500_run2/cube/generated_mjcf/scene_cube_tn0d0003p0d0300p0d0066_ip0d0054n0d0178p0d0087_mp0d0192p0d0156p0d0000.xml,cube_s2,True,0.012,4.0,3.0,3.0,4.60928752919305,0.054940578159583975,5.0,0.005436056291025333,0.2708182953210581,-0.0002676108759968581,0.03,0.0066165885144438795,0.005412576705262264,-0.017823917147980796,0.008714884900543628,0.01915137214570456,0.015556956133047486,0.0,"[0.01670650338203123, 1.4136920396922736, -1.1988183472931673, -0.1406929477397738, 1.5018848386318775, 1.112227418303088, 0.08524100279782254, 1.4630081260980572, 1.1262163305485497]"
cube,20,/home/humanoid/Programs/hand/results/phase1/run_20260413_pollard_multiscene_500_run2/cube/generated_mjcf/scene_cube_tp0d0119p0d0156p0d0000_ip0d0191n0d0048p0d0040_mp0d0210p0d0255p0d0060.xml,cube_s1,True,0.012,4.0,3.0,3.0,4.918074012377724,0.05022396991634427,6.0,0.007815232708486513,0.11894997049872502,0.011878016355862029,0.015582645088824804,0.0,0.01912235491129767,-0.0048039504453299044,0.004029345733712431,0.021001927162670846,0.02551714985314605,0.005957964079242099,"[0.14396919188861243, 1.4433168982123008, -0.9610501064489129, -0.21597678602589693, 1.62355791555873, 0.6894423420264776, 0.28596544965624304, 1.510907960805811, 0.9132080680226535]"
cube,21,/home/humanoid/Programs/hand/results/phase1/run_20260413_pollard_multiscene_500_run2/cube/generated_mjcf/scene_cube_tp0d0087p0d0139p0d0000_ip0d0141n0d0071p0d0000_mp0d0075p0d0251p0d0015.xml,cube_s2,True,0.012,4.0,1.0,3.0,4.082453250488773,0.049700970107924486,4.0,0.01160332110797789,0.14461304729740226,0.008656833829144266,0.01393152176773058,0.0,0.014081484383558463,-0.007149155120285933,0.0,0.007493374554517023,0.025146138389185314,0.0014736184212053513,"[0.01670650338203123, 1.4136920396922736, -1.1988183472931673, -0.1406929477397738, 1.5018848386318775, 1.112227418303088, 0.08524100279782254, 1.4630081260980572, 1.1262163305485497]"
cube,22,/home/humanoid/Programs/hand/results/phase1/run_20260413_pollard_multiscene_500_run2/cube/generated_mjcf/scene_cube_tp0d0019p0d0127p0d0006_ip0d0106n0d0222p0d0116_mp0d0117p0d0035p0d0065.xml,cube_s0,True,0.012,4.0,3.0,3.0,5.075720035629074,0.056655356917449766,6.0,0.005500187934288817,0.3679120981136668,0.001880061958230544,0.012659114549379047,0.000624533966829004,0.010562433457478078,-0.02216554463408947,0.011566624635040951,0.011713494410938587,0.003453813183943444,0.006543580829409326,"[0.04450704801781733, 1.3328962874535588, -1.1415586000720388, -0.15094057662950128, 1.5203356982523752, 1.0996771982762732, 0.03397261159793135, 1.5344387358077864, 1.0153400793182545]"
cube,23,/home/humanoid/Programs/hand/results/phase1/run_20260413_pollard_multiscene_500_run2/cube/generated_mjcf/scene_cube_tp0d0115p0d0222p0d0000_ip0d0025n0d0082p0d0000_mp0d0119p0d0178p0d0111.xml,cube_s1,True,0.012,4.0,1.0,3.0,3.9788827091605485,0.04749169389713342,5.0,0.007694936730615134,1.68129385138296,0.011478377132163497,0.02215688067970281,0.0,0.0025001851774668375,-0.008159360785995136,0.0,0.011864509420428621,0.017753740233111017,0.011098154234985145,"[0.14396919188861243, 1.4433168982123008, -0.9610501064489129, -0.21597678602589693, 1.62355791555873, 0.6894423420264776, 0.28596544965624304, 1.510907960805811, 0.9132080680226535]"
cube,24,/home/humanoid/Programs/hand/results/phase1/run_20260413_pollard_multiscene_500_run2/cube/generated_mjcf/scene_cube_tn0d0103p0d0200p0d0059_ip0d0023n0d0150p0d0000_mp0d0154p0d0054p0d0000.xml,cube_s1,True,0.012,4.0,3.0,3.0,5.168740970188385,0.0487338755654978,7.0,0.005604168518280005,0.6432270052113612,-0.010265633627282958,0.019999347767806847,0.0058583395027835584,0.0022534417713918117,-0.014986398437171538,0.0,0.015421140730618644,0.005406429282227681,0.0,"[0.14396919188861243, 1.4433168982123008, -0.9610501064489129, -0.21597678602589693, 1.62355791555873, 0.6894423420264776, 0.28596544965624304, 1.510907960805811, 0.9132080680226535]"
cube,25,/home/humanoid/Programs/hand/results/phase1/run_20260413_pollard_multiscene_500_run2/cube/generated_mjcf/scene_cube_tp0d0090p0d0193p0d0099_ip0d0164n0d0023p0d0000_mn0d0002p0d0050p0d0089.xml,cube_s0,True,0.012,4.0,3.0,3.0,5.6233585417586065,0.06538404910025158,7.0,0.006587982079706951,0.9199455024204086,0.008964543146897572,0.019335208082000274,0.009902926407381257,0.016382010825732936,-0.00233222495731762,0.0,-0.00023449027206483113,0.004987830085661232,0.008852503064335663,"[0.04450704801781733, 1.3328962874535588, -1.1415586000720388, -0.15094057662950128, 1.5203356982523752, 1.0996771982762732, 0.03397261159793135, 1.5344387358077864, 1.0153400793182545]"
cube,26,/home/humanoid/Programs/hand/results/phase1/run_20260413_pollard_multiscene_500_run2/cube/generated_mjcf/scene_cube_tp0d0032p0d0199p0d0000_ip0d0142n0d0167p0d0051_mp0d0090p0d0155p0d0070.xml,cube_s2,True,0.012,4.0,3.0,3.0,5.290570764009352,0.0526044328269996,7.0,0.004831934808291738,0.31729649776304314,0.003217679504338638,0.019917720651172473,0.0,0.014169602505454569,-0.01666758269170085,0.005061116718382677,0.009048527892815794,0.015479276653068651,0.006951977579036889,"[0.01670650338203123, 1.4136920396922736, -1.1988183472931673, -0.1406929477397738, 1.5018848386318775, 1.112227418303088, 0.08524100279782254, 1.4630081260980572, 1.1262163305485497]"
cube,27,/home/humanoid/Programs/hand/results/phase1/run_20260413_pollard_multiscene_500_run2/cube/generated_mjcf/scene_cube_tn0d0098p0d0219p0d0000_ip0d0174n0d0126p0d0117_mp0d0024p0d0264p0d0072.xml,cube_s0,True,0.012,4.0,3.0,3.0,4.969785375488657,0.05403817963843098,6.0,0.00481956436587212,0.375099937834999,-0.009774108587438862,0.02189020407976406,0.0,0.017395282043525633,-0.012567695132897762,0.011728688000827672,0.0023906397922172492,0.026412459362982414,0.0072220088786066165,"[0.04450704801781733, 1.3328962874535588, -1.1415586000720388, -0.15094057662950128, 1.5203356982523752, 1.0996771982762732, 0.03397261159793135, 1.5344387358077864, 1.0153400793182545]"
cube,28,/home/humanoid/Programs/hand/results/phase1/run_20260413_pollard_multiscene_500_run2/cube/generated_mjcf/scene_cube_tn0d0004p0d0275p0d0025_ip0d0137n0d0024p0d0000_mp0d0180p0d0125p0d0000.xml,cube_s2,True,0.012,4.0,3.0,3.0,4.980833782335871,0.052935145323485755,6.0,0.0049937835091680505,0.18940078528673215,-0.00044974808219355386,0.02752481754031125,0.002468373725786793,0.013722905535793127,-0.0023714216950226647,0.0,0.018039716895001612,0.01246355471918973,0.0,"[0.01670650338203123, 1.4136920396922736, -1.1988183472931673, -0.1406929477397738, 1.5018848386318775, 1.112227418303088, 0.08524100279782254, 1.4630081260980572, 1.1262163305485497]"
cube,29,/home/humanoid/Programs/hand/results/phase1/run_20260413_pollard_multiscene_500_run2/cube/generated_mjcf/scene_cube_tp0d0119p0d0267p0d0000_ip0d0081n0d0032p0d0000_mp0d0150p0d0222p0d0072.xml,cube_s0,True,0.012,4.0,3.0,3.0,5.31237450895758,0.051280821425449416,7.0,0.005165353010040956,0.20664316759925203,0.011856642509039624,0.026748572049833077,0.0,0.00814308151419475,-0.0032393062590768944,0.0,0.015002050165932786,0.022239710968923507,0.007180713113186753,"[0.04450704801781733, 1.3328962874535588, -1.1415586000720388, -0.15094057662950128, 1.5203356982523752, 1.0996771982762732, 0.03397261159793135, 1.5344387358077864, 1.0153400793182545]"
cube,30,/home/humanoid/Programs/hand/results/phase1/run_20260413_pollard_multiscene_500_run2/cube/generated_mjcf/scene_cube_tn0d0043p0d0271p0d0000_ip0d0067n0d0143p0d0010_mp0d0007p0d0131p0d0000.xml,cube_s2,True,0.012,4.0,3.0,3.0,4.993616374659304,0.05376377102315415,6.0,0.005159841882798011,0.2214120039785807,-0.004265118606244038,0.02711934038590531,0.0,0.006695390811629658,-0.014281245307094884,0.00099383960712395,0.0007027279729733722,0.013066747215343347,0.0,"[0.01670650338203123, 1.4136920396922736, -1.1988183472931673, -0.1406929477397738, 1.5018848386318775, 1.112227418303088, 0.08524100279782254, 1.4630081260980572, 1.1262163305485497]"
cube,31,/home/humanoid/Programs/hand/results/phase1/run_20260413_pollard_multiscene_500_run2/cube/generated_mjcf/scene_cube_tp0d0059p0d0284p0d0000_ip0d0149n0d0046p0d0116_mp0d0183p0d0135p0d0115.xml,cube_s0,True,0.012,4.0,3.0,3.0,5.0246185833653145,0.05526259451633625,6.0,0.005143403315869375,0.22163803185044265,0.005865137432337578,0.028445021893622167,0.0,0.014890858462403149,-0.004593525878528669,0.011563879748923051,0.01825097349684944,0.013478555650656308,0.011512529004231758,"[0.04450704801781733, 1.3328962874535588, -1.1415586000720388, -0.15094057662950128, 1.5203356982523752, 1.0996771982762732, 0.03397261159793135, 1.5344387358077864, 1.0153400793182545]"
cube,32,/home/humanoid/Programs/hand/results/phase1/run_20260413_pollard_multiscene_500_run2/cube/generated_mjcf/scene_cube_tp0d0114p0d0201p0d0061_ip0d0199n0d0129p0d0087_mp0d0148p0d0104p0d0064.xml,cube_s1,True,0.012,4.0,3.0,3.0,4.876398826451139,0.05042268845347979,6.0,0.005703415199007169,0.372412309454125,0.011375625716456523,0.020088247500813894,0.006082716926013726,0.019932104024155912,-0.012872470272749927,0.008730869786330038,0.014837645585484947,0.010354182143389382,0.006423654479603365,"[0.14396919188861243, 1.4433168982123008, -0.9610501064489129, -0.21597678602589693, 1.62355791555873, 0.6894423420264776, 0.28596544965624304, 1.510907960805811, 0.9132080680226535]"
cube,33,/home/humanoid/Programs/hand/results/phase1/run_20260413_pollard_multiscene_500_run2/cube/generated_mjcf/scene_cube_tp0d0017p0d0103p0d0000_in0d0002n0d0129p0d0000_mp0d0082p0d0174p0d0000.xml,cube_s1,True,0.012,4.0,3.0,3.0,4.506791182243606,0.0492277437495073,6.0,0.007098953654353102,1.4969613676637588,0.0016964348606279787,0.01025228368239935,0.0,-0.00023021567845265753,-0.012871992882792106,0.0,0.008169698631290736,0.017371208486178825,0.0,"[0.14396919188861243, 1.4433168982123008, -0.9610501064489129, -0.21597678602589693, 1.62355791555873, 0.6894423420264776, 0.28596544965624304, 1.510907960805811, 0.9132080680226535]"
cube,34,/home/humanoid/Programs/hand/results/phase1/run_20260413_pollard_multiscene_500_run2/cube/generated_mjcf/scene_cube_tp0d0104p0d0244p0d0078_ip0d0195n0d0103p0d0000_mp0d0151p0d0170p0d0078.xml,cube_s2,True,0.012,4.0,3.0,3.0,4.988575549215225,0.053644842796558206,6.0,0.005228653907260662,0.12820068644070629,0.010410453838964225,0.024417210753800794,0.0077707526014265185,0.01952322957433024,-0.010300318873836577,0.0,0.015075683778826192,0.016956620502320593,0.007822973332089582,"[0.01670650338203123, 1.4136920396922736, -1.1988183472931673, -0.1406929477397738, 1.5018848386318775, 1.112227418303088, 0.08524100279782254, 1.4630081260980572, 1.1262163305485497]"
cube,35,/home/humanoid/Programs/hand/results/phase1/run_20260413_pollard_multiscene_500_run2/cube/generated_mjcf/scene_cube_tp0d0008p0d0275p0d0119_ip0d0064n0d0202p0d0000_mp0d0161p0d0138p0d0021.xml,cube_s2,True,0.012,4.0,3.0,3.0,4.800781066140229,0.04972924179481668,7.0,0.0052417982976754604,2.976313251169301,0.0007718513633842589,0.027517858288740617,0.011928247033739802,0.006413315472829315,-0.02019548543950382,0.0,0.016073199756776235,0.013841494364599355,0.0021211226263011564,"[0.01670650338203123, 1.4136920396922736, -1.1988183472931673, -0.1406929477397738, 1.5018848386318775, 1.112227418303088, 0.08524100279782254, 1.4630081260980572, 1.1262163305485497]"
cube,36,/home/humanoid/Programs/hand/results/phase1/run_20260413_pollard_multiscene_500_run2/cube/generated_mjcf/scene_cube_tn0d0089p0d0254p0d0000_ip0d0026n0d0036p0d0015_mp0d0096p0d0249p0d0000.xml,cube_s1,True,0.012,4.0,3.0,3.0,4.891246659443535,0.050712142377690055,6.0,0.005616128394776328,0.32181427117367534,-0.008943396673879896,0.025426964262415527,0.0,0.0025748214496964378,-0.0035892000340033304,0.0015459077068942575,0.00962797461631001,0.02487177036596363,0.0,"[0.14396919188861243, 1.4433168982123008, -0.9610501064489129, -0.21597678602589693, 1.62355791555873, 0.6894423420264776, 0.28596544965624304, 1.510907960805811, 0.9132080680226535]"
cube,37,/home/humanoid/Programs/hand/results/phase1/run_20260413_pollard_multiscene_500_run2/cube/generated_mjcf/scene_cube_tp0d0047p0d0159p0d0000_ip0d0142n0d0156p0d0000_mp0d0206p0d0081p0d0003.xml,cube_s1,True,0.012,4.0,3.0,3.0,4.526356754409824,0.0484776631409866,6.0,0.005018929952600316,2.116261097396974,0.004707706808181427,0.01587157495435046,0.0,0.014195167599214695,-0.015592273179289533,0.0,0.02064826636550051,0.008083160176307667,0.00029216778810564094,"[0.14396919188861243, 1.4433168982123008, -0.9610501064489129, -0.21597678602589693, 1.62355791555873, 0.6894423420264776, 0.28596544965624304, 1.510907960805811, 0.9132080680226535]"
cube,38,/home/humanoid/Programs/hand/results/phase1/run_20260413_pollard_multiscene_500_run2/cube/generated_mjcf/scene_cube_tn0d0114p0d0119p0d0092_ip0d0169n0d0109p0d0000_mp0d0114p0d0036p0d0051.xml,cube_s0,True,0.012,4.0,3.0,3.0,4.566809534298725,0.05340908289367346,5.0,0.006908387848500781,0.4475134104488022,-0.011423683183887617,0.011920834187286948,0.009202049607205488,0.01694194115806423,-0.010935948238704234,0.0,0.011385941982911355,0.0035915166267267012,0.005111847142510097,"[0.04450704801781733, 1.3328962874535588, -1.1415586000720388, -0.15094057662950128, 1.5203356982523752, 1.0996771982762732, 0.03397261159793135, 1.5344387358077864, 1.0153400793182545]"
cube,39,/home/humanoid/Programs/hand/results/phase1/run_20260413_pollard_multiscene_500_run2/cube/generated_mjcf/scene_cube_tp0d0052p0d0235p0d0027_in0d0002n0d0184p0d0018_mp0d0075p0d0271p0d0102.xml,cube_s1,True,0.012,4.0,3.0,3.0,4.393768103090252,0.04866741416885251,6.0,0.007528125278951474,1.6785935131972927,0.005202016333529475,0.023505080565592515,0.002672128422604829,-0.00023080561701109906,-0.018386256742776587,0.0017850731543503657,0.007460482384693542,0.027108557485954678,0.010169888577004349,"[0.14396919188861243, 1.4433168982123008, -0.9610501064489129, -0.21597678602589693, 1.62355791555873, 0.6894423420264776, 0.28596544965624304, 1.510907960805811, 0.9132080680226535]"
cube,40,/home/humanoid/Programs/hand/results/phase1/run_20260413_pollard_multiscene_500_run2/cube/generated_mjcf/scene_cube_tn0d0084p0d0222p0d0047_ip0d0013n0d0168p0d0052_mp0d0196p0d0115p0d0000.xml,cube_s0,True,0.012,4.0,3.0,3.0,4.973319528770114,0.055112812697590156,6.0,0.005194750684617667,0.46039038491791096,-0.008351810339459111,0.022159054223588735,0.004709162546482959,0.0012770419432212663,-0.016797704469571892,0.005182028326211865,0.019626594242148077,0.011501823604947245,0.0,"[0.04450704801781733, 1.3328962874535588, -1.1415586000720388, -0.15094057662950128, 1.5203356982523752, 1.0996771982762732, 0.03397261159793135, 1.5344387358077864, 1.0153400793182545]"
cube,41,/home/humanoid/Programs/hand/results/phase1/run_20260413_pollard_multiscene_500_run2/cube/generated_mjcf/scene_cube_tp0d0077p0d0220p0d0000_ip0d0041n0d0226p0d0000_mp0d0119p0d0079p0d0114.xml,cube_s2,True,0.012,4.0,1.0,3.0,3.976433250218335,0.05120604168686205,6.0,0.004992053127654456,6.0153183549246325,0.007723008065525151,0.022039584325416278,0.0,0.0041476005142694165,-0.022556199632440297,0.0,0.011919284333538276,0.007886646563041794,0.011412791482243691,"[0.01670650338203123, 1.4136920396922736, -1.1988183472931673, -0.1406929477397738, 1.5018848386318775, 1.112227418303088, 0.08524100279782254, 1.4630081260980572, 1.1262163305485497]"
cube,42,/home/humanoid/Programs/hand/results/phase1/run_20260413_pollard_multiscene_500_run2/cube/generated_mjcf/scene_cube_tn0d0094p0d0189p0d0000_ip0d0036n0d0063p0d0034_mp0d0154p0d0053p0d0000.xml,cube_s1,True,0.012,4.0,3.0,3.0,4.872458288386001,0.048259638175332534,6.0,0.004988597387066545,0.014611694290533613,-0.009420546518732465,0.0188501309198506,0.0,0.003575475406852743,-0.00632986259990556,0.003448914289927449,0.015418184441244877,0.005287405821515873,0.0,"[0.14396919188861243, 1.4433168982123008, -0.9610501064489129, -0.21597678602589693, 1.62355791555873, 0.6894423420264776, 0.28596544965624304, 1.510907960805811, 0.9132080680226535]"
cube,43,/home/humanoid/Programs/hand/results/phase1/run_20260413_pollard_multiscene_500_run2/cube/generated_mjcf/scene_cube_tp0d0005p0d0182p0d0000_ip0d0027n0d0016p0d0000_mp0d0184p0d0230p0d0000.xml,cube_s2,True,0.012,4.0,3.0,3.0,4.917833916849283,0.050062536444743455,6.0,0.006963746412615881,0.0801963142585873,0.00047599378402156216,0.018241307449525786,0.0,0.0026566589176190373,-0.001619408440688962,0.0,0.018449255979106606,0.02303129181754656,0.0,"[0.01670650338203123, 1.4136920396922736, -1.1988183472931673, -0.1406929477397738, 1.5018848386318775, 1.112227418303088, 0.08524100279782254, 1.4630081260980572, 1.1262163305485497]"
cube,44,/home/humanoid/Programs/hand/results/phase1/run_20260413_pollard_multiscene_500_run2/cube/generated_mjcf/scene_cube_tn0d0008p0d0278p0d0043_ip0d0181n0d0061p0d0046_mp0d0199p0d0230p0d0000.xml,cube_s2,True,0.012,4.0,3.0,3.0,4.93115079129771,0.05141101431905967,6.0,0.005263895434934006,0.27235181224390154,-0.000797195523737677,0.027776043383598063,0.0043364718136851,0.018086649674297704,-0.006117681940029028,0.004590515506574511,0.019911378544165075,0.023047371194270132,0.0,"[0.01670650338203123, 1.4136920396922736, -1.1988183472931673, -0.1406929477397738, 1.5018848386318775, 1.112227418303088, 0.08524100279782254, 1.4630081260980572, 1.1262163305485497]"
cube,45,/home/humanoid/Programs/hand/results/phase1/run_20260413_pollard_multiscene_500_run2/cube/generated_mjcf/scene_cube_tp0d0060p0d0101p0d0000_ip0d0075n0d0194p0d0105_mp0d0003p0d0034p0d0000.xml,cube_s1,True,0.012,4.0,2.0,3.0,4.383218142849995,0.048834515007056975,6.0,0.0050913891155711,2.5720295243861937,0.005957382601949876,0.010080351754749027,0.0,0.007522045291682206,-0.019447965744588368,0.010509722607263742,0.00027464028066800754,0.0034175859597258135,0.0,"[0.14396919188861243, 1.4433168982123008, -0.9610501064489129, -0.21597678602589693, 1.62355791555873, 0.6894423420264776, 0.28596544965624304, 1.510907960805811, 0.9132080680226535]"
cube,46,/home/humanoid/Programs/hand/results/phase1/run_20260413_pollard_multiscene_500_run2/cube/generated_mjcf/scene_cube_tp0d0118p0d0144p0d0079_ip0d0022n0d0102p0d0110_mp0d0152p0d0268p0d0018.xml,cube_s1,True,0.012,4.0,1.0,3.0,3.721608002054802,0.05046713695192602,4.0,0.008406902668461448,0.1413829256038421,0.011777873237789328,0.014352683081322558,0.007936662372425542,0.0021547272884911706,-0.010226919484838934,0.011001824044305407,0.01519631762957937,0.026832191404283674,0.0017893595781369523,"[0.14396919188861243, 1.4433168982123008, -0.9610501064489129, -0.21597678602589693, 1.62355791555873, 0.6894423420264776, 0.28596544965624304, 1.510907960805811, 0.9132080680226535]"
cube,47,/home/humanoid/Programs/hand/results/phase1/run_20260413_pollard_multiscene_500_run2/cube/generated_mjcf/scene_cube_tp0d0116p0d0281p0d0067_ip0d0193n0d0091p0d0000_mp0d0107p0d0087p0d0067.xml,cube_s2,True,0.012,4.0,3.0,3.0,4.4946385557221715,0.05193232787671638,5.0,0.0059195802090866575,0.35982436911394183,0.011600032957282114,0.028089128761280092,0.006677957426446279,0.019323757285876007,-0.0091442035857212,0.0,0.010678778561367832,0.008736009496376724,0.006661058973160928,"[0.01670650338203123, 1.4136920396922736, -1.1988183472931673, -0.1406929477397738, 1.5018848386318775, 1.112227418303088, 0.08524100279782254, 1.4630081260980572, 1.1262163305485497]"
cube,48,/home/humanoid/Programs/hand/results/phase1/run_20260413_pollard_multiscene_500_run2/cube/generated_mjcf/scene_cube_tn0d0079p0d0219p0d0009_ip0d0141n0d0060p0d0000_mp0d0130p0d0132p0d0027.xml,cube_s2,True,0.012,4.0,3.0,3.0,4.963792531253524,0.051313822680479446,6.0,0.005683244999292024,0.07544676880984139,-0.007918115961243205,0.02185275077567818,0.0008615743098987442,0.014125667283464571,-0.006048321632033999,0.0,0.012998583080031604,0.013234941179164626,0.0027408344560308894,"[0.01670650338203123, 1.4136920396922736, -1.1988183472931673, -0.1406929477397738, 1.5018848386318775, 1.112227418303088, 0.08524100279782254, 1.4630081260980572, 1.1262163305485497]"
cube,49,/home/humanoid/Programs/hand/results/phase1/run_20260413_pollard_multiscene_500_run2/cube/generated_mjcf/scene_cube_tp0d0047p0d0221p0d0056_ip0d0105n0d0132p0d0000_mp0d0035p0d0200p0d0047.xml,cube_s0,True,0.012,4.0,3.0,3.0,5.065683267736159,0.0501878190656887,7.0,0.004934003625606711,1.5955294791451076,0.004655629035515887,0.022051510058254925,0.005589265844609163,0.010480606172911551,-0.013191172580897479,0.0,0.003499640079920957,0.019987250546203643,0.004697072467498984,"[0.04450704801781733, 1.3328962874535588, -1.1415586000720388, -0.15094057662950128, 1.5203356982523752, 1.0996771982762732, 0.03397261159793135, 1.5344387358077864, 1.0153400793182545]"
cube,50,/home/humanoid/Programs/hand/results/phase1/run_20260413_pollard_multiscene_500_run2/cube/generated_mjcf/scene_cube_tn0d0073p0d0300p0d0041_ip0d0107n0d0041p0d0000_mp0d0094p0d0095p0d0000.xml,cube_s2,True,0.012,4.0,3.0,3.0,5.30494912458141,0.051672459141470534,7.0,0.004980918387403719,0.36320318568094595,-0.007308419688561688,0.03,0.004107618726945504,0.01074918695703583,-0.004111791562920778,0.0,0.009422676882407844,0.009498585601860884,0.0,"[0.01670650338203123, 1.4136920396922736, -1.1988183472931673, -0.1406929477397738, 1.5018848386318775, 1.112227418303088, 0.08524100279782254, 1.4630081260980572, 1.1262163305485497]"
cube,51,/home/humanoid/Programs/hand/results/phase1/run_20260413_pollard_multiscene_500_run2/cube/generated_mjcf/scene_cube_tp0d0051p0d0283p0d0043_ip0d0069n0d0105p0d0015_mp0d0205p0d0126p0d0000.xml,cube_s2,True,0.012,4.0,3.0,3.0,4.922138304582403,0.0499390208760427,6.0,0.004973985668176674,0.07656554027740868,0.00507889389314202,0.02825866323773702,0.004267170674303017,0.006851716400702805,-0.010482669810742749,0.0015218993681757591,0.020477586003383057,0.012604181086936542,0.0,"[0.01670650338203123, 1.4136920396922736, -1.1988183472931673, -0.1406929477397738, 1.5018848386318775, 1.112227418303088, 0.08524100279782254, 1.4630081260980572, 1.1262163305485497]"
cube,52,/home/humanoid/Programs/hand/results/phase1/run_20260413_pollard_multiscene_500_run2/cube/generated_mjcf/scene_cube_tp0d0090p0d0295p0d0000_ip0d0028n0d0090p0d0069_mp0d0126p0d0079p0d0000.xml,cube_s2,True,0.012,4.0,3.0,3.0,4.906963337686844,0.05464488106705147,6.0,0.005047937549647792,0.5170730719948233,0.00904638943989626,0.029473483925284844,0.0,0.0027573767401475767,-0.009029192313612964,0.006932283735236109,0.012560620161773211,0.007898140707037397,0.0,"[0.01670650338203123, 1.4136920396922736, -1.1988183472931673, -0.1406929477397738, 1.5018848386318775, 1.112227418303088, 0.08524100279782254, 1.4630081260980572, 1.1262163305485497]"
cube,53,/home/humanoid/Programs/hand/results/phase1/run_20260413_pollard_multiscene_500_run2/cube/generated_mjcf/scene_cube_tp0d0001p0d0276p0d0000_in0d0002n0d0111p0d0000_mn0d0004p0d0219p0d0077.xml,cube_s2,True,0.012,4.0,3.0,3.0,4.944037163395094,0.05248190092037905,6.0,0.00502092539305394,0.18989700319290184,0.00014334321756440463,0.027572249759816276,0.0,-0.00019681532305319306,-0.011074920100960688,0.0,-0.0003818307083775299,0.021858350352990434,0.00770943854587014,"[0.01670650338203123, 1.4136920396922736, -1.1988183472931673, -0.1406929477397738, 1.5018848386318775, 1.112227418303088, 0.08524100279782254, 1.4630081260980572, 1.1262163305485497]"
cube,54,/home/humanoid/Programs/hand/results/phase1/run_20260413_pollard_multiscene_500_run2/cube/generated_mjcf/scene_cube_tn0d0024p0d0151p0d0000_ip0d0067n0d0105p0d0007_mp0d0065p0d0186p0d0042.xml,cube_s1,True,0.012,4.0,3.0,3.0,4.825369403453144,0.05040411253674937,6.0,0.006468432274873873,0.5724713257390154,-0.0024399467736423517,0.015057832644038826,0.0,0.006663314219880421,-0.01045421656520971,0.0006676818746994568,0.006528380348144711,0.018598103501716354,0.004218418606739039,"[0.14396919188861243, 1.4433168982123008, -0.9610501064489129, -0.21597678602589693, 1.62355791555873, 0.6894423420264776, 0.28596544965624304, 1.510907960805811, 0.9132080680226535]"
cube,55,/home/humanoid/Programs/hand/results/phase1/run_20260413_pollard_multiscene_500_run2/cube/generated_mjcf/scene_cube_tp0d0014p0d0173p0d0030_ip0d0122n0d0161p0d0000_mp0d0111p0d0180p0d0027.xml,cube_s0,True,0.012,4.0,3.0,3.0,5.037376668431538,0.049945328642819906,7.0,0.004901893906076038,1.8493627189437876,0.0013986947514008224,0.017295077961244975,0.0029736667665392225,0.012205666797138652,-0.016132227422864007,0.0,0.011097973096462878,0.017996201736044416,0.00265916253412341,"[0.04450704801781733, 1.3328962874535588, -1.1415586000720388, -0.15094057662950128, 1.5203356982523752, 1.0996771982762732, 0.03397261159793135, 1.5344387358077864, 1.0153400793182545]"
cube,56,/home/humanoid/Programs/hand/results/phase1/run_20260413_pollard_multiscene_500_run2/cube/generated_mjcf/scene_cube_tn0d0028p0d0216p0d0117_ip0d0083n0d0041p0d0000_mp0d0190p0d0259p0d0000.xml,cube_s2,True,0.012,4.0,3.0,3.0,4.919882670196385,0.05027821994785107,6.0,0.006628534204462435,0.06433837608994593,-0.002811887786451483,0.021578573773190127,0.011658471244714058,0.008272588457054841,-0.004067646849840225,0.0,0.019005478088847325,0.02590094773271727,0.0,"[0.01670650338203123, 1.4136920396922736, -1.1988183472931673, -0.1406929477397738, 1.5018848386318775, 1.112227418303088, 0.08524100279782254, 1.4630081260980572, 1.1262163305485497]"
cube,57,/home/humanoid/Programs/hand/results/phase1/run_20260413_pollard_multiscene_500_run2/cube/generated_mjcf/scene_cube_tn0d0117p0d0196p0d0000_ip0d0213n0d0028p0d0111_mp0d0125p0d0157p0d0080.xml,cube_s0,True,0.012,4.0,3.0,3.0,4.838965686560949,0.05026388323844675,6.0,0.004740215227003988,0.5100551392475056,-0.011709566023867376,0.019592201922411186,0.0,0.021319150102846428,-0.00275523755717884,0.01105595726232652,0.012492871785778067,0.015663848805663412,0.00798522838512554,"[0.04450704801781733, 1.3328962874535588, -1.1415586000720388, -0.15094057662950128, 1.5203356982523752, 1.0996771982762732, 0.03397261159793135, 1.5344387358077864, 1.0153400793182545]"
cube,58,/home/humanoid/Programs/hand/results/phase1/run_20260413_pollard_multiscene_500_run2/cube/generated_mjcf/scene_cube_tp0d0037p0d0140p0d0104_ip0d0086n0d0057p0d0000_mp0d0024p0d0104p0d0018.xml,cube_s0,True,0.012,4.0,3.0,3.0,5.074619488860265,0.06121032220770883,6.0,0.006178107775259074,1.022947314328651,0.0036563751765365075,0.013965384232813884,0.010422864918188692,0.008552786799172752,-0.005734650520576824,2.251096772368233e-05,0.002400549834523061,0.010402244328225918,0.0017858584512676114,"[0.04450704801781733, 1.3328962874535588, -1.1415586000720388, -0.15094057662950128, 1.5203356982523752, 1.0996771982762732, 0.03397261159793135, 1.5344387358077864, 1.0153400793182545]"
cube,59,/home/humanoid/Programs/hand/results/phase1/run_20260413_pollard_multiscene_500_run2/cube/generated_mjcf/scene_cube_tn0d0086p0d0083p0d0000_ip0d0163n0d0096p0d0000_mp0d0152p0d0149p0d0120.xml,cube_s0,True,0.012,4.0,3.0,3.0,4.957206685545745,0.0537329965084403,6.0,0.006958023519966505,0.23466173742040403,-0.008567949977657268,0.008329708606795487,0.0,0.01629273212462127,-0.00956022543017069,0.0,0.01521378254309184,0.014928351194636959,0.011988032454168646,"[0.04450704801781733, 1.3328962874535588, -1.1415586000720388, -0.15094057662950128, 1.5203356982523752, 1.0996771982762732, 0.03397261159793135, 1.5344387358077864, 1.0153400793182545]"
cube,60,/home/humanoid/Programs/hand/results/phase1/run_20260413_pollard_multiscene_500_run2/cube/generated_mjcf/scene_cube_tp0d0066p0d0279p0d0000_ip0d0017n0d0195p0d0000_mp0d0103p0d0080p0d0067.xml,cube_s2,True,0.012,4.0,1.0,3.0,2.302124807162942,0.04934389566847942,4.0,0.011345537322950126,6.387641105297762,0.006624759658674734,0.027935154590522218,0.0,0.0016550791083715342,-0.019516706181432,0.0,0.010291578870901609,0.007970624345573628,0.006718674503725958,"[0.01670650338203123, 1.4136920396922736, -1.1988183472931673, -0.1406929477397738, 1.5018848386318775, 1.112227418303088, 0.08524100279782254, 1.4630081260980572, 1.1262163305485497]"
cube,61,/home/humanoid/Programs/hand/results/phase1/run_20260413_pollard_multiscene_500_run2/cube/generated_mjcf/scene_cube_tp0d0088p0d0156p0d0002_ip0d0123n0d0070p0d0000_mp0d0047p0d0208p0d0016.xml,cube_s2,True,0.012,4.0,2.0,3.0,4.03946097961894,0.049874961930274395,4.0,0.009921704260189247,0.44524765556760565,0.008842347706013512,0.015584119658245781,0.00019354072215095955,0.012264990460306213,-0.006962923825653033,0.0,0.004740905473675754,0.020836943900601666,0.001636615543023039,"[0.01670650338203123, 1.4136920396922736, -1.1988183472931673, -0.1406929477397738, 1.5018848386318775, 1.112227418303088, 0.08524100279782254, 1.4630081260980572, 1.1262163305485497]"
cube,62,/home/humanoid/Programs/hand/results/phase1/run_20260413_pollard_multiscene_500_run2/cube/generated_mjcf/scene_cube_tp0d0096p0d0187p0d0000_ip0d0054n0d0187p0d0036_mp0d0044p0d0240p0d0000.xml,cube_s0,True,0.012,4.0,3.0,3.0,5.287878654000961,0.04986148890306753,7.0,0.004835774844007496,0.2577018933641599,0.009598699042534763,0.018748600687729843,0.0,0.005356173220736853,-0.018747058256286107,0.0036183920343215593,0.004352464043744693,0.023994612495433137,0.0,"[0.04450704801781733, 1.3328962874535588, -1.1415586000720388, -0.15094057662950128, 1.5203356982523752, 1.0996771982762732, 0.03397261159793135, 1.5344387358077864, 1.0153400793182545]"
cube,63,/home/humanoid/Programs/hand/results/phase1/run_20260413_pollard_multiscene_500_run2/cube/generated_mjcf/scene_cube_tp0d0042p0d0216p0d0031_ip0d0195n0d0202p0d0000_mp0d0009p0d0051p0d0008.xml,cube_s1,True,0.012,4.0,3.0,3.0,4.625820668308034,0.04792638086013741,6.0,0.007214448222051403,1.0776071288885656,0.0041606311494035465,0.021636419405641566,0.0030830111490938,0.019490002615164113,-0.020220277164734096,0.0,0.00092565331204735,0.005134536502037207,0.0008215445664897757,"[0.14396919188861243, 1.4433168982123008, -0.9610501064489129, -0.21597678602589693, 1.62355791555873, 0.6894423420264776, 0.28596544965624304, 1.510907960805811, 0.9132080680226535]"
cube,64,/home/humanoid/Programs/hand/results/phase1/run_20260413_pollard_multiscene_500_run2/cube/generated_mjcf/scene_cube_tn0d0080p0d0274p0d0000_ip0d0070n0d0129p0d0000_mp0d0065p0d0086p0d0000.xml,cube_s2,True,0.012,4.0,3.0,3.0,4.590205653839507,0.05248059104164478,5.0,0.005385621779685862,0.0911511344078174,-0.008022452353145467,0.027372030322243758,0.0,0.006990567321636585,-0.012943104686674348,0.0,0.006541749268414972,0.008646994452682851,0.0,"[0.01670650338203123, 1.4136920396922736, -1.1988183472931673, -0.1406929477397738, 1.5018848386318775, 1.112227418303088, 0.08524100279782254, 1.4630081260980572, 1.1262163305485497]"
cube,65,/home/humanoid/Programs/hand/results/phase1/run_20260413_pollard_multiscene_500_run2/cube/generated_mjcf/scene_cube_tp0d0102p0d0180p0d0000_ip0d0127n0d0084p0d0038_mp0d0000p0d0173p0d0057.xml,cube_s0,True,0.012,4.0,3.0,3.0,4.709524857859979,0.052535548016156806,6.0,0.0048992662826572225,1.0379396076105782,0.010244905457486197,0.01801220879143583,0.0,0.012668186858420182,-0.008360595438035868,0.003846637078264433,3.421521337633286e-05,0.01726566189683254,0.005662166397551415,"[0.04450704801781733, 1.3328962874535588, -1.1415586000720388, -0.15094057662950128, 1.5203356982523752, 1.0996771982762732, 0.03397261159793135, 1.5344387358077864, 1.0153400793182545]"
cube,66,/home/humanoid/Programs/hand/results/phase1/run_20260413_pollard_multiscene_500_run2/cube/generated_mjcf/scene_cube_tp0d0071p0d0221p0d0000_ip0d0000n0d0165p0d0103_mp0d0093p0d0248p0d0000.xml,cube_s0,True,0.012,4.0,3.0,3.0,4.734652850349911,0.049751030140646905,7.0,0.004856545714040383,3.157801822679643,0.00709364078744279,0.022124822046544465,0.0,9.767773522696352e-06,-0.01654671136546037,0.010261411427183106,0.009342820692003578,0.024791373771543557,0.0,"[0.04450704801781733, 1.3328962874535588, -1.1415586000720388, -0.15094057662950128, 1.5203356982523752, 1.0996771982762732, 0.03397261159793135, 1.5344387358077864, 1.0153400793182545]"
cube,67,/home/humanoid/Programs/hand/results/phase1/run_20260413_pollard_multiscene_500_run2/cube/generated_mjcf/scene_cube_tp0d0061p0d0196p0d0050_ip0d0056n0d0029p0d0000_mn0d0019p0d0206p0d0042.xml,cube_s1,True,0.012,4.0,2.0,3.0,4.369124298395655,0.04935858648182424,5.0,0.006920539904960191,0.5970962745904373,0.006122834557443047,0.019643052216551368,0.005008854274377212,0.00561230264001231,-0.002943233672719108,0.0,-0.0018517561091773247,0.02060797886680421,0.004238507117869911,"[0.14396919188861243, 1.4433168982123008, -0.9610501064489129, -0.21597678602589693, 1.62355791555873, 0.6894423420264776, 0.28596544965624304, 1.510907960805811, 0.9132080680226535]"
cube,68,/home/humanoid/Programs/hand/results/phase1/run_20260413_pollard_multiscene_500_run2/cube/generated_mjcf/scene_cube_tp0d0038p0d0245p0d0021_ip0d0008n0d0082p0d0000_mp0d0024p0d0134p0d0000.xml,cube_s2,True,0.012,4.0,3.0,3.0,4.883262241778987,0.05242847990239628,6.0,0.005176101123791754,0.3210021721191155,0.0037656347982162504,0.024497960055519838,0.002070341064443596,0.0007666948738843469,-0.008239110662878768,0.0,0.002388229094912815,0.013401081724688357,0.0,"[0.01670650338203123, 1.4136920396922736, -1.1988183472931673, -0.1406929477397738, 1.5018848386318775, 1.112227418303088, 0.08524100279782254, 1.4630081260980572, 1.1262163305485497]"
cube,69,/home/humanoid/Programs/hand/results/phase1/run_20260413_pollard_multiscene_500_run2/cube/generated_mjcf/scene_cube_tn0d0091p0d0182p0d0030_ip0d0071n0d0073p0d0000_mp0d0015p0d0213p0d0040.xml,cube_s1,True,0.012,4.0,3.0,3.0,4.93489990426341,0.05229332534702204,6.0,0.005076176741549496,0.2327876152824496,-0.009144836102051577,0.018246982496957297,0.0029668138469602177,0.007059122356778417,-0.007296012401118981,0.0,0.001451806534502163,0.021273596267723675,0.004049475114289318,"[0.14396919188861243, 1.4433168982123008, -0.9610501064489129, -0.21597678602589693, 1.62355791555873, 0.6894423420264776, 0.28596544965624304, 1.510907960805811, 0.9132080680226535]"
cube,70,/home/humanoid/Programs/hand/results/phase1/run_20260413_pollard_multiscene_500_run2/cube/generated_mjcf/scene_cube_tn0d0017p0d0113p0d0039_ip0d0160n0d0204p0d0045_mp0d0065p0d0253p0d0060.xml,cube_s1,True,0.012,4.0,3.0,3.0,5.297502909599001,0.0491948771144248,7.0,0.00539907890781572,0.042080318552255545,-0.001695103360925699,0.011282414835625114,0.003928409743895453,0.015998937998229143,-0.020365376323012177,0.004543241686324421,0.006535290073162862,0.025262846757352395,0.006036952502601393,"[0.14396919188861243, 1.4433168982123008, -0.9610501064489129, -0.21597678602589693, 1.62355791555873, 0.6894423420264776, 0.28596544965624304, 1.510907960805811, 0.9132080680226535]"
cube,71,/home/humanoid/Programs/hand/results/phase1/run_20260413_pollard_multiscene_500_run2/cube/generated_mjcf/scene_cube_tn0d0054p0d0300p0d0000_ip0d0024n0d0185p0d0056_mp0d0106p0d0144p0d0000.xml,cube_s2,True,0.012,4.0,3.0,3.0,4.198622201696568,0.053797657900749696,4.0,0.006236728504278078,0.2984142390819767,-0.0054304519143984886,0.03,0.0,0.002435776347481558,-0.01849432869246876,0.005569922000877223,0.010628032732038916,0.01444500978945759,0.0,"[0.01670650338203123, 1.4136920396922736, -1.1988183472931673, -0.1406929477397738, 1.5018848386318775, 1.112227418303088, 0.08524100279782254, 1.4630081260980572, 1.1262163305485497]"
cube,72,/home/humanoid/Programs/hand/results/phase1/run_20260413_pollard_multiscene_500_run2/cube/generated_mjcf/scene_cube_tp0d0062p0d0108p0d0000_ip0d0174n0d0135p0d0090_mp0d0124p0d0222p0d0000.xml,cube_s1,True,0.012,4.0,1.0,3.0,3.78246476985535,0.04846102388310805,4.0,0.011483998947669825,1.0215481536749416,0.006155210648630671,0.010810553793238229,0.0,0.01735264766979943,-0.013474860852813792,0.009043625678390614,0.012439938501574144,0.022249071527001167,0.0,"[0.14396919188861243, 1.4433168982123008, -0.9610501064489129, -0.21597678602589693, 1.62355791555873, 0.6894423420264776, 0.28596544965624304, 1.510907960805811, 0.9132080680226535]"
cube,73,/home/humanoid/Programs/hand/results/phase1/run_20260413_pollard_multiscene_500_run2/cube/generated_mjcf/scene_cube_tn0d0044p0d0170p0d0000_ip0d0093n0d0046p0d0000_mp0d0184p0d0246p0d0000.xml,cube_s1,True,0.012,4.0,3.0,3.0,4.876838270193129,0.04923357752137261,6.0,0.006844306650299983,0.13904004497980305,-0.004410675175764798,0.017040945243216383,0.0,0.009339208587460731,-0.004560812218020674,0.0,0.018435661951111647,0.02463711105944183,0.0,"[0.14396919188861243, 1.4433168982123008, -0.9610501064489129, -0.21597678602589693, 1.62355791555873, 0.6894423420264776, 0.28596544965624304, 1.510907960805811, 0.9132080680226535]"
cube,74,/home/humanoid/Programs/hand/results/phase1/run_20260413_pollard_multiscene_500_run2/cube/generated_mjcf/scene_cube_tn0d0118p0d0150p0d0000_ip0d0213n0d0226p0d0068_mp0d0094p0d0064p0d0000.xml,cube_s2,True,0.012,4.0,3.0,3.0,5.266998929019755,0.05050639983393862,7.0,0.0049242026833424745,0.453738485946325,-0.011774631129091623,0.015026071347668844,0.0,0.021290785761964172,-0.022586193670716414,0.006751326365479232,0.00941019888610549,0.00641696459455523,0.0,"[0.01670650338203123, 1.4136920396922736, -1.1988183472931673, -0.1406929477397738, 1.5018848386318775, 1.112227418303088, 0.08524100279782254, 1.4630081260980572, 1.1262163305485497]"
cube,75,/home/humanoid/Programs/hand/results/phase1/run_20260413_pollard_multiscene_500_run2/cube/generated_mjcf/scene_cube_tn0d0029p0d0138p0d0000_ip0d0081n0d0012p0d0000_mp0d0208p0d0040p0d0000.xml,cube_s1,True,0.012,4.0,3.0,3.0,4.928684997243008,0.05078650234420576,6.0,0.006061777401433931,0.1695689414913695,-0.0028583662300581437,0.0138457400072515,0.0,0.008078051948861801,-0.0012057265220458985,0.0,0.02080324029069562,0.0040327697180053326,0.0,"[0.14396919188861243, 1.4433168982123008, -0.9610501064489129, -0.21597678602589693, 1.62355791555873, 0.6894423420264776, 0.28596544965624304, 1.510907960805811, 0.9132080680226535]"
cube,76,/home/humanoid/Programs/hand/results/phase1/run_20260413_pollard_multiscene_500_run2/cube/generated_mjcf/scene_cube_tn0d0113p0d0240p0d0000_ip0d0118n0d0052p0d0000_mp0d0039p0d0207p0d0000.xml,cube_s0,True,0.012,4.0,3.0,3.0,4.908469068874073,0.04998599134451102,6.0,0.004822618868392495,0.16412215199093555,-0.011332418251265538,0.023982671318296504,0.0,0.011834084351033164,-0.005211212745469809,0.0,0.0038962598250180834,0.020709806091373795,0.0,"[0.04450704801781733, 1.3328962874535588, -1.1415586000720388, -0.15094057662950128, 1.5203356982523752, 1.0996771982762732, 0.03397261159793135, 1.5344387358077864, 1.0153400793182545]"
cube,77,/home/humanoid/Programs/hand/results/phase1/run_20260413_pollard_multiscene_500_run2/cube/generated_mjcf/scene_cube_tn0d0084p0d0101p0d0057_ip0d0186n0d0029p0d0002_mp0d0017p0d0087p0d0000.xml,cube_s0,True,0.012,4.0,3.0,3.0,4.927846238215164,0.0650707874319917,5.0,0.006823393641897304,0.5067995326139219,-0.008418956494816787,0.010098682819272528,0.005692020027346097,0.018649896037094195,-0.00293131012119569,0.00024213617963288712,0.0016829095927515317,0.00871577789468347,0.0,"[0.04450704801781733, 1.3328962874535588, -1.1415586000720388, -0.15094057662950128, 1.5203356982523752, 1.0996771982762732, 0.03397261159793135, 1.5344387358077864, 1.0153400793182545]"
cube,78,/home/humanoid/Programs/hand/results/phase1/run_20260413_pollard_multiscene_500_run2/cube/generated_mjcf/scene_cube_tp0d0084p0d0236p0d0000_ip0d0161n0d0138p0d0116_mp0d0083p0d0234p0d0000.xml,cube_s1,True,0.012,4.0,3.0,3.0,4.767502365789452,0.05062587140158669,6.0,0.005717309892089462,0.9756145973584954,0.008444576966534726,0.02360473805204645,0.0,0.016142527397372305,-0.013849435792305355,0.011586334684659968,0.008289451299635327,0.023392712373685107,0.0,"[0.14396919188861243, 1.4433168982123008, -0.9610501064489129, -0.21597678602589693, 1.62355791555873, 0.6894423420264776, 0.28596544965624304, 1.510907960805811, 0.9132080680226535]"
cube,79,/home/humanoid/Programs/hand/results/phase1/run_20260413_pollard_multiscene_500_run2/cube/generated_mjcf/scene_cube_tp0d0052p0d0176p0d0000_ip0d0028n0d0020p0d0000_mp0d0115p0d0176p0d0086.xml,cube_s2,True,0.012,4.0,2.0,3.0,4.903428151614427,0.05005534121955851,6.0,0.007644359103284814,0.10028675780606501,0.005237310362236038,0.017563482626837892,0.0,0.0027718192087738923,-0.0019917236705522656,0.0,0.011478080897803443,0.017636294965843274,0.008602642255188277,"[0.01670650338203123, 1.4136920396922736, -1.1988183472931673, -0.1406929477397738, 1.5018848386318775, 1.112227418303088, 0.08524100279782254, 1.4630081260980572, 1.1262163305485497]"
cube,80,/home/humanoid/Programs/hand/results/phase1/run_20260413_pollard_multiscene_500_run2/cube/generated_mjcf/scene_cube_tn0d0008p0d0279p0d0006_ip0d0210n0d0071p0d0099_mp0d0206p0d0226p0d0000.xml,cube_s0,True,0.012,4.0,3.0,3.0,5.471721229071911,0.05645545103702776,7.0,0.004930551430507292,0.19256135142047812,-0.0008000030475453623,0.027917390747862772,0.000573517541445712,0.02095203182614285,-0.007101411990425551,0.009890526263616365,0.02061665277540771,0.022553907751633406,0.0,"[0.04450704801781733, 1.3328962874535588, -1.1415586000720388, -0.15094057662950128, 1.5203356982523752, 1.0996771982762732, 0.03397261159793135, 1.5344387358077864, 1.0153400793182545]"
cube,81,/home/humanoid/Programs/hand/results/phase1/run_20260413_pollard_multiscene_500_run2/cube/generated_mjcf/scene_cube_tn0d0090p0d0228p0d0000_ip0d0072n0d0201p0d0063_mp0d0185p0d0065p0d0004.xml,cube_s2,True,0.012,4.0,3.0,3.0,4.972364730038122,0.052663189282086985,6.0,0.004965937772280092,0.18958889199635842,-0.009013713642375616,0.02278980200712923,0.0,0.007243655781430538,-0.020128123761032943,0.006292119913449305,0.018507944887493133,0.006487311049542916,0.0004040384823368326,"[0.01670650338203123, 1.4136920396922736, -1.1988183472931673, -0.1406929477397738, 1.5018848386318775, 1.112227418303088, 0.08524100279782254, 1.4630081260980572, 1.1262163305485497]"
cube,82,/home/humanoid/Programs/hand/results/phase1/run_20260413_pollard_multiscene_500_run2/cube/generated_mjcf/scene_cube_tn0d0025p0d0270p0d0000_ip0d0155n0d0107p0d0115_mp0d0081p0d0270p0d0000.xml,cube_s2,True,0.012,4.0,3.0,3.0,5.083927153458504,0.04994106396663326,7.0,0.00493473147525893,1.4194369279659573,-0.002519689680057913,0.0269603676315392,0.0,0.015539417179556146,-0.010713506962094235,0.011477954736469145,0.00807119382275073,0.027004100871841748,0.0,"[0.01670650338203123, 1.4136920396922736, -1.1988183472931673, -0.1406929477397738, 1.5018848386318775, 1.112227418303088, 0.08524100279782254, 1.4630081260980572, 1.1262163305485497]"
cube,83,/home/humanoid/Programs/hand/results/phase1/run_20260413_pollard_multiscene_500_run2/cube/generated_mjcf/scene_cube_tn0d0076p0d0268p0d0000_ip0d0116n0d0088p0d0000_mn0d0012p0d0270p0d0076.xml,cube_s0,True,0.012,4.0,3.0,3.0,4.830496894223913,0.05012846522014552,6.0,0.004803717566279153,0.6548995440731858,-0.007615952366620589,0.02676994545049784,0.0,0.011578113540041342,-0.00879563808260816,0.0,-0.0011742335437274105,0.026988800245438982,0.007617363433869751,"[0.04450704801781733, 1.3328962874535588, -1.1415586000720388, -0.15094057662950128, 1.5203356982523752, 1.0996771982762732, 0.03397261159793135, 1.5344387358077864, 1.0153400793182545]"
cube,84,/home/humanoid/Programs/hand/results/phase1/run_20260413_pollard_multiscene_500_run2/cube/generated_mjcf/scene_cube_tn0d0090p0d0284p0d0000_ip0d0039n0d0058p0d0062_mp0d0183p0d0066p0d0059.xml,cube_s0,True,0.012,4.0,3.0,3.0,5.777680805504611,0.053651826558541046,8.0,0.005387937051704023,0.3027123717752931,-0.00903107388097255,0.0283512663229558,0.0,0.003934833769319825,-0.005757207590804102,0.006176688296570931,0.018302976254368976,0.006579648189279809,0.005942068205402055,"[0.04450704801781733, 1.3328962874535588, -1.1415586000720388, -0.15094057662950128, 1.5203356982523752, 1.0996771982762732, 0.03397261159793135, 1.5344387358077864, 1.0153400793182545]"
cube,85,/home/humanoid/Programs/hand/results/phase1/run_20260413_pollard_multiscene_500_run2/cube/generated_mjcf/scene_cube_tn0d0007p0d0158p0d0056_ip0d0183n0d0166p0d0000_mp0d0218p0d0254p0d0000.xml,cube_s1,True,0.012,4.0,3.0,3.0,4.941945717446491,0.05211349855297704,6.0,0.005826940582893909,0.12272004680669818,-0.0007242270174430531,0.01582120179505725,0.005623269061173778,0.018283433942996835,-0.01656094181848386,0.0,0.021800433240013316,0.025360559741709553,0.0,"[0.14396919188861243, 1.4433168982123008, -0.9610501064489129, -0.21597678602589693, 1.62355791555873, 0.6894423420264776, 0.28596544965624304, 1.510907960805811, 0.9132080680226535]"
cube,86,/home/humanoid/Programs/hand/results/phase1/run_20260413_pollard_multiscene_500_run2/cube/generated_mjcf/scene_cube_tp0d0075p0d0102p0d0099_ip0d0166n0d0196p0d0000_mp0d0123p0d0118p0d0057.xml,cube_s1,True,0.012,4.0,2.0,3.0,4.736750722343856,0.04872019684601622,6.0,0.0050712136522509344,0.4977703569296838,0.007545943391991963,0.010152637333193278,0.009901101778887714,0.016591653646360095,-0.019575285245747365,0.0,0.012293316516183985,0.011838183941553431,0.005669611582738907,"[0.14396919188861243, 1.4433168982123008, -0.9610501064489129, -0.21597678602589693, 1.62355791555873, 0.6894423420264776, 0.28596544965624304, 1.510907960805811, 0.9132080680226535]"
cube,87,/home/humanoid/Programs/hand/results/phase1/run_20260413_pollard_multiscene_500_run2/cube/generated_mjcf/scene_cube_tp0d0022p0d0130p0d0026_in0d0017n0d0216p0d0000_mp0d0065p0d0036p0d0103.xml,cube_s1,True,0.012,4.0,3.0,3.0,5.1071274230413,0.04819264496008105,7.0,0.005165455941865456,0.9528255533642277,0.002216708864255847,0.012968687661631752,0.002642628237215415,-0.0016625819564261152,-0.021618052432726936,0.0,0.006488265088465934,0.003585833720184428,0.01031778056792828,"[0.14396919188861243, 1.4433168982123008, -0.9610501064489129, -0.21597678602589693, 1.62355791555873, 0.6894423420264776, 0.28596544965624304, 1.510907960805811, 0.9132080680226535]"
cube,88,/home/humanoid/Programs/hand/results/phase1/run_20260413_pollard_multiscene_500_run2/cube/generated_mjcf/scene_cube_tn0d0063p0d0145p0d0000_ip0d0206n0d0159p0d0000_mp0d0052p0d0267p0d0000.xml,cube_s1,True,0.012,4.0,3.0,3.0,4.467422045892492,0.0509748722909463,5.0,0.007264303500020819,0.18269208440970228,-0.006251785068665728,0.014495325210681365,0.0,0.020577729177482608,-0.015856336100447087,0.0,0.00516417454005876,0.026729880841243052,0.0,"[0.14396919188861243, 1.4433168982123008, -0.9610501064489129, -0.21597678602589693, 1.62355791555873, 0.6894423420264776, 0.28596544965624304, 1.510907960805811, 0.9132080680226535]"
cube,89,/home/humanoid/Programs/hand/results/phase1/run_20260413_pollard_multiscene_500_run2/cube/generated_mjcf/scene_cube_tn0d0100p0d0238p0d0052_ip0d0069n0d0192p0d0000_mp0d0085p0d0272p0d0086.xml,cube_s1,True,0.012,4.0,3.0,3.0,5.10974897491933,0.04892236221540951,7.0,0.0051640950289588,1.1242710138016867,-0.009995101896248837,0.02379157746173784,0.005198518097171433,0.0069337845806804535,-0.0192267562692027,0.0,0.00853763705229673,0.027187195281308668,0.008602447813300492,"[0.14396919188861243, 1.4433168982123008, -0.9610501064489129, -0.21597678602589693, 1.62355791555873, 0.6894423420264776, 0.28596544965624304, 1.510907960805811, 0.9132080680226535]"
cube,90,/home/humanoid/Programs/hand/results/phase1/run_20260413_pollard_multiscene_500_run2/cube/generated_mjcf/scene_cube_tp0d0029p0d0127p0d0045_ip0d0162n0d0225p0d0000_mp0d0058p0d0170p0d0037.xml,cube_s2,True,0.012,4.0,3.0,3.0,5.275456055207181,0.05268846638211568,7.0,0.0053286875792237995,0.262917571088364,0.0029018135620788327,0.012654030748838113,0.004509948513336814,0.016215976054769522,-0.022490670271335656,0.0,0.005844347141099411,0.0169903517426752,0.0036732772408389104,"[0.01670650338203123, 1.4136920396922736, -1.1988183472931673, -0.1406929477397738, 1.5018848386318775, 1.112227418303088, 0.08524100279782254, 1.4630081260980572, 1.1262163305485497]"
cube,91,/home/humanoid/Programs/hand/results/phase1/run_20260413_pollard_multiscene_500_run2/cube/generated_mjcf/scene_cube_tn0d0076p0d0193p0d0118_in0d0016n0d0154p0d0000_mp0d0077p0d0242p0d0000.xml,cube_s1,True,0.012,4.0,3.0,3.0,4.810584084025322,0.04924830694619878,6.0,0.005712843701283151,0.12723520940134042,-0.007646693078679328,0.019271826466729144,0.01181202927686147,-0.0016195366585430217,-0.015396153316103115,0.0,0.007733992480541187,0.024160649172592356,0.0,"[0.14396919188861243, 1.4433168982123008, -0.9610501064489129, -0.21597678602589693, 1.62355791555873, 0.6894423420264776, 0.28596544965624304, 1.510907960805811, 0.9132080680226535]"
cube,92,/home/humanoid/Programs/hand/results/phase1/run_20260413_pollard_multiscene_500_run2/cube/generated_mjcf/scene_cube_tp0d0092p0d0218p0d0000_ip0d0041n0d0045p0d0035_mp0d0031p0d0064p0d0000.xml,cube_s2,True,0.012,4.0,3.0,3.0,4.920472393274993,0.05397133458875185,6.0,0.006471181597718245,0.5539273112115812,0.009193872035903945,0.02181295623272573,0.0,0.0040552741037858985,-0.0045332674722808695,0.003460812432078599,0.0030934256771718233,0.006421691842922003,0.0,"[0.01670650338203123, 1.4136920396922736, -1.1988183472931673, -0.1406929477397738, 1.5018848386318775, 1.112227418303088, 0.08524100279782254, 1.4630081260980572, 1.1262163305485497]"
cube,93,/home/humanoid/Programs/hand/results/phase1/run_20260413_pollard_multiscene_500_run2/cube/generated_mjcf/scene_cube_tp0d0098p0d0177p0d0077_ip0d0195n0d0189p0d0000_mp0d0023p0d0219p0d0000.xml,cube_s0,True,0.012,4.0,3.0,3.0,4.783457158877276,0.05246132503751527,6.0,0.005091673961485964,0.6180377812461569,0.009817727108383325,0.0176813969023054,0.007687387064662939,0.019488690226234645,-0.01886800685293718,0.0,0.0023280660770963867,0.021851488935866546,0.0,"[0.04450704801781733, 1.3328962874535588, -1.1415586000720388, -0.15094057662950128, 1.5203356982523752, 1.0996771982762732, 0.03397261159793135, 1.5344387358077864, 1.0153400793182545]"
cube,94,/home/humanoid/Programs/hand/results/phase1/run_20260413_pollard_multiscene_500_run2/cube/generated_mjcf/scene_cube_tp0d0015p0d0126p0d0064_ip0d0095n0d0111p0d0000_mp0d0090p0d0044p0d0074.xml,cube_s1,True,0.012,4.0,3.0,3.0,4.897248952343757,0.05132179875881375,6.0,0.005166530136202993,0.08511496966961848,0.001539169440428645,0.012590402374113123,0.006399856377125625,0.009505016714306917,-0.011122081462157587,0.0,0.008957884088755294,0.004397102470699158,0.007428471529678085,"[0.14396919188861243, 1.4433168982123008, -0.9610501064489129, -0.21597678602589693, 1.62355791555873, 0.6894423420264776, 0.28596544965624304, 1.510907960805811, 0.9132080680226535]"
cube,95,/home/humanoid/Programs/hand/results/phase1/run_20260413_pollard_multiscene_500_run2/cube/generated_mjcf/scene_cube_tp0d0098p0d0261p0d0000_ip0d0183n0d0242p0d0040_mp0d0164p0d0111p0d0086.xml,cube_s2,True,0.012,4.0,2.0,3.0,3.982388611062052,0.05113694286354421,4.0,0.009328320995209605,0.9608789882004244,0.009779974161027216,0.026063540473240793,0.0,0.018250824386656643,-0.024208298980820234,0.003982977767717059,0.016417262015573204,0.011139749692614482,0.00855772058265547,"[0.01670650338203123, 1.4136920396922736, -1.1988183472931673, -0.1406929477397738, 1.5018848386318775, 1.112227418303088, 0.08524100279782254, 1.4630081260980572, 1.1262163305485497]"
cube,96,/home/humanoid/Programs/hand/results/phase1/run_20260413_pollard_multiscene_500_run2/cube/generated_mjcf/scene_cube_tn0d0120p0d0232p0d0000_ip0d0131n0d0183p0d0000_mp0d0130p0d0152p0d0000.xml,cube_s2,True,0.012,4.0,3.0,3.0,4.922813590914488,0.04996110867790792,6.0,0.004765938654608234,0.08216711623739516,-0.011995439961423757,0.023170885074527296,0.0,0.013087070170243659,-0.01826739217079296,0.0,0.01302784928333284,0.015226435694788317,0.0,"[0.01670650338203123, 1.4136920396922736, -1.1988183472931673, -0.1406929477397738, 1.5018848386318775, 1.112227418303088, 0.08524100279782254, 1.4630081260980572, 1.1262163305485497]"
cube,97,/home/humanoid/Programs/hand/results/phase1/run_20260413_pollard_multiscene_500_run2/cube/generated_mjcf/scene_cube_tp0d0093p0d0292p0d0012_ip0d0149n0d0135p0d0072_mp0d0180p0d0216p0d0000.xml,cube_s2,True,0.012,4.0,3.0,3.0,5.293432726413307,0.049772770191940055,7.0,0.004832412571257747,0.2089377325419438,0.009268198317895226,0.029177279887696635,0.001189641720707622,0.014946304660889418,-0.013466718358715133,0.007234640744900829,0.018012549910744587,0.02163983278281282,0.0,"[0.01670650338203123, 1.4136920396922736, -1.1988183472931673, -0.1406929477397738, 1.5018848386318775, 1.112227418303088, 0.08524100279782254, 1.4630081260980572, 1.1262163305485497]"
cube,98,/home/humanoid/Programs/hand/results/phase1/run_20260413_pollard_multiscene_500_run2/cube/generated_mjcf/scene_cube_tn0d0114p0d0238p0d0000_ip0d0195n0d0037p0d0008_mp0d0071p0d0204p0d0050.xml,cube_s0,True,0.012,4.0,3.0,3.0,5.31676951146786,0.04982012400833004,7.0,0.0048064402451351755,0.09231290580307983,-0.011412276955248405,0.02379807387899146,0.0,0.019462260282733714,-0.0036636593388789888,0.0008100502558857133,0.0070586596157323,0.02041174898220853,0.005024872692297698,"[0.04450704801781733, 1.3328962874535588, -1.1415586000720388, -0.15094057662950128, 1.5203356982523752, 1.0996771982762732, 0.03397261159793135, 1.5344387358077864, 1.0153400793182545]"
cube,99,/home/humanoid/Programs/hand/results/phase1/run_20260413_pollard_multiscene_500_run2/cube/generated_mjcf/scene_cube_tp0d0044p0d0282p0d0019_ip0d0104n0d0119p0d0093_mp0d0068p0d0235p0d0001.xml,cube_s2,True,0.012,4.0,3.0,3.0,4.9209021806761335,0.04995223898725,6.0,0.004830774999032206,0.08536314953730806,0.004374789435312346,0.028218177304168056,0.0018556460458758403,0.010385043516164927,-0.011894204793422361,0.009335535792464315,0.006802027202263075,0.023505980635449716,0.00011734953019630276,"[0.01670650338203123, 1.4136920396922736, -1.1988183472931673, -0.1406929477397738, 1.5018848386318775, 1.112227418303088, 0.08524100279782254, 1.4630081260980572, 1.1262163305485497]"
cube,100,/home/humanoid/Programs/hand/results/phase1/run_20260413_pollard_multiscene_500_run2/cube/generated_mjcf/scene_cube_tn0d0100p0d0188p0d0000_ip0d0107n0d0038p0d0000_mp0d0094p0d0173p0d0065.xml,cube_s1,True,0.012,4.0,3.0,3.0,4.971235777523615,0.051562844547269414,6.0,0.005729243282669033,0.10282141874522845,-0.009951865181536158,0.018775567695502312,0.0,0.010669241071932166,-0.003820563471950528,0.0,0.009405390983008566,0.017280054041644587,0.0064756874760196585,"[0.14396919188861243, 1.4433168982123008, -0.9610501064489129, -0.21597678602589693, 1.62355791555873, 0.6894423420264776, 0.28596544965624304, 1.510907960805811, 0.9132080680226535]"
cube,101,/home/humanoid/Programs/hand/results/phase1/run_20260413_pollard_multiscene_500_run2/cube/generated_mjcf/scene_cube_tp0d0106p0d0212p0d0101_ip0d0061n0d0060p0d0063_mp0d0112p0d0075p0d0000.xml,cube_s1,True,0.012,4.0,3.0,3.0,4.648449138714467,0.050110301502404586,6.0,0.005128237719779173,1.460592186566403,0.010583447100032992,0.021214589149641843,0.010118832452697093,0.006077415096292973,-0.005956325488376159,0.006329410999625626,0.011230695538510659,0.007470929249459784,0.0,"[0.14396919188861243, 1.4433168982123008, -0.9610501064489129, -0.21597678602589693, 1.62355791555873, 0.6894423420264776, 0.28596544965624304, 1.510907960805811, 0.9132080680226535]"
cube,102,/home/humanoid/Programs/hand/results/phase1/run_20260413_pollard_multiscene_500_run2/cube/generated_mjcf/scene_cube_tn0d0050p0d0300p0d0035_ip0d0198n0d0172p0d0000_mp0d0116p0d0118p0d0000.xml,cube_s1,True,0.012,4.0,3.0,3.0,4.913844785834653,0.05053141738771963,6.0,0.0068864520835464444,0.20489618009317997,-0.00501959716225856,0.03,0.0034709390634110604,0.019816908082287803,-0.017192165528774707,0.0,0.01161693581676551,0.011813476401367424,0.0,"[0.14396919188861243, 1.4433168982123008, -0.9610501064489129, -0.21597678602589693, 1.62355791555873, 0.6894423420264776, 0.28596544965624304, 1.510907960805811, 0.9132080680226535]"
cube,103,/home/humanoid/Programs/hand/results/phase1/run_20260413_pollard_multiscene_500_run2/cube/generated_mjcf/scene_cube_tp0d0024p0d0087p0d0000_in0d0020n0d0127p0d0026_mp0d0002p0d0091p0d0073.xml,cube_s2,True,0.012,4.0,2.0,3.0,4.250631962149689,0.05737046842235003,4.0,0.007609813864098962,0.41694325842056973,0.002383369372827144,0.008678863384413857,0.0,-0.0019946792069528447,-0.01271909707195985,0.002592015961930566,0.00023177104157602255,0.00911026565147512,0.0072958037054163295,"[0.01670650338203123, 1.4136920396922736, -1.1988183472931673, -0.1406929477397738, 1.5018848386318775, 1.112227418303088, 0.08524100279782254, 1.4630081260980572, 1.1262163305485497]"
cube,104,/home/humanoid/Programs/hand/results/phase1/run_20260413_pollard_multiscene_500_run2/cube/generated_mjcf/scene_cube_tp0d0082p0d0173p0d0075_ip0d0047n0d0074p0d0011_mp0d0086p0d0191p0d0000.xml,cube_s1,True,0.012,4.0,3.0,3.0,4.353775332852302,0.04822009527605681,5.0,0.006346390311216293,0.2012107007293056,0.008166757436390344,0.017305598102488752,0.007541369532989443,0.004651366072771426,-0.007353402664476439,0.0010909589677707467,0.008562377893663898,0.019054614628170638,0.0,"[0.14396919188861243, 1.4433168982123008, -0.9610501064489129, -0.21597678602589693, 1.62355791555873, 0.6894423420264776, 0.28596544965624304, 1.510907960805811, 0.9132080680226535]"
cube,105,/home/humanoid/Programs/hand/results/phase1/run_20260413_pollard_multiscene_500_run2/cube/generated_mjcf/scene_cube_tn0d0081p0d0151p0d0043_ip0d0149n0d0080p0d0064_mn0d0001p0d0058p0d0085.xml,cube_s0,True,0.012,4.0,3.0,3.0,5.14802230761302,0.05693181708585607,6.0,0.006188698999547105,0.14775519815000068,-0.008101357374999472,0.015051763145310957,0.004333502634470354,0.014949647520672982,-0.007961740219535359,0.0064228105575298185,-9.076253567036861e-05,0.005841333801968511,0.008528427846290734,"[0.04450704801781733, 1.3328962874535588, -1.1415586000720388, -0.15094057662950128, 1.5203356982523752, 1.0996771982762732, 0.03397261159793135, 1.5344387358077864, 1.0153400793182545]"
cube,106,/home/humanoid/Programs/hand/results/phase1/run_20260413_pollard_multiscene_500_run2/cube/generated_mjcf/scene_cube_tn0d0034p0d0216p0d0001_ip0d0130n0d0225p0d0065_mp0d0010p0d0197p0d0000.xml,cube_s2,True,0.012,4.0,3.0,3.0,4.9946783703161435,0.053050761121764725,6.0,0.0051141859271254,0.15007676082920585,-0.003435893928932775,0.021640910971604234,8.406733760194136e-05,0.01303990171210299,-0.022453278930529147,0.006474965432793946,0.0009616558759156877,0.019652987084016846,0.0,"[0.01670650338203123, 1.4136920396922736, -1.1988183472931673, -0.1406929477397738, 1.5018848386318775, 1.112227418303088, 0.08524100279782254, 1.4630081260980572, 1.1262163305485497]"
cube,107,/home/humanoid/Programs/hand/results/phase1/run_20260413_pollard_multiscene_500_run2/cube/generated_mjcf/scene_cube_tn0d0002p0d0241p0d0000_in0d0009n0d0012p0d0005_mp0d0158p0d0161p0d0077.xml,cube_s0,True,0.012,4.0,3.0,3.0,5.610721065841198,0.050889162714768385,8.0,0.00521383152053482,0.75306411432982,-0.0001857207345086799,0.024120649624657868,0.0,-0.0008951006875646678,-0.0011589227586814663,0.000544245585789983,0.015811471385460664,0.01605107600938014,0.007672485664079333,"[0.04450704801781733, 1.3328962874535588, -1.1415586000720388, -0.15094057662950128, 1.5203356982523752, 1.0996771982762732, 0.03397261159793135, 1.5344387358077864, 1.0153400793182545]"
cube,108,/home/humanoid/Programs/hand/results/phase1/run_20260413_pollard_multiscene_500_run2/cube/generated_mjcf/scene_cube_tp0d0016p0d0109p0d0034_ip0d0021n0d0045p0d0043_mp0d0206p0d0184p0d0000.xml,cube_s1,True,0.012,4.0,3.0,3.0,4.939384556037324,0.05144554196116277,6.0,0.006852288162563024,0.18065235954790226,0.0015507882981054214,0.010946165081292702,0.0034057575517393284,0.002145776066487623,-0.004532300759600939,0.00434547841134757,0.020555407315434586,0.018397938948996252,0.0,"[0.14396919188861243, 1.4433168982123008, -0.9610501064489129, -0.21597678602589693, 1.62355791555873, 0.6894423420264776, 0.28596544965624304, 1.510907960805811, 0.9132080680226535]"
cube,109,/home/humanoid/Programs/hand/results/phase1/run_20260413_pollard_multiscene_500_run2/cube/generated_mjcf/scene_cube_tp0d0014p0d0265p0d0051_ip0d0062n0d0086p0d0104_mp0d0144p0d0121p0d0099.xml,cube_s1,True,0.012,4.0,3.0,3.0,5.194396287700927,0.04995009344039346,7.0,0.005514636609225992,0.6004086644731615,0.0013713010998067932,0.026522534647037528,0.00508531914060183,0.006215120944035642,-0.0085715723855087,0.010446457471225783,0.014435441034388851,0.012115233654059249,0.009858199929202283,"[0.14396919188861243, 1.4433168982123008, -0.9610501064489129, -0.21597678602589693, 1.62355791555873, 0.6894423420264776, 0.28596544965624304, 1.510907960805811, 0.9132080680226535]"
cube,110,/home/humanoid/Programs/hand/results/phase1/run_20260413_pollard_multiscene_500_run2/cube/generated_mjcf/scene_cube_tp0d0079p0d0285p0d0000_ip0d0050n0d0053p0d0000_mn0d0002p0d0197p0d0072.xml,cube_s0,True,0.012,4.0,3.0,3.0,4.850726439041805,0.05210415156428257,7.0,0.004903628425529809,2.071503068030999,0.007862980625476145,0.028524410246412026,0.0,0.004979892007376512,-0.005336932736155145,0.0,-0.0002310575466114538,0.019698384299342057,0.007182478955496934,"[0.04450704801781733, 1.3328962874535588, -1.1415586000720388, -0.15094057662950128, 1.5203356982523752, 1.0996771982762732, 0.03397261159793135, 1.5344387358077864, 1.0153400793182545]"
cube,111,/home/humanoid/Programs/hand/results/phase1/run_20260413_pollard_multiscene_500_run2/cube/generated_mjcf/scene_cube_tp0d0034p0d0163p0d0014_in0d0015n0d0108p0d0086_mn0d0001p0d0125p0d0000.xml,cube_s1,True,0.012,4.0,3.0,3.0,4.89828037160374,0.04954960409904667,6.0,0.004921311864752923,0.11002986234276244,0.003402427395368751,0.01627624007420011,0.0014345596552211674,-0.0014835211652609488,-0.010796120261926605,0.008563228193161875,-0.00012672235965031746,0.012499665517147967,0.0,"[0.14396919188861243, 1.4433168982123008, -0.9610501064489129, -0.21597678602589693, 1.62355791555873, 0.6894423420264776, 0.28596544965624304, 1.510907960805811, 0.9132080680226535]"
cube,112,/home/humanoid/Programs/hand/results/phase1/run_20260413_pollard_multiscene_500_run2/cube/generated_mjcf/scene_cube_tn0d0029p0d0083p0d0079_ip0d0099n0d0138p0d0024_mp0d0184p0d0103p0d0000.xml,cube_s1,True,0.012,4.0,3.0,3.0,4.856759996646962,0.04926701719594692,6.0,0.005995147506685471,0.2690341010343041,-0.0028798104808018445,0.008312184160997247,0.00786631007594749,0.00990983944819043,-0.01383796642650531,0.00244307317527483,0.018400676902117614,0.010290257395785304,0.0,"[0.14396919188861243, 1.4433168982123008, -0.9610501064489129, -0.21597678602589693, 1.62355791555873, 0.6894423420264776, 0.28596544965624304, 1.510907960805811, 0.9132080680226535]"
cube,113,/home/humanoid/Programs/hand/results/phase1/run_20260413_pollard_multiscene_500_run2/cube/generated_mjcf/scene_cube_tn0d0108p0d0144p0d0000_in0d0010n0d0110p0d0000_mn0d0002p0d0253p0d0000.xml,cube_s1,True,0.012,4.0,3.0,3.0,4.947668563018613,0.05086354211127191,6.0,0.006671229447567338,0.05094111178034068,-0.010812139014908118,0.014393578249598981,0.0,-0.0010025963078267048,-0.011034466506951189,0.0,-0.00021781467042988716,0.025301153793920166,0.0,"[0.14396919188861243, 1.4433168982123008, -0.9610501064489129, -0.21597678602589693, 1.62355791555873, 0.6894423420264776, 0.28596544965624304, 1.510907960805811, 0.9132080680226535]"
cube,114,/home/humanoid/Programs/hand/results/phase1/run_20260413_pollard_multiscene_500_run2/cube/generated_mjcf/scene_cube_tn0d0097p0d0300p0d0040_ip0d0154n0d0108p0d0000_mp0d0182p0d0133p0d0000.xml,cube_s2,True,0.012,4.0,3.0,3.0,4.530521371917942,0.05083515761936426,5.0,0.005175349228286119,0.163238519628069,-0.009724061022624773,0.03,0.0040072071336392685,0.015418097000075947,-0.010783104100315308,0.0,0.018205053769901072,0.013332696100926186,0.0,"[0.01670650338203123, 1.4136920396922736, -1.1988183472931673, -0.1406929477397738, 1.5018848386318775, 1.112227418303088, 0.08524100279782254, 1.4630081260980572, 1.1262163305485497]"
cube,115,/home/humanoid/Programs/hand/results/phase1/run_20260413_pollard_multiscene_500_run2/cube/generated_mjcf/scene_cube_tn0d0088p0d0107p0d0005_ip0d0116n0d0119p0d0027_mp0d0191p0d0154p0d0000.xml,cube_s1,True,0.012,4.0,3.0,3.0,4.9897726746957485,0.05271758468575828,6.0,0.006046733145455455,0.11255402526179009,-0.008752578143894657,0.010717277259950732,0.0005339023898471625,0.011649846149658704,-0.011851546974094098,0.0027149922709011447,0.019063443114098563,0.015400916278669291,0.0,"[0.14396919188861243, 1.4433168982123008, -0.9610501064489129, -0.21597678602589693, 1.62355791555873, 0.6894423420264776, 0.28596544965624304, 1.510907960805811, 0.9132080680226535]"
cube,116,/home/humanoid/Programs/hand/results/phase1/run_20260413_pollard_multiscene_500_run2/cube/generated_mjcf/scene_cube_tn0d0058p0d0154p0d0015_ip0d0171n0d0137p0d0000_mp0d0025p0d0055p0d0000.xml,cube_s1,True,0.012,4.0,3.0,3.0,4.940500016600777,0.05227275520446986,6.0,0.0053084624508287015,0.35497121181927294,-0.005842255138069734,0.015364319418918195,0.0014593692806168217,0.01708893618799274,-0.01371309528163105,0.0,0.002515708089826485,0.00547565360219901,0.0,"[0.14396919188861243, 1.4433168982123008, -0.9610501064489129, -0.21597678602589693, 1.62355791555873, 0.6894423420264776, 0.28596544965624304, 1.510907960805811, 0.9132080680226535]"
cube,117,/home/humanoid/Programs/hand/results/phase1/run_20260413_pollard_multiscene_500_run2/cube/generated_mjcf/scene_cube_tp0d0044p0d0222p0d0039_ip0d0089n0d0217p0d0000_mp0d0103p0d0152p0d0000.xml,cube_s1,True,0.012,4.0,3.0,3.0,5.246218182550549,0.05296745072485749,7.0,0.005577862449070935,0.5882962205334336,0.004425039793702623,0.022177153565716874,0.0038910621589977774,0.00891028314209102,-0.02166526711317343,0.0,0.010263051494114807,0.015231959161743686,0.0,"[0.14396919188861243, 1.4433168982123008, -0.9610501064489129, -0.21597678602589693, 1.62355791555873, 0.6894423420264776, 0.28596544965624304, 1.510907960805811, 0.9132080680226535]"
cube,118,/home/humanoid/Programs/hand/results/phase1/run_20260413_pollard_multiscene_500_run2/cube/generated_mjcf/scene_cube_tp0d0078p0d0184p0d0083_ip0d0044n0d0017p0d0000_mp0d0165p0d0038p0d0000.xml,cube_s1,True,0.012,4.0,3.0,3.0,4.821138476975679,0.049093138835942296,6.0,0.006214504681695422,0.2769797564886774,0.007807237396004606,0.01839952006368896,0.008290947003856325,0.004371823127956276,-0.0016934499390448814,0.0,0.016460379772354136,0.0037844748722332625,0.0,"[0.14396919188861243, 1.4433168982123008, -0.9610501064489129, -0.21597678602589693, 1.62355791555873, 0.6894423420264776, 0.28596544965624304, 1.510907960805811, 0.9132080680226535]"
cube,119,/home/humanoid/Programs/hand/results/phase1/run_20260413_pollard_multiscene_500_run2/cube/generated_mjcf/scene_cube_tp0d0089p0d0164p0d0104_ip0d0203n0d0051p0d0000_mp0d0186p0d0143p0d0000.xml,cube_s1,True,0.012,4.0,3.0,3.0,4.756206732225828,0.048731702800644386,6.0,0.005411201554865551,0.37939157130961115,0.008893279303444638,0.01640251999547089,0.010379507833410868,0.020306008014948564,-0.005095378154555871,0.0,0.01859844408246346,0.014270504086291665,0.0,"[0.14396919188861243, 1.4433168982123008, -0.9610501064489129, -0.21597678602589693, 1.62355791555873, 0.6894423420264776, 0.28596544965624304, 1.510907960805811, 0.9132080680226535]"
cube,120,/home/humanoid/Programs/hand/results/phase1/run_20260413_pollard_multiscene_500_run2/cube/generated_mjcf/scene_cube_tp0d0084p0d0276p0d0000_ip0d0188n0d0118p0d0058_mp0d0044p0d0085p0d0084.xml,cube_s1,True,0.012,4.0,3.0,3.0,4.239665121811171,0.0457876153038443,5.0,0.007417318387964851,0.6748145807558742,0.00844700085406028,0.0275899209061255,0.0,0.01879663640748299,-0.01184488672550997,0.005846178204292226,0.004436224499191826,0.00847107561171959,0.008359507557784272,"[0.14396919188861243, 1.4433168982123008, -0.9610501064489129, -0.21597678602589693, 1.62355791555873, 0.6894423420264776, 0.28596544965624304, 1.510907960805811, 0.9132080680226535]"
cube,121,/home/humanoid/Programs/hand/results/phase1/run_20260413_pollard_multiscene_500_run2/cube/generated_mjcf/scene_cube_tp0d0024p0d0115p0d0000_ip0d0186n0d0131p0d0000_mp0d0062p0d0231p0d0000.xml,cube_s2,True,0.012,4.0,3.0,3.0,4.04076046303472,0.049854867786759245,4.0,0.011203019265760191,0.34071600456535495,0.0024051311534063324,0.011544931174607635,0.0,0.01861685963731509,-0.013061194038860484,0.0,0.006182892757216741,0.02309146085361523,0.0,"[0.01670650338203123, 1.4136920396922736, -1.1988183472931673, -0.1406929477397738, 1.5018848386318775, 1.112227418303088, 0.08524100279782254, 1.4630081260980572, 1.1262163305485497]"
cube,122,/home/humanoid/Programs/hand/results/phase1/run_20260413_pollard_multiscene_500_run2/cube/generated_mjcf/scene_cube_tp0d0108p0d0155p0d0062_ip0d0049n0d0059p0d0000_mp0d0011p0d0095p0d0089.xml,cube_s1,True,0.012,4.0,2.0,3.0,4.755122705317513,0.04951788682332078,6.0,0.0072307974691863675,0.7515845287935745,0.01076048406563343,0.015492803621637762,0.006155527900058046,0.00485693182457647,-0.00587186875258037,0.0,0.0011157035574780073,0.009522165756708695,0.008882207151154464,"[0.14396919188861243, 1.4433168982123008, -0.9610501064489129, -0.21597678602589693, 1.62355791555873, 0.6894423420264776, 0.28596544965624304, 1.510907960805811, 0.9132080680226535]"
cube,123,/home/humanoid/Programs/hand/results/phase1/run_20260413_pollard_multiscene_500_run2/cube/generated_mjcf/scene_cube_tn0d0043p0d0196p0d0000_ip0d0116n0d0220p0d0000_mp0d0172p0d0092p0d0000.xml,cube_s2,True,0.012,4.0,3.0,3.0,5.320901241125367,0.0499382593228732,7.0,0.004854223207015505,0.0733958363603396,-0.004260038967681772,0.01960461298881959,0.0,0.011600278864472048,-0.0219961311853588,0.0,0.017223337484585828,0.009153846869822672,0.0,"[0.01670650338203123, 1.4136920396922736, -1.1988183472931673, -0.1406929477397738, 1.5018848386318775, 1.112227418303088, 0.08524100279782254, 1.4630081260980572, 1.1262163305485497]"
cube,124,/home/humanoid/Programs/hand/results/phase1/run_20260413_pollard_multiscene_500_run2/cube/generated_mjcf/scene_cube_tp0d0024p0d0115p0d0000_ip0d0179n0d0148p0d0088_mp0d0159p0d0081p0d0000.xml,cube_s1,True,0.012,4.0,3.0,3.0,5.2569377583578785,0.04829166618842022,7.0,0.005071131142388943,0.04576346648229688,0.00244379712564664,0.011516003744496317,0.0,0.017933255596691573,-0.014767612297100151,0.008771401825721701,0.01585675523326934,0.008123136719758773,0.0,"[0.14396919188861243, 1.4433168982123008, -0.9610501064489129, -0.21597678602589693, 1.62355791555873, 0.6894423420264776, 0.28596544965624304, 1.510907960805811, 0.9132080680226535]"
cube,125,/home/humanoid/Programs/hand/results/phase1/run_20260413_pollard_multiscene_500_run2/cube/generated_mjcf/scene_cube_tn0d0079p0d0199p0d0000_ip0d0180n0d0130p0d0013_mp0d0073p0d0214p0d0045.xml,cube_s0,True,0.012,4.0,3.0,3.0,5.287040257387205,0.049745017744835626,7.0,0.004828119592058482,0.23705968506493774,-0.007887425942232639,0.019869923947212237,0.0,0.01796756903605752,-0.01303821976671418,0.0013139928106517436,0.0072988538669776434,0.021417608120759872,0.004534554990868175,"[0.04450704801781733, 1.3328962874535588, -1.1415586000720388, -0.15094057662950128, 1.5203356982523752, 1.0996771982762732, 0.03397261159793135, 1.5344387358077864, 1.0153400793182545]"
cube,126,/home/humanoid/Programs/hand/results/phase1/run_20260413_pollard_multiscene_500_run2/cube/generated_mjcf/scene_cube_tp0d0045p0d0265p0d0000_ip0d0009n0d0047p0d0000_mp0d0146p0d0270p0d0048.xml,cube_s2,True,0.012,4.0,2.0,3.0,4.8104703483031725,0.04955260428539012,6.0,0.007404627040976497,0.5172653210681911,0.004458536017805364,0.02651826532165731,0.0,0.0008580601897542929,-0.004669597340441882,0.0,0.014602302785354992,0.02702318182498961,0.004842281650674841,"[0.01670650338203123, 1.4136920396922736, -1.1988183472931673, -0.1406929477397738, 1.5018848386318775, 1.112227418303088, 0.08524100279782254, 1.4630081260980572, 1.1262163305485497]"
cube,128,/home/humanoid/Programs/hand/results/phase1/run_20260413_pollard_multiscene_500_run2/cube/generated_mjcf/scene_cube_tp0d0045p0d0300p0d0062_ip0d0123n0d0114p0d0000_mp0d0168p0d0125p0d0000.xml,cube_s2,True,0.012,4.0,3.0,3.0,4.535113366994819,0.05328641889970047,5.0,0.005115823322561707,0.2296393887482137,0.004485274247750803,0.03,0.006156220676458435,0.012260561788589615,-0.011358161911042592,0.0,0.016811552901191067,0.012516042873784501,0.0,"[0.01670650338203123, 1.4136920396922736, -1.1988183472931673, -0.1406929477397738, 1.5018848386318775, 1.112227418303088, 0.08524100279782254, 1.4630081260980572, 1.1262163305485497]"
cube,129,/home/humanoid/Programs/hand/results/phase1/run_20260413_pollard_multiscene_500_run2/cube/generated_mjcf/scene_cube_tp0d0011p0d0169p0d0025_in0d0016n0d0203p0d0010_mp0d0126p0d0053p0d0033.xml,cube_s1,True,0.012,4.0,3.0,3.0,5.224960872828847,0.048127170891582,7.0,0.005546044106182944,0.2223030908212811,0.001124035130705775,0.016879105762682,0.002540590918859706,-0.0015998689586662306,-0.020340573322197117,0.0009559423156456498,0.012637777989375407,0.0052731398225478055,0.003273069010678602,"[0.14396919188861243, 1.4433168982123008, -0.9610501064489129, -0.21597678602589693, 1.62355791555873, 0.6894423420264776, 0.28596544965624304, 1.510907960805811, 0.9132080680226535]"
cube,130,/home/humanoid/Programs/hand/results/phase1/run_20260413_pollard_multiscene_500_run2/cube/generated_mjcf/scene_cube_tp0d0082p0d0149p0d0005_ip0d0197n0d0074p0d0000_mp0d0212p0d0115p0d0078.xml,cube_s1,True,0.012,4.0,3.0,3.0,4.916102300940208,0.05094778060931694,6.0,0.0061595596508737145,0.19224741630705838,0.008189307560810648,0.014882807021886352,0.0005119386873650589,0.01974686259815555,-0.007428967554101598,0.0,0.02119582419996409,0.011509801055097127,0.007780858579894308,"[0.14396919188861243, 1.4433168982123008, -0.9610501064489129, -0.21597678602589693, 1.62355791555873, 0.6894423420264776, 0.28596544965624304, 1.510907960805811, 0.9132080680226535]"
cube,131,/home/humanoid/Programs/hand/results/phase1/run_20260413_pollard_multiscene_500_run2/cube/generated_mjcf/scene_cube_tn0d0011p0d0270p0d0101_ip0d0197n0d0050p0d0000_mp0d0199p0d0070p0d0000.xml,cube_s2,True,0.012,4.0,3.0,3.0,4.902292385968202,0.05010992810761741,6.0,0.005030503561541653,0.2177771275317758,-0.0011395805826361627,0.026954421492883872,0.010102144179137976,0.019665360013878683,-0.004989540944297587,0.0,0.019903111947131187,0.00698015457820993,0.0,"[0.01670650338203123, 1.4136920396922736, -1.1988183472931673, -0.1406929477397738, 1.5018848386318775, 1.112227418303088, 0.08524100279782254, 1.4630081260980572, 1.1262163305485497]"
cube,132,/home/humanoid/Programs/hand/results/phase1/run_20260413_pollard_multiscene_500_run2/cube/generated_mjcf/scene_cube_tp0d0035p0d0260p0d0000_ip0d0045n0d0154p0d0083_mn0d0020p0d0247p0d0000.xml,cube_s2,True,0.012,4.0,3.0,3.0,5.337178592709448,0.04997199528944678,7.0,0.004824010688991002,0.0066775892340187794,0.003512477377717779,0.02595634688580678,0.0,0.004452740128532561,-0.015443202872165433,0.008333916584662072,-0.001953983419333517,0.024659893923409178,0.0,"[0.01670650338203123, 1.4136920396922736, -1.1988183472931673, -0.1406929477397738, 1.5018848386318775, 1.112227418303088, 0.08524100279782254, 1.4630081260980572, 1.1262163305485497]"
cube,133,/home/humanoid/Programs/hand/results/phase1/run_20260413_pollard_multiscene_500_run2/cube/generated_mjcf/scene_cube_tp0d0028p0d0300p0d0000_ip0d0111n0d0190p0d0049_mp0d0176p0d0092p0d0086.xml,cube_s2,True,0.012,4.0,2.0,3.0,4.0103024502722695,0.049528990863749914,4.0,0.010196832563509216,0.49391585858954185,0.0027977652898282263,0.03,0.0,0.011086082907261777,-0.018966780190806512,0.004853939664313668,0.01762763991258995,0.009209986654092634,0.008637469710466666,"[0.01670650338203123, 1.4136920396922736, -1.1988183472931673, -0.1406929477397738, 1.5018848386318775, 1.112227418303088, 0.08524100279782254, 1.4630081260980572, 1.1262163305485497]"
cube,134,/home/humanoid/Programs/hand/results/phase1/run_20260413_pollard_multiscene_500_run2/cube/generated_mjcf/scene_cube_tn0d0077p0d0195p0d0000_ip0d0054n0d0153p0d0047_mp0d0056p0d0160p0d0036.xml,cube_s1,True,0.012,4.0,3.0,3.0,5.249388001993108,0.04812932520084956,7.0,0.004966875911649124,0.10575413367037886,-0.007742076707245167,0.019521734459900235,0.0,0.005380400973209519,-0.015320954689492202,0.004686405960974107,0.00560440286082812,0.016011727803561176,0.0036316851150580594,"[0.14396919188861243, 1.4433168982123008, -0.9610501064489129, -0.21597678602589693, 1.62355791555873, 0.6894423420264776, 0.28596544965624304, 1.510907960805811, 0.9132080680226535]"
cube,135,/home/humanoid/Programs/hand/results/phase1/run_20260413_pollard_multiscene_500_run2/cube/generated_mjcf/scene_cube_tp0d0069p0d0150p0d0000_ip0d0037n0d0112p0d0091_mp0d0138p0d0179p0d0000.xml,cube_s2,True,0.012,4.0,3.0,3.0,4.102092813667419,0.05021051492469514,4.0,0.011043049496377052,0.18223211821750507,0.006857647735637552,0.01504492230118383,0.0,0.0036892498449809796,-0.011197272548679756,0.009064254186342637,0.01378107685401934,0.017874691451246903,0.0,"[0.01670650338203123, 1.4136920396922736, -1.1988183472931673, -0.1406929477397738, 1.5018848386318775, 1.112227418303088, 0.08524100279782254, 1.4630081260980572, 1.1262163305485497]"
cube,136,/home/humanoid/Programs/hand/results/phase1/run_20260413_pollard_multiscene_500_run2/cube/generated_mjcf/scene_cube_tn0d0000p0d0159p0d0000_ip0d0210n0d0204p0d0000_mp0d0053p0d0187p0d0000.xml,cube_s0,True,0.012,4.0,3.0,3.0,4.944690567200574,0.05335198514154838,6.0,0.004979434874240892,0.12243861483693122,-4.7116339295641754e-05,0.015941643153524383,0.0,0.02102531309204351,-0.02037678228072287,0.0,0.005322139856231826,0.01872476021489625,0.0,"[0.04450704801781733, 1.3328962874535588, -1.1415586000720388, -0.15094057662950128, 1.5203356982523752, 1.0996771982762732, 0.03397261159793135, 1.5344387358077864, 1.0153400793182545]"
cube,137,/home/humanoid/Programs/hand/results/phase1/run_20260413_pollard_multiscene_500_run2/cube/generated_mjcf/scene_cube_tp0d0049p0d0247p0d0000_ip0d0180n0d0165p0d0030_mp0d0110p0d0050p0d0000.xml,cube_s1,True,0.012,4.0,3.0,3.0,4.716095668060372,0.04731840573596842,6.0,0.007083316223213777,0.5284164618136259,0.004939700650079103,0.024682204869321503,0.0,0.018032783027366765,-0.016529194989133536,0.0029566510456937745,0.010960551337871752,0.005020658944108913,0.0,"[0.14396919188861243, 1.4433168982123008, -0.9610501064489129, -0.21597678602589693, 1.62355791555873, 0.6894423420264776, 0.28596544965624304, 1.510907960805811, 0.9132080680226535]"
cube,138,/home/humanoid/Programs/hand/results/phase1/run_20260413_pollard_multiscene_500_run2/cube/generated_mjcf/scene_cube_tp0d0015p0d0300p0d0068_ip0d0095n0d0196p0d0000_mn0d0010p0d0173p0d0000.xml,cube_s1,True,0.012,4.0,3.0,3.0,4.749820520504586,0.048559648666043294,6.0,0.007379522137016274,0.434542496085281,0.001515325259618382,0.03,0.006807639524938257,0.009541767906657332,-0.019584708658321362,0.0,-0.000981823473950495,0.01725793949067561,0.0,"[0.14396919188861243, 1.4433168982123008, -0.9610501064489129, -0.21597678602589693, 1.62355791555873, 0.6894423420264776, 0.28596544965624304, 1.510907960805811, 0.9132080680226535]"
cube,139,/home/humanoid/Programs/hand/results/phase1/run_20260413_pollard_multiscene_500_run2/cube/generated_mjcf/scene_cube_tp0d0038p0d0208p0d0000_ip0d0064n0d0233p0d0116_mn0d0002p0d0039p0d0000.xml,cube_s2,True,0.012,4.0,1.0,3.0,3.210705058867294,0.04824451068486404,5.0,0.007480996245690184,7.567545086195287,0.0038050259348188786,0.020755100794810622,0.0,0.006448623398971592,-0.023325066083498283,0.011591209693892372,-0.00019526507632723449,0.0039111861558529856,0.0,"[0.01670650338203123, 1.4136920396922736, -1.1988183472931673, -0.1406929477397738, 1.5018848386318775, 1.112227418303088, 0.08524100279782254, 1.4630081260980572, 1.1262163305485497]"
cube,140,/home/humanoid/Programs/hand/results/phase1/run_20260413_pollard_multiscene_500_run2/cube/generated_mjcf/scene_cube_tn0d0087p0d0271p0d0000_ip0d0062n0d0240p0d0104_mp0d0057p0d0235p0d0111.xml,cube_s2,True,0.012,4.0,3.0,3.0,4.953808405212611,0.05253991197566542,6.0,0.004765317395286216,0.23748737133188952,-0.008731530079981356,0.027066388090933438,0.0,0.0061588016073141905,-0.023982038856395667,0.010357658104953149,0.005704969469548151,0.02352908190489477,0.011086436192306204,"[0.01670650338203123, 1.4136920396922736, -1.1988183472931673, -0.1406929477397738, 1.5018848386318775, 1.112227418303088, 0.08524100279782254, 1.4630081260980572, 1.1262163305485497]"
cube,141,/home/humanoid/Programs/hand/results/phase1/run_20260413_pollard_multiscene_500_run2/cube/generated_mjcf/scene_cube_tp0d0055p0d0143p0d0000_ip0d0168n0d0075p0d0079_mp0d0111p0d0191p0d0000.xml,cube_s2,True,0.012,4.0,3.0,3.0,4.1053156275763385,0.050225401476966705,4.0,0.011252564694849948,0.16590908051838535,0.00545884849963154,0.014257804502089013,0.0,0.016783646536371433,-0.007532492230778167,0.007861720757539256,0.011069781825323213,0.019080062523594087,0.0,"[0.01670650338203123, 1.4136920396922736, -1.1988183472931673, -0.1406929477397738, 1.5018848386318775, 1.112227418303088, 0.08524100279782254, 1.4630081260980572, 1.1262163305485497]"
cube,142,/home/humanoid/Programs/hand/results/phase1/run_20260413_pollard_multiscene_500_run2/cube/generated_mjcf/scene_cube_tn0d0074p0d0247p0d0000_ip0d0168n0d0241p0d0028_mp0d0123p0d0058p0d0022.xml,cube_s2,True,0.012,4.0,3.0,3.0,4.556004449729262,0.05098502591209504,5.0,0.006065072341203226,0.017913852170868036,-0.007406249106069644,0.024733766378574083,0.0,0.01681314259118548,-0.024126402710446332,0.002803222095158712,0.01227073241585616,0.005832298099170255,0.0022128550031997474,"[0.01670650338203123, 1.4136920396922736, -1.1988183472931673, -0.1406929477397738, 1.5018848386318775, 1.112227418303088, 0.08524100279782254, 1.4630081260980572, 1.1262163305485497]"
cube,143,/home/humanoid/Programs/hand/results/phase1/run_20260413_pollard_multiscene_500_run2/cube/generated_mjcf/scene_cube_tp0d0062p0d0209p0d0041_ip0d0150n0d0194p0d0102_mp0d0059p0d0173p0d0000.xml,cube_s2,True,0.012,4.0,3.0,3.0,4.891305719331999,0.049960733081919985,6.0,0.004936556708033494,0.2668842673489294,0.006188329518560347,0.020863806997200564,0.0041462532147777224,0.015008121104932009,-0.019358162822748666,0.010238796153919451,0.005860994776989337,0.017308846946232706,0.0,"[0.01670650338203123, 1.4136920396922736, -1.1988183472931673, -0.1406929477397738, 1.5018848386318775, 1.112227418303088, 0.08524100279782254, 1.4630081260980572, 1.1262163305485497]"
cube,144,/home/humanoid/Programs/hand/results/phase1/run_20260413_pollard_multiscene_500_run2/cube/generated_mjcf/scene_cube_tp0d0119p0d0237p0d0000_ip0d0116n0d0236p0d0000_mp0d0214p0d0052p0d0000.xml,cube_s2,True,0.012,4.0,1.0,3.0,3.4964209954156242,0.05070271149975231,4.0,0.007759680950755421,3.6871242225441834,0.011913720408939114,0.023699386605017154,0.0,0.011586873910987512,-0.02364748026497579,0.0,0.021392537358011006,0.005244756480698892,0.0,"[0.01670650338203123, 1.4136920396922736, -1.1988183472931673, -0.1406929477397738, 1.5018848386318775, 1.112227418303088, 0.08524100279782254, 1.4630081260980572, 1.1262163305485497]"
cube,145,/home/humanoid/Programs/hand/results/phase1/run_20260413_pollard_multiscene_500_run2/cube/generated_mjcf/scene_cube_tp0d0018p0d0266p0d0085_ip0d0187n0d0061p0d0000_mp0d0120p0d0228p0d0000.xml,cube_s0,True,0.012,4.0,3.0,3.0,5.002147340826597,0.050284519031117296,7.0,0.004975007581013217,2.013223052176544,0.0017538542680252782,0.026575331008186886,0.008468955846821315,0.01866947878821324,-0.00605466824628304,0.0,0.011957947693719377,0.02281495484257566,0.0,"[0.04450704801781733, 1.3328962874535588, -1.1415586000720388, -0.15094057662950128, 1.5203356982523752, 1.0996771982762732, 0.03397261159793135, 1.5344387358077864, 1.0153400793182545]"
cube,146,/home/humanoid/Programs/hand/results/phase1/run_20260413_pollard_multiscene_500_run2/cube/generated_mjcf/scene_cube_tn0d0100p0d0190p0d0000_in0d0019n0d0119p0d0000_mp0d0192p0d0113p0d0039.xml,cube_s1,True,0.012,4.0,3.0,3.0,4.879851673340761,0.049380426749608325,6.0,0.005670938417617579,0.09200818357399705,-0.010045906244288014,0.019006044700280358,0.0,-0.001910366479366826,-0.011895275575458145,0.0,0.019195229064207682,0.011320224616773731,0.0039041055259550206,"[0.14396919188861243, 1.4433168982123008, -0.9610501064489129, -0.21597678602589693, 1.62355791555873, 0.6894423420264776, 0.28596544965624304, 1.510907960805811, 0.9132080680226535]"
cube,147,/home/humanoid/Programs/hand/results/phase1/run_20260413_pollard_multiscene_500_run2/cube/generated_mjcf/scene_cube_tp0d0016p0d0152p0d0000_ip0d0068n0d0186p0d0000_mn0d0007p0d0086p0d0000.xml,cube_s1,True,0.012,4.0,3.0,3.0,4.980340595568262,0.04606152410548987,8.0,0.005221579323167218,2.6592789477200163,0.0016338811302797802,0.01519199864331583,0.0,0.0068238390588518626,-0.0185979348006101,0.0,-0.0007490881804916184,0.008644874935491244,0.0,"[0.14396919188861243, 1.4433168982123008, -0.9610501064489129, -0.21597678602589693, 1.62355791555873, 0.6894423420264776, 0.28596544965624304, 1.510907960805811, 0.9132080680226535]"
cube,148,/home/humanoid/Programs/hand/results/phase1/run_20260413_pollard_multiscene_500_run2/cube/generated_mjcf/scene_cube_tn0d0084p0d0110p0d0000_ip0d0037n0d0242p0d0000_mp0d0218p0d0092p0d0000.xml,cube_s0,True,0.012,4.0,3.0,3.0,4.519963010920455,0.05274601310994201,5.0,0.006954137006160863,0.4328827668075062,-0.008384850114827124,0.010998077251796115,0.0,0.0037161724242142525,-0.024194187208261365,0.0,0.021761286768522584,0.009183467605082948,0.0,"[0.04450704801781733, 1.3328962874535588, -1.1415586000720388, -0.15094057662950128, 1.5203356982523752, 1.0996771982762732, 0.03397261159793135, 1.5344387358077864, 1.0153400793182545]"
cube,149,/home/humanoid/Programs/hand/results/phase1/run_20260413_pollard_multiscene_500_run2/cube/generated_mjcf/scene_cube_tp0d0030p0d0212p0d0000_ip0d0156n0d0018p0d0000_mp0d0070p0d0156p0d0000.xml,cube_s1,True,0.012,4.0,3.0,3.0,5.085779206417273,0.04882162455010525,7.0,0.004957408809358091,1.060487909686565,0.0030242349553947154,0.02123938513737227,0.0,0.015599964008212794,-0.0018124103626753294,0.0,0.007007819845969626,0.01564040034937387,0.0,"[0.14396919188861243, 1.4433168982123008, -0.9610501064489129, -0.21597678602589693, 1.62355791555873, 0.6894423420264776, 0.28596544965624304, 1.510907960805811, 0.9132080680226535]"
cube,150,/home/humanoid/Programs/hand/results/phase1/run_20260413_pollard_multiscene_500_run2/cube/generated_mjcf/scene_cube_tn0d0078p0d0173p0d0042_in0d0016n0d0210p0d0074_mp0d0060p0d0167p0d0000.xml,cube_s0,True,0.012,4.0,3.0,3.0,4.893074934510825,0.04996183973914339,6.0,0.004937423700687106,0.24886578055292283,-0.007824626139829111,0.01732834438676897,0.004248456658127203,-0.0016455198819331964,-0.020978514055772536,0.007394594912894001,0.0059714869993543855,0.016719741941420785,0.0,"[0.04450704801781733, 1.3328962874535588, -1.1415586000720388, -0.15094057662950128, 1.5203356982523752, 1.0996771982762732, 0.03397261159793135, 1.5344387358077864, 1.0153400793182545]"
cube,151,/home/humanoid/Programs/hand/results/phase1/run_20260413_pollard_multiscene_500_run2/cube/generated_mjcf/scene_cube_tp0d0012p0d0087p0d0000_ip0d0087n0d0117p0d0000_mp0d0090p0d0220p0d0049.xml,cube_s1,True,0.012,4.0,3.0,3.0,4.793688295964903,0.04853245312899531,6.0,0.007702762891963629,0.30962256297242585,0.001218564240804446,0.00866571424061289,0.0,0.008749523164934754,-0.011728504763940096,0.0,0.009016880749428276,0.0220316040367717,0.0049388979727751255,"[0.14396919188861243, 1.4433168982123008, -0.9610501064489129, -0.21597678602589693, 1.62355791555873, 0.6894423420264776, 0.28596544965624304, 1.510907960805811, 0.9132080680226535]"
cube,152,/home/humanoid/Programs/hand/results/phase1/run_20260413_pollard_multiscene_500_run2/cube/generated_mjcf/scene_cube_tn0d0031p0d0199p0d0072_ip0d0043n0d0209p0d0113_mp0d0190p0d0243p0d0000.xml,cube_s0,True,0.012,4.0,3.0,3.0,4.887535536648737,0.053108372094827286,6.0,0.005121273961456201,0.3753448806086847,-0.0031420885393652637,0.019907472351036487,0.007176067022170336,0.004316225501834821,-0.020934708518782652,0.01125617333642238,0.018952176361857136,0.024280508339097374,0.0,"[0.04450704801781733, 1.3328962874535588, -1.1415586000720388, -0.15094057662950128, 1.5203356982523752, 1.0996771982762732, 0.03397261159793135, 1.5344387358077864, 1.0153400793182545]"
cube,153,/home/humanoid/Programs/hand/results/phase1/run_20260413_pollard_multiscene_500_run2/cube/generated_mjcf/scene_cube_tn0d0112p0d0258p0d0070_ip0d0212n0d0234p0d0075_mp0d0061p0d0193p0d0096.xml,cube_s2,True,0.012,4.0,3.0,3.0,4.953966828863994,0.05135024367517438,6.0,0.005870367196768482,0.14861219363982883,-0.011151549883476946,0.02583112419855533,0.0069637886035893125,0.021163138926686795,-0.023441266575308213,0.00750747979912832,0.006083154920940297,0.01929815313027885,0.009613447105348082,"[0.01670650338203123, 1.4136920396922736, -1.1988183472931673, -0.1406929477397738, 1.5018848386318775, 1.112227418303088, 0.08524100279782254, 1.4630081260980572, 1.1262163305485497]"
cube,154,/home/humanoid/Programs/hand/results/phase1/run_20260413_pollard_multiscene_500_run2/cube/generated_mjcf/scene_cube_tn0d0060p0d0300p0d0000_ip0d0008n0d0128p0d0053_mp0d0202p0d0236p0d0113.xml,cube_s0,True,0.012,4.0,3.0,3.0,5.009078487178678,0.054730281408322076,7.0,0.0051061373979108295,2.6509911399573087,-0.005961165487680037,0.03,0.0,0.0007531740575051921,-0.012763734213142173,0.005254819597036012,0.020235854375230844,0.023634514741201866,0.011292320198183152,"[0.04450704801781733, 1.3328962874535588, -1.1415586000720388, -0.15094057662950128, 1.5203356982523752, 1.0996771982762732, 0.03397261159793135, 1.5344387358077864, 1.0153400793182545]"
cube,155,/home/humanoid/Programs/hand/results/phase1/run_20260413_pollard_multiscene_500_run2/cube/generated_mjcf/scene_cube_tn0d0014p0d0178p0d0021_ip0d0146n0d0026p0d0022_mp0d0197p0d0133p0d0065.xml,cube_s1,True,0.012,4.0,3.0,3.0,4.967897427833674,0.051381734032211426,6.0,0.00600759596383289,0.0642499519680598,-0.0014073926538075085,0.01775156940829652,0.00214680221506695,0.014606775448273735,-0.0026308522758124574,0.0022085622184445826,0.019743230789970055,0.013276280780333086,0.006512602441148773,"[0.14396919188861243, 1.4433168982123008, -0.9610501064489129, -0.21597678602589693, 1.62355791555873, 0.6894423420264776, 0.28596544965624304, 1.510907960805811, 0.9132080680226535]"
cube,156,/home/humanoid/Programs/hand/results/phase1/run_20260413_pollard_multiscene_500_run2/cube/generated_mjcf/scene_cube_tp0d0120p0d0099p0d0050_ip0d0197n0d0028p0d0089_mp0d0047p0d0131p0d0002.xml,cube_s1,True,0.012,4.0,1.0,3.0,3.220828188323401,0.04553204080215569,5.0,0.007544024786514583,9.352061557013528e-10,0.011953618961592274,0.009890472913476396,0.004973856886651324,0.019675836613181563,-0.0028322182956766213,0.008946206172153887,0.0046899317603590635,0.013051221715934756,0.00019432070821016716,"[0.14396919188861243, 1.4433168982123008, -0.9610501064489129, -0.21597678602589693, 1.62355791555873, 0.6894423420264776, 0.28596544965624304, 1.510907960805811, 0.9132080680226535]"
cube,157,/home/humanoid/Programs/hand/results/phase1/run_20260413_pollard_multiscene_500_run2/cube/generated_mjcf/scene_cube_tp0d0113p0d0144p0d0039_ip0d0162n0d0208p0d0089_mp0d0101p0d0263p0d0094.xml,cube_s1,True,0.012,4.0,3.0,3.0,4.917132767379678,0.04968180227552217,6.0,0.0050725056702918304,0.041598104327645116,0.011272147501967051,0.014373501696804333,0.003851906420196817,0.01623469939494379,-0.0207794824341704,0.008888251116506849,0.01012549654790459,0.02625110103573041,0.00935258777511349,"[0.14396919188861243, 1.4433168982123008, -0.9610501064489129, -0.21597678602589693, 1.62355791555873, 0.6894423420264776, 0.28596544965624304, 1.510907960805811, 0.9132080680226535]"
cube,158,/home/humanoid/Programs/hand/results/phase1/run_20260413_pollard_multiscene_500_run2/cube/generated_mjcf/scene_cube_tp0d0107p0d0124p0d0080_ip0d0187n0d0016p0d0036_mp0d0068p0d0174p0d0000.xml,cube_s2,True,0.012,4.0,3.0,3.0,4.027313068788132,0.04921452929046173,4.0,0.011354435197256275,0.30604408683736445,0.01073853532475701,0.012387630681511006,0.008031577607341533,0.018707664354787955,-0.0015653204796709976,0.0035891289918922806,0.006844769507781586,0.017385410079520693,0.0,"[0.01670650338203123, 1.4136920396922736, -1.1988183472931673, -0.1406929477397738, 1.5018848386318775, 1.112227418303088, 0.08524100279782254, 1.4630081260980572, 1.1262163305485497]"
cube,159,/home/humanoid/Programs/hand/results/phase1/run_20260413_pollard_multiscene_500_run2/cube/generated_mjcf/scene_cube_tp0d0119p0d0253p0d0000_ip0d0201n0d0072p0d0000_mp0d0203p0d0111p0d0000.xml,cube_s2,True,0.012,4.0,3.0,3.0,5.319486194931298,0.049944676342126196,7.0,0.004775266789548945,0.09310221282196482,0.011908468213914038,0.025333279743847862,0.0,0.02005299318962482,-0.007202619005446663,0.0,0.02030522813099945,0.01108420496281693,0.0,"[0.01670650338203123, 1.4136920396922736, -1.1988183472931673, -0.1406929477397738, 1.5018848386318775, 1.112227418303088, 0.08524100279782254, 1.4630081260980572, 1.1262163305485497]"
cube,160,/home/humanoid/Programs/hand/results/phase1/run_20260413_pollard_multiscene_500_run2/cube/generated_mjcf/scene_cube_tn0d0113p0d0248p0d0000_in0d0008n0d0086p0d0112_mn0d0005p0d0215p0d0000.xml,cube_s0,True,0.012,4.0,3.0,3.0,5.128559761151084,0.05075212603797878,7.0,0.004811526822155781,0.9561128559731032,-0.01128660729865892,0.024821794228799127,0.0,-0.00083186608066977,-0.008554373849221279,0.01124052496537592,-0.00045976902830612704,0.02153632241141243,0.0,"[0.04450704801781733, 1.3328962874535588, -1.1415586000720388, -0.15094057662950128, 1.5203356982523752, 1.0996771982762732, 0.03397261159793135, 1.5344387358077864, 1.0153400793182545]"
cube,162,/home/humanoid/Programs/hand/results/phase1/run_20260413_pollard_multiscene_500_run2/cube/generated_mjcf/scene_cube_tp0d0008p0d0243p0d0000_ip0d0056n0d0230p0d0119_mp0d0082p0d0196p0d0000.xml,cube_s2,True,0.012,4.0,3.0,3.0,4.673147395518952,0.05051607340420866,6.0,0.004827877064496784,1.4120846317702835,0.0007872815147419634,0.024339149896880262,0.0,0.005640705116096214,-0.02302834268353677,0.01191609277025579,0.008172407472881515,0.01958364266529724,0.0,"[0.01670650338203123, 1.4136920396922736, -1.1988183472931673, -0.1406929477397738, 1.5018848386318775, 1.112227418303088, 0.08524100279782254, 1.4630081260980572, 1.1262163305485497]"
cube,163,/home/humanoid/Programs/hand/results/phase1/run_20260413_pollard_multiscene_500_run2/cube/generated_mjcf/scene_cube_tn0d0086p0d0126p0d0000_ip0d0145n0d0005p0d0000_mp0d0020p0d0225p0d0033.xml,cube_s2,True,0.012,4.0,3.0,3.0,4.102679645526741,0.05007425725774035,4.0,0.010055231990370514,0.1282878081849291,-0.008586770952238532,0.012644829297614164,0.0,0.014518686427156752,-0.0005474510000305095,0.0,0.001965759771380771,0.022540723821144228,0.003273335117701349,"[0.01670650338203123, 1.4136920396922736, -1.1988183472931673, -0.1406929477397738, 1.5018848386318775, 1.112227418303088, 0.08524100279782254, 1.4630081260980572, 1.1262163305485497]"
cube,164,/home/humanoid/Programs/hand/results/phase1/run_20260413_pollard_multiscene_500_run2/cube/generated_mjcf/scene_cube_tp0d0107p0d0168p0d0000_ip0d0049n0d0050p0d0000_mp0d0071p0d0191p0d0099.xml,cube_s2,True,0.012,4.0,1.0,3.0,4.44643420046729,0.04912129686768914,5.0,0.008197559777918998,0.08445425297835943,0.010747195468850355,0.01675308957305969,0.0,0.00487366060525649,-0.004994659363875083,0.0,0.007115221286644597,0.01912555289909626,0.009921219314163253,"[0.01670650338203123, 1.4136920396922736, -1.1988183472931673, -0.1406929477397738, 1.5018848386318775, 1.112227418303088, 0.08524100279782254, 1.4630081260980572, 1.1262163305485497]"
cube,165,/home/humanoid/Programs/hand/results/phase1/run_20260413_pollard_multiscene_500_run2/cube/generated_mjcf/scene_cube_tp0d0075p0d0100p0d0087_ip0d0170n0d0130p0d0013_mp0d0086p0d0046p0d0000.xml,cube_s0,True,0.012,4.0,2.0,3.0,4.264793313051253,0.049340962175494406,5.0,0.007525189407354493,1.383048834768229,0.007507910790054063,0.010039102780949638,0.008737907867536678,0.016991815976954282,-0.013002375180709125,0.0012906382131382538,0.008637117703904192,0.004631095879577326,0.0,"[0.04450704801781733, 1.3328962874535588, -1.1415586000720388, -0.15094057662950128, 1.5203356982523752, 1.0996771982762732, 0.03397261159793135, 1.5344387358077864, 1.0153400793182545]"
cube,166,/home/humanoid/Programs/hand/results/phase1/run_20260413_pollard_multiscene_500_run2/cube/generated_mjcf/scene_cube_tp0d0099p0d0224p0d0000_ip0d0112n0d0095p0d0075_mp0d0120p0d0081p0d0113.xml,cube_s0,True,0.012,4.0,3.0,3.0,5.5484897456199755,0.056410852453930425,7.0,0.0054466332671584535,0.05439219170524457,0.009914028604362819,0.02236731891349133,0.0,0.011234581749742536,-0.009457652688120629,0.007469727117063573,0.011958058295655653,0.008132251114838226,0.011278282523067704,"[0.04450704801781733, 1.3328962874535588, -1.1415586000720388, -0.15094057662950128, 1.5203356982523752, 1.0996771982762732, 0.03397261159793135, 1.5344387358077864, 1.0153400793182545]"
cube,167,/home/humanoid/Programs/hand/results/phase1/run_20260413_pollard_multiscene_500_run2/cube/generated_mjcf/scene_cube_tn0d0049p0d0254p0d0045_ip0d0202n0d0059p0d0000_mn0d0008p0d0191p0d0000.xml,cube_s2,True,0.012,4.0,3.0,3.0,5.332336398065457,0.04993850291243147,7.0,0.0050318104009759845,0.021770268548177287,-0.00488964265872333,0.02540873439896553,0.004505410724312587,0.020158641957999573,-0.005939355777245107,0.0,-0.0008475818379703112,0.019052107364078294,0.0,"[0.01670650338203123, 1.4136920396922736, -1.1988183472931673, -0.1406929477397738, 1.5018848386318775, 1.112227418303088, 0.08524100279782254, 1.4630081260980572, 1.1262163305485497]"
cube,168,/home/humanoid/Programs/hand/results/phase1/run_20260413_pollard_multiscene_500_run2/cube/generated_mjcf/scene_cube_tn0d0107p0d0086p0d0018_ip0d0169n0d0226p0d0000_mp0d0071p0d0249p0d0035.xml,cube_s1,True,0.012,4.0,3.0,3.0,5.2739582377904535,0.0490535354773888,7.0,0.005598580861272109,0.1267409870314413,-0.010742330134104312,0.008555869754555611,0.0017551315816082304,0.016898620275038925,-0.022613950580024002,0.0,0.007100308119039354,0.024886353180967997,0.0035120658990042738,"[0.14396919188861243, 1.4433168982123008, -0.9610501064489129, -0.21597678602589693, 1.62355791555873, 0.6894423420264776, 0.28596544965624304, 1.510907960805811, 0.9132080680226535]"
cube,169,/home/humanoid/Programs/hand/results/phase1/run_20260413_pollard_multiscene_500_run2/cube/generated_mjcf/scene_cube_tn0d0023p0d0300p0d0045_ip0d0141n0d0072p0d0010_mp0d0092p0d0266p0d0017.xml,cube_s0,True,0.012,4.0,3.0,3.0,4.896770375707806,0.053875063394687825,6.0,0.005107072698589173,0.36575053346436126,-0.0022859760465189123,0.03,0.004491148993976263,0.014133915252692657,-0.00720976135270515,0.0010038693069339966,0.009219964776903154,0.026639798958592052,0.0017238483621419484,"[0.04450704801781733, 1.3328962874535588, -1.1415586000720388, -0.15094057662950128, 1.5203356982523752, 1.0996771982762732, 0.03397261159793135, 1.5344387358077864, 1.0153400793182545]"
cube,170,/home/humanoid/Programs/hand/results/phase1/run_20260413_pollard_multiscene_500_run2/cube/generated_mjcf/scene_cube_tn0d0023p0d0102p0d0000_ip0d0216n0d0012p0d0000_mn0d0001p0d0196p0d0000.xml,cube_s1,True,0.012,4.0,2.0,3.0,4.470159039108381,0.05092882926832844,5.0,0.007865555836937647,0.20638663320416797,-0.0022512569426476337,0.010245824732785286,0.0,0.021598950036595156,-0.0012190901501439397,0.0,-0.000132916285661977,0.019593371151241823,0.0,"[0.14396919188861243, 1.4433168982123008, -0.9610501064489129, -0.21597678602589693, 1.62355791555873, 0.6894423420264776, 0.28596544965624304, 1.510907960805811, 0.9132080680226535]"
cube,171,/home/humanoid/Programs/hand/results/phase1/run_20260413_pollard_multiscene_500_run2/cube/generated_mjcf/scene_cube_tp0d0039p0d0130p0d0000_ip0d0058n0d0184p0d0066_mp0d0053p0d0253p0d0000.xml,cube_s2,True,0.012,4.0,3.0,3.0,4.110684145564959,0.05017176377565795,4.0,0.011671896898089751,0.07874111168270415,0.003927672446135566,0.013035727953339283,0.0,0.005821268678713911,-0.018384392421899758,0.006602746162043826,0.005291531853126817,0.025251723655812762,0.0,"[0.01670650338203123, 1.4136920396922736, -1.1988183472931673, -0.1406929477397738, 1.5018848386318775, 1.112227418303088, 0.08524100279782254, 1.4630081260980572, 1.1262163305485497]"
cube,172,/home/humanoid/Programs/hand/results/phase1/run_20260413_pollard_multiscene_500_run2/cube/generated_mjcf/scene_cube_tp0d0095p0d0117p0d0000_ip0d0216n0d0232p0d0081_mp0d0019p0d0158p0d0110.xml,cube_s0,True,0.012,4.0,3.0,3.0,5.107588519335837,0.05005497989613792,7.0,0.004845551218221612,0.7831409191143663,0.009478466612064692,0.01168372526952211,0.0,0.02160887059855398,-0.023164369430652178,0.008119067766142584,0.0019284014760311882,0.015758297922973116,0.01099679951817091,"[0.04450704801781733, 1.3328962874535588, -1.1415586000720388, -0.15094057662950128, 1.5203356982523752, 1.0996771982762732, 0.03397261159793135, 1.5344387358077864, 1.0153400793182545]"
cube,173,/home/humanoid/Programs/hand/results/phase1/run_20260413_pollard_multiscene_500_run2/cube/generated_mjcf/scene_cube_tn0d0091p0d0170p0d0002_ip0d0137n0d0162p0d0000_mp0d0198p0d0035p0d0115.xml,cube_s1,True,0.012,4.0,3.0,3.0,5.02427124920322,0.05424477497834407,6.0,0.008708625841972815,0.27640215370486665,-0.009145682503664064,0.017045684283200635,0.00019631914511307816,0.013653580327099199,-0.01623028555312832,0.0,0.019787687411714293,0.0034936345899613894,0.011549356045366811,"[0.14396919188861243, 1.4433168982123008, -0.9610501064489129, -0.21597678602589693, 1.62355791555873, 0.6894423420264776, 0.28596544965624304, 1.510907960805811, 0.9132080680226535]"
cube,174,/home/humanoid/Programs/hand/results/phase1/run_20260413_pollard_multiscene_500_run2/cube/generated_mjcf/scene_cube_tn0d0084p0d0135p0d0056_ip0d0161n0d0120p0d0000_mp0d0033p0d0083p0d0094.xml,cube_s0,True,0.012,4.0,3.0,3.0,4.525602741122594,0.05001670049389298,5.0,0.004961290791265394,0.0716349991456753,-0.008416704660400457,0.013544724004021461,0.0055591496449118975,0.01607346868467647,-0.011987541353118166,0.0,0.003343847788665107,0.00829167228915013,0.009415614975348773,"[0.04450704801781733, 1.3328962874535588, -1.1415586000720388, -0.15094057662950128, 1.5203356982523752, 1.0996771982762732, 0.03397261159793135, 1.5344387358077864, 1.0153400793182545]"
cube,175,/home/humanoid/Programs/hand/results/phase1/run_20260413_pollard_multiscene_500_run2/cube/generated_mjcf/scene_cube_tn0d0010p0d0264p0d0097_ip0d0074n0d0021p0d0043_mp0d0125p0d0141p0d0000.xml,cube_s2,True,0.012,4.0,3.0,3.0,4.933891534727585,0.05067732854116916,6.0,0.005768672149258524,0.08955865226551682,-0.000987966722941342,0.02641863323770267,0.009749655067213505,0.007435624649495688,-0.002126774060817691,0.004329946350058643,0.012516638434641977,0.014116350948087338,0.0,"[0.01670650338203123, 1.4136920396922736, -1.1988183472931673, -0.1406929477397738, 1.5018848386318775, 1.112227418303088, 0.08524100279782254, 1.4630081260980572, 1.1262163305485497]"
cube,176,/home/humanoid/Programs/hand/results/phase1/run_20260413_pollard_multiscene_500_run2/cube/generated_mjcf/scene_cube_tn0d0042p0d0147p0d0000_ip0d0078n0d0180p0d0000_mp0d0214p0d0170p0d0000.xml,cube_s2,True,0.012,4.0,3.0,3.0,4.478639872679897,0.05070923229022417,5.0,0.006945726228840261,0.2748056312573762,-0.004224321255218628,0.014693684350748644,0.0,0.007783851825736274,-0.018004387774481902,0.0,0.021358462961561187,0.017045554947876396,0.0,"[0.01670650338203123, 1.4136920396922736, -1.1988183472931673, -0.1406929477397738, 1.5018848386318775, 1.112227418303088, 0.08524100279782254, 1.4630081260980572, 1.1262163305485497]"
cube,177,/home/humanoid/Programs/hand/results/phase1/run_20260413_pollard_multiscene_500_run2/cube/generated_mjcf/scene_cube_tp0d0082p0d0197p0d0081_ip0d0020n0d0208p0d0000_mp0d0186p0d0217p0d0000.xml,cube_s0,True,0.012,4.0,3.0,3.0,4.353248801925158,0.049672124601189846,5.0,0.006678061990855061,0.5044426089633265,0.008167387550689544,0.01968914444390417,0.008060320464359848,0.0019543986615473425,-0.02080566383837565,0.0,0.018645458933625167,0.021650883133752408,0.0,"[0.04450704801781733, 1.3328962874535588, -1.1415586000720388, -0.15094057662950128, 1.5203356982523752, 1.0996771982762732, 0.03397261159793135, 1.5344387358077864, 1.0153400793182545]"
cube,178,/home/humanoid/Programs/hand/results/phase1/run_20260413_pollard_multiscene_500_run2/cube/generated_mjcf/scene_cube_tp0d0104p0d0286p0d0000_ip0d0124n0d0007p0d0050_mp0d0027p0d0177p0d0094.xml,cube_s2,True,0.012,4.0,3.0,3.0,4.88263855724305,0.05174141549480747,6.0,0.006279288985465307,0.24861835929199716,0.010404850160773957,0.02864850095402521,0.0,0.012396573576992977,-0.0006640127032650541,0.004951171989004948,0.0027457737026305084,0.01766712406835367,0.00939002581709478,"[0.01670650338203123, 1.4136920396922736, -1.1988183472931673, -0.1406929477397738, 1.5018848386318775, 1.112227418303088, 0.08524100279782254, 1.4630081260980572, 1.1262163305485497]"
cube,179,/home/humanoid/Programs/hand/results/phase1/run_20260413_pollard_multiscene_500_run2/cube/generated_mjcf/scene_cube_tp0d0008p0d0192p0d0059_ip0d0089n0d0091p0d0000_mp0d0163p0d0264p0d0083.xml,cube_s2,True,0.012,4.0,3.0,3.0,4.92841177094674,0.049999890463213736,6.0,0.007245238494079052,0.010972304045531315,0.000775856375392953,0.019217011949822636,0.005889455773125243,0.008897061470780695,-0.009104554451179199,0.0,0.01630746355080402,0.026364703453000786,0.008285323912689182,"[0.01670650338203123, 1.4136920396922736, -1.1988183472931673, -0.1406929477397738, 1.5018848386318775, 1.112227418303088, 0.08524100279782254, 1.4630081260980572, 1.1262163305485497]"
cube,180,/home/humanoid/Programs/hand/results/phase1/run_20260413_pollard_multiscene_500_run2/cube/generated_mjcf/scene_cube_tp0d0076p0d0194p0d0056_ip0d0097n0d0216p0d0000_mp0d0064p0d0234p0d0000.xml,cube_s2,True,0.012,4.0,3.0,3.0,5.24097942761756,0.05176832294686218,7.0,0.004968943727112952,0.27701092700636,0.007601073351175328,0.019366103985973,0.005648628398581976,0.009739818482690336,-0.021574981248505112,0.0,0.006356703445989577,0.02337913098547223,0.0,"[0.01670650338203123, 1.4136920396922736, -1.1988183472931673, -0.1406929477397738, 1.5018848386318775, 1.112227418303088, 0.08524100279782254, 1.4630081260980572, 1.1262163305485497]"
cube,181,/home/humanoid/Programs/hand/results/phase1/run_20260413_pollard_multiscene_500_run2/cube/generated_mjcf/scene_cube_tn0d0093p0d0088p0d0007_ip0d0040n0d0090p0d0000_mp0d0086p0d0067p0d0000.xml,cube_s1,True,0.012,4.0,3.0,3.0,4.898264236252455,0.0515480048067421,6.0,0.0057499523421348465,0.3614439990863739,-0.00933543154492234,0.008805327185990803,0.000668602678969548,0.003961819525625501,-0.008970762740116253,0.0,0.008646250009056356,0.006693370993602678,0.0,"[0.14396919188861243, 1.4433168982123008, -0.9610501064489129, -0.21597678602589693, 1.62355791555873, 0.6894423420264776, 0.28596544965624304, 1.510907960805811, 0.9132080680226535]"
cube,182,/home/humanoid/Programs/hand/results/phase1/run_20260413_pollard_multiscene_500_run2/cube/generated_mjcf/scene_cube_tp0d0016p0d0207p0d0000_ip0d0186n0d0072p0d0000_mp0d0006p0d0075p0d0000.xml,cube_s0,True,0.012,4.0,3.0,3.0,4.932226226221214,0.05197819497250544,6.0,0.005863248825739795,0.2540598777923858,0.0016470894595621167,0.02073131030867892,0.0,0.018640972661330295,-0.007166913517253069,0.0,0.0006460636272721757,0.00746074094995392,0.0,"[0.04450704801781733, 1.3328962874535588, -1.1415586000720388, -0.15094057662950128, 1.5203356982523752, 1.0996771982762732, 0.03397261159793135, 1.5344387358077864, 1.0153400793182545]"
cube,183,/home/humanoid/Programs/hand/results/phase1/run_20260413_pollard_multiscene_500_run2/cube/generated_mjcf/scene_cube_tn0d0061p0d0135p0d0031_ip0d0009n0d0192p0d0099_mp0d0008p0d0086p0d0098.xml,cube_s1,True,0.012,4.0,3.0,3.0,5.2167753703607955,0.04787524533415831,7.0,0.0049527296106257465,0.24032711005176755,-0.006124041163500725,0.01348762563825465,0.003063555658450347,0.0008658191334914387,-0.019187756292742966,0.009946785525691476,0.0008247528584014556,0.008646561502834105,0.009803886638379881,"[0.14396919188861243, 1.4433168982123008, -0.9610501064489129, -0.21597678602589693, 1.62355791555873, 0.6894423420264776, 0.28596544965624304, 1.510907960805811, 0.9132080680226535]"
cube,184,/home/humanoid/Programs/hand/results/phase1/run_20260413_pollard_multiscene_500_run2/cube/generated_mjcf/scene_cube_tp0d0067p0d0188p0d0113_ip0d0058n0d0101p0d0000_mp0d0090p0d0092p0d0053.xml,cube_s0,True,0.012,4.0,3.0,3.0,5.291034682376245,0.054494170789712026,7.0,0.006622555752104559,0.8627124533807898,0.00674552063868359,0.01875844570534435,0.011269136853523525,0.00584627774575262,-0.010051085845152196,0.0,0.009021495589241701,0.009187286818277404,0.005298283897151278,"[0.04450704801781733, 1.3328962874535588, -1.1415586000720388, -0.15094057662950128, 1.5203356982523752, 1.0996771982762732, 0.03397261159793135, 1.5344387358077864, 1.0153400793182545]"
cube,185,/home/humanoid/Programs/hand/results/phase1/run_20260413_pollard_multiscene_500_run2/cube/generated_mjcf/scene_cube_tn0d0076p0d0293p0d0095_ip0d0164n0d0030p0d0000_mn0d0008p0d0251p0d0018.xml,cube_s0,True,0.012,4.0,3.0,3.0,4.926312147823681,0.05233483811562777,6.0,0.005243855763094214,0.45150616735080845,-0.007579144053407563,0.02926402140053649,0.009526551407758252,0.016445449506548186,-0.0030376445306050295,0.0,-0.000757042771043057,0.025099540621265633,0.0018448931286065753,"[0.04450704801781733, 1.3328962874535588, -1.1415586000720388, -0.15094057662950128, 1.5203356982523752, 1.0996771982762732, 0.03397261159793135, 1.5344387358077864, 1.0153400793182545]"
cube,186,/home/humanoid/Programs/hand/results/phase1/run_20260413_pollard_multiscene_500_run2/cube/generated_mjcf/scene_cube_tn0d0109p0d0266p0d0000_ip0d0208n0d0007p0d0025_mp0d0198p0d0119p0d0000.xml,cube_s0,True,0.012,4.0,3.0,3.0,5.371219746031237,0.05226883776432867,7.0,0.004889468398903307,0.15189127526766255,-0.01094530967303526,0.026622520374406416,0.0,0.02084817749367661,-0.0006692405604083445,0.0024633831944326275,0.019788114268166283,0.011869035729068184,0.0,"[0.04450704801781733, 1.3328962874535588, -1.1415586000720388, -0.15094057662950128, 1.5203356982523752, 1.0996771982762732, 0.03397261159793135, 1.5344387358077864, 1.0153400793182545]"
cube,187,/home/humanoid/Programs/hand/results/phase1/run_20260413_pollard_multiscene_500_run2/cube/generated_mjcf/scene_cube_tp0d0055p0d0214p0d0000_ip0d0064n0d0241p0d0000_mp0d0092p0d0120p0d0006.xml,cube_s2,True,0.012,4.0,3.0,3.0,5.220943408725394,0.049951673073045606,7.0,0.004881889486671246,0.6246323128695193,0.005524128560409666,0.021412513004040876,0.0,0.006369495553362655,-0.02409273098003277,0.0,0.0092245498650162,0.011986839827390296,0.0005794426517732355,"[0.01670650338203123, 1.4136920396922736, -1.1988183472931673, -0.1406929477397738, 1.5018848386318775, 1.112227418303088, 0.08524100279782254, 1.4630081260980572, 1.1262163305485497]"
cube,188,/home/humanoid/Programs/hand/results/phase1/run_20260413_pollard_multiscene_500_run2/cube/generated_mjcf/scene_cube_tn0d0113p0d0300p0d0000_ip0d0000n0d0098p0d0041_mp0d0057p0d0253p0d0000.xml,cube_s2,True,0.012,4.0,3.0,3.0,4.936926113779674,0.0518416464406069,6.0,0.004923275891025043,0.16166030471953222,-0.011292589471460104,0.03,0.0,1.896314324718526e-05,-0.009754604433349351,0.004105129779418168,0.0057010780266160835,0.025270931042320165,0.0,"[0.01670650338203123, 1.4136920396922736, -1.1988183472931673, -0.1406929477397738, 1.5018848386318775, 1.112227418303088, 0.08524100279782254, 1.4630081260980572, 1.1262163305485497]"
cube,189,/home/humanoid/Programs/hand/results/phase1/run_20260413_pollard_multiscene_500_run2/cube/generated_mjcf/scene_cube_tn0d0079p0d0282p0d0000_ip0d0114n0d0059p0d0000_mp0d0194p0d0087p0d0000.xml,cube_s0,True,0.012,4.0,3.0,3.0,5.014898840802654,0.054155708347874934,6.0,0.005527120160123386,0.18411039763848427,-0.007871923122523284,0.02824721477700434,0.0,0.011434791023358513,-0.005873051273154057,0.0,0.019370976136729598,0.00867365001472788,0.0,"[0.04450704801781733, 1.3328962874535588, -1.1415586000720388, -0.15094057662950128, 1.5203356982523752, 1.0996771982762732, 0.03397261159793135, 1.5344387358077864, 1.0153400793182545]"
cube,190,/home/humanoid/Programs/hand/results/phase1/run_20260413_pollard_multiscene_500_run2/cube/generated_mjcf/scene_cube_tn0d0079p0d0137p0d0027_ip0d0124n0d0151p0d0000_mp0d0088p0d0098p0d0119.xml,cube_s0,True,0.012,4.0,3.0,3.0,5.070102342961008,0.057058485015489185,6.0,0.00514024489769536,0.6423632582231155,-0.007922255873662335,0.01371029600381386,0.002721329818083271,0.012447962530512873,-0.01514861068170811,0.0,0.008759742605920662,0.009773312969026872,0.011886714086111382,"[0.04450704801781733, 1.3328962874535588, -1.1415586000720388, -0.15094057662950128, 1.5203356982523752, 1.0996771982762732, 0.03397261159793135, 1.5344387358077864, 1.0153400793182545]"
cube,191,/home/humanoid/Programs/hand/results/phase1/run_20260413_pollard_multiscene_500_run2/cube/generated_mjcf/scene_cube_tp0d0019p0d0293p0d0046_ip0d0002n0d0125p0d0108_mp0d0108p0d0067p0d0063.xml,cube_s2,True,0.012,4.0,2.0,3.0,3.988348740035554,0.05019449676799284,4.0,0.009561755329546775,0.791499002557584,0.0018830516039466342,0.029256296294360287,0.004590055672901827,0.00019418877198786565,-0.012523302376143691,0.010792955576711082,0.010752739267010073,0.006693250662758721,0.006299504218256629,"[0.01670650338203123, 1.4136920396922736, -1.1988183472931673, -0.1406929477397738, 1.5018848386318775, 1.112227418303088, 0.08524100279782254, 1.4630081260980572, 1.1262163305485497]"
cube,192,/home/humanoid/Programs/hand/results/phase1/run_20260413_pollard_multiscene_500_run2/cube/generated_mjcf/scene_cube_tp0d0067p0d0256p0d0039_ip0d0184n0d0140p0d0000_mp0d0195p0d0054p0d0113.xml,cube_s2,True,0.012,4.0,3.0,3.0,4.6232893351697095,0.0542170482130299,5.0,0.005381516095625966,0.22464974378742592,0.006672177446761959,0.025628884167786206,0.0038572142634211992,0.01842128999050232,-0.01397234999711339,0.0,0.019494678344776084,0.00535814621895145,0.011258684809489543,"[0.01670650338203123, 1.4136920396922736, -1.1988183472931673, -0.1406929477397738, 1.5018848386318775, 1.112227418303088, 0.08524100279782254, 1.4630081260980572, 1.1262163305485497]"
cube,193,/home/humanoid/Programs/hand/results/phase1/run_20260413_pollard_multiscene_500_run2/cube/generated_mjcf/scene_cube_tn0d0077p0d0160p0d0072_ip0d0010n0d0154p0d0036_mp0d0059p0d0236p0d0000.xml,cube_s1,True,0.012,4.0,3.0,3.0,4.834966346054239,0.050017836273538285,6.0,0.005708274693299706,0.2835739108512861,-0.00771825165600488,0.016023573175587044,0.007244651236789669,0.0009979894119062204,-0.015350633875943372,0.0035716783631282913,0.005934109057548915,0.023579488684636142,0.0,"[0.14396919188861243, 1.4433168982123008, -0.9610501064489129, -0.21597678602589693, 1.62355791555873, 0.6894423420264776, 0.28596544965624304, 1.510907960805811, 0.9132080680226535]"
cube,194,/home/humanoid/Programs/hand/results/phase1/run_20260413_pollard_multiscene_500_run2/cube/generated_mjcf/scene_cube_tp0d0022p0d0165p0d0000_ip0d0047n0d0047p0d0000_mp0d0063p0d0246p0d0100.xml,cube_s2,True,0.012,4.0,2.0,3.0,4.883088995673641,0.049284004174293856,6.0,0.007893467265248278,0.07827159192446671,0.002155875607059588,0.016463019431581197,0.0,0.004682261512893564,-0.004712124701702984,0.0,0.0062873914158132205,0.024625541596942857,0.00997814352824699,"[0.01670650338203123, 1.4136920396922736, -1.1988183472931673, -0.1406929477397738, 1.5018848386318775, 1.112227418303088, 0.08524100279782254, 1.4630081260980572, 1.1262163305485497]"
cube,195,/home/humanoid/Programs/hand/results/phase1/run_20260413_pollard_multiscene_500_run2/cube/generated_mjcf/scene_cube_tp0d0018p0d0106p0d0000_ip0d0170n0d0152p0d0103_mp0d0071p0d0270p0d0037.xml,cube_s2,True,0.012,4.0,2.0,3.0,4.062268499362089,0.05013568887569635,4.0,0.0107276715804705,0.12175332833886995,0.0017769351336203425,0.010649600421908078,0.0,0.01699612895829177,-0.015198481678962258,0.010277068222255922,0.007100374659333967,0.026988793720779093,0.0037334332006010336,"[0.01670650338203123, 1.4136920396922736, -1.1988183472931673, -0.1406929477397738, 1.5018848386318775, 1.112227418303088, 0.08524100279782254, 1.4630081260980572, 1.1262163305485497]"
cube,196,/home/humanoid/Programs/hand/results/phase1/run_20260413_pollard_multiscene_500_run2/cube/generated_mjcf/scene_cube_tn0d0053p0d0211p0d0072_ip0d0040n0d0172p0d0000_mp0d0067p0d0258p0d0035.xml,cube_s0,True,0.012,4.0,3.0,3.0,4.880400302571334,0.05256632706234381,6.0,0.005085016089804779,0.20666672260887006,-0.0053098841582090335,0.021132674117052504,0.007208012367465232,0.003956516461473281,-0.017214401410508604,0.0,0.006708835529898857,0.025847389121555535,0.0035319824742441833,"[0.04450704801781733, 1.3328962874535588, -1.1415586000720388, -0.15094057662950128, 1.5203356982523752, 1.0996771982762732, 0.03397261159793135, 1.5344387358077864, 1.0153400793182545]"
cube,197,/home/humanoid/Programs/hand/results/phase1/run_20260413_pollard_multiscene_500_run2/cube/generated_mjcf/scene_cube_tp0d0022p0d0300p0d0000_ip0d0145n0d0203p0d0080_mp0d0059p0d0148p0d0000.xml,cube_s2,True,0.012,4.0,3.0,3.0,4.487140791461986,0.04969763628817417,5.0,0.007232303129182573,0.09582240268095724,0.0021564249091571043,0.03,0.0,0.014468781203926235,-0.020254798853280895,0.008013052781932012,0.0058755062034899115,0.014774526273414537,0.0,"[0.01670650338203123, 1.4136920396922736, -1.1988183472931673, -0.1406929477397738, 1.5018848386318775, 1.112227418303088, 0.08524100279782254, 1.4630081260980572, 1.1262163305485497]"
cube,198,/home/humanoid/Programs/hand/results/phase1/run_20260413_pollard_multiscene_500_run2/cube/generated_mjcf/scene_cube_tn0d0085p0d0275p0d0042_in0d0019n0d0060p0d0030_mp0d0208p0d0256p0d0000.xml,cube_s0,True,0.012,4.0,2.0,3.0,4.942497830853533,0.05090634999963012,6.0,0.006013994822002802,0.10128444700278363,-0.008474962952994883,0.027544844041051023,0.0042187069829906915,-0.001881759480586151,-0.006017930301457348,0.0030434827684328956,0.020751674831435835,0.025630698873934675,0.0,"[0.04450704801781733, 1.3328962874535588, -1.1415586000720388, -0.15094057662950128, 1.5203356982523752, 1.0996771982762732, 0.03397261159793135, 1.5344387358077864, 1.0153400793182545]"
cube,199,/home/humanoid/Programs/hand/results/phase1/run_20260413_pollard_multiscene_500_run2/cube/generated_mjcf/scene_cube_tn0d0093p0d0181p0d0000_ip0d0100n0d0183p0d0000_mn0d0005p0d0214p0d0000.xml,cube_s2,True,0.012,4.0,3.0,3.0,4.984043208126227,0.05023189957060644,7.0,0.005200649704144118,2.1106497288434656,-0.009332624553411184,0.01806849608943887,0.0,0.010000531041565066,-0.018317445898405317,0.0,-0.00046335726395006424,0.021357809487047297,0.0,"[0.01670650338203123, 1.4136920396922736, -1.1988183472931673, -0.1406929477397738, 1.5018848386318775, 1.112227418303088, 0.08524100279782254, 1.4630081260980572, 1.1262163305485497]"
cube,200,/home/humanoid/Programs/hand/results/phase1/run_20260413_pollard_multiscene_500_run2/cube/generated_mjcf/scene_cube_tp0d0043p0d0146p0d0082_ip0d0037n0d0214p0d0067_mp0d0035p0d0075p0d0017.xml,cube_s0,True,0.012,4.0,3.0,3.0,4.84971339764732,0.05238187570207127,6.0,0.005373183781571446,0.3788853541831386,0.00433975812341485,0.014641479233585792,0.00819268659890612,0.0037178996504195006,-0.021405517517139025,0.006744157953358632,0.003474166052851514,0.0074895616345749694,0.0017029246504212722,"[0.04450704801781733, 1.3328962874535588, -1.1415586000720388, -0.15094057662950128, 1.5203356982523752, 1.0996771982762732, 0.03397261159793135, 1.5344387358077864, 1.0153400793182545]"
cube,201,/home/humanoid/Programs/hand/results/phase1/run_20260413_pollard_multiscene_500_run2/cube/generated_mjcf/scene_cube_tn0d0105p0d0214p0d0000_ip0d0083n0d0143p0d0000_mn0d0000p0d0174p0d0000.xml,cube_s0,True,0.012,4.0,3.0,3.0,4.955386621328598,0.05393808395877088,6.0,0.004991638242961498,0.20289336647536507,-0.010500790107284589,0.02140432770793027,0.0,0.008281450060615545,-0.014333063935340966,0.0,-3.0320783561186768e-05,0.017389064274110563,0.0,"[0.04450704801781733, 1.3328962874535588, -1.1415586000720388, -0.15094057662950128, 1.5203356982523752, 1.0996771982762732, 0.03397261159793135, 1.5344387358077864, 1.0153400793182545]"
cube,202,/home/humanoid/Programs/hand/results/phase1/run_20260413_pollard_multiscene_500_run2/cube/generated_mjcf/scene_cube_tp0d0056p0d0168p0d0000_ip0d0208n0d0238p0d0030_mn0d0016p0d0125p0d0000.xml,cube_s2,True,0.012,4.0,3.0,3.0,4.97155351280682,0.053259080515751414,6.0,0.004987560017018082,0.07847136936135782,0.005561306286262741,0.01684537198761257,0.0,0.02082503109106207,-0.0237630864305896,0.0030471449279324964,-0.0015712075422167678,0.012468062242123311,0.0,"[0.01670650338203123, 1.4136920396922736, -1.1988183472931673, -0.1406929477397738, 1.5018848386318775, 1.112227418303088, 0.08524100279782254, 1.4630081260980572, 1.1262163305485497]"
cube,203,/home/humanoid/Programs/hand/results/phase1/run_20260413_pollard_multiscene_500_run2/cube/generated_mjcf/scene_cube_tn0d0101p0d0268p0d0017_in0d0001n0d0008p0d0000_mp0d0098p0d0040p0d0000.xml,cube_s2,True,0.012,4.0,3.0,3.0,4.748468023390924,0.05173686151174999,6.0,0.005909177859818233,1.3893561349065682,-0.010071792123051598,0.026796554965191104,0.0017246215799356143,-0.00014392769721268718,-0.0008479304860448244,0.0,0.009809882367594778,0.004032230339763861,0.0,"[0.01670650338203123, 1.4136920396922736, -1.1988183472931673, -0.1406929477397738, 1.5018848386318775, 1.112227418303088, 0.08524100279782254, 1.4630081260980572, 1.1262163305485497]"
cube,204,/home/humanoid/Programs/hand/results/phase1/run_20260413_pollard_multiscene_500_run2/cube/generated_mjcf/scene_cube_tn0d0002p0d0286p0d0043_ip0d0065n0d0199p0d0000_mp0d0059p0d0048p0d0000.xml,cube_s2,True,0.012,4.0,3.0,3.0,4.021653643080255,0.04943372585694257,4.0,0.008867106739771315,0.42669318910891246,-0.0002021810662841579,0.028551378760065353,0.004261095795399832,0.006454661361814582,-0.019876773530676677,0.0,0.005884300171022228,0.00480782853712527,0.0,"[0.01670650338203123, 1.4136920396922736, -1.1988183472931673, -0.1406929477397738, 1.5018848386318775, 1.112227418303088, 0.08524100279782254, 1.4630081260980572, 1.1262163305485497]"
cube,206,/home/humanoid/Programs/hand/results/phase1/run_20260413_pollard_multiscene_500_run2/cube/generated_mjcf/scene_cube_tp0d0077p0d0123p0d0000_ip0d0209n0d0193p0d0000_mp0d0020p0d0111p0d0000.xml,cube_s1,True,0.012,4.0,3.0,3.0,4.6805490348681875,0.051217375644692496,6.0,0.005520713875527606,1.6799189536343786,0.007725404707774584,0.012289821737621096,0.0,0.02089606498753578,-0.019301676188381724,0.0,0.00201339210259017,0.011099656579559913,0.0,"[0.14396919188861243, 1.4433168982123008, -0.9610501064489129, -0.21597678602589693, 1.62355791555873, 0.6894423420264776, 0.28596544965624304, 1.510907960805811, 0.9132080680226535]"
cube,207,/home/humanoid/Programs/hand/results/phase1/run_20260413_pollard_multiscene_500_run2/cube/generated_mjcf/scene_cube_tp0d0026p0d0207p0d0110_ip0d0174n0d0065p0d0000_mp0d0053p0d0143p0d0000.xml,cube_s0,True,0.012,4.0,3.0,3.0,5.21173406059902,0.05128171628803137,7.0,0.005036201586374496,0.43071423264427483,0.00258495564686813,0.02069911329584996,0.010962643851090574,0.01738795186372892,-0.006457234525400016,0.0,0.005268949493629474,0.014280105921970699,0.0,"[0.04450704801781733, 1.3328962874535588, -1.1415586000720388, -0.15094057662950128, 1.5203356982523752, 1.0996771982762732, 0.03397261159793135, 1.5344387358077864, 1.0153400793182545]"
cube,208,/home/humanoid/Programs/hand/results/phase1/run_20260413_pollard_multiscene_500_run2/cube/generated_mjcf/scene_cube_tn0d0075p0d0127p0d0000_ip0d0061n0d0017p0d0025_mp0d0189p0d0057p0d0000.xml,cube_s1,True,0.012,4.0,3.0,3.0,4.946100529267863,0.051388879879615705,6.0,0.006014057997619861,0.20605754131873624,-0.007541185456607181,0.012720330103871616,0.0,0.006068945183136646,-0.0017135969398752223,0.002520631410691936,0.018875773155536048,0.005666852414929724,0.0,"[0.14396919188861243, 1.4433168982123008, -0.9610501064489129, -0.21597678602589693, 1.62355791555873, 0.6894423420264776, 0.28596544965624304, 1.510907960805811, 0.9132080680226535]"
cube,209,/home/humanoid/Programs/hand/results/phase1/run_20260413_pollard_multiscene_500_run2/cube/generated_mjcf/scene_cube_tp0d0080p0d0185p0d0012_ip0d0045n0d0139p0d0000_mp0d0218p0d0165p0d0000.xml,cube_s2,True,0.012,4.0,3.0,3.0,4.914064181305639,0.050035240773358344,6.0,0.006541517121375764,0.07874886179733692,0.008009543041537861,0.01849580852523615,0.0012160635687190995,0.004545161135832775,-0.013902840430843947,0.0,0.021799144081568696,0.01649161773793147,0.0,"[0.01670650338203123, 1.4136920396922736, -1.1988183472931673, -0.1406929477397738, 1.5018848386318775, 1.112227418303088, 0.08524100279782254, 1.4630081260980572, 1.1262163305485497]"
cube,210,/home/humanoid/Programs/hand/results/phase1/run_20260413_pollard_multiscene_500_run2/cube/generated_mjcf/scene_cube_tp0d0084p0d0183p0d0032_ip0d0018n0d0148p0d0000_mp0d0099p0d0230p0d0000.xml,cube_s1,True,0.012,4.0,3.0,3.0,4.452830460224353,0.049594646304016485,6.0,0.007386466130657123,2.54776302071558,0.008437855756050418,0.018321910618821588,0.0032447348294870563,0.001774035165684324,-0.014805875470069332,0.0,0.009934062318164237,0.02297414626775439,0.0,"[0.14396919188861243, 1.4433168982123008, -0.9610501064489129, -0.21597678602589693, 1.62355791555873, 0.6894423420264776, 0.28596544965624304, 1.510907960805811, 0.9132080680226535]"
cube,211,/home/humanoid/Programs/hand/results/phase1/run_20260413_pollard_multiscene_500_run2/cube/generated_mjcf/scene_cube_tn0d0047p0d0144p0d0000_ip0d0093n0d0180p0d0000_mp0d0028p0d0172p0d0000.xml,cube_s0,True,0.012,4.0,3.0,3.0,4.772577495579026,0.049954078429940145,6.0,0.004894877901693955,0.997035469969863,-0.004740005191379473,0.014426123005675029,0.0,0.009336022162219368,-0.01795692563587443,0.0,0.0027816673199039963,0.017175738094334703,0.0,"[0.04450704801781733, 1.3328962874535588, -1.1415586000720388, -0.15094057662950128, 1.5203356982523752, 1.0996771982762732, 0.03397261159793135, 1.5344387358077864, 1.0153400793182545]"
cube,212,/home/humanoid/Programs/hand/results/phase1/run_20260413_pollard_multiscene_500_run2/cube/generated_mjcf/scene_cube_tn0d0040p0d0142p0d0000_ip0d0023n0d0182p0d0081_mp0d0033p0d0232p0d0058.xml,cube_s1,True,0.012,4.0,3.0,3.0,4.966204062125594,0.05177590579051518,6.0,0.00528383141760895,0.06224431845342509,-0.00403609409022875,0.014205866070954665,0.0,0.0023294378827807428,-0.018192462569061693,0.008144399751782865,0.0033094172629732008,0.023181547653119555,0.005839190597031859,"[0.14396919188861243, 1.4433168982123008, -0.9610501064489129, -0.21597678602589693, 1.62355791555873, 0.6894423420264776, 0.28596544965624304, 1.510907960805811, 0.9132080680226535]"
cube,213,/home/humanoid/Programs/hand/results/phase1/run_20260413_pollard_multiscene_500_run2/cube/generated_mjcf/scene_cube_tp0d0114p0d0261p0d0000_ip0d0206n0d0041p0d0000_mp0d0084p0d0040p0d0000.xml,cube_s2,True,0.012,4.0,3.0,3.0,5.014526092804424,0.05300532644940551,6.0,0.005478188483631772,0.01740620840047419,0.011383068446832144,0.026086163461476453,0.0,0.020561026075589607,-0.004089729095602563,0.0,0.008406134637600387,0.004042902804046244,0.0,"[0.01670650338203123, 1.4136920396922736, -1.1988183472931673, -0.1406929477397738, 1.5018848386318775, 1.112227418303088, 0.08524100279782254, 1.4630081260980572, 1.1262163305485497]"
cube,214,/home/humanoid/Programs/hand/results/phase1/run_20260413_pollard_multiscene_500_run2/cube/generated_mjcf/scene_cube_tp0d0052p0d0107p0d0118_in0d0015n0d0005p0d0000_mp0d0091p0d0164p0d0000.xml,cube_s2,True,0.012,4.0,2.0,3.0,4.451031748972918,0.0495823905958748,5.0,0.007720509340128914,0.3111798732479824,0.005157266769256267,0.010652643185760103,0.01180187743075043,-0.0014796206306259777,-0.0005166369421601685,0.0,0.009060765136741021,0.016391314855483393,0.0,"[0.01670650338203123, 1.4136920396922736, -1.1988183472931673, -0.1406929477397738, 1.5018848386318775, 1.112227418303088, 0.08524100279782254, 1.4630081260980572, 1.1262163305485497]"
cube,215,/home/humanoid/Programs/hand/results/phase1/run_20260413_pollard_multiscene_500_run2/cube/generated_mjcf/scene_cube_tn0d0067p0d0092p0d0078_ip0d0213n0d0213p0d0086_mp0d0153p0d0213p0d0000.xml,cube_s2,True,0.012,4.0,3.0,3.0,4.549720372125229,0.050743209201737347,5.0,0.006438063527000481,0.030779442913348675,-0.006708058313022306,0.009213660685445347,0.007762392106353707,0.0213354249050623,-0.021286620578137176,0.008635940125201812,0.015292946730816092,0.021305408188239255,0.0,"[0.01670650338203123, 1.4136920396922736, -1.1988183472931673, -0.1406929477397738, 1.5018848386318775, 1.112227418303088, 0.08524100279782254, 1.4630081260980572, 1.1262163305485497]"
cube,216,/home/humanoid/Programs/hand/results/phase1/run_20260413_pollard_multiscene_500_run2/cube/generated_mjcf/scene_cube_tn0d0106p0d0246p0d0111_ip0d0138n0d0187p0d0009_mp0d0009p0d0205p0d0041.xml,cube_s1,True,0.012,4.0,3.0,3.0,4.940567992762356,0.05085701501377783,6.0,0.006501608120856803,0.06916074909837204,-0.010618202159571382,0.024570154966587918,0.011091034286356438,0.013810197920546557,-0.018682744474052514,0.0008816463383836057,0.000920203433224737,0.020529085107590155,0.004148740653331526,"[0.14396919188861243, 1.4433168982123008, -0.9610501064489129, -0.21597678602589693, 1.62355791555873, 0.6894423420264776, 0.28596544965624304, 1.510907960805811, 0.9132080680226535]"
cube,217,/home/humanoid/Programs/hand/results/phase1/run_20260413_pollard_multiscene_500_run2/cube/generated_mjcf/scene_cube_tn0d0013p0d0082p0d0000_ip0d0144n0d0077p0d0018_mp0d0035p0d0192p0d0000.xml,cube_s0,True,0.012,4.0,3.0,3.0,4.034970016702625,0.04928166084475375,4.0,0.010727696148060538,0.13712785877447403,-0.0012769440151296722,0.008207947848866467,0.0,0.014367464472860894,-0.007682079760128633,0.0018050238451683114,0.0034645893469029436,0.019215158092247116,0.0,"[0.04450704801781733, 1.3328962874535588, -1.1415586000720388, -0.15094057662950128, 1.5203356982523752, 1.0996771982762732, 0.03397261159793135, 1.5344387358077864, 1.0153400793182545]"
cube,218,/home/humanoid/Programs/hand/results/phase1/run_20260413_pollard_multiscene_500_run2/cube/generated_mjcf/scene_cube_tp0d0031p0d0217p0d0000_ip0d0033n0d0069p0d0000_mp0d0018p0d0185p0d0039.xml,cube_s1,True,0.012,4.0,3.0,3.0,5.090539345107895,0.04926957752302441,7.0,0.00492502107344487,0.9273859694450894,0.0030643337970542965,0.021735629790901958,0.0,0.003259984998778856,-0.006910015120126513,0.0,0.0017765117936147622,0.018486338857577528,0.003854988740890814,"[0.14396919188861243, 1.4433168982123008, -0.9610501064489129, -0.21597678602589693, 1.62355791555873, 0.6894423420264776, 0.28596544965624304, 1.510907960805811, 0.9132080680226535]"
cube,219,/home/humanoid/Programs/hand/results/phase1/run_20260413_pollard_multiscene_500_run2/cube/generated_mjcf/scene_cube_tn0d0096p0d0143p0d0000_ip0d0199n0d0241p0d0000_mp0d0018p0d0145p0d0098.xml,cube_s0,True,0.012,4.0,3.0,3.0,4.9259195282101,0.05232475952981615,6.0,0.004994427102552777,0.28349603799265094,-0.009552741642320943,0.014294919368854606,0.0,0.019931955097158255,-0.024098723637486875,0.0,0.001763704178351715,0.014507877048380777,0.009764096577343173,"[0.04450704801781733, 1.3328962874535588, -1.1415586000720388, -0.15094057662950128, 1.5203356982523752, 1.0996771982762732, 0.03397261159793135, 1.5344387358077864, 1.0153400793182545]"
cube,220,/home/humanoid/Programs/hand/results/phase1/run_20260413_pollard_multiscene_500_run2/cube/generated_mjcf/scene_cube_tp0d0050p0d0166p0d0000_ip0d0149n0d0113p0d0053_mn0d0009p0d0075p0d0000.xml,cube_s2,True,0.012,4.0,3.0,3.0,4.968271375756507,0.05832903729469671,6.0,0.006458106220246854,1.2236108259320335,0.0049770330315987155,0.016644170110704855,0.0,0.014920291210715418,-0.011294019048296643,0.0052869592715543215,-0.0009234731340144204,0.007455374979847362,0.0,"[0.01670650338203123, 1.4136920396922736, -1.1988183472931673, -0.1406929477397738, 1.5018848386318775, 1.112227418303088, 0.08524100279782254, 1.4630081260980572, 1.1262163305485497]"
cube,221,/home/humanoid/Programs/hand/results/phase1/run_20260413_pollard_multiscene_500_run2/cube/generated_mjcf/scene_cube_tn0d0008p0d0217p0d0015_ip0d0110n0d0107p0d0000_mp0d0047p0d0157p0d0000.xml,cube_s0,True,0.012,4.0,3.0,3.0,5.160939854393391,0.05116467307604126,7.0,0.004936147428964917,0.7097850740952081,-0.0008031192769778952,0.02166670448785033,0.001490255873888683,0.011029975886306324,-0.010713207814525373,0.0,0.004691508371224975,0.015735108981150926,0.0,"[0.04450704801781733, 1.3328962874535588, -1.1415586000720388, -0.15094057662950128, 1.5203356982523752, 1.0996771982762732, 0.03397261159793135, 1.5344387358077864, 1.0153400793182545]"
cube,222,/home/humanoid/Programs/hand/results/phase1/run_20260413_pollard_multiscene_500_run2/cube/generated_mjcf/scene_cube_tp0d0060p0d0300p0d0000_ip0d0168n0d0189p0d0000_mn0d0012p0d0266p0d0015.xml,cube_s2,True,0.012,4.0,3.0,3.0,4.1941925289120245,0.049696597578987735,5.0,0.0065732950609173335,1.7793863930870077,0.005982512874455746,0.03,0.0,0.01677585138666949,-0.01892801061196864,0.0,-0.001195083786028438,0.026558059126059096,0.0014902945294227848,"[0.01670650338203123, 1.4136920396922736, -1.1988183472931673, -0.1406929477397738, 1.5018848386318775, 1.112227418303088, 0.08524100279782254, 1.4630081260980572, 1.1262163305485497]"
cube,223,/home/humanoid/Programs/hand/results/phase1/run_20260413_pollard_multiscene_500_run2/cube/generated_mjcf/scene_cube_tn0d0100p0d0157p0d0115_in0d0006n0d0023p0d0000_mn0d0001p0d0183p0d0095.xml,cube_s1,True,0.012,4.0,3.0,3.0,4.911302440561002,0.05039623128233986,6.0,0.007395294148653749,0.08999533386447954,-0.010042045626139749,0.01571733522921598,0.011454745589257506,-0.0005590098185030423,-0.0022702534687448223,0.0,-0.0001307095736232007,0.018291499373159582,0.009509675286206443,"[0.14396919188861243, 1.4433168982123008, -0.9610501064489129, -0.21597678602589693, 1.62355791555873, 0.6894423420264776, 0.28596544965624304, 1.510907960805811, 0.9132080680226535]"
cube,224,/home/humanoid/Programs/hand/results/phase1/run_20260413_pollard_multiscene_500_run2/cube/generated_mjcf/scene_cube_tn0d0032p0d0163p0d0000_ip0d0055n0d0227p0d0001_mp0d0062p0d0073p0d0053.xml,cube_s1,True,0.012,4.0,3.0,3.0,5.178711222178101,0.0503739382778121,7.0,0.005380356015762183,0.6099505835788314,-0.003206023096601387,0.016318901566531582,0.0,0.005469932523932257,-0.022679238364403775,0.00012650587897891467,0.0061976339362588805,0.007287415170120487,0.005336885494463008,"[0.14396919188861243, 1.4433168982123008, -0.9610501064489129, -0.21597678602589693, 1.62355791555873, 0.6894423420264776, 0.28596544965624304, 1.510907960805811, 0.9132080680226535]"
cube,225,/home/humanoid/Programs/hand/results/phase1/run_20260413_pollard_multiscene_500_run2/cube/generated_mjcf/scene_cube_tp0d0094p0d0274p0d0000_ip0d0199n0d0145p0d0100_mp0d0000p0d0269p0d0000.xml,cube_s2,True,0.012,4.0,3.0,3.0,4.881467585321197,0.05361688073129451,6.0,0.004941534816407002,0.5146064290639374,0.009437691326738953,0.02737170570873626,0.0,0.019924961742623107,-0.014488606505171338,0.009950090735285678,7.2792667555523355e-06,0.026910958156789684,0.0,"[0.01670650338203123, 1.4136920396922736, -1.1988183472931673, -0.1406929477397738, 1.5018848386318775, 1.112227418303088, 0.08524100279782254, 1.4630081260980572, 1.1262163305485497]"
cube,226,/home/humanoid/Programs/hand/results/phase1/run_20260413_pollard_multiscene_500_run2/cube/generated_mjcf/scene_cube_tp0d0059p0d0251p0d0062_ip0d0039n0d0063p0d0003_mn0d0009p0d0056p0d0000.xml,cube_s0,True,0.012,4.0,3.0,3.0,4.751219056642536,0.04892567407172283,6.0,0.005313000132818871,0.7264608716786047,0.005890195392200037,0.025145911494812493,0.006172020864999916,0.0038719373070722294,-0.006349688358739556,0.00030962863382305236,-0.0008708134120405647,0.005640698307909073,0.0,"[0.04450704801781733, 1.3328962874535588, -1.1415586000720388, -0.15094057662950128, 1.5203356982523752, 1.0996771982762732, 0.03397261159793135, 1.5344387358077864, 1.0153400793182545]"
cube,227,/home/humanoid/Programs/hand/results/phase1/run_20260413_pollard_multiscene_500_run2/cube/generated_mjcf/scene_cube_tp0d0083p0d0182p0d0000_ip0d0108n0d0164p0d0000_mp0d0028p0d0117p0d0000.xml,cube_s2,True,0.012,4.0,3.0,3.0,5.007890023343456,0.05015418959312068,7.0,0.004837102095695863,1.3304331287723736,0.008338774720204351,0.01821398638179801,0.0,0.010837636468636409,-0.016374744784778288,0.0,0.00275684906579644,0.011731120066497104,0.0,"[0.01670650338203123, 1.4136920396922736, -1.1988183472931673, -0.1406929477397738, 1.5018848386318775, 1.112227418303088, 0.08524100279782254, 1.4630081260980572, 1.1262163305485497]"
cube,228,/home/humanoid/Programs/hand/results/phase1/run_20260413_pollard_multiscene_500_run2/cube/generated_mjcf/scene_cube_tp0d0018p0d0170p0d0000_ip0d0032n0d0128p0d0000_mp0d0192p0d0047p0d0036.xml,cube_s1,True,0.012,4.0,3.0,3.0,4.733251445684177,0.04865150653229926,6.0,0.005031124289775632,0.6391348879071248,0.0017785008989475558,0.017044118735223775,0.0,0.003186891827523349,-0.012818094553557719,0.0,0.01917602235967445,0.004697717154899158,0.0035502383157635774,"[0.14396919188861243, 1.4433168982123008, -0.9610501064489129, -0.21597678602589693, 1.62355791555873, 0.6894423420264776, 0.28596544965624304, 1.510907960805811, 0.9132080680226535]"
cube,229,/home/humanoid/Programs/hand/results/phase1/run_20260413_pollard_multiscene_500_run2/cube/generated_mjcf/scene_cube_tp0d0087p0d0300p0d0000_ip0d0077n0d0234p0d0000_mp0d0136p0d0114p0d0000.xml,cube_s2,True,0.012,4.0,2.0,3.0,3.8911156592923133,0.04965231064767078,4.0,0.011636751541102578,0.9144099616309038,0.008663651804597345,0.03,0.0,0.007674482461781696,-0.023444371696119334,0.0,0.013597677390840683,0.011417327075538986,0.0,"[0.01670650338203123, 1.4136920396922736, -1.1988183472931673, -0.1406929477397738, 1.5018848386318775, 1.112227418303088, 0.08524100279782254, 1.4630081260980572, 1.1262163305485497]"
cube,230,/home/humanoid/Programs/hand/results/phase1/run_20260413_pollard_multiscene_500_run2/cube/generated_mjcf/scene_cube_tn0d0007p0d0119p0d0014_ip0d0090n0d0004p0d0000_mp0d0132p0d0081p0d0000.xml,cube_s1,True,0.012,4.0,3.0,3.0,4.908057389400554,0.050369843304598365,6.0,0.006554752148300144,0.20877042324051806,-0.0007050571053624031,0.011895647447555467,0.0013904247007412648,0.00896790547894913,-0.00042462582777189235,0.0,0.013245101911400738,0.008085967284082467,0.0,"[0.14396919188861243, 1.4433168982123008, -0.9610501064489129, -0.21597678602589693, 1.62355791555873, 0.6894423420264776, 0.28596544965624304, 1.510907960805811, 0.9132080680226535]"
cube,231,/home/humanoid/Programs/hand/results/phase1/run_20260413_pollard_multiscene_500_run2/cube/generated_mjcf/scene_cube_tp0d0059p0d0199p0d0000_ip0d0193n0d0034p0d0000_mp0d0003p0d0115p0d0000.xml,cube_s0,True,0.012,4.0,3.0,3.0,5.221382097796215,0.05081757344146771,7.0,0.004888419444853107,0.21024238301114487,0.005938507318874558,0.01993184206212525,0.0,0.019339198063758577,-0.003368889853459343,0.0,0.0002719119063459754,0.011528792962369609,0.0,"[0.04450704801781733, 1.3328962874535588, -1.1415586000720388, -0.15094057662950128, 1.5203356982523752, 1.0996771982762732, 0.03397261159793135, 1.5344387358077864, 1.0153400793182545]"
cube,232,/home/humanoid/Programs/hand/results/phase1/run_20260413_pollard_multiscene_500_run2/cube/generated_mjcf/scene_cube_tp0d0059p0d0233p0d0001_in0d0016n0d0011p0d0000_mp0d0107p0d0137p0d0000.xml,cube_s0,True,0.012,4.0,3.0,3.0,5.308443752730269,0.051511169251749034,7.0,0.0051948086197270635,0.2071947052746136,0.005876933990951735,0.023325437825919636,0.00012344175559970104,-0.001607011923027096,-0.0011137859434267924,0.0,0.010658788458287707,0.013659464988546774,0.0,"[0.04450704801781733, 1.3328962874535588, -1.1415586000720388, -0.15094057662950128, 1.5203356982523752, 1.0996771982762732, 0.03397261159793135, 1.5344387358077864, 1.0153400793182545]"
cube,233,/home/humanoid/Programs/hand/results/phase1/run_20260413_pollard_multiscene_500_run2/cube/generated_mjcf/scene_cube_tp0d0094p0d0162p0d0016_ip0d0011n0d0230p0d0082_mp0d0011p0d0065p0d0038.xml,cube_s0,True,0.012,4.0,3.0,3.0,4.761348992831883,0.04606652433161345,7.0,0.005689624481206797,0.9030470905467576,0.009359930196395066,0.01623345201084577,0.0015625808053520377,0.00113350242596077,-0.023041464841855624,0.008165409870575673,0.0010928609572240285,0.006546084912352737,0.0037641457449223113,"[0.04450704801781733, 1.3328962874535588, -1.1415586000720388, -0.15094057662950128, 1.5203356982523752, 1.0996771982762732, 0.03397261159793135, 1.5344387358077864, 1.0153400793182545]"
cube,234,/home/humanoid/Programs/hand/results/phase1/run_20260413_pollard_multiscene_500_run2/cube/generated_mjcf/scene_cube_tn0d0068p0d0267p0d0000_in0d0013n0d0152p0d0088_mp0d0012p0d0034p0d0000.xml,cube_s2,True,0.012,4.0,3.0,3.0,4.520120501991292,0.05055183126374101,5.0,0.007137890608029101,0.12260503589240189,-0.006842359440174668,0.02674095924071578,0.0,-0.0012516321530277128,-0.01519729557625085,0.008807048636422697,0.0012271340009776168,0.0034269346338305414,0.0,"[0.01670650338203123, 1.4136920396922736, -1.1988183472931673, -0.1406929477397738, 1.5018848386318775, 1.112227418303088, 0.08524100279782254, 1.4630081260980572, 1.1262163305485497]"
cube,235,/home/humanoid/Programs/hand/results/phase1/run_20260413_pollard_multiscene_500_run2/cube/generated_mjcf/scene_cube_tn0d0012p0d0185p0d0000_ip0d0150n0d0039p0d0000_mp0d0202p0d0205p0d0000.xml,cube_s2,True,0.012,4.0,3.0,3.0,4.942848300604312,0.05047761080392765,6.0,0.006416919126185794,0.04321382490007731,-0.0012267169129464937,0.018511203439005447,0.0,0.015046761440901129,-0.003860181566608679,0.0,0.0202218044453141,0.02050055310976201,0.0,"[0.01670650338203123, 1.4136920396922736, -1.1988183472931673, -0.1406929477397738, 1.5018848386318775, 1.112227418303088, 0.08524100279782254, 1.4630081260980572, 1.1262163305485497]"
cube,236,/home/humanoid/Programs/hand/results/phase1/run_20260413_pollard_multiscene_500_run2/cube/generated_mjcf/scene_cube_tp0d0106p0d0174p0d0031_ip0d0022n0d0118p0d0000_mp0d0137p0d0106p0d0119.xml,cube_s2,True,0.012,4.0,2.0,3.0,4.412333493586554,0.05086178900979369,5.0,0.0074185762894823344,0.3729329403233098,0.010570503563294312,0.01742935650204407,0.0030783737719845897,0.0022113929704491346,-0.01179028890874476,0.0,0.013715263425300493,0.010640660788541539,0.011923749986019395,"[0.01670650338203123, 1.4136920396922736, -1.1988183472931673, -0.1406929477397738, 1.5018848386318775, 1.112227418303088, 0.08524100279782254, 1.4630081260980572, 1.1262163305485497]"
cube,237,/home/humanoid/Programs/hand/results/phase1/run_20260413_pollard_multiscene_500_run2/cube/generated_mjcf/scene_cube_tn0d0094p0d0215p0d0000_ip0d0051n0d0037p0d0000_mp0d0001p0d0208p0d0000.xml,cube_s1,True,0.012,4.0,3.0,3.0,4.933947912206388,0.05325246485188434,6.0,0.0051710669730497824,0.4741127189301725,-0.009386577061587999,0.021536170750964603,0.0,0.005090603042090099,-0.0036513302603408664,3.0621962382121684e-05,0.0001362800775741909,0.02078669139942211,0.0,"[0.14396919188861243, 1.4433168982123008, -0.9610501064489129, -0.21597678602589693, 1.62355791555873, 0.6894423420264776, 0.28596544965624304, 1.510907960805811, 0.9132080680226535]"
cube,238,/home/humanoid/Programs/hand/results/phase1/run_20260413_pollard_multiscene_500_run2/cube/generated_mjcf/scene_cube_tn0d0100p0d0196p0d0000_ip0d0120n0d0139p0d0024_mp0d0149p0d0270p0d0014.xml,cube_s0,True,0.012,4.0,3.0,3.0,5.021682834947299,0.05326779351802376,6.0,0.005788710607008129,0.0626983910627398,-0.010015544394671703,0.01962936837177262,0.0,0.012010903863657144,-0.013874930609055808,0.002421640382254354,0.014892154831109993,0.027047093881184453,0.0013830002601442452,"[0.04450704801781733, 1.3328962874535588, -1.1415586000720388, -0.15094057662950128, 1.5203356982523752, 1.0996771982762732, 0.03397261159793135, 1.5344387358077864, 1.0153400793182545]"
cube,239,/home/humanoid/Programs/hand/results/phase1/run_20260413_pollard_multiscene_500_run2/cube/generated_mjcf/scene_cube_tn0d0014p0d0251p0d0099_in0d0014n0d0234p0d0115_mp0d0111p0d0045p0d0038.xml,cube_s2,True,0.012,4.0,2.0,3.0,4.008749100521114,0.0495642634188934,4.0,0.009352265268151314,0.4847788166949482,-0.0014251822600559235,0.025089114689550506,0.009932616401398968,-0.0014478035283586408,-0.023434549415482668,0.011455759744305048,0.011104205335508101,0.004542639825632416,0.00384895126918975,"[0.01670650338203123, 1.4136920396922736, -1.1988183472931673, -0.1406929477397738, 1.5018848386318775, 1.112227418303088, 0.08524100279782254, 1.4630081260980572, 1.1262163305485497]"
cube,240,/home/humanoid/Programs/hand/results/phase1/run_20260413_pollard_multiscene_500_run2/cube/generated_mjcf/scene_cube_tn0d0097p0d0105p0d0000_ip0d0139n0d0046p0d0085_mp0d0073p0d0268p0d0000.xml,cube_s2,True,0.012,4.0,2.0,3.0,4.115279782657136,0.0500094125059505,4.0,0.011680677627099683,0.037065656649298465,-0.009683335844336121,0.010547451260416061,0.0,0.013928861329337636,-0.004617107265739084,0.008492867289802312,0.0072826999018936085,0.026824365469868522,0.0,"[0.01670650338203123, 1.4136920396922736, -1.1988183472931673, -0.1406929477397738, 1.5018848386318775, 1.112227418303088, 0.08524100279782254, 1.4630081260980572, 1.1262163305485497]"
cube,241,/home/humanoid/Programs/hand/results/phase1/run_20260413_pollard_multiscene_500_run2/cube/generated_mjcf/scene_cube_tp0d0041p0d0136p0d0050_ip0d0093n0d0236p0d0000_mp0d0051p0d0056p0d0045.xml,cube_s0,True,0.012,4.0,3.0,3.0,5.195071227534836,0.04969108606830186,8.0,0.005484281903485506,2.6685351062315124,0.0040971277273271905,0.013559094872586892,0.0049975779635624,0.00926415941715049,-0.023572964220321315,0.0,0.0051016658072987634,0.005637990037219874,0.004513815243508565,"[0.04450704801781733, 1.3328962874535588, -1.1415586000720388, -0.15094057662950128, 1.5203356982523752, 1.0996771982762732, 0.03397261159793135, 1.5344387358077864, 1.0153400793182545]"
cube,242,/home/humanoid/Programs/hand/results/phase1/run_20260413_pollard_multiscene_500_run2/cube/generated_mjcf/scene_cube_tn0d0009p0d0235p0d0040_in0d0009n0d0143p0d0044_mp0d0197p0d0260p0d0000.xml,cube_s2,True,0.012,4.0,3.0,3.0,4.528939237153815,0.051160180663540486,5.0,0.00615279748692496,0.19972314423941537,-0.0009419216668431589,0.0234563829052057,0.003998428193652388,-0.0008600754512623002,-0.0143499624967743,0.0043891962311728185,0.019674774011803155,0.026003968495236028,0.0,"[0.01670650338203123, 1.4136920396922736, -1.1988183472931673, -0.1406929477397738, 1.5018848386318775, 1.112227418303088, 0.08524100279782254, 1.4630081260980572, 1.1262163305485497]"
cube,243,/home/humanoid/Programs/hand/results/phase1/run_20260413_pollard_multiscene_500_run2/cube/generated_mjcf/scene_cube_tp0d0018p0d0300p0d0000_ip0d0214n0d0134p0d0084_mp0d0020p0d0258p0d0066.xml,cube_s2,True,0.012,4.0,3.0,3.0,3.985917332782342,0.05020628563082635,4.0,0.006498111549269957,0.5906187044005096,0.0018323263906544832,0.03,0.0,0.02142851497409419,-0.01338505726791449,0.008384359098383674,0.002027946052017301,0.025760241751164238,0.0065869486941198575,"[0.01670650338203123, 1.4136920396922736, -1.1988183472931673, -0.1406929477397738, 1.5018848386318775, 1.112227418303088, 0.08524100279782254, 1.4630081260980572, 1.1262163305485497]"
cube,244,/home/humanoid/Programs/hand/results/phase1/run_20260413_pollard_multiscene_500_run2/cube/generated_mjcf/scene_cube_tp0d0037p0d0122p0d0000_ip0d0121n0d0147p0d0094_mp0d0112p0d0054p0d0090.xml,cube_s1,True,0.012,4.0,3.0,3.0,4.606848440103317,0.04713915311907112,6.0,0.004913590538282728,1.38691496405109,0.003670300442267238,0.012153499062564917,0.0,0.012056547044241235,-0.014653213065510083,0.009428885664088973,0.011218889531032318,0.005437278898803643,0.009008074998322603,"[0.14396919188861243, 1.4433168982123008, -0.9610501064489129, -0.21597678602589693, 1.62355791555873, 0.6894423420264776, 0.28596544965624304, 1.510907960805811, 0.9132080680226535]"
cube,245,/home/humanoid/Programs/hand/results/phase1/run_20260413_pollard_multiscene_500_run2/cube/generated_mjcf/scene_cube_tn0d0045p0d0121p0d0034_ip0d0174n0d0173p0d0000_mp0d0212p0d0139p0d0000.xml,cube_s1,True,0.012,4.0,3.0,3.0,4.969908284241412,0.05207395248485662,6.0,0.005776277125446593,0.09848923301003483,-0.004528621663971532,0.012117700999274032,0.0034291248847927273,0.01739136599231956,-0.017332691788016226,0.0,0.0212315535462329,0.013907077695475889,0.0,"[0.14396919188861243, 1.4433168982123008, -0.9610501064489129, -0.21597678602589693, 1.62355791555873, 0.6894423420264776, 0.28596544965624304, 1.510907960805811, 0.9132080680226535]"
cube,246,/home/humanoid/Programs/hand/results/phase1/run_20260413_pollard_multiscene_500_run2/cube/generated_mjcf/scene_cube_tp0d0012p0d0250p0d0034_in0d0012n0d0017p0d0000_mp0d0149p0d0177p0d0000.xml,cube_s0,True,0.012,4.0,3.0,3.0,5.139519423041359,0.04858839639005485,7.0,0.005312037824778896,0.7929512167663071,0.0012101250122180784,0.02496992892325642,0.0034375336049794307,-0.001203292251601781,-0.0017480540872589299,0.0,0.014901303193678607,0.0176678851782694,0.0,"[0.04450704801781733, 1.3328962874535588, -1.1415586000720388, -0.15094057662950128, 1.5203356982523752, 1.0996771982762732, 0.03397261159793135, 1.5344387358077864, 1.0153400793182545]"
cube,247,/home/humanoid/Programs/hand/results/phase1/run_20260413_pollard_multiscene_500_run2/cube/generated_mjcf/scene_cube_tp0d0119p0d0269p0d0041_ip0d0045n0d0197p0d0000_mp0d0114p0d0084p0d0000.xml,cube_s2,True,0.012,4.0,2.0,3.0,3.7463361196079346,0.04993489815692095,4.0,0.010238858751589728,1.5001517419418653,0.011873789448722787,0.02689082524371258,0.004145387045152844,0.0044727054903854375,-0.019704682888720113,0.0,0.011383286691889392,0.008366425886166713,0.0,"[0.01670650338203123, 1.4136920396922736, -1.1988183472931673, -0.1406929477397738, 1.5018848386318775, 1.112227418303088, 0.08524100279782254, 1.4630081260980572, 1.1262163305485497]"
cube,248,/home/humanoid/Programs/hand/results/phase1/run_20260413_pollard_multiscene_500_run2/cube/generated_mjcf/scene_cube_tp0d0063p0d0226p0d0000_ip0d0002n0d0169p0d0000_mp0d0111p0d0134p0d0000.xml,cube_s1,True,0.012,4.0,3.0,3.0,5.17400177286486,0.04832377337925147,7.0,0.005321101908650781,0.5603859978783305,0.00626516238663433,0.02255765916802214,0.0,0.0002281577052011246,-0.016903768045336977,0.0,0.011086386382717419,0.013437684407545863,0.0,"[0.14396919188861243, 1.4433168982123008, -0.9610501064489129, -0.21597678602589693, 1.62355791555873, 0.6894423420264776, 0.28596544965624304, 1.510907960805811, 0.9132080680226535]"
cube,249,/home/humanoid/Programs/hand/results/phase1/run_20260413_pollard_multiscene_500_run2/cube/generated_mjcf/scene_cube_tn0d0027p0d0178p0d0000_ip0d0059n0d0061p0d0007_mn0d0017p0d0132p0d0000.xml,cube_s1,True,0.012,4.0,3.0,3.0,4.95223437609152,0.049317562799654976,7.0,0.004910462855084968,1.9099937581304016,-0.0027271212917241126,0.017791811356062115,0.0,0.005851197812612485,-0.006067555870810265,0.0007001297377480752,-0.001728987071853835,0.013155750839536167,0.0,"[0.14396919188861243, 1.4433168982123008, -0.9610501064489129, -0.21597678602589693, 1.62355791555873, 0.6894423420264776, 0.28596544965624304, 1.510907960805811, 0.9132080680226535]"
cube,250,/home/humanoid/Programs/hand/results/phase1/run_20260413_pollard_multiscene_500_run2/cube/generated_mjcf/scene_cube_tp0d0023p0d0281p0d0058_ip0d0010n0d0123p0d0000_mp0d0086p0d0122p0d0045.xml,cube_s2,True,0.012,4.0,3.0,3.0,5.2156232418562665,0.04998187119350843,7.0,0.005008471459208046,0.7143955266274249,0.0022906939710439344,0.028145105487248016,0.005840805083924282,0.0009521715037869721,-0.012287952266811692,0.0,0.008550085922758204,0.012157418500970765,0.004480712380297534,"[0.01670650338203123, 1.4136920396922736, -1.1988183472931673, -0.1406929477397738, 1.5018848386318775, 1.112227418303088, 0.08524100279782254, 1.4630081260980572, 1.1262163305485497]"
cube,251,/home/humanoid/Programs/hand/results/phase1/run_20260413_pollard_multiscene_500_run2/cube/generated_mjcf/scene_cube_tn0d0091p0d0092p0d0034_ip0d0028n0d0157p0d0101_mp0d0014p0d0237p0d0000.xml,cube_s2,True,0.012,4.0,2.0,3.0,4.106714757845962,0.05005654412236882,4.0,0.011895215957289457,0.07926832822425167,-0.00907948699181936,0.009197356063655219,0.0034433989733793375,0.002812858527800891,-0.01569261011506301,0.01012942948307732,0.0014055497152433722,0.023694967517092685,0.0,"[0.01670650338203123, 1.4136920396922736, -1.1988183472931673, -0.1406929477397738, 1.5018848386318775, 1.112227418303088, 0.08524100279782254, 1.4630081260980572, 1.1262163305485497]"
cube,252,/home/humanoid/Programs/hand/results/phase1/run_20260413_pollard_multiscene_500_run2/cube/generated_mjcf/scene_cube_tn0d0074p0d0300p0d0026_ip0d0033n0d0060p0d0000_mp0d0108p0d0119p0d0000.xml,cube_s2,True,0.012,4.0,3.0,3.0,5.309597243493144,0.04996489595789001,7.0,0.004886034998935898,0.14314197967627584,-0.007398159794487176,0.03,0.002583933856100673,0.0033336936479035455,-0.005978032145131569,0.0,0.010774200359585784,0.011857555922792454,0.0,"[0.01670650338203123, 1.4136920396922736, -1.1988183472931673, -0.1406929477397738, 1.5018848386318775, 1.112227418303088, 0.08524100279782254, 1.4630081260980572, 1.1262163305485497]"
cube,253,/home/humanoid/Programs/hand/results/phase1/run_20260413_pollard_multiscene_500_run2/cube/generated_mjcf/scene_cube_tp0d0079p0d0250p0d0000_ip0d0107n0d0240p0d0083_mp0d0033p0d0107p0d0094.xml,cube_s1,True,0.012,4.0,2.0,3.0,3.6085905043794346,0.041658901973881196,4.0,0.009681976757194137,0.6874493216661529,0.007870746006714398,0.024959633130747148,0.0,0.010664501866031857,-0.023994387640275894,0.008275887682406585,0.003335989644740088,0.01068451411033549,0.009375497810093482,"[0.14396919188861243, 1.4433168982123008, -0.9610501064489129, -0.21597678602589693, 1.62355791555873, 0.6894423420264776, 0.28596544965624304, 1.510907960805811, 0.9132080680226535]"
cube,254,/home/humanoid/Programs/hand/results/phase1/run_20260413_pollard_multiscene_500_run2/cube/generated_mjcf/scene_cube_tn0d0073p0d0242p0d0000_ip0d0117n0d0058p0d0016_mp0d0219p0d0175p0d0000.xml,cube_s0,True,0.012,4.0,3.0,3.0,5.184335694710766,0.050784865720102886,7.0,0.004870048283171915,0.8945826730310267,-0.0072830278711218015,0.024233399005324837,0.0,0.01173289864241775,-0.005816682189977438,0.0015985477456331616,0.02187070698869189,0.017479901290416364,0.0,"[0.04450704801781733, 1.3328962874535588, -1.1415586000720388, -0.15094057662950128, 1.5203356982523752, 1.0996771982762732, 0.03397261159793135, 1.5344387358077864, 1.0153400793182545]"
cube,255,/home/humanoid/Programs/hand/results/phase1/run_20260413_pollard_multiscene_500_run2/cube/generated_mjcf/scene_cube_tn0d0049p0d0232p0d0053_ip0d0078n0d0015p0d0045_mp0d0126p0d0103p0d0116.xml,cube_s0,True,0.012,4.0,3.0,3.0,5.312302956746419,0.04971051827458869,7.0,0.004938013114321182,0.09370898000979182,-0.0048957756328571024,0.023204282559035286,0.005285964347256648,0.007791052812038457,-0.0014875992639632445,0.004507628719607793,0.01263096632514772,0.010252368200474794,0.011605232571004556,"[0.04450704801781733, 1.3328962874535588, -1.1415586000720388, -0.15094057662950128, 1.5203356982523752, 1.0996771982762732, 0.03397261159793135, 1.5344387358077864, 1.0153400793182545]"
cube,256,/home/humanoid/Programs/hand/results/phase1/run_20260413_pollard_multiscene_500_run2/cube/generated_mjcf/scene_cube_tn0d0062p0d0198p0d0000_ip0d0093n0d0156p0d0051_mp0d0176p0d0066p0d0000.xml,cube_s2,True,0.012,4.0,3.0,3.0,5.245266247235123,0.049997441579599435,7.0,0.004801333416114027,0.5306441213039024,-0.00617936078977491,0.019845889106613626,0.0,0.009283838582036968,-0.01564231250230316,0.005108479275818825,0.01755878893107922,0.006553664356555156,0.0,"[0.01670650338203123, 1.4136920396922736, -1.1988183472931673, -0.1406929477397738, 1.5018848386318775, 1.112227418303088, 0.08524100279782254, 1.4630081260980572, 1.1262163305485497]"
cube,257,/home/humanoid/Programs/hand/results/phase1/run_20260413_pollard_multiscene_500_run2/cube/generated_mjcf/scene_cube_tn0d0013p0d0300p0d0040_ip0d0126n0d0136p0d0071_mn0d0004p0d0181p0d0075.xml,cube_s2,True,0.012,4.0,3.0,3.0,4.578916538360419,0.052492514136797216,5.0,0.0061683811210717955,0.10917493650687507,-0.0013310279746045726,0.03,0.004007304669342297,0.01263270996685188,-0.013573404996832647,0.007133344311976011,-0.0004286670847191455,0.018119654315755226,0.007547655475809524,"[0.01670650338203123, 1.4136920396922736, -1.1988183472931673, -0.1406929477397738, 1.5018848386318775, 1.112227418303088, 0.08524100279782254, 1.4630081260980572, 1.1262163305485497]"
cube,258,/home/humanoid/Programs/hand/results/phase1/run_20260413_pollard_multiscene_500_run2/cube/generated_mjcf/scene_cube_tn0d0033p0d0188p0d0000_ip0d0089n0d0085p0d0000_mn0d0010p0d0158p0d0000.xml,cube_s0,True,0.012,4.0,3.0,3.0,4.924024343255947,0.04995214607294957,6.0,0.004883211290028746,0.07124882592250505,-0.003284192562390034,0.018810799604056093,0.0,0.008948602806368519,-0.008508505563111826,0.0,-0.0009937541860331883,0.015830482276668337,0.0,"[0.04450704801781733, 1.3328962874535588, -1.1415586000720388, -0.15094057662950128, 1.5203356982523752, 1.0996771982762732, 0.03397261159793135, 1.5344387358077864, 1.0153400793182545]"
cube,259,/home/humanoid/Programs/hand/results/phase1/run_20260413_pollard_multiscene_500_run2/cube/generated_mjcf/scene_cube_tn0d0066p0d0185p0d0013_ip0d0158n0d0195p0d0088_mp0d0183p0d0172p0d0000.xml,cube_s0,True,0.012,4.0,3.0,3.0,4.9312782354091285,0.053315049025124614,6.0,0.004897092263002768,0.4230352068985797,-0.0066485374175960146,0.018518010205694397,0.0012982978667973911,0.015818160059360285,-0.019498654578332945,0.008823394787387792,0.01834265960575579,0.01719139738609474,0.0,"[0.04450704801781733, 1.3328962874535588, -1.1415586000720388, -0.15094057662950128, 1.5203356982523752, 1.0996771982762732, 0.03397261159793135, 1.5344387358077864, 1.0153400793182545]"
cube,260,/home/humanoid/Programs/hand/results/phase1/run_20260413_pollard_multiscene_500_run2/cube/generated_mjcf/scene_cube_tn0d0016p0d0096p0d0112_ip0d0017n0d0032p0d0006_mp0d0056p0d0052p0d0016.xml,cube_s1,True,0.012,4.0,2.0,3.0,4.818488830891356,0.048644130420619346,6.0,0.0068257114788081675,0.22565084561649093,-0.0015968470266755248,0.00957306995643702,0.011202290221894236,0.001675734744234568,-0.0032206306161261574,0.0006071599036956091,0.00558793585213605,0.005223797450431731,0.0015580406341598792,"[0.14396919188861243, 1.4433168982123008, -0.9610501064489129, -0.21597678602589693, 1.62355791555873, 0.6894423420264776, 0.28596544965624304, 1.510907960805811, 0.9132080680226535]"
cube,261,/home/humanoid/Programs/hand/results/phase1/run_20260413_pollard_multiscene_500_run2/cube/generated_mjcf/scene_cube_tn0d0026p0d0108p0d0000_ip0d0093n0d0210p0d0000_mp0d0215p0d0203p0d0054.xml,cube_s0,True,0.012,4.0,3.0,3.0,4.595450544659123,0.05508628145798686,5.0,0.0073192797356513494,0.42810759053830244,-0.002559148442306267,0.010844582132139265,0.0,0.009274960074603024,-0.02103734073064305,0.0,0.021537173868519506,0.02026458374004725,0.005359570246667743,"[0.04450704801781733, 1.3328962874535588, -1.1415586000720388, -0.15094057662950128, 1.5203356982523752, 1.0996771982762732, 0.03397261159793135, 1.5344387358077864, 1.0153400793182545]"
cube,262,/home/humanoid/Programs/hand/results/phase1/run_20260413_pollard_multiscene_500_run2/cube/generated_mjcf/scene_cube_tp0d0114p0d0124p0d0096_in0d0000n0d0080p0d0000_mp0d0182p0d0250p0d0006.xml,cube_s2,True,0.012,4.0,3.0,3.0,4.870652660356319,0.04916411543486542,6.0,0.007878573572406707,0.0831633645029885,0.011434726863572546,0.012431631671534318,0.009574165085641077,-3.2197229452727086e-05,-0.008030768084860739,0.0,0.01818011496386108,0.025010610894033593,0.0006060223705221992,"[0.01670650338203123, 1.4136920396922736, -1.1988183472931673, -0.1406929477397738, 1.5018848386318775, 1.112227418303088, 0.08524100279782254, 1.4630081260980572, 1.1262163305485497]"
cube,263,/home/humanoid/Programs/hand/results/phase1/run_20260413_pollard_multiscene_500_run2/cube/generated_mjcf/scene_cube_tn0d0026p0d0166p0d0106_ip0d0186n0d0034p0d0042_mn0d0016p0d0137p0d0101.xml,cube_s1,True,0.012,4.0,3.0,3.0,5.324147187633779,0.04975790111239024,7.0,0.005232671150719559,0.016488880532778236,-0.002617680223593528,0.01656557626298818,0.010573775539080708,0.018619421669964137,-0.0033545673340663,0.004216081429168201,-0.0015522505578777837,0.01372870559258928,0.010117600342834106,"[0.14396919188861243, 1.4433168982123008, -0.9610501064489129, -0.21597678602589693, 1.62355791555873, 0.6894423420264776, 0.28596544965624304, 1.510907960805811, 0.9132080680226535]"
cube,264,/home/humanoid/Programs/hand/results/phase1/run_20260413_pollard_multiscene_500_run2/cube/generated_mjcf/scene_cube_tn0d0098p0d0167p0d0098_ip0d0048n0d0056p0d0000_mp0d0081p0d0076p0d0092.xml,cube_s0,True,0.012,4.0,3.0,3.0,4.573091741559981,0.05334640959561068,5.0,0.006517453638066318,0.28710698162721754,-0.0098174312859883,0.016710597855835244,0.009785136624631905,0.0047505379522936875,-0.00558731996764574,0.0,0.008118077130715488,0.007604253555346375,0.009153488997293208,"[0.04450704801781733, 1.3328962874535588, -1.1415586000720388, -0.15094057662950128, 1.5203356982523752, 1.0996771982762732, 0.03397261159793135, 1.5344387358077864, 1.0153400793182545]"
cube,265,/home/humanoid/Programs/hand/results/phase1/run_20260413_pollard_multiscene_500_run2/cube/generated_mjcf/scene_cube_tp0d0104p0d0234p0d0093_ip0d0069n0d0004p0d0081_mp0d0154p0d0049p0d0096.xml,cube_s0,True,0.012,4.0,3.0,3.0,5.50349857216998,0.07029797961815439,7.0,0.006951934898799063,0.48182076364966037,0.010405971119882437,0.023402318434891774,0.009318597065959895,0.006870174315362881,-0.0003758602573515988,0.008054351980537874,0.01539809898290241,0.004941483542359303,0.009625898391971525,"[0.04450704801781733, 1.3328962874535588, -1.1415586000720388, -0.15094057662950128, 1.5203356982523752, 1.0996771982762732, 0.03397261159793135, 1.5344387358077864, 1.0153400793182545]"
cube,266,/home/humanoid/Programs/hand/results/phase1/run_20260413_pollard_multiscene_500_run2/cube/generated_mjcf/scene_cube_tp0d0080p0d0162p0d0000_in0d0002n0d0171p0d0000_mp0d0071p0d0218p0d0095.xml,cube_s2,True,0.012,4.0,2.0,3.0,4.7520478873002014,0.04755063277650841,6.0,0.007929395151467485,0.2783208054822484,0.008007112781741085,0.016238264649913087,0.0,-0.00016892381827874302,-0.01712363596371593,0.0,0.0070856367373131526,0.021809635629245268,0.009472099338838351,"[0.01670650338203123, 1.4136920396922736, -1.1988183472931673, -0.1406929477397738, 1.5018848386318775, 1.112227418303088, 0.08524100279782254, 1.4630081260980572, 1.1262163305485497]"
cube,267,/home/humanoid/Programs/hand/results/phase1/run_20260413_pollard_multiscene_500_run2/cube/generated_mjcf/scene_cube_tn0d0019p0d0119p0d0097_ip0d0014n0d0097p0d0004_mp0d0076p0d0068p0d0027.xml,cube_s1,True,0.012,4.0,3.0,3.0,4.791303117918901,0.04937324231380903,6.0,0.005397707596027492,0.2180189790051281,-0.0019033786639038597,0.011918802303719365,0.009742141364256777,0.001446421396381646,-0.009701845637100453,0.0004247947514453253,0.007597777885475282,0.006785559441029652,0.0026801896733662112,"[0.14396919188861243, 1.4433168982123008, -0.9610501064489129, -0.21597678602589693, 1.62355791555873, 0.6894423420264776, 0.28596544965624304, 1.510907960805811, 0.9132080680226535]"
cube,268,/home/humanoid/Programs/hand/results/phase1/run_20260413_pollard_multiscene_500_run2/cube/generated_mjcf/scene_cube_tp0d0102p0d0138p0d0107_ip0d0106n0d0072p0d0004_mp0d0019p0d0053p0d0000.xml,cube_s0,True,0.012,4.0,2.0,3.0,4.531261861789269,0.055156552260074446,5.0,0.007407314827452226,0.8045700942062813,0.010192050973665118,0.013796870560345172,0.01073217435091527,0.010556599209052135,-0.0072346864002176565,0.00041095213145756447,0.001934188977885925,0.0052613143908337,0.0,"[0.04450704801781733, 1.3328962874535588, -1.1415586000720388, -0.15094057662950128, 1.5203356982523752, 1.0996771982762732, 0.03397261159793135, 1.5344387358077864, 1.0153400793182545]"
cube,269,/home/humanoid/Programs/hand/results/phase1/run_20260413_pollard_multiscene_500_run2/cube/generated_mjcf/scene_cube_tn0d0109p0d0188p0d0000_ip0d0152n0d0147p0d0000_mp0d0012p0d0206p0d0000.xml,cube_s2,True,0.012,4.0,3.0,3.0,5.258940499935454,0.05138980920420674,7.0,0.005130705771324834,0.5286655953947033,-0.010892479043909305,0.018761057623916402,0.0,0.015191856500809777,-0.0146572238066505,0.0,0.0012429278075790622,0.02056014077460063,0.0,"[0.01670650338203123, 1.4136920396922736, -1.1988183472931673, -0.1406929477397738, 1.5018848386318775, 1.112227418303088, 0.08524100279782254, 1.4630081260980572, 1.1262163305485497]"
cube,270,/home/humanoid/Programs/hand/results/phase1/run_20260413_pollard_multiscene_500_run2/cube/generated_mjcf/scene_cube_tp0d0063p0d0244p0d0034_in0d0017n0d0047p0d0028_mp0d0126p0d0234p0d0000.xml,cube_s1,True,0.012,4.0,2.0,3.0,4.736874067981869,0.049286042539646996,6.0,0.006110424359591177,0.6644593180294905,0.006326404225126845,0.024413539928309608,0.0034358131538734186,-0.0016652041607701385,-0.004704614173634861,0.002849669393877664,0.012557523978918841,0.023357815300913888,0.0,"[0.14396919188861243, 1.4433168982123008, -0.9610501064489129, -0.21597678602589693, 1.62355791555873, 0.6894423420264776, 0.28596544965624304, 1.510907960805811, 0.9132080680226535]"
cube,271,/home/humanoid/Programs/hand/results/phase1/run_20260413_pollard_multiscene_500_run2/cube/generated_mjcf/scene_cube_tp0d0022p0d0300p0d0079_ip0d0201n0d0117p0d0000_mp0d0139p0d0232p0d0000.xml,cube_s2,True,0.012,4.0,3.0,3.0,5.162515939749214,0.05046223085720532,7.0,0.005005042739008907,1.0400326310117376,0.002245291327922347,0.03,0.007914847084908486,0.020077243035357552,-0.01173371425264643,0.0,0.013901697245508137,0.023176085596049063,0.0,"[0.01670650338203123, 1.4136920396922736, -1.1988183472931673, -0.1406929477397738, 1.5018848386318775, 1.112227418303088, 0.08524100279782254, 1.4630081260980572, 1.1262163305485497]"
cube,272,/home/humanoid/Programs/hand/results/phase1/run_20260413_pollard_multiscene_500_run2/cube/generated_mjcf/scene_cube_tn0d0009p0d0148p0d0000_ip0d0185n0d0080p0d0009_mp0d0179p0d0092p0d0042.xml,cube_s0,True,0.012,4.0,3.0,3.0,4.998566204130251,0.054980899333468634,6.0,0.004975407727954575,0.6029424020897937,-0.0009488846215536303,0.014802931966176474,0.0,0.01846619001000817,-0.008015341938986174,0.0008936013470664285,0.01788502974286396,0.009203218882619397,0.0041798237366650025,"[0.04450704801781733, 1.3328962874535588, -1.1415586000720388, -0.15094057662950128, 1.5203356982523752, 1.0996771982762732, 0.03397261159793135, 1.5344387358077864, 1.0153400793182545]"
cube,273,/home/humanoid/Programs/hand/results/phase1/run_20260413_pollard_multiscene_500_run2/cube/generated_mjcf/scene_cube_tp0d0108p0d0274p0d0048_ip0d0186n0d0162p0d0000_mn0d0018p0d0200p0d0087.xml,cube_s2,True,0.012,4.0,3.0,3.0,4.8744397263493555,0.0533663286427251,6.0,0.005061874736504461,0.36439116203881916,0.010793172744159973,0.027385637090943743,0.004834036143599344,0.01858721372341072,-0.016209668619703015,0.0,-0.001767901577034518,0.0199563224460901,0.00869297932588134,"[0.01670650338203123, 1.4136920396922736, -1.1988183472931673, -0.1406929477397738, 1.5018848386318775, 1.112227418303088, 0.08524100279782254, 1.4630081260980572, 1.1262163305485497]"
cube,274,/home/humanoid/Programs/hand/results/phase1/run_20260413_pollard_multiscene_500_run2/cube/generated_mjcf/scene_cube_tn0d0019p0d0292p0d0078_ip0d0164n0d0156p0d0069_mp0d0127p0d0262p0d0000.xml,cube_s2,True,0.012,4.0,3.0,3.0,5.075163983783038,0.050832736113476384,7.0,0.00498449994743442,1.6149077970667702,-0.001916376052160879,0.029220051372745175,0.007795485310387259,0.016412015641354603,-0.015575520612575037,0.006911623253098489,0.012731054858623922,0.026173867771679467,0.0,"[0.01670650338203123, 1.4136920396922736, -1.1988183472931673, -0.1406929477397738, 1.5018848386318775, 1.112227418303088, 0.08524100279782254, 1.4630081260980572, 1.1262163305485497]"
cube,275,/home/humanoid/Programs/hand/results/phase1/run_20260413_pollard_multiscene_500_run2/cube/generated_mjcf/scene_cube_tp0d0071p0d0185p0d0000_in0d0012n0d0020p0d0000_mp0d0187p0d0125p0d0095.xml,cube_s2,True,0.012,4.0,2.0,3.0,4.338586201593692,0.04808010351285601,5.0,0.007517477175244358,0.27198938309525816,0.007096762773567841,0.018535196712838996,0.0,-0.0012487005109433433,-0.0020060342785642327,0.0,0.018711648686793855,0.012456268016773565,0.009485944431065776,"[0.01670650338203123, 1.4136920396922736, -1.1988183472931673, -0.1406929477397738, 1.5018848386318775, 1.112227418303088, 0.08524100279782254, 1.4630081260980572, 1.1262163305485497]"
cube,276,/home/humanoid/Programs/hand/results/phase1/run_20260413_pollard_multiscene_500_run2/cube/generated_mjcf/scene_cube_tn0d0045p0d0240p0d0000_ip0d0060n0d0088p0d0066_mp0d0014p0d0053p0d0000.xml,cube_s2,True,0.012,4.0,3.0,3.0,4.987634773328327,0.054315455917923014,6.0,0.005252744579675774,0.1270517182579372,-0.004471530539230569,0.02395252102903216,0.0,0.006041774072952371,-0.008778636947116529,0.006612827788071422,0.0013904042544706126,0.005326566761932524,0.0,"[0.01670650338203123, 1.4136920396922736, -1.1988183472931673, -0.1406929477397738, 1.5018848386318775, 1.112227418303088, 0.08524100279782254, 1.4630081260980572, 1.1262163305485497]"
cube,277,/home/humanoid/Programs/hand/results/phase1/run_20260413_pollard_multiscene_500_run2/cube/generated_mjcf/scene_cube_tn0d0085p0d0138p0d0102_ip0d0198n0d0095p0d0098_mp0d0050p0d0056p0d0000.xml,cube_s1,True,0.012,4.0,3.0,3.0,4.678241322990775,0.049504772687193555,6.0,0.0052867404082209,1.3295524392888785,-0.00849020040187634,0.013832043402543716,0.010161341910743568,0.019754372950554135,-0.009469899963966253,0.009754122039431785,0.005023702370497475,0.005560181100361002,0.0,"[0.14396919188861243, 1.4433168982123008, -0.9610501064489129, -0.21597678602589693, 1.62355791555873, 0.6894423420264776, 0.28596544965624304, 1.510907960805811, 0.9132080680226535]"
cube,279,/home/humanoid/Programs/hand/results/phase1/run_20260413_pollard_multiscene_500_run2/cube/generated_mjcf/scene_cube_tp0d0107p0d0203p0d0035_in0d0017n0d0210p0d0076_mn0d0006p0d0043p0d0000.xml,cube_s2,True,0.012,4.0,2.0,3.0,4.542871263902969,0.048896291642863354,6.0,0.005143111176097584,1.7489424200226873,0.010680652573989403,0.02028025196755389,0.0034878590242971314,-0.001651941370340004,-0.021006328028755378,0.007617746444018626,-0.0006043381044495855,0.004307480844639333,0.0,"[0.01670650338203123, 1.4136920396922736, -1.1988183472931673, -0.1406929477397738, 1.5018848386318775, 1.112227418303088, 0.08524100279782254, 1.4630081260980572, 1.1262163305485497]"
cube,280,/home/humanoid/Programs/hand/results/phase1/run_20260413_pollard_multiscene_500_run2/cube/generated_mjcf/scene_cube_tn0d0078p0d0260p0d0040_ip0d0170n0d0060p0d0000_mp0d0039p0d0256p0d0009.xml,cube_s0,True,0.012,4.0,3.0,3.0,4.853096805248888,0.050267204045136585,6.0,0.004986232919481563,0.5194458550286182,-0.007815997886244007,0.026014632824952713,0.003963593641860802,0.01697867174625963,-0.006016436256747587,0.0,0.0039335958645995905,0.025588962022507003,0.0008507281091946969,"[0.04450704801781733, 1.3328962874535588, -1.1415586000720388, -0.15094057662950128, 1.5203356982523752, 1.0996771982762732, 0.03397261159793135, 1.5344387358077864, 1.0153400793182545]"
cube,281,/home/humanoid/Programs/hand/results/phase1/run_20260413_pollard_multiscene_500_run2/cube/generated_mjcf/scene_cube_tp0d0049p0d0300p0d0102_ip0d0202n0d0145p0d0009_mn0d0004p0d0044p0d0008.xml,cube_s2,True,0.012,4.0,2.0,3.0,4.9017173419979505,0.04993784211543094,6.0,0.006935568053123138,0.04666267665385559,0.0048956966144989775,0.03,0.01024569696703537,0.02024412345182712,-0.01445113637154469,0.0008572589896428326,-0.00038753717582618377,0.004445373004833839,0.0008281454690186804,"[0.01670650338203123, 1.4136920396922736, -1.1988183472931673, -0.1406929477397738, 1.5018848386318775, 1.112227418303088, 0.08524100279782254, 1.4630081260980572, 1.1262163305485497]"
cube,282,/home/humanoid/Programs/hand/results/phase1/run_20260413_pollard_multiscene_500_run2/cube/generated_mjcf/scene_cube_tn0d0065p0d0165p0d0000_ip0d0092n0d0020p0d0000_mn0d0000p0d0262p0d0033.xml,cube_s2,True,0.012,4.0,3.0,3.0,4.096858764250275,0.04999736705244408,4.0,0.00976731162849473,0.1714145031395937,-0.0064790503642382325,0.016456295363345405,0.0,0.009204583455362582,-0.0020444669577706093,0.0,-4.283315304138592e-05,0.02617827396598007,0.003291006560961051,"[0.01670650338203123, 1.4136920396922736, -1.1988183472931673, -0.1406929477397738, 1.5018848386318775, 1.112227418303088, 0.08524100279782254, 1.4630081260980572, 1.1262163305485497]"
cube,283,/home/humanoid/Programs/hand/results/phase1/run_20260413_pollard_multiscene_500_run2/cube/generated_mjcf/scene_cube_tn0d0031p0d0201p0d0000_ip0d0055n0d0234p0d0000_mp0d0094p0d0053p0d0000.xml,cube_s2,True,0.012,4.0,3.0,3.0,4.915213692925688,0.05378219506616867,6.0,0.004965496607920739,0.5733014588248266,-0.0031127119824599214,0.02006981702162479,0.0,0.005466174877173833,-0.02337288165376357,0.0,0.009384004791361464,0.005280066378183639,0.0,"[0.01670650338203123, 1.4136920396922736, -1.1988183472931673, -0.1406929477397738, 1.5018848386318775, 1.112227418303088, 0.08524100279782254, 1.4630081260980572, 1.1262163305485497]"
cube,284,/home/humanoid/Programs/hand/results/phase1/run_20260413_pollard_multiscene_500_run2/cube/generated_mjcf/scene_cube_tp0d0022p0d0287p0d0000_ip0d0067n0d0176p0d0000_mp0d0210p0d0137p0d0074.xml,cube_s2,True,0.012,4.0,3.0,3.0,5.2817206857358485,0.05234605389344715,7.0,0.005108750086379723,0.44420551864206864,0.002212310947044818,0.02869211517064582,0.0,0.006708244949966628,-0.01764560311344707,0.0,0.021043563899319072,0.01369403107788724,0.007426207120405568,"[0.01670650338203123, 1.4136920396922736, -1.1988183472931673, -0.1406929477397738, 1.5018848386318775, 1.112227418303088, 0.08524100279782254, 1.4630081260980572, 1.1262163305485497]"
cube,285,/home/humanoid/Programs/hand/results/phase1/run_20260413_pollard_multiscene_500_run2/cube/generated_mjcf/scene_cube_tn0d0084p0d0191p0d0000_ip0d0129n0d0082p0d0000_mp0d0028p0d0260p0d0000.xml,cube_s1,True,0.012,4.0,3.0,3.0,4.787389980051557,0.04970477281994476,6.0,0.0075926785536686685,0.5081227112327504,-0.008405726046085821,0.019073435037175346,0.0,0.012935896814125858,-0.00815431003527776,0.0,0.0027588733677943976,0.025973744589380045,0.0,"[0.14396919188861243, 1.4433168982123008, -0.9610501064489129, -0.21597678602589693, 1.62355791555873, 0.6894423420264776, 0.28596544965624304, 1.510907960805811, 0.9132080680226535]"
cube,286,/home/humanoid/Programs/hand/results/phase1/run_20260413_pollard_multiscene_500_run2/cube/generated_mjcf/scene_cube_tn0d0090p0d0210p0d0000_ip0d0172n0d0077p0d0024_mn0d0016p0d0134p0d0013.xml,cube_s0,True,0.012,4.0,3.0,3.0,5.050990479887249,0.05468055454265186,6.0,0.005228049036552156,0.13665426133003836,-0.009001236509937414,0.02100112448579263,0.0,0.01721810354913557,-0.0077228019599049815,0.0023983580415141703,-0.0016289059240286,0.013441268146257172,0.0012518988941378137,"[0.04450704801781733, 1.3328962874535588, -1.1415586000720388, -0.15094057662950128, 1.5203356982523752, 1.0996771982762732, 0.03397261159793135, 1.5344387358077864, 1.0153400793182545]"
cube,287,/home/humanoid/Programs/hand/results/phase1/run_20260413_pollard_multiscene_500_run2/cube/generated_mjcf/scene_cube_tp0d0063p0d0162p0d0105_ip0d0087n0d0222p0d0000_mp0d0182p0d0078p0d0000.xml,cube_s1,True,0.012,4.0,3.0,3.0,4.877534327540512,0.05313556656339424,6.0,0.009427303761798038,0.3030886122109797,0.00633181775487205,0.016181871156262087,0.010455111243500573,0.008714684321061249,-0.022231677971918745,0.0,0.018187127618197026,0.007814269022686898,0.0,"[0.14396919188861243, 1.4433168982123008, -0.9610501064489129, -0.21597678602589693, 1.62355791555873, 0.6894423420264776, 0.28596544965624304, 1.510907960805811, 0.9132080680226535]"
cube,288,/home/humanoid/Programs/hand/results/phase1/run_20260413_pollard_multiscene_500_run2/cube/generated_mjcf/scene_cube_tp0d0115p0d0098p0d0000_ip0d0085n0d0127p0d0012_mp0d0144p0d0127p0d0000.xml,cube_s1,True,0.012,4.0,1.0,3.0,4.390857200773931,0.04990794299124289,5.0,0.006960099544663694,0.5567961365957582,0.011460868883163687,0.009762413078867424,0.0,0.008545145846799607,-0.012748572233989645,0.0011622812345442306,0.01444109386570142,0.01268352312304752,0.0,"[0.14396919188861243, 1.4433168982123008, -0.9610501064489129, -0.21597678602589693, 1.62355791555873, 0.6894423420264776, 0.28596544965624304, 1.510907960805811, 0.9132080680226535]"
cube,289,/home/humanoid/Programs/hand/results/phase1/run_20260413_pollard_multiscene_500_run2/cube/generated_mjcf/scene_cube_tn0d0039p0d0085p0d0000_ip0d0189n0d0223p0d0000_mp0d0199p0d0232p0d0057.xml,cube_s1,True,0.012,4.0,3.0,3.0,4.92151918587068,0.05156919208798573,6.0,0.006151155036027345,0.2984827295255857,-0.003870887941646299,0.008510068425696645,2.147707110125921e-05,0.01885922406736481,-0.022279129763833748,0.0,0.01991354447765125,0.02322728882972728,0.005719401483067134,"[0.14396919188861243, 1.4433168982123008, -0.9610501064489129, -0.21597678602589693, 1.62355791555873, 0.6894423420264776, 0.28596544965624304, 1.510907960805811, 0.9132080680226535]"
cube,290,/home/humanoid/Programs/hand/results/phase1/run_20260413_pollard_multiscene_500_run2/cube/generated_mjcf/scene_cube_tp0d0051p0d0082p0d0000_ip0d0193n0d0070p0d0000_mp0d0115p0d0182p0d0087.xml,cube_s0,True,0.012,4.0,3.0,3.0,4.450796077422864,0.049589050126335375,5.0,0.007936958956673368,0.12990657597770267,0.005055008645931079,0.008185205435119115,0.0,0.01934739605709703,-0.006966878221227218,0.0,0.011454308082746533,0.01816028704682608,0.00872756449685435,"[0.04450704801781733, 1.3328962874535588, -1.1415586000720388, -0.15094057662950128, 1.5203356982523752, 1.0996771982762732, 0.03397261159793135, 1.5344387358077864, 1.0153400793182545]"
cube,291,/home/humanoid/Programs/hand/results/phase1/run_20260413_pollard_multiscene_500_run2/cube/generated_mjcf/scene_cube_tp0d0012p0d0285p0d0057_ip0d0219n0d0161p0d0004_mp0d0131p0d0037p0d0009.xml,cube_s1,True,0.012,4.0,3.0,3.0,4.900569890764874,0.04972843056241531,6.0,0.007093321846731625,0.06880601095438954,0.0011675607980005179,0.028504627364427576,0.005683773219259367,0.021921120502234,-0.0161110624862868,0.0003764815038989691,0.013144409882243904,0.003657131779178981,0.0009398724230132525,"[0.14396919188861243, 1.4433168982123008, -0.9610501064489129, -0.21597678602589693, 1.62355791555873, 0.6894423420264776, 0.28596544965624304, 1.510907960805811, 0.9132080680226535]"
cube,292,/home/humanoid/Programs/hand/results/phase1/run_20260413_pollard_multiscene_500_run2/cube/generated_mjcf/scene_cube_tn0d0007p0d0147p0d0028_ip0d0153n0d0082p0d0098_mp0d0092p0d0204p0d0000.xml,cube_s0,True,0.012,4.0,3.0,3.0,4.124970286889001,0.0507086921951114,4.0,0.011359451614974635,0.12195764694101,-0.0007184741400830547,0.01468910288390311,0.002774784877777955,0.015310920802742338,-0.008214660937163899,0.009752546374078058,0.009160696680455747,0.02038979583550536,0.0,"[0.04450704801781733, 1.3328962874535588, -1.1415586000720388, -0.15094057662950128, 1.5203356982523752, 1.0996771982762732, 0.03397261159793135, 1.5344387358077864, 1.0153400793182545]"
cube,293,/home/humanoid/Programs/hand/results/phase1/run_20260413_pollard_multiscene_500_run2/cube/generated_mjcf/scene_cube_tp0d0037p0d0112p0d0071_ip0d0175n0d0210p0d0102_mp0d0097p0d0252p0d0088.xml,cube_s1,True,0.012,4.0,3.0,3.0,5.268735851285856,0.048882105140857876,7.0,0.005276346602690715,0.14637500173236734,0.0036691643059410285,0.011168031677914055,0.0071035064157143404,0.0174874152173558,-0.020957483863618308,0.010198679753684964,0.009739292327807252,0.02521756734457692,0.008761185573953705,"[0.14396919188861243, 1.4433168982123008, -0.9610501064489129, -0.21597678602589693, 1.62355791555873, 0.6894423420264776, 0.28596544965624304, 1.510907960805811, 0.9132080680226535]"
cube,294,/home/humanoid/Programs/hand/results/phase1/run_20260413_pollard_multiscene_500_run2/cube/generated_mjcf/scene_cube_tn0d0035p0d0255p0d0092_ip0d0220n0d0182p0d0069_mp0d0073p0d0049p0d0000.xml,cube_s2,True,0.012,4.0,3.0,3.0,4.9416716562154495,0.050592564351140026,6.0,0.006610329281528928,0.0786629879609205,-0.00351831237667977,0.025495617737661246,0.009156647508028078,0.021974611422218154,-0.01821873944673156,0.006935634176224802,0.007288732641296144,0.00493313314308352,0.0,"[0.01670650338203123, 1.4136920396922736, -1.1988183472931673, -0.1406929477397738, 1.5018848386318775, 1.112227418303088, 0.08524100279782254, 1.4630081260980572, 1.1262163305485497]"
cube,295,/home/humanoid/Programs/hand/results/phase1/run_20260413_pollard_multiscene_500_run2/cube/generated_mjcf/scene_cube_tn0d0082p0d0253p0d0011_ip0d0016n0d0098p0d0000_mp0d0117p0d0116p0d0062.xml,cube_s1,True,0.012,4.0,3.0,3.0,5.110993634853573,0.04841995901253506,7.0,0.005474536546222865,0.9891822514667882,-0.008178759147431179,0.025331847446003544,0.001087236685787342,0.0016476684369086982,-0.009787920706200234,0.0,0.011729520074112366,0.011553854061680871,0.006205224653234687,"[0.14396919188861243, 1.4433168982123008, -0.9610501064489129, -0.21597678602589693, 1.62355791555873, 0.6894423420264776, 0.28596544965624304, 1.510907960805811, 0.9132080680226535]"
cube,296,/home/humanoid/Programs/hand/results/phase1/run_20260413_pollard_multiscene_500_run2/cube/generated_mjcf/scene_cube_tn0d0002p0d0278p0d0000_ip0d0077n0d0177p0d0046_mp0d0203p0d0050p0d0020.xml,cube_s0,True,0.012,4.0,3.0,3.0,4.083528058157814,0.05049797604835242,4.0,0.011351925444397268,0.09316492463191471,-0.00015416017301602032,0.027773560750257678,0.0,0.007718942933178331,-0.017747004977604473,0.004648640008873196,0.02026589269461712,0.0049933181981731065,0.0020139967953742392,"[0.04450704801781733, 1.3328962874535588, -1.1415586000720388, -0.15094057662950128, 1.5203356982523752, 1.0996771982762732, 0.03397261159793135, 1.5344387358077864, 1.0153400793182545]"
cube,297,/home/humanoid/Programs/hand/results/phase1/run_20260413_pollard_multiscene_500_run2/cube/generated_mjcf/scene_cube_tp0d0008p0d0282p0d0000_ip0d0131n0d0171p0d0028_mp0d0177p0d0061p0d0041.xml,cube_s2,True,0.012,4.0,3.0,3.0,4.102204119224616,0.05086658203691084,4.0,0.007664275371762976,0.33505568073169495,0.000815779144444511,0.028211465826351836,0.0,0.013139347840734162,-0.01714673167083658,0.002803141927126355,0.0176961014806665,0.00614913157120987,0.0041202523988489136,"[0.01670650338203123, 1.4136920396922736, -1.1988183472931673, -0.1406929477397738, 1.5018848386318775, 1.112227418303088, 0.08524100279782254, 1.4630081260980572, 1.1262163305485497]"
cube,298,/home/humanoid/Programs/hand/results/phase1/run_20260413_pollard_multiscene_500_run2/cube/generated_mjcf/scene_cube_tn0d0092p0d0267p0d0005_ip0d0126n0d0147p0d0000_mp0d0023p0d0230p0d0000.xml,cube_s2,True,0.012,4.0,3.0,3.0,5.170966315612244,0.05052624409224768,7.0,0.004866193043191881,1.0546666217751284,-0.009185210927350775,0.0267390675875718,0.0005237638250960661,0.012588960759808959,-0.014729614321042037,0.0,0.0022573238581196304,0.022973699460279016,0.0,"[0.01670650338203123, 1.4136920396922736, -1.1988183472931673, -0.1406929477397738, 1.5018848386318775, 1.112227418303088, 0.08524100279782254, 1.4630081260980572, 1.1262163305485497]"
cube,299,/home/humanoid/Programs/hand/results/phase1/run_20260413_pollard_multiscene_500_run2/cube/generated_mjcf/scene_cube_tp0d0025p0d0244p0d0000_ip0d0009n0d0205p0d0000_mp0d0095p0d0115p0d0000.xml,cube_s2,True,0.012,4.0,3.0,3.0,4.267866278131115,0.050164057343815786,6.0,0.004953105751218726,4.155835332974602,0.0024576653184970546,0.02444624310989508,0.0,0.0008936360140304918,-0.02048514239956397,0.0,0.009460658705404006,0.011545983898964985,0.0,"[0.01670650338203123, 1.4136920396922736, -1.1988183472931673, -0.1406929477397738, 1.5018848386318775, 1.112227418303088, 0.08524100279782254, 1.4630081260980572, 1.1262163305485497]"
cube,300,/home/humanoid/Programs/hand/results/phase1/run_20260413_pollard_multiscene_500_run2/cube/generated_mjcf/scene_cube_tp0d0094p0d0142p0d0000_ip0d0056n0d0181p0d0000_mp0d0037p0d0114p0d0014.xml,cube_s1,True,0.012,4.0,1.0,3.0,4.8625317980610285,0.04942881625828644,6.0,0.0048901562749367865,0.27599485161947895,0.009431031573822978,0.014164555004429542,0.0,0.00556078548670369,-0.018113495420479627,0.0,0.0036790674553866948,0.011413671818710076,0.0013515823514384066,"[0.14396919188861243, 1.4433168982123008, -0.9610501064489129, -0.21597678602589693, 1.62355791555873, 0.6894423420264776, 0.28596544965624304, 1.510907960805811, 0.9132080680226535]"
cube,301,/home/humanoid/Programs/hand/results/phase1/run_20260413_pollard_multiscene_500_run2/cube/generated_mjcf/scene_cube_tn0d0104p0d0096p0d0000_ip0d0086n0d0117p0d0000_mn0d0013p0d0246p0d0000.xml,cube_s2,True,0.012,4.0,3.0,3.0,4.06253863281541,0.049991538799090775,4.0,0.011679394176586264,0.16883187758219512,-0.010382832062159196,0.009638444673624548,0.0,0.008577721457837703,-0.011651469081633956,0.0,-0.0013082337057049656,0.024552623259387223,0.0,"[0.01670650338203123, 1.4136920396922736, -1.1988183472931673, -0.1406929477397738, 1.5018848386318775, 1.112227418303088, 0.08524100279782254, 1.4630081260980572, 1.1262163305485497]"
cube,302,/home/humanoid/Programs/hand/results/phase1/run_20260413_pollard_multiscene_500_run2/cube/generated_mjcf/scene_cube_tp0d0000p0d0103p0d0000_ip0d0142n0d0186p0d0027_mp0d0106p0d0161p0d0096.xml,cube_s1,True,0.012,4.0,3.0,3.0,4.889661426786522,0.05143042488605259,6.0,0.0053538567020996785,0.2879022241236674,1.52762690730536e-05,0.010318728597676494,0.0,0.014179465942471577,-0.018579129172113917,0.0026778249323777814,0.010603298595188203,0.01606071650706425,0.009598355773355983,"[0.14396919188861243, 1.4433168982123008, -0.9610501064489129, -0.21597678602589693, 1.62355791555873, 0.6894423420264776, 0.28596544965624304, 1.510907960805811, 0.9132080680226535]"
cube,303,/home/humanoid/Programs/hand/results/phase1/run_20260413_pollard_multiscene_500_run2/cube/generated_mjcf/scene_cube_tn0d0006p0d0299p0d0024_ip0d0158n0d0130p0d0032_mp0d0196p0d0175p0d0047.xml,cube_s2,True,0.012,4.0,3.0,3.0,4.781578772476747,0.050507942217434085,6.0,0.004968493582886283,0.9558183040920212,-0.0006492769847098907,0.02993058211149897,0.0024320889008549503,0.015814892357657186,-0.012996192315159852,0.0032236038815142646,0.01957732412686703,0.017459229331558596,0.004744712311283861,"[0.01670650338203123, 1.4136920396922736, -1.1988183472931673, -0.1406929477397738, 1.5018848386318775, 1.112227418303088, 0.08524100279782254, 1.4630081260980572, 1.1262163305485497]"
cube,304,/home/humanoid/Programs/hand/results/phase1/run_20260413_pollard_multiscene_500_run2/cube/generated_mjcf/scene_cube_tn0d0073p0d0099p0d0109_ip0d0024n0d0168p0d0000_mp0d0176p0d0104p0d0000.xml,cube_s0,True,0.012,4.0,3.0,3.0,4.495070438265326,0.05221618255396518,5.0,0.007239731299329098,0.4710875936944433,-0.007345071008401084,0.009886281658711714,0.010869095264022344,0.0023958161156247305,-0.016778462015203797,0.0,0.017608854890141502,0.010419729150589387,0.0,"[0.04450704801781733, 1.3328962874535588, -1.1415586000720388, -0.15094057662950128, 1.5203356982523752, 1.0996771982762732, 0.03397261159793135, 1.5344387358077864, 1.0153400793182545]"
cube,305,/home/humanoid/Programs/hand/results/phase1/run_20260413_pollard_multiscene_500_run2/cube/generated_mjcf/scene_cube_tn0d0017p0d0278p0d0000_ip0d0108n0d0074p0d0000_mp0d0189p0d0124p0d0050.xml,cube_s2,True,0.012,4.0,3.0,3.0,5.322259850654249,0.05306561981167833,7.0,0.004864290161575306,0.5404227979960012,-0.0017408261094735249,0.02780418736313567,0.0,0.010806585740967002,-0.007403030916256078,0.0,0.018940815263508597,0.012449759166334423,0.004967160545407856,"[0.01670650338203123, 1.4136920396922736, -1.1988183472931673, -0.1406929477397738, 1.5018848386318775, 1.112227418303088, 0.08524100279782254, 1.4630081260980572, 1.1262163305485497]"
cube,306,/home/humanoid/Programs/hand/results/phase1/run_20260413_pollard_multiscene_500_run2/cube/generated_mjcf/scene_cube_tn0d0079p0d0113p0d0032_ip0d0083n0d0113p0d0028_mp0d0048p0d0150p0d0082.xml,cube_s1,True,0.012,4.0,3.0,3.0,5.00669113249087,0.052744856635324654,6.0,0.005958474279119851,0.025253225749949242,-0.007949520028345206,0.011271730882256381,0.0032166078755245537,0.008321369537602857,-0.011341325591897251,0.002798662953598284,0.004750780215009746,0.015028930993629836,0.008184510983442563,"[0.14396919188861243, 1.4433168982123008, -0.9610501064489129, -0.21597678602589693, 1.62355791555873, 0.6894423420264776, 0.28596544965624304, 1.510907960805811, 0.9132080680226535]"
cube,307,/home/humanoid/Programs/hand/results/phase1/run_20260413_pollard_multiscene_500_run2/cube/generated_mjcf/scene_cube_tn0d0098p0d0217p0d0079_in0d0015n0d0071p0d0000_mp0d0060p0d0034p0d0000.xml,cube_s2,True,0.012,4.0,3.0,3.0,4.967038708459721,0.05269091021513182,6.0,0.0050248709180161066,0.16570431286989815,-0.009827285635849593,0.02170943168948314,0.007877523590710374,-0.0015025136139426767,-0.007128947369585482,0.0,0.005975776518227791,0.0033902886812089104,0.0,"[0.01670650338203123, 1.4136920396922736, -1.1988183472931673, -0.1406929477397738, 1.5018848386318775, 1.112227418303088, 0.08524100279782254, 1.4630081260980572, 1.1262163305485497]"
cube,308,/home/humanoid/Programs/hand/results/phase1/run_20260413_pollard_multiscene_500_run2/cube/generated_mjcf/scene_cube_tp0d0080p0d0099p0d0100_ip0d0083n0d0124p0d0000_mp0d0204p0d0081p0d0067.xml,cube_s1,True,0.012,4.0,2.0,3.0,4.825171557989688,0.049574918084868455,6.0,0.00721771872436918,0.4567570228286705,0.008045744352287637,0.009924409482811916,0.010004463148808145,0.008321769141601697,-0.012432880866341435,0.0,0.020448835772659782,0.008050915200431705,0.006698114743253256,"[0.14396919188861243, 1.4433168982123008, -0.9610501064489129, -0.21597678602589693, 1.62355791555873, 0.6894423420264776, 0.28596544965624304, 1.510907960805811, 0.9132080680226535]"
cube,309,/home/humanoid/Programs/hand/results/phase1/run_20260413_pollard_multiscene_500_run2/cube/generated_mjcf/scene_cube_tp0d0006p0d0156p0d0043_ip0d0170n0d0032p0d0000_mn0d0016p0d0098p0d0000.xml,cube_s2,True,0.012,4.0,3.0,3.0,5.1310569033034135,0.061131765220830865,6.0,0.00648159971415484,0.7182773846527215,0.0006324874825023377,0.015565669750556,0.004280500788737374,0.01702967036535663,-0.003212690244973523,0.0,-0.0015568809700233412,0.009816366677282138,0.0,"[0.01670650338203123, 1.4136920396922736, -1.1988183472931673, -0.1406929477397738, 1.5018848386318775, 1.112227418303088, 0.08524100279782254, 1.4630081260980572, 1.1262163305485497]"
cube,310,/home/humanoid/Programs/hand/results/phase1/run_20260413_pollard_multiscene_500_run2/cube/generated_mjcf/scene_cube_tn0d0056p0d0125p0d0000_ip0d0155n0d0157p0d0021_mp0d0112p0d0229p0d0040.xml,cube_s1,True,0.012,4.0,3.0,3.0,4.508929809170762,0.05216339522448875,5.0,0.005448405011030867,0.4772296195843379,-0.005563163096960496,0.012532759528698492,0.0,0.015543933693043676,-0.01568055041769157,0.002085027202804091,0.011231695665054458,0.022883577377717644,0.003994476460303192,"[0.14396919188861243, 1.4433168982123008, -0.9610501064489129, -0.21597678602589693, 1.62355791555873, 0.6894423420264776, 0.28596544965624304, 1.510907960805811, 0.9132080680226535]"
cube,311,/home/humanoid/Programs/hand/results/phase1/run_20260413_pollard_multiscene_500_run2/cube/generated_mjcf/scene_cube_tp0d0077p0d0213p0d0000_ip0d0067n0d0177p0d0000_mp0d0136p0d0232p0d0066.xml,cube_s0,True,0.012,4.0,3.0,3.0,4.845305279666098,0.05186314826570031,6.0,0.005375510094379671,0.2642231347487583,0.007722806132150154,0.0212672107537325,0.0,0.006708439125286188,-0.01768278883160991,0.0,0.013597774653776856,0.02318175674415248,0.006585795630331487,"[0.04450704801781733, 1.3328962874535588, -1.1415586000720388, -0.15094057662950128, 1.5203356982523752, 1.0996771982762732, 0.03397261159793135, 1.5344387358077864, 1.0153400793182545]"
cube,312,/home/humanoid/Programs/hand/results/phase1/run_20260413_pollard_multiscene_500_run2/cube/generated_mjcf/scene_cube_tn0d0047p0d0189p0d0000_ip0d0068n0d0135p0d0117_mn0d0001p0d0131p0d0100.xml,cube_s0,True,0.012,4.0,3.0,3.0,5.115519364605138,0.05292841912629162,7.0,0.0048452858805407345,1.6457522090630479,-0.004651619836714396,0.01889458981639476,0.0,0.006801718080759659,-0.013513747501689115,0.011741231741499061,-6.2609699756749e-05,0.013108661014776889,0.009980013606161506,"[0.04450704801781733, 1.3328962874535588, -1.1415586000720388, -0.15094057662950128, 1.5203356982523752, 1.0996771982762732, 0.03397261159793135, 1.5344387358077864, 1.0153400793182545]"
cube,313,/home/humanoid/Programs/hand/results/phase1/run_20260413_pollard_multiscene_500_run2/cube/generated_mjcf/scene_cube_tp0d0019p0d0166p0d0062_ip0d0215n0d0063p0d0099_mp0d0115p0d0105p0d0000.xml,cube_s1,True,0.012,4.0,2.0,3.0,5.291272978096355,0.0492135050446135,7.0,0.005145367708880217,0.07345531971961691,0.00188150996737463,0.016611986811592466,0.006167499459807459,0.021545797553132913,-0.0062979771976450025,0.009870655241977857,0.011538791927578068,0.010523092295829746,0.0,"[0.14396919188861243, 1.4433168982123008, -0.9610501064489129, -0.21597678602589693, 1.62355791555873, 0.6894423420264776, 0.28596544965624304, 1.510907960805811, 0.9132080680226535]"
cube,315,/home/humanoid/Programs/hand/results/phase1/run_20260413_pollard_multiscene_500_run2/cube/generated_mjcf/scene_cube_tp0d0064p0d0238p0d0094_ip0d0005n0d0077p0d0049_mp0d0093p0d0079p0d0000.xml,cube_s0,True,0.012,4.0,3.0,3.0,4.834467866030024,0.04921110298459598,6.0,0.005869102853056657,0.2615726843591724,0.0064418262025862545,0.02382512857639519,0.00940930945286447,0.00048046698538742154,-0.007686655858078829,0.0048819928150873465,0.009300887477728203,0.007930482920113783,0.0,"[0.04450704801781733, 1.3328962874535588, -1.1415586000720388, -0.15094057662950128, 1.5203356982523752, 1.0996771982762732, 0.03397261159793135, 1.5344387358077864, 1.0153400793182545]"
cube,316,/home/humanoid/Programs/hand/results/phase1/run_20260413_pollard_multiscene_500_run2/cube/generated_mjcf/scene_cube_tn0d0115p0d0253p0d0117_ip0d0184n0d0124p0d0051_mp0d0057p0d0116p0d0000.xml,cube_s2,True,0.012,4.0,3.0,3.0,4.941584663533017,0.051761623447028796,6.0,0.005588313352910097,0.26561612790666767,-0.01153915658107725,0.02525757396028391,0.011696646168133377,0.01838982063075531,-0.012416862666044394,0.0051363310784403,0.005702156030744071,0.011579754501194703,0.0,"[0.01670650338203123, 1.4136920396922736, -1.1988183472931673, -0.1406929477397738, 1.5018848386318775, 1.112227418303088, 0.08524100279782254, 1.4630081260980572, 1.1262163305485497]"
cube,317,/home/humanoid/Programs/hand/results/phase1/run_20260413_pollard_multiscene_500_run2/cube/generated_mjcf/scene_cube_tp0d0067p0d0165p0d0025_ip0d0171n0d0020p0d0048_mp0d0109p0d0229p0d0000.xml,cube_s2,True,0.012,4.0,3.0,3.0,4.1008191451001546,0.05005579424280887,4.0,0.01071957694787338,0.14654573279409877,0.00669673489646572,0.016497317630039653,0.002456004933970593,0.017054913832154163,-0.00197590730264491,0.004771513838172623,0.01091378149096391,0.022875321539631142,0.0,"[0.01670650338203123, 1.4136920396922736, -1.1988183472931673, -0.1406929477397738, 1.5018848386318775, 1.112227418303088, 0.08524100279782254, 1.4630081260980572, 1.1262163305485497]"
cube,318,/home/humanoid/Programs/hand/results/phase1/run_20260413_pollard_multiscene_500_run2/cube/generated_mjcf/scene_cube_tn0d0008p0d0285p0d0000_ip0d0181n0d0055p0d0113_mp0d0049p0d0175p0d0094.xml,cube_s2,True,0.012,4.0,3.0,3.0,5.131591664312355,0.05053492877670335,7.0,0.00473311927481482,1.2069022187110674,-0.0007991071536155043,0.028521730512058856,0.0,0.018104248858999188,-0.0055495038070125634,0.011304519771684587,0.004939634569660372,0.01750550322546427,0.00944290843747896,"[0.01670650338203123, 1.4136920396922736, -1.1988183472931673, -0.1406929477397738, 1.5018848386318775, 1.112227418303088, 0.08524100279782254, 1.4630081260980572, 1.1262163305485497]"
cube,319,/home/humanoid/Programs/hand/results/phase1/run_20260413_pollard_multiscene_500_run2/cube/generated_mjcf/scene_cube_tn0d0114p0d0278p0d0076_ip0d0136n0d0104p0d0110_mp0d0075p0d0127p0d0000.xml,cube_s2,True,0.012,4.0,3.0,3.0,4.996396534228367,0.052648959541661364,6.0,0.005809361839108468,0.12415492057811763,-0.011445896831030486,0.027757158118331206,0.007576657359126732,0.013615579827387526,-0.010422462196609672,0.010966467574557982,0.007487582063668523,0.012685536033825195,0.0,"[0.01670650338203123, 1.4136920396922736, -1.1988183472931673, -0.1406929477397738, 1.5018848386318775, 1.112227418303088, 0.08524100279782254, 1.4630081260980572, 1.1262163305485497]"
cube,320,/home/humanoid/Programs/hand/results/phase1/run_20260413_pollard_multiscene_500_run2/cube/generated_mjcf/scene_cube_tp0d0001p0d0249p0d0000_ip0d0084n0d0198p0d0012_mp0d0031p0d0182p0d0115.xml,cube_s2,True,0.012,4.0,3.0,3.0,4.838217823556659,0.05000386953433801,6.0,0.004855418578267675,0.5481381242549801,8.954728212805067e-05,0.024914219423403595,0.0,0.008395253473563848,-0.019782085431134792,0.001188773655904564,0.003118490355633805,0.01823278586840313,0.011516234631798659,"[0.01670650338203123, 1.4136920396922736, -1.1988183472931673, -0.1406929477397738, 1.5018848386318775, 1.112227418303088, 0.08524100279782254, 1.4630081260980572, 1.1262163305485497]"
cube,321,/home/humanoid/Programs/hand/results/phase1/run_20260413_pollard_multiscene_500_run2/cube/generated_mjcf/scene_cube_tn0d0013p0d0117p0d0118_ip0d0074n0d0123p0d0090_mp0d0150p0d0145p0d0087.xml,cube_s1,True,0.012,4.0,3.0,3.0,4.937859293183152,0.05045326515694449,6.0,0.006784820581310927,0.048021092866842446,-0.001308658303988297,0.011653899807619073,0.011821212937761724,0.007362602192389317,-0.012304450227773395,0.008964639002801485,0.015002142222784778,0.014468169728742031,0.008710735090992145,"[0.14396919188861243, 1.4433168982123008, -0.9610501064489129, -0.21597678602589693, 1.62355791555873, 0.6894423420264776, 0.28596544965624304, 1.510907960805811, 0.9132080680226535]"
cube,322,/home/humanoid/Programs/hand/results/phase1/run_20260413_pollard_multiscene_500_run2/cube/generated_mjcf/scene_cube_tn0d0060p0d0124p0d0036_ip0d0072n0d0115p0d0060_mp0d0093p0d0259p0d0000.xml,cube_s2,True,0.012,4.0,3.0,3.0,4.108161328923772,0.05005834379660877,4.0,0.011136609496560522,0.07927859419715341,-0.006037883019561673,0.012360607789034299,0.003646154238670103,0.007169802234934061,-0.011463664595349612,0.0060301678899676615,0.009329889980337522,0.025854569144246775,0.0,"[0.01670650338203123, 1.4136920396922736, -1.1988183472931673, -0.1406929477397738, 1.5018848386318775, 1.112227418303088, 0.08524100279782254, 1.4630081260980572, 1.1262163305485497]"
cube,323,/home/humanoid/Programs/hand/results/phase1/run_20260413_pollard_multiscene_500_run2/cube/generated_mjcf/scene_cube_tp0d0081p0d0269p0d0000_ip0d0112n0d0055p0d0000_mp0d0096p0d0212p0d0087.xml,cube_s1,True,0.012,4.0,3.0,3.0,5.1776441998686495,0.048252576285164946,7.0,0.0050161928501317316,0.5521433296743279,0.00813622723758739,0.02693502410071081,0.0,0.01122972183519072,-0.005485220463176647,0.0,0.009644899104903461,0.021191839480777783,0.008677349853667724,"[0.14396919188861243, 1.4433168982123008, -0.9610501064489129, -0.21597678602589693, 1.62355791555873, 0.6894423420264776, 0.28596544965624304, 1.510907960805811, 0.9132080680226535]"
cube,324,/home/humanoid/Programs/hand/results/phase1/run_20260413_pollard_multiscene_500_run2/cube/generated_mjcf/scene_cube_tn0d0026p0d0281p0d0075_ip0d0008n0d0082p0d0078_mp0d0181p0d0133p0d0000.xml,cube_s2,True,0.012,4.0,3.0,3.0,4.9650437561898775,0.051847074011932004,6.0,0.005170860125389151,0.15165097765378746,-0.0025535037194383426,0.028090796303613122,0.007496013422198744,0.0008469494520518955,-0.008247890943094081,0.007770600095958501,0.018089058927950784,0.013335725450952287,0.0,"[0.01670650338203123, 1.4136920396922736, -1.1988183472931673, -0.1406929477397738, 1.5018848386318775, 1.112227418303088, 0.08524100279782254, 1.4630081260980572, 1.1262163305485497]"
cube,325,/home/humanoid/Programs/hand/results/phase1/run_20260413_pollard_multiscene_500_run2/cube/generated_mjcf/scene_cube_tn0d0079p0d0285p0d0000_ip0d0173n0d0097p0d0000_mp0d0081p0d0227p0d0089.xml,cube_s2,True,0.012,4.0,3.0,3.0,5.06744923285309,0.05039600846188306,7.0,0.004759944128927711,1.7085610130232023,-0.007900998183171592,0.028461975548615688,0.0,0.0173396267945565,-0.009702377578495812,0.0,0.008072663714616258,0.022662028751065037,0.00888291847390046,"[0.01670650338203123, 1.4136920396922736, -1.1988183472931673, -0.1406929477397738, 1.5018848386318775, 1.112227418303088, 0.08524100279782254, 1.4630081260980572, 1.1262163305485497]"
cube,326,/home/humanoid/Programs/hand/results/phase1/run_20260413_pollard_multiscene_500_run2/cube/generated_mjcf/scene_cube_tn0d0035p0d0267p0d0000_ip0d0107n0d0210p0d0111_mp0d0148p0d0118p0d0111.xml,cube_s2,True,0.012,4.0,3.0,3.0,4.915173919743827,0.05131015474238538,6.0,0.004861011687819996,0.28775840095111294,-0.003533623127589605,0.026731347887872518,0.0,0.010690380991547288,-0.020978203527313694,0.011098976169596233,0.014760888567753044,0.011807899356923335,0.011073309227867714,"[0.01670650338203123, 1.4136920396922736, -1.1988183472931673, -0.1406929477397738, 1.5018848386318775, 1.112227418303088, 0.08524100279782254, 1.4630081260980572, 1.1262163305485497]"
cube,327,/home/humanoid/Programs/hand/results/phase1/run_20260413_pollard_multiscene_500_run2/cube/generated_mjcf/scene_cube_tn0d0096p0d0188p0d0000_ip0d0218n0d0222p0d0007_mp0d0033p0d0200p0d0000.xml,cube_s2,True,0.012,4.0,3.0,3.0,5.261085144744532,0.05039578661832215,7.0,0.005450884999381094,0.47737550936043455,-0.009595366623260122,0.01878011746178313,0.0,0.021818345211544216,-0.022176840567284622,0.0006623215727734454,0.003348031358619709,0.0199913049273912,0.0,"[0.01670650338203123, 1.4136920396922736, -1.1988183472931673, -0.1406929477397738, 1.5018848386318775, 1.112227418303088, 0.08524100279782254, 1.4630081260980572, 1.1262163305485497]"
cube,328,/home/humanoid/Programs/hand/results/phase1/run_20260413_pollard_multiscene_500_run2/cube/generated_mjcf/scene_cube_tp0d0085p0d0252p0d0063_ip0d0056n0d0205p0d0000_mn0d0011p0d0091p0d0027.xml,cube_s2,True,0.012,4.0,1.0,3.0,3.848851602802072,0.04968659880124998,4.0,0.011141918672136862,1.0349760468430709,0.008470483460705676,0.025186874191919954,0.00627082810878353,0.005553166882678232,-0.02054841864137812,0.0,-0.001101369602705099,0.009143494418454811,0.0027429297867117373,"[0.01670650338203123, 1.4136920396922736, -1.1988183472931673, -0.1406929477397738, 1.5018848386318775, 1.112227418303088, 0.08524100279782254, 1.4630081260980572, 1.1262163305485497]"
cube,329,/home/humanoid/Programs/hand/results/phase1/run_20260413_pollard_multiscene_500_run2/cube/generated_mjcf/scene_cube_tn0d0072p0d0089p0d0015_ip0d0167n0d0198p0d0102_mp0d0062p0d0160p0d0032.xml,cube_s0,True,0.012,4.0,3.0,3.0,4.890688570259566,0.05357091471975682,6.0,0.005069952406180972,0.491222156403687,-0.0071564242006762905,0.00892790557378054,0.001520985217539749,0.016732199478996186,-0.019760480751055125,0.010155262375305212,0.0062015232466851675,0.01602870792153597,0.003191581378922779,"[0.04450704801781733, 1.3328962874535588, -1.1415586000720388, -0.15094057662950128, 1.5203356982523752, 1.0996771982762732, 0.03397261159793135, 1.5344387358077864, 1.0153400793182545]"
cube,330,/home/humanoid/Programs/hand/results/phase1/run_20260413_pollard_multiscene_500_run2/cube/generated_mjcf/scene_cube_tp0d0012p0d0220p0d0000_ip0d0100n0d0063p0d0000_mp0d0203p0d0048p0d0067.xml,cube_s1,True,0.012,4.0,3.0,3.0,5.184844060635847,0.04827293924193485,7.0,0.005152500200125025,0.48745974424944016,0.0011619052935394787,0.02198154952224422,0.0,0.010006750836922313,-0.00630390758965616,0.0,0.020289449585461555,0.00482267330029755,0.0067198073775174595,"[0.14396919188861243, 1.4433168982123008, -0.9610501064489129, -0.21597678602589693, 1.62355791555873, 0.6894423420264776, 0.28596544965624304, 1.510907960805811, 0.9132080680226535]"
cube,331,/home/humanoid/Programs/hand/results/phase1/run_20260413_pollard_multiscene_500_run2/cube/generated_mjcf/scene_cube_tn0d0027p0d0150p0d0084_ip0d0177n0d0097p0d0000_mp0d0170p0d0069p0d0000.xml,cube_s1,True,0.012,4.0,3.0,3.0,5.1955933399924294,0.04848858357897242,7.0,0.005168051711890897,0.4314536654606559,-0.002713056137300246,0.015047473530995125,0.008388906810753879,0.017701611177966994,-0.009731410258570987,0.0,0.016950502084496825,0.006916460763485068,0.0,"[0.14396919188861243, 1.4433168982123008, -0.9610501064489129, -0.21597678602589693, 1.62355791555873, 0.6894423420264776, 0.28596544965624304, 1.510907960805811, 0.9132080680226535]"
cube,332,/home/humanoid/Programs/hand/results/phase1/run_20260413_pollard_multiscene_500_run2/cube/generated_mjcf/scene_cube_tn0d0019p0d0118p0d0000_ip0d0068n0d0209p0d0000_mp0d0212p0d0050p0d0000.xml,cube_s2,True,0.012,4.0,3.0,3.0,4.513725602579986,0.051767145006171716,5.0,0.007076896871226437,0.31973365606499543,-0.001889452119322092,0.01181647096069391,0.0,0.006823353134024076,-0.02085869245877052,0.0,0.02117244026049945,0.004950164100262918,0.0,"[0.01670650338203123, 1.4136920396922736, -1.1988183472931673, -0.1406929477397738, 1.5018848386318775, 1.112227418303088, 0.08524100279782254, 1.4630081260980572, 1.1262163305485497]"
cube,333,/home/humanoid/Programs/hand/results/phase1/run_20260413_pollard_multiscene_500_run2/cube/generated_mjcf/scene_cube_tp0d0112p0d0300p0d0000_ip0d0005n0d0097p0d0000_mp0d0208p0d0064p0d0067.xml,cube_s2,True,0.012,4.0,3.0,3.0,4.853827738170126,0.04995222521653574,6.0,0.004917907587893591,0.4854687291969382,0.011202755167296092,0.03,0.0,0.0004669455567414202,-0.009692153771668413,0.0,0.020849368803635138,0.006380048934200433,0.00667720340698667,"[0.01670650338203123, 1.4136920396922736, -1.1988183472931673, -0.1406929477397738, 1.5018848386318775, 1.112227418303088, 0.08524100279782254, 1.4630081260980572, 1.1262163305485497]"
cube,334,/home/humanoid/Programs/hand/results/phase1/run_20260413_pollard_multiscene_500_run2/cube/generated_mjcf/scene_cube_tn0d0114p0d0130p0d0000_ip0d0019n0d0052p0d0000_mp0d0091p0d0064p0d0066.xml,cube_s1,True,0.012,4.0,3.0,3.0,4.941991332731868,0.050910988561800305,6.0,0.006017995242834913,0.06036352037483846,-0.01140397248650568,0.012983670777011624,0.0,0.0019462550481140154,-0.005220710672423688,0.0,0.009057911829031907,0.006404210442186477,0.006624372677912969,"[0.14396919188861243, 1.4433168982123008, -0.9610501064489129, -0.21597678602589693, 1.62355791555873, 0.6894423420264776, 0.28596544965624304, 1.510907960805811, 0.9132080680226535]"
cube,335,/home/humanoid/Programs/hand/results/phase1/run_20260413_pollard_multiscene_500_run2/cube/generated_mjcf/scene_cube_tp0d0041p0d0092p0d0000_ip0d0130n0d0142p0d0000_mp0d0131p0d0245p0d0000.xml,cube_s2,True,0.012,4.0,3.0,3.0,4.104417173719619,0.05007475642841777,4.0,0.011127968223470787,0.0976348166085793,0.004110510184092569,0.009176057139934891,0.0,0.012993713209620113,-0.014159849786857314,0.0,0.013111717987378804,0.02452268766556777,0.0,"[0.01670650338203123, 1.4136920396922736, -1.1988183472931673, -0.1406929477397738, 1.5018848386318775, 1.112227418303088, 0.08524100279782254, 1.4630081260980572, 1.1262163305485497]"
cube,336,/home/humanoid/Programs/hand/results/phase1/run_20260413_pollard_multiscene_500_run2/cube/generated_mjcf/scene_cube_tn0d0066p0d0208p0d0023_ip0d0030n0d0067p0d0010_mp0d0138p0d0142p0d0000.xml,cube_s0,True,0.012,4.0,3.0,3.0,4.957591211117352,0.052376465053650234,6.0,0.0059363948756696394,0.22271895021433605,-0.006642095641111072,0.02081411063117996,0.002308337593864543,0.0030298237844472537,-0.0067284737315375116,0.0010158043909346739,0.013761813687847584,0.014173649887952638,0.0,"[0.04450704801781733, 1.3328962874535588, -1.1415586000720388, -0.15094057662950128, 1.5203356982523752, 1.0996771982762732, 0.03397261159793135, 1.5344387358077864, 1.0153400793182545]"
cube,337,/home/humanoid/Programs/hand/results/phase1/run_20260413_pollard_multiscene_500_run2/cube/generated_mjcf/scene_cube_tn0d0070p0d0294p0d0000_ip0d0040n0d0156p0d0114_mp0d0112p0d0068p0d0081.xml,cube_s2,True,0.012,4.0,3.0,3.0,4.079780274901325,0.05017548606345933,4.0,0.006774962515387052,0.20367175625623635,-0.006956747186821582,0.029398900065403025,0.0,0.003984885547102787,-0.015574913925978328,0.01135327078186936,0.0112451678372824,0.00680799543957882,0.00814876798180321,"[0.01670650338203123, 1.4136920396922736, -1.1988183472931673, -0.1406929477397738, 1.5018848386318775, 1.112227418303088, 0.08524100279782254, 1.4630081260980572, 1.1262163305485497]"
cube,338,/home/humanoid/Programs/hand/results/phase1/run_20260413_pollard_multiscene_500_run2/cube/generated_mjcf/scene_cube_tn0d0050p0d0085p0d0056_ip0d0211n0d0028p0d0000_mp0d0091p0d0079p0d0000.xml,cube_s0,True,0.012,4.0,3.0,3.0,4.723341692466043,0.059116087336927206,5.0,0.007347814930384225,0.5762081555697789,-0.005031818470075887,0.008502763393004273,0.00557479513561333,0.02107996123916827,-0.002824361587778884,0.0,0.009085392487968063,0.007881064450959579,0.0,"[0.04450704801781733, 1.3328962874535588, -1.1415586000720388, -0.15094057662950128, 1.5203356982523752, 1.0996771982762732, 0.03397261159793135, 1.5344387358077864, 1.0153400793182545]"
cube,339,/home/humanoid/Programs/hand/results/phase1/run_20260413_pollard_multiscene_500_run2/cube/generated_mjcf/scene_cube_tn0d0075p0d0268p0d0000_ip0d0212n0d0117p0d0017_mp0d0169p0d0196p0d0087.xml,cube_s2,True,0.012,4.0,3.0,3.0,5.268031061640089,0.04925329725079069,7.0,0.0048310218234349535,0.2391143814915501,-0.007505012447623186,0.026817010391516204,0.0,0.021180726780211788,-0.011701865470623995,0.0017297003294388935,0.01690814857663346,0.019635980232701793,0.008694664916698357,"[0.01670650338203123, 1.4136920396922736, -1.1988183472931673, -0.1406929477397738, 1.5018848386318775, 1.112227418303088, 0.08524100279782254, 1.4630081260980572, 1.1262163305485497]"
cube,340,/home/humanoid/Programs/hand/results/phase1/run_20260413_pollard_multiscene_500_run2/cube/generated_mjcf/scene_cube_tn0d0089p0d0199p0d0011_ip0d0006n0d0067p0d0000_mp0d0129p0d0240p0d0050.xml,cube_s2,True,0.012,4.0,3.0,3.0,4.926549790514023,0.05000421065704315,6.0,0.0069490729842162854,0.031052182749264152,-0.008943930668215156,0.019893443515087306,0.0011394523105425092,0.0006194110623995754,-0.0067171175287213895,0.0,0.0128836743692138,0.024020869251295048,0.005002433427568752,"[0.01670650338203123, 1.4136920396922736, -1.1988183472931673, -0.1406929477397738, 1.5018848386318775, 1.112227418303088, 0.08524100279782254, 1.4630081260980572, 1.1262163305485497]"
cube,341,/home/humanoid/Programs/hand/results/phase1/run_20260413_pollard_multiscene_500_run2/cube/generated_mjcf/scene_cube_tp0d0065p0d0150p0d0000_ip0d0202n0d0150p0d0000_mp0d0011p0d0194p0d0000.xml,cube_s0,True,0.012,4.0,3.0,3.0,5.327891254996696,0.049905452884187365,7.0,0.004994993668922616,0.04169574868378819,0.006507212909486602,0.015027581047463462,0.0,0.020156862280520417,-0.01496351955724431,0.0,0.0011219360405519772,0.01935862038652124,0.0,"[0.04450704801781733, 1.3328962874535588, -1.1415586000720388, -0.15094057662950128, 1.5203356982523752, 1.0996771982762732, 0.03397261159793135, 1.5344387358077864, 1.0153400793182545]"
cube,342,/home/humanoid/Programs/hand/results/phase1/run_20260413_pollard_multiscene_500_run2/cube/generated_mjcf/scene_cube_tn0d0081p0d0289p0d0000_ip0d0121n0d0179p0d0000_mp0d0200p0d0219p0d0064.xml,cube_s2,True,0.012,4.0,3.0,3.0,4.868762050340733,0.05019066328066348,6.0,0.00484281888206435,0.4655934261875157,-0.008051427805028825,0.02886692052460529,0.0,0.012141767184511945,-0.01791190965341013,0.0,0.020017298166074934,0.021877670546203383,0.006426175172369965,"[0.01670650338203123, 1.4136920396922736, -1.1988183472931673, -0.1406929477397738, 1.5018848386318775, 1.112227418303088, 0.08524100279782254, 1.4630081260980572, 1.1262163305485497]"
cube,343,/home/humanoid/Programs/hand/results/phase1/run_20260413_pollard_multiscene_500_run2/cube/generated_mjcf/scene_cube_tn0d0098p0d0106p0d0065_ip0d0095n0d0040p0d0000_mp0d0131p0d0097p0d0000.xml,cube_s1,True,0.012,4.0,3.0,3.0,4.886510440218052,0.05065524404720043,6.0,0.0059952932629578695,0.18382190362698933,-0.009778413672119911,0.010568644417599148,0.0065004416383117325,0.00948534701199422,-0.003980168261011845,0.0,0.013100657311756773,0.00972194969587966,0.0,"[0.14396919188861243, 1.4433168982123008, -0.9610501064489129, -0.21597678602589693, 1.62355791555873, 0.6894423420264776, 0.28596544965624304, 1.510907960805811, 0.9132080680226535]"
cube,344,/home/humanoid/Programs/hand/results/phase1/run_20260413_pollard_multiscene_500_run2/cube/generated_mjcf/scene_cube_tn0d0000p0d0122p0d0000_ip0d0065n0d0185p0d0062_mp0d0126p0d0137p0d0018.xml,cube_s1,True,0.012,4.0,3.0,3.0,4.97987462790286,0.05327178481681803,6.0,0.005270516496354727,0.2164149831811596,-4.1296306355530915e-05,0.012194623068909824,0.0,0.006539719483005546,-0.01852327542668413,0.0062211469891701315,0.012556622190267035,0.013698973120376162,0.0017805247967015853,"[0.14396919188861243, 1.4433168982123008, -0.9610501064489129, -0.21597678602589693, 1.62355791555873, 0.6894423420264776, 0.28596544965624304, 1.510907960805811, 0.9132080680226535]"
cube,345,/home/humanoid/Programs/hand/results/phase1/run_20260413_pollard_multiscene_500_run2/cube/generated_mjcf/scene_cube_tn0d0013p0d0160p0d0000_ip0d0148n0d0240p0d0000_mp0d0116p0d0102p0d0000.xml,cube_s0,True,0.012,4.0,3.0,3.0,4.856978082071926,0.05435948725328726,6.0,0.005089176811120646,1.083059331790272,-0.0012615306168578533,0.015970756130802254,0.0,0.014786075546288061,-0.023980082850206946,0.0,0.01161430962842994,0.010241296432524284,0.0,"[0.04450704801781733, 1.3328962874535588, -1.1415586000720388, -0.15094057662950128, 1.5203356982523752, 1.0996771982762732, 0.03397261159793135, 1.5344387358077864, 1.0153400793182545]"
cube,346,/home/humanoid/Programs/hand/results/phase1/run_20260413_pollard_multiscene_500_run2/cube/generated_mjcf/scene_cube_tp0d0064p0d0300p0d0008_in0d0019n0d0099p0d0061_mp0d0024p0d0091p0d0000.xml,cube_s2,True,0.012,4.0,2.0,3.0,5.142794213197811,0.05923775812877205,6.0,0.006621721750793892,0.37133530663205644,0.006448681972681412,0.03,0.0007681309943295394,-0.0019379944738693762,-0.00986630559882477,0.006140728887849618,0.0023524430594721963,0.009130049264678454,0.0,"[0.01670650338203123, 1.4136920396922736, -1.1988183472931673, -0.1406929477397738, 1.5018848386318775, 1.112227418303088, 0.08524100279782254, 1.4630081260980572, 1.1262163305485497]"
cube,347,/home/humanoid/Programs/hand/results/phase1/run_20260413_pollard_multiscene_500_run2/cube/generated_mjcf/scene_cube_tp0d0068p0d0300p0d0073_ip0d0072n0d0056p0d0011_mp0d0078p0d0143p0d0000.xml,cube_s2,True,0.012,4.0,3.0,3.0,4.879032981428397,0.0499576989042996,6.0,0.004922706229311293,0.3235367334969308,0.0068204408858062796,0.03,0.007260725067047551,0.007212293445335222,-0.005553531717368195,0.0010993236469706603,0.007833087650129099,0.014253336241066424,0.0,"[0.01670650338203123, 1.4136920396922736, -1.1988183472931673, -0.1406929477397738, 1.5018848386318775, 1.112227418303088, 0.08524100279782254, 1.4630081260980572, 1.1262163305485497]"
cube,348,/home/humanoid/Programs/hand/results/phase1/run_20260413_pollard_multiscene_500_run2/cube/generated_mjcf/scene_cube_tp0d0113p0d0278p0d0000_ip0d0135n0d0218p0d0000_mp0d0015p0d0170p0d0000.xml,cube_s2,True,0.012,4.0,2.0,3.0,3.9726217338247416,0.04972413416043596,4.0,0.008949686766211147,0.49985208000453285,0.011322535224134667,0.027764327805852942,0.0,0.013477941205283455,-0.021774686806814398,0.0,0.0015174161105352604,0.01698721858932449,0.0,"[0.01670650338203123, 1.4136920396922736, -1.1988183472931673, -0.1406929477397738, 1.5018848386318775, 1.112227418303088, 0.08524100279782254, 1.4630081260980572, 1.1262163305485497]"
cube,349,/home/humanoid/Programs/hand/results/phase1/run_20260413_pollard_multiscene_500_run2/cube/generated_mjcf/scene_cube_tp0d0081p0d0226p0d0085_ip0d0211n0d0216p0d0000_mp0d0076p0d0121p0d0000.xml,cube_s2,True,0.012,4.0,3.0,3.0,4.536441860307105,0.0521527738365566,5.0,0.005706503497846584,0.13095697415709665,0.008073792792765176,0.022586335006661292,0.008547471202648944,0.021117014049145004,-0.021585046307989013,0.0,0.007602631380494447,0.012080451574431939,0.0,"[0.01670650338203123, 1.4136920396922736, -1.1988183472931673, -0.1406929477397738, 1.5018848386318775, 1.112227418303088, 0.08524100279782254, 1.4630081260980572, 1.1262163305485497]"
cube,350,/home/humanoid/Programs/hand/results/phase1/run_20260413_pollard_multiscene_500_run2/cube/generated_mjcf/scene_cube_tp0d0050p0d0123p0d0049_ip0d0073n0d0116p0d0038_mp0d0136p0d0091p0d0000.xml,cube_s1,True,0.012,4.0,3.0,3.0,4.78886529555205,0.05004844642555713,6.0,0.005381184194077525,0.525983703022214,0.004973546412611628,0.012294721280264032,0.004905264142987729,0.007331516406347443,-0.011583437920894857,0.003754449056024657,0.013559791274911331,0.009078488971220607,0.0,"[0.14396919188861243, 1.4433168982123008, -0.9610501064489129, -0.21597678602589693, 1.62355791555873, 0.6894423420264776, 0.28596544965624304, 1.510907960805811, 0.9132080680226535]"
cube,351,/home/humanoid/Programs/hand/results/phase1/run_20260413_pollard_multiscene_500_run2/cube/generated_mjcf/scene_cube_tn0d0039p0d0300p0d0031_ip0d0059n0d0183p0d0000_mn0d0001p0d0228p0d0000.xml,cube_s2,True,0.012,4.0,3.0,3.0,4.9530229194208095,0.05311266302226686,6.0,0.005171837888613991,0.17110730719164213,-0.0039166529420677654,0.03,0.0030983018076305748,0.005948787222563647,-0.01830520319058511,0.0,-8.798364502618158e-05,0.022791051162759063,0.0,"[0.01670650338203123, 1.4136920396922736, -1.1988183472931673, -0.1406929477397738, 1.5018848386318775, 1.112227418303088, 0.08524100279782254, 1.4630081260980572, 1.1262163305485497]"
cube,352,/home/humanoid/Programs/hand/results/phase1/run_20260413_pollard_multiscene_500_run2/cube/generated_mjcf/scene_cube_tp0d0034p0d0300p0d0000_ip0d0204n0d0197p0d0092_mp0d0155p0d0230p0d0000.xml,cube_s2,True,0.012,4.0,3.0,3.0,4.944637023481558,0.050899960642615684,6.0,0.006105542598880441,0.07510836087511107,0.003412975582055045,0.03,0.0,0.02042065736538831,-0.019749759999292973,0.009245880066049521,0.015487406880309437,0.023006546913343175,0.0,"[0.01670650338203123, 1.4136920396922736, -1.1988183472931673, -0.1406929477397738, 1.5018848386318775, 1.112227418303088, 0.08524100279782254, 1.4630081260980572, 1.1262163305485497]"
cube,353,/home/humanoid/Programs/hand/results/phase1/run_20260413_pollard_multiscene_500_run2/cube/generated_mjcf/scene_cube_tn0d0050p0d0222p0d0028_ip0d0186n0d0214p0d0000_mp0d0034p0d0119p0d0000.xml,cube_s2,True,0.012,4.0,3.0,3.0,4.990840882911952,0.052425322336155857,6.0,0.00540505115758862,0.08947942548257913,-0.005047223917157493,0.022200789717896637,0.0028366476511519825,0.018635731232781283,-0.021376923278164504,0.0,0.003401259195152824,0.011868629062635739,0.0,"[0.01670650338203123, 1.4136920396922736, -1.1988183472931673, -0.1406929477397738, 1.5018848386318775, 1.112227418303088, 0.08524100279782254, 1.4630081260980572, 1.1262163305485497]"
cube,354,/home/humanoid/Programs/hand/results/phase1/run_20260413_pollard_multiscene_500_run2/cube/generated_mjcf/scene_cube_tn0d0091p0d0153p0d0119_ip0d0146n0d0101p0d0072_mp0d0135p0d0144p0d0004.xml,cube_s0,True,0.012,4.0,3.0,3.0,4.851651375554756,0.05126705303202249,6.0,0.005296045114012136,0.30190890932918846,-0.009122841531660764,0.015328829962151869,0.011877526740116384,0.014612756735501714,-0.010136883345936687,0.00720381312614379,0.013454718008685671,0.014437668626407232,0.0003923962344445347,"[0.04450704801781733, 1.3328962874535588, -1.1415586000720388, -0.15094057662950128, 1.5203356982523752, 1.0996771982762732, 0.03397261159793135, 1.5344387358077864, 1.0153400793182545]"
cube,355,/home/humanoid/Programs/hand/results/phase1/run_20260413_pollard_multiscene_500_run2/cube/generated_mjcf/scene_cube_tn0d0108p0d0258p0d0000_ip0d0180n0d0144p0d0044_mp0d0085p0d0070p0d0005.xml,cube_s2,True,0.012,4.0,3.0,3.0,4.961659249716819,0.05093667657399341,6.0,0.005721970328286103,0.03618402458718494,-0.010837836256156828,0.02584706010196519,0.0,0.017996213602326824,-0.014394856503673016,0.004360530785069212,0.00846710719667944,0.0070305058966985655,0.0004610260596799032,"[0.01670650338203123, 1.4136920396922736, -1.1988183472931673, -0.1406929477397738, 1.5018848386318775, 1.112227418303088, 0.08524100279782254, 1.4630081260980572, 1.1262163305485497]"
cube,356,/home/humanoid/Programs/hand/results/phase1/run_20260413_pollard_multiscene_500_run2/cube/generated_mjcf/scene_cube_tp0d0112p0d0139p0d0000_ip0d0182n0d0152p0d0003_mp0d0115p0d0173p0d0074.xml,cube_s1,True,0.012,4.0,3.0,3.0,4.569529787983394,0.047966206114029825,6.0,0.004985540521434943,1.4615211474759484,0.01115634821632247,0.013902861925370564,0.0,0.018235892805302557,-0.01517470826905366,0.0002586625091600264,0.011486192576683386,0.017257165777358207,0.007367364731213931,"[0.14396919188861243, 1.4433168982123008, -0.9610501064489129, -0.21597678602589693, 1.62355791555873, 0.6894423420264776, 0.28596544965624304, 1.510907960805811, 0.9132080680226535]"
cube,357,/home/humanoid/Programs/hand/results/phase1/run_20260413_pollard_multiscene_500_run2/cube/generated_mjcf/scene_cube_tn0d0022p0d0202p0d0000_ip0d0190n0d0081p0d0000_mp0d0023p0d0160p0d0000.xml,cube_s0,True,0.012,4.0,3.0,3.0,5.15526285555058,0.05127706235578225,7.0,0.004899829409706207,0.9800166205492564,-0.0022114211001733417,0.02015239016423227,0.0,0.019037892298739346,-0.008147344233290962,0.0,0.0022584008568622242,0.01599825880223124,0.0,"[0.04450704801781733, 1.3328962874535588, -1.1415586000720388, -0.15094057662950128, 1.5203356982523752, 1.0996771982762732, 0.03397261159793135, 1.5344387358077864, 1.0153400793182545]"
cube,358,/home/humanoid/Programs/hand/results/phase1/run_20260413_pollard_multiscene_500_run2/cube/generated_mjcf/scene_cube_tn0d0032p0d0212p0d0000_ip0d0113n0d0003p0d0000_mp0d0087p0d0046p0d0074.xml,cube_s2,True,0.012,4.0,3.0,3.0,4.967925986407385,0.05425619194729152,6.0,0.006126573932991059,0.23835551613534037,-0.0032261315123318663,0.0211871862183576,0.0,0.011311302439958055,-0.00033666258881834797,0.0,0.008688902469951895,0.004588963809888574,0.007431512844343829,"[0.01670650338203123, 1.4136920396922736, -1.1988183472931673, -0.1406929477397738, 1.5018848386318775, 1.112227418303088, 0.08524100279782254, 1.4630081260980572, 1.1262163305485497]"
cube,359,/home/humanoid/Programs/hand/results/phase1/run_20260413_pollard_multiscene_500_run2/cube/generated_mjcf/scene_cube_tp0d0021p0d0300p0d0038_ip0d0094n0d0116p0d0000_mp0d0060p0d0178p0d0000.xml,cube_s2,True,0.012,4.0,3.0,3.0,4.890026800980288,0.05308000895017377,6.0,0.004977660354547328,0.35972874697563734,0.002053449878073278,0.03,0.003783683303278742,0.009426483925576358,-0.011583913748456132,0.0,0.006011042113765158,0.017809019608174263,0.0,"[0.01670650338203123, 1.4136920396922736, -1.1988183472931673, -0.1406929477397738, 1.5018848386318775, 1.112227418303088, 0.08524100279782254, 1.4630081260980572, 1.1262163305485497]"
cube,360,/home/humanoid/Programs/hand/results/phase1/run_20260413_pollard_multiscene_500_run2/cube/generated_mjcf/scene_cube_tp0d0077p0d0288p0d0000_ip0d0146n0d0140p0d0000_mp0d0217p0d0090p0d0038.xml,cube_s2,True,0.012,4.0,3.0,3.0,4.60510568092139,0.05459823386864854,5.0,0.005417725956496609,0.2885298001318159,0.007692612643866344,0.028837691525292333,0.0,0.014600800689397628,-0.013961397513764087,0.0,0.02174568502353339,0.009014776072522324,0.003847079872144152,"[0.01670650338203123, 1.4136920396922736, -1.1988183472931673, -0.1406929477397738, 1.5018848386318775, 1.112227418303088, 0.08524100279782254, 1.4630081260980572, 1.1262163305485497]"
cube,361,/home/humanoid/Programs/hand/results/phase1/run_20260413_pollard_multiscene_500_run2/cube/generated_mjcf/scene_cube_tp0d0063p0d0247p0d0000_ip0d0049n0d0079p0d0000_mp0d0212p0d0139p0d0013.xml,cube_s0,True,0.012,4.0,3.0,3.0,5.293213117357964,0.04998136622928874,7.0,0.00483120251381576,0.25870539196770787,0.006298885232914844,0.024677701527575972,0.0,0.004865482952478182,-0.007899234012555876,0.0,0.021239068743524485,0.013910428198081467,0.0012518095585489566,"[0.04450704801781733, 1.3328962874535588, -1.1415586000720388, -0.15094057662950128, 1.5203356982523752, 1.0996771982762732, 0.03397261159793135, 1.5344387358077864, 1.0153400793182545]"
cube,362,/home/humanoid/Programs/hand/results/phase1/run_20260413_pollard_multiscene_500_run2/cube/generated_mjcf/scene_cube_tp0d0001p0d0184p0d0000_ip0d0200n0d0237p0d0113_mp0d0008p0d0136p0d0046.xml,cube_s2,True,0.012,4.0,3.0,3.0,4.900091248860533,0.049884845228712255,6.0,0.006071486002898485,0.10614362545846326,9.038651703096798e-05,0.01835541066897918,0.0,0.02001264994905546,-0.023737975227585074,0.011274612962096212,0.000750582854815959,0.013632312421630632,0.004622285063949041,"[0.01670650338203123, 1.4136920396922736, -1.1988183472931673, -0.1406929477397738, 1.5018848386318775, 1.112227418303088, 0.08524100279782254, 1.4630081260980572, 1.1262163305485497]"
cube,363,/home/humanoid/Programs/hand/results/phase1/run_20260413_pollard_multiscene_500_run2/cube/generated_mjcf/scene_cube_tp0d0072p0d0238p0d0000_ip0d0194n0d0139p0d0000_mp0d0167p0d0168p0d0000.xml,cube_s2,True,0.012,4.0,3.0,3.0,5.174073175986044,0.0500050522700763,7.0,0.004806677911897243,0.9889049946305299,0.007206458439634005,0.02379163141151473,0.0,0.019368293958761447,-0.013866451305668421,0.0,0.01674031164559555,0.016847650557893175,0.0,"[0.01670650338203123, 1.4136920396922736, -1.1988183472931673, -0.1406929477397738, 1.5018848386318775, 1.112227418303088, 0.08524100279782254, 1.4630081260980572, 1.1262163305485497]"
cube,364,/home/humanoid/Programs/hand/results/phase1/run_20260413_pollard_multiscene_500_run2/cube/generated_mjcf/scene_cube_tn0d0041p0d0101p0d0010_ip0d0016n0d0071p0d0013_mp0d0213p0d0036p0d0052.xml,cube_s1,True,0.012,4.0,3.0,3.0,4.844055990663208,0.049348137084993804,6.0,0.0065485980323921715,0.2722207533372912,-0.004084384463942093,0.010142883921641723,0.000990451667586002,0.0015985144586338831,-0.007118649794417934,0.0013321773609604407,0.02130587540881341,0.003579389141666148,0.0051866735559624386,"[0.14396919188861243, 1.4433168982123008, -0.9610501064489129, -0.21597678602589693, 1.62355791555873, 0.6894423420264776, 0.28596544965624304, 1.510907960805811, 0.9132080680226535]"
cube,366,/home/humanoid/Programs/hand/results/phase1/run_20260413_pollard_multiscene_500_run2/cube/generated_mjcf/scene_cube_tp0d0090p0d0283p0d0071_ip0d0201n0d0143p0d0000_mn0d0018p0d0143p0d0002.xml,cube_s2,True,0.012,4.0,3.0,3.0,4.842990246167282,0.049961721071810274,6.0,0.006537169762432915,0.34776559552442354,0.008993048384683937,0.028332332885572582,0.007133172031471843,0.0201278457978318,-0.014265996985525718,0.0,-0.0017792897870281283,0.014276096134759242,0.00021827326428465292,"[0.01670650338203123, 1.4136920396922736, -1.1988183472931673, -0.1406929477397738, 1.5018848386318775, 1.112227418303088, 0.08524100279782254, 1.4630081260980572, 1.1262163305485497]"
cube,367,/home/humanoid/Programs/hand/results/phase1/run_20260413_pollard_multiscene_500_run2/cube/generated_mjcf/scene_cube_tp0d0013p0d0300p0d0000_ip0d0055n0d0141p0d0078_mp0d0137p0d0226p0d0000.xml,cube_s2,True,0.012,4.0,3.0,3.0,4.913387746815554,0.049769447779491244,6.0,0.00484119726967996,0.09773078490546613,0.0013243586582645864,0.03,0.0,0.005454282046486432,-0.014076684522502887,0.007848994918644388,0.013675916096374986,0.022612653700813792,0.0,"[0.01670650338203123, 1.4136920396922736, -1.1988183472931673, -0.1406929477397738, 1.5018848386318775, 1.112227418303088, 0.08524100279782254, 1.4630081260980572, 1.1262163305485497]"
cube,368,/home/humanoid/Programs/hand/results/phase1/run_20260413_pollard_multiscene_500_run2/cube/generated_mjcf/scene_cube_tn0d0041p0d0084p0d0102_ip0d0153n0d0157p0d0001_mn0d0018p0d0221p0d0100.xml,cube_s2,True,0.012,4.0,2.0,3.0,4.080385700606633,0.04983195362905839,4.0,0.010040031153909282,0.14322120207240627,-0.004053401737318047,0.008430366835151014,0.010164258692179497,0.015257946914463924,-0.0156555570176925,0.00011680821710949654,-0.0017660762171259354,0.022104252712855398,0.010035043290268227,"[0.01670650338203123, 1.4136920396922736, -1.1988183472931673, -0.1406929477397738, 1.5018848386318775, 1.112227418303088, 0.08524100279782254, 1.4630081260980572, 1.1262163305485497]"
cube,369,/home/humanoid/Programs/hand/results/phase1/run_20260413_pollard_multiscene_500_run2/cube/generated_mjcf/scene_cube_tn0d0058p0d0248p0d0003_ip0d0140n0d0106p0d0006_mp0d0122p0d0059p0d0000.xml,cube_s2,True,0.012,4.0,3.0,3.0,4.929849979612845,0.052111995609137284,6.0,0.004937602829816833,0.3447951939944236,-0.0058268376677013956,0.024841286858219992,0.0002982599472535624,0.014002525851861946,-0.010559997507252046,0.0006057673427742397,0.012179493967528118,0.005867447662353625,0.0,"[0.01670650338203123, 1.4136920396922736, -1.1988183472931673, -0.1406929477397738, 1.5018848386318775, 1.112227418303088, 0.08524100279782254, 1.4630081260980572, 1.1262163305485497]"
cube,370,/home/humanoid/Programs/hand/results/phase1/run_20260413_pollard_multiscene_500_run2/cube/generated_mjcf/scene_cube_tn0d0045p0d0101p0d0000_in0d0000n0d0203p0d0049_mn0d0014p0d0174p0d0000.xml,cube_s1,True,0.012,4.0,2.0,3.0,4.41799037612793,0.05231854048679193,5.0,0.005048798942023738,0.7114719612209944,-0.0044817304554041985,0.010133206181426631,0.0,-4.208788127289288e-05,-0.020312697918262373,0.004931652050945971,-0.001420408213504953,0.01743343816215112,0.0,"[0.14396919188861243, 1.4433168982123008, -0.9610501064489129, -0.21597678602589693, 1.62355791555873, 0.6894423420264776, 0.28596544965624304, 1.510907960805811, 0.9132080680226535]"
cube,371,/home/humanoid/Programs/hand/results/phase1/run_20260413_pollard_multiscene_500_run2/cube/generated_mjcf/scene_cube_tp0d0060p0d0272p0d0000_ip0d0076n0d0158p0d0033_mp0d0058p0d0188p0d0080.xml,cube_s2,True,0.012,4.0,3.0,3.0,4.782642526503554,0.04998692243792596,6.0,0.004828340844980529,0.8950321958282946,0.006042441969243088,0.027228365459574227,0.0,0.007593758980041379,-0.015792569411251185,0.0033017785952277386,0.005776874706348101,0.01882102030819338,0.007980643465284785,"[0.01670650338203123, 1.4136920396922736, -1.1988183472931673, -0.1406929477397738, 1.5018848386318775, 1.112227418303088, 0.08524100279782254, 1.4630081260980572, 1.1262163305485497]"
cube,372,/home/humanoid/Programs/hand/results/phase1/run_20260413_pollard_multiscene_500_run2/cube/generated_mjcf/scene_cube_tn0d0039p0d0221p0d0076_ip0d0216n0d0035p0d0114_mp0d0217p0d0048p0d0023.xml,cube_s1,True,0.012,4.0,3.0,3.0,4.898596639538226,0.050156217601171685,6.0,0.005773861485995323,0.27926724627094857,-0.0039367057456346135,0.022129036276644528,0.00759938668754058,0.021600388888547803,-0.003458654995397466,0.011387362033031666,0.021716500944982772,0.004846232690389937,0.0023329764739651176,"[0.14396919188861243, 1.4433168982123008, -0.9610501064489129, -0.21597678602589693, 1.62355791555873, 0.6894423420264776, 0.28596544965624304, 1.510907960805811, 0.9132080680226535]"
cube,373,/home/humanoid/Programs/hand/results/phase1/run_20260413_pollard_multiscene_500_run2/cube/generated_mjcf/scene_cube_tn0d0117p0d0102p0d0000_ip0d0216n0d0083p0d0034_mn0d0008p0d0137p0d0071.xml,cube_s1,True,0.012,4.0,1.0,3.0,4.211351940174515,0.05382526976374998,4.0,0.009928543341408939,0.14734274626342173,-0.011721801351998734,0.010249897424361614,0.0,0.021571248344733958,-0.008281985314991391,0.003362224881755657,-0.0008025599165518201,0.013740737562206125,0.007120033040254055,"[0.14396919188861243, 1.4433168982123008, -0.9610501064489129, -0.21597678602589693, 1.62355791555873, 0.6894423420264776, 0.28596544965624304, 1.510907960805811, 0.9132080680226535]"
cube,374,/home/humanoid/Programs/hand/results/phase1/run_20260413_pollard_multiscene_500_run2/cube/generated_mjcf/scene_cube_tn0d0012p0d0088p0d0000_in0d0013n0d0179p0d0087_mp0d0149p0d0097p0d0012.xml,cube_s1,True,0.012,4.0,2.0,3.0,4.9745125143212965,0.05220445941616889,6.0,0.005482320939326111,0.14808454779867417,-0.0011870628156485583,0.008785765256269625,0.0,-0.0012845129532466984,-0.01790627764087028,0.008705030224436333,0.014947856117084853,0.009691392927035278,0.001202015562066389,"[0.14396919188861243, 1.4433168982123008, -0.9610501064489129, -0.21597678602589693, 1.62355791555873, 0.6894423420264776, 0.28596544965624304, 1.510907960805811, 0.9132080680226535]"
cube,375,/home/humanoid/Programs/hand/results/phase1/run_20260413_pollard_multiscene_500_run2/cube/generated_mjcf/scene_cube_tn0d0024p0d0249p0d0000_ip0d0189n0d0020p0d0086_mp0d0011p0d0101p0d0097.xml,cube_s2,True,0.012,4.0,2.0,3.0,4.9884725433225,0.054177639009596684,6.0,0.006319698631455026,0.11278637203255887,-0.002364992455036838,0.02485474196775472,0.0,0.0189458288206348,-0.0020460735160279016,0.008558192589777455,0.0010822010446346324,0.010070902748129561,0.009711010137673462,"[0.01670650338203123, 1.4136920396922736, -1.1988183472931673, -0.1406929477397738, 1.5018848386318775, 1.112227418303088, 0.08524100279782254, 1.4630081260980572, 1.1262163305485497]"
cube,376,/home/humanoid/Programs/hand/results/phase1/run_20260413_pollard_multiscene_500_run2/cube/generated_mjcf/scene_cube_tp0d0105p0d0300p0d0000_ip0d0063n0d0138p0d0000_mn0d0013p0d0092p0d0107.xml,cube_s2,True,0.012,4.0,2.0,3.0,3.6767473119830294,0.049967436022039624,4.0,0.01173126116722647,1.7550257337638584,0.010522744540146026,0.03,0.0,0.006265542463366365,-0.013777684366762381,0.0,-0.0013129549292847896,0.009179419376552186,0.010680191381843947,"[0.01670650338203123, 1.4136920396922736, -1.1988183472931673, -0.1406929477397738, 1.5018848386318775, 1.112227418303088, 0.08524100279782254, 1.4630081260980572, 1.1262163305485497]"
cube,377,/home/humanoid/Programs/hand/results/phase1/run_20260413_pollard_multiscene_500_run2/cube/generated_mjcf/scene_cube_tp0d0098p0d0111p0d0000_ip0d0151n0d0201p0d0000_mp0d0220p0d0245p0d0000.xml,cube_s1,True,0.012,4.0,2.0,3.0,4.278480596355328,0.049026633916495435,5.0,0.007910410975331595,0.8354548733510724,0.00981687253429277,0.011120275617783176,0.0,0.015080426789617232,-0.020071235905748067,0.0,0.02197541611441125,0.024494177142076932,0.0,"[0.14396919188861243, 1.4433168982123008, -0.9610501064489129, -0.21597678602589693, 1.62355791555873, 0.6894423420264776, 0.28596544965624304, 1.510907960805811, 0.9132080680226535]"
cube,378,/home/humanoid/Programs/hand/results/phase1/run_20260413_pollard_multiscene_500_run2/cube/generated_mjcf/scene_cube_tn0d0031p0d0178p0d0000_ip0d0097n0d0197p0d0076_mp0d0193p0d0182p0d0000.xml,cube_s0,True,0.012,4.0,3.0,3.0,5.1712719619374345,0.049539689974557904,7.0,0.004858365915462099,0.9079185268376262,-0.003080000567103787,0.01777371674284665,0.0,0.009742211201763528,-0.0197073930433107,0.007610088691735812,0.0192940940515098,0.01819294307398065,0.0,"[0.04450704801781733, 1.3328962874535588, -1.1415586000720388, -0.15094057662950128, 1.5203356982523752, 1.0996771982762732, 0.03397261159793135, 1.5344387358077864, 1.0153400793182545]"
cube,379,/home/humanoid/Programs/hand/results/phase1/run_20260413_pollard_multiscene_500_run2/cube/generated_mjcf/scene_cube_tp0d0005p0d0181p0d0102_ip0d0204n0d0113p0d0000_mp0d0040p0d0080p0d0000.xml,cube_s2,True,0.012,4.0,3.0,3.0,5.320749806585544,0.049765196448846874,7.0,0.005006147453936737,0.04251908146916087,0.0005063580441945943,0.018121217785754797,0.010185928300256861,0.020406265641012875,-0.011317239845225827,0.0,0.003969351811511051,0.00798329334682274,0.0,"[0.01670650338203123, 1.4136920396922736, -1.1988183472931673, -0.1406929477397738, 1.5018848386318775, 1.112227418303088, 0.08524100279782254, 1.4630081260980572, 1.1262163305485497]"
cube,381,/home/humanoid/Programs/hand/results/phase1/run_20260413_pollard_multiscene_500_run2/cube/generated_mjcf/scene_cube_tp0d0088p0d0272p0d0000_in0d0018n0d0006p0d0118_mp0d0039p0d0093p0d0065.xml,cube_s2,True,0.012,4.0,3.0,3.0,5.078699201272327,0.05546346896986436,6.0,0.005226835553174568,0.07032021918085944,0.00883521132348538,0.02723552528533489,0.0,-0.0017554778323576065,-0.0005744690308488714,0.011781042137225497,0.0038637391976680735,0.009288167528081906,0.006509256874247228,"[0.01670650338203123, 1.4136920396922736, -1.1988183472931673, -0.1406929477397738, 1.5018848386318775, 1.112227418303088, 0.08524100279782254, 1.4630081260980572, 1.1262163305485497]"
cube,382,/home/humanoid/Programs/hand/results/phase1/run_20260413_pollard_multiscene_500_run2/cube/generated_mjcf/scene_cube_tp0d0073p0d0185p0d0056_ip0d0209n0d0050p0d0000_mp0d0188p0d0110p0d0000.xml,cube_s0,True,0.012,4.0,3.0,3.0,4.907027540880026,0.0495050826025381,6.0,0.004959336282810233,0.0720860041659134,0.007305359803473289,0.01853133851136897,0.005595346364554953,0.020921363985685365,-0.0049934306565185185,0.0,0.01877336898563437,0.011049691809589724,0.0,"[0.04450704801781733, 1.3328962874535588, -1.1415586000720388, -0.15094057662950128, 1.5203356982523752, 1.0996771982762732, 0.03397261159793135, 1.5344387358077864, 1.0153400793182545]"
cube,383,/home/humanoid/Programs/hand/results/phase1/run_20260413_pollard_multiscene_500_run2/cube/generated_mjcf/scene_cube_tn0d0118p0d0271p0d0000_ip0d0077n0d0076p0d0000_mp0d0104p0d0062p0d0000.xml,cube_s2,True,0.012,4.0,3.0,3.0,4.882145180943952,0.050975874189837886,6.0,0.004898471940814622,0.4355808311674647,-0.011835445780551481,0.02708227762575327,0.0,0.00774784304588942,-0.007563727153970494,0.0,0.010352447859135416,0.00620925942575782,0.0,"[0.01670650338203123, 1.4136920396922736, -1.1988183472931673, -0.1406929477397738, 1.5018848386318775, 1.112227418303088, 0.08524100279782254, 1.4630081260980572, 1.1262163305485497]"
cube,384,/home/humanoid/Programs/hand/results/phase1/run_20260413_pollard_multiscene_500_run2/cube/generated_mjcf/scene_cube_tp0d0017p0d0255p0d0000_ip0d0031n0d0131p0d0000_mp0d0099p0d0257p0d0033.xml,cube_s0,True,0.012,4.0,3.0,3.0,4.700038953496101,0.0543502849913978,6.0,0.004885764403062353,1.5678171219435075,0.0016914948769208415,0.025535338406468797,0.0,0.0031439657404761087,-0.0130591830163866,0.0,0.009858869067842405,0.02571102656057945,0.0032954859455089983,"[0.04450704801781733, 1.3328962874535588, -1.1415586000720388, -0.15094057662950128, 1.5203356982523752, 1.0996771982762732, 0.03397261159793135, 1.5344387358077864, 1.0153400793182545]"
cube,385,/home/humanoid/Programs/hand/results/phase1/run_20260413_pollard_multiscene_500_run2/cube/generated_mjcf/scene_cube_tn0d0097p0d0110p0d0000_ip0d0125n0d0058p0d0000_mp0d0078p0d0247p0d0000.xml,cube_s2,True,0.012,4.0,3.0,3.0,4.11075273918122,0.050055125250697254,4.0,0.011081754492236516,0.06258758448067081,-0.009705485774302398,0.010951697871815396,0.0,0.01253462152769577,-0.0057613579648361415,0.0,0.007829687300922256,0.024665368578795213,0.0,"[0.01670650338203123, 1.4136920396922736, -1.1988183472931673, -0.1406929477397738, 1.5018848386318775, 1.112227418303088, 0.08524100279782254, 1.4630081260980572, 1.1262163305485497]"
cube,386,/home/humanoid/Programs/hand/results/phase1/run_20260413_pollard_multiscene_500_run2/cube/generated_mjcf/scene_cube_tp0d0112p0d0234p0d0078_ip0d0165n0d0031p0d0000_mp0d0057p0d0176p0d0000.xml,cube_s1,True,0.012,4.0,3.0,3.0,4.893148628607034,0.04921276248662104,6.0,0.0050343087595810096,0.08594630849735141,0.011221352133399164,0.023400693629328326,0.007817550025673033,0.016469362116625613,-0.0030606096441238902,0.0,0.0056810241222650226,0.017649806992087,0.0,"[0.14396919188861243, 1.4433168982123008, -0.9610501064489129, -0.21597678602589693, 1.62355791555873, 0.6894423420264776, 0.28596544965624304, 1.510907960805811, 0.9132080680226535]"
cube,387,/home/humanoid/Programs/hand/results/phase1/run_20260413_pollard_multiscene_500_run2/cube/generated_mjcf/scene_cube_tp0d0022p0d0296p0d0042_in0d0005n0d0213p0d0114_mn0d0003p0d0235p0d0117.xml,cube_s2,True,0.012,4.0,2.0,3.0,4.956563121291115,0.054646987433313816,6.0,0.005052701821283232,0.3234195457001753,0.0022174444709567916,0.02962539332540697,0.004156687339348996,-0.0005198644936682765,-0.02134521506551034,0.011364295824339798,-0.0003092501664925997,0.02351928518610475,0.011679372772733076,"[0.01670650338203123, 1.4136920396922736, -1.1988183472931673, -0.1406929477397738, 1.5018848386318775, 1.112227418303088, 0.08524100279782254, 1.4630081260980572, 1.1262163305485497]"
cube,388,/home/humanoid/Programs/hand/results/phase1/run_20260413_pollard_multiscene_500_run2/cube/generated_mjcf/scene_cube_tn0d0081p0d0249p0d0074_ip0d0208n0d0041p0d0060_mp0d0165p0d0220p0d0000.xml,cube_s2,True,0.012,4.0,3.0,3.0,4.939173700279048,0.05062857388942307,6.0,0.005629236468587172,0.08249001969901502,-0.008107505421219302,0.024897468565151633,0.007392595337002955,0.020834492113102794,-0.004065712382739778,0.005970238289425941,0.01648862815479199,0.021974727226854895,0.0,"[0.01670650338203123, 1.4136920396922736, -1.1988183472931673, -0.1406929477397738, 1.5018848386318775, 1.112227418303088, 0.08524100279782254, 1.4630081260980572, 1.1262163305485497]"
cube,389,/home/humanoid/Programs/hand/results/phase1/run_20260413_pollard_multiscene_500_run2/cube/generated_mjcf/scene_cube_tn0d0039p0d0285p0d0057_ip0d0208n0d0041p0d0036_mp0d0108p0d0059p0d0000.xml,cube_s2,True,0.012,4.0,3.0,3.0,4.989189598676882,0.052091944090724096,6.0,0.0055641229752796326,0.056771283014844805,-0.0038931974279779093,0.02852385064265748,0.005709619844043064,0.020838318228018286,-0.0041099736522949,0.003648895908196892,0.0108003713735257,0.005888130359499352,0.0,"[0.01670650338203123, 1.4136920396922736, -1.1988183472931673, -0.1406929477397738, 1.5018848386318775, 1.112227418303088, 0.08524100279782254, 1.4630081260980572, 1.1262163305485497]"
cube,390,/home/humanoid/Programs/hand/results/phase1/run_20260413_pollard_multiscene_500_run2/cube/generated_mjcf/scene_cube_tp0d0111p0d0091p0d0111_ip0d0003n0d0059p0d0000_mp0d0056p0d0107p0d0000.xml,cube_s1,True,0.012,4.0,1.0,3.0,4.782197916149418,0.049198757570280235,6.0,0.007633531967549883,0.5554597712562981,0.011086732584622856,0.009114061201632327,0.011143108779249625,0.00025073679208613593,-0.0059266445125180246,0.0,0.0055913408234708984,0.010650676511304417,0.0,"[0.14396919188861243, 1.4433168982123008, -0.9610501064489129, -0.21597678602589693, 1.62355791555873, 0.6894423420264776, 0.28596544965624304, 1.510907960805811, 0.9132080680226535]"
cube,391,/home/humanoid/Programs/hand/results/phase1/run_20260413_pollard_multiscene_500_run2/cube/generated_mjcf/scene_cube_tp0d0086p0d0123p0d0089_ip0d0070n0d0226p0d0091_mp0d0164p0d0140p0d0037.xml,cube_s1,True,0.012,4.0,2.0,3.0,4.667891320648271,0.048712764985016324,6.0,0.0052194387775586285,1.0716517718520822,0.008609555327129374,0.012341154397680697,0.008912346989687733,0.007000500798774553,-0.022583043905803016,0.009075589409086891,0.016411278947240843,0.014031523004441703,0.003694186370186217,"[0.14396919188861243, 1.4433168982123008, -0.9610501064489129, -0.21597678602589693, 1.62355791555873, 0.6894423420264776, 0.28596544965624304, 1.510907960805811, 0.9132080680226535]"
cube,392,/home/humanoid/Programs/hand/results/phase1/run_20260413_pollard_multiscene_500_run2/cube/generated_mjcf/scene_cube_tp0d0043p0d0176p0d0012_ip0d0077n0d0128p0d0049_mp0d0080p0d0130p0d0065.xml,cube_s0,True,0.012,4.0,3.0,3.0,5.313516774195664,0.04950758018511507,7.0,0.004843258273670501,0.047684224129065304,0.004254000457927461,0.01759718261799633,0.0011591161610298387,0.007690670392919728,-0.012804244452743358,0.0048799535306744725,0.007961258183951048,0.01299761563100522,0.006523599200057,"[0.04450704801781733, 1.3328962874535588, -1.1415586000720388, -0.15094057662950128, 1.5203356982523752, 1.0996771982762732, 0.03397261159793135, 1.5344387358077864, 1.0153400793182545]"
cube,393,/home/humanoid/Programs/hand/results/phase1/run_20260413_pollard_multiscene_500_run2/cube/generated_mjcf/scene_cube_tn0d0050p0d0163p0d0000_ip0d0035n0d0034p0d0000_mp0d0059p0d0048p0d0000.xml,cube_s1,True,0.012,4.0,3.0,3.0,4.905928833932685,0.05170607235081706,6.0,0.005026140426608954,0.30519841943312337,-0.004985988495398425,0.016300216267685623,0.0,0.0034683806033389258,-0.003396272985994214,0.0,0.005879648740595553,0.004792153550523294,0.0,"[0.14396919188861243, 1.4433168982123008, -0.9610501064489129, -0.21597678602589693, 1.62355791555873, 0.6894423420264776, 0.28596544965624304, 1.510907960805811, 0.9132080680226535]"
cube,394,/home/humanoid/Programs/hand/results/phase1/run_20260413_pollard_multiscene_500_run2/cube/generated_mjcf/scene_cube_tp0d0025p0d0092p0d0113_ip0d0219n0d0209p0d0000_mp0d0081p0d0097p0d0000.xml,cube_s1,True,0.012,4.0,3.0,3.0,4.850357441625147,0.05227176359986552,6.0,0.008113052968241755,0.3365946954850309,0.002490598221685335,0.00915709564276886,0.011311791537951966,0.021897171626930806,-0.020911052181316225,0.0,0.008075035345848846,0.009678888052115298,0.0,"[0.14396919188861243, 1.4433168982123008, -0.9610501064489129, -0.21597678602589693, 1.62355791555873, 0.6894423420264776, 0.28596544965624304, 1.510907960805811, 0.9132080680226535]"
cube,395,/home/humanoid/Programs/hand/results/phase1/run_20260413_pollard_multiscene_500_run2/cube/generated_mjcf/scene_cube_tn0d0095p0d0197p0d0090_ip0d0217n0d0162p0d0000_mp0d0137p0d0125p0d0097.xml,cube_s0,True,0.012,4.0,3.0,3.0,4.98007879239886,0.05205051094152072,6.0,0.005421252719655105,0.0624474998764884,-0.00953061315295389,0.01970784975786273,0.009043612848737722,0.02166338004553322,-0.01616864958747996,0.0,0.01367630035117491,0.012518278257087605,0.009730640697078064,"[0.04450704801781733, 1.3328962874535588, -1.1415586000720388, -0.15094057662950128, 1.5203356982523752, 1.0996771982762732, 0.03397261159793135, 1.5344387358077864, 1.0153400793182545]"
cube,396,/home/humanoid/Programs/hand/results/phase1/run_20260413_pollard_multiscene_500_run2/cube/generated_mjcf/scene_cube_tp0d0070p0d0222p0d0038_ip0d0151n0d0084p0d0000_mp0d0110p0d0104p0d0000.xml,cube_s2,True,0.012,4.0,3.0,3.0,5.091614770648144,0.05023618042832765,7.0,0.004907593419698469,1.183140392463639,0.007035811052865017,0.02218081977592099,0.003815341310432256,0.01510725445699214,-0.008439512570922078,0.0,0.010976962247331351,0.01039287020671183,0.0,"[0.01670650338203123, 1.4136920396922736, -1.1988183472931673, -0.1406929477397738, 1.5018848386318775, 1.112227418303088, 0.08524100279782254, 1.4630081260980572, 1.1262163305485497]"
cube,397,/home/humanoid/Programs/hand/results/phase1/run_20260413_pollard_multiscene_500_run2/cube/generated_mjcf/scene_cube_tp0d0042p0d0183p0d0082_ip0d0033n0d0180p0d0088_mp0d0066p0d0266p0d0000.xml,cube_s1,True,0.012,4.0,3.0,3.0,4.80216182884908,0.04947755555893993,6.0,0.00525027683482572,0.09188976514259721,0.004177515190882806,0.018256379083365838,0.008178273670573787,0.0032815323204622516,-0.01803993751952694,0.008760822790220408,0.006593736646331887,0.02663481077537399,0.0,"[0.14396919188861243, 1.4433168982123008, -0.9610501064489129, -0.21597678602589693, 1.62355791555873, 0.6894423420264776, 0.28596544965624304, 1.510907960805811, 0.9132080680226535]"
cube,398,/home/humanoid/Programs/hand/results/phase1/run_20260413_pollard_multiscene_500_run2/cube/generated_mjcf/scene_cube_tp0d0086p0d0213p0d0009_ip0d0108n0d0199p0d0066_mp0d0077p0d0183p0d0034.xml,cube_s0,True,0.012,4.0,3.0,3.0,4.877270515717679,0.05581120845142201,6.0,0.005207736536702178,0.7107910677087901,0.008571605710506466,0.021259249860929377,0.0008803123529353071,0.010802095205575884,-0.019921780238881113,0.006613136719011141,0.007685854373764274,0.0183301494512482,0.003400613466890816,"[0.04450704801781733, 1.3328962874535588, -1.1415586000720388, -0.15094057662950128, 1.5203356982523752, 1.0996771982762732, 0.03397261159793135, 1.5344387358077864, 1.0153400793182545]"
cube,399,/home/humanoid/Programs/hand/results/phase1/run_20260413_pollard_multiscene_500_run2/cube/generated_mjcf/scene_cube_tp0d0088p0d0300p0d0009_ip0d0029n0d0117p0d0120_mp0d0050p0d0090p0d0058.xml,cube_s2,True,0.012,4.0,1.0,3.0,3.9664306056816008,0.05046411753648901,4.0,0.010479465513079279,0.5691776254303368,0.008824535085985016,0.03,0.0008932574776091152,0.0029455698672819766,-0.011691082195174523,0.011978490078858362,0.005010734973117511,0.00897510569587991,0.0057671861599445234,"[0.01670650338203123, 1.4136920396922736, -1.1988183472931673, -0.1406929477397738, 1.5018848386318775, 1.112227418303088, 0.08524100279782254, 1.4630081260980572, 1.1262163305485497]"
cube,400,/home/humanoid/Programs/hand/results/phase1/run_20260413_pollard_multiscene_500_run2/cube/generated_mjcf/scene_cube_tp0d0094p0d0127p0d0051_ip0d0209n0d0108p0d0092_mp0d0144p0d0193p0d0000.xml,cube_s1,True,0.012,4.0,3.0,3.0,4.0923356965104585,0.05005324538118757,4.0,0.009982599228427967,0.056544623079772795,0.009372313123217593,0.012687591986216464,0.005107999205280118,0.020884326403043323,-0.01077608685664617,0.009235654013356007,0.014419671401879495,0.01932431120884613,0.0,"[0.14396919188861243, 1.4433168982123008, -0.9610501064489129, -0.21597678602589693, 1.62355791555873, 0.6894423420264776, 0.28596544965624304, 1.510907960805811, 0.9132080680226535]"
cube,401,/home/humanoid/Programs/hand/results/phase1/run_20260413_pollard_multiscene_500_run2/cube/generated_mjcf/scene_cube_tn0d0066p0d0138p0d0000_ip0d0011n0d0196p0d0076_mp0d0043p0d0047p0d0000.xml,cube_s1,True,0.012,4.0,3.0,3.0,4.770917443970975,0.04958480665820657,6.0,0.005100385913595666,0.8099879304144849,-0.006568166016017537,0.013757574947577381,0.0,0.001065966599342636,-0.01962445671424908,0.0076232278739171815,0.004307982889677852,0.004710504044540714,0.0,"[0.14396919188861243, 1.4433168982123008, -0.9610501064489129, -0.21597678602589693, 1.62355791555873, 0.6894423420264776, 0.28596544965624304, 1.510907960805811, 0.9132080680226535]"
cube,402,/home/humanoid/Programs/hand/results/phase1/run_20260413_pollard_multiscene_500_run2/cube/generated_mjcf/scene_cube_tn0d0061p0d0117p0d0000_ip0d0051n0d0055p0d0000_mp0d0162p0d0205p0d0000.xml,cube_s1,True,0.012,4.0,3.0,3.0,4.863346644694145,0.050035134108562515,6.0,0.006886254977491489,0.3341816041736882,-0.006070162506608994,0.011700464662166754,0.0,0.005108954427857113,-0.005521412233569041,0.0,0.0161877500683167,0.020471673403065584,0.0,"[0.14396919188861243, 1.4433168982123008, -0.9610501064489129, -0.21597678602589693, 1.62355791555873, 0.6894423420264776, 0.28596544965624304, 1.510907960805811, 0.9132080680226535]"
cube,403,/home/humanoid/Programs/hand/results/phase1/run_20260413_pollard_multiscene_500_run2/cube/generated_mjcf/scene_cube_tn0d0060p0d0300p0d0038_ip0d0005n0d0059p0d0000_mp0d0128p0d0242p0d0000.xml,cube_s2,True,0.012,4.0,3.0,3.0,4.935828654577311,0.05088921098280823,6.0,0.005825133494833328,0.08412741195144088,-0.006013261280368498,0.03,0.0037994320888812723,0.0004817540822769067,-0.005867111497752016,0.0,0.01282047936393451,0.024198128950756195,0.0,"[0.01670650338203123, 1.4136920396922736, -1.1988183472931673, -0.1406929477397738, 1.5018848386318775, 1.112227418303088, 0.08524100279782254, 1.4630081260980572, 1.1262163305485497]"
cube,404,/home/humanoid/Programs/hand/results/phase1/run_20260413_pollard_multiscene_500_run2/cube/generated_mjcf/scene_cube_tp0d0014p0d0095p0d0078_ip0d0166n0d0207p0d0000_mp0d0045p0d0151p0d0008.xml,cube_s1,True,0.012,4.0,3.0,3.0,4.615957013767575,0.04978044593178239,6.0,0.007847110470628456,1.5797513250430213,0.001414445381986533,0.009486985216727615,0.007769364107765152,0.01657461588220816,-0.020718033407936723,0.0,0.004544141871500557,0.01511193721917458,0.0007559026465335395,"[0.14396919188861243, 1.4433168982123008, -0.9610501064489129, -0.21597678602589693, 1.62355791555873, 0.6894423420264776, 0.28596544965624304, 1.510907960805811, 0.9132080680226535]"
cube,405,/home/humanoid/Programs/hand/results/phase1/run_20260413_pollard_multiscene_500_run2/cube/generated_mjcf/scene_cube_tn0d0054p0d0250p0d0000_in0d0008n0d0049p0d0000_mp0d0209p0d0196p0d0000.xml,cube_s2,True,0.012,4.0,3.0,3.0,4.927541846347217,0.05080728502653413,6.0,0.006098721136788342,0.15047710406362322,-0.005358389402565853,0.025047091820678522,0.0,-0.0007916345280545387,-0.004914922017206636,0.0,0.020890783474579788,0.019618085441763078,0.0,"[0.01670650338203123, 1.4136920396922736, -1.1988183472931673, -0.1406929477397738, 1.5018848386318775, 1.112227418303088, 0.08524100279782254, 1.4630081260980572, 1.1262163305485497]"
cube,406,/home/humanoid/Programs/hand/results/phase1/run_20260413_pollard_multiscene_500_run2/cube/generated_mjcf/scene_cube_tn0d0060p0d0184p0d0000_ip0d0056n0d0197p0d0000_mp0d0095p0d0212p0d0075.xml,cube_s0,True,0.012,4.0,3.0,3.0,4.963689285858995,0.05436900259931152,6.0,0.005074800388384573,0.3708506455094446,-0.005993677595785198,0.018350511114540634,0.0,0.005583373121617044,-0.019703464659717004,0.0,0.009452975904973352,0.021158879065359362,0.007512942109960084,"[0.04450704801781733, 1.3328962874535588, -1.1415586000720388, -0.15094057662950128, 1.5203356982523752, 1.0996771982762732, 0.03397261159793135, 1.5344387358077864, 1.0153400793182545]"
cube,407,/home/humanoid/Programs/hand/results/phase1/run_20260413_pollard_multiscene_500_run2/cube/generated_mjcf/scene_cube_tn0d0051p0d0279p0d0054_ip0d0150n0d0131p0d0007_mp0d0011p0d0239p0d0037.xml,cube_s2,True,0.012,4.0,3.0,3.0,4.839032902257792,0.05097296241230969,6.0,0.005029838413566818,0.63756171007112,-0.005140192786809574,0.027934052286104214,0.0054220926649164,0.01495389301596657,-0.013107166884916394,0.0007151348632215403,0.0010701092854143394,0.023868681030051596,0.003737171765941818,"[0.01670650338203123, 1.4136920396922736, -1.1988183472931673, -0.1406929477397738, 1.5018848386318775, 1.112227418303088, 0.08524100279782254, 1.4630081260980572, 1.1262163305485497]"
cube,408,/home/humanoid/Programs/hand/results/phase1/run_20260413_pollard_multiscene_500_run2/cube/generated_mjcf/scene_cube_tn0d0031p0d0175p0d0000_ip0d0080n0d0202p0d0000_mp0d0019p0d0207p0d0000.xml,cube_s2,True,0.012,4.0,3.0,3.0,4.952425593910579,0.05406655680636915,6.0,0.004956521436232861,0.2377305743787355,-0.0031305004524421823,0.017539118084760424,0.0,0.008034582351909472,-0.02018176662419567,0.0,0.0019428792417899906,0.020656344238335456,0.0,"[0.01670650338203123, 1.4136920396922736, -1.1988183472931673, -0.1406929477397738, 1.5018848386318775, 1.112227418303088, 0.08524100279782254, 1.4630081260980572, 1.1262163305485497]"
cube,409,/home/humanoid/Programs/hand/results/phase1/run_20260413_pollard_multiscene_500_run2/cube/generated_mjcf/scene_cube_tn0d0016p0d0090p0d0000_ip0d0077n0d0186p0d0000_mp0d0089p0d0119p0d0000.xml,cube_s1,True,0.012,4.0,3.0,3.0,4.913224471561873,0.0525608622998332,6.0,0.005841188286776437,0.3621214693649866,-0.0016323170947495774,0.009036595485457571,0.0,0.007686997919964198,-0.018553378636850654,0.0,0.00890338183766952,0.011899722188182634,0.0,"[0.14396919188861243, 1.4433168982123008, -0.9610501064489129, -0.21597678602589693, 1.62355791555873, 0.6894423420264776, 0.28596544965624304, 1.510907960805811, 0.9132080680226535]"
cube,410,/home/humanoid/Programs/hand/results/phase1/run_20260413_pollard_multiscene_500_run2/cube/generated_mjcf/scene_cube_tn0d0053p0d0114p0d0023_ip0d0085n0d0114p0d0018_mp0d0188p0d0116p0d0014.xml,cube_s1,True,0.012,4.0,3.0,3.0,4.997511967957597,0.052190675184049753,6.0,0.006126244075847463,0.02037081173450871,-0.005293281935177009,0.011409198503569133,0.0023185881529035456,0.008519201573778543,-0.011410397534888745,0.0017575752571704177,0.01881142883562955,0.011645587587469603,0.00142551727874291,"[0.14396919188861243, 1.4433168982123008, -0.9610501064489129, -0.21597678602589693, 1.62355791555873, 0.6894423420264776, 0.28596544965624304, 1.510907960805811, 0.9132080680226535]"
cube,411,/home/humanoid/Programs/hand/results/phase1/run_20260413_pollard_multiscene_500_run2/cube/generated_mjcf/scene_cube_tn0d0048p0d0150p0d0000_ip0d0065n0d0078p0d0000_mn0d0008p0d0033p0d0000.xml,cube_s2,True,0.012,4.0,3.0,3.0,4.6050599584573275,0.05487273492610735,5.0,0.006884009926078232,0.37791502644905295,-0.00483454322046063,0.0150354995281941,0.0,0.006463405685212573,-0.007794424323765136,0.0,-0.0007991368204927872,0.003305963248475482,0.0,"[0.01670650338203123, 1.4136920396922736, -1.1988183472931673, -0.1406929477397738, 1.5018848386318775, 1.112227418303088, 0.08524100279782254, 1.4630081260980572, 1.1262163305485497]"
cube,412,/home/humanoid/Programs/hand/results/phase1/run_20260413_pollard_multiscene_500_run2/cube/generated_mjcf/scene_cube_tn0d0022p0d0223p0d0000_ip0d0189n0d0096p0d0055_mp0d0016p0d0090p0d0000.xml,cube_s2,True,0.012,4.0,3.0,3.0,5.071351474475763,0.05481957979622461,6.0,0.004999514450833384,0.04025791639966679,-0.0021633292292821196,0.02230517427223252,0.0,0.018897786349753608,-0.009618802295454976,0.005502816790046914,0.0016095316072317848,0.009027481605026609,0.0,"[0.01670650338203123, 1.4136920396922736, -1.1988183472931673, -0.1406929477397738, 1.5018848386318775, 1.112227418303088, 0.08524100279782254, 1.4630081260980572, 1.1262163305485497]"
cube,413,/home/humanoid/Programs/hand/results/phase1/run_20260413_pollard_multiscene_500_run2/cube/generated_mjcf/scene_cube_tp0d0027p0d0123p0d0068_ip0d0058n0d0063p0d0039_mp0d0002p0d0195p0d0072.xml,cube_s1,True,0.012,4.0,3.0,3.0,4.0820185911440685,0.04940123274117424,4.0,0.008403566423162806,0.1076836446670883,0.0026700165276494457,0.01226117259601896,0.006755428193157744,0.005831519725040962,-0.006284982002491805,0.003932208229509883,0.0001521947786814904,0.019464330946787185,0.007165036133727081,"[0.14396919188861243, 1.4433168982123008, -0.9610501064489129, -0.21597678602589693, 1.62355791555873, 0.6894423420264776, 0.28596544965624304, 1.510907960805811, 0.9132080680226535]"
cube,414,/home/humanoid/Programs/hand/results/phase1/run_20260413_pollard_multiscene_500_run2/cube/generated_mjcf/scene_cube_tp0d0119p0d0161p0d0000_ip0d0066n0d0103p0d0010_mn0d0012p0d0040p0d0000.xml,cube_s2,True,0.012,4.0,3.0,3.0,4.318404512972292,0.05918793091246628,4.0,0.0073763592732871,0.5444274818449457,0.011926975172027825,0.016136097000490002,0.0,0.006603760238197899,-0.010256639026435648,0.000980959618551415,-0.0012493701764418955,0.004048123202399532,0.0,"[0.01670650338203123, 1.4136920396922736, -1.1988183472931673, -0.1406929477397738, 1.5018848386318775, 1.112227418303088, 0.08524100279782254, 1.4630081260980572, 1.1262163305485497]"
cube,415,/home/humanoid/Programs/hand/results/phase1/run_20260413_pollard_multiscene_500_run2/cube/generated_mjcf/scene_cube_tp0d0091p0d0097p0d0079_ip0d0109n0d0031p0d0000_mp0d0176p0d0167p0d0000.xml,cube_s1,True,0.012,4.0,1.0,3.0,4.933730933735291,0.050618097809067494,6.0,0.007222652724265256,0.11601960511154154,0.00906606741877758,0.009713425617874147,0.00791014140138167,0.010867190352182917,-0.003114253838119847,0.0,0.017584104657214175,0.01666546351720368,0.0,"[0.14396919188861243, 1.4433168982123008, -0.9610501064489129, -0.21597678602589693, 1.62355791555873, 0.6894423420264776, 0.28596544965624304, 1.510907960805811, 0.9132080680226535]"
cube,416,/home/humanoid/Programs/hand/results/phase1/run_20260413_pollard_multiscene_500_run2/cube/generated_mjcf/scene_cube_tn0d0072p0d0300p0d0000_in0d0010n0d0137p0d0020_mp0d0146p0d0033p0d0000.xml,cube_s2,True,0.012,4.0,3.0,3.0,4.118536272410817,0.05146744076114505,4.0,0.008371605392172526,0.30340263711610244,-0.007174041971646325,0.03,0.0,-0.0009581709355264475,-0.013714458911787292,0.0019873955854658922,0.014588047567082667,0.0033140840490026857,0.0,"[0.01670650338203123, 1.4136920396922736, -1.1988183472931673, -0.1406929477397738, 1.5018848386318775, 1.112227418303088, 0.08524100279782254, 1.4630081260980572, 1.1262163305485497]"
cube,417,/home/humanoid/Programs/hand/results/phase1/run_20260413_pollard_multiscene_500_run2/cube/generated_mjcf/scene_cube_tn0d0119p0d0130p0d0033_ip0d0053n0d0196p0d0063_mp0d0108p0d0186p0d0073.xml,cube_s1,True,0.012,4.0,3.0,3.0,4.951060254630214,0.051120989282106594,6.0,0.0060194324813575275,0.0383075563041414,-0.011856844397496631,0.01301493444648736,0.0033127292805139857,0.005330779465385114,-0.019633635020686522,0.006301068543077583,0.01080103995901315,0.018606390761993538,0.007283380888463132,"[0.14396919188861243, 1.4433168982123008, -0.9610501064489129, -0.21597678602589693, 1.62355791555873, 0.6894423420264776, 0.28596544965624304, 1.510907960805811, 0.9132080680226535]"
cube,418,/home/humanoid/Programs/hand/results/phase1/run_20260413_pollard_multiscene_500_run2/cube/generated_mjcf/scene_cube_tn0d0063p0d0094p0d0039_ip0d0171n0d0119p0d0074_mp0d0067p0d0205p0d0006.xml,cube_s2,True,0.012,4.0,2.0,3.0,4.105867146266427,0.05006199714215692,4.0,0.01159826965838,0.09516507086971067,-0.006296620053095982,0.009416219417424817,0.003924512405020338,0.01710157573507877,-0.01187522612800575,0.007410642288759425,0.006671445387090337,0.020463784667246666,0.0006463969782932299,"[0.01670650338203123, 1.4136920396922736, -1.1988183472931673, -0.1406929477397738, 1.5018848386318775, 1.112227418303088, 0.08524100279782254, 1.4630081260980572, 1.1262163305485497]"
cube,419,/home/humanoid/Programs/hand/results/phase1/run_20260413_pollard_multiscene_500_run2/cube/generated_mjcf/scene_cube_tn0d0041p0d0241p0d0000_ip0d0099n0d0077p0d0052_mp0d0009p0d0211p0d0000.xml,cube_s1,True,0.012,4.0,3.0,3.0,4.937598295162704,0.05248878215066112,6.0,0.005087459498032912,0.2631947982526666,-0.0041412976865153744,0.02409152225526526,0.0,0.009925318078709394,-0.0076590425951469,0.005194099965976872,0.0008881900785973618,0.021141476289865326,0.0,"[0.14396919188861243, 1.4433168982123008, -0.9610501064489129, -0.21597678602589693, 1.62355791555873, 0.6894423420264776, 0.28596544965624304, 1.510907960805811, 0.9132080680226535]"
cube,420,/home/humanoid/Programs/hand/results/phase1/run_20260413_pollard_multiscene_500_run2/cube/generated_mjcf/scene_cube_tp0d0071p0d0239p0d0000_ip0d0117n0d0022p0d0000_mp0d0151p0d0196p0d0030.xml,cube_s2,True,0.012,4.0,3.0,3.0,4.921206136904067,0.05034875736671494,6.0,0.006714845164038349,0.13068248096643986,0.007137772626772659,0.023857670287552885,0.0,0.011669115350941957,-0.002227125826247416,0.0,0.015091260244914308,0.019558435737760817,0.0029842274549594285,"[0.01670650338203123, 1.4136920396922736, -1.1988183472931673, -0.1406929477397738, 1.5018848386318775, 1.112227418303088, 0.08524100279782254, 1.4630081260980572, 1.1262163305485497]"
cube,421,/home/humanoid/Programs/hand/results/phase1/run_20260413_pollard_multiscene_500_run2/cube/generated_mjcf/scene_cube_tp0d0031p0d0156p0d0000_ip0d0072n0d0037p0d0005_mp0d0046p0d0088p0d0005.xml,cube_s0,True,0.012,4.0,3.0,3.0,5.38232821025733,0.05604972085802139,7.0,0.006506674950693706,0.4993997308301976,0.003101723536340091,0.015595989589606042,0.0,0.0072454315533282704,-0.003652126546145917,0.0005213155205137689,0.004554379635483783,0.008842974072948777,0.0005496837176906175,"[0.04450704801781733, 1.3328962874535588, -1.1415586000720388, -0.15094057662950128, 1.5203356982523752, 1.0996771982762732, 0.03397261159793135, 1.5344387358077864, 1.0153400793182545]"
cube,422,/home/humanoid/Programs/hand/results/phase1/run_20260413_pollard_multiscene_500_run2/cube/generated_mjcf/scene_cube_tp0d0075p0d0090p0d0000_ip0d0095n0d0057p0d0041_mp0d0134p0d0225p0d0000.xml,cube_s2,True,0.012,4.0,3.0,3.0,4.030387275821026,0.0500468117413172,4.0,0.011092073826769326,0.5708958929048537,0.00753359398917278,0.009021919988826161,0.0,0.009544862541769275,-0.005731684550799405,0.004082674828820045,0.013428867191625499,0.02246770650074717,0.0,"[0.01670650338203123, 1.4136920396922736, -1.1988183472931673, -0.1406929477397738, 1.5018848386318775, 1.112227418303088, 0.08524100279782254, 1.4630081260980572, 1.1262163305485497]"
cube,423,/home/humanoid/Programs/hand/results/phase1/run_20260413_pollard_multiscene_500_run2/cube/generated_mjcf/scene_cube_tp0d0012p0d0181p0d0075_ip0d0212n0d0045p0d0015_mp0d0201p0d0059p0d0019.xml,cube_s1,True,0.012,4.0,3.0,3.0,4.879203613152228,0.04967098481802342,6.0,0.005077486034937415,0.247775101094979,0.001238563357003111,0.018056065507205808,0.007519693428228502,0.021206132398409232,-0.004470630085174411,0.001547317764403448,0.020053196267056254,0.005944634302786423,0.0019053686702290105,"[0.14396919188861243, 1.4433168982123008, -0.9610501064489129, -0.21597678602589693, 1.62355791555873, 0.6894423420264776, 0.28596544965624304, 1.510907960805811, 0.9132080680226535]"
cube,424,/home/humanoid/Programs/hand/results/phase1/run_20260413_pollard_multiscene_500_run2/cube/generated_mjcf/scene_cube_tp0d0094p0d0236p0d0023_ip0d0102n0d0222p0d0000_mp0d0161p0d0091p0d0072.xml,cube_s2,True,0.012,4.0,2.0,3.0,4.247843616246674,0.05353929119613822,5.0,0.005141596940876314,2.0401925119662017,0.009439976988392936,0.0235887609771427,0.0023219766442525783,0.010182597409066308,-0.022214054731901495,0.0,0.01607133661999266,0.00907854784007011,0.007199720664709967,"[0.01670650338203123, 1.4136920396922736, -1.1988183472931673, -0.1406929477397738, 1.5018848386318775, 1.112227418303088, 0.08524100279782254, 1.4630081260980572, 1.1262163305485497]"
cube,425,/home/humanoid/Programs/hand/results/phase1/run_20260413_pollard_multiscene_500_run2/cube/generated_mjcf/scene_cube_tn0d0097p0d0265p0d0000_ip0d0173n0d0239p0d0060_mp0d0079p0d0266p0d0000.xml,cube_s2,True,0.012,4.0,3.0,3.0,4.8896267889385845,0.04996467901619079,6.0,0.00601941108957844,0.18566535190942923,-0.009735946968143526,0.026515306910265567,0.0,0.017292401019917678,-0.023949163087233355,0.0060141306694627104,0.00787056582813915,0.026566998527488665,0.0,"[0.01670650338203123, 1.4136920396922736, -1.1988183472931673, -0.1406929477397738, 1.5018848386318775, 1.112227418303088, 0.08524100279782254, 1.4630081260980572, 1.1262163305485497]"
cube,426,/home/humanoid/Programs/hand/results/phase1/run_20260413_pollard_multiscene_500_run2/cube/generated_mjcf/scene_cube_tn0d0023p0d0240p0d0049_ip0d0145n0d0043p0d0105_mp0d0153p0d0156p0d0059.xml,cube_s2,True,0.012,4.0,3.0,3.0,4.9720590909219995,0.05152076587143384,6.0,0.005689981824811837,0.048864920812791875,-0.002251750389289927,0.023967651029735318,0.004939390703879207,0.014508762345518499,-0.004347934226913543,0.010485183735368647,0.015342193193272654,0.015622395217333425,0.005919397109665846,"[0.01670650338203123, 1.4136920396922736, -1.1988183472931673, -0.1406929477397738, 1.5018848386318775, 1.112227418303088, 0.08524100279782254, 1.4630081260980572, 1.1262163305485497]"
cube,427,/home/humanoid/Programs/hand/results/phase1/run_20260413_pollard_multiscene_500_run2/cube/generated_mjcf/scene_cube_tp0d0116p0d0081p0d0063_ip0d0084n0d0079p0d0000_mp0d0035p0d0218p0d0063.xml,cube_s1,True,0.012,4.0,2.0,3.0,4.395655114220852,0.04837191919127437,5.0,0.008546235751310046,0.3190487881925738,0.011554127167321758,0.008094973935045711,0.00634021291148389,0.008382335375273374,-0.007888242921632352,0.0,0.0034908725353503265,0.021847055821519926,0.006253517562865806,"[0.14396919188861243, 1.4433168982123008, -0.9610501064489129, -0.21597678602589693, 1.62355791555873, 0.6894423420264776, 0.28596544965624304, 1.510907960805811, 0.9132080680226535]"
cube,428,/home/humanoid/Programs/hand/results/phase1/run_20260413_pollard_multiscene_500_run2/cube/generated_mjcf/scene_cube_tp0d0039p0d0091p0d0000_ip0d0043n0d0228p0d0000_mp0d0132p0d0109p0d0085.xml,cube_s2,True,0.012,4.0,2.0,3.0,4.160933745818623,0.05377203787050591,4.0,0.007571111339682984,0.3169153229534821,0.003934916242328907,0.009055660371116435,0.0,0.0042966683546525174,-0.022817310905164527,0.0,0.013238842010290162,0.010876905015767713,0.008523745451003876,"[0.01670650338203123, 1.4136920396922736, -1.1988183472931673, -0.1406929477397738, 1.5018848386318775, 1.112227418303088, 0.08524100279782254, 1.4630081260980572, 1.1262163305485497]"
cube,429,/home/humanoid/Programs/hand/results/phase1/run_20260413_pollard_multiscene_500_run2/cube/generated_mjcf/scene_cube_tp0d0051p0d0136p0d0089_in0d0006n0d0155p0d0015_mp0d0118p0d0055p0d0053.xml,cube_s1,True,0.012,4.0,3.0,3.0,4.797849006931359,0.04982753507131729,6.0,0.005238666028238612,0.23122794337469527,0.005125087482668465,0.013563331531296553,0.008941585970417887,-0.0005944345291723756,-0.015549005861688751,0.0015394288276203757,0.011795680983158995,0.005463134066536002,0.00529108644876362,"[0.14396919188861243, 1.4433168982123008, -0.9610501064489129, -0.21597678602589693, 1.62355791555873, 0.6894423420264776, 0.28596544965624304, 1.510907960805811, 0.9132080680226535]"
cube,430,/home/humanoid/Programs/hand/results/phase1/run_20260413_pollard_multiscene_500_run2/cube/generated_mjcf/scene_cube_tp0d0108p0d0253p0d0023_ip0d0047n0d0158p0d0000_mp0d0045p0d0174p0d0005.xml,cube_s2,True,0.012,4.0,3.0,3.0,4.9309194463026875,0.04996393235582143,6.0,0.004788262004245091,0.03982892063150121,0.010755727203491484,0.025319041018740367,0.0023424459642572733,0.004681210473767024,-0.0158168109349753,0.0,0.004522423977653443,0.01743127013831674,0.00046354652795747506,"[0.01670650338203123, 1.4136920396922736, -1.1988183472931673, -0.1406929477397738, 1.5018848386318775, 1.112227418303088, 0.08524100279782254, 1.4630081260980572, 1.1262163305485497]"
cube,431,/home/humanoid/Programs/hand/results/phase1/run_20260413_pollard_multiscene_500_run2/cube/generated_mjcf/scene_cube_tn0d0090p0d0163p0d0012_ip0d0106n0d0210p0d0079_mp0d0186p0d0239p0d0033.xml,cube_s1,True,0.012,4.0,3.0,3.0,4.802903510432966,0.04952730365517419,6.0,0.005430380798442515,0.6634410964243315,-0.009045069329629866,0.016286414078574243,0.001232079353439438,0.010607776781234562,-0.021005149767894388,0.007941771113298229,0.018568443556381972,0.023899946224055856,0.0033294426360466443,"[0.14396919188861243, 1.4433168982123008, -0.9610501064489129, -0.21597678602589693, 1.62355791555873, 0.6894423420264776, 0.28596544965624304, 1.510907960805811, 0.9132080680226535]"
cube,432,/home/humanoid/Programs/hand/results/phase1/run_20260413_pollard_multiscene_500_run2/cube/generated_mjcf/scene_cube_tp0d0063p0d0270p0d0000_ip0d0020n0d0149p0d0044_mp0d0158p0d0060p0d0000.xml,cube_s2,True,0.012,4.0,3.0,3.0,4.334117547712816,0.054424409028664626,5.0,0.00512634258564841,1.562331891880935,0.0063085193443046805,0.02696360007822303,0.0,0.001961325675993948,-0.014902927055320836,0.00437067189933418,0.015768154956900225,0.005974865905798616,0.0,"[0.01670650338203123, 1.4136920396922736, -1.1988183472931673, -0.1406929477397738, 1.5018848386318775, 1.112227418303088, 0.08524100279782254, 1.4630081260980572, 1.1262163305485497]"
cube,433,/home/humanoid/Programs/hand/results/phase1/run_20260413_pollard_multiscene_500_run2/cube/generated_mjcf/scene_cube_tn0d0039p0d0300p0d0000_in0d0010n0d0194p0d0059_mp0d0206p0d0041p0d0000.xml,cube_s2,True,0.012,4.0,2.0,3.0,4.046270991539088,0.049736009144627356,4.0,0.010541291344523382,0.35395397548628943,-0.003949258224395914,0.03,0.0,-0.0009504631194709491,-0.019444312238559795,0.005891477691566099,0.02061378315896422,0.004131062854890644,0.0,"[0.01670650338203123, 1.4136920396922736, -1.1988183472931673, -0.1406929477397738, 1.5018848386318775, 1.112227418303088, 0.08524100279782254, 1.4630081260980572, 1.1262163305485497]"
cube,434,/home/humanoid/Programs/hand/results/phase1/run_20260413_pollard_multiscene_500_run2/cube/generated_mjcf/scene_cube_tp0d0061p0d0184p0d0000_ip0d0176n0d0215p0d0000_mp0d0035p0d0238p0d0000.xml,cube_s2,True,0.012,4.0,3.0,3.0,5.31381350284159,0.04991497140198431,7.0,0.00541704569345602,0.08976107218661158,0.006131997720201,0.018435290362744716,0.0,0.017619931956625062,-0.021477761725560728,0.0,0.0035011270404651136,0.02378280003369332,0.0,"[0.01670650338203123, 1.4136920396922736, -1.1988183472931673, -0.1406929477397738, 1.5018848386318775, 1.112227418303088, 0.08524100279782254, 1.4630081260980572, 1.1262163305485497]"
cube,435,/home/humanoid/Programs/hand/results/phase1/run_20260413_pollard_multiscene_500_run2/cube/generated_mjcf/scene_cube_tp0d0106p0d0242p0d0000_ip0d0096n0d0043p0d0000_mp0d0168p0d0273p0d0000.xml,cube_s1,True,0.012,4.0,2.0,3.0,4.295179859823484,0.04954083139688536,6.0,0.007164443260126216,3.5178031833156367,0.01063084908390945,0.024171536197284713,0.0,0.009551757925849768,-0.004272562894365733,0.0,0.01678767899884418,0.02727275818868951,0.0,"[0.14396919188861243, 1.4433168982123008, -0.9610501064489129, -0.21597678602589693, 1.62355791555873, 0.6894423420264776, 0.28596544965624304, 1.510907960805811, 0.9132080680226535]"
cube,436,/home/humanoid/Programs/hand/results/phase1/run_20260413_pollard_multiscene_500_run2/cube/generated_mjcf/scene_cube_tn0d0076p0d0236p0d0000_ip0d0170n0d0200p0d0017_mn0d0013p0d0079p0d0047.xml,cube_s2,True,0.012,4.0,3.0,3.0,4.928438396033472,0.050605886528987204,6.0,0.005794045496798308,0.06170988777251647,-0.007610571290414185,0.023550381931943205,0.0,0.016999661265836574,-0.019983140800411376,0.0017189998139261614,-0.0013349599660444859,0.007934704045173926,0.004699890575137328,"[0.01670650338203123, 1.4136920396922736, -1.1988183472931673, -0.1406929477397738, 1.5018848386318775, 1.112227418303088, 0.08524100279782254, 1.4630081260980572, 1.1262163305485497]"
cube,437,/home/humanoid/Programs/hand/results/phase1/run_20260413_pollard_multiscene_500_run2/cube/generated_mjcf/scene_cube_tp0d0026p0d0114p0d0000_ip0d0156n0d0003p0d0000_mp0d0170p0d0047p0d0000.xml,cube_s1,True,0.012,4.0,3.0,3.0,4.897652742205904,0.05033180629264183,6.0,0.0063252255933836645,0.22266670865270327,0.0026176839625111185,0.011391178484980292,0.0,0.015624984481607816,-0.0003278282907494979,0.0,0.01703328899292387,0.004654251325363892,0.0,"[0.14396919188861243, 1.4433168982123008, -0.9610501064489129, -0.21597678602589693, 1.62355791555873, 0.6894423420264776, 0.28596544965624304, 1.510907960805811, 0.9132080680226535]"
cube,438,/home/humanoid/Programs/hand/results/phase1/run_20260413_pollard_multiscene_500_run2/cube/generated_mjcf/scene_cube_tp0d0102p0d0223p0d0000_ip0d0153n0d0106p0d0001_mp0d0175p0d0220p0d0000.xml,cube_s0,True,0.012,4.0,3.0,3.0,4.8571169247923,0.04995944748284442,7.0,0.004870491904943403,2.453792179009366,0.01018342807798086,0.02234125613906514,0.0,0.015265627310635044,-0.01062878129420388,0.0001183555941337601,0.017501498305174445,0.02201449786772612,0.0,"[0.04450704801781733, 1.3328962874535588, -1.1415586000720388, -0.15094057662950128, 1.5203356982523752, 1.0996771982762732, 0.03397261159793135, 1.5344387358077864, 1.0153400793182545]"
cube,439,/home/humanoid/Programs/hand/results/phase1/run_20260413_pollard_multiscene_500_run2/cube/generated_mjcf/scene_cube_tp0d0041p0d0221p0d0000_ip0d0023n0d0110p0d0000_mp0d0163p0d0236p0d0038.xml,cube_s2,True,0.012,4.0,3.0,3.0,4.881906206219571,0.049670951830683256,6.0,0.0070700038819030584,0.13130389379069288,0.004055396234236862,0.02212583123867185,0.0,0.002321135574197007,-0.011019493156771299,0.0,0.016328507377646455,0.0235699176351113,0.0038354519921154837,"[0.01670650338203123, 1.4136920396922736, -1.1988183472931673, -0.1406929477397738, 1.5018848386318775, 1.112227418303088, 0.08524100279782254, 1.4630081260980572, 1.1262163305485497]"
cube,440,/home/humanoid/Programs/hand/results/phase1/run_20260413_pollard_multiscene_500_run2/cube/generated_mjcf/scene_cube_tn0d0057p0d0197p0d0105_ip0d0083n0d0174p0d0070_mp0d0210p0d0172p0d0027.xml,cube_s2,True,0.012,4.0,3.0,3.0,4.947598576031853,0.051562144239813916,6.0,0.0058332446255066,0.09824786551531352,-0.0057197918777049635,0.019696955628222775,0.010458688009170419,0.008337152167123458,-0.01735205375378309,0.007023605683724916,0.02102385264600795,0.017152563023836435,0.002682832330421164,"[0.01670650338203123, 1.4136920396922736, -1.1988183472931673, -0.1406929477397738, 1.5018848386318775, 1.112227418303088, 0.08524100279782254, 1.4630081260980572, 1.1262163305485497]"
cube,441,/home/humanoid/Programs/hand/results/phase1/run_20260413_pollard_multiscene_500_run2/cube/generated_mjcf/scene_cube_tp0d0019p0d0226p0d0066_ip0d0082n0d0120p0d0000_mp0d0103p0d0238p0d0000.xml,cube_s0,True,0.012,4.0,3.0,3.0,5.110466277057667,0.04948957710246492,7.0,0.004985540794789915,0.5290843683303067,0.0019416655371988813,0.02259363229947895,0.006594002727760957,0.008215286594117186,-0.01202021011361221,0.0,0.010305003915128633,0.023819476571518408,0.0,"[0.04450704801781733, 1.3328962874535588, -1.1415586000720388, -0.15094057662950128, 1.5203356982523752, 1.0996771982762732, 0.03397261159793135, 1.5344387358077864, 1.0153400793182545]"
cube,442,/home/humanoid/Programs/hand/results/phase1/run_20260413_pollard_multiscene_500_run2/cube/generated_mjcf/scene_cube_tp0d0098p0d0113p0d0000_ip0d0119n0d0008p0d0043_mp0d0123p0d0187p0d0000.xml,cube_s1,True,0.012,4.0,1.0,3.0,3.996011971359752,0.04925872351071688,4.0,0.009562717144350445,0.4991745441621652,0.009780483521716198,0.01132231065837554,0.0,0.011857494599218721,-0.0007928173974697684,0.004320046888400382,0.012275952742412203,0.018654839480562325,0.0,"[0.14396919188861243, 1.4433168982123008, -0.9610501064489129, -0.21597678602589693, 1.62355791555873, 0.6894423420264776, 0.28596544965624304, 1.510907960805811, 0.9132080680226535]"
cube,443,/home/humanoid/Programs/hand/results/phase1/run_20260413_pollard_multiscene_500_run2/cube/generated_mjcf/scene_cube_tp0d0113p0d0300p0d0000_in0d0006n0d0191p0d0000_mp0d0187p0d0119p0d0095.xml,cube_s2,True,0.012,4.0,1.0,3.0,3.7352459713593866,0.05223247130853449,4.0,0.006258849020917968,1.0858114652534578,0.011258075666834896,0.03,0.0,-0.0006457849871351617,-0.019081365910640965,0.0,0.018655235429646706,0.01185682668301296,0.009518651544530462,"[0.01670650338203123, 1.4136920396922736, -1.1988183472931673, -0.1406929477397738, 1.5018848386318775, 1.112227418303088, 0.08524100279782254, 1.4630081260980572, 1.1262163305485497]"
cube,445,/home/humanoid/Programs/hand/results/phase1/run_20260413_pollard_multiscene_500_run2/cube/generated_mjcf/scene_cube_tp0d0077p0d0300p0d0000_ip0d0026n0d0098p0d0003_mp0d0090p0d0242p0d0073.xml,cube_s2,True,0.012,4.0,3.0,3.0,4.930925771976146,0.052050879369758614,6.0,0.005449000030823524,0.21109798118511186,0.00768753876739613,0.03,0.0,0.0025976512521246773,-0.009816610602493132,0.00029591957992342564,0.009017485474437894,0.024158653166428484,0.007259589915213454,"[0.01670650338203123, 1.4136920396922736, -1.1988183472931673, -0.1406929477397738, 1.5018848386318775, 1.112227418303088, 0.08524100279782254, 1.4630081260980572, 1.1262163305485497]"
cube,446,/home/humanoid/Programs/hand/results/phase1/run_20260413_pollard_multiscene_500_run2/cube/generated_mjcf/scene_cube_tn0d0011p0d0133p0d0000_ip0d0064n0d0056p0d0000_mp0d0169p0d0078p0d0097.xml,cube_s1,True,0.012,4.0,3.0,3.0,4.831072142432815,0.04829011182094966,6.0,0.007030016096711633,0.12267887343978282,-0.0011360838082298663,0.01325824991429327,0.0,0.006370644463462772,-0.005629206754397946,0.0,0.016873785784942086,0.00783212339710345,0.009701247693015839,"[0.14396919188861243, 1.4433168982123008, -0.9610501064489129, -0.21597678602589693, 1.62355791555873, 0.6894423420264776, 0.28596544965624304, 1.510907960805811, 0.9132080680226535]"
cube,447,/home/humanoid/Programs/hand/results/phase1/run_20260413_pollard_multiscene_500_run2/cube/generated_mjcf/scene_cube_tn0d0090p0d0157p0d0000_ip0d0219n0d0157p0d0059_mp0d0063p0d0143p0d0034.xml,cube_s0,True,0.012,4.0,3.0,3.0,5.292799384147588,0.05310288815970242,7.0,0.0048422594168951545,0.6035174043997948,-0.00904278167422818,0.015719803582083764,0.0,0.02194357027748288,-0.01567893837806663,0.005854617823766374,0.006262715532870271,0.0143171905155444,0.00339523737421424,"[0.04450704801781733, 1.3328962874535588, -1.1415586000720388, -0.15094057662950128, 1.5203356982523752, 1.0996771982762732, 0.03397261159793135, 1.5344387358077864, 1.0153400793182545]"
cube,448,/home/humanoid/Programs/hand/results/phase1/run_20260413_pollard_multiscene_500_run2/cube/generated_mjcf/scene_cube_tp0d0003p0d0134p0d0000_ip0d0206n0d0099p0d0000_mp0d0083p0d0251p0d0000.xml,cube_s1,True,0.012,4.0,3.0,3.0,4.3326687281231795,0.04789315708365569,5.0,0.0076474355441769224,0.49155971655469527,0.0002617629877949522,0.013412109453143835,0.0,0.020648687224171146,-0.009855365425905357,0.0,0.008263438874933736,0.02514626012262553,0.0,"[0.14396919188861243, 1.4433168982123008, -0.9610501064489129, -0.21597678602589693, 1.62355791555873, 0.6894423420264776, 0.28596544965624304, 1.510907960805811, 0.9132080680226535]"
cube,449,/home/humanoid/Programs/hand/results/phase1/run_20260413_pollard_multiscene_500_run2/cube/generated_mjcf/scene_cube_tn0d0067p0d0251p0d0000_ip0d0118n0d0189p0d0103_mp0d0178p0d0230p0d0000.xml,cube_s2,True,0.012,4.0,3.0,3.0,5.2878505007904035,0.04981720322218512,7.0,0.004814471973842596,0.24948115557790843,-0.006688079787446489,0.025055041151438993,0.0,0.011787691163478548,-0.018857419838083388,0.010269059958378499,0.017802052151034024,0.02298066643960671,0.0,"[0.01670650338203123, 1.4136920396922736, -1.1988183472931673, -0.1406929477397738, 1.5018848386318775, 1.112227418303088, 0.08524100279782254, 1.4630081260980572, 1.1262163305485497]"
cube,450,/home/humanoid/Programs/hand/results/phase1/run_20260413_pollard_multiscene_500_run2/cube/generated_mjcf/scene_cube_tn0d0115p0d0097p0d0000_ip0d0058n0d0039p0d0082_mp0d0180p0d0149p0d0014.xml,cube_s1,True,0.012,4.0,3.0,3.0,4.902320021475526,0.051501059027500455,6.0,0.006242450539959519,0.48437442501248346,-0.011498837979600898,0.009706578963080024,0.0,0.005800274182427564,-0.003875181551276056,0.008213794678798934,0.018034952841468985,0.014892628460001858,0.0014142894425570804,"[0.14396919188861243, 1.4433168982123008, -0.9610501064489129, -0.21597678602589693, 1.62355791555873, 0.6894423420264776, 0.28596544965624304, 1.510907960805811, 0.9132080680226535]"
cube,451,/home/humanoid/Programs/hand/results/phase1/run_20260413_pollard_multiscene_500_run2/cube/generated_mjcf/scene_cube_tn0d0015p0d0169p0d0000_ip0d0172n0d0104p0d0011_mp0d0107p0d0072p0d0079.xml,cube_s0,True,0.012,4.0,3.0,3.0,5.107516006826519,0.05716320927475569,6.0,0.005629617306676114,0.1875052744261926,-0.0015262415059165927,0.016865296197385568,0.0,0.01723625189913445,-0.010377268605681585,0.0010902005619215262,0.010692937551189264,0.007170400093331903,0.007890693852559163,"[0.04450704801781733, 1.3328962874535588, -1.1415586000720388, -0.15094057662950128, 1.5203356982523752, 1.0996771982762732, 0.03397261159793135, 1.5344387358077864, 1.0153400793182545]"
cube,452,/home/humanoid/Programs/hand/results/phase1/run_20260413_pollard_multiscene_500_run2/cube/generated_mjcf/scene_cube_tp0d0042p0d0187p0d0000_in0d0003n0d0036p0d0030_mp0d0164p0d0240p0d0000.xml,cube_s2,True,0.012,4.0,3.0,3.0,4.120211417034881,0.0501179735370678,4.0,0.007296621199645681,0.07371746792807753,0.004224288169672047,0.018713736538135094,0.0,-0.0002762932500023751,-0.0035924675596602177,0.0029657756018682153,0.016360768858148723,0.02400119577539169,0.0,"[0.01670650338203123, 1.4136920396922736, -1.1988183472931673, -0.1406929477397738, 1.5018848386318775, 1.112227418303088, 0.08524100279782254, 1.4630081260980572, 1.1262163305485497]"
cube,453,/home/humanoid/Programs/hand/results/phase1/run_20260413_pollard_multiscene_500_run2/cube/generated_mjcf/scene_cube_tn0d0023p0d0300p0d0000_ip0d0087n0d0088p0d0000_mp0d0061p0d0096p0d0107.xml,cube_s2,True,0.012,4.0,3.0,3.0,5.025000335442879,0.054810563983095084,6.0,0.005028156324306723,0.24769731046358887,-0.002253257700280441,0.02996832043086915,0.0,0.008742601393709004,-0.008847917458295534,0.0,0.006059896220482771,0.009636807884215167,0.010725091745554787,"[0.01670650338203123, 1.4136920396922736, -1.1988183472931673, -0.1406929477397738, 1.5018848386318775, 1.112227418303088, 0.08524100279782254, 1.4630081260980572, 1.1262163305485497]"
cube,454,/home/humanoid/Programs/hand/results/phase1/run_20260413_pollard_multiscene_500_run2/cube/generated_mjcf/scene_cube_tn0d0120p0d0128p0d0116_ip0d0050n0d0194p0d0076_mp0d0166p0d0127p0d0000.xml,cube_s2,True,0.012,4.0,3.0,3.0,4.889195526504992,0.04983809249780645,6.0,0.005962330669073253,0.10795430312890358,-0.011972388872996056,0.01282487263656613,0.011611864056680684,0.005026344630147989,-0.019399767209179065,0.007643009671431975,0.01662868765354221,0.01269309732471084,0.0,"[0.01670650338203123, 1.4136920396922736, -1.1988183472931673, -0.1406929477397738, 1.5018848386318775, 1.112227418303088, 0.08524100279782254, 1.4630081260980572, 1.1262163305485497]"
cube,455,/home/humanoid/Programs/hand/results/phase1/run_20260413_pollard_multiscene_500_run2/cube/generated_mjcf/scene_cube_tn0d0042p0d0280p0d0000_ip0d0104n0d0162p0d0000_mp0d0194p0d0120p0d0006.xml,cube_s2,True,0.012,4.0,3.0,3.0,4.93968469295777,0.05220967077018147,6.0,0.004975506104145283,0.245506866847559,-0.004184508743415265,0.027977910545990033,0.0,0.010384936074195428,-0.016192820587361226,0.0,0.019421232223716424,0.011961081300551542,0.0006333455042184973,"[0.01670650338203123, 1.4136920396922736, -1.1988183472931673, -0.1406929477397738, 1.5018848386318775, 1.112227418303088, 0.08524100279782254, 1.4630081260980572, 1.1262163305485497]"
cube,456,/home/humanoid/Programs/hand/results/phase1/run_20260413_pollard_multiscene_500_run2/cube/generated_mjcf/scene_cube_tn0d0040p0d0123p0d0003_ip0d0092n0d0065p0d0071_mp0d0134p0d0052p0d0000.xml,cube_s1,True,0.012,4.0,3.0,3.0,4.93073992560976,0.051574105613266835,6.0,0.005420700307936169,0.2696959123866886,-0.004036233379079683,0.01228166921896134,0.0003371369671329571,0.009179435430101485,-0.006514778638218343,0.007092787816219352,0.01344244043374698,0.005212812531370138,0.0,"[0.14396919188861243, 1.4433168982123008, -0.9610501064489129, -0.21597678602589693, 1.62355791555873, 0.6894423420264776, 0.28596544965624304, 1.510907960805811, 0.9132080680226535]"
cube,457,/home/humanoid/Programs/hand/results/phase1/run_20260413_pollard_multiscene_500_run2/cube/generated_mjcf/scene_cube_tn0d0077p0d0092p0d0053_ip0d0059n0d0119p0d0000_mp0d0084p0d0256p0d0009.xml,cube_s1,True,0.012,4.0,3.0,3.0,4.928139984964423,0.05048700533883285,6.0,0.00698326284872246,0.06344473616492637,-0.0077221560129722205,0.009241343482545189,0.005305268489148921,0.005934026353985964,-0.01189567654957444,0.0,0.008416652191713826,0.02558215821274215,0.0008878869964164988,"[0.14396919188861243, 1.4433168982123008, -0.9610501064489129, -0.21597678602589693, 1.62355791555873, 0.6894423420264776, 0.28596544965624304, 1.510907960805811, 0.9132080680226535]"
cube,458,/home/humanoid/Programs/hand/results/phase1/run_20260413_pollard_multiscene_500_run2/cube/generated_mjcf/scene_cube_tn0d0087p0d0102p0d0000_ip0d0007n0d0098p0d0001_mp0d0183p0d0189p0d0098.xml,cube_s2,True,0.012,4.0,3.0,3.0,4.850492035419284,0.05024493940780776,6.0,0.007188887209995702,0.274314779164979,-0.008684111063004037,0.010177429826163853,0.0,0.0006950654730162355,-0.009834574943168922,9.944646366308318e-05,0.018299039648385917,0.01888504637861417,0.00980088854210293,"[0.01670650338203123, 1.4136920396922736, -1.1988183472931673, -0.1406929477397738, 1.5018848386318775, 1.112227418303088, 0.08524100279782254, 1.4630081260980572, 1.1262163305485497]"
cube,459,/home/humanoid/Programs/hand/results/phase1/run_20260413_pollard_multiscene_500_run2/cube/generated_mjcf/scene_cube_tp0d0038p0d0277p0d0015_ip0d0094n0d0050p0d0087_mp0d0111p0d0248p0d0007.xml,cube_s1,True,0.012,4.0,3.0,3.0,4.8231324796176755,0.05179903923503741,6.0,0.004998988746137937,0.5666398808361697,0.0038372290418067397,0.027679147460744107,0.00146902495111516,0.009444239676410551,-0.005007706588113394,0.008700653976734352,0.01105983181184128,0.024784398737338946,0.0006566282614868125,"[0.14396919188861243, 1.4433168982123008, -0.9610501064489129, -0.21597678602589693, 1.62355791555873, 0.6894423420264776, 0.28596544965624304, 1.510907960805811, 0.9132080680226535]"
cube,460,/home/humanoid/Programs/hand/results/phase1/run_20260413_pollard_multiscene_500_run2/cube/generated_mjcf/scene_cube_tp0d0051p0d0151p0d0076_in0d0005n0d0087p0d0083_mp0d0021p0d0071p0d0000.xml,cube_s1,True,0.012,4.0,2.0,3.0,4.911311904599504,0.04949907438892426,6.0,0.004985283506061269,0.00862973514352088,0.005070275558583852,0.015144088267443812,0.0076441035634370325,-0.0004886669091993274,-0.008682677275442627,0.008332307329351672,0.0020755398598146044,0.007136235813742821,0.0,"[0.14396919188861243, 1.4433168982123008, -0.9610501064489129, -0.21597678602589693, 1.62355791555873, 0.6894423420264776, 0.28596544965624304, 1.510907960805811, 0.9132080680226535]"
cube,461,/home/humanoid/Programs/hand/results/phase1/run_20260413_pollard_multiscene_500_run2/cube/generated_mjcf/scene_cube_tn0d0027p0d0160p0d0096_ip0d0197n0d0084p0d0031_mp0d0191p0d0191p0d0000.xml,cube_s1,True,0.012,4.0,3.0,3.0,4.751991115192701,0.04950369785464018,6.0,0.005629031817260763,0.7913912314097541,-0.0027418946600591115,0.015962260923850703,0.009641864745706736,0.019737998008139197,-0.008400394671306056,0.003105569813784431,0.019108178305188572,0.01911854850404001,0.0,"[0.14396919188861243, 1.4433168982123008, -0.9610501064489129, -0.21597678602589693, 1.62355791555873, 0.6894423420264776, 0.28596544965624304, 1.510907960805811, 0.9132080680226535]"
cube,462,/home/humanoid/Programs/hand/results/phase1/run_20260413_pollard_multiscene_500_run2/cube/generated_mjcf/scene_cube_tn0d0074p0d0158p0d0080_ip0d0193n0d0065p0d0068_mp0d0003p0d0179p0d0022.xml,cube_s0,True,0.012,4.0,3.0,3.0,4.868637807142585,0.052393281741897925,6.0,0.005267489408343553,0.30958868783815946,-0.007404738332604117,0.015765543940939562,0.007990530901553664,0.019324819285983626,-0.006543558792698018,0.006772267263960373,0.0002677811277845294,0.017936383260698505,0.0021669874134804725,"[0.04450704801781733, 1.3328962874535588, -1.1415586000720388, -0.15094057662950128, 1.5203356982523752, 1.0996771982762732, 0.03397261159793135, 1.5344387358077864, 1.0153400793182545]"
cube,463,/home/humanoid/Programs/hand/results/phase1/run_20260413_pollard_multiscene_500_run2/cube/generated_mjcf/scene_cube_tn0d0051p0d0300p0d0000_ip0d0060n0d0056p0d0000_mn0d0001p0d0189p0d0000.xml,cube_s1,True,0.012,4.0,3.0,3.0,4.558173492517894,0.05318763306454988,5.0,0.005202238869227694,0.3358154143709393,-0.005099808976157512,0.03,0.0,0.005961773689922919,-0.005637245574518971,0.0,-0.00013024896387718067,0.018937237793003735,0.0,"[0.14396919188861243, 1.4433168982123008, -0.9610501064489129, -0.21597678602589693, 1.62355791555873, 0.6894423420264776, 0.28596544965624304, 1.510907960805811, 0.9132080680226535]"
cube,464,/home/humanoid/Programs/hand/results/phase1/run_20260413_pollard_multiscene_500_run2/cube/generated_mjcf/scene_cube_tn0d0054p0d0109p0d0107_ip0d0147n0d0019p0d0104_mp0d0043p0d0052p0d0098.xml,cube_s0,True,0.012,4.0,3.0,3.0,4.668752011382037,0.0563833367140131,5.0,0.007462820169793494,0.33962772533807384,-0.005388295655969974,0.010895009566350942,0.010705614806808997,0.014669172889080135,-0.0018880941279286554,0.010449585597510806,0.004269540828584654,0.005219547507113649,0.009837767568049896,"[0.04450704801781733, 1.3328962874535588, -1.1415586000720388, -0.15094057662950128, 1.5203356982523752, 1.0996771982762732, 0.03397261159793135, 1.5344387358077864, 1.0153400793182545]"
cube,465,/home/humanoid/Programs/hand/results/phase1/run_20260413_pollard_multiscene_500_run2/cube/generated_mjcf/scene_cube_tp0d0032p0d0149p0d0000_ip0d0097n0d0096p0d0000_mp0d0036p0d0065p0d0091.xml,cube_s0,True,0.012,4.0,3.0,3.0,4.9707417426010565,0.05449236830244603,6.0,0.006624856452192213,0.3759495318470668,0.0031694280086304993,0.014940037139802399,0.0,0.009734840540635576,-0.009609581632785089,0.0,0.0036017896508224985,0.006460760873302428,0.009061009487349163,"[0.04450704801781733, 1.3328962874535588, -1.1415586000720388, -0.15094057662950128, 1.5203356982523752, 1.0996771982762732, 0.03397261159793135, 1.5344387358077864, 1.0153400793182545]"
cube,466,/home/humanoid/Programs/hand/results/phase1/run_20260413_pollard_multiscene_500_run2/cube/generated_mjcf/scene_cube_tn0d0008p0d0260p0d0051_ip0d0026n0d0104p0d0000_mp0d0041p0d0208p0d0000.xml,cube_s1,True,0.012,4.0,3.0,3.0,5.22132302659662,0.04855683428286452,7.0,0.005097134000983079,0.3388409768419347,-0.00081991629980422,0.026034750194938505,0.005062310391965544,0.0025952577325081662,-0.010359114817091094,0.0,0.0040665430258067965,0.020832864965785874,0.0,"[0.14396919188861243, 1.4433168982123008, -0.9610501064489129, -0.21597678602589693, 1.62355791555873, 0.6894423420264776, 0.28596544965624304, 1.510907960805811, 0.9132080680226535]"
cube,467,/home/humanoid/Programs/hand/results/phase1/run_20260413_pollard_multiscene_500_run2/cube/generated_mjcf/scene_cube_tp0d0054p0d0136p0d0082_ip0d0144n0d0058p0d0089_mp0d0113p0d0095p0d0000.xml,cube_s2,True,0.012,4.0,3.0,3.0,4.49356360147347,0.05186091294358325,5.0,0.007109239596883788,0.3727221202247711,0.005381576913038623,0.013579279121502625,0.008177907166183992,0.014367376935843145,-0.0058438262028245504,0.008891983580539647,0.011325897271811802,0.00948655199872318,0.0,"[0.01670650338203123, 1.4136920396922736, -1.1988183472931673, -0.1406929477397738, 1.5018848386318775, 1.112227418303088, 0.08524100279782254, 1.4630081260980572, 1.1262163305485497]"
cube,468,/home/humanoid/Programs/hand/results/phase1/run_20260413_pollard_multiscene_500_run2/cube/generated_mjcf/scene_cube_tn0d0114p0d0187p0d0000_in0d0008n0d0220p0d0034_mn0d0007p0d0127p0d0000.xml,cube_s2,True,0.012,4.0,3.0,3.0,5.281917683121551,0.049964925278098864,7.0,0.00475929403447344,0.3152967886035987,-0.011409274767089164,0.0186899836045733,0.0,-0.0008462088297067905,-0.021983896864782655,0.0034054610646400817,-0.0006828656042447961,0.012675653524392668,0.0,"[0.01670650338203123, 1.4136920396922736, -1.1988183472931673, -0.1406929477397738, 1.5018848386318775, 1.112227418303088, 0.08524100279782254, 1.4630081260980572, 1.1262163305485497]"
cube,469,/home/humanoid/Programs/hand/results/phase1/run_20260413_pollard_multiscene_500_run2/cube/generated_mjcf/scene_cube_tn0d0118p0d0098p0d0078_ip0d0157n0d0179p0d0052_mp0d0014p0d0208p0d0000.xml,cube_s1,True,0.012,4.0,3.0,3.0,4.0732238457735725,0.05073300550417004,4.0,0.00827811544711901,0.06151504957885313,-0.011765599472505791,0.009785349809807487,0.007848847332914674,0.015698333536894954,-0.017885917142791793,0.005184286748598808,0.001352126037304658,0.020801664430839015,0.0,"[0.14396919188861243, 1.4433168982123008, -0.9610501064489129, -0.21597678602589693, 1.62355791555873, 0.6894423420264776, 0.28596544965624304, 1.510907960805811, 0.9132080680226535]"
cube,470,/home/humanoid/Programs/hand/results/phase1/run_20260413_pollard_multiscene_500_run2/cube/generated_mjcf/scene_cube_tp0d0022p0d0300p0d0106_in0d0001n0d0100p0d0000_mn0d0008p0d0202p0d0001.xml,cube_s2,True,0.012,4.0,3.0,3.0,4.893358651974828,0.0499486804467371,6.0,0.004885697194449485,0.24049376313003346,0.00222650229601605,0.03,0.010567096174962709,-5.7014551148235754e-05,-0.010043033904746949,0.0,-0.0007655641616628912,0.020205489345903757,0.0001371397360768658,"[0.01670650338203123, 1.4136920396922736, -1.1988183472931673, -0.1406929477397738, 1.5018848386318775, 1.112227418303088, 0.08524100279782254, 1.4630081260980572, 1.1262163305485497]"
cube,471,/home/humanoid/Programs/hand/results/phase1/run_20260413_pollard_multiscene_500_run2/cube/generated_mjcf/scene_cube_tp0d0030p0d0113p0d0000_ip0d0151n0d0021p0d0000_mp0d0216p0d0086p0d0000.xml,cube_s1,True,0.012,4.0,3.0,3.0,4.907653516464741,0.05056528351730085,6.0,0.006399947776534499,0.23167221942095648,0.003032211930165382,0.011261223420214555,0.0,0.015117565516981355,-0.0020649879170627477,0.0,0.021614954396179616,0.008557351577785258,0.0,"[0.14396919188861243, 1.4433168982123008, -0.9610501064489129, -0.21597678602589693, 1.62355791555873, 0.6894423420264776, 0.28596544965624304, 1.510907960805811, 0.9132080680226535]"
cube,472,/home/humanoid/Programs/hand/results/phase1/run_20260413_pollard_multiscene_500_run2/cube/generated_mjcf/scene_cube_tp0d0055p0d0142p0d0109_in0d0009n0d0107p0d0073_mp0d0158p0d0263p0d0000.xml,cube_s1,True,0.012,4.0,3.0,3.0,4.923890607390826,0.050831638670953874,6.0,0.0071658546819089826,0.16075498480127012,0.005482028692666837,0.014177397811001843,0.010903324251496305,-0.0008679015118163037,-0.010667320474653916,0.00725789014008766,0.015787351380811068,0.02633354953180985,0.0,"[0.14396919188861243, 1.4433168982123008, -0.9610501064489129, -0.21597678602589693, 1.62355791555873, 0.6894423420264776, 0.28596544965624304, 1.510907960805811, 0.9132080680226535]"
cube,473,/home/humanoid/Programs/hand/results/phase1/run_20260413_pollard_multiscene_500_run2/cube/generated_mjcf/scene_cube_tp0d0028p0d0111p0d0000_ip0d0158n0d0076p0d0066_mp0d0190p0d0078p0d0052.xml,cube_s1,True,0.012,4.0,3.0,3.0,4.95858191032763,0.05236042480453855,6.0,0.005555432894069357,0.20698308067840393,0.002787428416073051,0.011124309693084186,0.0,0.015762279253828677,-0.007609730635977962,0.006600435282516717,0.01895273993524628,0.007783232773671751,0.005163729948006412,"[0.14396919188861243, 1.4433168982123008, -0.9610501064489129, -0.21597678602589693, 1.62355791555873, 0.6894423420264776, 0.28596544965624304, 1.510907960805811, 0.9132080680226535]"
cube,474,/home/humanoid/Programs/hand/results/phase1/run_20260413_pollard_multiscene_500_run2/cube/generated_mjcf/scene_cube_tp0d0075p0d0138p0d0000_ip0d0057n0d0219p0d0086_mp0d0161p0d0036p0d0000.xml,cube_s2,True,0.012,4.0,3.0,3.0,4.4999694082910775,0.051694949050401076,5.0,0.007033782780660706,0.2159248344945453,0.007473701560144725,0.013832646818040854,0.0,0.005676260346304213,-0.021940866096397726,0.008647108538634853,0.016052627074017313,0.0035593571489968313,0.0,"[0.01670650338203123, 1.4136920396922736, -1.1988183472931673, -0.1406929477397738, 1.5018848386318775, 1.112227418303088, 0.08524100279782254, 1.4630081260980572, 1.1262163305485497]"
cube,475,/home/humanoid/Programs/hand/results/phase1/run_20260413_pollard_multiscene_500_run2/cube/generated_mjcf/scene_cube_tp0d0076p0d0300p0d0000_ip0d0208n0d0131p0d0000_mn0d0016p0d0056p0d0012.xml,cube_s2,True,0.012,4.0,3.0,3.0,4.093620842458944,0.04986762231978019,4.0,0.008009905296329221,0.16451293303142545,0.007629969449959299,0.03,0.0,0.02084695203995446,-0.013079106497613992,0.0,-0.0016474320179972243,0.005604879919699405,0.0012319919719836047,"[0.01670650338203123, 1.4136920396922736, -1.1988183472931673, -0.1406929477397738, 1.5018848386318775, 1.112227418303088, 0.08524100279782254, 1.4630081260980572, 1.1262163305485497]"
cube,476,/home/humanoid/Programs/hand/results/phase1/run_20260413_pollard_multiscene_500_run2/cube/generated_mjcf/scene_cube_tp0d0118p0d0279p0d0112_ip0d0203n0d0028p0d0075_mp0d0128p0d0199p0d0107.xml,cube_s1,True,0.012,4.0,3.0,3.0,4.544387209649729,0.0533072213829582,5.0,0.005328727392647563,0.41614186598382946,0.011840430954169388,0.027935950600095887,0.01118669848282157,0.020329158687063302,-0.002805143197382407,0.007519427185789622,0.01275148782269786,0.019934227857964906,0.010702847419610532,"[0.14396919188861243, 1.4433168982123008, -0.9610501064489129, -0.21597678602589693, 1.62355791555873, 0.6894423420264776, 0.28596544965624304, 1.510907960805811, 0.9132080680226535]"
cube,477,/home/humanoid/Programs/hand/results/phase1/run_20260413_pollard_multiscene_500_run2/cube/generated_mjcf/scene_cube_tp0d0035p0d0101p0d0008_ip0d0170n0d0216p0d0000_mp0d0184p0d0054p0d0000.xml,cube_s0,True,0.012,4.0,3.0,3.0,4.580739911983573,0.05574545256582627,5.0,0.006569017623275127,0.687548548369722,0.003532706305282232,0.010064409176203722,0.0007671164180321852,0.016983686550221457,-0.02158511885854595,0.0,0.018377546113442306,0.0054433989863529875,0.0,"[0.04450704801781733, 1.3328962874535588, -1.1415586000720388, -0.15094057662950128, 1.5203356982523752, 1.0996771982762732, 0.03397261159793135, 1.5344387358077864, 1.0153400793182545]"
cube,478,/home/humanoid/Programs/hand/results/phase1/run_20260413_pollard_multiscene_500_run2/cube/generated_mjcf/scene_cube_tp0d0004p0d0216p0d0069_ip0d0154n0d0225p0d0015_mp0d0145p0d0270p0d0071.xml,cube_s0,True,0.012,4.0,3.0,3.0,5.282201811566355,0.053318531044647385,7.0,0.0050699519486262475,0.5442293352054475,0.0004021373010342118,0.021570085370465064,0.006861995303780965,0.015395232114689744,-0.022512682614668177,0.0014686024647519863,0.014504301258655013,0.027042155239312353,0.007146943895862106,"[0.04450704801781733, 1.3328962874535588, -1.1415586000720388, -0.15094057662950128, 1.5203356982523752, 1.0996771982762732, 0.03397261159793135, 1.5344387358077864, 1.0153400793182545]"
cube,479,/home/humanoid/Programs/hand/results/phase1/run_20260413_pollard_multiscene_500_run2/cube/generated_mjcf/scene_cube_tp0d0096p0d0159p0d0005_in0d0007n0d0051p0d0022_mp0d0147p0d0272p0d0076.xml,cube_s2,True,0.012,4.0,1.0,3.0,4.410127079671358,0.047616506952144394,5.0,0.008344958182066743,0.10033816673111685,0.009594060715247866,0.015874209928032755,0.0005246555194527141,-0.0006892630481953044,-0.005095977938302259,0.002235288648113707,0.01474634968078216,0.027241851348343935,0.007604286297816443,"[0.01670650338203123, 1.4136920396922736, -1.1988183472931673, -0.1406929477397738, 1.5018848386318775, 1.112227418303088, 0.08524100279782254, 1.4630081260980572, 1.1262163305485497]"
cube,480,/home/humanoid/Programs/hand/results/phase1/run_20260413_pollard_multiscene_500_run2/cube/generated_mjcf/scene_cube_tn0d0066p0d0101p0d0000_ip0d0142n0d0234p0d0072_mp0d0124p0d0232p0d0000.xml,cube_s1,True,0.012,4.0,3.0,3.0,4.954373500847429,0.05240720058521893,6.0,0.005680198496415812,0.36311207541227475,-0.006594381918308316,0.010115788867042789,0.0,0.014238195089008763,-0.023356292142754483,0.007217844165074538,0.012374884987691043,0.02323082678296967,0.0,"[0.14396919188861243, 1.4433168982123008, -0.9610501064489129, -0.21597678602589693, 1.62355791555873, 0.6894423420264776, 0.28596544965624304, 1.510907960805811, 0.9132080680226535]"
cube,481,/home/humanoid/Programs/hand/results/phase1/run_20260413_pollard_multiscene_500_run2/cube/generated_mjcf/scene_cube_tn0d0042p0d0108p0d0000_ip0d0050n0d0165p0d0000_mp0d0091p0d0259p0d0100.xml,cube_s1,True,0.012,4.0,3.0,3.0,4.5998659334521275,0.048494259608394104,6.0,0.007571786761921326,1.311512189822309,-0.0042281149078721115,0.01083128765777069,0.0,0.004986767634672156,-0.016452708630349696,0.0,0.00910392439192348,0.02593147672649057,0.009987862840108785,"[0.14396919188861243, 1.4433168982123008, -0.9610501064489129, -0.21597678602589693, 1.62355791555873, 0.6894423420264776, 0.28596544965624304, 1.510907960805811, 0.9132080680226535]"
cube,482,/home/humanoid/Programs/hand/results/phase1/run_20260413_pollard_multiscene_500_run2/cube/generated_mjcf/scene_cube_tn0d0098p0d0121p0d0012_ip0d0047n0d0163p0d0119_mp0d0210p0d0054p0d0039.xml,cube_s1,True,0.012,4.0,3.0,3.0,4.779761991996164,0.046805034391744146,6.0,0.005203841020214246,0.2965889814355813,-0.009785904135380658,0.012145531883004285,0.0011952640352207375,0.004714135885396038,-0.01625831757918936,0.011942494800905243,0.021011383902793244,0.00537992948582189,0.003885434767348487,"[0.14396919188861243, 1.4433168982123008, -0.9610501064489129, -0.21597678602589693, 1.62355791555873, 0.6894423420264776, 0.28596544965624304, 1.510907960805811, 0.9132080680226535]"
cube,483,/home/humanoid/Programs/hand/results/phase1/run_20260413_pollard_multiscene_500_run2/cube/generated_mjcf/scene_cube_tp0d0109p0d0127p0d0019_ip0d0088n0d0202p0d0065_mp0d0187p0d0240p0d0000.xml,cube_s1,True,0.012,4.0,1.0,3.0,2.2822993669740685,0.05031471935121405,5.0,0.007733623653716573,5.884950829622823,0.010894348867085565,0.012710075306302046,0.0018722219357900777,0.008848358440154708,-0.020194848826237767,0.006485100261905189,0.018678946417392296,0.024026488161248492,4.530683727942651e-05,"[0.14396919188861243, 1.4433168982123008, -0.9610501064489129, -0.21597678602589693, 1.62355791555873, 0.6894423420264776, 0.28596544965624304, 1.510907960805811, 0.9132080680226535]"
cube,484,/home/humanoid/Programs/hand/results/phase1/run_20260413_pollard_multiscene_500_run2/cube/generated_mjcf/scene_cube_tn0d0052p0d0171p0d0000_ip0d0114n0d0080p0d0001_mp0d0184p0d0173p0d0101.xml,cube_s2,True,0.012,4.0,3.0,3.0,4.931593741653756,0.05025590085963373,6.0,0.0068328654429108135,0.04106652347820205,-0.005160010769570534,0.017119655572404743,0.0,0.011431032996217559,-0.008025402495112839,6.745440736844431e-05,0.018422271121277062,0.017256367578312053,0.010058918050668147,"[0.01670650338203123, 1.4136920396922736, -1.1988183472931673, -0.1406929477397738, 1.5018848386318775, 1.112227418303088, 0.08524100279782254, 1.4630081260980572, 1.1262163305485497]"
cube,485,/home/humanoid/Programs/hand/results/phase1/run_20260413_pollard_multiscene_500_run2/cube/generated_mjcf/scene_cube_tp0d0088p0d0135p0d0000_ip0d0118n0d0067p0d0000_mp0d0202p0d0130p0d0000.xml,cube_s0,True,0.012,4.0,3.0,3.0,4.909978750165527,0.054026328526184844,6.0,0.007151078126604506,0.2952659891433734,0.008772642373253814,0.013473487068065018,0.0,0.011840300635021877,-0.0066831136960992295,0.0,0.020173904665329145,0.012994021296588502,0.0,"[0.04450704801781733, 1.3328962874535588, -1.1415586000720388, -0.15094057662950128, 1.5203356982523752, 1.0996771982762732, 0.03397261159793135, 1.5344387358077864, 1.0153400793182545]"
cube,486,/home/humanoid/Programs/hand/results/phase1/run_20260413_pollard_multiscene_500_run2/cube/generated_mjcf/scene_cube_tp0d0076p0d0110p0d0119_ip0d0205n0d0031p0d0000_mp0d0192p0d0140p0d0000.xml,cube_s1,True,0.012,4.0,2.0,3.0,4.3486814121570045,0.047521525911759725,5.0,0.00652701618426801,0.28764045058727733,0.007581525711751653,0.010985390094024649,0.01190669299281387,0.020533639884696864,-0.00312243768418328,0.0,0.019226256050701995,0.014038426579401892,0.0,"[0.14396919188861243, 1.4433168982123008, -0.9610501064489129, -0.21597678602589693, 1.62355791555873, 0.6894423420264776, 0.28596544965624304, 1.510907960805811, 0.9132080680226535]"
cube,487,/home/humanoid/Programs/hand/results/phase1/run_20260413_pollard_multiscene_500_run2/cube/generated_mjcf/scene_cube_tp0d0088p0d0220p0d0000_ip0d0041n0d0100p0d0000_mp0d0023p0d0105p0d0000.xml,cube_s0,True,0.012,4.0,3.0,3.0,4.6830776853693425,0.05582385993975986,6.0,0.004985864140515804,1.0723137231916864,0.008751521139274309,0.02195813433495425,0.0,0.004088112811065856,-0.010035573251982316,0.0,0.0022695589478362553,0.010519856420060628,0.0,"[0.04450704801781733, 1.3328962874535588, -1.1415586000720388, -0.15094057662950128, 1.5203356982523752, 1.0996771982762732, 0.03397261159793135, 1.5344387358077864, 1.0153400793182545]"
cube,488,/home/humanoid/Programs/hand/results/phase1/run_20260413_pollard_multiscene_500_run2/cube/generated_mjcf/scene_cube_tp0d0040p0d0252p0d0000_ip0d0175n0d0024p0d0099_mp0d0139p0d0140p0d0000.xml,cube_s0,True,0.012,4.0,3.0,3.0,4.994288315772195,0.055318110237625936,6.0,0.004993460640280764,0.3330992254527766,0.0040151865912417435,0.02517965433679476,0.0,0.017472318988795123,-0.0023861769190015748,0.009858527470894534,0.013947603886014506,0.014000716894325091,0.0,"[0.04450704801781733, 1.3328962874535588, -1.1415586000720388, -0.15094057662950128, 1.5203356982523752, 1.0996771982762732, 0.03397261159793135, 1.5344387358077864, 1.0153400793182545]"
cube,489,/home/humanoid/Programs/hand/results/phase1/run_20260413_pollard_multiscene_500_run2/cube/generated_mjcf/scene_cube_tp0d0115p0d0273p0d0000_ip0d0172n0d0229p0d0117_mp0d0010p0d0058p0d0081.xml,cube_s2,True,0.012,4.0,1.0,3.0,4.07601851501739,0.04951408605046762,4.0,0.009296750444386286,0.05666483250003408,0.011498811694675162,0.02730715923601008,0.0,0.01719954964271813,-0.02291522830305808,0.011660194511019378,0.000951591731001138,0.005777731413406928,0.008084415280346147,"[0.01670650338203123, 1.4136920396922736, -1.1988183472931673, -0.1406929477397738, 1.5018848386318775, 1.112227418303088, 0.08524100279782254, 1.4630081260980572, 1.1262163305485497]"
cube,490,/home/humanoid/Programs/hand/results/phase1/run_20260413_pollard_multiscene_500_run2/cube/generated_mjcf/scene_cube_tn0d0103p0d0157p0d0000_ip0d0039n0d0154p0d0024_mp0d0106p0d0269p0d0095.xml,cube_s1,True,0.012,4.0,3.0,3.0,4.870560856794284,0.04922232089845506,6.0,0.007063130514467043,0.13425646501351632,-0.01033819147763369,0.015694722108475882,0.0,0.0038626213160662783,-0.01540010741443225,0.002371286748752201,0.010604854281785482,0.02690137877281787,0.009546302702118915,"[0.14396919188861243, 1.4433168982123008, -0.9610501064489129, -0.21597678602589693, 1.62355791555873, 0.6894423420264776, 0.28596544965624304, 1.510907960805811, 0.9132080680226535]"
cube,491,/home/humanoid/Programs/hand/results/phase1/run_20260413_pollard_multiscene_500_run2/cube/generated_mjcf/scene_cube_tn0d0023p0d0233p0d0063_ip0d0006n0d0094p0d0055_mp0d0146p0d0041p0d0107.xml,cube_s1,True,0.012,4.0,3.0,3.0,5.159222391347564,0.05107528043742417,7.0,0.005571055974735529,0.9600565005352176,-0.002329973913256801,0.023270871193499486,0.006282828895953191,0.0005698282814026179,-0.00942041051014574,0.005458426041261531,0.014598589441035268,0.00405319105217238,0.010694641674625756,"[0.14396919188861243, 1.4433168982123008, -0.9610501064489129, -0.21597678602589693, 1.62355791555873, 0.6894423420264776, 0.28596544965624304, 1.510907960805811, 0.9132080680226535]"
cube,492,/home/humanoid/Programs/hand/results/phase1/run_20260413_pollard_multiscene_500_run2/cube/generated_mjcf/scene_cube_tn0d0120p0d0103p0d0000_ip0d0137n0d0123p0d0000_mp0d0054p0d0081p0d0045.xml,cube_s1,True,0.012,4.0,3.0,3.0,4.720688407711333,0.04902104274723422,6.0,0.00506239172863988,1.0555006021878552,-0.011976922786092133,0.010296461513639622,0.0,0.013723523804438831,-0.01225337989012358,0.0,0.005424176997103532,0.008063687818109542,0.004537319127635171,"[0.14396919188861243, 1.4433168982123008, -0.9610501064489129, -0.21597678602589693, 1.62355791555873, 0.6894423420264776, 0.28596544965624304, 1.510907960805811, 0.9132080680226535]"
cube,493,/home/humanoid/Programs/hand/results/phase1/run_20260413_pollard_multiscene_500_run2/cube/generated_mjcf/scene_cube_tp0d0088p0d0282p0d0000_ip0d0061n0d0212p0d0086_mp0d0193p0d0217p0d0044.xml,cube_s2,True,0.012,4.0,3.0,3.0,4.890989307093404,0.049295104628787445,6.0,0.004958086139659004,0.10740110321201232,0.008810582318479962,0.02823864594716607,0.0,0.006079133984940187,-0.021190124465350433,0.008551471268848924,0.0193094866325604,0.021664834753422582,0.004377443391571888,"[0.01670650338203123, 1.4136920396922736, -1.1988183472931673, -0.1406929477397738, 1.5018848386318775, 1.112227418303088, 0.08524100279782254, 1.4630081260980572, 1.1262163305485497]"
cube,494,/home/humanoid/Programs/hand/results/phase1/run_20260413_pollard_multiscene_500_run2/cube/generated_mjcf/scene_cube_tp0d0006p0d0298p0d0000_ip0d0182n0d0143p0d0033_mp0d0144p0d0134p0d0000.xml,cube_s2,True,0.012,4.0,3.0,3.0,4.575464593095677,0.05234749570850991,5.0,0.0057884442481123885,0.16581953531660187,0.0006423515573065076,0.029804859421237912,0.0,0.01822084788801706,-0.014321454506167038,0.0032808942086269676,0.0143580323783207,0.013396258077430756,0.0,"[0.01670650338203123, 1.4136920396922736, -1.1988183472931673, -0.1406929477397738, 1.5018848386318775, 1.112227418303088, 0.08524100279782254, 1.4630081260980572, 1.1262163305485497]"
cube,495,/home/humanoid/Programs/hand/results/phase1/run_20260413_pollard_multiscene_500_run2/cube/generated_mjcf/scene_cube_tp0d0045p0d0202p0d0000_ip0d0187n0d0027p0d0000_mp0d0092p0d0076p0d0019.xml,cube_s0,True,0.012,4.0,3.0,3.0,5.052991302745929,0.054445801045123185,6.0,0.00549499444249472,0.0319357619736471,0.004459944146623599,0.020157888414723962,0.0,0.018738071733546885,-0.002711925195349201,0.0,0.0092276115898702,0.0075653226688972225,0.0018619001808148194,"[0.04450704801781733, 1.3328962874535588, -1.1415586000720388, -0.15094057662950128, 1.5203356982523752, 1.0996771982762732, 0.03397261159793135, 1.5344387358077864, 1.0153400793182545]"
cube,496,/home/humanoid/Programs/hand/results/phase1/run_20260413_pollard_multiscene_500_run2/cube/generated_mjcf/scene_cube_tn0d0009p0d0248p0d0099_ip0d0088n0d0012p0d0000_mp0d0184p0d0181p0d0000.xml,cube_s0,True,0.012,4.0,3.0,3.0,4.938641547491609,0.05225512343370688,6.0,0.005735135907114562,0.2354771937958058,-0.0008933137833174749,0.024786767158425156,0.009864986063080061,0.008841727231664482,-0.0012339940763756874,0.0,0.018411304301340338,0.01808062999647958,0.0,"[0.04450704801781733, 1.3328962874535588, -1.1415586000720388, -0.15094057662950128, 1.5203356982523752, 1.0996771982762732, 0.03397261159793135, 1.5344387358077864, 1.0153400793182545]"
cube,497,/home/humanoid/Programs/hand/results/phase1/run_20260413_pollard_multiscene_500_run2/cube/generated_mjcf/scene_cube_tn0d0097p0d0212p0d0092_ip0d0104n0d0190p0d0000_mp0d0216p0d0200p0d0095.xml,cube_s2,True,0.012,4.0,3.0,3.0,4.976648222573412,0.05162733087441494,6.0,0.006100228580850004,0.03812051967959584,-0.009713218372601893,0.021152490188781035,0.009228060343378315,0.010391589576232495,-0.019031929684336403,0.0,0.02163107469634539,0.020045375014204635,0.009475648985567953,"[0.01670650338203123, 1.4136920396922736, -1.1988183472931673, -0.1406929477397738, 1.5018848386318775, 1.112227418303088, 0.08524100279782254, 1.4630081260980572, 1.1262163305485497]"
cube,498,/home/humanoid/Programs/hand/results/phase1/run_20260413_pollard_multiscene_500_run2/cube/generated_mjcf/scene_cube_tn0d0119p0d0090p0d0017_ip0d0053n0d0047p0d0038_mp0d0079p0d0177p0d0074.xml,cube_s1,True,0.012,4.0,3.0,3.0,4.941535143482571,0.050354499905085386,6.0,0.007075176352246858,0.013586427893907103,-0.011909862353567426,0.008988565285749352,0.001733493470553472,0.005262883245504537,-0.00472709212620471,0.003801006143391579,0.00789349564076763,0.01765195848887168,0.0073960258272467334,"[0.14396919188861243, 1.4433168982123008, -0.9610501064489129, -0.21597678602589693, 1.62355791555873, 0.6894423420264776, 0.28596544965624304, 1.510907960805811, 0.9132080680226535]"
cube,499,/home/humanoid/Programs/hand/results/phase1/run_20260413_pollard_multiscene_500_run2/cube/generated_mjcf/scene_cube_tp0d0014p0d0095p0d0000_ip0d0084n0d0171p0d0015_mp0d0149p0d0186p0d0000.xml,cube_s1,True,0.012,4.0,3.0,3.0,4.809846456094031,0.05024345345774525,6.0,0.00682119945200219,0.575497942299612,0.0013764715164408785,0.00947601429432269,0.0,0.008399100002780555,-0.017066066196626872,0.0014972733179993147,0.014912960203866244,0.018649016434409443,0.0,"[0.14396919188861243, 1.4433168982123008, -0.9610501064489129, -0.21597678602589693, 1.62355791555873, 0.6894423420264776, 0.28596544965624304, 1.510907960805811, 0.9132080680226535]"
