scene_key,candidate_id,scene_xml,selected_foundational_pose,feasible,feasibility_max_mean_tip_distance,feasibility_min_contacts,feasibility_min_finger_contact_persistence,feasibility_max_finger_yaw_drift,feasible_pose_count,foundational_pose_count,score,cube_lift,cube_tip_contacts,mean_tip_distance,cube_vel_norm,cube_xy_drift,cube_z_drop_from_peak,contact_persistence,thumb_contact_persistence,index_contact_persistence,middle_contact_persistence,all_finger_contact_persistence,min_finger_contact_persistence,finger_persistence_imbalance,finger_yaw_drift,finger_flex_drift,thumb_x,thumb_y,thumb_len,index_x,index_y,index_len,middle_x,middle_y,middle_len,chosen_ctrl_json
prism1,0,/home/humanoid/Programs/hand/results/phase1/run_20260413_pollard_multiscene_500_run3/prism1/generated_mjcf/scene_prism1_tp0d0000p0d0200p0d0000_ip0d0100n0d0123p0d0000_mp0d0100p0d0153p0d0000.xml,prism_y0d0250,True,0.02,4.0,0.45,0.4,1.0,1.0,6.854891963359584,0.049704482569174584,5.0,0.005358391564518068,0.20560572232901628,0.001869488538691303,4.78323973733541e-06,1.0,1.0,1.0,1.0,1.0,1.0,0.0,0.02944825000591326,0.004969409936456411,0.0,0.02,0.0,0.01,-0.0123,0.0,0.01,0.0153,0.0,"[-0.024103448321711882, 1.2952516524678863, -1.1306679467142458, -0.2642269151809965, 1.4895605092355748, 0.9519330463384001, 0.02387907029269381, 1.4800774695764218, 1.0127427367470068]"
prism1,3,/home/humanoid/Programs/hand/results/phase1/run_20260413_pollard_multiscene_500_run3/prism1/generated_mjcf/scene_prism1_tn0d0048p0d0181p0d0000_ip0d0010n0d0082p0d0035_mp0d0128p0d0125p0d0119.xml,prism_y0d0250,True,0.02,4.0,0.45,0.4,1.0,1.0,6.336557626473213,0.047952609768487205,4.0,0.007859199410230494,0.4457859571671886,0.0034499967131258707,0.0008758497836323514,1.0,1.0,1.0,1.0,1.0,1.0,0.0,0.009949881897481633,0.036074726896950536,-0.004806914627102765,0.018144493308743802,0.0,0.0009827986359895336,-0.008205014047352873,0.003532548277782002,0.012769242675550093,0.012508261302285202,0.011933038458941066,"[-0.024103448321711882, 1.2952516524678863, -1.1306679467142458, -0.2642269151809965, 1.4895605092355748, 0.9519330463384001, 0.02387907029269381, 1.4800774695764218, 1.0127427367470068]"
prism1,7,/home/humanoid/Programs/hand/results/phase1/run_20260413_pollard_multiscene_500_run3/prism1/generated_mjcf/scene_prism1_tn0d0039p0d0116p0d0000_ip0d0171n0d0188p0d0000_mp0d0077p0d0081p0d0000.xml,prism_y0d0250,True,0.02,4.0,0.45,0.4,1.0,1.0,7.1403082579083215,0.049793607813500604,6.0,0.005339170420058055,0.5038006430344043,0.006781227821278179,0.0,1.0,1.0,1.0,1.0,1.0,1.0,0.0,0.06755202973787099,0.015960363206767043,-0.003933190546904152,0.011606707205476137,0.0,0.017111782486895065,-0.01876458698415006,0.0,0.007709244155716676,0.008064313068222126,0.0,"[-0.024103448321711882, 1.2952516524678863, -1.1306679467142458, -0.2642269151809965, 1.4895605092355748, 0.9519330463384001, 0.02387907029269381, 1.4800774695764218, 1.0127427367470068]"
prism1,8,/home/humanoid/Programs/hand/results/phase1/run_20260413_pollard_multiscene_500_run3/prism1/generated_mjcf/scene_prism1_tp0d0019p0d0152p0d0041_ip0d0028n0d0017p0d0000_mp0d0005p0d0184p0d0103.xml,prism_y0d0250,True,0.02,4.0,0.45,0.4,1.0,1.0,5.9885419949375365,0.04864279019739058,5.0,0.008988326293110417,0.2773605184090218,0.00678908629608981,0.000844315054417899,1.0,0.7861111111111111,1.0,1.0,0.7861111111111111,0.7861111111111111,0.2138888888888889,0.016403788039178125,0.03420969030965306,0.0019279772636844154,0.015168707187654142,0.004127877070952624,0.002788370655237119,-0.0016892853478440526,0.0,0.0005318867096855088,0.018398595636953022,0.010251709273628819,"[-0.024103448321711882, 1.2952516524678863, -1.1306679467142458, -0.2642269151809965, 1.4895605092355748, 0.9519330463384001, 0.02387907029269381, 1.4800774695764218, 1.0127427367470068]"
prism1,10,/home/humanoid/Programs/hand/results/phase1/run_20260413_pollard_multiscene_500_run3/prism1/generated_mjcf/scene_prism1_tn0d0001p0d0207p0d0069_ip0d0080n0d0067p0d0051_mp0d0204p0d0061p0d0055.xml,prism_y0d0250,True,0.02,4.0,0.45,0.4,1.0,1.0,6.842888464125094,0.04976471949035531,5.0,0.0054349542791368955,0.23917267287582553,0.001973559525158068,0.0,1.0,1.0,1.0,1.0,1.0,1.0,0.0,0.037894807988435385,0.004789486816617783,-6.185530829714431e-05,0.02070349184472249,0.00685885681713138,0.0079517403845361,-0.006672394277070495,0.005067429071753997,0.020369432478721076,0.006058383198741723,0.005496362809831425,"[-0.024103448321711882, 1.2952516524678863, -1.1306679467142458, -0.2642269151809965, 1.4895605092355748, 0.9519330463384001, 0.02387907029269381, 1.4800774695764218, 1.0127427367470068]"
prism1,11,/home/humanoid/Programs/hand/results/phase1/run_20260413_pollard_multiscene_500_run3/prism1/generated_mjcf/scene_prism1_tp0d0103p0d0300p0d0000_ip0d0187n0d0008p0d0110_mp0d0016p0d0266p0d0094.xml,prism_y0d0250,True,0.02,4.0,0.45,0.4,1.0,1.0,4.995711657323445,0.05333391496863328,5.0,0.0053683515480695216,0.2725564739781142,0.01993432529581284,0.0,1.0,1.0,1.0,0.5388888888888889,0.5388888888888889,0.5388888888888889,0.46111111111111114,0.17412495213871107,0.13124857694455236,0.010258174286989438,0.03,0.0,0.018727362165893817,-0.0007513190384077374,0.010973044310663125,0.0015703362935799488,0.026643091531750922,0.009358453337292495,"[-0.024103448321711882, 1.2952516524678863, -1.1306679467142458, -0.2642269151809965, 1.4895605092355748, 0.9519330463384001, 0.02387907029269381, 1.4800774695764218, 1.0127427367470068]"
prism1,12,/home/humanoid/Programs/hand/results/phase1/run_20260413_pollard_multiscene_500_run3/prism1/generated_mjcf/scene_prism1_tp0d0077p0d0195p0d0000_ip0d0172n0d0021p0d0000_mp0d0109p0d0139p0d0103.xml,prism_y0d0250,True,0.02,4.0,0.45,0.4,1.0,1.0,7.108828138212813,0.053368201834805215,6.0,0.0055744123079475546,0.31254119759645216,0.012597823277121018,0.0,1.0,1.0,0.9833333333333333,1.0,0.9833333333333333,0.9833333333333333,0.01666666666666672,0.10201603312773938,0.12685189791908344,0.007736971861033691,0.019519710171387972,0.0,0.017245133889239386,-0.0021352761651967315,0.0,0.010934425782932486,0.013926067895388755,0.01034441558354772,"[-0.024103448321711882, 1.2952516524678863, -1.1306679467142458, -0.2642269151809965, 1.4895605092355748, 0.9519330463384001, 0.02387907029269381, 1.4800774695764218, 1.0127427367470068]"
prism1,13,/home/humanoid/Programs/hand/results/phase1/run_20260413_pollard_multiscene_500_run3/prism1/generated_mjcf/scene_prism1_tn0d0110p0d0256p0d0027_in0d0013n0d0070p0d0000_mp0d0162p0d0156p0d0103.xml,prism_y0d0250,True,0.02,4.0,0.45,0.4,1.0,1.0,5.959326204259434,0.0500870158820924,6.0,0.0064983958317266464,0.4652683997433139,0.0015388635971729106,0.0008556938612437892,1.0,1.0,1.0,0.6555555555555556,0.6555555555555556,0.6555555555555556,0.34444444444444444,0.02825646899413781,0.04634864615349882,-0.011027742931477569,0.025568148695757457,0.002744957926775919,-0.001319231237275495,-0.007038725452158232,0.0,0.016190824056554275,0.015606209358289873,0.010298501299128147,"[-0.024103448321711882, 1.2952516524678863, -1.1306679467142458, -0.2642269151809965, 1.4895605092355748, 0.9519330463384001, 0.02387907029269381, 1.4800774695764218, 1.0127427367470068]"
prism1,14,/home/humanoid/Programs/hand/results/phase1/run_20260413_pollard_multiscene_500_run3/prism1/generated_mjcf/scene_prism1_tn0d0104p0d0282p0d0000_ip0d0063n0d0140p0d0112_mp0d0115p0d0095p0d0000.xml,prism_y0d0250,True,0.02,4.0,0.45,0.4,1.0,1.0,5.841289506829757,0.04997461372144134,5.0,0.007256231690226396,0.34167630796981596,0.005722251051064605,0.002165603236516017,1.0,1.0,1.0,0.7361111111111112,0.7361111111111112,0.7361111111111112,0.26388888888888884,0.0020125054996664956,0.05944962640103781,-0.010414020078622207,0.0281916147106972,0.0,0.006263439491299004,-0.013972830433252,0.011185489938817683,0.011493564213482969,0.009512750236102374,0.0,"[-0.024103448321711882, 1.2952516524678863, -1.1306679467142458, -0.2642269151809965, 1.4895605092355748, 0.9519330463384001, 0.02387907029269381, 1.4800774695764218, 1.0127427367470068]"
prism1,15,/home/humanoid/Programs/hand/results/phase1/run_20260413_pollard_multiscene_500_run3/prism1/generated_mjcf/scene_prism1_tp0d0093p0d0134p0d0000_ip0d0049n0d0102p0d0013_mp0d0174p0d0168p0d0000.xml,prism_y0d0250,True,0.02,4.0,0.45,0.4,1.0,1.0,6.688509534440561,0.047452084671605256,5.0,0.008160623373388527,0.47745828390739686,0.0032322678694706917,0.0017371642365591605,1.0,1.0,1.0,1.0,1.0,1.0,0.0,0.023745379161307405,0.040776965031790145,0.009314839695820316,0.013420866282015786,0.0,0.004919938168181862,-0.010233046444494413,0.001298172052158427,0.017433058621906666,0.01675142284814846,0.0,"[-0.024103448321711882, 1.2952516524678863, -1.1306679467142458, -0.2642269151809965, 1.4895605092355748, 0.9519330463384001, 0.02387907029269381, 1.4800774695764218, 1.0127427367470068]"
prism1,16,/home/humanoid/Programs/hand/results/phase1/run_20260413_pollard_multiscene_500_run3/prism1/generated_mjcf/scene_prism1_tn0d0021p0d0276p0d0030_ip0d0210n0d0154p0d0013_mp0d0123p0d0237p0d0000.xml,prism_y0d0250,True,0.02,4.0,0.45,0.4,1.0,1.0,6.920414972148794,0.0517280716031423,5.0,0.0064446110089097204,0.08009123961771734,0.0010329848311507143,0.0002521087095121999,1.0,1.0,1.0,1.0,1.0,1.0,0.0,0.030777676222085926,0.050327472555144546,-0.002090487775658576,0.02763490330330185,0.003036155098074084,0.021017863424738617,-0.01543429413379966,0.0012626762525108932,0.01225418083871604,0.023658988998601437,0.0,"[-0.024103448321711882, 1.2952516524678863, -1.1306679467142458, -0.2642269151809965, 1.4895605092355748, 0.9519330463384001, 0.02387907029269381, 1.4800774695764218, 1.0127427367470068]"
prism1,17,/home/humanoid/Programs/hand/results/phase1/run_20260413_pollard_multiscene_500_run3/prism1/generated_mjcf/scene_prism1_tn0d0022p0d0298p0d0000_ip0d0177n0d0143p0d0079_mn0d0018p0d0121p0d0000.xml,prism_y0d0250,True,0.02,4.0,0.45,0.4,1.0,1.0,4.794386820318321,0.047758451910074544,4.0,0.008436557869747044,3.8866315947180397,0.008095354213260792,0.0049127854792312825,1.0,1.0,0.7583333333333333,0.925,0.6833333333333333,0.7583333333333333,0.2416666666666667,0.06953147937504829,0.06046822236339742,-0.00224375191804496,0.02983901507989513,0.0,0.01774495072435605,-0.014330783103090609,0.007915295646674467,-0.0017610905406249926,0.012061107786198495,0.0,"[-0.024103448321711882, 1.2952516524678863, -1.1306679467142458, -0.2642269151809965, 1.4895605092355748, 0.9519330463384001, 0.02387907029269381, 1.4800774695764218, 1.0127427367470068]"
prism1,22,/home/humanoid/Programs/hand/results/phase1/run_20260413_pollard_multiscene_500_run3/prism1/generated_mjcf/scene_prism1_tp0d0019p0d0127p0d0006_ip0d0106n0d0222p0d0116_mp0d0117p0d0035p0d0065.xml,prism_y0d0250,True,0.02,4.0,0.45,0.4,1.0,1.0,6.513820766441638,0.04906003529073097,6.0,0.005500218576620047,2.5669245004828585,0.01152735873780395,0.00207387416989592,1.0,1.0,1.0,0.9583333333333334,0.9583333333333334,0.9583333333333334,0.04166666666666663,0.11428552412594395,0.09781037983351608,0.001880061958230544,0.012659114549379047,0.000624533966829004,0.010562433457478078,-0.02216554463408947,0.011566624635040951,0.011713494410938587,0.003453813183943444,0.006543580829409326,"[-0.024103448321711882, 1.2952516524678863, -1.1306679467142458, -0.2642269151809965, 1.4895605092355748, 0.9519330463384001, 0.02387907029269381, 1.4800774695764218, 1.0127427367470068]"
prism1,24,/home/humanoid/Programs/hand/results/phase1/run_20260413_pollard_multiscene_500_run3/prism1/generated_mjcf/scene_prism1_tn0d0103p0d0200p0d0059_ip0d0023n0d0150p0d0000_mp0d0154p0d0054p0d0000.xml,prism_y0d0250,True,0.02,4.0,0.45,0.4,1.0,1.0,5.521620564163444,0.05184785436797526,5.0,0.005571160958922578,0.457746196869209,0.012062972918226436,0.0,1.0,1.0,1.0,0.6805555555555556,0.6805555555555556,0.6805555555555556,0.3194444444444444,0.15961628599844177,0.06251192751932862,-0.010265633627282958,0.019999347767806847,0.0058583395027835584,0.0022534417713918117,-0.014986398437171538,0.0,0.015421140730618644,0.005406429282227681,0.0,"[-0.024103448321711882, 1.2952516524678863, -1.1306679467142458, -0.2642269151809965, 1.4895605092355748, 0.9519330463384001, 0.02387907029269381, 1.4800774695764218, 1.0127427367470068]"
prism1,25,/home/humanoid/Programs/hand/results/phase1/run_20260413_pollard_multiscene_500_run3/prism1/generated_mjcf/scene_prism1_tp0d0090p0d0193p0d0099_ip0d0164n0d0023p0d0000_mn0d0002p0d0050p0d0089.xml,prism_y0d0250,True,0.02,4.0,0.45,0.4,1.0,1.0,6.312162395985354,0.051616596344730224,6.0,0.005612019277590405,0.3884616484205568,0.019532583028307685,0.0,1.0,1.0,1.0,0.8,0.8,0.8,0.19999999999999996,0.14312852047503466,0.08920234323411695,0.008964543146897572,0.019335208082000274,0.009902926407381257,0.016382010825732936,-0.00233222495731762,0.0,-0.00023449027206483113,0.004987830085661232,0.008852503064335663,"[-0.024103448321711882, 1.2952516524678863, -1.1306679467142458, -0.2642269151809965, 1.4895605092355748, 0.9519330463384001, 0.02387907029269381, 1.4800774695764218, 1.0127427367470068]"
prism1,26,/home/humanoid/Programs/hand/results/phase1/run_20260413_pollard_multiscene_500_run3/prism1/generated_mjcf/scene_prism1_tp0d0032p0d0199p0d0000_ip0d0142n0d0167p0d0051_mp0d0090p0d0155p0d0070.xml,prism_y0d0250,True,0.02,4.0,0.45,0.4,1.0,1.0,5.017916175191141,0.0529270858163575,6.0,0.00546406700851193,2.3777601552266048,0.014045303388021832,0.0,1.0,1.0,1.0,0.5,0.5,0.5,0.5,0.11588189472701967,0.13357191205041588,0.003217679504338638,0.019917720651172473,0.0,0.014169602505454569,-0.01666758269170085,0.005061116718382677,0.009048527892815794,0.015479276653068651,0.006951977579036889,"[-0.024103448321711882, 1.2952516524678863, -1.1306679467142458, -0.2642269151809965, 1.4895605092355748, 0.9519330463384001, 0.02387907029269381, 1.4800774695764218, 1.0127427367470068]"
prism1,28,/home/humanoid/Programs/hand/results/phase1/run_20260413_pollard_multiscene_500_run3/prism1/generated_mjcf/scene_prism1_tn0d0004p0d0275p0d0025_ip0d0137n0d0024p0d0000_mp0d0180p0d0125p0d0000.xml,prism_y0d0250,True,0.02,4.0,0.45,0.4,1.0,1.0,5.6729762308446565,0.052821196684778055,5.0,0.005551698571605114,0.1649202584328617,0.010656926802269871,0.0,1.0,1.0,1.0,0.6888888888888889,0.6888888888888889,0.6888888888888889,0.3111111111111111,0.12238911869931608,0.06718707540300138,-0.00044974808219355386,0.02752481754031125,0.002468373725786793,0.013722905535793127,-0.0023714216950226647,0.0,0.018039716895001612,0.01246355471918973,0.0,"[-0.024103448321711882, 1.2952516524678863, -1.1306679467142458, -0.2642269151809965, 1.4895605092355748, 0.9519330463384001, 0.02387907029269381, 1.4800774695764218, 1.0127427367470068]"
prism1,29,/home/humanoid/Programs/hand/results/phase1/run_20260413_pollard_multiscene_500_run3/prism1/generated_mjcf/scene_prism1_tp0d0119p0d0267p0d0000_ip0d0081n0d0032p0d0000_mp0d0150p0d0222p0d0072.xml,prism_y0d0250,True,0.02,4.0,0.45,0.4,1.0,1.0,6.79566854221939,0.051894133875629314,6.0,0.0054688019175610355,1.9335782416394278,0.01912652658719705,0.0013173991723488127,1.0,1.0,1.0,1.0,1.0,1.0,0.0,0.10970939040694945,0.15874892669656607,0.011856642509039624,0.026748572049833077,0.0,0.00814308151419475,-0.0032393062590768944,0.0,0.015002050165932786,0.022239710968923507,0.007180713113186753,"[-0.024103448321711882, 1.2952516524678863, -1.1306679467142458, -0.2642269151809965, 1.4895605092355748, 0.9519330463384001, 0.02387907029269381, 1.4800774695764218, 1.0127427367470068]"
prism1,31,/home/humanoid/Programs/hand/results/phase1/run_20260413_pollard_multiscene_500_run3/prism1/generated_mjcf/scene_prism1_tp0d0059p0d0284p0d0000_ip0d0149n0d0046p0d0116_mp0d0183p0d0135p0d0115.xml,prism_y0d0250,True,0.02,4.0,0.45,0.4,1.0,1.0,4.658973842950972,0.051941074513191424,5.0,0.005468304878709795,1.0014686830760247,0.01015225798749449,0.0,1.0,1.0,1.0,0.4527777777777778,0.4527777777777778,0.4527777777777778,0.5472222222222223,0.10611309306387294,0.12156042360613016,0.005865137432337578,0.028445021893622167,0.0,0.014890858462403149,-0.004593525878528669,0.011563879748923051,0.01825097349684944,0.013478555650656308,0.011512529004231758,"[-0.024103448321711882, 1.2952516524678863, -1.1306679467142458, -0.2642269151809965, 1.4895605092355748, 0.9519330463384001, 0.02387907029269381, 1.4800774695764218, 1.0127427367470068]"
prism1,32,/home/humanoid/Programs/hand/results/phase1/run_20260413_pollard_multiscene_500_run3/prism1/generated_mjcf/scene_prism1_tp0d0114p0d0201p0d0061_ip0d0199n0d0129p0d0087_mp0d0148p0d0104p0d0064.xml,prism_y0d0250,True,0.02,4.0,0.45,0.4,1.0,1.0,7.173377693202361,0.05146193668841939,6.0,0.005764025625762827,0.2879150695273395,0.006980364236487322,0.0003450026074391793,1.0,1.0,1.0,1.0,1.0,1.0,0.0,0.08694842343736657,0.08020827813225852,0.011375625716456523,0.020088247500813894,0.006082716926013726,0.019932104024155912,-0.012872470272749927,0.008730869786330038,0.014837645585484947,0.010354182143389382,0.006423654479603365,"[-0.024103448321711882, 1.2952516524678863, -1.1306679467142458, -0.2642269151809965, 1.4895605092355748, 0.9519330463384001, 0.02387907029269381, 1.4800774695764218, 1.0127427367470068]"
prism1,33,/home/humanoid/Programs/hand/results/phase1/run_20260413_pollard_multiscene_500_run3/prism1/generated_mjcf/scene_prism1_tp0d0017p0d0103p0d0000_in0d0002n0d0129p0d0000_mp0d0082p0d0174p0d0000.xml,prism_y0d0250,True,0.02,4.0,0.45,0.4,1.0,1.0,1.7950124427445198,0.045727619331254965,4.0,0.008588836249946977,20.91612321101279,0.006587349537533149,0.0026914055844168283,0.9972222222222222,0.9138888888888889,0.6388888888888888,0.9972222222222222,0.5527777777777778,0.6388888888888888,0.3583333333333334,0.05037800511965829,0.059540442901687474,0.0016964348606279787,0.01025228368239935,0.0,-0.00023021567845265753,-0.012871992882792106,0.0,0.008169698631290736,0.017371208486178825,0.0,"[-0.024103448321711882, 1.2952516524678863, -1.1306679467142458, -0.2642269151809965, 1.4895605092355748, 0.9519330463384001, 0.02387907029269381, 1.4800774695764218, 1.0127427367470068]"
prism1,34,/home/humanoid/Programs/hand/results/phase1/run_20260413_pollard_multiscene_500_run3/prism1/generated_mjcf/scene_prism1_tp0d0104p0d0244p0d0078_ip0d0195n0d0103p0d0000_mp0d0151p0d0170p0d0078.xml,prism_y0d0250,True,0.02,4.0,0.45,0.4,1.0,1.0,5.436433823625252,0.051280844292593525,5.0,0.00559550191539299,0.18826948269782634,0.014975495160650701,0.0,1.0,1.0,1.0,0.6555555555555556,0.6555555555555556,0.6555555555555556,0.34444444444444444,0.1524659005630092,0.07329085770629512,0.010410453838964225,0.024417210753800794,0.0077707526014265185,0.01952322957433024,-0.010300318873836577,0.0,0.015075683778826192,0.016956620502320593,0.007822973332089582,"[-0.024103448321711882, 1.2952516524678863, -1.1306679467142458, -0.2642269151809965, 1.4895605092355748, 0.9519330463384001, 0.02387907029269381, 1.4800774695764218, 1.0127427367470068]"
prism1,36,/home/humanoid/Programs/hand/results/phase1/run_20260413_pollard_multiscene_500_run3/prism1/generated_mjcf/scene_prism1_tn0d0089p0d0254p0d0000_ip0d0026n0d0036p0d0015_mp0d0096p0d0249p0d0000.xml,prism_y0d0250,True,0.02,4.0,0.45,0.4,1.0,1.0,7.286054376945049,0.05520620077168263,6.0,0.005561934490482576,0.25714473062895077,0.008823271062342356,0.00017372822261094156,1.0,1.0,1.0,1.0,1.0,1.0,0.0,0.08434053894747683,0.11420433499134404,-0.008943396673879896,0.025426964262415527,0.0,0.0025748214496964378,-0.0035892000340033304,0.0015459077068942575,0.00962797461631001,0.02487177036596363,0.0,"[-0.024103448321711882, 1.2952516524678863, -1.1306679467142458, -0.2642269151809965, 1.4895605092355748, 0.9519330463384001, 0.02387907029269381, 1.4800774695764218, 1.0127427367470068]"
prism1,37,/home/humanoid/Programs/hand/results/phase1/run_20260413_pollard_multiscene_500_run3/prism1/generated_mjcf/scene_prism1_tp0d0047p0d0159p0d0000_ip0d0142n0d0156p0d0000_mp0d0206p0d0081p0d0003.xml,prism_y0d0250,True,0.02,4.0,0.45,0.4,1.0,1.0,6.841609006989399,0.04918134893226077,5.0,0.005420314643875508,0.1537682506421922,0.0033461017293083956,8.690962655270862e-05,1.0,1.0,1.0,1.0,1.0,1.0,0.0,0.021501425649179933,0.006422774423969417,0.004707706808181427,0.01587157495435046,0.0,0.014195167599214695,-0.015592273179289533,0.0,0.02064826636550051,0.008083160176307667,0.00029216778810564094,"[-0.024103448321711882, 1.2952516524678863, -1.1306679467142458, -0.2642269151809965, 1.4895605092355748, 0.9519330463384001, 0.02387907029269381, 1.4800774695764218, 1.0127427367470068]"
prism1,38,/home/humanoid/Programs/hand/results/phase1/run_20260413_pollard_multiscene_500_run3/prism1/generated_mjcf/scene_prism1_tn0d0114p0d0119p0d0092_ip0d0169n0d0109p0d0000_mp0d0114p0d0036p0d0051.xml,prism_y0d0250,True,0.02,4.0,0.45,0.4,1.0,1.0,6.216194934879231,0.05568116199971537,5.0,0.006648731308973379,1.2273005716711702,0.008019552336800816,0.0,1.0,0.8194444444444444,1.0,1.0,0.8194444444444444,0.8194444444444444,0.18055555555555558,0.019237587999846307,0.03579656944306595,-0.011423683183887617,0.011920834187286948,0.009202049607205488,0.01694194115806423,-0.010935948238704234,0.0,0.011385941982911355,0.0035915166267267012,0.005111847142510097,"[-0.024103448321711882, 1.2952516524678863, -1.1306679467142458, -0.2642269151809965, 1.4895605092355748, 0.9519330463384001, 0.02387907029269381, 1.4800774695764218, 1.0127427367470068]"
prism1,39,/home/humanoid/Programs/hand/results/phase1/run_20260413_pollard_multiscene_500_run3/prism1/generated_mjcf/scene_prism1_tp0d0052p0d0235p0d0027_in0d0002n0d0184p0d0018_mp0d0075p0d0271p0d0102.xml,prism_y0d0250,True,0.02,4.0,0.45,0.4,1.0,1.0,5.762225720742744,0.04808683724835437,5.0,0.00833396781507191,0.2926619619906116,0.005062877578355782,0.004315467168185344,1.0,1.0,0.7694444444444445,1.0,0.7694444444444445,0.7694444444444445,0.2305555555555555,0.10888042628070828,0.0784061105037122,0.005202016333529475,0.023505080565592515,0.002672128422604829,-0.00023080561701109906,-0.018386256742776587,0.0017850731543503657,0.007460482384693542,0.027108557485954678,0.010169888577004349,"[-0.024103448321711882, 1.2952516524678863, -1.1306679467142458, -0.2642269151809965, 1.4895605092355748, 0.9519330463384001, 0.02387907029269381, 1.4800774695764218, 1.0127427367470068]"
prism1,40,/home/humanoid/Programs/hand/results/phase1/run_20260413_pollard_multiscene_500_run3/prism1/generated_mjcf/scene_prism1_tn0d0084p0d0222p0d0047_ip0d0013n0d0168p0d0052_mp0d0196p0d0115p0d0000.xml,prism_y0d0250,True,0.02,4.0,0.45,0.4,1.0,1.0,6.73374869239572,0.05055638735121119,6.0,0.00555899435931358,1.6603871360496412,0.01076127587710899,0.0,1.0,1.0,1.0,0.9555555555555556,0.9555555555555556,0.9555555555555556,0.0444444444444444,0.1289323357147004,0.044097629586488794,-0.008351810339459111,0.022159054223588735,0.004709162546482959,0.0012770419432212663,-0.016797704469571892,0.005182028326211865,0.019626594242148077,0.011501823604947245,0.0,"[-0.024103448321711882, 1.2952516524678863, -1.1306679467142458, -0.2642269151809965, 1.4895605092355748, 0.9519330463384001, 0.02387907029269381, 1.4800774695764218, 1.0127427367470068]"
prism1,42,/home/humanoid/Programs/hand/results/phase1/run_20260413_pollard_multiscene_500_run3/prism1/generated_mjcf/scene_prism1_tn0d0094p0d0189p0d0000_ip0d0036n0d0063p0d0034_mp0d0154p0d0053p0d0000.xml,prism_y0d0250,True,0.02,4.0,0.45,0.4,1.0,1.0,6.986878327940471,0.05001796167810305,6.0,0.005298856084986012,1.3285741121235193,0.00684264478679965,0.0,1.0,1.0,1.0,1.0,1.0,1.0,0.0,0.09342531688042222,0.03877063240683215,-0.009420546518732465,0.0188501309198506,0.0,0.003575475406852743,-0.00632986259990556,0.003448914289927449,0.015418184441244877,0.005287405821515873,0.0,"[-0.024103448321711882, 1.2952516524678863, -1.1306679467142458, -0.2642269151809965, 1.4895605092355748, 0.9519330463384001, 0.02387907029269381, 1.4800774695764218, 1.0127427367470068]"
prism1,43,/home/humanoid/Programs/hand/results/phase1/run_20260413_pollard_multiscene_500_run3/prism1/generated_mjcf/scene_prism1_tp0d0005p0d0182p0d0000_ip0d0027n0d0016p0d0000_mp0d0184p0d0230p0d0000.xml,prism_y0d0250,True,0.02,4.0,0.45,0.4,1.0,1.0,7.274988438355839,0.04958982861154103,6.0,0.00777749515479319,0.1065435702248265,0.0012643606821736984,0.0005567262334494755,1.0,1.0,1.0,1.0,1.0,1.0,0.0,0.0023405160874991524,0.02502328444570273,0.00047599378402156216,0.018241307449525786,0.0,0.0026566589176190373,-0.001619408440688962,0.0,0.018449255979106606,0.02303129181754656,0.0,"[-0.024103448321711882, 1.2952516524678863, -1.1306679467142458, -0.2642269151809965, 1.4895605092355748, 0.9519330463384001, 0.02387907029269381, 1.4800774695764218, 1.0127427367470068]"
prism1,44,/home/humanoid/Programs/hand/results/phase1/run_20260413_pollard_multiscene_500_run3/prism1/generated_mjcf/scene_prism1_tn0d0008p0d0278p0d0043_ip0d0181n0d0061p0d0046_mp0d0199p0d0230p0d0000.xml,prism_y0d0250,True,0.02,4.0,0.45,0.4,1.0,1.0,6.569726152516385,0.05004228452499707,5.0,0.005438996735298948,1.6242182012612627,0.005019040266938544,0.0,1.0,1.0,1.0,1.0,1.0,1.0,0.0,0.08468070918837228,0.024896262817442377,-0.000797195523737677,0.027776043383598063,0.0043364718136851,0.018086649674297704,-0.006117681940029028,0.004590515506574511,0.019911378544165075,0.023047371194270132,0.0,"[-0.024103448321711882, 1.2952516524678863, -1.1306679467142458, -0.2642269151809965, 1.4895605092355748, 0.9519330463384001, 0.02387907029269381, 1.4800774695764218, 1.0127427367470068]"
prism1,45,/home/humanoid/Programs/hand/results/phase1/run_20260413_pollard_multiscene_500_run3/prism1/generated_mjcf/scene_prism1_tp0d0060p0d0101p0d0000_ip0d0075n0d0194p0d0105_mp0d0003p0d0034p0d0000.xml,prism_y0d0250,True,0.02,4.0,0.45,0.4,1.0,1.0,5.665165149626249,0.042470094386472035,6.0,0.00583784357921567,8.485442926289226,0.00906593902785959,0.0,1.0,1.0,1.0,1.0,1.0,1.0,0.0,0.06617278776670829,0.032455211729181775,0.005957382601949876,0.010080351754749027,0.0,0.007522045291682206,-0.019447965744588368,0.010509722607263742,0.00027464028066800754,0.0034175859597258135,0.0,"[-0.024103448321711882, 1.2952516524678863, -1.1306679467142458, -0.2642269151809965, 1.4895605092355748, 0.9519330463384001, 0.02387907029269381, 1.4800774695764218, 1.0127427367470068]"
prism1,48,/home/humanoid/Programs/hand/results/phase1/run_20260413_pollard_multiscene_500_run3/prism1/generated_mjcf/scene_prism1_tn0d0079p0d0219p0d0009_ip0d0141n0d0060p0d0000_mp0d0130p0d0132p0d0027.xml,prism_y0d0250,True,0.02,4.0,0.45,0.4,1.0,1.0,6.853856397662699,0.049808424551660846,5.0,0.005371418911573569,0.22259628752495253,0.002095446936080402,0.0,1.0,1.0,1.0,1.0,1.0,1.0,0.0,0.02992567498924416,0.005615648175627541,-0.007918115961243205,0.02185275077567818,0.0008615743098987442,0.014125667283464571,-0.006048321632033999,0.0,0.012998583080031604,0.013234941179164626,0.0027408344560308894,"[-0.024103448321711882, 1.2952516524678863, -1.1306679467142458, -0.2642269151809965, 1.4895605092355748, 0.9519330463384001, 0.02387907029269381, 1.4800774695764218, 1.0127427367470068]"
prism1,49,/home/humanoid/Programs/hand/results/phase1/run_20260413_pollard_multiscene_500_run3/prism1/generated_mjcf/scene_prism1_tp0d0047p0d0221p0d0056_ip0d0105n0d0132p0d0000_mp0d0035p0d0200p0d0047.xml,prism_y0d0250,True,0.02,4.0,0.45,0.4,1.0,1.0,6.258314959931223,0.05011483636849284,4.0,0.005420279312494215,0.96899450181094,0.006171564955896965,0.0,1.0,1.0,1.0,1.0,1.0,1.0,0.0,0.08819399769968454,0.028582383268661266,0.004655629035515887,0.022051510058254925,0.005589265844609163,0.010480606172911551,-0.013191172580897479,0.0,0.003499640079920957,0.019987250546203643,0.004697072467498984,"[-0.024103448321711882, 1.2952516524678863, -1.1306679467142458, -0.2642269151809965, 1.4895605092355748, 0.9519330463384001, 0.02387907029269381, 1.4800774695764218, 1.0127427367470068]"
prism1,53,/home/humanoid/Programs/hand/results/phase1/run_20260413_pollard_multiscene_500_run3/prism1/generated_mjcf/scene_prism1_tp0d0001p0d0276p0d0000_in0d0002n0d0111p0d0000_mn0d0004p0d0219p0d0077.xml,prism_y0d0250,True,0.02,4.0,0.45,0.4,1.0,1.0,5.218634008614317,0.05060319105097639,5.0,0.005416211755451467,7.399310410208153,0.013623622635262646,0.0,1.0,1.0,1.0,0.9,0.9,0.9,0.09999999999999998,0.1579766432916349,0.06406062804903934,0.00014334321756440463,0.027572249759816276,0.0,-0.00019681532305319306,-0.011074920100960688,0.0,-0.0003818307083775299,0.021858350352990434,0.00770943854587014,"[-0.024103448321711882, 1.2952516524678863, -1.1306679467142458, -0.2642269151809965, 1.4895605092355748, 0.9519330463384001, 0.02387907029269381, 1.4800774695764218, 1.0127427367470068]"
prism1,54,/home/humanoid/Programs/hand/results/phase1/run_20260413_pollard_multiscene_500_run3/prism1/generated_mjcf/scene_prism1_tn0d0024p0d0151p0d0000_ip0d0067n0d0105p0d0007_mp0d0065p0d0186p0d0042.xml,prism_y0d0250,True,0.02,4.0,0.45,0.4,1.0,1.0,5.631052798850324,0.04988910594111923,4.0,0.007952058886625805,0.29004887481521313,0.001732733003044378,0.0011607437432363116,1.0,1.0,0.7805555555555556,1.0,0.7805555555555556,0.7805555555555556,0.21944444444444444,0.01704329337856191,0.048571687555301536,-0.0024399467736423517,0.015057832644038826,0.0,0.006663314219880421,-0.01045421656520971,0.0006676818746994568,0.006528380348144711,0.018598103501716354,0.004218418606739039,"[-0.024103448321711882, 1.2952516524678863, -1.1306679467142458, -0.2642269151809965, 1.4895605092355748, 0.9519330463384001, 0.02387907029269381, 1.4800774695764218, 1.0127427367470068]"
prism1,55,/home/humanoid/Programs/hand/results/phase1/run_20260413_pollard_multiscene_500_run3/prism1/generated_mjcf/scene_prism1_tp0d0014p0d0173p0d0030_ip0d0122n0d0161p0d0000_mp0d0111p0d0180p0d0027.xml,prism_y0d0250,True,0.02,4.0,0.45,0.4,1.0,1.0,6.830735723106161,0.049834650855327026,5.0,0.005378389325218509,0.3689289355209169,0.0016232004138189585,6.431807832077419e-05,1.0,1.0,1.0,1.0,1.0,1.0,0.0,0.032189865591827634,0.009360105674240227,0.0013986947514008224,0.017295077961244975,0.0029736667665392225,0.012205666797138652,-0.016132227422864007,0.0,0.011097973096462878,0.017996201736044416,0.00265916253412341,"[-0.024103448321711882, 1.2952516524678863, -1.1306679467142458, -0.2642269151809965, 1.4895605092355748, 0.9519330463384001, 0.02387907029269381, 1.4800774695764218, 1.0127427367470068]"
prism1,56,/home/humanoid/Programs/hand/results/phase1/run_20260413_pollard_multiscene_500_run3/prism1/generated_mjcf/scene_prism1_tn0d0028p0d0216p0d0117_ip0d0083n0d0041p0d0000_mp0d0190p0d0259p0d0000.xml,prism_y0d0250,True,0.02,4.0,0.45,0.4,1.0,1.0,7.285474259341766,0.05015272219995692,6.0,0.007063363750561407,0.11900079482374991,0.0011611505229112598,0.00016888070579690329,1.0,1.0,1.0,1.0,1.0,1.0,0.0,0.012917174048602117,0.03196705055281782,-0.002811887786451483,0.021578573773190127,0.011658471244714058,0.008272588457054841,-0.004067646849840225,0.0,0.019005478088847325,0.02590094773271727,0.0,"[-0.024103448321711882, 1.2952516524678863, -1.1306679467142458, -0.2642269151809965, 1.4895605092355748, 0.9519330463384001, 0.02387907029269381, 1.4800774695764218, 1.0127427367470068]"
prism1,57,/home/humanoid/Programs/hand/results/phase1/run_20260413_pollard_multiscene_500_run3/prism1/generated_mjcf/scene_prism1_tn0d0117p0d0196p0d0000_ip0d0213n0d0028p0d0111_mp0d0125p0d0157p0d0080.xml,prism_y0d0250,True,0.02,4.0,0.45,0.4,1.0,1.0,7.068796634225549,0.0492040188534696,6.0,0.0051861942851403366,0.48791758466366564,0.005754422854551254,0.0,1.0,1.0,1.0,1.0,1.0,1.0,0.0,0.11306612495184194,0.044382674593813974,-0.011709566023867376,0.019592201922411186,0.0,0.021319150102846428,-0.00275523755717884,0.01105595726232652,0.012492871785778067,0.015663848805663412,0.00798522838512554,"[-0.024103448321711882, 1.2952516524678863, -1.1306679467142458, -0.2642269151809965, 1.4895605092355748, 0.9519330463384001, 0.02387907029269381, 1.4800774695764218, 1.0127427367470068]"
prism1,58,/home/humanoid/Programs/hand/results/phase1/run_20260413_pollard_multiscene_500_run3/prism1/generated_mjcf/scene_prism1_tp0d0037p0d0140p0d0104_ip0d0086n0d0057p0d0000_mp0d0024p0d0104p0d0018.xml,prism_y0d0250,True,0.02,4.0,0.45,0.4,1.0,1.0,4.755816938255908,0.048751337597600995,4.0,0.007773970156242232,0.1845603674702737,0.006450130141199416,0.00137667424508435,1.0,1.0,0.5527777777777778,1.0,0.5527777777777778,0.5527777777777778,0.4472222222222222,0.01518422781801318,0.053685565241757584,0.0036563751765365075,0.013965384232813884,0.010422864918188692,0.008552786799172752,-0.005734650520576824,2.251096772368233e-05,0.002400549834523061,0.010402244328225918,0.0017858584512676114,"[-0.024103448321711882, 1.2952516524678863, -1.1306679467142458, -0.2642269151809965, 1.4895605092355748, 0.9519330463384001, 0.02387907029269381, 1.4800774695764218, 1.0127427367470068]"
prism1,59,/home/humanoid/Programs/hand/results/phase1/run_20260413_pollard_multiscene_500_run3/prism1/generated_mjcf/scene_prism1_tn0d0086p0d0083p0d0000_ip0d0163n0d0096p0d0000_mp0d0152p0d0149p0d0120.xml,prism_y0d0250,True,0.02,4.0,0.45,0.4,1.0,1.0,6.87934106291118,0.04968322935488512,5.0,0.007585675149139844,0.05288995932766002,0.0034518532827086763,8.416815379651277e-05,1.0,1.0,1.0,1.0,1.0,1.0,0.0,0.0063028609211178005,0.016886243698883474,-0.008567949977657268,0.008329708606795487,0.0,0.01629273212462127,-0.00956022543017069,0.0,0.01521378254309184,0.014928351194636959,0.011988032454168646,"[-0.024103448321711882, 1.2952516524678863, -1.1306679467142458, -0.2642269151809965, 1.4895605092355748, 0.9519330463384001, 0.02387907029269381, 1.4800774695764218, 1.0127427367470068]"
prism1,62,/home/humanoid/Programs/hand/results/phase1/run_20260413_pollard_multiscene_500_run3/prism1/generated_mjcf/scene_prism1_tp0d0096p0d0187p0d0000_ip0d0054n0d0187p0d0036_mp0d0044p0d0240p0d0000.xml,prism_y0d0250,True,0.02,4.0,0.45,0.4,1.0,1.0,6.989918155586988,0.0499605606176664,6.0,0.005324384249747614,1.5376187541271265,0.004524987049429044,0.0,1.0,1.0,1.0,1.0,1.0,1.0,0.0,0.0756959726855664,0.029127978861262265,0.009598699042534763,0.018748600687729843,0.0,0.005356173220736853,-0.018747058256286107,0.0036183920343215593,0.004352464043744693,0.023994612495433137,0.0,"[-0.024103448321711882, 1.2952516524678863, -1.1306679467142458, -0.2642269151809965, 1.4895605092355748, 0.9519330463384001, 0.02387907029269381, 1.4800774695764218, 1.0127427367470068]"
prism1,65,/home/humanoid/Programs/hand/results/phase1/run_20260413_pollard_multiscene_500_run3/prism1/generated_mjcf/scene_prism1_tp0d0102p0d0180p0d0000_ip0d0127n0d0084p0d0038_mp0d0000p0d0173p0d0057.xml,prism_y0d0250,True,0.02,4.0,0.45,0.4,1.0,1.0,5.054717951819956,0.049326448326099066,5.0,0.0054085475514150695,5.653790387272189,0.023096336636468682,0.0,1.0,1.0,0.8194444444444444,1.0,0.8194444444444444,0.8194444444444444,0.18055555555555558,0.16749602894824878,0.11349607526558177,0.010244905457486197,0.01801220879143583,0.0,0.012668186858420182,-0.008360595438035868,0.003846637078264433,3.421521337633286e-05,0.01726566189683254,0.005662166397551415,"[-0.024103448321711882, 1.2952516524678863, -1.1306679467142458, -0.2642269151809965, 1.4895605092355748, 0.9519330463384001, 0.02387907029269381, 1.4800774695764218, 1.0127427367470068]"
prism1,66,/home/humanoid/Programs/hand/results/phase1/run_20260413_pollard_multiscene_500_run3/prism1/generated_mjcf/scene_prism1_tp0d0071p0d0221p0d0000_ip0d0000n0d0165p0d0103_mp0d0093p0d0248p0d0000.xml,prism_y0d0250,True,0.02,4.0,0.45,0.4,1.0,1.0,7.202871971592193,0.048965228811157335,6.0,0.005296767392358196,0.35108018881924974,0.0021933418510888094,0.0,1.0,1.0,1.0,1.0,1.0,1.0,0.0,0.029308809157910235,0.010373226852531245,0.00709364078744279,0.022124822046544465,0.0,9.767773522696352e-06,-0.01654671136546037,0.010261411427183106,0.009342820692003578,0.024791373771543557,0.0,"[-0.024103448321711882, 1.2952516524678863, -1.1306679467142458, -0.2642269151809965, 1.4895605092355748, 0.9519330463384001, 0.02387907029269381, 1.4800774695764218, 1.0127427367470068]"
prism1,68,/home/humanoid/Programs/hand/results/phase1/run_20260413_pollard_multiscene_500_run3/prism1/generated_mjcf/scene_prism1_tp0d0038p0d0245p0d0021_ip0d0008n0d0082p0d0000_mp0d0024p0d0134p0d0000.xml,prism_y0d0250,True,0.02,4.0,0.45,0.4,1.0,1.0,6.258042904973452,0.050313030183192275,6.0,0.005336707342990205,1.871115278624338,0.01787305104339355,0.0,1.0,1.0,1.0,0.8666666666666667,0.8666666666666667,0.8666666666666667,0.1333333333333333,0.18352240461264513,0.0816234681712794,0.0037656347982162504,0.024497960055519838,0.002070341064443596,0.0007666948738843469,-0.008239110662878768,0.0,0.002388229094912815,0.013401081724688357,0.0,"[-0.024103448321711882, 1.2952516524678863, -1.1306679467142458, -0.2642269151809965, 1.4895605092355748, 0.9519330463384001, 0.02387907029269381, 1.4800774695764218, 1.0127427367470068]"
prism1,69,/home/humanoid/Programs/hand/results/phase1/run_20260413_pollard_multiscene_500_run3/prism1/generated_mjcf/scene_prism1_tn0d0091p0d0182p0d0030_ip0d0071n0d0073p0d0000_mp0d0015p0d0213p0d0040.xml,prism_y0d0250,True,0.02,4.0,0.45,0.4,1.0,1.0,5.291535947984812,0.051343253864408245,4.0,0.007198746882037705,0.13002606039838244,0.0018099486546587357,0.0,1.0,1.0,0.6694444444444444,1.0,0.6694444444444444,0.6694444444444444,0.3305555555555556,0.03425848156604231,0.07291672190329679,-0.009144836102051577,0.018246982496957297,0.0029668138469602177,0.007059122356778417,-0.007296012401118981,0.0,0.001451806534502163,0.021273596267723675,0.004049475114289318,"[-0.024103448321711882, 1.2952516524678863, -1.1306679467142458, -0.2642269151809965, 1.4895605092355748, 0.9519330463384001, 0.02387907029269381, 1.4800774695764218, 1.0127427367470068]"
prism1,73,/home/humanoid/Programs/hand/results/phase1/run_20260413_pollard_multiscene_500_run3/prism1/generated_mjcf/scene_prism1_tn0d0044p0d0170p0d0000_ip0d0093n0d0046p0d0000_mp0d0184p0d0246p0d0000.xml,prism_y0d0250,True,0.02,4.0,0.45,0.4,1.0,1.0,6.836750847321926,0.049588630858737104,5.0,0.007151110712281192,0.2625505372514702,0.0008303173317052675,0.0007232661226682091,1.0,1.0,1.0,1.0,1.0,1.0,0.0,0.014829676861495472,0.03335131279568924,-0.004410675175764798,0.017040945243216383,0.0,0.009339208587460731,-0.004560812218020674,0.0,0.018435661951111647,0.02463711105944183,0.0,"[-0.024103448321711882, 1.2952516524678863, -1.1306679467142458, -0.2642269151809965, 1.4895605092355748, 0.9519330463384001, 0.02387907029269381, 1.4800774695764218, 1.0127427367470068]"
prism1,74,/home/humanoid/Programs/hand/results/phase1/run_20260413_pollard_multiscene_500_run3/prism1/generated_mjcf/scene_prism1_tn0d0118p0d0150p0d0000_ip0d0213n0d0226p0d0068_mp0d0094p0d0064p0d0000.xml,prism_y0d0250,True,0.02,4.0,0.45,0.4,1.0,1.0,7.129915258623692,0.049324797164501985,6.0,0.006339421601385053,0.7473601576190257,0.0017515154774767425,0.0008475315665129463,1.0,1.0,1.0,1.0,1.0,1.0,0.0,0.02997701465930841,0.04202657793186313,-0.011774631129091623,0.015026071347668844,0.0,0.021290785761964172,-0.022586193670716414,0.006751326365479232,0.00941019888610549,0.00641696459455523,0.0,"[-0.024103448321711882, 1.2952516524678863, -1.1306679467142458, -0.2642269151809965, 1.4895605092355748, 0.9519330463384001, 0.02387907029269381, 1.4800774695764218, 1.0127427367470068]"
prism1,75,/home/humanoid/Programs/hand/results/phase1/run_20260413_pollard_multiscene_500_run3/prism1/generated_mjcf/scene_prism1_tn0d0029p0d0138p0d0000_ip0d0081n0d0012p0d0000_mp0d0208p0d0040p0d0000.xml,prism_y0d0250,True,0.02,4.0,0.45,0.4,1.0,1.0,6.831064545474778,0.050872241389169404,5.0,0.00711992058258747,0.1944110509951175,0.012040373688876312,0.0,1.0,1.0,1.0,1.0,1.0,1.0,0.0,0.02078040493810734,0.026079514520687148,-0.0028583662300581437,0.0138457400072515,0.0,0.008078051948861801,-0.0012057265220458985,0.0,0.02080324029069562,0.0040327697180053326,0.0,"[-0.024103448321711882, 1.2952516524678863, -1.1306679467142458, -0.2642269151809965, 1.4895605092355748, 0.9519330463384001, 0.02387907029269381, 1.4800774695764218, 1.0127427367470068]"
prism1,76,/home/humanoid/Programs/hand/results/phase1/run_20260413_pollard_multiscene_500_run3/prism1/generated_mjcf/scene_prism1_tn0d0113p0d0240p0d0000_ip0d0118n0d0052p0d0000_mp0d0039p0d0207p0d0000.xml,prism_y0d0250,True,0.02,4.0,0.45,0.4,1.0,1.0,6.890990300717617,0.04986171609204279,5.0,0.005333530752794531,0.12571766186963831,0.0007637478624993142,3.7794042939173766e-05,1.0,1.0,1.0,1.0,1.0,1.0,0.0,0.018321938029466415,0.0025741959962252703,-0.011332418251265538,0.023982671318296504,0.0,0.011834084351033164,-0.005211212745469809,0.0,0.0038962598250180834,0.020709806091373795,0.0,"[-0.024103448321711882, 1.2952516524678863, -1.1306679467142458, -0.2642269151809965, 1.4895605092355748, 0.9519330463384001, 0.02387907029269381, 1.4800774695764218, 1.0127427367470068]"
prism1,78,/home/humanoid/Programs/hand/results/phase1/run_20260413_pollard_multiscene_500_run3/prism1/generated_mjcf/scene_prism1_tp0d0084p0d0236p0d0000_ip0d0161n0d0138p0d0116_mp0d0083p0d0234p0d0000.xml,prism_y0d0250,True,0.02,4.0,0.45,0.4,1.0,1.0,6.257791860972154,0.05117502171727521,6.0,0.005770434498003997,4.26275020638227,0.00887817432830505,0.0038068379596494367,1.0,1.0,0.9305555555555556,1.0,0.9305555555555556,0.9305555555555556,0.06944444444444442,0.07032440332395365,0.12620998873910774,0.008444576966534726,0.02360473805204645,0.0,0.016142527397372305,-0.013849435792305355,0.011586334684659968,0.008289451299635327,0.023392712373685107,0.0,"[-0.024103448321711882, 1.2952516524678863, -1.1306679467142458, -0.2642269151809965, 1.4895605092355748, 0.9519330463384001, 0.02387907029269381, 1.4800774695764218, 1.0127427367470068]"
prism1,79,/home/humanoid/Programs/hand/results/phase1/run_20260413_pollard_multiscene_500_run3/prism1/generated_mjcf/scene_prism1_tp0d0052p0d0176p0d0000_ip0d0028n0d0020p0d0000_mp0d0115p0d0176p0d0086.xml,prism_y0d0250,True,0.02,4.0,0.45,0.4,1.0,1.0,6.756763143226487,0.04948800843189126,5.0,0.0085609870764403,0.3817291489277355,0.007651697437679465,0.0009534684516112335,1.0,1.0,1.0,1.0,1.0,1.0,0.0,0.024342052200729564,0.0384838943030506,0.005237310362236038,0.017563482626837892,0.0,0.0027718192087738923,-0.0019917236705522656,0.0,0.011478080897803443,0.017636294965843274,0.008602642255188277,"[-0.024103448321711882, 1.2952516524678863, -1.1306679467142458, -0.2642269151809965, 1.4895605092355748, 0.9519330463384001, 0.02387907029269381, 1.4800774695764218, 1.0127427367470068]"
prism1,80,/home/humanoid/Programs/hand/results/phase1/run_20260413_pollard_multiscene_500_run3/prism1/generated_mjcf/scene_prism1_tn0d0008p0d0279p0d0006_ip0d0210n0d0071p0d0099_mp0d0206p0d0226p0d0000.xml,prism_y0d0250,True,0.02,4.0,0.45,0.4,1.0,1.0,7.193618989146437,0.05224767133305211,6.0,0.005460511821124583,0.2013301348831425,0.004887662310682138,0.0,1.0,1.0,1.0,1.0,1.0,1.0,0.0,0.11854508416586897,0.09211581121141223,-0.0008000030475453623,0.027917390747862772,0.000573517541445712,0.02095203182614285,-0.007101411990425551,0.009890526263616365,0.02061665277540771,0.022553907751633406,0.0,"[-0.024103448321711882, 1.2952516524678863, -1.1306679467142458, -0.2642269151809965, 1.4895605092355748, 0.9519330463384001, 0.02387907029269381, 1.4800774695764218, 1.0127427367470068]"
prism1,81,/home/humanoid/Programs/hand/results/phase1/run_20260413_pollard_multiscene_500_run3/prism1/generated_mjcf/scene_prism1_tn0d0090p0d0228p0d0000_ip0d0072n0d0201p0d0063_mp0d0185p0d0065p0d0004.xml,prism_y0d0250,True,0.02,4.0,0.45,0.4,1.0,1.0,4.320748113181017,0.05037671485274363,4.0,0.007127973966266938,1.4965174584609504,0.0011991711869260068,0.0,1.0,1.0,1.0,0.4638888888888889,0.4638888888888889,0.4638888888888889,0.5361111111111111,0.03286719839585401,0.06728222889184804,-0.009013713642375616,0.02278980200712923,0.0,0.007243655781430538,-0.020128123761032943,0.006292119913449305,0.018507944887493133,0.006487311049542916,0.0004040384823368326,"[-0.024103448321711882, 1.2952516524678863, -1.1306679467142458, -0.2642269151809965, 1.4895605092355748, 0.9519330463384001, 0.02387907029269381, 1.4800774695764218, 1.0127427367470068]"
prism1,82,/home/humanoid/Programs/hand/results/phase1/run_20260413_pollard_multiscene_500_run3/prism1/generated_mjcf/scene_prism1_tn0d0025p0d0270p0d0000_ip0d0155n0d0107p0d0115_mp0d0081p0d0270p0d0000.xml,prism_y0d0250,True,0.02,4.0,0.45,0.4,1.0,1.0,7.156180199787097,0.05118922020931921,6.0,0.006087288860990729,0.5990493874948637,0.003863286755822354,0.0012700304348604308,1.0,1.0,1.0,1.0,1.0,1.0,0.0,0.04905171764822677,0.09187743658275588,-0.002519689680057913,0.0269603676315392,0.0,0.015539417179556146,-0.010713506962094235,0.011477954736469145,0.00807119382275073,0.027004100871841748,0.0,"[-0.024103448321711882, 1.2952516524678863, -1.1306679467142458, -0.2642269151809965, 1.4895605092355748, 0.9519330463384001, 0.02387907029269381, 1.4800774695764218, 1.0127427367470068]"
prism1,83,/home/humanoid/Programs/hand/results/phase1/run_20260413_pollard_multiscene_500_run3/prism1/generated_mjcf/scene_prism1_tn0d0076p0d0268p0d0000_ip0d0116n0d0088p0d0000_mn0d0012p0d0270p0d0076.xml,prism_y0d0250,True,0.02,4.0,0.45,0.4,1.0,1.0,7.162702952448239,0.049955386339736924,6.0,0.005289299413385427,0.5696823019531997,0.0027702434592103264,0.0,1.0,1.0,1.0,1.0,1.0,1.0,0.0,0.0644919288890207,0.017182471357039358,-0.007615952366620589,0.02676994545049784,0.0,0.011578113540041342,-0.00879563808260816,0.0,-0.0011742335437274105,0.026988800245438982,0.007617363433869751,"[-0.024103448321711882, 1.2952516524678863, -1.1306679467142458, -0.2642269151809965, 1.4895605092355748, 0.9519330463384001, 0.02387907029269381, 1.4800774695764218, 1.0127427367470068]"
prism1,85,/home/humanoid/Programs/hand/results/phase1/run_20260413_pollard_multiscene_500_run3/prism1/generated_mjcf/scene_prism1_tn0d0007p0d0158p0d0056_ip0d0183n0d0166p0d0000_mp0d0218p0d0254p0d0000.xml,prism_y0d0250,True,0.02,4.0,0.45,0.4,1.0,1.0,6.933080333185826,0.052000542822762105,5.0,0.0068220515234446505,0.05938805215067986,0.0022631803139467875,0.00020508336713119524,1.0,1.0,1.0,1.0,1.0,1.0,0.0,0.023796895676271107,0.04909875355165949,-0.0007242270174430531,0.01582120179505725,0.005623269061173778,0.018283433942996835,-0.01656094181848386,0.0,0.021800433240013316,0.025360559741709553,0.0,"[-0.024103448321711882, 1.2952516524678863, -1.1306679467142458, -0.2642269151809965, 1.4895605092355748, 0.9519330463384001, 0.02387907029269381, 1.4800774695764218, 1.0127427367470068]"
prism1,87,/home/humanoid/Programs/hand/results/phase1/run_20260413_pollard_multiscene_500_run3/prism1/generated_mjcf/scene_prism1_tp0d0022p0d0130p0d0026_in0d0017n0d0216p0d0000_mp0d0065p0d0036p0d0103.xml,prism_y0d0250,True,0.02,4.0,0.45,0.4,1.0,1.0,7.129006314932705,0.04869317748727421,6.0,0.005388426209940345,0.4162217616519193,0.004088059144082627,9.47989701195473e-05,1.0,1.0,1.0,1.0,1.0,1.0,0.0,0.07143275179216303,0.009892172312259676,0.002216708864255847,0.012968687661631752,0.002642628237215415,-0.0016625819564261152,-0.021618052432726936,0.0,0.006488265088465934,0.003585833720184428,0.01031778056792828,"[-0.024103448321711882, 1.2952516524678863, -1.1306679467142458, -0.2642269151809965, 1.4895605092355748, 0.9519330463384001, 0.02387907029269381, 1.4800774695764218, 1.0127427367470068]"
prism1,88,/home/humanoid/Programs/hand/results/phase1/run_20260413_pollard_multiscene_500_run3/prism1/generated_mjcf/scene_prism1_tn0d0063p0d0145p0d0000_ip0d0206n0d0159p0d0000_mp0d0052p0d0267p0d0000.xml,prism_y0d0250,True,0.02,4.0,0.45,0.4,1.0,1.0,7.167582617518303,0.048146120504509934,6.0,0.007660657663531749,0.2523724832569086,0.0034700509447231154,0.0012359524945412398,1.0,1.0,1.0,1.0,1.0,1.0,0.0,0.010643287725799115,0.036118777990629625,-0.006251785068665728,0.014495325210681365,0.0,0.020577729177482608,-0.015856336100447087,0.0,0.00516417454005876,0.026729880841243052,0.0,"[-0.024103448321711882, 1.2952516524678863, -1.1306679467142458, -0.2642269151809965, 1.4895605092355748, 0.9519330463384001, 0.02387907029269381, 1.4800774695764218, 1.0127427367470068]"
prism1,89,/home/humanoid/Programs/hand/results/phase1/run_20260413_pollard_multiscene_500_run3/prism1/generated_mjcf/scene_prism1_tn0d0100p0d0238p0d0052_ip0d0069n0d0192p0d0000_mp0d0085p0d0272p0d0086.xml,prism_y0d0250,True,0.02,4.0,0.45,0.4,1.0,1.0,6.339423062330993,0.05061089911733032,5.0,0.0054124399276161105,2.453320180607638,0.011173954479357219,0.0,1.0,1.0,1.0,1.0,1.0,1.0,0.0,0.14760332688124278,0.07697689214360805,-0.009995101896248837,0.02379157746173784,0.005198518097171433,0.0069337845806804535,-0.0192267562692027,0.0,0.00853763705229673,0.027187195281308668,0.008602447813300492,"[-0.024103448321711882, 1.2952516524678863, -1.1306679467142458, -0.2642269151809965, 1.4895605092355748, 0.9519330463384001, 0.02387907029269381, 1.4800774695764218, 1.0127427367470068]"
prism1,90,/home/humanoid/Programs/hand/results/phase1/run_20260413_pollard_multiscene_500_run3/prism1/generated_mjcf/scene_prism1_tp0d0029p0d0127p0d0045_ip0d0162n0d0225p0d0000_mp0d0058p0d0170p0d0037.xml,prism_y0d0250,True,0.02,4.0,0.45,0.4,1.0,1.0,6.805045389023311,0.049442981195469866,5.0,0.005528348537888286,0.3329053601654499,0.0033200862692897687,2.1259982320137594e-05,1.0,1.0,1.0,1.0,1.0,1.0,0.0,0.040052739684778876,0.008476149258363227,0.0029018135620788327,0.012654030748838113,0.004509948513336814,0.016215976054769522,-0.022490670271335656,0.0,0.005844347141099411,0.0169903517426752,0.0036732772408389104,"[-0.024103448321711882, 1.2952516524678863, -1.1306679467142458, -0.2642269151809965, 1.4895605092355748, 0.9519330463384001, 0.02387907029269381, 1.4800774695764218, 1.0127427367470068]"
prism1,91,/home/humanoid/Programs/hand/results/phase1/run_20260413_pollard_multiscene_500_run3/prism1/generated_mjcf/scene_prism1_tn0d0076p0d0193p0d0118_in0d0016n0d0154p0d0000_mp0d0077p0d0242p0d0000.xml,prism_y0d0250,True,0.02,4.0,0.45,0.4,1.0,1.0,7.263879077553988,0.050271471633832776,6.0,0.006922988075723478,0.13320303161155944,0.0019078546554328177,0.0005001377091742587,1.0,1.0,1.0,1.0,1.0,1.0,0.0,0.021869073155279844,0.044956290278022025,-0.007646693078679328,0.019271826466729144,0.01181202927686147,-0.0016195366585430217,-0.015396153316103115,0.0,0.007733992480541187,0.024160649172592356,0.0,"[-0.024103448321711882, 1.2952516524678863, -1.1306679467142458, -0.2642269151809965, 1.4895605092355748, 0.9519330463384001, 0.02387907029269381, 1.4800774695764218, 1.0127427367470068]"
prism1,92,/home/humanoid/Programs/hand/results/phase1/run_20260413_pollard_multiscene_500_run3/prism1/generated_mjcf/scene_prism1_tp0d0092p0d0218p0d0000_ip0d0041n0d0045p0d0035_mp0d0031p0d0064p0d0000.xml,prism_y0d0250,True,0.02,4.0,0.45,0.4,1.0,1.0,5.070489429199991,0.051743836842392504,6.0,0.005406624968052402,4.556081577988198,0.030289860137617853,0.0,1.0,1.0,1.0,0.6611111111111111,0.6611111111111111,0.6611111111111111,0.3388888888888889,0.16292484293927864,0.16331073976885538,0.009193872035903945,0.02181295623272573,0.0,0.0040552741037858985,-0.0045332674722808695,0.003460812432078599,0.0030934256771718233,0.006421691842922003,0.0,"[-0.024103448321711882, 1.2952516524678863, -1.1306679467142458, -0.2642269151809965, 1.4895605092355748, 0.9519330463384001, 0.02387907029269381, 1.4800774695764218, 1.0127427367470068]"
prism1,93,/home/humanoid/Programs/hand/results/phase1/run_20260413_pollard_multiscene_500_run3/prism1/generated_mjcf/scene_prism1_tp0d0098p0d0177p0d0077_ip0d0195n0d0189p0d0000_mp0d0023p0d0219p0d0000.xml,prism_y0d0250,True,0.02,4.0,0.45,0.4,1.0,1.0,6.6583166172461015,0.05259562012088126,5.0,0.005844379706457293,0.42785444222891944,0.018617428910571842,0.0,1.0,1.0,1.0,1.0,1.0,1.0,0.0,0.14607273908231497,0.09777169738348956,0.009817727108383325,0.0176813969023054,0.007687387064662939,0.019488690226234645,-0.01886800685293718,0.0,0.0023280660770963867,0.021851488935866546,0.0,"[-0.024103448321711882, 1.2952516524678863, -1.1306679467142458, -0.2642269151809965, 1.4895605092355748, 0.9519330463384001, 0.02387907029269381, 1.4800774695764218, 1.0127427367470068]"
prism1,94,/home/humanoid/Programs/hand/results/phase1/run_20260413_pollard_multiscene_500_run3/prism1/generated_mjcf/scene_prism1_tp0d0015p0d0126p0d0064_ip0d0095n0d0111p0d0000_mp0d0090p0d0044p0d0074.xml,prism_y0d0250,True,0.02,4.0,0.45,0.4,1.0,1.0,5.02963408113785,0.05554953224250831,5.0,0.00693699822003855,0.3877989215577807,0.00956110847311792,0.0,1.0,0.45555555555555555,1.0,1.0,0.45555555555555555,0.45555555555555555,0.5444444444444445,0.007221881214070254,0.03593436124683885,0.001539169440428645,0.012590402374113123,0.006399856377125625,0.009505016714306917,-0.011122081462157587,0.0,0.008957884088755294,0.004397102470699158,0.007428471529678085,"[-0.024103448321711882, 1.2952516524678863, -1.1306679467142458, -0.2642269151809965, 1.4895605092355748, 0.9519330463384001, 0.02387907029269381, 1.4800774695764218, 1.0127427367470068]"
prism1,96,/home/humanoid/Programs/hand/results/phase1/run_20260413_pollard_multiscene_500_run3/prism1/generated_mjcf/scene_prism1_tn0d0120p0d0232p0d0000_ip0d0131n0d0183p0d0000_mp0d0130p0d0152p0d0000.xml,prism_y0d0250,True,0.02,4.0,0.45,0.4,1.0,1.0,6.877523850835842,0.05279927595717909,5.0,0.005579850335028619,0.18066239292051164,0.004081593961953467,0.0,1.0,1.0,1.0,1.0,1.0,1.0,0.0,0.07784626415010827,0.059711840270928795,-0.011995439961423757,0.023170885074527296,0.0,0.013087070170243659,-0.01826739217079296,0.0,0.01302784928333284,0.015226435694788317,0.0,"[-0.024103448321711882, 1.2952516524678863, -1.1306679467142458, -0.2642269151809965, 1.4895605092355748, 0.9519330463384001, 0.02387907029269381, 1.4800774695764218, 1.0127427367470068]"
prism1,98,/home/humanoid/Programs/hand/results/phase1/run_20260413_pollard_multiscene_500_run3/prism1/generated_mjcf/scene_prism1_tn0d0114p0d0238p0d0000_ip0d0195n0d0037p0d0008_mp0d0071p0d0204p0d0050.xml,prism_y0d0250,True,0.02,4.0,0.45,0.4,1.0,1.0,6.865916966357931,0.049364738459107785,5.0,0.005308147734779586,0.13914319625048222,0.001536611920614157,6.9676757852021876e-06,1.0,1.0,1.0,1.0,1.0,1.0,0.0,0.019310938737064784,0.0034937648670746078,-0.011412276955248405,0.02379807387899146,0.0,0.019462260282733714,-0.0036636593388789888,0.0008100502558857133,0.0070586596157323,0.02041174898220853,0.005024872692297698,"[-0.024103448321711882, 1.2952516524678863, -1.1306679467142458, -0.2642269151809965, 1.4895605092355748, 0.9519330463384001, 0.02387907029269381, 1.4800774695764218, 1.0127427367470068]"
prism1,99,/home/humanoid/Programs/hand/results/phase1/run_20260413_pollard_multiscene_500_run3/prism1/generated_mjcf/scene_prism1_tp0d0044p0d0282p0d0019_ip0d0104n0d0119p0d0093_mp0d0068p0d0235p0d0001.xml,prism_y0d0250,True,0.02,4.0,0.45,0.4,1.0,1.0,6.79744339596456,0.05044010136453031,5.0,0.006709303450566718,0.25977014168754264,0.001428600404755291,0.002001337920750468,1.0,1.0,1.0,1.0,1.0,1.0,0.0,0.040615356061933415,0.0847460202005288,0.004374789435312346,0.028218177304168056,0.0018556460458758403,0.010385043516164927,-0.011894204793422361,0.009335535792464315,0.006802027202263075,0.023505980635449716,0.00011734953019630276,"[-0.024103448321711882, 1.2952516524678863, -1.1306679467142458, -0.2642269151809965, 1.4895605092355748, 0.9519330463384001, 0.02387907029269381, 1.4800774695764218, 1.0127427367470068]"
prism1,100,/home/humanoid/Programs/hand/results/phase1/run_20260413_pollard_multiscene_500_run3/prism1/generated_mjcf/scene_prism1_tn0d0100p0d0188p0d0000_ip0d0107n0d0038p0d0000_mp0d0094p0d0173p0d0065.xml,prism_y0d0250,True,0.02,4.0,0.45,0.4,1.0,1.0,7.334241135321654,0.051630531188631396,6.0,0.0068647299283443085,0.07620202599471215,0.0015279579005074394,0.0,1.0,1.0,1.0,1.0,1.0,1.0,0.0,0.01579283471265354,0.04541422081770269,-0.009951865181536158,0.018775567695502312,0.0,0.010669241071932166,-0.003820563471950528,0.0,0.009405390983008566,0.017280054041644587,0.0064756874760196585,"[-0.024103448321711882, 1.2952516524678863, -1.1306679467142458, -0.2642269151809965, 1.4895605092355748, 0.9519330463384001, 0.02387907029269381, 1.4800774695764218, 1.0127427367470068]"
prism1,101,/home/humanoid/Programs/hand/results/phase1/run_20260413_pollard_multiscene_500_run3/prism1/generated_mjcf/scene_prism1_tp0d0106p0d0212p0d0101_ip0d0061n0d0060p0d0063_mp0d0112p0d0075p0d0000.xml,prism_y0d0250,True,0.02,4.0,0.45,0.4,1.0,1.0,6.607287150654805,0.05118016528326641,5.0,0.005546541465535207,0.47728970352207867,0.01849112081819352,0.0,1.0,1.0,1.0,1.0,1.0,1.0,0.0,0.15235889528939972,0.07605295120315314,0.010583447100032992,0.021214589149641843,0.010118832452697093,0.006077415096292973,-0.005956325488376159,0.006329410999625626,0.011230695538510659,0.007470929249459784,0.0,"[-0.024103448321711882, 1.2952516524678863, -1.1306679467142458, -0.2642269151809965, 1.4895605092355748, 0.9519330463384001, 0.02387907029269381, 1.4800774695764218, 1.0127427367470068]"
prism1,102,/home/humanoid/Programs/hand/results/phase1/run_20260413_pollard_multiscene_500_run3/prism1/generated_mjcf/scene_prism1_tn0d0050p0d0300p0d0035_ip0d0198n0d0172p0d0000_mp0d0116p0d0118p0d0000.xml,prism_y0d0250,True,0.02,4.0,0.45,0.4,1.0,1.0,6.8428397479160505,0.049972174582094506,5.0,0.006989611975728176,0.40751391368410694,0.0003253873757244388,0.0,1.0,1.0,1.0,1.0,1.0,1.0,0.0,0.014168447553897456,0.029918559289878466,-0.00501959716225856,0.03,0.0034709390634110604,0.019816908082287803,-0.017192165528774707,0.0,0.01161693581676551,0.011813476401367424,0.0,"[-0.024103448321711882, 1.2952516524678863, -1.1306679467142458, -0.2642269151809965, 1.4895605092355748, 0.9519330463384001, 0.02387907029269381, 1.4800774695764218, 1.0127427367470068]"
prism1,104,/home/humanoid/Programs/hand/results/phase1/run_20260413_pollard_multiscene_500_run3/prism1/generated_mjcf/scene_prism1_tp0d0082p0d0173p0d0075_ip0d0047n0d0074p0d0011_mp0d0086p0d0191p0d0000.xml,prism_y0d0250,True,0.02,4.0,0.45,0.4,1.0,1.0,6.699468707306916,0.04850515236865352,5.0,0.007625759949249113,0.5122567162955485,0.004900137019676139,0.0008563401359610728,1.0,1.0,1.0,1.0,1.0,1.0,0.0,0.032530723387435165,0.06782794223220495,0.008166757436390344,0.017305598102488752,0.007541369532989443,0.004651366072771426,-0.007353402664476439,0.0010909589677707467,0.008562377893663898,0.019054614628170638,0.0,"[-0.024103448321711882, 1.2952516524678863, -1.1306679467142458, -0.2642269151809965, 1.4895605092355748, 0.9519330463384001, 0.02387907029269381, 1.4800774695764218, 1.0127427367470068]"
prism1,105,/home/humanoid/Programs/hand/results/phase1/run_20260413_pollard_multiscene_500_run3/prism1/generated_mjcf/scene_prism1_tn0d0081p0d0151p0d0043_ip0d0149n0d0080p0d0064_mn0d0001p0d0058p0d0085.xml,prism_y0d0250,True,0.02,4.0,0.45,0.4,1.0,1.0,6.6260126171500895,0.05036066983438081,5.0,0.005460509686140665,0.8106944653717173,0.011473332311282433,0.0,1.0,1.0,1.0,1.0,1.0,1.0,0.0,0.11131832893157882,0.04785463015185417,-0.008101357374999472,0.015051763145310957,0.004333502634470354,0.014949647520672982,-0.007961740219535359,0.0064228105575298185,-9.076253567036861e-05,0.005841333801968511,0.008528427846290734,"[-0.024103448321711882, 1.2952516524678863, -1.1306679467142458, -0.2642269151809965, 1.4895605092355748, 0.9519330463384001, 0.02387907029269381, 1.4800774695764218, 1.0127427367470068]"
prism1,106,/home/humanoid/Programs/hand/results/phase1/run_20260413_pollard_multiscene_500_run3/prism1/generated_mjcf/scene_prism1_tn0d0034p0d0216p0d0001_ip0d0130n0d0225p0d0065_mp0d0010p0d0197p0d0000.xml,prism_y0d0250,True,0.02,4.0,0.45,0.4,1.0,1.0,7.195667047539361,0.04895156522670231,6.0,0.007522624901458933,0.2221907877360539,0.0011235181685701637,0.0014227771284880397,1.0,1.0,1.0,1.0,1.0,1.0,0.0,0.01970545953435764,0.051487946688518214,-0.003435893928932775,0.021640910971604234,8.406733760194136e-05,0.01303990171210299,-0.022453278930529147,0.006474965432793946,0.0009616558759156877,0.019652987084016846,0.0,"[-0.024103448321711882, 1.2952516524678863, -1.1306679467142458, -0.2642269151809965, 1.4895605092355748, 0.9519330463384001, 0.02387907029269381, 1.4800774695764218, 1.0127427367470068]"
prism1,107,/home/humanoid/Programs/hand/results/phase1/run_20260413_pollard_multiscene_500_run3/prism1/generated_mjcf/scene_prism1_tn0d0002p0d0241p0d0000_in0d0009n0d0012p0d0005_mp0d0158p0d0161p0d0077.xml,prism_y0d0250,True,0.02,4.0,0.45,0.4,1.0,1.0,7.257427397257864,0.049934142789626684,6.0,0.007551404400246299,0.2039136533584095,0.003590184318096301,3.64469093390718e-05,1.0,1.0,1.0,1.0,1.0,1.0,0.0,0.003442253838579814,0.03831404183117815,-0.0001857207345086799,0.024120649624657868,0.0,-0.0008951006875646678,-0.0011589227586814663,0.000544245585789983,0.015811471385460664,0.01605107600938014,0.007672485664079333,"[-0.024103448321711882, 1.2952516524678863, -1.1306679467142458, -0.2642269151809965, 1.4895605092355748, 0.9519330463384001, 0.02387907029269381, 1.4800774695764218, 1.0127427367470068]"
prism1,108,/home/humanoid/Programs/hand/results/phase1/run_20260413_pollard_multiscene_500_run3/prism1/generated_mjcf/scene_prism1_tp0d0016p0d0109p0d0034_ip0d0021n0d0045p0d0043_mp0d0206p0d0184p0d0000.xml,prism_y0d0250,True,0.02,4.0,0.45,0.4,1.0,1.0,6.860199576560596,0.04915198914433007,5.0,0.007972087638947191,0.10005616339794843,0.00041029375295874396,0.0010113335754123043,1.0,1.0,1.0,1.0,1.0,1.0,0.0,0.003299773475342114,0.022539809610653456,0.0015507882981054214,0.010946165081292702,0.0034057575517393284,0.002145776066487623,-0.004532300759600939,0.00434547841134757,0.020555407315434586,0.018397938948996252,0.0,"[-0.024103448321711882, 1.2952516524678863, -1.1306679467142458, -0.2642269151809965, 1.4895605092355748, 0.9519330463384001, 0.02387907029269381, 1.4800774695764218, 1.0127427367470068]"
prism1,110,/home/humanoid/Programs/hand/results/phase1/run_20260413_pollard_multiscene_500_run3/prism1/generated_mjcf/scene_prism1_tp0d0079p0d0285p0d0000_ip0d0050n0d0053p0d0000_mn0d0002p0d0197p0d0072.xml,prism_y0d0250,True,0.02,4.0,0.45,0.4,1.0,1.0,6.698159973023889,0.050138931116560946,6.0,0.005299221910661414,2.529601281044496,0.009968034830791462,0.0,1.0,1.0,1.0,0.9888888888888889,0.9888888888888889,0.9888888888888889,0.011111111111111072,0.13811780309569818,0.0574759359945991,0.007862980625476145,0.028524410246412026,0.0,0.004979892007376512,-0.005336932736155145,0.0,-0.0002310575466114538,0.019698384299342057,0.007182478955496934,"[-0.024103448321711882, 1.2952516524678863, -1.1306679467142458, -0.2642269151809965, 1.4895605092355748, 0.9519330463384001, 0.02387907029269381, 1.4800774695764218, 1.0127427367470068]"
prism1,114,/home/humanoid/Programs/hand/results/phase1/run_20260413_pollard_multiscene_500_run3/prism1/generated_mjcf/scene_prism1_tn0d0097p0d0300p0d0040_ip0d0154n0d0108p0d0000_mp0d0182p0d0133p0d0000.xml,prism_y0d0250,True,0.02,4.0,0.45,0.4,1.0,1.0,6.392346888719867,0.05091801938270761,4.0,0.006675651253835129,0.1347172121903242,0.0012646581643052824,0.0,1.0,1.0,1.0,0.9694444444444444,0.9694444444444444,0.9694444444444444,0.030555555555555558,0.024715849035101146,0.02784221463549258,-0.009724061022624773,0.03,0.0040072071336392685,0.015418097000075947,-0.010783104100315308,0.0,0.018205053769901072,0.013332696100926186,0.0,"[-0.024103448321711882, 1.2952516524678863, -1.1306679467142458, -0.2642269151809965, 1.4895605092355748, 0.9519330463384001, 0.02387907029269381, 1.4800774695764218, 1.0127427367470068]"
prism1,115,/home/humanoid/Programs/hand/results/phase1/run_20260413_pollard_multiscene_500_run3/prism1/generated_mjcf/scene_prism1_tn0d0088p0d0107p0d0005_ip0d0116n0d0119p0d0027_mp0d0191p0d0154p0d0000.xml,prism_y0d0250,True,0.02,4.0,0.45,0.4,1.0,1.0,6.896581986687104,0.05105006576623464,5.0,0.006806807886356034,0.052820879710710214,0.0035423579622985884,0.0005104578497404505,1.0,1.0,1.0,1.0,1.0,1.0,0.0,0.019781241617427416,0.04294536762737163,-0.008752578143894657,0.010717277259950732,0.0005339023898471625,0.011649846149658704,-0.011851546974094098,0.0027149922709011447,0.019063443114098563,0.015400916278669291,0.0,"[-0.024103448321711882, 1.2952516524678863, -1.1306679467142458, -0.2642269151809965, 1.4895605092355748, 0.9519330463384001, 0.02387907029269381, 1.4800774695764218, 1.0127427367470068]"
prism1,116,/home/humanoid/Programs/hand/results/phase1/run_20260413_pollard_multiscene_500_run3/prism1/generated_mjcf/scene_prism1_tn0d0058p0d0154p0d0015_ip0d0171n0d0137p0d0000_mp0d0025p0d0055p0d0000.xml,prism_y0d0250,True,0.02,4.0,0.45,0.4,1.0,1.0,7.212769223744354,0.052107042197576774,6.0,0.005601045817367321,0.22344202213781128,0.007610637936468648,0.0,1.0,1.0,1.0,1.0,1.0,1.0,0.0,0.08554786029423443,0.07009434060476065,-0.005842255138069734,0.015364319418918195,0.0014593692806168217,0.01708893618799274,-0.01371309528163105,0.0,0.002515708089826485,0.00547565360219901,0.0,"[-0.024103448321711882, 1.2952516524678863, -1.1306679467142458, -0.2642269151809965, 1.4895605092355748, 0.9519330463384001, 0.02387907029269381, 1.4800774695764218, 1.0127427367470068]"
prism1,118,/home/humanoid/Programs/hand/results/phase1/run_20260413_pollard_multiscene_500_run3/prism1/generated_mjcf/scene_prism1_tp0d0078p0d0184p0d0083_ip0d0044n0d0017p0d0000_mp0d0165p0d0038p0d0000.xml,prism_y0d0250,True,0.02,4.0,0.45,0.4,1.0,1.0,4.965219910942711,0.051451737423595635,5.0,0.006939512880638995,0.5783382345606904,0.014613104576180768,0.0,1.0,0.49444444444444446,1.0,1.0,0.49444444444444446,0.49444444444444446,0.5055555555555555,0.007158744709565341,0.040247531542210856,0.007807237396004606,0.01839952006368896,0.008290947003856325,0.004371823127956276,-0.0016934499390448814,0.0,0.016460379772354136,0.0037844748722332625,0.0,"[-0.024103448321711882, 1.2952516524678863, -1.1306679467142458, -0.2642269151809965, 1.4895605092355748, 0.9519330463384001, 0.02387907029269381, 1.4800774695764218, 1.0127427367470068]"
prism1,119,/home/humanoid/Programs/hand/results/phase1/run_20260413_pollard_multiscene_500_run3/prism1/generated_mjcf/scene_prism1_tp0d0089p0d0164p0d0104_ip0d0203n0d0051p0d0000_mp0d0186p0d0143p0d0000.xml,prism_y0d0250,True,0.02,4.0,0.45,0.4,1.0,1.0,5.310834931551218,0.0500038088754467,4.0,0.007618272680664434,0.17528445702528647,0.006290921399960054,0.0003847498329198201,1.0,1.0,0.6944444444444444,1.0,0.6944444444444444,0.6944444444444444,0.3055555555555556,0.025840097245157467,0.05913308306867909,0.008893279303444638,0.01640251999547089,0.010379507833410868,0.020306008014948564,-0.005095378154555871,0.0,0.01859844408246346,0.014270504086291665,0.0,"[-0.024103448321711882, 1.2952516524678863, -1.1306679467142458, -0.2642269151809965, 1.4895605092355748, 0.9519330463384001, 0.02387907029269381, 1.4800774695764218, 1.0127427367470068]"
prism1,124,/home/humanoid/Programs/hand/results/phase1/run_20260413_pollard_multiscene_500_run3/prism1/generated_mjcf/scene_prism1_tp0d0024p0d0115p0d0000_ip0d0179n0d0148p0d0088_mp0d0159p0d0081p0d0000.xml,prism_y0d0250,True,0.02,4.0,0.45,0.4,1.0,1.0,6.93981685077676,0.04827457344586743,6.0,0.0053739913191002435,1.3618740398654008,0.005605843142327271,0.0,1.0,1.0,1.0,1.0,1.0,1.0,0.0,0.0852703590718434,0.03171742656956363,0.00244379712564664,0.011516003744496317,0.0,0.017933255596691573,-0.014767612297100151,0.008771401825721701,0.01585675523326934,0.008123136719758773,0.0,"[-0.024103448321711882, 1.2952516524678863, -1.1306679467142458, -0.2642269151809965, 1.4895605092355748, 0.9519330463384001, 0.02387907029269381, 1.4800774695764218, 1.0127427367470068]"
prism1,125,/home/humanoid/Programs/hand/results/phase1/run_20260413_pollard_multiscene_500_run3/prism1/generated_mjcf/scene_prism1_tn0d0079p0d0199p0d0000_ip0d0180n0d0130p0d0013_mp0d0073p0d0214p0d0045.xml,prism_y0d0250,True,0.02,4.0,0.45,0.4,1.0,1.0,6.794339851251337,0.04961046419594841,5.0,0.005370781911833349,0.40692414830573664,0.0028259123193880285,0.0,1.0,1.0,1.0,1.0,1.0,1.0,0.0,0.04774164365538391,0.011098183931235406,-0.007887425942232639,0.019869923947212237,0.0,0.01796756903605752,-0.01303821976671418,0.0013139928106517436,0.0072988538669776434,0.021417608120759872,0.004534554990868175,"[-0.024103448321711882, 1.2952516524678863, -1.1306679467142458, -0.2642269151809965, 1.4895605092355748, 0.9519330463384001, 0.02387907029269381, 1.4800774695764218, 1.0127427367470068]"
prism1,129,/home/humanoid/Programs/hand/results/phase1/run_20260413_pollard_multiscene_500_run3/prism1/generated_mjcf/scene_prism1_tp0d0011p0d0169p0d0025_in0d0016n0d0203p0d0010_mp0d0126p0d0053p0d0033.xml,prism_y0d0250,True,0.02,4.0,0.45,0.4,1.0,1.0,7.3272854048109,0.050181461676953115,7.0,0.005379491388207497,1.5702910950162743,0.007944593861876686,0.0,1.0,1.0,1.0,1.0,1.0,1.0,0.0,0.11953186759705514,0.031127352170575884,0.001124035130705775,0.016879105762682,0.002540590918859706,-0.0015998689586662306,-0.020340573322197117,0.0009559423156456498,0.012637777989375407,0.0052731398225478055,0.003273069010678602,"[-0.024103448321711882, 1.2952516524678863, -1.1306679467142458, -0.2642269151809965, 1.4895605092355748, 0.9519330463384001, 0.02387907029269381, 1.4800774695764218, 1.0127427367470068]"
prism1,130,/home/humanoid/Programs/hand/results/phase1/run_20260413_pollard_multiscene_500_run3/prism1/generated_mjcf/scene_prism1_tp0d0082p0d0149p0d0005_ip0d0197n0d0074p0d0000_mp0d0212p0d0115p0d0078.xml,prism_y0d0250,True,0.02,4.0,0.45,0.4,1.0,1.0,6.806648745999837,0.049125974843349456,5.0,0.00715214510175723,0.16921092828757256,0.0030862861283546474,0.00045677510374157737,1.0,1.0,1.0,1.0,1.0,1.0,0.0,0.02196997783564526,0.05421089644014334,0.008189307560810648,0.014882807021886352,0.0005119386873650589,0.01974686259815555,-0.007428967554101598,0.0,0.02119582419996409,0.011509801055097127,0.007780858579894308,"[-0.024103448321711882, 1.2952516524678863, -1.1306679467142458, -0.2642269151809965, 1.4895605092355748, 0.9519330463384001, 0.02387907029269381, 1.4800774695764218, 1.0127427367470068]"
prism1,131,/home/humanoid/Programs/hand/results/phase1/run_20260413_pollard_multiscene_500_run3/prism1/generated_mjcf/scene_prism1_tn0d0011p0d0270p0d0101_ip0d0197n0d0050p0d0000_mp0d0199p0d0070p0d0000.xml,prism_y0d0250,True,0.02,4.0,0.45,0.4,1.0,1.0,6.302094976187227,0.05082807055737229,5.0,0.006609140546492036,0.11021100075731506,0.0013525041364109442,0.00018742288022753628,1.0,1.0,1.0,0.8333333333333334,0.8333333333333334,0.8333333333333334,0.16666666666666663,0.023290095765187643,0.026966733935675297,-0.0011395805826361627,0.026954421492883872,0.010102144179137976,0.019665360013878683,-0.004989540944297587,0.0,0.019903111947131187,0.00698015457820993,0.0,"[-0.024103448321711882, 1.2952516524678863, -1.1306679467142458, -0.2642269151809965, 1.4895605092355748, 0.9519330463384001, 0.02387907029269381, 1.4800774695764218, 1.0127427367470068]"
prism1,132,/home/humanoid/Programs/hand/results/phase1/run_20260413_pollard_multiscene_500_run3/prism1/generated_mjcf/scene_prism1_tp0d0035p0d0260p0d0000_ip0d0045n0d0154p0d0083_mn0d0020p0d0247p0d0000.xml,prism_y0d0250,True,0.02,4.0,0.45,0.4,1.0,1.0,4.928398341615003,0.05052307562282927,6.0,0.0060966690541904185,1.8029942981696376,0.017323794299504567,0.0029660354099724923,1.0,1.0,1.0,0.48055555555555557,0.48055555555555557,0.48055555555555557,0.5194444444444444,0.0793015102518025,0.13686024276339184,0.003512477377717779,0.02595634688580678,0.0,0.004452740128532561,-0.015443202872165433,0.008333916584662072,-0.001953983419333517,0.024659893923409178,0.0,"[-0.024103448321711882, 1.2952516524678863, -1.1306679467142458, -0.2642269151809965, 1.4895605092355748, 0.9519330463384001, 0.02387907029269381, 1.4800774695764218, 1.0127427367470068]"
prism1,134,/home/humanoid/Programs/hand/results/phase1/run_20260413_pollard_multiscene_500_run3/prism1/generated_mjcf/scene_prism1_tn0d0077p0d0195p0d0000_ip0d0054n0d0153p0d0047_mp0d0056p0d0160p0d0036.xml,prism_y0d0250,True,0.02,4.0,0.45,0.4,1.0,1.0,6.740142633164825,0.04964085830874897,5.0,0.005308678735990911,0.6665668041890883,0.0035092259054926456,0.0,1.0,1.0,1.0,1.0,1.0,1.0,0.0,0.059523893937082684,0.012211560342007302,-0.007742076707245167,0.019521734459900235,0.0,0.005380400973209519,-0.015320954689492202,0.004686405960974107,0.00560440286082812,0.016011727803561176,0.0036316851150580594,"[-0.024103448321711882, 1.2952516524678863, -1.1306679467142458, -0.2642269151809965, 1.4895605092355748, 0.9519330463384001, 0.02387907029269381, 1.4800774695764218, 1.0127427367470068]"
prism1,136,/home/humanoid/Programs/hand/results/phase1/run_20260413_pollard_multiscene_500_run3/prism1/generated_mjcf/scene_prism1_tn0d0000p0d0159p0d0000_ip0d0210n0d0204p0d0000_mp0d0053p0d0187p0d0000.xml,prism_y0d0250,True,0.02,4.0,0.45,0.4,1.0,1.0,7.179300790234859,0.05284198057605215,6.0,0.005608594335153513,0.21166674834860064,0.009856910517166409,0.0,1.0,1.0,1.0,1.0,1.0,1.0,0.0,0.12093896276706569,0.0942418062686096,-4.7116339295641754e-05,0.015941643153524383,0.0,0.02102531309204351,-0.02037678228072287,0.0,0.005322139856231826,0.01872476021489625,0.0,"[-0.024103448321711882, 1.2952516524678863, -1.1306679467142458, -0.2642269151809965, 1.4895605092355748, 0.9519330463384001, 0.02387907029269381, 1.4800774695764218, 1.0127427367470068]"
prism1,138,/home/humanoid/Programs/hand/results/phase1/run_20260413_pollard_multiscene_500_run3/prism1/generated_mjcf/scene_prism1_tp0d0015p0d0300p0d0068_ip0d0095n0d0196p0d0000_mn0d0010p0d0173p0d0000.xml,prism_y0d0250,True,0.02,4.0,0.45,0.4,1.0,1.0,5.902506000424279,0.04836250545863829,4.0,0.008355997884773267,0.595740135791417,0.0043946832329412695,0.0016095151289087367,1.0,1.0,1.0,0.8972222222222223,0.8972222222222223,0.8972222222222223,0.10277777777777775,0.03465376510719931,0.06754525687610187,0.001515325259618382,0.03,0.006807639524938257,0.009541767906657332,-0.019584708658321362,0.0,-0.000981823473950495,0.01725793949067561,0.0,"[-0.024103448321711882, 1.2952516524678863, -1.1306679467142458, -0.2642269151809965, 1.4895605092355748, 0.9519330463384001, 0.02387907029269381, 1.4800774695764218, 1.0127427367470068]"
prism1,140,/home/humanoid/Programs/hand/results/phase1/run_20260413_pollard_multiscene_500_run3/prism1/generated_mjcf/scene_prism1_tn0d0087p0d0271p0d0000_ip0d0062n0d0240p0d0104_mp0d0057p0d0235p0d0111.xml,prism_y0d0250,True,0.02,4.0,0.45,0.4,1.0,1.0,5.387770388675367,0.04993083569845591,5.0,0.0061872575508334525,0.47344216894471575,0.0014992847332188114,0.0006326915259547428,1.0,1.0,1.0,0.625,0.625,0.625,0.375,0.06293289792064728,0.09379423139159464,-0.008731530079981356,0.027066388090933438,0.0,0.0061588016073141905,-0.023982038856395667,0.010357658104953149,0.005704969469548151,0.02352908190489477,0.011086436192306204,"[-0.024103448321711882, 1.2952516524678863, -1.1306679467142458, -0.2642269151809965, 1.4895605092355748, 0.9519330463384001, 0.02387907029269381, 1.4800774695764218, 1.0127427367470068]"
prism1,142,/home/humanoid/Programs/hand/results/phase1/run_20260413_pollard_multiscene_500_run3/prism1/generated_mjcf/scene_prism1_tn0d0074p0d0247p0d0000_ip0d0168n0d0241p0d0028_mp0d0123p0d0058p0d0022.xml,prism_y0d0250,True,0.02,4.0,0.45,0.4,1.0,1.0,6.834066027542699,0.05016492130868021,5.0,0.0071339592913123905,0.418898051029369,0.0005909799087482503,0.0005430857930005528,1.0,1.0,1.0,1.0,1.0,1.0,0.0,0.01568333282684879,0.037714700457465666,-0.007406249106069644,0.024733766378574083,0.0,0.01681314259118548,-0.024126402710446332,0.002803222095158712,0.01227073241585616,0.005832298099170255,0.0022128550031997474,"[-0.024103448321711882, 1.2952516524678863, -1.1306679467142458, -0.2642269151809965, 1.4895605092355748, 0.9519330463384001, 0.02387907029269381, 1.4800774695764218, 1.0127427367470068]"
prism1,143,/home/humanoid/Programs/hand/results/phase1/run_20260413_pollard_multiscene_500_run3/prism1/generated_mjcf/scene_prism1_tp0d0062p0d0209p0d0041_ip0d0150n0d0194p0d0102_mp0d0059p0d0173p0d0000.xml,prism_y0d0250,True,0.02,4.0,0.45,0.4,1.0,1.0,6.529854038579207,0.04813260231167603,6.0,0.00773795020660662,1.084368911136406,0.00074433099837038,0.002488676735589432,0.9305555555555556,1.0,0.9305555555555556,0.8805555555555555,0.8805555555555555,0.8805555555555555,0.11944444444444446,0.022199671952686312,0.06914094184048782,0.006188329518560347,0.020863806997200564,0.0041462532147777224,0.015008121104932009,-0.019358162822748666,0.010238796153919451,0.005860994776989337,0.017308846946232706,0.0,"[-0.024103448321711882, 1.2952516524678863, -1.1306679467142458, -0.2642269151809965, 1.4895605092355748, 0.9519330463384001, 0.02387907029269381, 1.4800774695764218, 1.0127427367470068]"
prism1,145,/home/humanoid/Programs/hand/results/phase1/run_20260413_pollard_multiscene_500_run3/prism1/generated_mjcf/scene_prism1_tp0d0018p0d0266p0d0085_ip0d0187n0d0061p0d0000_mp0d0120p0d0228p0d0000.xml,prism_y0d0250,True,0.02,4.0,0.45,0.4,1.0,1.0,6.146153508026109,0.05017841876306686,4.0,0.005495431919717652,1.4897259582121276,0.007771817287681912,0.0,1.0,1.0,1.0,1.0,1.0,1.0,0.0,0.10990785345773219,0.03820526785230514,0.0017538542680252782,0.026575331008186886,0.008468955846821315,0.01866947878821324,-0.00605466824628304,0.0,0.011957947693719377,0.02281495484257566,0.0,"[-0.024103448321711882, 1.2952516524678863, -1.1306679467142458, -0.2642269151809965, 1.4895605092355748, 0.9519330463384001, 0.02387907029269381, 1.4800774695764218, 1.0127427367470068]"
prism1,146,/home/humanoid/Programs/hand/results/phase1/run_20260413_pollard_multiscene_500_run3/prism1/generated_mjcf/scene_prism1_tn0d0100p0d0190p0d0000_in0d0019n0d0119p0d0000_mp0d0192p0d0113p0d0039.xml,prism_y0d0250,True,0.02,4.0,0.45,0.4,1.0,1.0,7.280319288944677,0.05001540516950121,6.0,0.006919328322694199,0.1274954295382448,0.002010527212822284,0.00028486993100118596,1.0,1.0,1.0,1.0,1.0,1.0,0.0,0.0057137360886240635,0.0321231647483363,-0.010045906244288014,0.019006044700280358,0.0,-0.001910366479366826,-0.011895275575458145,0.0,0.019195229064207682,0.011320224616773731,0.0039041055259550206,"[-0.024103448321711882, 1.2952516524678863, -1.1306679467142458, -0.2642269151809965, 1.4895605092355748, 0.9519330463384001, 0.02387907029269381, 1.4800774695764218, 1.0127427367470068]"
prism1,147,/home/humanoid/Programs/hand/results/phase1/run_20260413_pollard_multiscene_500_run3/prism1/generated_mjcf/scene_prism1_tp0d0016p0d0152p0d0000_ip0d0068n0d0186p0d0000_mn0d0007p0d0086p0d0000.xml,prism_y0d0250,True,0.02,4.0,0.45,0.4,1.0,1.0,5.733344709500485,0.051639819020005244,6.0,0.0053986987115847455,1.9724470357615274,0.02343986950431555,0.0,1.0,1.0,1.0,0.7222222222222222,0.7222222222222222,0.7222222222222222,0.2777777777777778,0.16750925854163848,0.11847205568953754,0.0016338811302797802,0.01519199864331583,0.0,0.0068238390588518626,-0.0185979348006101,0.0,-0.0007490881804916184,0.008644874935491244,0.0,"[-0.024103448321711882, 1.2952516524678863, -1.1306679467142458, -0.2642269151809965, 1.4895605092355748, 0.9519330463384001, 0.02387907029269381, 1.4800774695764218, 1.0127427367470068]"
prism1,148,/home/humanoid/Programs/hand/results/phase1/run_20260413_pollard_multiscene_500_run3/prism1/generated_mjcf/scene_prism1_tn0d0084p0d0110p0d0000_ip0d0037n0d0242p0d0000_mp0d0218p0d0092p0d0000.xml,prism_y0d0250,True,0.02,4.0,0.45,0.4,1.0,1.0,6.776420104588119,0.04989178222578729,5.0,0.007025999893005037,0.288216894413688,0.006780519218752345,0.0,1.0,1.0,1.0,1.0,1.0,1.0,0.0,0.04691961260316846,0.049810022901380334,-0.008384850114827124,0.010998077251796115,0.0,0.0037161724242142525,-0.024194187208261365,0.0,0.021761286768522584,0.009183467605082948,0.0,"[-0.024103448321711882, 1.2952516524678863, -1.1306679467142458, -0.2642269151809965, 1.4895605092355748, 0.9519330463384001, 0.02387907029269381, 1.4800774695764218, 1.0127427367470068]"
prism1,149,/home/humanoid/Programs/hand/results/phase1/run_20260413_pollard_multiscene_500_run3/prism1/generated_mjcf/scene_prism1_tp0d0030p0d0212p0d0000_ip0d0156n0d0018p0d0000_mp0d0070p0d0156p0d0000.xml,prism_y0d0250,True,0.02,4.0,0.45,0.4,1.0,1.0,7.241057416971212,0.04972675502496087,6.0,0.0053471107243829264,0.3019210587369223,0.0014191178778220725,4.7642943181713804e-05,1.0,1.0,1.0,1.0,1.0,1.0,0.0,0.029807764568347956,0.009004882979306295,0.0030242349553947154,0.02123938513737227,0.0,0.015599964008212794,-0.0018124103626753294,0.0,0.007007819845969626,0.01564040034937387,0.0,"[-0.024103448321711882, 1.2952516524678863, -1.1306679467142458, -0.2642269151809965, 1.4895605092355748, 0.9519330463384001, 0.02387907029269381, 1.4800774695764218, 1.0127427367470068]"
prism1,150,/home/humanoid/Programs/hand/results/phase1/run_20260413_pollard_multiscene_500_run3/prism1/generated_mjcf/scene_prism1_tn0d0078p0d0173p0d0042_in0d0016n0d0210p0d0074_mp0d0060p0d0167p0d0000.xml,prism_y0d0250,True,0.02,4.0,0.45,0.4,1.0,1.0,6.915540408722679,0.04983241472951915,5.0,0.005366240431594925,0.058975143426996716,0.00032095336086700334,7.737123395561152e-05,1.0,1.0,1.0,1.0,1.0,1.0,0.0,0.0052527970321027614,0.0018167648569582158,-0.007824626139829111,0.01732834438676897,0.004248456658127203,-0.0016455198819331964,-0.020978514055772536,0.007394594912894001,0.0059714869993543855,0.016719741941420785,0.0,"[-0.024103448321711882, 1.2952516524678863, -1.1306679467142458, -0.2642269151809965, 1.4895605092355748, 0.9519330463384001, 0.02387907029269381, 1.4800774695764218, 1.0127427367470068]"
prism1,151,/home/humanoid/Programs/hand/results/phase1/run_20260413_pollard_multiscene_500_run3/prism1/generated_mjcf/scene_prism1_tp0d0012p0d0087p0d0000_ip0d0087n0d0117p0d0000_mp0d0090p0d0220p0d0049.xml,prism_y0d0250,True,0.02,4.0,0.45,0.4,1.0,1.0,4.668817706513126,0.04610309096912367,4.0,0.009295569067013442,0.1228434461953029,0.0035175179586453614,0.002197633708339808,1.0,0.7027777777777777,0.55,1.0,0.25277777777777777,0.55,0.44999999999999996,0.028736373930628435,0.02311947232060461,0.001218564240804446,0.00866571424061289,0.0,0.008749523164934754,-0.011728504763940096,0.0,0.009016880749428276,0.0220316040367717,0.0049388979727751255,"[-0.024103448321711882, 1.2952516524678863, -1.1306679467142458, -0.2642269151809965, 1.4895605092355748, 0.9519330463384001, 0.02387907029269381, 1.4800774695764218, 1.0127427367470068]"
prism1,152,/home/humanoid/Programs/hand/results/phase1/run_20260413_pollard_multiscene_500_run3/prism1/generated_mjcf/scene_prism1_tn0d0031p0d0199p0d0072_ip0d0043n0d0209p0d0113_mp0d0190p0d0243p0d0000.xml,prism_y0d0250,True,0.02,4.0,0.45,0.4,1.0,1.0,7.0521230346224675,0.050927594203375975,6.0,0.005565315193499463,0.9266465507957627,0.008773569685954915,0.0,1.0,1.0,1.0,1.0,1.0,1.0,0.0,0.10057139559411717,0.054004671558963546,-0.0031420885393652637,0.019907472351036487,0.007176067022170336,0.004316225501834821,-0.020934708518782652,0.01125617333642238,0.018952176361857136,0.024280508339097374,0.0,"[-0.024103448321711882, 1.2952516524678863, -1.1306679467142458, -0.2642269151809965, 1.4895605092355748, 0.9519330463384001, 0.02387907029269381, 1.4800774695764218, 1.0127427367470068]"
prism1,153,/home/humanoid/Programs/hand/results/phase1/run_20260413_pollard_multiscene_500_run3/prism1/generated_mjcf/scene_prism1_tn0d0112p0d0258p0d0070_ip0d0212n0d0234p0d0075_mp0d0061p0d0193p0d0096.xml,prism_y0d0250,True,0.02,4.0,0.45,0.4,1.0,1.0,6.8616706972965975,0.05012948398944073,5.0,0.007040248720817034,0.18154310652065958,0.0011716395037311336,0.0006419059521682452,1.0,1.0,1.0,1.0,1.0,1.0,0.0,0.020428128226489584,0.03277688447839764,-0.011151549883476946,0.02583112419855533,0.0069637886035893125,0.021163138926686795,-0.023441266575308213,0.00750747979912832,0.006083154920940297,0.01929815313027885,0.009613447105348082,"[-0.024103448321711882, 1.2952516524678863, -1.1306679467142458, -0.2642269151809965, 1.4895605092355748, 0.9519330463384001, 0.02387907029269381, 1.4800774695764218, 1.0127427367470068]"
prism1,154,/home/humanoid/Programs/hand/results/phase1/run_20260413_pollard_multiscene_500_run3/prism1/generated_mjcf/scene_prism1_tn0d0060p0d0300p0d0000_ip0d0008n0d0128p0d0053_mp0d0202p0d0236p0d0113.xml,prism_y0d0250,True,0.02,4.0,0.45,0.4,1.0,1.0,7.433501807081548,0.04963484993164155,7.0,0.0060210198750358405,1.1219233417030918,0.005160067099289818,0.0,1.0,1.0,1.0,1.0,1.0,1.0,0.0,0.07975524293067758,0.025343507987906688,-0.005961165487680037,0.03,0.0,0.0007531740575051921,-0.012763734213142173,0.005254819597036012,0.020235854375230844,0.023634514741201866,0.011292320198183152,"[-0.024103448321711882, 1.2952516524678863, -1.1306679467142458, -0.2642269151809965, 1.4895605092355748, 0.9519330463384001, 0.02387907029269381, 1.4800774695764218, 1.0127427367470068]"
prism1,155,/home/humanoid/Programs/hand/results/phase1/run_20260413_pollard_multiscene_500_run3/prism1/generated_mjcf/scene_prism1_tn0d0014p0d0178p0d0021_ip0d0146n0d0026p0d0022_mp0d0197p0d0133p0d0065.xml,prism_y0d0250,True,0.02,4.0,0.45,0.4,1.0,1.0,7.306780762363784,0.05043649639564049,6.0,0.00719061191932905,0.07409442887682142,0.0022670078368424,1.8459871257980875e-06,1.0,1.0,1.0,1.0,1.0,1.0,0.0,0.0034368035761814333,0.03188044174141332,-0.0014073926538075085,0.01775156940829652,0.00214680221506695,0.014606775448273735,-0.0026308522758124574,0.0022085622184445826,0.019743230789970055,0.013276280780333086,0.006512602441148773,"[-0.024103448321711882, 1.2952516524678863, -1.1306679467142458, -0.2642269151809965, 1.4895605092355748, 0.9519330463384001, 0.02387907029269381, 1.4800774695764218, 1.0127427367470068]"
prism1,157,/home/humanoid/Programs/hand/results/phase1/run_20260413_pollard_multiscene_500_run3/prism1/generated_mjcf/scene_prism1_tp0d0113p0d0144p0d0039_ip0d0162n0d0208p0d0089_mp0d0101p0d0263p0d0094.xml,prism_y0d0250,True,0.02,4.0,0.45,0.4,1.0,1.0,7.514127622726282,0.049797386403252486,7.0,0.005468766260752533,0.8445780554363503,0.003477554183664378,0.0,1.0,1.0,1.0,1.0,1.0,1.0,0.0,0.06078667965140667,0.01900931159440868,0.011272147501967051,0.014373501696804333,0.003851906420196817,0.01623469939494379,-0.0207794824341704,0.008888251116506849,0.01012549654790459,0.02625110103573041,0.00935258777511349,"[-0.024103448321711882, 1.2952516524678863, -1.1306679467142458, -0.2642269151809965, 1.4895605092355748, 0.9519330463384001, 0.02387907029269381, 1.4800774695764218, 1.0127427367470068]"
prism1,160,/home/humanoid/Programs/hand/results/phase1/run_20260413_pollard_multiscene_500_run3/prism1/generated_mjcf/scene_prism1_tn0d0113p0d0248p0d0000_in0d0008n0d0086p0d0112_mn0d0005p0d0215p0d0000.xml,prism_y0d0250,True,0.02,4.0,0.45,0.4,1.0,1.0,6.662520528510854,0.04966102962117477,5.0,0.005301206508094552,1.0763780588984995,0.0035259076467446825,0.0,1.0,1.0,1.0,1.0,1.0,1.0,0.0,0.0751337353365253,0.01453441032461004,-0.01128660729865892,0.024821794228799127,0.0,-0.00083186608066977,-0.008554373849221279,0.01124052496537592,-0.00045976902830612704,0.02153632241141243,0.0,"[-0.024103448321711882, 1.2952516524678863, -1.1306679467142458, -0.2642269151809965, 1.4895605092355748, 0.9519330463384001, 0.02387907029269381, 1.4800774695764218, 1.0127427367470068]"
prism1,162,/home/humanoid/Programs/hand/results/phase1/run_20260413_pollard_multiscene_500_run3/prism1/generated_mjcf/scene_prism1_tp0d0008p0d0243p0d0000_ip0d0056n0d0230p0d0119_mp0d0082p0d0196p0d0000.xml,prism_y0d0250,True,0.02,4.0,0.45,0.4,1.0,1.0,5.815001340446966,0.050702444018015116,5.0,0.006761666906621487,1.3188648689235154,0.0035384119619122014,0.0014013020885303429,1.0,1.0,1.0,0.7666666666666667,0.7666666666666667,0.7666666666666667,0.23333333333333328,0.01955768193124761,0.10125471453341411,0.0007872815147419634,0.024339149896880262,0.0,0.005640705116096214,-0.02302834268353677,0.01191609277025579,0.008172407472881515,0.01958364266529724,0.0,"[-0.024103448321711882, 1.2952516524678863, -1.1306679467142458, -0.2642269151809965, 1.4895605092355748, 0.9519330463384001, 0.02387907029269381, 1.4800774695764218, 1.0127427367470068]"
prism1,167,/home/humanoid/Programs/hand/results/phase1/run_20260413_pollard_multiscene_500_run3/prism1/generated_mjcf/scene_prism1_tn0d0049p0d0254p0d0045_ip0d0202n0d0059p0d0000_mn0d0008p0d0191p0d0000.xml,prism_y0d0250,True,0.02,4.0,0.45,0.4,1.0,1.0,7.246497788308951,0.054425672068120816,6.0,0.005699543363181836,0.27884726447920166,0.01028866381899669,0.0,1.0,1.0,1.0,1.0,1.0,1.0,0.0,0.09796475063954824,0.09095564824700886,-0.00488964265872333,0.02540873439896553,0.004505410724312587,0.020158641957999573,-0.005939355777245107,0.0,-0.0008475818379703112,0.019052107364078294,0.0,"[-0.024103448321711882, 1.2952516524678863, -1.1306679467142458, -0.2642269151809965, 1.4895605092355748, 0.9519330463384001, 0.02387907029269381, 1.4800774695764218, 1.0127427367470068]"
prism1,169,/home/humanoid/Programs/hand/results/phase1/run_20260413_pollard_multiscene_500_run3/prism1/generated_mjcf/scene_prism1_tn0d0023p0d0300p0d0045_ip0d0141n0d0072p0d0010_mp0d0092p0d0266p0d0017.xml,prism_y0d0250,True,0.02,4.0,0.45,0.4,1.0,1.0,6.088847378106782,0.053713012755294984,6.0,0.005597214459108427,0.45075261351945467,0.014111091278183217,0.0,1.0,1.0,1.0,0.7083333333333334,0.7083333333333334,0.7083333333333334,0.29166666666666663,0.1297475510174612,0.09577329739169833,-0.0022859760465189123,0.03,0.004491148993976263,0.014133915252692657,-0.00720976135270515,0.0010038693069339966,0.009219964776903154,0.026639798958592052,0.0017238483621419484,"[-0.024103448321711882, 1.2952516524678863, -1.1306679467142458, -0.2642269151809965, 1.4895605092355748, 0.9519330463384001, 0.02387907029269381, 1.4800774695764218, 1.0127427367470068]"
prism1,172,/home/humanoid/Programs/hand/results/phase1/run_20260413_pollard_multiscene_500_run3/prism1/generated_mjcf/scene_prism1_tp0d0095p0d0117p0d0000_ip0d0216n0d0232p0d0081_mp0d0019p0d0158p0d0110.xml,prism_y0d0250,True,0.02,4.0,0.45,0.4,1.0,1.0,6.59082929437858,0.04867723806550843,6.0,0.005512773083679384,0.8882642516795971,0.010204718595957252,0.00012326834847915802,1.0,1.0,1.0,0.9111111111111111,0.9111111111111111,0.9111111111111111,0.0888888888888889,0.1394855671329411,0.09283151020896725,0.009478466612064692,0.01168372526952211,0.0,0.02160887059855398,-0.023164369430652178,0.008119067766142584,0.0019284014760311882,0.015758297922973116,0.01099679951817091,"[-0.024103448321711882, 1.2952516524678863, -1.1306679467142458, -0.2642269151809965, 1.4895605092355748, 0.9519330463384001, 0.02387907029269381, 1.4800774695764218, 1.0127427367470068]"
prism1,173,/home/humanoid/Programs/hand/results/phase1/run_20260413_pollard_multiscene_500_run3/prism1/generated_mjcf/scene_prism1_tn0d0091p0d0170p0d0002_ip0d0137n0d0162p0d0000_mp0d0198p0d0035p0d0115.xml,prism_y0d0250,True,0.02,4.0,0.45,0.4,1.0,1.0,5.9949971177148065,0.05100768914495247,5.0,0.0055342691122793435,0.3871374028074778,0.007607974278131049,0.0,1.0,1.0,1.0,0.7916666666666666,0.7916666666666666,0.7916666666666666,0.20833333333333337,0.10414947525819951,0.04267106557172656,-0.009145682503664064,0.017045684283200635,0.00019631914511307816,0.013653580327099199,-0.01623028555312832,0.0,0.019787687411714293,0.0034936345899613894,0.011549356045366811,"[-0.024103448321711882, 1.2952516524678863, -1.1306679467142458, -0.2642269151809965, 1.4895605092355748, 0.9519330463384001, 0.02387907029269381, 1.4800774695764218, 1.0127427367470068]"
prism1,174,/home/humanoid/Programs/hand/results/phase1/run_20260413_pollard_multiscene_500_run3/prism1/generated_mjcf/scene_prism1_tn0d0084p0d0135p0d0056_ip0d0161n0d0120p0d0000_mp0d0033p0d0083p0d0094.xml,prism_y0d0250,True,0.02,4.0,0.45,0.4,1.0,1.0,7.291825703347908,0.04959566430159695,6.0,0.005433822145805504,0.10272389925026193,0.0004962433384386028,0.0002752622461366372,1.0,1.0,1.0,1.0,1.0,1.0,0.0,0.009924762763654416,0.003081896561818657,-0.008416704660400457,0.013544724004021461,0.0055591496449118975,0.01607346868467647,-0.011987541353118166,0.0,0.003343847788665107,0.00829167228915013,0.009415614975348773,"[-0.024103448321711882, 1.2952516524678863, -1.1306679467142458, -0.2642269151809965, 1.4895605092355748, 0.9519330463384001, 0.02387907029269381, 1.4800774695764218, 1.0127427367470068]"
prism1,175,/home/humanoid/Programs/hand/results/phase1/run_20260413_pollard_multiscene_500_run3/prism1/generated_mjcf/scene_prism1_tn0d0010p0d0264p0d0097_ip0d0074n0d0021p0d0043_mp0d0125p0d0141p0d0000.xml,prism_y0d0250,True,0.02,4.0,0.45,0.4,1.0,1.0,6.953243288097409,0.050264278838416096,6.0,0.0055012720469362645,1.556290093046047,0.0067173305333218395,0.0,1.0,1.0,1.0,1.0,1.0,1.0,0.0,0.10458720577553134,0.03333844844182817,-0.000987966722941342,0.02641863323770267,0.009749655067213505,0.007435624649495688,-0.002126774060817691,0.004329946350058643,0.012516638434641977,0.014116350948087338,0.0,"[-0.024103448321711882, 1.2952516524678863, -1.1306679467142458, -0.2642269151809965, 1.4895605092355748, 0.9519330463384001, 0.02387907029269381, 1.4800774695764218, 1.0127427367470068]"
prism1,176,/home/humanoid/Programs/hand/results/phase1/run_20260413_pollard_multiscene_500_run3/prism1/generated_mjcf/scene_prism1_tn0d0042p0d0147p0d0000_ip0d0078n0d0180p0d0000_mp0d0214p0d0170p0d0000.xml,prism_y0d0250,True,0.02,4.0,0.45,0.4,1.0,1.0,7.1422774442552805,0.05035070016133789,6.0,0.006787151468271409,0.39713387601040323,0.008384368602910223,0.0,1.0,1.0,1.0,1.0,1.0,1.0,0.0,0.07101366468182574,0.05106560150831333,-0.004224321255218628,0.014693684350748644,0.0,0.007783851825736274,-0.018004387774481902,0.0,0.021358462961561187,0.017045554947876396,0.0,"[-0.024103448321711882, 1.2952516524678863, -1.1306679467142458, -0.2642269151809965, 1.4895605092355748, 0.9519330463384001, 0.02387907029269381, 1.4800774695764218, 1.0127427367470068]"
prism1,177,/home/humanoid/Programs/hand/results/phase1/run_20260413_pollard_multiscene_500_run3/prism1/generated_mjcf/scene_prism1_tp0d0082p0d0197p0d0081_ip0d0020n0d0208p0d0000_mp0d0186p0d0217p0d0000.xml,prism_y0d0250,True,0.02,4.0,0.45,0.4,1.0,1.0,6.522895744522517,0.0485061930200186,6.0,0.007390556490642894,1.6859697694616194,0.007404221711995595,0.001492952798440944,1.0,0.9,1.0,1.0,0.9,0.9,0.09999999999999998,0.03784090740596864,0.09392552303674655,0.008167387550689544,0.01968914444390417,0.008060320464359848,0.0019543986615473425,-0.02080566383837565,0.0,0.018645458933625167,0.021650883133752408,0.0,"[-0.024103448321711882, 1.2952516524678863, -1.1306679467142458, -0.2642269151809965, 1.4895605092355748, 0.9519330463384001, 0.02387907029269381, 1.4800774695764218, 1.0127427367470068]"
prism1,178,/home/humanoid/Programs/hand/results/phase1/run_20260413_pollard_multiscene_500_run3/prism1/generated_mjcf/scene_prism1_tp0d0104p0d0286p0d0000_ip0d0124n0d0007p0d0050_mp0d0027p0d0177p0d0094.xml,prism_y0d0250,True,0.02,4.0,0.45,0.4,1.0,1.0,5.032965071900842,0.05177859541976737,6.0,0.005368063570338022,5.942715277742394,0.01983090934404677,0.0,1.0,1.0,1.0,0.6833333333333333,0.6833333333333333,0.6833333333333333,0.31666666666666665,0.16483277864807755,0.10664822855324778,0.010404850160773957,0.02864850095402521,0.0,0.012396573576992977,-0.0006640127032650541,0.004951171989004948,0.0027457737026305084,0.01766712406835367,0.00939002581709478,"[-0.024103448321711882, 1.2952516524678863, -1.1306679467142458, -0.2642269151809965, 1.4895605092355748, 0.9519330463384001, 0.02387907029269381, 1.4800774695764218, 1.0127427367470068]"
prism1,179,/home/humanoid/Programs/hand/results/phase1/run_20260413_pollard_multiscene_500_run3/prism1/generated_mjcf/scene_prism1_tp0d0008p0d0192p0d0059_ip0d0089n0d0091p0d0000_mp0d0163p0d0264p0d0083.xml,prism_y0d0250,True,0.02,4.0,0.45,0.4,1.0,1.0,7.2508535604920885,0.04906492134324551,6.0,0.00789109543546544,0.08379502316862165,0.0015872891513171272,0.0006521730674163423,1.0,1.0,1.0,1.0,1.0,1.0,0.0,0.005578220994308293,0.03027841892814509,0.000775856375392953,0.019217011949822636,0.005889455773125243,0.008897061470780695,-0.009104554451179199,0.0,0.01630746355080402,0.026364703453000786,0.008285323912689182,"[-0.024103448321711882, 1.2952516524678863, -1.1306679467142458, -0.2642269151809965, 1.4895605092355748, 0.9519330463384001, 0.02387907029269381, 1.4800774695764218, 1.0127427367470068]"
prism1,180,/home/humanoid/Programs/hand/results/phase1/run_20260413_pollard_multiscene_500_run3/prism1/generated_mjcf/scene_prism1_tp0d0076p0d0194p0d0056_ip0d0097n0d0216p0d0000_mp0d0064p0d0234p0d0000.xml,prism_y0d0250,True,0.02,4.0,0.45,0.4,1.0,1.0,6.525204041259101,0.049993665918030006,5.0,0.005394738277383795,1.6752197282653498,0.0074848802419177,0.0,1.0,1.0,1.0,1.0,1.0,1.0,0.0,0.10161273988930287,0.031959617473139225,0.007601073351175328,0.019366103985973,0.005648628398581976,0.009739818482690336,-0.021574981248505112,0.0,0.006356703445989577,0.02337913098547223,0.0,"[-0.024103448321711882, 1.2952516524678863, -1.1306679467142458, -0.2642269151809965, 1.4895605092355748, 0.9519330463384001, 0.02387907029269381, 1.4800774695764218, 1.0127427367470068]"
prism1,181,/home/humanoid/Programs/hand/results/phase1/run_20260413_pollard_multiscene_500_run3/prism1/generated_mjcf/scene_prism1_tn0d0093p0d0088p0d0007_ip0d0040n0d0090p0d0000_mp0d0086p0d0067p0d0000.xml,prism_y0d0250,True,0.02,4.0,0.45,0.4,1.0,1.0,5.6678247867911,0.05239406939278831,5.0,0.007227228435829639,0.5536970900077617,0.015985819880238648,0.0,1.0,0.6972222222222222,1.0,1.0,0.6972222222222222,0.6972222222222222,0.3027777777777778,0.06598653382822386,0.03311433694802287,-0.00933543154492234,0.008805327185990803,0.000668602678969548,0.003961819525625501,-0.008970762740116253,0.0,0.008646250009056356,0.006693370993602678,0.0,"[-0.024103448321711882, 1.2952516524678863, -1.1306679467142458, -0.2642269151809965, 1.4895605092355748, 0.9519330463384001, 0.02387907029269381, 1.4800774695764218, 1.0127427367470068]"
prism1,182,/home/humanoid/Programs/hand/results/phase1/run_20260413_pollard_multiscene_500_run3/prism1/generated_mjcf/scene_prism1_tp0d0016p0d0207p0d0000_ip0d0186n0d0072p0d0000_mp0d0006p0d0075p0d0000.xml,prism_y0d0250,True,0.02,4.0,0.45,0.4,1.0,1.0,7.29050671012125,0.0518038628236277,6.0,0.0061579693657579995,0.21287889518206876,0.0016294554493824491,0.0,1.0,1.0,1.0,1.0,1.0,1.0,0.0,0.03684790861899034,0.06351214876321537,0.0016470894595621167,0.02073131030867892,0.0,0.018640972661330295,-0.007166913517253069,0.0,0.0006460636272721757,0.00746074094995392,0.0,"[-0.024103448321711882, 1.2952516524678863, -1.1306679467142458, -0.2642269151809965, 1.4895605092355748, 0.9519330463384001, 0.02387907029269381, 1.4800774695764218, 1.0127427367470068]"
prism1,183,/home/humanoid/Programs/hand/results/phase1/run_20260413_pollard_multiscene_500_run3/prism1/generated_mjcf/scene_prism1_tn0d0061p0d0135p0d0031_ip0d0009n0d0192p0d0099_mp0d0008p0d0086p0d0098.xml,prism_y0d0250,True,0.02,4.0,0.45,0.4,1.0,1.0,6.792817079786761,0.048986787053452066,5.0,0.0053414091533770325,0.3605380608717747,0.0024561035600326364,0.00012528152235410928,1.0,1.0,1.0,1.0,1.0,1.0,0.0,0.037960430898871876,0.005513018238447705,-0.006124041163500725,0.01348762563825465,0.003063555658450347,0.0008658191334914387,-0.019187756292742966,0.009946785525691476,0.0008247528584014556,0.008646561502834105,0.009803886638379881,"[-0.024103448321711882, 1.2952516524678863, -1.1306679467142458, -0.2642269151809965, 1.4895605092355748, 0.9519330463384001, 0.02387907029269381, 1.4800774695764218, 1.0127427367470068]"
prism1,184,/home/humanoid/Programs/hand/results/phase1/run_20260413_pollard_multiscene_500_run3/prism1/generated_mjcf/scene_prism1_tp0d0067p0d0188p0d0113_ip0d0058n0d0101p0d0000_mp0d0090p0d0092p0d0053.xml,prism_y0d0250,True,0.02,4.0,0.45,0.4,1.0,1.0,6.857255551995625,0.049442610988403975,5.0,0.005442119797091499,0.19417317503802706,0.0011655472021491592,4.22323881831832e-05,1.0,1.0,1.0,1.0,1.0,1.0,0.0,0.023942186179769648,0.0035667173955300315,0.00674552063868359,0.01875844570534435,0.011269136853523525,0.00584627774575262,-0.010051085845152196,0.0,0.009021495589241701,0.009187286818277404,0.005298283897151278,"[-0.024103448321711882, 1.2952516524678863, -1.1306679467142458, -0.2642269151809965, 1.4895605092355748, 0.9519330463384001, 0.02387907029269381, 1.4800774695764218, 1.0127427367470068]"
prism1,185,/home/humanoid/Programs/hand/results/phase1/run_20260413_pollard_multiscene_500_run3/prism1/generated_mjcf/scene_prism1_tn0d0076p0d0293p0d0095_ip0d0164n0d0030p0d0000_mn0d0008p0d0251p0d0018.xml,prism_y0d0250,True,0.02,4.0,0.45,0.4,1.0,1.0,7.121286609836466,0.052299762906812715,6.0,0.00565955572841655,0.30314777151608474,0.013669144823877379,0.0,1.0,1.0,1.0,1.0,1.0,1.0,0.0,0.1290553560331816,0.08268717948257641,-0.007579144053407563,0.02926402140053649,0.009526551407758252,0.016445449506548186,-0.0030376445306050295,0.0,-0.000757042771043057,0.025099540621265633,0.0018448931286065753,"[-0.024103448321711882, 1.2952516524678863, -1.1306679467142458, -0.2642269151809965, 1.4895605092355748, 0.9519330463384001, 0.02387907029269381, 1.4800774695764218, 1.0127427367470068]"
prism1,186,/home/humanoid/Programs/hand/results/phase1/run_20260413_pollard_multiscene_500_run3/prism1/generated_mjcf/scene_prism1_tn0d0109p0d0266p0d0000_ip0d0208n0d0007p0d0025_mp0d0198p0d0119p0d0000.xml,prism_y0d0250,True,0.02,4.0,0.45,0.4,1.0,1.0,7.284616348397853,0.0511297826366555,6.0,0.00559861409407281,0.10706645507013879,0.001475430908295409,0.0,1.0,1.0,1.0,1.0,1.0,1.0,0.0,0.05434409427782777,0.02894433541764535,-0.01094530967303526,0.026622520374406416,0.0,0.02084817749367661,-0.0006692405604083445,0.0024633831944326275,0.019788114268166283,0.011869035729068184,0.0,"[-0.024103448321711882, 1.2952516524678863, -1.1306679467142458, -0.2642269151809965, 1.4895605092355748, 0.9519330463384001, 0.02387907029269381, 1.4800774695764218, 1.0127427367470068]"
prism1,188,/home/humanoid/Programs/hand/results/phase1/run_20260413_pollard_multiscene_500_run3/prism1/generated_mjcf/scene_prism1_tn0d0113p0d0300p0d0000_ip0d0000n0d0098p0d0041_mp0d0057p0d0253p0d0000.xml,prism_y0d0250,True,0.02,4.0,0.45,0.4,1.0,1.0,6.703089326939913,0.049905799101431475,5.0,0.0053116732627898474,0.8494512181005999,0.0033748079398404117,0.0,1.0,1.0,1.0,1.0,1.0,1.0,0.0,0.07641741821086773,0.017812693039215715,-0.011292589471460104,0.03,0.0,1.896314324718526e-05,-0.009754604433349351,0.004105129779418168,0.0057010780266160835,0.025270931042320165,0.0,"[-0.024103448321711882, 1.2952516524678863, -1.1306679467142458, -0.2642269151809965, 1.4895605092355748, 0.9519330463384001, 0.02387907029269381, 1.4800774695764218, 1.0127427367470068]"
prism1,189,/home/humanoid/Programs/hand/results/phase1/run_20260413_pollard_multiscene_500_run3/prism1/generated_mjcf/scene_prism1_tn0d0079p0d0282p0d0000_ip0d0114n0d0059p0d0000_mp0d0194p0d0087p0d0000.xml,prism_y0d0250,True,0.02,4.0,0.45,0.4,1.0,1.0,6.91452142756535,0.051466068764823514,5.0,0.006317445136855779,0.11335855405082296,0.0010376730465712339,0.0,1.0,1.0,1.0,1.0,1.0,1.0,0.0,0.03540340882552886,0.031045717434365443,-0.007871923122523284,0.02824721477700434,0.0,0.011434791023358513,-0.005873051273154057,0.0,0.019370976136729598,0.00867365001472788,0.0,"[-0.024103448321711882, 1.2952516524678863, -1.1306679467142458, -0.2642269151809965, 1.4895605092355748, 0.9519330463384001, 0.02387907029269381, 1.4800774695764218, 1.0127427367470068]"
prism1,190,/home/humanoid/Programs/hand/results/phase1/run_20260413_pollard_multiscene_500_run3/prism1/generated_mjcf/scene_prism1_tn0d0079p0d0137p0d0027_ip0d0124n0d0151p0d0000_mp0d0088p0d0098p0d0119.xml,prism_y0d0250,True,0.02,4.0,0.45,0.4,1.0,1.0,7.2753501783749055,0.056671507092819665,6.0,0.005450791620282343,0.0609095065935493,0.015649572317545726,0.0,1.0,1.0,1.0,1.0,1.0,1.0,0.0,0.13429574829725024,0.11984275688332158,-0.007922255873662335,0.01371029600381386,0.002721329818083271,0.012447962530512873,-0.01514861068170811,0.0,0.008759742605920662,0.009773312969026872,0.011886714086111382,"[-0.024103448321711882, 1.2952516524678863, -1.1306679467142458, -0.2642269151809965, 1.4895605092355748, 0.9519330463384001, 0.02387907029269381, 1.4800774695764218, 1.0127427367470068]"
prism1,196,/home/humanoid/Programs/hand/results/phase1/run_20260413_pollard_multiscene_500_run3/prism1/generated_mjcf/scene_prism1_tn0d0053p0d0211p0d0072_ip0d0040n0d0172p0d0000_mp0d0067p0d0258p0d0035.xml,prism_y0d0250,True,0.02,4.0,0.45,0.4,1.0,1.0,7.273775257108649,0.054881051243047985,6.0,0.005697583476323514,0.14200237271481192,0.01080424172019915,0.0005417863317140614,1.0,1.0,1.0,1.0,1.0,1.0,0.0,0.08902563882181957,0.10802697682915702,-0.0053098841582090335,0.021132674117052504,0.007208012367465232,0.003956516461473281,-0.017214401410508604,0.0,0.006708835529898857,0.025847389121555535,0.0035319824742441833,"[-0.024103448321711882, 1.2952516524678863, -1.1306679467142458, -0.2642269151809965, 1.4895605092355748, 0.9519330463384001, 0.02387907029269381, 1.4800774695764218, 1.0127427367470068]"
prism1,198,/home/humanoid/Programs/hand/results/phase1/run_20260413_pollard_multiscene_500_run3/prism1/generated_mjcf/scene_prism1_tn0d0085p0d0275p0d0042_in0d0019n0d0060p0d0030_mp0d0208p0d0256p0d0000.xml,prism_y0d0250,True,0.02,4.0,0.45,0.4,1.0,1.0,7.247365219973865,0.04982733922636559,6.0,0.006346917350404574,0.09552841946008428,0.0010145617863755107,0.000778899533161917,1.0,1.0,1.0,1.0,1.0,1.0,0.0,0.027296177120393214,0.053676426185038706,-0.008474962952994883,0.027544844041051023,0.0042187069829906915,-0.001881759480586151,-0.006017930301457348,0.0030434827684328956,0.020751674831435835,0.025630698873934675,0.0,"[-0.024103448321711882, 1.2952516524678863, -1.1306679467142458, -0.2642269151809965, 1.4895605092355748, 0.9519330463384001, 0.02387907029269381, 1.4800774695764218, 1.0127427367470068]"
prism1,199,/home/humanoid/Programs/hand/results/phase1/run_20260413_pollard_multiscene_500_run3/prism1/generated_mjcf/scene_prism1_tn0d0093p0d0181p0d0000_ip0d0100n0d0183p0d0000_mn0d0005p0d0214p0d0000.xml,prism_y0d0250,True,0.02,4.0,0.45,0.4,1.0,1.0,6.624091054666546,0.05143550194695087,5.0,0.005461990172171594,0.8271932689553372,0.01171341203237994,0.0,1.0,1.0,1.0,1.0,1.0,1.0,0.0,0.1353220859115014,0.07109196936662038,-0.009332624553411184,0.01806849608943887,0.0,0.010000531041565066,-0.018317445898405317,0.0,-0.00046335726395006424,0.021357809487047297,0.0,"[-0.024103448321711882, 1.2952516524678863, -1.1306679467142458, -0.2642269151809965, 1.4895605092355748, 0.9519330463384001, 0.02387907029269381, 1.4800774695764218, 1.0127427367470068]"
prism1,200,/home/humanoid/Programs/hand/results/phase1/run_20260413_pollard_multiscene_500_run3/prism1/generated_mjcf/scene_prism1_tp0d0043p0d0146p0d0082_ip0d0037n0d0214p0d0067_mp0d0035p0d0075p0d0017.xml,prism_y0d0250,True,0.02,4.0,0.45,0.4,1.0,1.0,6.4014562425384645,0.05301380358695711,5.0,0.005599722944233395,0.10129086269338268,0.024017469662056676,0.0,1.0,1.0,1.0,0.9222222222222223,0.9222222222222223,0.9222222222222223,0.07777777777777772,0.15391188565837802,0.09923420816368446,0.00433975812341485,0.014641479233585792,0.00819268659890612,0.0037178996504195006,-0.021405517517139025,0.006744157953358632,0.003474166052851514,0.0074895616345749694,0.0017029246504212722,"[-0.024103448321711882, 1.2952516524678863, -1.1306679467142458, -0.2642269151809965, 1.4895605092355748, 0.9519330463384001, 0.02387907029269381, 1.4800774695764218, 1.0127427367470068]"
prism1,201,/home/humanoid/Programs/hand/results/phase1/run_20260413_pollard_multiscene_500_run3/prism1/generated_mjcf/scene_prism1_tn0d0105p0d0214p0d0000_ip0d0083n0d0143p0d0000_mn0d0000p0d0174p0d0000.xml,prism_y0d0250,True,0.02,4.0,0.45,0.4,1.0,1.0,7.124447786242771,0.053819159258406496,6.0,0.00551894655661512,0.6935568618663918,0.01175911278975931,0.0,1.0,1.0,1.0,1.0,1.0,1.0,0.0,0.12684560105941314,0.09350217522059383,-0.010500790107284589,0.02140432770793027,0.0,0.008281450060615545,-0.014333063935340966,0.0,-3.0320783561186768e-05,0.017389064274110563,0.0,"[-0.024103448321711882, 1.2952516524678863, -1.1306679467142458, -0.2642269151809965, 1.4895605092355748, 0.9519330463384001, 0.02387907029269381, 1.4800774695764218, 1.0127427367470068]"
prism1,202,/home/humanoid/Programs/hand/results/phase1/run_20260413_pollard_multiscene_500_run3/prism1/generated_mjcf/scene_prism1_tp0d0056p0d0168p0d0000_ip0d0208n0d0238p0d0030_mn0d0016p0d0125p0d0000.xml,prism_y0d0250,True,0.02,4.0,0.45,0.4,1.0,1.0,3.842305052039614,0.04866990786817722,5.0,0.007662437862125265,4.837582412955163,0.002701682249193364,0.00277539284762901,0.7,1.0,0.7,0.46111111111111114,0.46111111111111114,0.46111111111111114,0.5388888888888889,0.04098728763945975,0.09935478074579207,0.005561306286262741,0.01684537198761257,0.0,0.02082503109106207,-0.0237630864305896,0.0030471449279324964,-0.0015712075422167678,0.012468062242123311,0.0,"[-0.024103448321711882, 1.2952516524678863, -1.1306679467142458, -0.2642269151809965, 1.4895605092355748, 0.9519330463384001, 0.02387907029269381, 1.4800774695764218, 1.0127427367470068]"
prism1,203,/home/humanoid/Programs/hand/results/phase1/run_20260413_pollard_multiscene_500_run3/prism1/generated_mjcf/scene_prism1_tn0d0101p0d0268p0d0017_in0d0001n0d0008p0d0000_mp0d0098p0d0040p0d0000.xml,prism_y0d0250,True,0.02,4.0,0.45,0.4,1.0,1.0,5.111346512756047,0.05229160309815796,5.0,0.00547828949504115,0.24668807021996247,0.015291330160757894,0.0,1.0,1.0,1.0,0.5694444444444444,0.5694444444444444,0.5694444444444444,0.4305555555555556,0.18278618068597005,0.09273128901177446,-0.010071792123051598,0.026796554965191104,0.0017246215799356143,-0.00014392769721268718,-0.0008479304860448244,0.0,0.009809882367594778,0.004032230339763861,0.0,"[-0.024103448321711882, 1.2952516524678863, -1.1306679467142458, -0.2642269151809965, 1.4895605092355748, 0.9519330463384001, 0.02387907029269381, 1.4800774695764218, 1.0127427367470068]"
prism1,206,/home/humanoid/Programs/hand/results/phase1/run_20260413_pollard_multiscene_500_run3/prism1/generated_mjcf/scene_prism1_tp0d0077p0d0123p0d0000_ip0d0209n0d0193p0d0000_mp0d0020p0d0111p0d0000.xml,prism_y0d0250,True,0.02,4.0,0.45,0.4,1.0,1.0,7.022165764460414,0.051273050528325245,6.0,0.0054584100979988325,0.4599407013814107,0.017242493321966736,0.0,1.0,1.0,1.0,1.0,1.0,1.0,0.0,0.14467484535572397,0.08870654668047095,0.007725404707774584,0.012289821737621096,0.0,0.02089606498753578,-0.019301676188381724,0.0,0.00201339210259017,0.011099656579559913,0.0,"[-0.024103448321711882, 1.2952516524678863, -1.1306679467142458, -0.2642269151809965, 1.4895605092355748, 0.9519330463384001, 0.02387907029269381, 1.4800774695764218, 1.0127427367470068]"
prism1,207,/home/humanoid/Programs/hand/results/phase1/run_20260413_pollard_multiscene_500_run3/prism1/generated_mjcf/scene_prism1_tp0d0026p0d0207p0d0110_ip0d0174n0d0065p0d0000_mp0d0053p0d0143p0d0000.xml,prism_y0d0250,True,0.02,4.0,0.45,0.4,1.0,1.0,6.943915228003044,0.04927805899716286,6.0,0.005525908708266275,1.3384830166876647,0.008474395843739694,0.0,1.0,1.0,1.0,1.0,1.0,1.0,0.0,0.10165752187101545,0.03297734008904193,0.00258495564686813,0.02069911329584996,0.010962643851090574,0.01738795186372892,-0.006457234525400016,0.0,0.005268949493629474,0.014280105921970699,0.0,"[-0.024103448321711882, 1.2952516524678863, -1.1306679467142458, -0.2642269151809965, 1.4895605092355748, 0.9519330463384001, 0.02387907029269381, 1.4800774695764218, 1.0127427367470068]"
prism1,208,/home/humanoid/Programs/hand/results/phase1/run_20260413_pollard_multiscene_500_run3/prism1/generated_mjcf/scene_prism1_tn0d0075p0d0127p0d0000_ip0d0061n0d0017p0d0025_mp0d0189p0d0057p0d0000.xml,prism_y0d0250,True,0.02,4.0,0.45,0.4,1.0,1.0,6.840876355018805,0.05157604246223173,5.0,0.00720652356878454,0.1638274026760974,0.011982936849786,0.0,1.0,1.0,1.0,1.0,1.0,1.0,0.0,0.03861752510517027,0.029565654832871806,-0.007541185456607181,0.012720330103871616,0.0,0.006068945183136646,-0.0017135969398752223,0.002520631410691936,0.018875773155536048,0.005666852414929724,0.0,"[-0.024103448321711882, 1.2952516524678863, -1.1306679467142458, -0.2642269151809965, 1.4895605092355748, 0.9519330463384001, 0.02387907029269381, 1.4800774695764218, 1.0127427367470068]"
prism1,209,/home/humanoid/Programs/hand/results/phase1/run_20260413_pollard_multiscene_500_run3/prism1/generated_mjcf/scene_prism1_tp0d0080p0d0185p0d0012_ip0d0045n0d0139p0d0000_mp0d0218p0d0165p0d0000.xml,prism_y0d0250,True,0.02,4.0,0.45,0.4,1.0,1.0,7.16562375168409,0.053685018594419515,6.0,0.005658290175313771,0.37521789490061946,0.014909826756796215,0.000709509733595598,1.0,1.0,1.0,1.0,1.0,1.0,0.0,0.08478533014207544,0.1259884540977455,0.008009543041537861,0.01849580852523615,0.0012160635687190995,0.004545161135832775,-0.013902840430843947,0.0,0.021799144081568696,0.01649161773793147,0.0,"[-0.024103448321711882, 1.2952516524678863, -1.1306679467142458, -0.2642269151809965, 1.4895605092355748, 0.9519330463384001, 0.02387907029269381, 1.4800774695764218, 1.0127427367470068]"
prism1,210,/home/humanoid/Programs/hand/results/phase1/run_20260413_pollard_multiscene_500_run3/prism1/generated_mjcf/scene_prism1_tp0d0084p0d0183p0d0032_ip0d0018n0d0148p0d0000_mp0d0099p0d0230p0d0000.xml,prism_y0d0250,True,0.02,4.0,0.45,0.4,1.0,1.0,5.042960804451768,0.04950307180459727,5.0,0.007456498911887884,2.38265188267398,0.010206283390781555,0.0,0.95,0.6638888888888889,1.0,0.95,0.6638888888888889,0.6638888888888889,0.33611111111111114,0.1407292851939187,0.13073788589131205,0.008437855756050418,0.018321910618821588,0.0032447348294870563,0.001774035165684324,-0.014805875470069332,0.0,0.009934062318164237,0.02297414626775439,0.0,"[-0.024103448321711882, 1.2952516524678863, -1.1306679467142458, -0.2642269151809965, 1.4895605092355748, 0.9519330463384001, 0.02387907029269381, 1.4800774695764218, 1.0127427367470068]"
prism1,211,/home/humanoid/Programs/hand/results/phase1/run_20260413_pollard_multiscene_500_run3/prism1/generated_mjcf/scene_prism1_tn0d0047p0d0144p0d0000_ip0d0093n0d0180p0d0000_mp0d0028p0d0172p0d0000.xml,prism_y0d0250,True,0.02,4.0,0.45,0.4,1.0,1.0,7.284847008046022,0.04960701046025828,6.0,0.005359569661770075,0.13996603047716388,0.0006723414448669587,0.00016206277900672472,1.0,1.0,1.0,1.0,1.0,1.0,0.0,0.011059944222346928,0.005291135856547484,-0.004740005191379473,0.014426123005675029,0.0,0.009336022162219368,-0.01795692563587443,0.0,0.0027816673199039963,0.017175738094334703,0.0,"[-0.024103448321711882, 1.2952516524678863, -1.1306679467142458, -0.2642269151809965, 1.4895605092355748, 0.9519330463384001, 0.02387907029269381, 1.4800774695764218, 1.0127427367470068]"
prism1,213,/home/humanoid/Programs/hand/results/phase1/run_20260413_pollard_multiscene_500_run3/prism1/generated_mjcf/scene_prism1_tp0d0114p0d0261p0d0000_ip0d0206n0d0041p0d0000_mp0d0084p0d0040p0d0000.xml,prism_y0d0250,True,0.02,4.0,0.45,0.4,1.0,1.0,6.852689564928836,0.05024855170416273,5.0,0.007032840349389562,0.2369733938578644,0.00241877071102774,0.0002314137427102264,1.0,1.0,1.0,1.0,1.0,1.0,0.0,0.01813218246109096,0.041952566599238406,0.011383068446832144,0.026086163461476453,0.0,0.020561026075589607,-0.004089729095602563,0.0,0.008406134637600387,0.004042902804046244,0.0,"[-0.024103448321711882, 1.2952516524678863, -1.1306679467142458, -0.2642269151809965, 1.4895605092355748, 0.9519330463384001, 0.02387907029269381, 1.4800774695764218, 1.0127427367470068]"
prism1,214,/home/humanoid/Programs/hand/results/phase1/run_20260413_pollard_multiscene_500_run3/prism1/generated_mjcf/scene_prism1_tp0d0052p0d0107p0d0118_in0d0015n0d0005p0d0000_mp0d0091p0d0164p0d0000.xml,prism_y0d0250,True,0.02,4.0,0.45,0.4,1.0,1.0,7.236367216909158,0.048812495207145395,6.0,0.00845319479879404,0.1046382307117475,0.0019773441576779495,0.0009902271913400928,1.0,1.0,1.0,1.0,1.0,1.0,0.0,0.004320763349447161,0.022800873089968293,0.005157266769256267,0.010652643185760103,0.01180187743075043,-0.0014796206306259777,-0.0005166369421601685,0.0,0.009060765136741021,0.016391314855483393,0.0,"[-0.024103448321711882, 1.2952516524678863, -1.1306679467142458, -0.2642269151809965, 1.4895605092355748, 0.9519330463384001, 0.02387907029269381, 1.4800774695764218, 1.0127427367470068]"
prism1,215,/home/humanoid/Programs/hand/results/phase1/run_20260413_pollard_multiscene_500_run3/prism1/generated_mjcf/scene_prism1_tn0d0067p0d0092p0d0078_ip0d0213n0d0213p0d0086_mp0d0153p0d0213p0d0000.xml,prism_y0d0250,True,0.02,4.0,0.45,0.4,1.0,1.0,6.4094129880783886,0.05248155583441111,5.0,0.006075309436154381,0.6876007689037937,0.013955029918883938,0.005865127282968716,0.9944444444444445,1.0,0.9222222222222223,0.9777777777777777,0.9055555555555556,0.9222222222222223,0.07777777777777772,0.02688930470764332,0.09341055171420971,-0.006708058313022306,0.009213660685445347,0.007762392106353707,0.0213354249050623,-0.021286620578137176,0.008635940125201812,0.015292946730816092,0.021305408188239255,0.0,"[-0.024103448321711882, 1.2952516524678863, -1.1306679467142458, -0.2642269151809965, 1.4895605092355748, 0.9519330463384001, 0.02387907029269381, 1.4800774695764218, 1.0127427367470068]"
prism1,216,/home/humanoid/Programs/hand/results/phase1/run_20260413_pollard_multiscene_500_run3/prism1/generated_mjcf/scene_prism1_tn0d0106p0d0246p0d0111_ip0d0138n0d0187p0d0009_mp0d0009p0d0205p0d0041.xml,prism_y0d0250,True,0.02,4.0,0.45,0.4,1.0,1.0,6.886041595418677,0.05175164083061301,5.0,0.006569984433638157,0.2627985579732825,0.0030459836468248545,0.0,1.0,1.0,1.0,1.0,1.0,1.0,0.0,0.031244274057062937,0.04637181030299525,-0.010618202159571382,0.024570154966587918,0.011091034286356438,0.013810197920546557,-0.018682744474052514,0.0008816463383836057,0.000920203433224737,0.020529085107590155,0.004148740653331526,"[-0.024103448321711882, 1.2952516524678863, -1.1306679467142458, -0.2642269151809965, 1.4895605092355748, 0.9519330463384001, 0.02387907029269381, 1.4800774695764218, 1.0127427367470068]"
prism1,218,/home/humanoid/Programs/hand/results/phase1/run_20260413_pollard_multiscene_500_run3/prism1/generated_mjcf/scene_prism1_tp0d0031p0d0217p0d0000_ip0d0033n0d0069p0d0000_mp0d0018p0d0185p0d0039.xml,prism_y0d0250,True,0.02,4.0,0.45,0.4,1.0,1.0,6.699151916120522,0.05342605511244136,6.0,0.005492880673339087,1.3723186901051871,0.01976824771377461,0.00012278464570122938,1.0,1.0,0.925,1.0,0.925,0.925,0.07499999999999996,0.08664203651411832,0.15440301881457782,0.0030643337970542965,0.021735629790901958,0.0,0.003259984998778856,-0.006910015120126513,0.0,0.0017765117936147622,0.018486338857577528,0.003854988740890814,"[-0.024103448321711882, 1.2952516524678863, -1.1306679467142458, -0.2642269151809965, 1.4895605092355748, 0.9519330463384001, 0.02387907029269381, 1.4800774695764218, 1.0127427367470068]"
prism1,219,/home/humanoid/Programs/hand/results/phase1/run_20260413_pollard_multiscene_500_run3/prism1/generated_mjcf/scene_prism1_tn0d0096p0d0143p0d0000_ip0d0199n0d0241p0d0000_mp0d0018p0d0145p0d0098.xml,prism_y0d0250,True,0.02,4.0,0.45,0.4,1.0,1.0,7.203814967337521,0.0509848403729991,6.0,0.005499073226621046,0.24835298068706946,0.0043717585407347884,0.0,1.0,1.0,1.0,1.0,1.0,1.0,0.0,0.08139791811087417,0.049549765611726415,-0.009552741642320943,0.014294919368854606,0.0,0.019931955097158255,-0.024098723637486875,0.0,0.001763704178351715,0.014507877048380777,0.009764096577343173,"[-0.024103448321711882, 1.2952516524678863, -1.1306679467142458, -0.2642269151809965, 1.4895605092355748, 0.9519330463384001, 0.02387907029269381, 1.4800774695764218, 1.0127427367470068]"
prism1,220,/home/humanoid/Programs/hand/results/phase1/run_20260413_pollard_multiscene_500_run3/prism1/generated_mjcf/scene_prism1_tp0d0050p0d0166p0d0000_ip0d0149n0d0113p0d0053_mn0d0009p0d0075p0d0000.xml,prism_y0d0250,True,0.02,4.0,0.45,0.4,1.0,1.0,6.48359948634952,0.05072684175819117,6.0,0.005887894955964967,1.284093199821257,0.008249252620918789,0.0022110653353639986,1.0,1.0,1.0,0.8638888888888889,0.8638888888888889,0.8638888888888889,0.13611111111111107,0.06512638818213623,0.11259103474007272,0.0049770330315987155,0.016644170110704855,0.0,0.014920291210715418,-0.011294019048296643,0.0052869592715543215,-0.0009234731340144204,0.007455374979847362,0.0,"[-0.024103448321711882, 1.2952516524678863, -1.1306679467142458, -0.2642269151809965, 1.4895605092355748, 0.9519330463384001, 0.02387907029269381, 1.4800774695764218, 1.0127427367470068]"
prism1,221,/home/humanoid/Programs/hand/results/phase1/run_20260413_pollard_multiscene_500_run3/prism1/generated_mjcf/scene_prism1_tn0d0008p0d0217p0d0015_ip0d0110n0d0107p0d0000_mp0d0047p0d0157p0d0000.xml,prism_y0d0250,True,0.02,4.0,0.45,0.4,1.0,1.0,6.057475289686809,0.05070886972568421,4.0,0.005346294774130125,1.7474466505225767,0.012724179172357302,0.0,1.0,1.0,1.0,1.0,1.0,1.0,0.0,0.13869404753227174,0.058972882038151354,-0.0008031192769778952,0.02166670448785033,0.001490255873888683,0.011029975886306324,-0.010713207814525373,0.0,0.004691508371224975,0.015735108981150926,0.0,"[-0.024103448321711882, 1.2952516524678863, -1.1306679467142458, -0.2642269151809965, 1.4895605092355748, 0.9519330463384001, 0.02387907029269381, 1.4800774695764218, 1.0127427367470068]"
prism1,223,/home/humanoid/Programs/hand/results/phase1/run_20260413_pollard_multiscene_500_run3/prism1/generated_mjcf/scene_prism1_tn0d0100p0d0157p0d0115_in0d0006n0d0023p0d0000_mn0d0001p0d0183p0d0095.xml,prism_y0d0250,True,0.02,4.0,0.45,0.4,1.0,1.0,7.242902819468597,0.04951822224577747,6.0,0.007786106720897486,0.1596592362031972,0.0030061054765191772,0.0009355686580673483,1.0,1.0,1.0,1.0,1.0,1.0,0.0,0.00800322767961372,0.026894351651606918,-0.010042045626139749,0.01571733522921598,0.011454745589257506,-0.0005590098185030423,-0.0022702534687448223,0.0,-0.0001307095736232007,0.018291499373159582,0.009509675286206443,"[-0.024103448321711882, 1.2952516524678863, -1.1306679467142458, -0.2642269151809965, 1.4895605092355748, 0.9519330463384001, 0.02387907029269381, 1.4800774695764218, 1.0127427367470068]"
prism1,227,/home/humanoid/Programs/hand/results/phase1/run_20260413_pollard_multiscene_500_run3/prism1/generated_mjcf/scene_prism1_tp0d0083p0d0182p0d0000_ip0d0108n0d0164p0d0000_mp0d0028p0d0117p0d0000.xml,prism_y0d0250,True,0.02,4.0,0.45,0.4,1.0,1.0,6.238840837168444,0.051338672760490305,6.0,0.005425937467514865,1.2871625764459842,0.019416428847866023,0.0,1.0,1.0,1.0,0.825,0.825,0.825,0.17500000000000004,0.15372065800527723,0.10773443390863136,0.008338774720204351,0.01821398638179801,0.0,0.010837636468636409,-0.016374744784778288,0.0,0.00275684906579644,0.011731120066497104,0.0,"[-0.024103448321711882, 1.2952516524678863, -1.1306679467142458, -0.2642269151809965, 1.4895605092355748, 0.9519330463384001, 0.02387907029269381, 1.4800774695764218, 1.0127427367470068]"
prism1,228,/home/humanoid/Programs/hand/results/phase1/run_20260413_pollard_multiscene_500_run3/prism1/generated_mjcf/scene_prism1_tp0d0018p0d0170p0d0000_ip0d0032n0d0128p0d0000_mp0d0192p0d0047p0d0036.xml,prism_y0d0250,True,0.02,4.0,0.45,0.4,1.0,1.0,7.18902113038958,0.05509532874176237,6.0,0.005486310959440335,0.3601363183809957,0.017873046342026893,1.793595158149086e-05,1.0,1.0,1.0,1.0,1.0,1.0,0.0,0.10202945988343792,0.12967867308299283,0.0017785008989475558,0.017044118735223775,0.0,0.003186891827523349,-0.012818094553557719,0.0,0.01917602235967445,0.004697717154899158,0.0035502383157635774,"[-0.024103448321711882, 1.2952516524678863, -1.1306679467142458, -0.2642269151809965, 1.4895605092355748, 0.9519330463384001, 0.02387907029269381, 1.4800774695764218, 1.0127427367470068]"
prism1,230,/home/humanoid/Programs/hand/results/phase1/run_20260413_pollard_multiscene_500_run3/prism1/generated_mjcf/scene_prism1_tn0d0007p0d0119p0d0014_ip0d0090n0d0004p0d0000_mp0d0132p0d0081p0d0000.xml,prism_y0d0250,True,0.02,4.0,0.45,0.4,1.0,1.0,5.262555571008055,0.05229150623784385,5.0,0.007429730930941176,0.6113115913152162,0.018198782295030854,0.0,1.0,0.6083333333333333,1.0,1.0,0.6083333333333333,0.6083333333333333,0.3916666666666667,0.12230670134498149,0.03918310328429795,-0.0007050571053624031,0.011895647447555467,0.0013904247007412648,0.00896790547894913,-0.00042462582777189235,0.0,0.013245101911400738,0.008085967284082467,0.0,"[-0.024103448321711882, 1.2952516524678863, -1.1306679467142458, -0.2642269151809965, 1.4895605092355748, 0.9519330463384001, 0.02387907029269381, 1.4800774695764218, 1.0127427367470068]"
prism1,231,/home/humanoid/Programs/hand/results/phase1/run_20260413_pollard_multiscene_500_run3/prism1/generated_mjcf/scene_prism1_tp0d0059p0d0199p0d0000_ip0d0193n0d0034p0d0000_mp0d0003p0d0115p0d0000.xml,prism_y0d0250,True,0.02,4.0,0.45,0.4,1.0,1.0,6.605668448122666,0.05116647712674287,5.0,0.005421192012795027,0.5741898109089726,0.016116724434349552,0.0,1.0,1.0,1.0,1.0,1.0,1.0,0.0,0.1468101489715142,0.08935380014757377,0.005938507318874558,0.01993184206212525,0.0,0.019339198063758577,-0.003368889853459343,0.0,0.0002719119063459754,0.011528792962369609,0.0,"[-0.024103448321711882, 1.2952516524678863, -1.1306679467142458, -0.2642269151809965, 1.4895605092355748, 0.9519330463384001, 0.02387907029269381, 1.4800774695764218, 1.0127427367470068]"
prism1,234,/home/humanoid/Programs/hand/results/phase1/run_20260413_pollard_multiscene_500_run3/prism1/generated_mjcf/scene_prism1_tn0d0068p0d0267p0d0000_in0d0013n0d0152p0d0088_mp0d0012p0d0034p0d0000.xml,prism_y0d0250,True,0.02,4.0,0.45,0.4,1.0,1.0,6.6749375604214976,0.049210258231616885,5.0,0.008120920002666577,1.1133098838971716,0.004139987471281126,0.001354944659718596,1.0,1.0,1.0,1.0,1.0,1.0,0.0,0.003736250841697486,0.03869528701835273,-0.006842359440174668,0.02674095924071578,0.0,-0.0012516321530277128,-0.01519729557625085,0.008807048636422697,0.0012271340009776168,0.0034269346338305414,0.0,"[-0.024103448321711882, 1.2952516524678863, -1.1306679467142458, -0.2642269151809965, 1.4895605092355748, 0.9519330463384001, 0.02387907029269381, 1.4800774695764218, 1.0127427367470068]"
prism1,235,/home/humanoid/Programs/hand/results/phase1/run_20260413_pollard_multiscene_500_run3/prism1/generated_mjcf/scene_prism1_tn0d0012p0d0185p0d0000_ip0d0150n0d0039p0d0000_mp0d0202p0d0205p0d0000.xml,prism_y0d0250,True,0.02,4.0,0.45,0.4,1.0,1.0,6.9249123569129925,0.05350557783046071,5.0,0.006636528350683331,0.3041065113490374,0.0029028479951200828,0.0,1.0,1.0,1.0,1.0,1.0,1.0,0.0,0.034871801793390805,0.07320988797059731,-0.0012267169129464937,0.018511203439005447,0.0,0.015046761440901129,-0.003860181566608679,0.0,0.0202218044453141,0.02050055310976201,0.0,"[-0.024103448321711882, 1.2952516524678863, -1.1306679467142458, -0.2642269151809965, 1.4895605092355748, 0.9519330463384001, 0.02387907029269381, 1.4800774695764218, 1.0127427367470068]"
prism1,236,/home/humanoid/Programs/hand/results/phase1/run_20260413_pollard_multiscene_500_run3/prism1/generated_mjcf/scene_prism1_tp0d0106p0d0174p0d0031_ip0d0022n0d0118p0d0000_mp0d0137p0d0106p0d0119.xml,prism_y0d0250,True,0.02,4.0,0.45,0.4,1.0,1.0,5.707182591552017,0.04872626020308221,5.0,0.008365752922419976,0.880481104398164,0.006680069632931468,0.004914757823688026,1.0,0.7638888888888888,1.0,1.0,0.7638888888888888,0.7638888888888888,0.23611111111111116,0.07024396280012296,0.060262739138656374,0.010570503563294312,0.01742935650204407,0.0030783737719845897,0.0022113929704491346,-0.01179028890874476,0.0,0.013715263425300493,0.010640660788541539,0.011923749986019395,"[-0.024103448321711882, 1.2952516524678863, -1.1306679467142458, -0.2642269151809965, 1.4895605092355748, 0.9519330463384001, 0.02387907029269381, 1.4800774695764218, 1.0127427367470068]"
prism1,238,/home/humanoid/Programs/hand/results/phase1/run_20260413_pollard_multiscene_500_run3/prism1/generated_mjcf/scene_prism1_tn0d0100p0d0196p0d0000_ip0d0120n0d0139p0d0024_mp0d0149p0d0270p0d0014.xml,prism_y0d0250,True,0.02,4.0,0.45,0.4,1.0,1.0,7.291779274328057,0.05428987673157519,6.0,0.00558117981675904,0.2926335083708639,0.005300194245080226,0.0,1.0,1.0,1.0,1.0,1.0,1.0,0.0,0.07640890096867173,0.0901979178975471,-0.010015544394671703,0.01962936837177262,0.0,0.012010903863657144,-0.013874930609055808,0.002421640382254354,0.014892154831109993,0.027047093881184453,0.0013830002601442452,"[-0.024103448321711882, 1.2952516524678863, -1.1306679467142458, -0.2642269151809965, 1.4895605092355748, 0.9519330463384001, 0.02387907029269381, 1.4800774695764218, 1.0127427367470068]"
prism1,242,/home/humanoid/Programs/hand/results/phase1/run_20260413_pollard_multiscene_500_run3/prism1/generated_mjcf/scene_prism1_tn0d0009p0d0235p0d0040_in0d0009n0d0143p0d0044_mp0d0197p0d0260p0d0000.xml,prism_y0d0250,True,0.02,4.0,0.45,0.4,1.0,1.0,7.163036868200395,0.04979104985365354,6.0,0.006935736462373228,0.5901315235188882,0.0022217493743316202,0.0017674991775328414,1.0,1.0,1.0,1.0,1.0,1.0,0.0,0.017827265622042263,0.04978184645294478,-0.0009419216668431589,0.0234563829052057,0.003998428193652388,-0.0008600754512623002,-0.0143499624967743,0.0043891962311728185,0.019674774011803155,0.026003968495236028,0.0,"[-0.024103448321711882, 1.2952516524678863, -1.1306679467142458, -0.2642269151809965, 1.4895605092355748, 0.9519330463384001, 0.02387907029269381, 1.4800774695764218, 1.0127427367470068]"
prism1,244,/home/humanoid/Programs/hand/results/phase1/run_20260413_pollard_multiscene_500_run3/prism1/generated_mjcf/scene_prism1_tp0d0037p0d0122p0d0000_ip0d0121n0d0147p0d0094_mp0d0112p0d0054p0d0090.xml,prism_y0d0250,True,0.02,4.0,0.45,0.4,1.0,1.0,6.3475421256091655,0.047801177383680685,5.0,0.0052806289116566095,2.5389358895619605,0.005844713534984673,0.0,1.0,1.0,1.0,1.0,1.0,1.0,0.0,0.08341873274919225,0.03122085520590112,0.003670300442267238,0.012153499062564917,0.0,0.012056547044241235,-0.014653213065510083,0.009428885664088973,0.011218889531032318,0.005437278898803643,0.009008074998322603,"[-0.024103448321711882, 1.2952516524678863, -1.1306679467142458, -0.2642269151809965, 1.4895605092355748, 0.9519330463384001, 0.02387907029269381, 1.4800774695764218, 1.0127427367470068]"
prism1,245,/home/humanoid/Programs/hand/results/phase1/run_20260413_pollard_multiscene_500_run3/prism1/generated_mjcf/scene_prism1_tn0d0045p0d0121p0d0034_ip0d0174n0d0173p0d0000_mp0d0212p0d0139p0d0000.xml,prism_y0d0250,True,0.02,4.0,0.45,0.4,1.0,1.0,7.3276400976577944,0.054788079413019955,6.0,0.005733469960138018,0.3383041770560606,0.0074416776404585515,0.0,1.0,1.0,1.0,1.0,1.0,1.0,0.0,0.03779776331023723,0.09056457233245842,-0.004528621663971532,0.012117700999274032,0.0034291248847927273,0.01739136599231956,-0.017332691788016226,0.0,0.0212315535462329,0.013907077695475889,0.0,"[-0.024103448321711882, 1.2952516524678863, -1.1306679467142458, -0.2642269151809965, 1.4895605092355748, 0.9519330463384001, 0.02387907029269381, 1.4800774695764218, 1.0127427367470068]"
prism1,246,/home/humanoid/Programs/hand/results/phase1/run_20260413_pollard_multiscene_500_run3/prism1/generated_mjcf/scene_prism1_tp0d0012p0d0250p0d0034_in0d0012n0d0017p0d0000_mp0d0149p0d0177p0d0000.xml,prism_y0d0250,True,0.02,4.0,0.45,0.4,1.0,1.0,7.077082395643041,0.04806745208919005,6.0,0.007542818575303138,0.5377851775407707,0.0059493031359392785,0.0035703685249062617,1.0,1.0,1.0,1.0,1.0,1.0,0.0,0.007308175438506277,0.04735319428774389,0.0012101250122180784,0.02496992892325642,0.0034375336049794307,-0.001203292251601781,-0.0017480540872589299,0.0,0.014901303193678607,0.0176678851782694,0.0,"[-0.024103448321711882, 1.2952516524678863, -1.1306679467142458, -0.2642269151809965, 1.4895605092355748, 0.9519330463384001, 0.02387907029269381, 1.4800774695764218, 1.0127427367470068]"
prism1,248,/home/humanoid/Programs/hand/results/phase1/run_20260413_pollard_multiscene_500_run3/prism1/generated_mjcf/scene_prism1_tp0d0063p0d0226p0d0000_ip0d0002n0d0169p0d0000_mp0d0111p0d0134p0d0000.xml,prism_y0d0250,True,0.02,4.0,0.45,0.4,1.0,1.0,6.102938951499226,0.05000248190778964,6.0,0.00539511859472989,1.3577265491992816,0.01754327083753518,0.0,1.0,1.0,1.0,0.8055555555555556,0.8055555555555556,0.8055555555555556,0.19444444444444442,0.1886469189469506,0.07758430346379562,0.00626516238663433,0.02255765916802214,0.0,0.0002281577052011246,-0.016903768045336977,0.0,0.011086386382717419,0.013437684407545863,0.0,"[-0.024103448321711882, 1.2952516524678863, -1.1306679467142458, -0.2642269151809965, 1.4895605092355748, 0.9519330463384001, 0.02387907029269381, 1.4800774695764218, 1.0127427367470068]"
prism1,249,/home/humanoid/Programs/hand/results/phase1/run_20260413_pollard_multiscene_500_run3/prism1/generated_mjcf/scene_prism1_tn0d0027p0d0178p0d0000_ip0d0059n0d0061p0d0007_mn0d0017p0d0132p0d0000.xml,prism_y0d0250,True,0.02,4.0,0.45,0.4,1.0,1.0,4.746744099563495,0.054164611353876235,5.0,0.005413351312370568,2.384135435310214,0.023800070398035045,0.0,1.0,1.0,0.5472222222222223,1.0,0.5472222222222223,0.5472222222222223,0.4527777777777777,0.1403453098572348,0.13484909531090966,-0.0027271212917241126,0.017791811356062115,0.0,0.005851197812612485,-0.006067555870810265,0.0007001297377480752,-0.001728987071853835,0.013155750839536167,0.0,"[-0.024103448321711882, 1.2952516524678863, -1.1306679467142458, -0.2642269151809965, 1.4895605092355748, 0.9519330463384001, 0.02387907029269381, 1.4800774695764218, 1.0127427367470068]"
prism1,254,/home/humanoid/Programs/hand/results/phase1/run_20260413_pollard_multiscene_500_run3/prism1/generated_mjcf/scene_prism1_tn0d0073p0d0242p0d0000_ip0d0117n0d0058p0d0016_mp0d0219p0d0175p0d0000.xml,prism_y0d0250,True,0.02,4.0,0.45,0.4,1.0,1.0,6.762280666922059,0.049399406609953116,5.0,0.005338662201510791,0.5225810894347722,0.0030204053282394784,0.0,1.0,1.0,1.0,1.0,1.0,1.0,0.0,0.05201554642202552,0.014992196433199453,-0.0072830278711218015,0.024233399005324837,0.0,0.01173289864241775,-0.005816682189977438,0.0015985477456331616,0.02187070698869189,0.017479901290416364,0.0,"[-0.024103448321711882, 1.2952516524678863, -1.1306679467142458, -0.2642269151809965, 1.4895605092355748, 0.9519330463384001, 0.02387907029269381, 1.4800774695764218, 1.0127427367470068]"
prism1,255,/home/humanoid/Programs/hand/results/phase1/run_20260413_pollard_multiscene_500_run3/prism1/generated_mjcf/scene_prism1_tn0d0049p0d0232p0d0053_ip0d0078n0d0015p0d0045_mp0d0126p0d0103p0d0116.xml,prism_y0d0250,True,0.02,4.0,0.45,0.4,1.0,1.0,6.235003693874059,0.04987810411727529,5.0,0.005409317045150346,3.1526777303915856,0.010062136962636626,0.0,1.0,1.0,1.0,1.0,1.0,1.0,0.0,0.13595321284164855,0.06136724392813597,-0.0048957756328571024,0.023204282559035286,0.005285964347256648,0.007791052812038457,-0.0014875992639632445,0.004507628719607793,0.01263096632514772,0.010252368200474794,0.011605232571004556,"[-0.024103448321711882, 1.2952516524678863, -1.1306679467142458, -0.2642269151809965, 1.4895605092355748, 0.9519330463384001, 0.02387907029269381, 1.4800774695764218, 1.0127427367470068]"
prism1,256,/home/humanoid/Programs/hand/results/phase1/run_20260413_pollard_multiscene_500_run3/prism1/generated_mjcf/scene_prism1_tn0d0062p0d0198p0d0000_ip0d0093n0d0156p0d0051_mp0d0176p0d0066p0d0000.xml,prism_y0d0250,True,0.02,4.0,0.45,0.4,1.0,1.0,6.7368185636247775,0.05073480240450634,5.0,0.00560516319728761,0.7100252888075476,0.0013423225617193333,0.0,1.0,1.0,1.0,1.0,1.0,1.0,0.0,0.07762583960308432,0.07101125168767185,-0.00617936078977491,0.019845889106613626,0.0,0.009283838582036968,-0.01564231250230316,0.005108479275818825,0.01755878893107922,0.006553664356555156,0.0,"[-0.024103448321711882, 1.2952516524678863, -1.1306679467142458, -0.2642269151809965, 1.4895605092355748, 0.9519330463384001, 0.02387907029269381, 1.4800774695764218, 1.0127427367470068]"
prism1,258,/home/humanoid/Programs/hand/results/phase1/run_20260413_pollard_multiscene_500_run3/prism1/generated_mjcf/scene_prism1_tn0d0033p0d0188p0d0000_ip0d0089n0d0085p0d0000_mn0d0010p0d0158p0d0000.xml,prism_y0d0250,True,0.02,4.0,0.45,0.4,1.0,1.0,7.326209361907546,0.049856650682014364,6.0,0.0053261637440121445,0.027253960851644048,0.00014653603162194723,0.000126848155088774,1.0,1.0,1.0,1.0,1.0,1.0,0.0,0.0012115715287820013,0.0008400495352144747,-0.003284192562390034,0.018810799604056093,0.0,0.008948602806368519,-0.008508505563111826,0.0,-0.0009937541860331883,0.015830482276668337,0.0,"[-0.024103448321711882, 1.2952516524678863, -1.1306679467142458, -0.2642269151809965, 1.4895605092355748, 0.9519330463384001, 0.02387907029269381, 1.4800774695764218, 1.0127427367470068]"
prism1,259,/home/humanoid/Programs/hand/results/phase1/run_20260413_pollard_multiscene_500_run3/prism1/generated_mjcf/scene_prism1_tn0d0066p0d0185p0d0013_ip0d0158n0d0195p0d0088_mp0d0183p0d0172p0d0000.xml,prism_y0d0250,True,0.02,4.0,0.45,0.4,1.0,1.0,7.050977692490567,0.05086513794933194,6.0,0.005319319053664492,0.5654954659777981,0.011395461558202024,0.0,1.0,1.0,1.0,1.0,1.0,1.0,0.0,0.14027479882225313,0.05038321912117725,-0.0066485374175960146,0.018518010205694397,0.0012982978667973911,0.015818160059360285,-0.019498654578332945,0.008823394787387792,0.01834265960575579,0.01719139738609474,0.0,"[-0.024103448321711882, 1.2952516524678863, -1.1306679467142458, -0.2642269151809965, 1.4895605092355748, 0.9519330463384001, 0.02387907029269381, 1.4800774695764218, 1.0127427367470068]"
prism1,261,/home/humanoid/Programs/hand/results/phase1/run_20260413_pollard_multiscene_500_run3/prism1/generated_mjcf/scene_prism1_tn0d0026p0d0108p0d0000_ip0d0093n0d0210p0d0000_mp0d0215p0d0203p0d0054.xml,prism_y0d0250,True,0.02,4.0,0.45,0.4,1.0,1.0,6.350099831293371,0.04936076588286151,5.0,0.0073361593897465875,0.35567655090662376,0.01046020577494158,0.0,1.0,0.8944444444444445,1.0,1.0,0.8944444444444445,0.8944444444444445,0.10555555555555551,0.049249903737879575,0.03498406960753094,-0.002559148442306267,0.010844582132139265,0.0,0.009274960074603024,-0.02103734073064305,0.0,0.021537173868519506,0.02026458374004725,0.005359570246667743,"[-0.024103448321711882, 1.2952516524678863, -1.1306679467142458, -0.2642269151809965, 1.4895605092355748, 0.9519330463384001, 0.02387907029269381, 1.4800774695764218, 1.0127427367470068]"
prism1,262,/home/humanoid/Programs/hand/results/phase1/run_20260413_pollard_multiscene_500_run3/prism1/generated_mjcf/scene_prism1_tp0d0114p0d0124p0d0096_in0d0000n0d0080p0d0000_mp0d0182p0d0250p0d0006.xml,prism_y0d0250,True,0.02,4.0,0.45,0.4,1.0,1.0,4.44189561453582,0.04758242263997671,4.0,0.009002008493738825,0.726542075336566,0.0059866711286442505,0.0010439849901589665,1.0,0.5027777777777778,1.0,1.0,0.5027777777777778,0.5027777777777778,0.49722222222222223,0.030714478909952086,0.05468304802335222,0.011434726863572546,0.012431631671534318,0.009574165085641077,-3.2197229452727086e-05,-0.008030768084860739,0.0,0.01818011496386108,0.025010610894033593,0.0006060223705221992,"[-0.024103448321711882, 1.2952516524678863, -1.1306679467142458, -0.2642269151809965, 1.4895605092355748, 0.9519330463384001, 0.02387907029269381, 1.4800774695764218, 1.0127427367470068]"
prism1,263,/home/humanoid/Programs/hand/results/phase1/run_20260413_pollard_multiscene_500_run3/prism1/generated_mjcf/scene_prism1_tn0d0026p0d0166p0d0106_ip0d0186n0d0034p0d0042_mn0d0016p0d0137p0d0101.xml,prism_y0d0250,True,0.02,4.0,0.45,0.4,1.0,1.0,4.987635953467566,0.05384858703840468,5.0,0.005758158786666158,0.4247607168749468,0.016044588509723078,0.0,1.0,1.0,0.5222222222222223,1.0,0.5222222222222223,0.5222222222222223,0.47777777777777775,0.14941771428265768,0.11229784486205552,-0.002617680223593528,0.01656557626298818,0.010573775539080708,0.018619421669964137,-0.0033545673340663,0.004216081429168201,-0.0015522505578777837,0.01372870559258928,0.010117600342834106,"[-0.024103448321711882, 1.2952516524678863, -1.1306679467142458, -0.2642269151809965, 1.4895605092355748, 0.9519330463384001, 0.02387907029269381, 1.4800774695764218, 1.0127427367470068]"
prism1,264,/home/humanoid/Programs/hand/results/phase1/run_20260413_pollard_multiscene_500_run3/prism1/generated_mjcf/scene_prism1_tn0d0098p0d0167p0d0098_ip0d0048n0d0056p0d0000_mp0d0081p0d0076p0d0092.xml,prism_y0d0250,True,0.02,4.0,0.45,0.4,1.0,1.0,7.325483380920436,0.05087410946389857,6.0,0.00707314243968139,0.04201073036731296,0.0014255806542930467,6.421321584221262e-05,1.0,1.0,1.0,1.0,1.0,1.0,0.0,0.005435439489158672,0.03980614775306298,-0.0098174312859883,0.016710597855835244,0.009785136624631905,0.0047505379522936875,-0.00558731996764574,0.0,0.008118077130715488,0.007604253555346375,0.009153488997293208,"[-0.024103448321711882, 1.2952516524678863, -1.1306679467142458, -0.2642269151809965, 1.4895605092355748, 0.9519330463384001, 0.02387907029269381, 1.4800774695764218, 1.0127427367470068]"
prism1,265,/home/humanoid/Programs/hand/results/phase1/run_20260413_pollard_multiscene_500_run3/prism1/generated_mjcf/scene_prism1_tp0d0104p0d0234p0d0093_ip0d0069n0d0004p0d0081_mp0d0154p0d0049p0d0096.xml,prism_y0d0250,True,0.02,4.0,0.45,0.4,1.0,1.0,6.880590823231556,0.05317492860690075,5.0,0.006169722960715089,0.4420676538690493,0.006865575701021112,0.0,1.0,1.0,1.0,1.0,1.0,1.0,0.0,0.021760269657560966,0.07785672028899217,0.010405971119882437,0.023402318434891774,0.009318597065959895,0.006870174315362881,-0.0003758602573515988,0.008054351980537874,0.01539809898290241,0.004941483542359303,0.009625898391971525,"[-0.024103448321711882, 1.2952516524678863, -1.1306679467142458, -0.2642269151809965, 1.4895605092355748, 0.9519330463384001, 0.02387907029269381, 1.4800774695764218, 1.0127427367470068]"
prism1,266,/home/humanoid/Programs/hand/results/phase1/run_20260413_pollard_multiscene_500_run3/prism1/generated_mjcf/scene_prism1_tp0d0080p0d0162p0d0000_in0d0002n0d0171p0d0000_mp0d0071p0d0218p0d0095.xml,prism_y0d0250,True,0.02,4.0,0.45,0.4,1.0,1.0,4.850079768848238,0.04775612167190402,4.0,0.008913675572728494,1.4355312708724943,0.0019270949379891725,0.004118443864150154,0.9861111111111112,0.8972222222222223,0.9861111111111112,0.6611111111111111,0.5583333333333333,0.6611111111111111,0.32500000000000007,0.08130768043949796,0.06298285402078396,0.008007112781741085,0.016238264649913087,0.0,-0.00016892381827874302,-0.01712363596371593,0.0,0.0070856367373131526,0.021809635629245268,0.009472099338838351,"[-0.024103448321711882, 1.2952516524678863, -1.1306679467142458, -0.2642269151809965, 1.4895605092355748, 0.9519330463384001, 0.02387907029269381, 1.4800774695764218, 1.0127427367470068]"
prism1,267,/home/humanoid/Programs/hand/results/phase1/run_20260413_pollard_multiscene_500_run3/prism1/generated_mjcf/scene_prism1_tn0d0019p0d0119p0d0097_ip0d0014n0d0097p0d0004_mp0d0076p0d0068p0d0027.xml,prism_y0d0250,True,0.02,4.0,0.45,0.4,1.0,1.0,7.235768980008142,0.04916330610930638,6.0,0.007499340855356321,0.1558042813951894,0.002361336758096282,0.0005872999245207927,1.0,1.0,1.0,1.0,1.0,1.0,0.0,0.004363859587056966,0.041995861335411944,-0.0019033786639038597,0.011918802303719365,0.009742141364256777,0.001446421396381646,-0.009701845637100453,0.0004247947514453253,0.007597777885475282,0.006785559441029652,0.0026801896733662112,"[-0.024103448321711882, 1.2952516524678863, -1.1306679467142458, -0.2642269151809965, 1.4895605092355748, 0.9519330463384001, 0.02387907029269381, 1.4800774695764218, 1.0127427367470068]"
prism1,268,/home/humanoid/Programs/hand/results/phase1/run_20260413_pollard_multiscene_500_run3/prism1/generated_mjcf/scene_prism1_tp0d0102p0d0138p0d0107_ip0d0106n0d0072p0d0004_mp0d0019p0d0053p0d0000.xml,prism_y0d0250,True,0.02,4.0,0.45,0.4,1.0,1.0,7.289630496105566,0.04941512522099288,6.0,0.005418392857914615,0.0780932283839294,0.000561102546616779,0.00022797984717680408,1.0,1.0,1.0,1.0,1.0,1.0,0.0,0.009778632977128908,0.002934220465630207,0.010192050973665118,0.013796870560345172,0.01073217435091527,0.010556599209052135,-0.0072346864002176565,0.00041095213145756447,0.001934188977885925,0.0052613143908337,0.0,"[-0.024103448321711882, 1.2952516524678863, -1.1306679467142458, -0.2642269151809965, 1.4895605092355748, 0.9519330463384001, 0.02387907029269381, 1.4800774695764218, 1.0127427367470068]"
prism1,269,/home/humanoid/Programs/hand/results/phase1/run_20260413_pollard_multiscene_500_run3/prism1/generated_mjcf/scene_prism1_tn0d0109p0d0188p0d0000_ip0d0152n0d0147p0d0000_mp0d0012p0d0206p0d0000.xml,prism_y0d0250,True,0.02,4.0,0.45,0.4,1.0,1.0,6.62990942647689,0.05047175113879232,5.0,0.005461828060711056,0.8089095271930353,0.009808797861735892,0.0,1.0,1.0,1.0,1.0,1.0,1.0,0.0,0.11970076402980871,0.051576453960478684,-0.010892479043909305,0.018761057623916402,0.0,0.015191856500809777,-0.0146572238066505,0.0,0.0012429278075790622,0.02056014077460063,0.0,"[-0.024103448321711882, 1.2952516524678863, -1.1306679467142458, -0.2642269151809965, 1.4895605092355748, 0.9519330463384001, 0.02387907029269381, 1.4800774695764218, 1.0127427367470068]"
prism1,271,/home/humanoid/Programs/hand/results/phase1/run_20260413_pollard_multiscene_500_run3/prism1/generated_mjcf/scene_prism1_tp0d0022p0d0300p0d0079_ip0d0201n0d0117p0d0000_mp0d0139p0d0232p0d0000.xml,prism_y0d0250,True,0.02,4.0,0.45,0.4,1.0,1.0,5.508752120535048,0.05176059025572182,4.0,0.006833057057557729,0.23388528610592835,0.005352697715545961,1.552940393141633e-05,1.0,1.0,1.0,0.7333333333333333,0.7333333333333333,0.7333333333333333,0.2666666666666667,0.033683538893804786,0.056267106699903834,0.002245291327922347,0.03,0.007914847084908486,0.020077243035357552,-0.01173371425264643,0.0,0.013901697245508137,0.023176085596049063,0.0,"[-0.024103448321711882, 1.2952516524678863, -1.1306679467142458, -0.2642269151809965, 1.4895605092355748, 0.9519330463384001, 0.02387907029269381, 1.4800774695764218, 1.0127427367470068]"
prism1,272,/home/humanoid/Programs/hand/results/phase1/run_20260413_pollard_multiscene_500_run3/prism1/generated_mjcf/scene_prism1_tn0d0009p0d0148p0d0000_ip0d0185n0d0080p0d0009_mp0d0179p0d0092p0d0042.xml,prism_y0d0250,True,0.02,4.0,0.45,0.4,1.0,1.0,6.921912803108527,0.054062297090004194,6.0,0.005466974342396434,0.07928621337271674,0.017348108328363115,0.0,1.0,1.0,0.9277777777777778,1.0,0.9277777777777778,0.9277777777777778,0.07222222222222219,0.12369351091204506,0.11931710693738994,-0.0009488846215536303,0.014802931966176474,0.0,0.01846619001000817,-0.008015341938986174,0.0008936013470664285,0.01788502974286396,0.009203218882619397,0.0041798237366650025,"[-0.024103448321711882, 1.2952516524678863, -1.1306679467142458, -0.2642269151809965, 1.4895605092355748, 0.9519330463384001, 0.02387907029269381, 1.4800774695764218, 1.0127427367470068]"
prism1,274,/home/humanoid/Programs/hand/results/phase1/run_20260413_pollard_multiscene_500_run3/prism1/generated_mjcf/scene_prism1_tn0d0019p0d0292p0d0078_ip0d0164n0d0156p0d0069_mp0d0127p0d0262p0d0000.xml,prism_y0d0250,True,0.02,4.0,0.45,0.4,1.0,1.0,7.290673059154066,0.05013309746220976,6.0,0.0071516697646215694,0.04556924548188146,0.0004997556057365157,0.00038160033247447434,1.0,1.0,1.0,1.0,1.0,1.0,0.0,0.015776262541226216,0.03898525101282104,-0.001916376052160879,0.029220051372745175,0.007795485310387259,0.016412015641354603,-0.015575520612575037,0.006911623253098489,0.012731054858623922,0.026173867771679467,0.0,"[-0.024103448321711882, 1.2952516524678863, -1.1306679467142458, -0.2642269151809965, 1.4895605092355748, 0.9519330463384001, 0.02387907029269381, 1.4800774695764218, 1.0127427367470068]"
prism1,275,/home/humanoid/Programs/hand/results/phase1/run_20260413_pollard_multiscene_500_run3/prism1/generated_mjcf/scene_prism1_tp0d0071p0d0185p0d0000_in0d0012n0d0020p0d0000_mp0d0187p0d0125p0d0095.xml,prism_y0d0250,True,0.02,4.0,0.45,0.4,1.0,1.0,6.807217070917042,0.05016654555383502,5.0,0.00802460682346832,0.287639251947496,0.005824199533212222,0.0006368479950579764,1.0,1.0,1.0,1.0,1.0,1.0,0.0,0.02514139310260578,0.04337631157109595,0.007096762773567841,0.018535196712838996,0.0,-0.0012487005109433433,-0.0020060342785642327,0.0,0.018711648686793855,0.012456268016773565,0.009485944431065776,"[-0.024103448321711882, 1.2952516524678863, -1.1306679467142458, -0.2642269151809965, 1.4895605092355748, 0.9519330463384001, 0.02387907029269381, 1.4800774695764218, 1.0127427367470068]"
prism1,276,/home/humanoid/Programs/hand/results/phase1/run_20260413_pollard_multiscene_500_run3/prism1/generated_mjcf/scene_prism1_tn0d0045p0d0240p0d0000_ip0d0060n0d0088p0d0066_mp0d0014p0d0053p0d0000.xml,prism_y0d0250,True,0.02,4.0,0.45,0.4,1.0,1.0,7.249992984693411,0.04990525855948627,6.0,0.007158054587370723,0.19688458521546634,0.001902756572933543,0.0009500860842775183,1.0,1.0,1.0,1.0,1.0,1.0,0.0,0.010167647836170876,0.03971409529289407,-0.004471530539230569,0.02395252102903216,0.0,0.006041774072952371,-0.008778636947116529,0.006612827788071422,0.0013904042544706126,0.005326566761932524,0.0,"[-0.024103448321711882, 1.2952516524678863, -1.1306679467142458, -0.2642269151809965, 1.4895605092355748, 0.9519330463384001, 0.02387907029269381, 1.4800774695764218, 1.0127427367470068]"
prism1,277,/home/humanoid/Programs/hand/results/phase1/run_20260413_pollard_multiscene_500_run3/prism1/generated_mjcf/scene_prism1_tn0d0085p0d0138p0d0102_ip0d0198n0d0095p0d0098_mp0d0050p0d0056p0d0000.xml,prism_y0d0250,True,0.02,4.0,0.45,0.4,1.0,1.0,6.763778223642565,0.05395658908356565,5.0,0.00565262102859633,0.38102702166955416,0.013300300296593674,0.0,1.0,1.0,1.0,1.0,1.0,1.0,0.0,0.14410167404692478,0.06467924629623999,-0.00849020040187634,0.013832043402543716,0.010161341910743568,0.019754372950554135,-0.009469899963966253,0.009754122039431785,0.005023702370497475,0.005560181100361002,0.0,"[-0.024103448321711882, 1.2952516524678863, -1.1306679467142458, -0.2642269151809965, 1.4895605092355748, 0.9519330463384001, 0.02387907029269381, 1.4800774695764218, 1.0127427367470068]"
prism1,280,/home/humanoid/Programs/hand/results/phase1/run_20260413_pollard_multiscene_500_run3/prism1/generated_mjcf/scene_prism1_tn0d0078p0d0260p0d0040_ip0d0170n0d0060p0d0000_mp0d0039p0d0256p0d0009.xml,prism_y0d0250,True,0.02,4.0,0.45,0.4,1.0,1.0,6.572286517926425,0.05029182854954871,5.0,0.005519231567271768,1.532088823271132,0.006054885753285573,0.0,1.0,1.0,1.0,1.0,1.0,1.0,0.0,0.09396284684817442,0.0335670666293571,-0.007815997886244007,0.026014632824952713,0.003963593641860802,0.01697867174625963,-0.006016436256747587,0.0,0.0039335958645995905,0.025588962022507003,0.0008507281091946969,"[-0.024103448321711882, 1.2952516524678863, -1.1306679467142458, -0.2642269151809965, 1.4895605092355748, 0.9519330463384001, 0.02387907029269381, 1.4800774695764218, 1.0127427367470068]"
prism1,281,/home/humanoid/Programs/hand/results/phase1/run_20260413_pollard_multiscene_500_run3/prism1/generated_mjcf/scene_prism1_tp0d0049p0d0300p0d0102_ip0d0202n0d0145p0d0009_mn0d0004p0d0044p0d0008.xml,prism_y0d0250,True,0.02,4.0,0.45,0.4,1.0,1.0,7.271746042658732,0.04979829587176265,6.0,0.007993381574024445,0.11933326960339104,0.0016912009232936838,0.0005268096748261841,1.0,1.0,1.0,1.0,1.0,1.0,0.0,0.005757018237153288,0.030163238779149226,0.0048956966144989775,0.03,0.01024569696703537,0.02024412345182712,-0.01445113637154469,0.0008572589896428326,-0.00038753717582618377,0.004445373004833839,0.0008281454690186804,"[-0.024103448321711882, 1.2952516524678863, -1.1306679467142458, -0.2642269151809965, 1.4895605092355748, 0.9519330463384001, 0.02387907029269381, 1.4800774695764218, 1.0127427367470068]"
prism1,285,/home/humanoid/Programs/hand/results/phase1/run_20260413_pollard_multiscene_500_run3/prism1/generated_mjcf/scene_prism1_tn0d0084p0d0191p0d0000_ip0d0129n0d0082p0d0000_mp0d0028p0d0260p0d0000.xml,prism_y0d0250,True,0.02,4.0,0.45,0.4,1.0,1.0,7.130967815182316,0.049835820477749794,7.0,0.005933424782335487,2.9664964706753514,0.007132587002245326,0.0,1.0,1.0,1.0,1.0,1.0,1.0,0.0,0.09195142904902383,0.043395260620912514,-0.008405726046085821,0.019073435037175346,0.0,0.012935896814125858,-0.00815431003527776,0.0,0.0027588733677943976,0.025973744589380045,0.0,"[-0.024103448321711882, 1.2952516524678863, -1.1306679467142458, -0.2642269151809965, 1.4895605092355748, 0.9519330463384001, 0.02387907029269381, 1.4800774695764218, 1.0127427367470068]"
prism1,286,/home/humanoid/Programs/hand/results/phase1/run_20260413_pollard_multiscene_500_run3/prism1/generated_mjcf/scene_prism1_tn0d0090p0d0210p0d0000_ip0d0172n0d0077p0d0024_mn0d0016p0d0134p0d0013.xml,prism_y0d0250,True,0.02,4.0,0.45,0.4,1.0,1.0,7.188319460333216,0.05319648499024925,6.0,0.005526221943666795,0.5235534790172172,0.005931811463944784,0.0,1.0,1.0,1.0,1.0,1.0,1.0,0.0,0.1075748676260702,0.08161262435170791,-0.009001236509937414,0.02100112448579263,0.0,0.01721810354913557,-0.0077228019599049815,0.0023983580415141703,-0.0016289059240286,0.013441268146257172,0.0012518988941378137,"[-0.024103448321711882, 1.2952516524678863, -1.1306679467142458, -0.2642269151809965, 1.4895605092355748, 0.9519330463384001, 0.02387907029269381, 1.4800774695764218, 1.0127427367470068]"
prism1,287,/home/humanoid/Programs/hand/results/phase1/run_20260413_pollard_multiscene_500_run3/prism1/generated_mjcf/scene_prism1_tp0d0063p0d0162p0d0105_ip0d0087n0d0222p0d0000_mp0d0182p0d0078p0d0000.xml,prism_y0d0250,True,0.02,4.0,0.45,0.4,1.0,1.0,5.816506179098894,0.049724363931749026,6.0,0.005507976582818587,7.234994885724218,0.018212425655058605,0.0,1.0,1.0,1.0,0.9583333333333334,0.9583333333333334,0.9583333333333334,0.04166666666666663,0.14236215496720542,0.051889327180988154,0.00633181775487205,0.016181871156262087,0.010455111243500573,0.008714684321061249,-0.022231677971918745,0.0,0.018187127618197026,0.007814269022686898,0.0,"[-0.024103448321711882, 1.2952516524678863, -1.1306679467142458, -0.2642269151809965, 1.4895605092355748, 0.9519330463384001, 0.02387907029269381, 1.4800774695764218, 1.0127427367470068]"
prism1,289,/home/humanoid/Programs/hand/results/phase1/run_20260413_pollard_multiscene_500_run3/prism1/generated_mjcf/scene_prism1_tn0d0039p0d0085p0d0000_ip0d0189n0d0223p0d0000_mp0d0199p0d0232p0d0057.xml,prism_y0d0250,True,0.02,4.0,0.45,0.4,1.0,1.0,6.121328015132157,0.04936888305108158,4.0,0.007474267631304602,0.7028166211067013,0.006237395408681441,8.641239825830926e-05,1.0,1.0,0.9388888888888889,1.0,0.9388888888888889,0.9388888888888889,0.061111111111111116,0.02034737637436186,0.014806331243066795,-0.003870887941646299,0.008510068425696645,2.147707110125921e-05,0.01885922406736481,-0.022279129763833748,0.0,0.01991354447765125,0.02322728882972728,0.005719401483067134,"[-0.024103448321711882, 1.2952516524678863, -1.1306679467142458, -0.2642269151809965, 1.4895605092355748, 0.9519330463384001, 0.02387907029269381, 1.4800774695764218, 1.0127427367470068]"
prism1,290,/home/humanoid/Programs/hand/results/phase1/run_20260413_pollard_multiscene_500_run3/prism1/generated_mjcf/scene_prism1_tp0d0051p0d0082p0d0000_ip0d0193n0d0070p0d0000_mp0d0115p0d0182p0d0087.xml,prism_y0d0250,True,0.02,4.0,0.45,0.4,1.0,1.0,5.172649778063854,0.043288815024929386,5.0,0.00816439302363443,2.6857076083223492,0.010840961028367483,0.0036866415828637894,1.0,1.0,0.7333333333333333,1.0,0.7333333333333333,0.7333333333333333,0.2666666666666667,0.0382116719105448,0.031553366875875156,0.005055008645931079,0.008185205435119115,0.0,0.01934739605709703,-0.006966878221227218,0.0,0.011454308082746533,0.01816028704682608,0.00872756449685435,"[-0.024103448321711882, 1.2952516524678863, -1.1306679467142458, -0.2642269151809965, 1.4895605092355748, 0.9519330463384001, 0.02387907029269381, 1.4800774695764218, 1.0127427367470068]"
prism1,294,/home/humanoid/Programs/hand/results/phase1/run_20260413_pollard_multiscene_500_run3/prism1/generated_mjcf/scene_prism1_tn0d0035p0d0255p0d0092_ip0d0220n0d0182p0d0069_mp0d0073p0d0049p0d0000.xml,prism_y0d0250,True,0.02,4.0,0.45,0.4,1.0,1.0,7.281874072428805,0.049698080281801296,6.0,0.007883447559564894,0.06401430876768856,0.0018587396351474022,0.0004049261783205804,1.0,1.0,1.0,1.0,1.0,1.0,0.0,0.004908982607175367,0.022538322884102107,-0.00351831237667977,0.025495617737661246,0.009156647508028078,0.021974611422218154,-0.01821873944673156,0.006935634176224802,0.007288732641296144,0.00493313314308352,0.0,"[-0.024103448321711882, 1.2952516524678863, -1.1306679467142458, -0.2642269151809965, 1.4895605092355748, 0.9519330463384001, 0.02387907029269381, 1.4800774695764218, 1.0127427367470068]"
prism1,295,/home/humanoid/Programs/hand/results/phase1/run_20260413_pollard_multiscene_500_run3/prism1/generated_mjcf/scene_prism1_tn0d0082p0d0253p0d0011_ip0d0016n0d0098p0d0000_mp0d0117p0d0116p0d0062.xml,prism_y0d0250,True,0.02,4.0,0.45,0.4,1.0,1.0,5.876882811336901,0.05108391419259111,6.0,0.005420566631858882,1.148649615378774,0.010131472927158061,0.0,1.0,1.0,1.0,0.7083333333333334,0.7083333333333334,0.7083333333333334,0.29166666666666663,0.18152862427370156,0.07119629599320987,-0.008178759147431179,0.025331847446003544,0.001087236685787342,0.0016476684369086982,-0.009787920706200234,0.0,0.011729520074112366,0.011553854061680871,0.006205224653234687,"[-0.024103448321711882, 1.2952516524678863, -1.1306679467142458, -0.2642269151809965, 1.4895605092355748, 0.9519330463384001, 0.02387907029269381, 1.4800774695764218, 1.0127427367470068]"
prism1,298,/home/humanoid/Programs/hand/results/phase1/run_20260413_pollard_multiscene_500_run3/prism1/generated_mjcf/scene_prism1_tn0d0092p0d0267p0d0005_ip0d0126n0d0147p0d0000_mp0d0023p0d0230p0d0000.xml,prism_y0d0250,True,0.02,4.0,0.45,0.4,1.0,1.0,6.927788462856271,0.052766707321375124,5.0,0.006139811845332704,0.09939136937067881,0.0025162084514671022,0.00021804369531799872,1.0,1.0,1.0,1.0,1.0,1.0,0.0,0.04138407174004633,0.06552023500585173,-0.009185210927350775,0.0267390675875718,0.0005237638250960661,0.012588960759808959,-0.014729614321042037,0.0,0.0022573238581196304,0.022973699460279016,0.0,"[-0.024103448321711882, 1.2952516524678863, -1.1306679467142458, -0.2642269151809965, 1.4895605092355748, 0.9519330463384001, 0.02387907029269381, 1.4800774695764218, 1.0127427367470068]"
prism1,300,/home/humanoid/Programs/hand/results/phase1/run_20260413_pollard_multiscene_500_run3/prism1/generated_mjcf/scene_prism1_tp0d0094p0d0142p0d0000_ip0d0056n0d0181p0d0000_mp0d0037p0d0114p0d0014.xml,prism_y0d0250,True,0.02,4.0,0.45,0.4,1.0,1.0,7.273156692182869,0.04962205095239468,6.0,0.005254030220220924,0.1762462159416603,0.001005678021406473,0.00023214043964916997,1.0,1.0,1.0,1.0,1.0,1.0,0.0,0.01563694760418367,0.0044267946216814775,0.009431031573822978,0.014164555004429542,0.0,0.00556078548670369,-0.018113495420479627,0.0,0.0036790674553866948,0.011413671818710076,0.0013515823514384066,"[-0.024103448321711882, 1.2952516524678863, -1.1306679467142458, -0.2642269151809965, 1.4895605092355748, 0.9519330463384001, 0.02387907029269381, 1.4800774695764218, 1.0127427367470068]"
prism1,304,/home/humanoid/Programs/hand/results/phase1/run_20260413_pollard_multiscene_500_run3/prism1/generated_mjcf/scene_prism1_tn0d0073p0d0099p0d0109_ip0d0024n0d0168p0d0000_mp0d0176p0d0104p0d0000.xml,prism_y0d0250,True,0.02,4.0,0.45,0.4,1.0,1.0,7.279225257289102,0.04949166682168177,6.0,0.007157677677358425,0.05819964340114368,0.0006336238618339788,0.0007626351224516437,1.0,1.0,1.0,1.0,1.0,1.0,0.0,0.004253743590995965,0.025461342746902055,-0.007345071008401084,0.009886281658711714,0.010869095264022344,0.0023958161156247305,-0.016778462015203797,0.0,0.017608854890141502,0.010419729150589387,0.0,"[-0.024103448321711882, 1.2952516524678863, -1.1306679467142458, -0.2642269151809965, 1.4895605092355748, 0.9519330463384001, 0.02387907029269381, 1.4800774695764218, 1.0127427367470068]"
prism1,306,/home/humanoid/Programs/hand/results/phase1/run_20260413_pollard_multiscene_500_run3/prism1/generated_mjcf/scene_prism1_tn0d0079p0d0113p0d0032_ip0d0083n0d0113p0d0028_mp0d0048p0d0150p0d0082.xml,prism_y0d0250,True,0.02,4.0,0.45,0.4,1.0,1.0,5.28531666294691,0.04937827801755788,4.0,0.008139874107515902,0.23651316739749265,0.0033391381781124477,0.00041916074576946183,1.0,1.0,0.6833333333333333,1.0,0.6833333333333333,0.6833333333333333,0.31666666666666665,0.010386986866865478,0.03142919891637382,-0.007949520028345206,0.011271730882256381,0.0032166078755245537,0.008321369537602857,-0.011341325591897251,0.002798662953598284,0.004750780215009746,0.015028930993629836,0.008184510983442563,"[-0.024103448321711882, 1.2952516524678863, -1.1306679467142458, -0.2642269151809965, 1.4895605092355748, 0.9519330463384001, 0.02387907029269381, 1.4800774695764218, 1.0127427367470068]"
prism1,307,/home/humanoid/Programs/hand/results/phase1/run_20260413_pollard_multiscene_500_run3/prism1/generated_mjcf/scene_prism1_tn0d0098p0d0217p0d0079_in0d0015n0d0071p0d0000_mp0d0060p0d0034p0d0000.xml,prism_y0d0250,True,0.02,4.0,0.45,0.4,1.0,1.0,4.913714180576281,0.05218458187151781,5.0,0.005667093324703512,0.3458029747103597,0.015614048891022924,0.0,1.0,1.0,1.0,0.5138888888888888,0.5138888888888888,0.5138888888888888,0.48611111111111116,0.16255943998291875,0.08659563748365116,-0.009827285635849593,0.02170943168948314,0.007877523590710374,-0.0015025136139426767,-0.007128947369585482,0.0,0.005975776518227791,0.0033902886812089104,0.0,"[-0.024103448321711882, 1.2952516524678863, -1.1306679467142458, -0.2642269151809965, 1.4895605092355748, 0.9519330463384001, 0.02387907029269381, 1.4800774695764218, 1.0127427367470068]"
prism1,309,/home/humanoid/Programs/hand/results/phase1/run_20260413_pollard_multiscene_500_run3/prism1/generated_mjcf/scene_prism1_tp0d0006p0d0156p0d0043_ip0d0170n0d0032p0d0000_mn0d0016p0d0098p0d0000.xml,prism_y0d0250,True,0.02,4.0,0.45,0.4,1.0,1.0,7.299077729580466,0.04969881462178794,6.0,0.005459280050512281,0.0770914567612875,0.0005281364757437538,0.0003084812119812652,1.0,1.0,1.0,1.0,1.0,1.0,0.0,0.009787576747264803,0.002480666842785584,0.0006324874825023377,0.015565669750556,0.004280500788737374,0.01702967036535663,-0.003212690244973523,0.0,-0.0015568809700233412,0.009816366677282138,0.0,"[-0.024103448321711882, 1.2952516524678863, -1.1306679467142458, -0.2642269151809965, 1.4895605092355748, 0.9519330463384001, 0.02387907029269381, 1.4800774695764218, 1.0127427367470068]"
prism1,311,/home/humanoid/Programs/hand/results/phase1/run_20260413_pollard_multiscene_500_run3/prism1/generated_mjcf/scene_prism1_tp0d0077p0d0213p0d0000_ip0d0067n0d0177p0d0000_mp0d0136p0d0232p0d0066.xml,prism_y0d0250,True,0.02,4.0,0.45,0.4,1.0,1.0,7.058442567282626,0.05426583276760435,6.0,0.005496318345677781,0.6854732900767042,0.021749757673504705,0.0007290320332206529,1.0,1.0,1.0,1.0,1.0,1.0,0.0,0.11163853626540561,0.15232496535116835,0.007722806132150154,0.0212672107537325,0.0,0.006708439125286188,-0.01768278883160991,0.0,0.013597774653776856,0.02318175674415248,0.006585795630331487,"[-0.024103448321711882, 1.2952516524678863, -1.1306679467142458, -0.2642269151809965, 1.4895605092355748, 0.9519330463384001, 0.02387907029269381, 1.4800774695764218, 1.0127427367470068]"
prism1,312,/home/humanoid/Programs/hand/results/phase1/run_20260413_pollard_multiscene_500_run3/prism1/generated_mjcf/scene_prism1_tn0d0047p0d0189p0d0000_ip0d0068n0d0135p0d0117_mn0d0001p0d0131p0d0100.xml,prism_y0d0250,True,0.02,4.0,0.45,0.4,1.0,1.0,6.507304823610085,0.05050504284684467,5.0,0.005216673104019874,1.124574631553936,0.012794661266745798,0.0,1.0,1.0,1.0,1.0,1.0,1.0,0.0,0.16706758849018855,0.07483315799537067,-0.004651619836714396,0.01889458981639476,0.0,0.006801718080759659,-0.013513747501689115,0.011741231741499061,-6.2609699756749e-05,0.013108661014776889,0.009980013606161506,"[-0.024103448321711882, 1.2952516524678863, -1.1306679467142458, -0.2642269151809965, 1.4895605092355748, 0.9519330463384001, 0.02387907029269381, 1.4800774695764218, 1.0127427367470068]"
prism1,313,/home/humanoid/Programs/hand/results/phase1/run_20260413_pollard_multiscene_500_run3/prism1/generated_mjcf/scene_prism1_tp0d0019p0d0166p0d0062_ip0d0215n0d0063p0d0099_mp0d0115p0d0105p0d0000.xml,prism_y0d0250,True,0.02,4.0,0.45,0.4,1.0,1.0,6.87742952044541,0.04968139889084043,5.0,0.005475395050720421,0.13278984723303253,0.0014376253312934648,7.704681089897025e-05,1.0,1.0,1.0,1.0,1.0,1.0,0.0,0.01940801173113089,0.0031836961958622476,0.00188150996737463,0.016611986811592466,0.006167499459807459,0.021545797553132913,-0.0062979771976450025,0.009870655241977857,0.011538791927578068,0.010523092295829746,0.0,"[-0.024103448321711882, 1.2952516524678863, -1.1306679467142458, -0.2642269151809965, 1.4895605092355748, 0.9519330463384001, 0.02387907029269381, 1.4800774695764218, 1.0127427367470068]"
prism1,316,/home/humanoid/Programs/hand/results/phase1/run_20260413_pollard_multiscene_500_run3/prism1/generated_mjcf/scene_prism1_tn0d0115p0d0253p0d0117_ip0d0184n0d0124p0d0051_mp0d0057p0d0116p0d0000.xml,prism_y0d0250,True,0.02,4.0,0.45,0.4,1.0,1.0,7.304725071624209,0.0506725997954046,6.0,0.006853664726851641,0.11853764654602768,0.0011831349911991958,0.0,1.0,1.0,1.0,1.0,1.0,1.0,0.0,0.015793778001464392,0.02887071366136786,-0.01153915658107725,0.02525757396028391,0.011696646168133377,0.01838982063075531,-0.012416862666044394,0.0051363310784403,0.005702156030744071,0.011579754501194703,0.0,"[-0.024103448321711882, 1.2952516524678863, -1.1306679467142458, -0.2642269151809965, 1.4895605092355748, 0.9519330463384001, 0.02387907029269381, 1.4800774695764218, 1.0127427367470068]"
prism1,319,/home/humanoid/Programs/hand/results/phase1/run_20260413_pollard_multiscene_500_run3/prism1/generated_mjcf/scene_prism1_tn0d0114p0d0278p0d0076_ip0d0136n0d0104p0d0110_mp0d0075p0d0127p0d0000.xml,prism_y0d0250,True,0.02,4.0,0.45,0.4,1.0,1.0,7.296488968202617,0.04995109118823354,6.0,0.00727767404001316,0.022762594739162843,0.0017443694188162297,0.00020603853326324473,1.0,1.0,1.0,1.0,1.0,1.0,0.0,0.009292329030229645,0.023196956304738336,-0.011445896831030486,0.027757158118331206,0.007576657359126732,0.013615579827387526,-0.010422462196609672,0.010966467574557982,0.007487582063668523,0.012685536033825195,0.0,"[-0.024103448321711882, 1.2952516524678863, -1.1306679467142458, -0.2642269151809965, 1.4895605092355748, 0.9519330463384001, 0.02387907029269381, 1.4800774695764218, 1.0127427367470068]"
prism1,321,/home/humanoid/Programs/hand/results/phase1/run_20260413_pollard_multiscene_500_run3/prism1/generated_mjcf/scene_prism1_tn0d0013p0d0117p0d0118_ip0d0074n0d0123p0d0090_mp0d0150p0d0145p0d0087.xml,prism_y0d0250,True,0.02,4.0,0.45,0.4,1.0,1.0,6.188441454544802,0.04982156085662061,4.0,0.007945620225434737,0.22243715470972092,0.0006319969154893315,4.893902618331725e-05,1.0,1.0,0.9222222222222223,1.0,0.9222222222222223,0.9222222222222223,0.07777777777777772,0.006904797904345635,0.029544628136219886,-0.001308658303988297,0.011653899807619073,0.011821212937761724,0.007362602192389317,-0.012304450227773395,0.008964639002801485,0.015002142222784778,0.014468169728742031,0.008710735090992145,"[-0.024103448321711882, 1.2952516524678863, -1.1306679467142458, -0.2642269151809965, 1.4895605092355748, 0.9519330463384001, 0.02387907029269381, 1.4800774695764218, 1.0127427367470068]"
prism1,323,/home/humanoid/Programs/hand/results/phase1/run_20260413_pollard_multiscene_500_run3/prism1/generated_mjcf/scene_prism1_tp0d0081p0d0269p0d0000_ip0d0112n0d0055p0d0000_mp0d0096p0d0212p0d0087.xml,prism_y0d0250,True,0.02,4.0,0.45,0.4,1.0,1.0,6.83985891378756,0.0492623225347617,5.0,0.005369614342468389,0.18061984832395886,0.0016118775809805972,0.0,1.0,1.0,1.0,1.0,1.0,1.0,0.0,0.03400662100893657,0.0056245650014993265,0.00813622723758739,0.02693502410071081,0.0,0.01122972183519072,-0.005485220463176647,0.0,0.009644899104903461,0.021191839480777783,0.008677349853667724,"[-0.024103448321711882, 1.2952516524678863, -1.1306679467142458, -0.2642269151809965, 1.4895605092355748, 0.9519330463384001, 0.02387907029269381, 1.4800774695764218, 1.0127427367470068]"
prism1,325,/home/humanoid/Programs/hand/results/phase1/run_20260413_pollard_multiscene_500_run3/prism1/generated_mjcf/scene_prism1_tn0d0079p0d0285p0d0000_ip0d0173n0d0097p0d0000_mp0d0081p0d0227p0d0089.xml,prism_y0d0250,True,0.02,4.0,0.45,0.4,1.0,1.0,6.854898102616025,0.05322260280744903,5.0,0.005457568748152669,0.17329163718756999,0.006760090068921495,0.0,1.0,1.0,1.0,1.0,1.0,1.0,0.0,0.10114733743216009,0.058552469449123255,-0.007900998183171592,0.028461975548615688,0.0,0.0173396267945565,-0.009702377578495812,0.0,0.008072663714616258,0.022662028751065037,0.00888291847390046,"[-0.024103448321711882, 1.2952516524678863, -1.1306679467142458, -0.2642269151809965, 1.4895605092355748, 0.9519330463384001, 0.02387907029269381, 1.4800774695764218, 1.0127427367470068]"
prism1,327,/home/humanoid/Programs/hand/results/phase1/run_20260413_pollard_multiscene_500_run3/prism1/generated_mjcf/scene_prism1_tn0d0096p0d0188p0d0000_ip0d0218n0d0222p0d0007_mp0d0033p0d0200p0d0000.xml,prism_y0d0250,True,0.02,4.0,0.45,0.4,1.0,1.0,7.253829048431759,0.05098489827123219,6.0,0.006090355460431268,0.12111449729985578,0.0019203135528784983,0.00019664389043987096,1.0,1.0,1.0,1.0,1.0,1.0,0.0,0.051870840513621,0.06908411405871238,-0.009595366623260122,0.01878011746178313,0.0,0.021818345211544216,-0.022176840567284622,0.0006623215727734454,0.003348031358619709,0.0199913049273912,0.0,"[-0.024103448321711882, 1.2952516524678863, -1.1306679467142458, -0.2642269151809965, 1.4895605092355748, 0.9519330463384001, 0.02387907029269381, 1.4800774695764218, 1.0127427367470068]"
prism1,329,/home/humanoid/Programs/hand/results/phase1/run_20260413_pollard_multiscene_500_run3/prism1/generated_mjcf/scene_prism1_tn0d0072p0d0089p0d0015_ip0d0167n0d0198p0d0102_mp0d0062p0d0160p0d0032.xml,prism_y0d0250,True,0.02,4.0,0.45,0.4,1.0,1.0,4.457792495138885,0.05007402414056612,4.0,0.010381360009400199,0.36324795616026323,0.007804714134916667,0.0008508543704554283,0.9638888888888889,0.9638888888888889,0.49166666666666664,1.0,0.49166666666666664,0.49166666666666664,0.5083333333333333,0.08359322057377368,0.0400555792409231,-0.0071564242006762905,0.00892790557378054,0.001520985217539749,0.016732199478996186,-0.019760480751055125,0.010155262375305212,0.0062015232466851675,0.01602870792153597,0.003191581378922779,"[-0.024103448321711882, 1.2952516524678863, -1.1306679467142458, -0.2642269151809965, 1.4895605092355748, 0.9519330463384001, 0.02387907029269381, 1.4800774695764218, 1.0127427367470068]"
prism1,330,/home/humanoid/Programs/hand/results/phase1/run_20260413_pollard_multiscene_500_run3/prism1/generated_mjcf/scene_prism1_tp0d0012p0d0220p0d0000_ip0d0100n0d0063p0d0000_mp0d0203p0d0048p0d0067.xml,prism_y0d0250,True,0.02,4.0,0.45,0.4,1.0,1.0,6.9654939963244065,0.04980744479015123,6.0,0.005395940274562833,1.3832621363067121,0.007818805776165252,0.0,1.0,1.0,1.0,1.0,1.0,1.0,0.0,0.098708196477881,0.02772867840176459,0.0011619052935394787,0.02198154952224422,0.0,0.010006750836922313,-0.00630390758965616,0.0,0.020289449585461555,0.00482267330029755,0.0067198073775174595,"[-0.024103448321711882, 1.2952516524678863, -1.1306679467142458, -0.2642269151809965, 1.4895605092355748, 0.9519330463384001, 0.02387907029269381, 1.4800774695764218, 1.0127427367470068]"
prism1,331,/home/humanoid/Programs/hand/results/phase1/run_20260413_pollard_multiscene_500_run3/prism1/generated_mjcf/scene_prism1_tn0d0027p0d0150p0d0084_ip0d0177n0d0097p0d0000_mp0d0170p0d0069p0d0000.xml,prism_y0d0250,True,0.02,4.0,0.45,0.4,1.0,1.0,6.892568775746122,0.049534194340956086,5.0,0.005474810767341783,0.0890583191556655,0.000503828259724152,0.0002845282511899083,1.0,1.0,1.0,1.0,1.0,1.0,0.0,0.00923169969208797,0.0023012970291898527,-0.002713056137300246,0.015047473530995125,0.008388906810753879,0.017701611177966994,-0.009731410258570987,0.0,0.016950502084496825,0.006916460763485068,0.0,"[-0.024103448321711882, 1.2952516524678863, -1.1306679467142458, -0.2642269151809965, 1.4895605092355748, 0.9519330463384001, 0.02387907029269381, 1.4800774695764218, 1.0127427367470068]"
prism1,332,/home/humanoid/Programs/hand/results/phase1/run_20260413_pollard_multiscene_500_run3/prism1/generated_mjcf/scene_prism1_tn0d0019p0d0118p0d0000_ip0d0068n0d0209p0d0000_mp0d0212p0d0050p0d0000.xml,prism_y0d0250,True,0.02,4.0,0.45,0.4,1.0,1.0,6.548887293889654,0.049019478858131495,5.0,0.005422769016459759,0.6570624301532508,0.013651424941371086,0.0,1.0,1.0,1.0,1.0,1.0,1.0,0.0,0.12849859515229836,0.09396483757703404,-0.001889452119322092,0.01181647096069391,0.0,0.006823353134024076,-0.02085869245877052,0.0,0.02117244026049945,0.004950164100262918,0.0,"[-0.024103448321711882, 1.2952516524678863, -1.1306679467142458, -0.2642269151809965, 1.4895605092355748, 0.9519330463384001, 0.02387907029269381, 1.4800774695764218, 1.0127427367470068]"
prism1,334,/home/humanoid/Programs/hand/results/phase1/run_20260413_pollard_multiscene_500_run3/prism1/generated_mjcf/scene_prism1_tn0d0114p0d0130p0d0000_ip0d0019n0d0052p0d0000_mp0d0091p0d0064p0d0066.xml,prism_y0d0250,True,0.02,4.0,0.45,0.4,1.0,1.0,7.309873102915621,0.050787856852204105,6.0,0.007244592358038956,0.12392653594203829,0.0035325763542212304,0.0,1.0,1.0,1.0,1.0,1.0,1.0,0.0,0.0006713874908970408,0.025513752375830867,-0.01140397248650568,0.012983670777011624,0.0,0.0019462550481140154,-0.005220710672423688,0.0,0.009057911829031907,0.006404210442186477,0.006624372677912969,"[-0.024103448321711882, 1.2952516524678863, -1.1306679467142458, -0.2642269151809965, 1.4895605092355748, 0.9519330463384001, 0.02387907029269381, 1.4800774695764218, 1.0127427367470068]"
prism1,336,/home/humanoid/Programs/hand/results/phase1/run_20260413_pollard_multiscene_500_run3/prism1/generated_mjcf/scene_prism1_tn0d0066p0d0208p0d0023_ip0d0030n0d0067p0d0010_mp0d0138p0d0142p0d0000.xml,prism_y0d0250,True,0.02,4.0,0.45,0.4,1.0,1.0,7.3345005067077755,0.05210091050144903,6.0,0.006437186626066189,0.10051999353706823,0.001555004414094074,0.00017251728515106646,1.0,1.0,1.0,1.0,1.0,1.0,0.0,0.024618448930346804,0.050120611447048914,-0.006642095641111072,0.02081411063117996,0.002308337593864543,0.0030298237844472537,-0.0067284737315375116,0.0010158043909346739,0.013761813687847584,0.014173649887952638,0.0,"[-0.024103448321711882, 1.2952516524678863, -1.1306679467142458, -0.2642269151809965, 1.4895605092355748, 0.9519330463384001, 0.02387907029269381, 1.4800774695764218, 1.0127427367470068]"
prism1,338,/home/humanoid/Programs/hand/results/phase1/run_20260413_pollard_multiscene_500_run3/prism1/generated_mjcf/scene_prism1_tn0d0050p0d0085p0d0056_ip0d0211n0d0028p0d0000_mp0d0091p0d0079p0d0000.xml,prism_y0d0250,True,0.02,4.0,0.45,0.4,1.0,1.0,5.040730049824282,0.05641570685518202,5.0,0.00702319268586165,1.463819254973702,0.020233339946983488,0.0,1.0,0.5277777777777778,1.0,1.0,0.5277777777777778,0.5277777777777778,0.4722222222222222,0.05547263235936897,0.04665548889608053,-0.005031818470075887,0.008502763393004273,0.00557479513561333,0.02107996123916827,-0.002824361587778884,0.0,0.009085392487968063,0.007881064450959579,0.0,"[-0.024103448321711882, 1.2952516524678863, -1.1306679467142458, -0.2642269151809965, 1.4895605092355748, 0.9519330463384001, 0.02387907029269381, 1.4800774695764218, 1.0127427367470068]"
prism1,339,/home/humanoid/Programs/hand/results/phase1/run_20260413_pollard_multiscene_500_run3/prism1/generated_mjcf/scene_prism1_tn0d0075p0d0268p0d0000_ip0d0212n0d0117p0d0017_mp0d0169p0d0196p0d0087.xml,prism_y0d0250,True,0.02,4.0,0.45,0.4,1.0,1.0,6.813399529429242,0.05137676274554776,5.0,0.005428876429533648,0.1494011053715617,0.0056297272885664955,0.0,1.0,1.0,1.0,1.0,1.0,1.0,0.0,0.09330099850798663,0.04887977152148504,-0.007505012447623186,0.026817010391516204,0.0,0.021180726780211788,-0.011701865470623995,0.0017297003294388935,0.01690814857663346,0.019635980232701793,0.008694664916698357,"[-0.024103448321711882, 1.2952516524678863, -1.1306679467142458, -0.2642269151809965, 1.4895605092355748, 0.9519330463384001, 0.02387907029269381, 1.4800774695764218, 1.0127427367470068]"
prism1,340,/home/humanoid/Programs/hand/results/phase1/run_20260413_pollard_multiscene_500_run3/prism1/generated_mjcf/scene_prism1_tn0d0089p0d0199p0d0011_ip0d0006n0d0067p0d0000_mp0d0129p0d0240p0d0050.xml,prism_y0d0250,True,0.02,4.0,0.45,0.4,1.0,1.0,6.695742978587865,0.04646142992195405,5.0,0.0077200266506015705,0.38455898581903003,0.002384832982570945,0.0014936682466127754,1.0,1.0,1.0,1.0,1.0,1.0,0.0,0.00712615119893623,0.03584799890550605,-0.008943930668215156,0.019893443515087306,0.0011394523105425092,0.0006194110623995754,-0.0067171175287213895,0.0,0.0128836743692138,0.024020869251295048,0.005002433427568752,"[-0.024103448321711882, 1.2952516524678863, -1.1306679467142458, -0.2642269151809965, 1.4895605092355748, 0.9519330463384001, 0.02387907029269381, 1.4800774695764218, 1.0127427367470068]"
prism1,341,/home/humanoid/Programs/hand/results/phase1/run_20260413_pollard_multiscene_500_run3/prism1/generated_mjcf/scene_prism1_tp0d0065p0d0150p0d0000_ip0d0202n0d0150p0d0000_mp0d0011p0d0194p0d0000.xml,prism_y0d0250,True,0.02,4.0,0.45,0.4,1.0,1.0,7.285118554739818,0.04929300747662558,6.0,0.0057275883446749505,0.04529433675512417,0.0006218473736726215,0.00022286656237216484,1.0,1.0,1.0,1.0,1.0,1.0,0.0,0.01283760733901212,0.0052885788198888855,0.006507212909486602,0.015027581047463462,0.0,0.020156862280520417,-0.01496351955724431,0.0,0.0011219360405519772,0.01935862038652124,0.0,"[-0.024103448321711882, 1.2952516524678863, -1.1306679467142458, -0.2642269151809965, 1.4895605092355748, 0.9519330463384001, 0.02387907029269381, 1.4800774695764218, 1.0127427367470068]"
prism1,343,/home/humanoid/Programs/hand/results/phase1/run_20260413_pollard_multiscene_500_run3/prism1/generated_mjcf/scene_prism1_tn0d0098p0d0106p0d0065_ip0d0095n0d0040p0d0000_mp0d0131p0d0097p0d0000.xml,prism_y0d0250,True,0.02,4.0,0.45,0.4,1.0,1.0,6.580664208421069,0.050884179965054024,5.0,0.007084183352053505,0.6653750431955934,0.014440475065797665,0.0,1.0,0.9805555555555555,1.0,1.0,0.9805555555555555,0.9805555555555555,0.019444444444444486,0.11383704643269654,0.0316551406897865,-0.009778413672119911,0.010568644417599148,0.0065004416383117325,0.00948534701199422,-0.003980168261011845,0.0,0.013100657311756773,0.00972194969587966,0.0,"[-0.024103448321711882, 1.2952516524678863, -1.1306679467142458, -0.2642269151809965, 1.4895605092355748, 0.9519330463384001, 0.02387907029269381, 1.4800774695764218, 1.0127427367470068]"
prism1,345,/home/humanoid/Programs/hand/results/phase1/run_20260413_pollard_multiscene_500_run3/prism1/generated_mjcf/scene_prism1_tn0d0013p0d0160p0d0000_ip0d0148n0d0240p0d0000_mp0d0116p0d0102p0d0000.xml,prism_y0d0250,True,0.02,4.0,0.45,0.4,1.0,1.0,6.750479609127003,0.051377071680250935,6.0,0.005608764129294078,1.3054252649147673,0.007450971147759244,0.0,1.0,1.0,1.0,0.925,0.925,0.925,0.07499999999999996,0.08174083029629792,0.08847984900624649,-0.0012615306168578533,0.015970756130802254,0.0,0.014786075546288061,-0.023980082850206946,0.0,0.01161430962842994,0.010241296432524284,0.0,"[-0.024103448321711882, 1.2952516524678863, -1.1306679467142458, -0.2642269151809965, 1.4895605092355748, 0.9519330463384001, 0.02387907029269381, 1.4800774695764218, 1.0127427367470068]"
prism1,349,/home/humanoid/Programs/hand/results/phase1/run_20260413_pollard_multiscene_500_run3/prism1/generated_mjcf/scene_prism1_tp0d0081p0d0226p0d0085_ip0d0211n0d0216p0d0000_mp0d0076p0d0121p0d0000.xml,prism_y0d0250,True,0.02,4.0,0.45,0.4,1.0,1.0,7.2011406032505105,0.050073480413679185,6.0,0.0069836837050165634,0.2666925133227266,0.004329916742901859,0.0008489553256172955,1.0,1.0,1.0,0.9972222222222222,0.9972222222222222,0.9972222222222222,0.002777777777777768,0.029422362666558798,0.04374127957688523,0.008073792792765176,0.022586335006661292,0.008547471202648944,0.021117014049145004,-0.021585046307989013,0.0,0.007602631380494447,0.012080451574431939,0.0,"[-0.024103448321711882, 1.2952516524678863, -1.1306679467142458, -0.2642269151809965, 1.4895605092355748, 0.9519330463384001, 0.02387907029269381, 1.4800774695764218, 1.0127427367470068]"
prism1,350,/home/humanoid/Programs/hand/results/phase1/run_20260413_pollard_multiscene_500_run3/prism1/generated_mjcf/scene_prism1_tp0d0050p0d0123p0d0049_ip0d0073n0d0116p0d0038_mp0d0136p0d0091p0d0000.xml,prism_y0d0250,True,0.02,4.0,0.45,0.4,1.0,1.0,4.586415898228578,0.04982967517299769,4.0,0.007776809334704181,0.03795528353877036,0.005007508696755511,0.001011209568143795,1.0,1.0,0.4861111111111111,1.0,0.4861111111111111,0.4861111111111111,0.5138888888888888,0.02072887325064504,0.04693476275442667,0.004973546412611628,0.012294721280264032,0.004905264142987729,0.007331516406347443,-0.011583437920894857,0.003754449056024657,0.013559791274911331,0.009078488971220607,0.0,"[-0.024103448321711882, 1.2952516524678863, -1.1306679467142458, -0.2642269151809965, 1.4895605092355748, 0.9519330463384001, 0.02387907029269381, 1.4800774695764218, 1.0127427367470068]"
prism1,351,/home/humanoid/Programs/hand/results/phase1/run_20260413_pollard_multiscene_500_run3/prism1/generated_mjcf/scene_prism1_tn0d0039p0d0300p0d0031_ip0d0059n0d0183p0d0000_mn0d0001p0d0228p0d0000.xml,prism_y0d0250,True,0.02,4.0,0.45,0.4,1.0,1.0,5.21020210496728,0.049191100386020606,4.0,0.008542812194634394,0.6744674518968966,0.002807873281871587,0.0016525566628469296,1.0,1.0,1.0,0.6944444444444444,0.6944444444444444,0.6944444444444444,0.3055555555555556,0.026430291783391836,0.0602449098817075,-0.0039166529420677654,0.03,0.0030983018076305748,0.005948787222563647,-0.01830520319058511,0.0,-8.798364502618158e-05,0.022791051162759063,0.0,"[-0.024103448321711882, 1.2952516524678863, -1.1306679467142458, -0.2642269151809965, 1.4895605092355748, 0.9519330463384001, 0.02387907029269381, 1.4800774695764218, 1.0127427367470068]"
prism1,352,/home/humanoid/Programs/hand/results/phase1/run_20260413_pollard_multiscene_500_run3/prism1/generated_mjcf/scene_prism1_tp0d0034p0d0300p0d0000_ip0d0204n0d0197p0d0092_mp0d0155p0d0230p0d0000.xml,prism_y0d0250,True,0.02,4.0,0.45,0.4,1.0,1.0,6.398428653170917,0.049130558309723196,4.0,0.00795061483491617,0.3170582870011929,0.0026293079347678976,0.0010874342353907468,1.0,1.0,1.0,1.0,1.0,1.0,0.0,0.010712056627206331,0.03628759977775908,0.003412975582055045,0.03,0.0,0.02042065736538831,-0.019749759999292973,0.009245880066049521,0.015487406880309437,0.023006546913343175,0.0,"[-0.024103448321711882, 1.2952516524678863, -1.1306679467142458, -0.2642269151809965, 1.4895605092355748, 0.9519330463384001, 0.02387907029269381, 1.4800774695764218, 1.0127427367470068]"
prism1,353,/home/humanoid/Programs/hand/results/phase1/run_20260413_pollard_multiscene_500_run3/prism1/generated_mjcf/scene_prism1_tn0d0050p0d0222p0d0028_ip0d0186n0d0214p0d0000_mp0d0034p0d0119p0d0000.xml,prism_y0d0250,True,0.02,4.0,0.45,0.4,1.0,1.0,7.284948425626744,0.050731982404540396,6.0,0.006700638846642656,0.12872590545964943,0.0013405984144140672,0.0002656895372363244,1.0,1.0,1.0,1.0,1.0,1.0,0.0,0.025953577416616257,0.041550705340000806,-0.005047223917157493,0.022200789717896637,0.0028366476511519825,0.018635731232781283,-0.021376923278164504,0.0,0.003401259195152824,0.011868629062635739,0.0,"[-0.024103448321711882, 1.2952516524678863, -1.1306679467142458, -0.2642269151809965, 1.4895605092355748, 0.9519330463384001, 0.02387907029269381, 1.4800774695764218, 1.0127427367470068]"
prism1,354,/home/humanoid/Programs/hand/results/phase1/run_20260413_pollard_multiscene_500_run3/prism1/generated_mjcf/scene_prism1_tn0d0091p0d0153p0d0119_ip0d0146n0d0101p0d0072_mp0d0135p0d0144p0d0004.xml,prism_y0d0250,True,0.02,4.0,0.45,0.4,1.0,1.0,5.590512421329142,0.053652229067548185,5.0,0.0057419121017552865,0.924403291393417,0.01258491999307919,0.0005288686409501003,1.0,1.0,0.6916666666666667,1.0,0.6916666666666667,0.6916666666666667,0.30833333333333335,0.10745761481851639,0.07571543930825742,-0.009122841531660764,0.015328829962151869,0.011877526740116384,0.014612756735501714,-0.010136883345936687,0.00720381312614379,0.013454718008685671,0.014437668626407232,0.0003923962344445347,"[-0.024103448321711882, 1.2952516524678863, -1.1306679467142458, -0.2642269151809965, 1.4895605092355748, 0.9519330463384001, 0.02387907029269381, 1.4800774695764218, 1.0127427367470068]"
prism1,355,/home/humanoid/Programs/hand/results/phase1/run_20260413_pollard_multiscene_500_run3/prism1/generated_mjcf/scene_prism1_tn0d0108p0d0258p0d0000_ip0d0180n0d0144p0d0044_mp0d0085p0d0070p0d0005.xml,prism_y0d0250,True,0.02,4.0,0.45,0.4,1.0,1.0,7.314725926695643,0.0508885181234862,6.0,0.006874138432297686,0.10155204027207214,0.0012542135291562092,0.0,1.0,1.0,1.0,1.0,1.0,1.0,0.0,0.013931480223729262,0.03186872664460385,-0.010837836256156828,0.02584706010196519,0.0,0.017996213602326824,-0.014394856503673016,0.004360530785069212,0.00846710719667944,0.0070305058966985655,0.0004610260596799032,"[-0.024103448321711882, 1.2952516524678863, -1.1306679467142458, -0.2642269151809965, 1.4895605092355748, 0.9519330463384001, 0.02387907029269381, 1.4800774695764218, 1.0127427367470068]"
prism1,357,/home/humanoid/Programs/hand/results/phase1/run_20260413_pollard_multiscene_500_run3/prism1/generated_mjcf/scene_prism1_tn0d0022p0d0202p0d0000_ip0d0190n0d0081p0d0000_mp0d0023p0d0160p0d0000.xml,prism_y0d0250,True,0.02,4.0,0.45,0.4,1.0,1.0,6.979147494026224,0.05041515046765163,6.0,0.00538822798733625,1.4216954404944586,0.007458320475394641,0.0,1.0,1.0,1.0,1.0,1.0,1.0,0.0,0.10050192898891147,0.03220029690292645,-0.0022114211001733417,0.02015239016423227,0.0,0.019037892298739346,-0.008147344233290962,0.0,0.0022584008568622242,0.01599825880223124,0.0,"[-0.024103448321711882, 1.2952516524678863, -1.1306679467142458, -0.2642269151809965, 1.4895605092355748, 0.9519330463384001, 0.02387907029269381, 1.4800774695764218, 1.0127427367470068]"
prism1,358,/home/humanoid/Programs/hand/results/phase1/run_20260413_pollard_multiscene_500_run3/prism1/generated_mjcf/scene_prism1_tn0d0032p0d0212p0d0000_ip0d0113n0d0003p0d0000_mp0d0087p0d0046p0d0074.xml,prism_y0d0250,True,0.02,4.0,0.45,0.4,1.0,1.0,6.8596753195241496,0.049417265232057875,5.0,0.00534716246275671,0.13305587350362058,0.0018237445342292997,0.0,1.0,1.0,1.0,1.0,1.0,1.0,0.0,0.02569976250308435,0.0052680558767202275,-0.0032261315123318663,0.0211871862183576,0.0,0.011311302439958055,-0.00033666258881834797,0.0,0.008688902469951895,0.004588963809888574,0.007431512844343829,"[-0.024103448321711882, 1.2952516524678863, -1.1306679467142458, -0.2642269151809965, 1.4895605092355748, 0.9519330463384001, 0.02387907029269381, 1.4800774695764218, 1.0127427367470068]"
prism1,361,/home/humanoid/Programs/hand/results/phase1/run_20260413_pollard_multiscene_500_run3/prism1/generated_mjcf/scene_prism1_tp0d0063p0d0247p0d0000_ip0d0049n0d0079p0d0000_mp0d0212p0d0139p0d0013.xml,prism_y0d0250,True,0.02,4.0,0.45,0.4,1.0,1.0,7.283192597825243,0.04954016695931447,6.0,0.005388105260470105,0.10182315190935558,0.0010769805685933037,3.81444816385107e-05,1.0,1.0,1.0,1.0,1.0,1.0,0.0,0.016583020421896816,0.002321849660600802,0.006298885232914844,0.024677701527575972,0.0,0.004865482952478182,-0.007899234012555876,0.0,0.021239068743524485,0.013910428198081467,0.0012518095585489566,"[-0.024103448321711882, 1.2952516524678863, -1.1306679467142458, -0.2642269151809965, 1.4895605092355748, 0.9519330463384001, 0.02387907029269381, 1.4800774695764218, 1.0127427367470068]"
prism1,362,/home/humanoid/Programs/hand/results/phase1/run_20260413_pollard_multiscene_500_run3/prism1/generated_mjcf/scene_prism1_tp0d0001p0d0184p0d0000_ip0d0200n0d0237p0d0113_mp0d0008p0d0136p0d0046.xml,prism_y0d0250,True,0.02,4.0,0.45,0.4,1.0,1.0,5.291293109536238,0.04871249369657885,5.0,0.007982898739616757,0.4371192722073392,0.001298146825123271,0.0018955878539281823,0.8944444444444445,1.0,0.6166666666666667,0.8944444444444445,0.6166666666666667,0.6166666666666667,0.3833333333333333,0.014189263714592662,0.04588167635354377,9.038651703096798e-05,0.01835541066897918,0.0,0.02001264994905546,-0.023737975227585074,0.011274612962096212,0.000750582854815959,0.013632312421630632,0.004622285063949041,"[-0.024103448321711882, 1.2952516524678863, -1.1306679467142458, -0.2642269151809965, 1.4895605092355748, 0.9519330463384001, 0.02387907029269381, 1.4800774695764218, 1.0127427367470068]"
prism1,364,/home/humanoid/Programs/hand/results/phase1/run_20260413_pollard_multiscene_500_run3/prism1/generated_mjcf/scene_prism1_tn0d0041p0d0101p0d0010_ip0d0016n0d0071p0d0013_mp0d0213p0d0036p0d0052.xml,prism_y0d0250,True,0.02,4.0,0.45,0.4,1.0,1.0,6.710873847173719,0.047510474801256926,5.0,0.0077203844082780896,0.10292174511075557,0.01128956904973134,0.00012609014429165732,1.0,1.0,1.0,1.0,1.0,1.0,0.0,0.03883952842106517,0.02604743167230113,-0.004084384463942093,0.010142883921641723,0.000990451667586002,0.0015985144586338831,-0.007118649794417934,0.0013321773609604407,0.02130587540881341,0.003579389141666148,0.0051866735559624386,"[-0.024103448321711882, 1.2952516524678863, -1.1306679467142458, -0.2642269151809965, 1.4895605092355748, 0.9519330463384001, 0.02387907029269381, 1.4800774695764218, 1.0127427367470068]"
prism1,365,/home/humanoid/Programs/hand/results/phase1/run_20260413_pollard_multiscene_500_run3/prism1/generated_mjcf/scene_prism1_tn0d0071p0d0088p0d0031_ip0d0111n0d0170p0d0002_mn0d0007p0d0136p0d0018.xml,prism_y0d0250,True,0.02,4.0,0.45,0.4,1.0,1.0,4.757862258948766,0.052820368757722884,5.0,0.0057094830158580445,0.4011826081395329,0.025517137698651254,0.0,1.0,1.0,0.4861111111111111,1.0,0.4861111111111111,0.4861111111111111,0.5138888888888888,0.15061702772998734,0.1310688727939879,-0.007111680416374847,0.00882751144408678,0.0030761017613265777,0.011097168626456416,-0.017043214039433305,0.00017592095316793822,-0.00067781911633992,0.013552297422319226,0.00184459033777753,"[-0.024103448321711882, 1.2952516524678863, -1.1306679467142458, -0.2642269151809965, 1.4895605092355748, 0.9519330463384001, 0.02387907029269381, 1.4800774695764218, 1.0127427367470068]"
prism1,366,/home/humanoid/Programs/hand/results/phase1/run_20260413_pollard_multiscene_500_run3/prism1/generated_mjcf/scene_prism1_tp0d0090p0d0283p0d0071_ip0d0201n0d0143p0d0000_mn0d0018p0d0143p0d0002.xml,prism_y0d0250,True,0.02,4.0,0.45,0.4,1.0,1.0,6.862464732859012,0.04926196940073363,6.0,0.0078049180317926875,2.174616946798749,0.003454578871538837,0.003057063845118266,1.0,1.0,1.0,0.9972222222222222,0.9972222222222222,0.9972222222222222,0.002777777777777768,0.024807010465193024,0.05536513649484596,0.008993048384683937,0.028332332885572582,0.007133172031471843,0.0201278457978318,-0.014265996985525718,0.0,-0.0017792897870281283,0.014276096134759242,0.00021827326428465292,"[-0.024103448321711882, 1.2952516524678863, -1.1306679467142458, -0.2642269151809965, 1.4895605092355748, 0.9519330463384001, 0.02387907029269381, 1.4800774695764218, 1.0127427367470068]"
prism1,369,/home/humanoid/Programs/hand/results/phase1/run_20260413_pollard_multiscene_500_run3/prism1/generated_mjcf/scene_prism1_tn0d0058p0d0248p0d0003_ip0d0140n0d0106p0d0006_mp0d0122p0d0059p0d0000.xml,prism_y0d0250,True,0.02,4.0,0.45,0.4,1.0,1.0,6.856626739395531,0.05074415761695035,5.0,0.006469318673987648,0.41210744677312594,0.0007691316357859487,0.0,1.0,1.0,1.0,1.0,1.0,1.0,0.0,0.021276045502796548,0.03754637503255057,-0.0058268376677013956,0.024841286858219992,0.0002982599472535624,0.014002525851861946,-0.010559997507252046,0.0006057673427742397,0.012179493967528118,0.005867447662353625,0.0,"[-0.024103448321711882, 1.2952516524678863, -1.1306679467142458, -0.2642269151809965, 1.4895605092355748, 0.9519330463384001, 0.02387907029269381, 1.4800774695764218, 1.0127427367470068]"
prism1,372,/home/humanoid/Programs/hand/results/phase1/run_20260413_pollard_multiscene_500_run3/prism1/generated_mjcf/scene_prism1_tn0d0039p0d0221p0d0076_ip0d0216n0d0035p0d0114_mp0d0217p0d0048p0d0023.xml,prism_y0d0250,True,0.02,4.0,0.45,0.4,1.0,1.0,7.25004816739325,0.04986507555206471,6.0,0.006262294460982279,0.2019766633073211,0.000321769546663559,0.00033915033744728873,1.0,1.0,1.0,1.0,1.0,1.0,0.0,0.03239992972725607,0.028016074908692474,-0.0039367057456346135,0.022129036276644528,0.00759938668754058,0.021600388888547803,-0.003458654995397466,0.011387362033031666,0.021716500944982772,0.004846232690389937,0.0023329764739651176,"[-0.024103448321711882, 1.2952516524678863, -1.1306679467142458, -0.2642269151809965, 1.4895605092355748, 0.9519330463384001, 0.02387907029269381, 1.4800774695764218, 1.0127427367470068]"
prism1,375,/home/humanoid/Programs/hand/results/phase1/run_20260413_pollard_multiscene_500_run3/prism1/generated_mjcf/scene_prism1_tn0d0024p0d0249p0d0000_ip0d0189n0d0020p0d0086_mp0d0011p0d0101p0d0097.xml,prism_y0d0250,True,0.02,4.0,0.45,0.4,1.0,1.0,6.0670462530740235,0.05057011970819282,6.0,0.006455694025221521,0.18716866279202146,0.0016566049724313753,0.0010689241216140233,1.0,1.0,1.0,0.6722222222222223,0.6722222222222223,0.6722222222222223,0.3277777777777777,0.028828064386859257,0.06065293112532747,-0.002364992455036838,0.02485474196775472,0.0,0.0189458288206348,-0.0020460735160279016,0.008558192589777455,0.0010822010446346324,0.010070902748129561,0.009711010137673462,"[-0.024103448321711882, 1.2952516524678863, -1.1306679467142458, -0.2642269151809965, 1.4895605092355748, 0.9519330463384001, 0.02387907029269381, 1.4800774695764218, 1.0127427367470068]"
prism1,377,/home/humanoid/Programs/hand/results/phase1/run_20260413_pollard_multiscene_500_run3/prism1/generated_mjcf/scene_prism1_tp0d0098p0d0111p0d0000_ip0d0151n0d0201p0d0000_mp0d0220p0d0245p0d0000.xml,prism_y0d0250,True,0.02,4.0,0.45,0.4,1.0,1.0,4.640278963982712,0.048481420499120784,4.0,0.00855150567629875,0.24211536077966497,0.0024623686742430303,0.002695578474799676,1.0,1.0,0.5277777777777778,1.0,0.5277777777777778,0.5277777777777778,0.4722222222222222,0.03362047745264273,0.04481761364254363,0.00981687253429277,0.011120275617783176,0.0,0.015080426789617232,-0.020071235905748067,0.0,0.02197541611441125,0.024494177142076932,0.0,"[-0.024103448321711882, 1.2952516524678863, -1.1306679467142458, -0.2642269151809965, 1.4895605092355748, 0.9519330463384001, 0.02387907029269381, 1.4800774695764218, 1.0127427367470068]"
prism1,378,/home/humanoid/Programs/hand/results/phase1/run_20260413_pollard_multiscene_500_run3/prism1/generated_mjcf/scene_prism1_tn0d0031p0d0178p0d0000_ip0d0097n0d0197p0d0076_mp0d0193p0d0182p0d0000.xml,prism_y0d0250,True,0.02,4.0,0.45,0.4,1.0,1.0,6.629209723930304,0.04873279798150652,5.0,0.005344215452988142,1.0443713061570834,0.004676519531651487,0.0,1.0,1.0,1.0,1.0,1.0,1.0,0.0,0.06798520100593584,0.026099520794082898,-0.003080000567103787,0.01777371674284665,0.0,0.009742211201763528,-0.0197073930433107,0.007610088691735812,0.0192940940515098,0.01819294307398065,0.0,"[-0.024103448321711882, 1.2952516524678863, -1.1306679467142458, -0.2642269151809965, 1.4895605092355748, 0.9519330463384001, 0.02387907029269381, 1.4800774695764218, 1.0127427367470068]"
prism1,379,/home/humanoid/Programs/hand/results/phase1/run_20260413_pollard_multiscene_500_run3/prism1/generated_mjcf/scene_prism1_tp0d0005p0d0181p0d0102_ip0d0204n0d0113p0d0000_mp0d0040p0d0080p0d0000.xml,prism_y0d0250,True,0.02,4.0,0.45,0.4,1.0,1.0,7.229135549485799,0.05214010557068626,6.0,0.005825345975654417,0.10118262927337897,0.010714008314020126,0.00018512002306915465,1.0,1.0,1.0,1.0,1.0,1.0,0.0,0.06782964580376574,0.06920984636237885,0.0005063580441945943,0.018121217785754797,0.010185928300256861,0.020406265641012875,-0.011317239845225827,0.0,0.003969351811511051,0.00798329334682274,0.0,"[-0.024103448321711882, 1.2952516524678863, -1.1306679467142458, -0.2642269151809965, 1.4895605092355748, 0.9519330463384001, 0.02387907029269381, 1.4800774695764218, 1.0127427367470068]"
prism1,381,/home/humanoid/Programs/hand/results/phase1/run_20260413_pollard_multiscene_500_run3/prism1/generated_mjcf/scene_prism1_tp0d0088p0d0272p0d0000_in0d0018n0d0006p0d0118_mp0d0039p0d0093p0d0065.xml,prism_y0d0250,True,0.02,4.0,0.45,0.4,1.0,1.0,4.246581427124105,0.05152066692223664,5.0,0.005367429588150342,3.0635472546497264,0.027456548347392546,0.0032770884639644754,1.0,1.0,1.0,0.4888888888888889,0.4888888888888889,0.4888888888888889,0.5111111111111111,0.16067312336385167,0.16327498552927536,0.00883521132348538,0.02723552528533489,0.0,-0.0017554778323576065,-0.0005744690308488714,0.011781042137225497,0.0038637391976680735,0.009288167528081906,0.006509256874247228,"[-0.024103448321711882, 1.2952516524678863, -1.1306679467142458, -0.2642269151809965, 1.4895605092355748, 0.9519330463384001, 0.02387907029269381, 1.4800774695764218, 1.0127427367470068]"
prism1,382,/home/humanoid/Programs/hand/results/phase1/run_20260413_pollard_multiscene_500_run3/prism1/generated_mjcf/scene_prism1_tp0d0073p0d0185p0d0056_ip0d0209n0d0050p0d0000_mp0d0188p0d0110p0d0000.xml,prism_y0d0250,True,0.02,4.0,0.45,0.4,1.0,1.0,6.8267924904935136,0.04940027144939092,5.0,0.005433317371357768,0.2839051083414214,0.0017327855108131018,0.00012572931926305153,1.0,1.0,1.0,1.0,1.0,1.0,0.0,0.032330993017279756,0.0090563026558483,0.007305359803473289,0.01853133851136897,0.005595346364554953,0.020921363985685365,-0.0049934306565185185,0.0,0.01877336898563437,0.011049691809589724,0.0,"[-0.024103448321711882, 1.2952516524678863, -1.1306679467142458, -0.2642269151809965, 1.4895605092355748, 0.9519330463384001, 0.02387907029269381, 1.4800774695764218, 1.0127427367470068]"
prism1,383,/home/humanoid/Programs/hand/results/phase1/run_20260413_pollard_multiscene_500_run3/prism1/generated_mjcf/scene_prism1_tn0d0118p0d0271p0d0000_ip0d0077n0d0076p0d0000_mp0d0104p0d0062p0d0000.xml,prism_y0d0250,True,0.02,4.0,0.45,0.4,1.0,1.0,6.874376070679303,0.050050430897915915,5.0,0.0064609766653380305,0.10472121549341601,0.0012347340391929802,0.0003709475080387603,1.0,1.0,1.0,1.0,1.0,1.0,0.0,0.024308900391014316,0.025180400740855646,-0.011835445780551481,0.02708227762575327,0.0,0.00774784304588942,-0.007563727153970494,0.0,0.010352447859135416,0.00620925942575782,0.0,"[-0.024103448321711882, 1.2952516524678863, -1.1306679467142458, -0.2642269151809965, 1.4895605092355748, 0.9519330463384001, 0.02387907029269381, 1.4800774695764218, 1.0127427367470068]"
prism1,384,/home/humanoid/Programs/hand/results/phase1/run_20260413_pollard_multiscene_500_run3/prism1/generated_mjcf/scene_prism1_tp0d0017p0d0255p0d0000_ip0d0031n0d0131p0d0000_mp0d0099p0d0257p0d0033.xml,prism_y0d0250,True,0.02,4.0,0.45,0.4,1.0,1.0,7.066944910459439,0.053950813437836816,6.0,0.005534148573937515,1.0727872670892007,0.015354079134560317,0.0008431117426760948,1.0,1.0,1.0,1.0,1.0,1.0,0.0,0.07577633212273617,0.14265804962276743,0.0016914948769208415,0.025535338406468797,0.0,0.0031439657404761087,-0.0130591830163866,0.0,0.009858869067842405,0.02571102656057945,0.0032954859455089983,"[-0.024103448321711882, 1.2952516524678863, -1.1306679467142458, -0.2642269151809965, 1.4895605092355748, 0.9519330463384001, 0.02387907029269381, 1.4800774695764218, 1.0127427367470068]"
prism1,386,/home/humanoid/Programs/hand/results/phase1/run_20260413_pollard_multiscene_500_run3/prism1/generated_mjcf/scene_prism1_tp0d0112p0d0234p0d0078_ip0d0165n0d0031p0d0000_mp0d0057p0d0176p0d0000.xml,prism_y0d0250,True,0.02,4.0,0.45,0.4,1.0,1.0,6.802781275173112,0.04981949790347505,5.0,0.005442764025035096,0.421644896246021,0.0025023360914226567,0.0,1.0,1.0,1.0,1.0,1.0,1.0,0.0,0.04717200468447333,0.009165735457063118,0.011221352133399164,0.023400693629328326,0.007817550025673033,0.016469362116625613,-0.0030606096441238902,0.0,0.0056810241222650226,0.017649806992087,0.0,"[-0.024103448321711882, 1.2952516524678863, -1.1306679467142458, -0.2642269151809965, 1.4895605092355748, 0.9519330463384001, 0.02387907029269381, 1.4800774695764218, 1.0127427367470068]"
prism1,388,/home/humanoid/Programs/hand/results/phase1/run_20260413_pollard_multiscene_500_run3/prism1/generated_mjcf/scene_prism1_tn0d0081p0d0249p0d0074_ip0d0208n0d0041p0d0060_mp0d0165p0d0220p0d0000.xml,prism_y0d0250,True,0.02,4.0,0.45,0.4,1.0,1.0,6.905957066082049,0.04996065448728572,5.0,0.005494579935555671,0.09219197174669365,0.000614177219645094,1.827214953800671e-05,1.0,1.0,1.0,1.0,1.0,1.0,0.0,0.013042371861888856,0.0018023687312403263,-0.008107505421219302,0.024897468565151633,0.007392595337002955,0.020834492113102794,-0.004065712382739778,0.005970238289425941,0.01648862815479199,0.021974727226854895,0.0,"[-0.024103448321711882, 1.2952516524678863, -1.1306679467142458, -0.2642269151809965, 1.4895605092355748, 0.9519330463384001, 0.02387907029269381, 1.4800774695764218, 1.0127427367470068]"
prism1,389,/home/humanoid/Programs/hand/results/phase1/run_20260413_pollard_multiscene_500_run3/prism1/generated_mjcf/scene_prism1_tn0d0039p0d0285p0d0057_ip0d0208n0d0041p0d0036_mp0d0108p0d0059p0d0000.xml,prism_y0d0250,True,0.02,4.0,0.45,0.4,1.0,1.0,7.300930378719333,0.05037212526336647,6.0,0.006849456410818422,0.11875405806200356,0.0011448570575778472,0.0002528397000424315,1.0,1.0,1.0,1.0,1.0,1.0,0.0,0.009572704712222607,0.022212121018714504,-0.0038931974279779093,0.02852385064265748,0.005709619844043064,0.020838318228018286,-0.0041099736522949,0.003648895908196892,0.0108003713735257,0.005888130359499352,0.0,"[-0.024103448321711882, 1.2952516524678863, -1.1306679467142458, -0.2642269151809965, 1.4895605092355748, 0.9519330463384001, 0.02387907029269381, 1.4800774695764218, 1.0127427367470068]"
prism1,392,/home/humanoid/Programs/hand/results/phase1/run_20260413_pollard_multiscene_500_run3/prism1/generated_mjcf/scene_prism1_tp0d0043p0d0176p0d0012_ip0d0077n0d0128p0d0049_mp0d0080p0d0130p0d0065.xml,prism_y0d0250,True,0.02,4.0,0.45,0.4,1.0,1.0,6.82064599690904,0.04894687207648414,5.0,0.0053351525397700925,0.2951127436466168,0.0014631328973505444,0.00012351214070652206,1.0,1.0,1.0,1.0,1.0,1.0,0.0,0.023674108536359123,0.007244515064862826,0.004254000457927461,0.01759718261799633,0.0011591161610298387,0.007690670392919728,-0.012804244452743358,0.0048799535306744725,0.007961258183951048,0.01299761563100522,0.006523599200057,"[-0.024103448321711882, 1.2952516524678863, -1.1306679467142458, -0.2642269151809965, 1.4895605092355748, 0.9519330463384001, 0.02387907029269381, 1.4800774695764218, 1.0127427367470068]"
prism1,393,/home/humanoid/Programs/hand/results/phase1/run_20260413_pollard_multiscene_500_run3/prism1/generated_mjcf/scene_prism1_tn0d0050p0d0163p0d0000_ip0d0035n0d0034p0d0000_mp0d0059p0d0048p0d0000.xml,prism_y0d0250,True,0.02,4.0,0.45,0.4,1.0,1.0,7.189413361173097,0.05545671695929941,6.0,0.005448083634797671,0.2971808334792463,0.01729199151066545,0.0,1.0,1.0,1.0,1.0,1.0,1.0,0.0,0.12981863084492887,0.1250557204039571,-0.004985988495398425,0.016300216267685623,0.0,0.0034683806033389258,-0.003396272985994214,0.0,0.005879648740595553,0.004792153550523294,0.0,"[-0.024103448321711882, 1.2952516524678863, -1.1306679467142458, -0.2642269151809965, 1.4895605092355748, 0.9519330463384001, 0.02387907029269381, 1.4800774695764218, 1.0127427367470068]"
prism1,394,/home/humanoid/Programs/hand/results/phase1/run_20260413_pollard_multiscene_500_run3/prism1/generated_mjcf/scene_prism1_tp0d0025p0d0092p0d0113_ip0d0219n0d0209p0d0000_mp0d0081p0d0097p0d0000.xml,prism_y0d0250,True,0.02,4.0,0.45,0.4,1.0,1.0,6.722044142527295,0.04877381503689496,5.0,0.005578615788104763,0.44737092012537394,0.006873101506752111,0.0,1.0,1.0,1.0,1.0,1.0,1.0,0.0,0.05847590835536942,0.01412399354626015,0.002490598221685335,0.00915709564276886,0.011311791537951966,0.021897171626930806,-0.020911052181316225,0.0,0.008075035345848846,0.009678888052115298,0.0,"[-0.024103448321711882, 1.2952516524678863, -1.1306679467142458, -0.2642269151809965, 1.4895605092355748, 0.9519330463384001, 0.02387907029269381, 1.4800774695764218, 1.0127427367470068]"
prism1,395,/home/humanoid/Programs/hand/results/phase1/run_20260413_pollard_multiscene_500_run3/prism1/generated_mjcf/scene_prism1_tn0d0095p0d0197p0d0090_ip0d0217n0d0162p0d0000_mp0d0137p0d0125p0d0097.xml,prism_y0d0250,True,0.02,4.0,0.45,0.4,1.0,1.0,6.756457844446974,0.05086418875709888,5.0,0.00569165424374796,0.35313880364299177,0.008427108269523616,0.0,1.0,1.0,1.0,1.0,1.0,1.0,0.0,0.08966253612673643,0.038418894547327366,-0.00953061315295389,0.01970784975786273,0.009043612848737722,0.02166338004553322,-0.01616864958747996,0.0,0.01367630035117491,0.012518278257087605,0.009730640697078064,"[-0.024103448321711882, 1.2952516524678863, -1.1306679467142458, -0.2642269151809965, 1.4895605092355748, 0.9519330463384001, 0.02387907029269381, 1.4800774695764218, 1.0127427367470068]"
prism1,398,/home/humanoid/Programs/hand/results/phase1/run_20260413_pollard_multiscene_500_run3/prism1/generated_mjcf/scene_prism1_tp0d0086p0d0213p0d0009_ip0d0108n0d0199p0d0066_mp0d0077p0d0183p0d0034.xml,prism_y0d0250,True,0.02,4.0,0.45,0.4,1.0,1.0,6.29740968144707,0.051664359574625784,6.0,0.00567639731544238,1.1331142049124097,0.008381462939939292,0.0010103325340338754,1.0,1.0,1.0,0.8,0.8,0.8,0.19999999999999996,0.0857712435506634,0.12267793339676074,0.008571605710506466,0.021259249860929377,0.0008803123529353071,0.010802095205575884,-0.019921780238881113,0.006613136719011141,0.007685854373764274,0.0183301494512482,0.003400613466890816,"[-0.024103448321711882, 1.2952516524678863, -1.1306679467142458, -0.2642269151809965, 1.4895605092355748, 0.9519330463384001, 0.02387907029269381, 1.4800774695764218, 1.0127427367470068]"
prism1,401,/home/humanoid/Programs/hand/results/phase1/run_20260413_pollard_multiscene_500_run3/prism1/generated_mjcf/scene_prism1_tn0d0066p0d0138p0d0000_ip0d0011n0d0196p0d0076_mp0d0043p0d0047p0d0000.xml,prism_y0d0250,True,0.02,4.0,0.45,0.4,1.0,1.0,6.518902578897087,0.05242366726946503,5.0,0.005338528460978514,1.3938990438759977,0.015158432213432904,0.00011282808501603125,1.0,1.0,1.0,1.0,1.0,1.0,0.0,0.16355142326402458,0.08061581693203529,-0.006568166016017537,0.013757574947577381,0.0,0.001065966599342636,-0.01962445671424908,0.0076232278739171815,0.004307982889677852,0.004710504044540714,0.0,"[-0.024103448321711882, 1.2952516524678863, -1.1306679467142458, -0.2642269151809965, 1.4895605092355748, 0.9519330463384001, 0.02387907029269381, 1.4800774695764218, 1.0127427367470068]"
prism1,402,/home/humanoid/Programs/hand/results/phase1/run_20260413_pollard_multiscene_500_run3/prism1/generated_mjcf/scene_prism1_tn0d0061p0d0117p0d0000_ip0d0051n0d0055p0d0000_mp0d0162p0d0205p0d0000.xml,prism_y0d0250,True,0.02,4.0,0.45,0.4,1.0,1.0,7.198569611332181,0.04783945328274562,6.0,0.007618488123175548,0.15762687966305694,0.0014710504042959346,0.0008236450109503773,1.0,1.0,1.0,1.0,1.0,1.0,0.0,0.007754348040044758,0.020931709541761028,-0.006070162506608994,0.011700464662166754,0.0,0.005108954427857113,-0.005521412233569041,0.0,0.0161877500683167,0.020471673403065584,0.0,"[-0.024103448321711882, 1.2952516524678863, -1.1306679467142458, -0.2642269151809965, 1.4895605092355748, 0.9519330463384001, 0.02387907029269381, 1.4800774695764218, 1.0127427367470068]"
prism1,403,/home/humanoid/Programs/hand/results/phase1/run_20260413_pollard_multiscene_500_run3/prism1/generated_mjcf/scene_prism1_tn0d0060p0d0300p0d0038_ip0d0005n0d0059p0d0000_mp0d0128p0d0242p0d0000.xml,prism_y0d0250,True,0.02,4.0,0.45,0.4,1.0,1.0,7.306134684142566,0.04959889426676926,6.0,0.005392284911342836,0.05545741429473566,0.0002215109449311072,0.00017596519073488637,1.0,1.0,1.0,1.0,1.0,1.0,0.0,0.006894601613288508,0.0007763673115379991,-0.006013261280368498,0.03,0.0037994320888812723,0.0004817540822769067,-0.005867111497752016,0.0,0.01282047936393451,0.024198128950756195,0.0,"[-0.024103448321711882, 1.2952516524678863, -1.1306679467142458, -0.2642269151809965, 1.4895605092355748, 0.9519330463384001, 0.02387907029269381, 1.4800774695764218, 1.0127427367470068]"
prism1,404,/home/humanoid/Programs/hand/results/phase1/run_20260413_pollard_multiscene_500_run3/prism1/generated_mjcf/scene_prism1_tp0d0014p0d0095p0d0078_ip0d0166n0d0207p0d0000_mp0d0045p0d0151p0d0008.xml,prism_y0d0250,True,0.02,4.0,0.45,0.4,1.0,1.0,7.2672871128403775,0.04949488590996361,6.0,0.005835617353986431,0.19273454050261749,0.0009153324862939436,0.00034613456962021005,1.0,1.0,1.0,1.0,1.0,1.0,0.0,0.009686261110509275,0.010241214722535938,0.001414445381986533,0.009486985216727615,0.007769364107765152,0.01657461588220816,-0.020718033407936723,0.0,0.004544141871500557,0.01511193721917458,0.0007559026465335395,"[-0.024103448321711882, 1.2952516524678863, -1.1306679467142458, -0.2642269151809965, 1.4895605092355748, 0.9519330463384001, 0.02387907029269381, 1.4800774695764218, 1.0127427367470068]"
prism1,405,/home/humanoid/Programs/hand/results/phase1/run_20260413_pollard_multiscene_500_run3/prism1/generated_mjcf/scene_prism1_tn0d0054p0d0250p0d0000_in0d0008n0d0049p0d0000_mp0d0209p0d0196p0d0000.xml,prism_y0d0250,True,0.02,4.0,0.45,0.4,1.0,1.0,7.271730146649938,0.049608745892349065,6.0,0.0070817172141224806,0.08650286543498316,0.0021300277135342075,0.00043733276321165915,1.0,1.0,1.0,1.0,1.0,1.0,0.0,0.0060290386183223105,0.026759794561439953,-0.005358389402565853,0.025047091820678522,0.0,-0.0007916345280545387,-0.004914922017206636,0.0,0.020890783474579788,0.019618085441763078,0.0,"[-0.024103448321711882, 1.2952516524678863, -1.1306679467142458, -0.2642269151809965, 1.4895605092355748, 0.9519330463384001, 0.02387907029269381, 1.4800774695764218, 1.0127427367470068]"
prism1,406,/home/humanoid/Programs/hand/results/phase1/run_20260413_pollard_multiscene_500_run3/prism1/generated_mjcf/scene_prism1_tn0d0060p0d0184p0d0000_ip0d0056n0d0197p0d0000_mp0d0095p0d0212p0d0075.xml,prism_y0d0250,True,0.02,4.0,0.45,0.4,1.0,1.0,7.21512273909974,0.053632897275889976,6.0,0.005568927418561399,0.4352504208675564,0.009901150659624292,0.0008022537554644715,1.0,1.0,1.0,1.0,1.0,1.0,0.0,0.0586398928179498,0.11585881149576911,-0.005993677595785198,0.018350511114540634,0.0,0.005583373121617044,-0.019703464659717004,0.0,0.009452975904973352,0.021158879065359362,0.007512942109960084,"[-0.024103448321711882, 1.2952516524678863, -1.1306679467142458, -0.2642269151809965, 1.4895605092355748, 0.9519330463384001, 0.02387907029269381, 1.4800774695764218, 1.0127427367470068]"
prism1,407,/home/humanoid/Programs/hand/results/phase1/run_20260413_pollard_multiscene_500_run3/prism1/generated_mjcf/scene_prism1_tn0d0051p0d0279p0d0054_ip0d0150n0d0131p0d0007_mp0d0011p0d0239p0d0037.xml,prism_y0d0250,True,0.02,4.0,0.45,0.4,1.0,1.0,6.901689664285134,0.05290363432516272,5.0,0.0064220131594171686,0.21785577043577897,0.004814938762585405,0.00012339460682753156,1.0,1.0,1.0,1.0,1.0,1.0,0.0,0.040976010495890676,0.06613753371605319,-0.005140192786809574,0.027934052286104214,0.0054220926649164,0.01495389301596657,-0.013107166884916394,0.0007151348632215403,0.0010701092854143394,0.023868681030051596,0.003737171765941818,"[-0.024103448321711882, 1.2952516524678863, -1.1306679467142458, -0.2642269151809965, 1.4895605092355748, 0.9519330463384001, 0.02387907029269381, 1.4800774695764218, 1.0127427367470068]"
prism1,408,/home/humanoid/Programs/hand/results/phase1/run_20260413_pollard_multiscene_500_run3/prism1/generated_mjcf/scene_prism1_tn0d0031p0d0175p0d0000_ip0d0080n0d0202p0d0000_mp0d0019p0d0207p0d0000.xml,prism_y0d0250,True,0.02,4.0,0.45,0.4,1.0,1.0,7.078123695352715,0.04999069752509385,6.0,0.0053340603573194395,0.88835891785872,0.005307517808466572,0.0,1.0,1.0,1.0,1.0,1.0,1.0,0.0,0.08472095702451406,0.02212539151362125,-0.0031305004524421823,0.017539118084760424,0.0,0.008034582351909472,-0.02018176662419567,0.0,0.0019428792417899906,0.020656344238335456,0.0,"[-0.024103448321711882, 1.2952516524678863, -1.1306679467142458, -0.2642269151809965, 1.4895605092355748, 0.9519330463384001, 0.02387907029269381, 1.4800774695764218, 1.0127427367470068]"
prism1,409,/home/humanoid/Programs/hand/results/phase1/run_20260413_pollard_multiscene_500_run3/prism1/generated_mjcf/scene_prism1_tn0d0016p0d0090p0d0000_ip0d0077n0d0186p0d0000_mp0d0089p0d0119p0d0000.xml,prism_y0d0250,True,0.02,4.0,0.45,0.4,1.0,1.0,4.766542110278105,0.05320450620099547,4.0,0.006948772452878456,1.0415867137861985,0.012357847137479902,0.0,1.0,0.5722222222222222,0.8555555555555555,1.0,0.42777777777777776,0.5722222222222222,0.4277777777777778,0.061887112325464906,0.09889171926540948,-0.0016323170947495774,0.009036595485457571,0.0,0.007686997919964198,-0.018553378636850654,0.0,0.00890338183766952,0.011899722188182634,0.0,"[-0.024103448321711882, 1.2952516524678863, -1.1306679467142458, -0.2642269151809965, 1.4895605092355748, 0.9519330463384001, 0.02387907029269381, 1.4800774695764218, 1.0127427367470068]"
prism1,410,/home/humanoid/Programs/hand/results/phase1/run_20260413_pollard_multiscene_500_run3/prism1/generated_mjcf/scene_prism1_tn0d0053p0d0114p0d0023_ip0d0085n0d0114p0d0018_mp0d0188p0d0116p0d0014.xml,prism_y0d0250,True,0.02,4.0,0.45,0.4,1.0,1.0,7.287562984455787,0.04979985115663933,6.0,0.00706357079001714,0.0790542444665145,0.0012623039565627533,0.0003218858650814588,1.0,1.0,1.0,1.0,1.0,1.0,0.0,0.005106016527499896,0.025808114257450183,-0.005293281935177009,0.011409198503569133,0.0023185881529035456,0.008519201573778543,-0.011410397534888745,0.0017575752571704177,0.01881142883562955,0.011645587587469603,0.00142551727874291,"[-0.024103448321711882, 1.2952516524678863, -1.1306679467142458, -0.2642269151809965, 1.4895605092355748, 0.9519330463384001, 0.02387907029269381, 1.4800774695764218, 1.0127427367470068]"
prism1,411,/home/humanoid/Programs/hand/results/phase1/run_20260413_pollard_multiscene_500_run3/prism1/generated_mjcf/scene_prism1_tn0d0048p0d0150p0d0000_ip0d0065n0d0078p0d0000_mn0d0008p0d0033p0d0000.xml,prism_y0d0250,True,0.02,4.0,0.45,0.4,1.0,1.0,6.842270952092097,0.05036815429428466,5.0,0.005327438019032221,0.31528493175123495,0.0031430232974206927,0.0,1.0,1.0,1.0,1.0,1.0,1.0,0.0,0.039995182774626506,0.007627019695931973,-0.00483454322046063,0.0150354995281941,0.0,0.006463405685212573,-0.007794424323765136,0.0,-0.0007991368204927872,0.003305963248475482,0.0,"[-0.024103448321711882, 1.2952516524678863, -1.1306679467142458, -0.2642269151809965, 1.4895605092355748, 0.9519330463384001, 0.02387907029269381, 1.4800774695764218, 1.0127427367470068]"
prism1,412,/home/humanoid/Programs/hand/results/phase1/run_20260413_pollard_multiscene_500_run3/prism1/generated_mjcf/scene_prism1_tn0d0022p0d0223p0d0000_ip0d0189n0d0096p0d0055_mp0d0016p0d0090p0d0000.xml,prism_y0d0250,True,0.02,4.0,0.45,0.4,1.0,1.0,7.27537191096878,0.049899568422685295,6.0,0.007060434904897029,0.09452589211094167,0.0014174418033360244,0.0005766408242979942,1.0,1.0,1.0,1.0,1.0,1.0,0.0,0.01159789358493972,0.03158199180447715,-0.0021633292292821196,0.02230517427223252,0.0,0.018897786349753608,-0.009618802295454976,0.005502816790046914,0.0016095316072317848,0.009027481605026609,0.0,"[-0.024103448321711882, 1.2952516524678863, -1.1306679467142458, -0.2642269151809965, 1.4895605092355748, 0.9519330463384001, 0.02387907029269381, 1.4800774695764218, 1.0127427367470068]"
prism1,414,/home/humanoid/Programs/hand/results/phase1/run_20260413_pollard_multiscene_500_run3/prism1/generated_mjcf/scene_prism1_tp0d0119p0d0161p0d0000_ip0d0066n0d0103p0d0010_mn0d0012p0d0040p0d0000.xml,prism_y0d0250,True,0.02,4.0,0.45,0.4,1.0,1.0,6.397486352247625,0.051002791497127026,6.0,0.005446315900671201,1.7881397524079783,0.02103973879543219,0.0,1.0,1.0,1.0,0.8944444444444445,0.8944444444444445,0.8944444444444445,0.10555555555555551,0.15025571672247576,0.10400721198842648,0.011926975172027825,0.016136097000490002,0.0,0.006603760238197899,-0.010256639026435648,0.000980959618551415,-0.0012493701764418955,0.004048123202399532,0.0,"[-0.024103448321711882, 1.2952516524678863, -1.1306679467142458, -0.2642269151809965, 1.4895605092355748, 0.9519330463384001, 0.02387907029269381, 1.4800774695764218, 1.0127427367470068]"
prism1,415,/home/humanoid/Programs/hand/results/phase1/run_20260413_pollard_multiscene_500_run3/prism1/generated_mjcf/scene_prism1_tp0d0091p0d0097p0d0079_ip0d0109n0d0031p0d0000_mp0d0176p0d0167p0d0000.xml,prism_y0d0250,True,0.02,4.0,0.45,0.4,1.0,1.0,4.898460606266299,0.04877045828568685,5.0,0.008078887520643051,0.054643580347373204,0.0017400215922389307,0.0002829642181558789,1.0,0.4583333333333333,1.0,1.0,0.4583333333333333,0.4583333333333333,0.5416666666666667,0.006656599642708076,0.027317643650671058,0.00906606741877758,0.009713425617874147,0.00791014140138167,0.010867190352182917,-0.003114253838119847,0.0,0.017584104657214175,0.01666546351720368,0.0,"[-0.024103448321711882, 1.2952516524678863, -1.1306679467142458, -0.2642269151809965, 1.4895605092355748, 0.9519330463384001, 0.02387907029269381, 1.4800774695764218, 1.0127427367470068]"
prism1,418,/home/humanoid/Programs/hand/results/phase1/run_20260413_pollard_multiscene_500_run3/prism1/generated_mjcf/scene_prism1_tn0d0063p0d0094p0d0039_ip0d0171n0d0119p0d0074_mp0d0067p0d0205p0d0006.xml,prism_y0d0250,True,0.02,4.0,0.45,0.4,1.0,1.0,4.666186688005591,0.04932906967919329,4.0,0.010715004195176375,0.37997853093694756,0.004405315676484825,0.0010084758900632124,1.0,1.0,0.5333333333333333,1.0,0.5333333333333333,0.5333333333333333,0.4666666666666667,0.0492073511951025,0.02832601360102055,-0.006296620053095982,0.009416219417424817,0.003924512405020338,0.01710157573507877,-0.01187522612800575,0.007410642288759425,0.006671445387090337,0.020463784667246666,0.0006463969782932299,"[-0.024103448321711882, 1.2952516524678863, -1.1306679467142458, -0.2642269151809965, 1.4895605092355748, 0.9519330463384001, 0.02387907029269381, 1.4800774695764218, 1.0127427367470068]"
prism1,419,/home/humanoid/Programs/hand/results/phase1/run_20260413_pollard_multiscene_500_run3/prism1/generated_mjcf/scene_prism1_tn0d0041p0d0241p0d0000_ip0d0099n0d0077p0d0052_mp0d0009p0d0211p0d0000.xml,prism_y0d0250,True,0.02,4.0,0.45,0.4,1.0,1.0,6.564256106117244,0.050005914646772225,5.0,0.005322924204917554,1.5513698971284564,0.005059936660754302,0.0,1.0,1.0,1.0,1.0,1.0,1.0,0.0,0.09996532699193279,0.024549253168443252,-0.0041412976865153744,0.02409152225526526,0.0,0.009925318078709394,-0.0076590425951469,0.005194099965976872,0.0008881900785973618,0.021141476289865326,0.0,"[-0.024103448321711882, 1.2952516524678863, -1.1306679467142458, -0.2642269151809965, 1.4895605092355748, 0.9519330463384001, 0.02387907029269381, 1.4800774695764218, 1.0127427367470068]"
prism1,420,/home/humanoid/Programs/hand/results/phase1/run_20260413_pollard_multiscene_500_run3/prism1/generated_mjcf/scene_prism1_tp0d0071p0d0239p0d0000_ip0d0117n0d0022p0d0000_mp0d0151p0d0196p0d0030.xml,prism_y0d0250,True,0.02,4.0,0.45,0.4,1.0,1.0,7.050320076564453,0.054013372020044956,6.0,0.005460051948516701,0.872427262973569,0.017383933042174102,0.0,1.0,1.0,1.0,1.0,1.0,1.0,0.0,0.12581974579251595,0.13648081349698515,0.007137772626772659,0.023857670287552885,0.0,0.011669115350941957,-0.002227125826247416,0.0,0.015091260244914308,0.019558435737760817,0.0029842274549594285,"[-0.024103448321711882, 1.2952516524678863, -1.1306679467142458, -0.2642269151809965, 1.4895605092355748, 0.9519330463384001, 0.02387907029269381, 1.4800774695764218, 1.0127427367470068]"
prism1,423,/home/humanoid/Programs/hand/results/phase1/run_20260413_pollard_multiscene_500_run3/prism1/generated_mjcf/scene_prism1_tp0d0012p0d0181p0d0075_ip0d0212n0d0045p0d0015_mp0d0201p0d0059p0d0019.xml,prism_y0d0250,True,0.02,4.0,0.45,0.4,1.0,1.0,6.946096160290817,0.05378408233090895,5.0,0.00658827038437466,0.4113273094388366,0.006554323032801243,0.0,1.0,1.0,1.0,1.0,1.0,1.0,0.0,0.007709049929473355,0.028872191960281735,0.001238563357003111,0.018056065507205808,0.007519693428228502,0.021206132398409232,-0.004470630085174411,0.001547317764403448,0.020053196267056254,0.005944634302786423,0.0019053686702290105,"[-0.024103448321711882, 1.2952516524678863, -1.1306679467142458, -0.2642269151809965, 1.4895605092355748, 0.9519330463384001, 0.02387907029269381, 1.4800774695764218, 1.0127427367470068]"
prism1,425,/home/humanoid/Programs/hand/results/phase1/run_20260413_pollard_multiscene_500_run3/prism1/generated_mjcf/scene_prism1_tn0d0097p0d0265p0d0000_ip0d0173n0d0239p0d0060_mp0d0079p0d0266p0d0000.xml,prism_y0d0250,True,0.02,4.0,0.45,0.4,1.0,1.0,7.284796021844095,0.04976304743853088,6.0,0.007290343182861046,0.03830044468018692,0.00062613648070988,0.0007525847267759872,1.0,1.0,1.0,1.0,1.0,1.0,0.0,0.01092666683848372,0.025740765985362474,-0.009735946968143526,0.026515306910265567,0.0,0.017292401019917678,-0.023949163087233355,0.0060141306694627104,0.00787056582813915,0.026566998527488665,0.0,"[-0.024103448321711882, 1.2952516524678863, -1.1306679467142458, -0.2642269151809965, 1.4895605092355748, 0.9519330463384001, 0.02387907029269381, 1.4800774695764218, 1.0127427367470068]"
prism1,426,/home/humanoid/Programs/hand/results/phase1/run_20260413_pollard_multiscene_500_run3/prism1/generated_mjcf/scene_prism1_tn0d0023p0d0240p0d0049_ip0d0145n0d0043p0d0105_mp0d0153p0d0156p0d0059.xml,prism_y0d0250,True,0.02,4.0,0.45,0.4,1.0,1.0,6.498189622351195,0.049854567280805305,5.0,0.005437244789745148,1.867419483961017,0.007122554133368378,0.0,1.0,1.0,1.0,1.0,1.0,1.0,0.0,0.09809610421814706,0.02980278256997998,-0.002251750389289927,0.023967651029735318,0.004939390703879207,0.014508762345518499,-0.004347934226913543,0.010485183735368647,0.015342193193272654,0.015622395217333425,0.005919397109665846,"[-0.024103448321711882, 1.2952516524678863, -1.1306679467142458, -0.2642269151809965, 1.4895605092355748, 0.9519330463384001, 0.02387907029269381, 1.4800774695764218, 1.0127427367470068]"
prism1,429,/home/humanoid/Programs/hand/results/phase1/run_20260413_pollard_multiscene_500_run3/prism1/generated_mjcf/scene_prism1_tp0d0051p0d0136p0d0089_in0d0006n0d0155p0d0015_mp0d0118p0d0055p0d0053.xml,prism_y0d0250,True,0.02,4.0,0.45,0.4,1.0,1.0,7.088534109994083,0.04835907812025514,6.0,0.0076697619895962745,0.26896174704291737,0.004065371192646237,0.0016246090737788432,1.0,0.9833333333333333,1.0,1.0,0.9833333333333333,0.9833333333333333,0.01666666666666672,0.013606112833317585,0.06171237860934775,0.005125087482668465,0.013563331531296553,0.008941585970417887,-0.0005944345291723756,-0.015549005861688751,0.0015394288276203757,0.011795680983158995,0.005463134066536002,0.00529108644876362,"[-0.024103448321711882, 1.2952516524678863, -1.1306679467142458, -0.2642269151809965, 1.4895605092355748, 0.9519330463384001, 0.02387907029269381, 1.4800774695764218, 1.0127427367470068]"
prism1,431,/home/humanoid/Programs/hand/results/phase1/run_20260413_pollard_multiscene_500_run3/prism1/generated_mjcf/scene_prism1_tn0d0090p0d0163p0d0012_ip0d0106n0d0210p0d0079_mp0d0186p0d0239p0d0033.xml,prism_y0d0250,True,0.02,4.0,0.45,0.4,1.0,1.0,6.845314763136348,0.05277730787221984,5.0,0.005827652153844153,0.403032927639165,0.006074557579447714,0.00033771746461117025,1.0,1.0,1.0,1.0,1.0,1.0,0.0,0.05395288675183777,0.07065585426785236,-0.009045069329629866,0.016286414078574243,0.001232079353439438,0.010607776781234562,-0.021005149767894388,0.007941771113298229,0.018568443556381972,0.023899946224055856,0.0033294426360466443,"[-0.024103448321711882, 1.2952516524678863, -1.1306679467142458, -0.2642269151809965, 1.4895605092355748, 0.9519330463384001, 0.02387907029269381, 1.4800774695764218, 1.0127427367470068]"
prism1,434,/home/humanoid/Programs/hand/results/phase1/run_20260413_pollard_multiscene_500_run3/prism1/generated_mjcf/scene_prism1_tp0d0061p0d0184p0d0000_ip0d0176n0d0215p0d0000_mp0d0035p0d0238p0d0000.xml,prism_y0d0250,True,0.02,4.0,0.45,0.4,1.0,1.0,7.097282218155075,0.05268475432013245,6.0,0.005598617364003564,0.6041570768941713,0.011665114075041182,0.0011262215302029616,1.0,1.0,1.0,1.0,1.0,1.0,0.0,0.10537679991771516,0.11196248811405905,0.006131997720201,0.018435290362744716,0.0,0.017619931956625062,-0.021477761725560728,0.0,0.0035011270404651136,0.02378280003369332,0.0,"[-0.024103448321711882, 1.2952516524678863, -1.1306679467142458, -0.2642269151809965, 1.4895605092355748, 0.9519330463384001, 0.02387907029269381, 1.4800774695764218, 1.0127427367470068]"
prism1,435,/home/humanoid/Programs/hand/results/phase1/run_20260413_pollard_multiscene_500_run3/prism1/generated_mjcf/scene_prism1_tp0d0106p0d0242p0d0000_ip0d0096n0d0043p0d0000_mp0d0168p0d0273p0d0000.xml,prism_y0d0250,True,0.02,4.0,0.45,0.4,1.0,1.0,5.881191440725344,0.050882579862008934,4.0,0.007079787407799065,0.5959868197013821,0.011055741681374378,0.0011298678793297129,1.0,1.0,0.8833333333333333,1.0,0.8833333333333333,0.8833333333333333,0.1166666666666667,0.03990894564849976,0.11267889277092243,0.01063084908390945,0.024171536197284713,0.0,0.009551757925849768,-0.004272562894365733,0.0,0.01678767899884418,0.02727275818868951,0.0,"[-0.024103448321711882, 1.2952516524678863, -1.1306679467142458, -0.2642269151809965, 1.4895605092355748, 0.9519330463384001, 0.02387907029269381, 1.4800774695764218, 1.0127427367470068]"
prism1,436,/home/humanoid/Programs/hand/results/phase1/run_20260413_pollard_multiscene_500_run3/prism1/generated_mjcf/scene_prism1_tn0d0076p0d0236p0d0000_ip0d0170n0d0200p0d0017_mn0d0013p0d0079p0d0047.xml,prism_y0d0250,True,0.02,4.0,0.45,0.4,1.0,1.0,6.0128660012951345,0.05013608822141966,5.0,0.006816910011025089,0.24929140565265637,0.001211128162335345,0.0017304325411373889,1.0,1.0,1.0,0.7722222222222223,0.7722222222222223,0.7722222222222223,0.22777777777777775,0.021544310422963505,0.04258657138796188,-0.007610571290414185,0.023550381931943205,0.0,0.016999661265836574,-0.019983140800411376,0.0017189998139261614,-0.0013349599660444859,0.007934704045173926,0.004699890575137328,"[-0.024103448321711882, 1.2952516524678863, -1.1306679467142458, -0.2642269151809965, 1.4895605092355748, 0.9519330463384001, 0.02387907029269381, 1.4800774695764218, 1.0127427367470068]"
prism1,437,/home/humanoid/Programs/hand/results/phase1/run_20260413_pollard_multiscene_500_run3/prism1/generated_mjcf/scene_prism1_tp0d0026p0d0114p0d0000_ip0d0156n0d0003p0d0000_mp0d0170p0d0047p0d0000.xml,prism_y0d0250,True,0.02,4.0,0.45,0.4,1.0,1.0,6.346497146300333,0.05284822758427284,5.0,0.0071308275351339365,0.6528789071165779,0.017565944143975068,0.0,1.0,0.8944444444444445,1.0,1.0,0.8944444444444445,0.8944444444444445,0.10555555555555551,0.08669349304975184,0.03781634019571828,0.0026176839625111185,0.011391178484980292,0.0,0.015624984481607816,-0.0003278282907494979,0.0,0.01703328899292387,0.004654251325363892,0.0,"[-0.024103448321711882, 1.2952516524678863, -1.1306679467142458, -0.2642269151809965, 1.4895605092355748, 0.9519330463384001, 0.02387907029269381, 1.4800774695764218, 1.0127427367470068]"
prism1,438,/home/humanoid/Programs/hand/results/phase1/run_20260413_pollard_multiscene_500_run3/prism1/generated_mjcf/scene_prism1_tp0d0102p0d0223p0d0000_ip0d0153n0d0106p0d0001_mp0d0175p0d0220p0d0000.xml,prism_y0d0250,True,0.02,4.0,0.45,0.4,1.0,1.0,6.628406571803767,0.0498848974538163,5.0,0.005297758508540785,1.3650704827115518,0.0034797648165291414,0.0,1.0,1.0,1.0,1.0,1.0,1.0,0.0,0.0702881557855829,0.02208400994246122,0.01018342807798086,0.02234125613906514,0.0,0.015265627310635044,-0.01062878129420388,0.0001183555941337601,0.017501498305174445,0.02201449786772612,0.0,"[-0.024103448321711882, 1.2952516524678863, -1.1306679467142458, -0.2642269151809965, 1.4895605092355748, 0.9519330463384001, 0.02387907029269381, 1.4800774695764218, 1.0127427367470068]"
prism1,439,/home/humanoid/Programs/hand/results/phase1/run_20260413_pollard_multiscene_500_run3/prism1/generated_mjcf/scene_prism1_tp0d0041p0d0221p0d0000_ip0d0023n0d0110p0d0000_mp0d0163p0d0236p0d0038.xml,prism_y0d0250,True,0.02,4.0,0.45,0.4,1.0,1.0,7.186342478584618,0.049351639595864145,6.0,0.007733589196143611,0.39642110658554847,0.001580896233407922,0.0008874221718852132,1.0,1.0,1.0,1.0,1.0,1.0,0.0,0.016422553180840262,0.05895513249319476,0.004055396234236862,0.02212583123867185,0.0,0.002321135574197007,-0.011019493156771299,0.0,0.016328507377646455,0.0235699176351113,0.0038354519921154837,"[-0.024103448321711882, 1.2952516524678863, -1.1306679467142458, -0.2642269151809965, 1.4895605092355748, 0.9519330463384001, 0.02387907029269381, 1.4800774695764218, 1.0127427367470068]"
prism1,440,/home/humanoid/Programs/hand/results/phase1/run_20260413_pollard_multiscene_500_run3/prism1/generated_mjcf/scene_prism1_tn0d0057p0d0197p0d0105_ip0d0083n0d0174p0d0070_mp0d0210p0d0172p0d0027.xml,prism_y0d0250,True,0.02,4.0,0.45,0.4,1.0,1.0,7.260565574041298,0.0550445888746343,6.0,0.005724471424875092,0.3414297287133038,0.011184895205701937,0.0,1.0,1.0,1.0,1.0,1.0,1.0,0.0,0.09166577275694844,0.0891129808459945,-0.0057197918777049635,0.019696955628222775,0.010458688009170419,0.008337152167123458,-0.01735205375378309,0.007023605683724916,0.02102385264600795,0.017152563023836435,0.002682832330421164,"[-0.024103448321711882, 1.2952516524678863, -1.1306679467142458, -0.2642269151809965, 1.4895605092355748, 0.9519330463384001, 0.02387907029269381, 1.4800774695764218, 1.0127427367470068]"
prism1,441,/home/humanoid/Programs/hand/results/phase1/run_20260413_pollard_multiscene_500_run3/prism1/generated_mjcf/scene_prism1_tp0d0019p0d0226p0d0066_ip0d0082n0d0120p0d0000_mp0d0103p0d0238p0d0000.xml,prism_y0d0250,True,0.02,4.0,0.45,0.4,1.0,1.0,6.236308050298473,0.0509467434341373,6.0,0.005462279289446349,0.43584722691013184,0.018804062309286308,0.0,1.0,1.0,0.7888888888888889,1.0,0.7888888888888889,0.7888888888888889,0.21111111111111114,0.14679321203587412,0.1018174827786562,0.0019416655371988813,0.02259363229947895,0.006594002727760957,0.008215286594117186,-0.01202021011361221,0.0,0.010305003915128633,0.023819476571518408,0.0,"[-0.024103448321711882, 1.2952516524678863, -1.1306679467142458, -0.2642269151809965, 1.4895605092355748, 0.9519330463384001, 0.02387907029269381, 1.4800774695764218, 1.0127427367470068]"
prism1,445,/home/humanoid/Programs/hand/results/phase1/run_20260413_pollard_multiscene_500_run3/prism1/generated_mjcf/scene_prism1_tp0d0077p0d0300p0d0000_ip0d0026n0d0098p0d0003_mp0d0090p0d0242p0d0073.xml,prism_y0d0250,True,0.02,4.0,0.45,0.4,1.0,1.0,6.860259760478314,0.05020625176027516,6.0,0.005382071091378902,2.0658888341722923,0.00660832586617784,0.0,1.0,1.0,1.0,1.0,1.0,1.0,0.0,0.1182091975887231,0.0369048620738493,0.00768753876739613,0.03,0.0,0.0025976512521246773,-0.009816610602493132,0.00029591957992342564,0.009017485474437894,0.024158653166428484,0.007259589915213454,"[-0.024103448321711882, 1.2952516524678863, -1.1306679467142458, -0.2642269151809965, 1.4895605092355748, 0.9519330463384001, 0.02387907029269381, 1.4800774695764218, 1.0127427367470068]"
prism1,446,/home/humanoid/Programs/hand/results/phase1/run_20260413_pollard_multiscene_500_run3/prism1/generated_mjcf/scene_prism1_tn0d0011p0d0133p0d0000_ip0d0064n0d0056p0d0000_mp0d0169p0d0078p0d0097.xml,prism_y0d0250,True,0.02,4.0,0.45,0.4,1.0,1.0,6.7338343227395265,0.04982377332797708,5.0,0.0074778178656654155,0.21405932871937985,0.01595255929850833,0.0,1.0,1.0,1.0,1.0,1.0,1.0,0.0,0.05236559600667371,0.029704513805422755,-0.0011360838082298663,0.01325824991429327,0.0,0.006370644463462772,-0.005629206754397946,0.0,0.016873785784942086,0.00783212339710345,0.009701247693015839,"[-0.024103448321711882, 1.2952516524678863, -1.1306679467142458, -0.2642269151809965, 1.4895605092355748, 0.9519330463384001, 0.02387907029269381, 1.4800774695764218, 1.0127427367470068]"
prism1,447,/home/humanoid/Programs/hand/results/phase1/run_20260413_pollard_multiscene_500_run3/prism1/generated_mjcf/scene_prism1_tn0d0090p0d0157p0d0000_ip0d0219n0d0157p0d0059_mp0d0063p0d0143p0d0034.xml,prism_y0d0250,True,0.02,4.0,0.45,0.4,1.0,1.0,7.169939869669279,0.050815604737155955,6.0,0.005449468719657774,0.3549490283269686,0.002678681667224531,0.00018608389562156658,1.0,1.0,1.0,1.0,1.0,1.0,0.0,0.0967981578989392,0.05872349958614644,-0.00904278167422818,0.015719803582083764,0.0,0.02194357027748288,-0.01567893837806663,0.005854617823766374,0.006262715532870271,0.0143171905155444,0.00339523737421424,"[-0.024103448321711882, 1.2952516524678863, -1.1306679467142458, -0.2642269151809965, 1.4895605092355748, 0.9519330463384001, 0.02387907029269381, 1.4800774695764218, 1.0127427367470068]"
prism1,448,/home/humanoid/Programs/hand/results/phase1/run_20260413_pollard_multiscene_500_run3/prism1/generated_mjcf/scene_prism1_tp0d0003p0d0134p0d0000_ip0d0206n0d0099p0d0000_mp0d0083p0d0251p0d0000.xml,prism_y0d0250,True,0.02,4.0,0.45,0.4,1.0,1.0,3.4957061106421627,0.04686532879748195,4.0,0.009974639398042598,3.170673165162249,0.021073317533995647,0.04446780437311808,0.8333333333333334,0.8222222222222222,0.5361111111111111,0.8361111111111111,0.5166666666666667,0.5361111111111111,0.30000000000000004,0.1638501681772249,0.0369195023480006,0.0002617629877949522,0.013412109453143835,0.0,0.020648687224171146,-0.009855365425905357,0.0,0.008263438874933736,0.02514626012262553,0.0,"[-0.024103448321711882, 1.2952516524678863, -1.1306679467142458, -0.2642269151809965, 1.4895605092355748, 0.9519330463384001, 0.02387907029269381, 1.4800774695764218, 1.0127427367470068]"
prism1,449,/home/humanoid/Programs/hand/results/phase1/run_20260413_pollard_multiscene_500_run3/prism1/generated_mjcf/scene_prism1_tn0d0067p0d0251p0d0000_ip0d0118n0d0189p0d0103_mp0d0178p0d0230p0d0000.xml,prism_y0d0250,True,0.02,4.0,0.45,0.4,1.0,1.0,7.062931594275194,0.051334092579866694,6.0,0.005330928042754419,0.5881611857710917,0.009101043702581073,0.0,1.0,1.0,1.0,1.0,1.0,1.0,0.0,0.14668690927496594,0.06716488115702983,-0.006688079787446489,0.025055041151438993,0.0,0.011787691163478548,-0.018857419838083388,0.010269059958378499,0.017802052151034024,0.02298066643960671,0.0,"[-0.024103448321711882, 1.2952516524678863, -1.1306679467142458, -0.2642269151809965, 1.4895605092355748, 0.9519330463384001, 0.02387907029269381, 1.4800774695764218, 1.0127427367470068]"
prism1,451,/home/humanoid/Programs/hand/results/phase1/run_20260413_pollard_multiscene_500_run3/prism1/generated_mjcf/scene_prism1_tn0d0015p0d0169p0d0000_ip0d0172n0d0104p0d0011_mp0d0107p0d0072p0d0079.xml,prism_y0d0250,True,0.02,4.0,0.45,0.4,1.0,1.0,6.750560002603143,0.049057949783142485,5.0,0.0053135054862807245,0.46056710555855573,0.004753678331875269,0.0,1.0,1.0,1.0,1.0,1.0,1.0,0.0,0.05149747405040487,0.013473237917685565,-0.0015262415059165927,0.016865296197385568,0.0,0.01723625189913445,-0.010377268605681585,0.0010902005619215262,0.010692937551189264,0.007170400093331903,0.007890693852559163,"[-0.024103448321711882, 1.2952516524678863, -1.1306679467142458, -0.2642269151809965, 1.4895605092355748, 0.9519330463384001, 0.02387907029269381, 1.4800774695764218, 1.0127427367470068]"
prism1,454,/home/humanoid/Programs/hand/results/phase1/run_20260413_pollard_multiscene_500_run3/prism1/generated_mjcf/scene_prism1_tn0d0120p0d0128p0d0116_ip0d0050n0d0194p0d0076_mp0d0166p0d0127p0d0000.xml,prism_y0d0250,True,0.02,4.0,0.45,0.4,1.0,1.0,7.268893166399243,0.051791000245898444,6.0,0.005844064257247622,0.13605539545698056,0.005802756679963126,0.0,1.0,1.0,1.0,1.0,1.0,1.0,0.0,0.03283887621229568,0.08807997616417124,-0.011972388872996056,0.01282487263656613,0.011611864056680684,0.005026344630147989,-0.019399767209179065,0.007643009671431975,0.01662868765354221,0.01269309732471084,0.0,"[-0.024103448321711882, 1.2952516524678863, -1.1306679467142458, -0.2642269151809965, 1.4895605092355748, 0.9519330463384001, 0.02387907029269381, 1.4800774695764218, 1.0127427367470068]"
prism1,456,/home/humanoid/Programs/hand/results/phase1/run_20260413_pollard_multiscene_500_run3/prism1/generated_mjcf/scene_prism1_tn0d0040p0d0123p0d0003_ip0d0092n0d0065p0d0071_mp0d0134p0d0052p0d0000.xml,prism_y0d0250,True,0.02,4.0,0.45,0.4,1.0,1.0,6.025840569782698,0.0553140932082414,5.0,0.0064400452122303576,0.6488192371362742,0.013481703116194132,0.0,1.0,1.0,0.7833333333333333,1.0,0.7833333333333333,0.7833333333333333,0.21666666666666667,0.10171550633151948,0.07468798296432881,-0.004036233379079683,0.01228166921896134,0.0003371369671329571,0.009179435430101485,-0.006514778638218343,0.007092787816219352,0.01344244043374698,0.005212812531370138,0.0,"[-0.024103448321711882, 1.2952516524678863, -1.1306679467142458, -0.2642269151809965, 1.4895605092355748, 0.9519330463384001, 0.02387907029269381, 1.4800774695764218, 1.0127427367470068]"
prism1,458,/home/humanoid/Programs/hand/results/phase1/run_20260413_pollard_multiscene_500_run3/prism1/generated_mjcf/scene_prism1_tn0d0087p0d0102p0d0000_ip0d0007n0d0098p0d0001_mp0d0183p0d0189p0d0098.xml,prism_y0d0250,True,0.02,4.0,0.45,0.4,1.0,1.0,6.850571794019527,0.04892513253066974,5.0,0.008158058809089017,0.09010762172439116,0.0023537589708742634,0.0002876139598918248,1.0,1.0,1.0,1.0,1.0,1.0,0.0,0.006276861019864549,0.016249602626528675,-0.008684111063004037,0.010177429826163853,0.0,0.0006950654730162355,-0.009834574943168922,9.944646366308318e-05,0.018299039648385917,0.01888504637861417,0.00980088854210293,"[-0.024103448321711882, 1.2952516524678863, -1.1306679467142458, -0.2642269151809965, 1.4895605092355748, 0.9519330463384001, 0.02387907029269381, 1.4800774695764218, 1.0127427367470068]"
prism1,459,/home/humanoid/Programs/hand/results/phase1/run_20260413_pollard_multiscene_500_run3/prism1/generated_mjcf/scene_prism1_tp0d0038p0d0277p0d0015_ip0d0094n0d0050p0d0087_mp0d0111p0d0248p0d0007.xml,prism_y0d0250,True,0.02,4.0,0.45,0.4,1.0,1.0,6.8629378692747585,0.0490953818833834,5.0,0.005411669013643272,0.12499175970303823,0.0013638120389865593,4.033925338983724e-05,1.0,1.0,1.0,1.0,1.0,1.0,0.0,0.015191056152477116,0.003940790467687472,0.0038372290418067397,0.027679147460744107,0.00146902495111516,0.009444239676410551,-0.005007706588113394,0.008700653976734352,0.01105983181184128,0.024784398737338946,0.0006566282614868125,"[-0.024103448321711882, 1.2952516524678863, -1.1306679467142458, -0.2642269151809965, 1.4895605092355748, 0.9519330463384001, 0.02387907029269381, 1.4800774695764218, 1.0127427367470068]"
prism1,460,/home/humanoid/Programs/hand/results/phase1/run_20260413_pollard_multiscene_500_run3/prism1/generated_mjcf/scene_prism1_tp0d0051p0d0151p0d0076_in0d0005n0d0087p0d0083_mp0d0021p0d0071p0d0000.xml,prism_y0d0250,True,0.02,4.0,0.45,0.4,1.0,1.0,5.2153147190777105,0.0512130933181893,6.0,0.005492467383245923,0.6639601158090676,0.029085245105792922,0.0,1.0,1.0,0.5333333333333333,1.0,0.5333333333333333,0.5333333333333333,0.4666666666666667,0.14588665820262017,0.1323329321673705,0.005070275558583852,0.015144088267443812,0.0076441035634370325,-0.0004886669091993274,-0.008682677275442627,0.008332307329351672,0.0020755398598146044,0.007136235813742821,0.0,"[-0.024103448321711882, 1.2952516524678863, -1.1306679467142458, -0.2642269151809965, 1.4895605092355748, 0.9519330463384001, 0.02387907029269381, 1.4800774695764218, 1.0127427367470068]"
prism1,462,/home/humanoid/Programs/hand/results/phase1/run_20260413_pollard_multiscene_500_run3/prism1/generated_mjcf/scene_prism1_tn0d0074p0d0158p0d0080_ip0d0193n0d0065p0d0068_mp0d0003p0d0179p0d0022.xml,prism_y0d0250,True,0.02,4.0,0.45,0.4,1.0,1.0,5.501975104683331,0.05003666869545241,5.0,0.0058268853748350185,3.3994711991572357,0.015348284899935843,0.0,1.0,1.0,0.8194444444444444,1.0,0.8194444444444444,0.8194444444444444,0.18055555555555558,0.15352012242589522,0.06424803441747401,-0.007404738332604117,0.015765543940939562,0.007990530901553664,0.019324819285983626,-0.006543558792698018,0.006772267263960373,0.0002677811277845294,0.017936383260698505,0.0021669874134804725,"[-0.024103448321711882, 1.2952516524678863, -1.1306679467142458, -0.2642269151809965, 1.4895605092355748, 0.9519330463384001, 0.02387907029269381, 1.4800774695764218, 1.0127427367470068]"
prism1,464,/home/humanoid/Programs/hand/results/phase1/run_20260413_pollard_multiscene_500_run3/prism1/generated_mjcf/scene_prism1_tn0d0054p0d0109p0d0107_ip0d0147n0d0019p0d0104_mp0d0043p0d0052p0d0098.xml,prism_y0d0250,True,0.02,4.0,0.45,0.4,1.0,1.0,5.525647994948817,0.054212689925104904,5.0,0.007270896738823425,0.8659992309834206,0.015125624592306437,0.0,1.0,0.6555555555555556,1.0,1.0,0.6555555555555556,0.6555555555555556,0.34444444444444444,0.07534597858527914,0.0425094963311539,-0.005388295655969974,0.010895009566350942,0.010705614806808997,0.014669172889080135,-0.0018880941279286554,0.010449585597510806,0.004269540828584654,0.005219547507113649,0.009837767568049896,"[-0.024103448321711882, 1.2952516524678863, -1.1306679467142458, -0.2642269151809965, 1.4895605092355748, 0.9519330463384001, 0.02387907029269381, 1.4800774695764218, 1.0127427367470068]"
prism1,465,/home/humanoid/Programs/hand/results/phase1/run_20260413_pollard_multiscene_500_run3/prism1/generated_mjcf/scene_prism1_tp0d0032p0d0149p0d0000_ip0d0097n0d0096p0d0000_mp0d0036p0d0065p0d0091.xml,prism_y0d0250,True,0.02,4.0,0.45,0.4,1.0,1.0,6.19183907556429,0.04898726262520113,5.0,0.0053488570548010156,0.9782717627822369,0.02151906875710351,0.0,1.0,1.0,0.9388888888888889,1.0,0.9388888888888889,0.9388888888888889,0.061111111111111116,0.15963507304263413,0.11305430441111737,0.0031694280086304993,0.014940037139802399,0.0,0.009734840540635576,-0.009609581632785089,0.0,0.0036017896508224985,0.006460760873302428,0.009061009487349163,"[-0.024103448321711882, 1.2952516524678863, -1.1306679467142458, -0.2642269151809965, 1.4895605092355748, 0.9519330463384001, 0.02387907029269381, 1.4800774695764218, 1.0127427367470068]"
prism1,466,/home/humanoid/Programs/hand/results/phase1/run_20260413_pollard_multiscene_500_run3/prism1/generated_mjcf/scene_prism1_tn0d0008p0d0260p0d0051_ip0d0026n0d0104p0d0000_mp0d0041p0d0208p0d0000.xml,prism_y0d0250,True,0.02,4.0,0.45,0.4,1.0,1.0,6.565668510159291,0.050069021306457365,5.0,0.005404852849773142,1.450886769141014,0.00619065385448403,0.0,1.0,1.0,1.0,1.0,1.0,1.0,0.0,0.10491904535937273,0.03248309201948082,-0.00081991629980422,0.026034750194938505,0.005062310391965544,0.0025952577325081662,-0.010359114817091094,0.0,0.0040665430258067965,0.020832864965785874,0.0,"[-0.024103448321711882, 1.2952516524678863, -1.1306679467142458, -0.2642269151809965, 1.4895605092355748, 0.9519330463384001, 0.02387907029269381, 1.4800774695764218, 1.0127427367470068]"
prism1,468,/home/humanoid/Programs/hand/results/phase1/run_20260413_pollard_multiscene_500_run3/prism1/generated_mjcf/scene_prism1_tn0d0114p0d0187p0d0000_in0d0008n0d0220p0d0034_mn0d0007p0d0127p0d0000.xml,prism_y0d0250,True,0.02,4.0,0.45,0.4,1.0,1.0,6.347147247833341,0.05288689187028188,6.0,0.00556052568099213,0.5181678628512218,0.011111792601085255,0.0,1.0,1.0,1.0,0.7861111111111111,0.7861111111111111,0.7861111111111111,0.2138888888888889,0.12241463406987592,0.11192469432093909,-0.011409274767089164,0.0186899836045733,0.0,-0.0008462088297067905,-0.021983896864782655,0.0034054610646400817,-0.0006828656042447961,0.012675653524392668,0.0,"[-0.024103448321711882, 1.2952516524678863, -1.1306679467142458, -0.2642269151809965, 1.4895605092355748, 0.9519330463384001, 0.02387907029269381, 1.4800774695764218, 1.0127427367470068]"
prism1,469,/home/humanoid/Programs/hand/results/phase1/run_20260413_pollard_multiscene_500_run3/prism1/generated_mjcf/scene_prism1_tn0d0118p0d0098p0d0078_ip0d0157n0d0179p0d0052_mp0d0014p0d0208p0d0000.xml,prism_y0d0250,True,0.02,4.0,0.45,0.4,1.0,1.0,7.105873344978855,0.04949096708386347,6.0,0.007583523777373036,0.15658326409821718,0.00860703257612725,0.0,1.0,0.9861111111111112,1.0,1.0,0.9861111111111112,0.9861111111111112,0.01388888888888884,0.07415134372021347,0.023724853219819653,-0.011765599472505791,0.009785349809807487,0.007848847332914674,0.015698333536894954,-0.017885917142791793,0.005184286748598808,0.001352126037304658,0.020801664430839015,0.0,"[-0.024103448321711882, 1.2952516524678863, -1.1306679467142458, -0.2642269151809965, 1.4895605092355748, 0.9519330463384001, 0.02387907029269381, 1.4800774695764218, 1.0127427367470068]"
prism1,471,/home/humanoid/Programs/hand/results/phase1/run_20260413_pollard_multiscene_500_run3/prism1/generated_mjcf/scene_prism1_tp0d0030p0d0113p0d0000_ip0d0151n0d0021p0d0000_mp0d0216p0d0086p0d0000.xml,prism_y0d0250,True,0.02,4.0,0.45,0.4,1.0,1.0,6.47477280514193,0.05027008314273344,6.0,0.00708461681943517,0.8745605075816787,0.017430637782332174,0.0,1.0,0.8666666666666667,1.0,1.0,0.8666666666666667,0.8666666666666667,0.1333333333333333,0.13689629544759874,0.03569334587205345,0.003032211930165382,0.011261223420214555,0.0,0.015117565516981355,-0.0020649879170627477,0.0,0.021614954396179616,0.008557351577785258,0.0,"[-0.024103448321711882, 1.2952516524678863, -1.1306679467142458, -0.2642269151809965, 1.4895605092355748, 0.9519330463384001, 0.02387907029269381, 1.4800774695764218, 1.0127427367470068]"
prism1,473,/home/humanoid/Programs/hand/results/phase1/run_20260413_pollard_multiscene_500_run3/prism1/generated_mjcf/scene_prism1_tp0d0028p0d0111p0d0000_ip0d0158n0d0076p0d0066_mp0d0190p0d0078p0d0052.xml,prism_y0d0250,True,0.02,4.0,0.45,0.4,1.0,1.0,5.520191928322103,0.04954597020383396,4.0,0.007583186330666539,0.586070376863169,0.019320068391132345,0.0,1.0,0.8111111111111111,1.0,1.0,0.8111111111111111,0.8111111111111111,0.18888888888888888,0.09653988452433553,0.03675960950029589,0.002787428416073051,0.011124309693084186,0.0,0.015762279253828677,-0.007609730635977962,0.006600435282516717,0.01895273993524628,0.007783232773671751,0.005163729948006412,"[-0.024103448321711882, 1.2952516524678863, -1.1306679467142458, -0.2642269151809965, 1.4895605092355748, 0.9519330463384001, 0.02387907029269381, 1.4800774695764218, 1.0127427367470068]"
prism1,474,/home/humanoid/Programs/hand/results/phase1/run_20260413_pollard_multiscene_500_run3/prism1/generated_mjcf/scene_prism1_tp0d0075p0d0138p0d0000_ip0d0057n0d0219p0d0086_mp0d0161p0d0036p0d0000.xml,prism_y0d0250,True,0.02,4.0,0.45,0.4,1.0,1.0,5.79613637835779,0.050681462511839456,5.0,0.005468534140916008,2.795299695918251,0.017805481335232704,0.0006988924314185879,1.0,1.0,1.0,0.8833333333333333,0.8833333333333333,0.8833333333333333,0.1166666666666667,0.16284459690791067,0.0988371855813851,0.007473701560144725,0.013832646818040854,0.0,0.005676260346304213,-0.021940866096397726,0.008647108538634853,0.016052627074017313,0.0035593571489968313,0.0,"[-0.024103448321711882, 1.2952516524678863, -1.1306679467142458, -0.2642269151809965, 1.4895605092355748, 0.9519330463384001, 0.02387907029269381, 1.4800774695764218, 1.0127427367470068]"
prism1,476,/home/humanoid/Programs/hand/results/phase1/run_20260413_pollard_multiscene_500_run3/prism1/generated_mjcf/scene_prism1_tp0d0118p0d0279p0d0112_ip0d0203n0d0028p0d0075_mp0d0128p0d0199p0d0107.xml,prism_y0d0250,True,0.02,4.0,0.45,0.4,1.0,1.0,5.397150447369022,0.05304317233105026,6.0,0.005684325026255039,0.6184304446400964,0.018313784546273245,0.0,1.0,1.0,1.0,0.5416666666666666,0.5416666666666666,0.5416666666666666,0.45833333333333337,0.14533067658999912,0.1000279672031476,0.011840430954169388,0.027935950600095887,0.01118669848282157,0.020329158687063302,-0.002805143197382407,0.007519427185789622,0.01275148782269786,0.019934227857964906,0.010702847419610532,"[-0.024103448321711882, 1.2952516524678863, -1.1306679467142458, -0.2642269151809965, 1.4895605092355748, 0.9519330463384001, 0.02387907029269381, 1.4800774695764218, 1.0127427367470068]"
prism1,477,/home/humanoid/Programs/hand/results/phase1/run_20260413_pollard_multiscene_500_run3/prism1/generated_mjcf/scene_prism1_tp0d0035p0d0101p0d0008_ip0d0170n0d0216p0d0000_mp0d0184p0d0054p0d0000.xml,prism_y0d0250,True,0.02,4.0,0.45,0.4,1.0,1.0,6.665890911777087,0.05283062474576754,5.0,0.005600366498523047,0.41141188157447883,0.016761758901531348,0.0,1.0,1.0,1.0,1.0,1.0,1.0,0.0,0.15795677810779998,0.10348221514914091,0.003532706305282232,0.010064409176203722,0.0007671164180321852,0.016983686550221457,-0.02158511885854595,0.0,0.018377546113442306,0.0054433989863529875,0.0,"[-0.024103448321711882, 1.2952516524678863, -1.1306679467142458, -0.2642269151809965, 1.4895605092355748, 0.9519330463384001, 0.02387907029269381, 1.4800774695764218, 1.0127427367470068]"
prism1,478,/home/humanoid/Programs/hand/results/phase1/run_20260413_pollard_multiscene_500_run3/prism1/generated_mjcf/scene_prism1_tp0d0004p0d0216p0d0069_ip0d0154n0d0225p0d0015_mp0d0145p0d0270p0d0071.xml,prism_y0d0250,True,0.02,4.0,0.45,0.4,1.0,1.0,6.450558123156017,0.05018654657807871,5.0,0.005472845117597133,1.4541167952165626,0.015283027096485331,0.0,1.0,1.0,1.0,1.0,1.0,1.0,0.0,0.15043989864744503,0.06953947266540335,0.0004021373010342118,0.021570085370465064,0.006861995303780965,0.015395232114689744,-0.022512682614668177,0.0014686024647519863,0.014504301258655013,0.027042155239312353,0.007146943895862106,"[-0.024103448321711882, 1.2952516524678863, -1.1306679467142458, -0.2642269151809965, 1.4895605092355748, 0.9519330463384001, 0.02387907029269381, 1.4800774695764218, 1.0127427367470068]"
prism1,481,/home/humanoid/Programs/hand/results/phase1/run_20260413_pollard_multiscene_500_run3/prism1/generated_mjcf/scene_prism1_tn0d0042p0d0108p0d0000_ip0d0050n0d0165p0d0000_mp0d0091p0d0259p0d0100.xml,prism_y0d0250,True,0.02,4.0,0.45,0.4,1.0,1.0,6.365560965433203,0.048275306072300544,4.0,0.008278934374423367,0.2753949209871373,0.004092219031643054,0.0014821147794401857,1.0,1.0,1.0,1.0,1.0,1.0,0.0,0.013867593237970148,0.020002710838577575,-0.0042281149078721115,0.01083128765777069,0.0,0.004986767634672156,-0.016452708630349696,0.0,0.00910392439192348,0.02593147672649057,0.009987862840108785,"[-0.024103448321711882, 1.2952516524678863, -1.1306679467142458, -0.2642269151809965, 1.4895605092355748, 0.9519330463384001, 0.02387907029269381, 1.4800774695764218, 1.0127427367470068]"
prism1,482,/home/humanoid/Programs/hand/results/phase1/run_20260413_pollard_multiscene_500_run3/prism1/generated_mjcf/scene_prism1_tn0d0098p0d0121p0d0012_ip0d0047n0d0163p0d0119_mp0d0210p0d0054p0d0039.xml,prism_y0d0250,True,0.02,4.0,0.45,0.4,1.0,1.0,7.211306527520475,0.05338467987173262,6.0,0.005418019078475716,0.5328131278000268,0.009466200263725291,0.0,1.0,1.0,1.0,1.0,1.0,1.0,0.0,0.06040233967986849,0.09839943880198286,-0.009785904135380658,0.012145531883004285,0.0011952640352207375,0.004714135885396038,-0.01625831757918936,0.011942494800905243,0.021011383902793244,0.00537992948582189,0.003885434767348487,"[-0.024103448321711882, 1.2952516524678863, -1.1306679467142458, -0.2642269151809965, 1.4895605092355748, 0.9519330463384001, 0.02387907029269381, 1.4800774695764218, 1.0127427367470068]"
prism1,484,/home/humanoid/Programs/hand/results/phase1/run_20260413_pollard_multiscene_500_run3/prism1/generated_mjcf/scene_prism1_tn0d0052p0d0171p0d0000_ip0d0114n0d0080p0d0001_mp0d0184p0d0173p0d0101.xml,prism_y0d0250,True,0.02,4.0,0.45,0.4,1.0,1.0,7.264650912853007,0.04964952168715622,6.0,0.007458932504796542,0.09555169965011596,0.0033327667165745888,2.696402393871644e-05,1.0,1.0,1.0,1.0,1.0,1.0,0.0,0.01088820699067424,0.02524670132592836,-0.005160010769570534,0.017119655572404743,0.0,0.011431032996217559,-0.008025402495112839,6.745440736844431e-05,0.018422271121277062,0.017256367578312053,0.010058918050668147,"[-0.024103448321711882, 1.2952516524678863, -1.1306679467142458, -0.2642269151809965, 1.4895605092355748, 0.9519330463384001, 0.02387907029269381, 1.4800774695764218, 1.0127427367470068]"
prism1,485,/home/humanoid/Programs/hand/results/phase1/run_20260413_pollard_multiscene_500_run3/prism1/generated_mjcf/scene_prism1_tp0d0088p0d0135p0d0000_ip0d0118n0d0067p0d0000_mp0d0202p0d0130p0d0000.xml,prism_y0d0250,True,0.02,4.0,0.45,0.4,1.0,1.0,6.8578524365352225,0.04967816433845425,5.0,0.007617403170085979,0.1285034344656433,0.0012960900242923604,0.0008639965374807879,1.0,1.0,1.0,1.0,1.0,1.0,0.0,0.009005466081733785,0.03844605824679944,0.008772642373253814,0.013473487068065018,0.0,0.011840300635021877,-0.0066831136960992295,0.0,0.020173904665329145,0.012994021296588502,0.0,"[-0.024103448321711882, 1.2952516524678863, -1.1306679467142458, -0.2642269151809965, 1.4895605092355748, 0.9519330463384001, 0.02387907029269381, 1.4800774695764218, 1.0127427367470068]"
prism1,487,/home/humanoid/Programs/hand/results/phase1/run_20260413_pollard_multiscene_500_run3/prism1/generated_mjcf/scene_prism1_tp0d0088p0d0220p0d0000_ip0d0041n0d0100p0d0000_mp0d0023p0d0105p0d0000.xml,prism_y0d0250,True,0.02,4.0,0.45,0.4,1.0,1.0,5.586928424808561,0.05110266228728286,6.0,0.005364881915901835,1.7197754653856467,0.01988879832009859,0.0,1.0,1.0,1.0,0.6694444444444444,0.6694444444444444,0.6694444444444444,0.3305555555555556,0.1719166061073916,0.10343855115741137,0.008751521139274309,0.02195813433495425,0.0,0.004088112811065856,-0.010035573251982316,0.0,0.0022695589478362553,0.010519856420060628,0.0,"[-0.024103448321711882, 1.2952516524678863, -1.1306679467142458, -0.2642269151809965, 1.4895605092355748, 0.9519330463384001, 0.02387907029269381, 1.4800774695764218, 1.0127427367470068]"
prism1,488,/home/humanoid/Programs/hand/results/phase1/run_20260413_pollard_multiscene_500_run3/prism1/generated_mjcf/scene_prism1_tp0d0040p0d0252p0d0000_ip0d0175n0d0024p0d0099_mp0d0139p0d0140p0d0000.xml,prism_y0d0250,True,0.02,4.0,0.45,0.4,1.0,1.0,7.217483449765669,0.05304877748914564,6.0,0.005472234003906527,0.12910275408055558,0.006309529479269223,0.0,1.0,1.0,1.0,1.0,1.0,1.0,0.0,0.1195279515619561,0.10305750559392148,0.0040151865912417435,0.02517965433679476,0.0,0.017472318988795123,-0.0023861769190015748,0.009858527470894534,0.013947603886014506,0.014000716894325091,0.0,"[-0.024103448321711882, 1.2952516524678863, -1.1306679467142458, -0.2642269151809965, 1.4895605092355748, 0.9519330463384001, 0.02387907029269381, 1.4800774695764218, 1.0127427367470068]"
prism1,490,/home/humanoid/Programs/hand/results/phase1/run_20260413_pollard_multiscene_500_run3/prism1/generated_mjcf/scene_prism1_tn0d0103p0d0157p0d0000_ip0d0039n0d0154p0d0024_mp0d0106p0d0269p0d0095.xml,prism_y0d0250,True,0.02,4.0,0.45,0.4,1.0,1.0,6.342498885766879,0.04721723792683356,4.0,0.008023051611915312,0.2537534164825676,0.001835354848670122,0.0017314762026433006,1.0,1.0,1.0,1.0,1.0,1.0,0.0,0.012292599236614285,0.02382576643145068,-0.01033819147763369,0.015694722108475882,0.0,0.0038626213160662783,-0.01540010741443225,0.002371286748752201,0.010604854281785482,0.02690137877281787,0.009546302702118915,"[-0.024103448321711882, 1.2952516524678863, -1.1306679467142458, -0.2642269151809965, 1.4895605092355748, 0.9519330463384001, 0.02387907029269381, 1.4800774695764218, 1.0127427367470068]"
prism1,492,/home/humanoid/Programs/hand/results/phase1/run_20260413_pollard_multiscene_500_run3/prism1/generated_mjcf/scene_prism1_tn0d0120p0d0103p0d0000_ip0d0137n0d0123p0d0000_mp0d0054p0d0081p0d0045.xml,prism_y0d0250,True,0.02,4.0,0.45,0.4,1.0,1.0,6.581165480176539,0.057353898590742095,5.0,0.006372793078582926,0.9394155970674155,0.00969275431362724,0.0,1.0,1.0,0.9138888888888889,1.0,0.9138888888888889,0.9138888888888889,0.08611111111111114,0.0683485930140902,0.07211585177260532,-0.011976922786092133,0.010296461513639622,0.0,0.013723523804438831,-0.01225337989012358,0.0,0.005424176997103532,0.008063687818109542,0.004537319127635171,"[-0.024103448321711882, 1.2952516524678863, -1.1306679467142458, -0.2642269151809965, 1.4895605092355748, 0.9519330463384001, 0.02387907029269381, 1.4800774695764218, 1.0127427367470068]"
prism1,495,/home/humanoid/Programs/hand/results/phase1/run_20260413_pollard_multiscene_500_run3/prism1/generated_mjcf/scene_prism1_tp0d0045p0d0202p0d0000_ip0d0187n0d0027p0d0000_mp0d0092p0d0076p0d0019.xml,prism_y0d0250,True,0.02,4.0,0.45,0.4,1.0,1.0,6.99634211679769,0.05060707950176441,6.0,0.005351674670508607,1.0496285206936655,0.011027613654597921,0.0,1.0,1.0,1.0,1.0,1.0,1.0,0.0,0.11564990777538652,0.04988489723204753,0.004459944146623599,0.020157888414723962,0.0,0.018738071733546885,-0.002711925195349201,0.0,0.0092276115898702,0.0075653226688972225,0.0018619001808148194,"[-0.024103448321711882, 1.2952516524678863, -1.1306679467142458, -0.2642269151809965, 1.4895605092355748, 0.9519330463384001, 0.02387907029269381, 1.4800774695764218, 1.0127427367470068]"
prism1,496,/home/humanoid/Programs/hand/results/phase1/run_20260413_pollard_multiscene_500_run3/prism1/generated_mjcf/scene_prism1_tn0d0009p0d0248p0d0099_ip0d0088n0d0012p0d0000_mp0d0184p0d0181p0d0000.xml,prism_y0d0250,True,0.02,4.0,0.45,0.4,1.0,1.0,7.283108530427914,0.05078572203987139,6.0,0.00666630395311987,0.1758947667677092,0.0017084251828497132,0.00023137469250246456,1.0,1.0,1.0,1.0,1.0,1.0,0.0,0.019185691194105587,0.044924358889908554,-0.0008933137833174749,0.024786767158425156,0.009864986063080061,0.008841727231664482,-0.0012339940763756874,0.0,0.018411304301340338,0.01808062999647958,0.0,"[-0.024103448321711882, 1.2952516524678863, -1.1306679467142458, -0.2642269151809965, 1.4895605092355748, 0.9519330463384001, 0.02387907029269381, 1.4800774695764218, 1.0127427367470068]"
prism1,497,/home/humanoid/Programs/hand/results/phase1/run_20260413_pollard_multiscene_500_run3/prism1/generated_mjcf/scene_prism1_tn0d0097p0d0212p0d0092_ip0d0104n0d0190p0d0000_mp0d0216p0d0200p0d0095.xml,prism_y0d0250,True,0.02,4.0,0.45,0.4,1.0,1.0,6.695480034047092,0.05114614954270714,5.0,0.005914183701901992,0.19205869231922065,0.011794196079708266,0.0,1.0,1.0,1.0,1.0,1.0,1.0,0.0,0.14601868359731393,0.07442833724081466,-0.009713218372601893,0.021152490188781035,0.009228060343378315,0.010391589576232495,-0.019031929684336403,0.0,0.02163107469634539,0.020045375014204635,0.009475648985567953,"[-0.024103448321711882, 1.2952516524678863, -1.1306679467142458, -0.2642269151809965, 1.4895605092355748, 0.9519330463384001, 0.02387907029269381, 1.4800774695764218, 1.0127427367470068]"
prism1,498,/home/humanoid/Programs/hand/results/phase1/run_20260413_pollard_multiscene_500_run3/prism1/generated_mjcf/scene_prism1_tn0d0119p0d0090p0d0017_ip0d0053n0d0047p0d0038_mp0d0079p0d0177p0d0074.xml,prism_y0d0250,True,0.02,4.0,0.45,0.4,1.0,1.0,6.866764267772537,0.04937213516060959,5.0,0.008003549914434086,0.07814265653303204,0.0030079781767021908,0.0002539200645488987,1.0,1.0,1.0,1.0,1.0,1.0,0.0,0.004129582916398579,0.01661494357755333,-0.011909862353567426,0.008988565285749352,0.001733493470553472,0.005262883245504537,-0.00472709212620471,0.003801006143391579,0.00789349564076763,0.01765195848887168,0.0073960258272467334,"[-0.024103448321711882, 1.2952516524678863, -1.1306679467142458, -0.2642269151809965, 1.4895605092355748, 0.9519330463384001, 0.02387907029269381, 1.4800774695764218, 1.0127427367470068]"
prism1,499,/home/humanoid/Programs/hand/results/phase1/run_20260413_pollard_multiscene_500_run3/prism1/generated_mjcf/scene_prism1_tp0d0014p0d0095p0d0000_ip0d0084n0d0171p0d0015_mp0d0149p0d0186p0d0000.xml,prism_y0d0250,True,0.02,4.0,0.45,0.4,1.0,1.0,4.4515664352324125,0.04918108088250603,4.0,0.008896585798480199,0.22563767861335055,0.0013720171098813227,0.0020150856670043543,1.0,1.0,0.4638888888888889,1.0,0.4638888888888889,0.4638888888888889,0.5361111111111111,0.03745920567488424,0.03652047185622146,0.0013764715164408785,0.00947601429432269,0.0,0.008399100002780555,-0.017066066196626872,0.0014972733179993147,0.014912960203866244,0.018649016434409443,0.0,"[-0.024103448321711882, 1.2952516524678863, -1.1306679467142458, -0.2642269151809965, 1.4895605092355748, 0.9519330463384001, 0.02387907029269381, 1.4800774695764218, 1.0127427367470068]"
