scene_key,candidate_id,scene_xml,selected_foundational_pose,feasible,feasibility_max_mean_tip_distance,feasibility_min_contacts,feasible_pose_count,foundational_pose_count,score,cube_lift,cube_tip_contacts,mean_tip_distance,cube_vel_norm,thumb_x,thumb_y,thumb_len,index_x,index_y,index_len,middle_x,middle_y,middle_len,chosen_ctrl_json
prism2,0,/home/humanoid/Programs/hand/results/phase1/run_20260413_pollard_multiscene_500_run2/prism2/generated_mjcf/scene_prism2_tp0d0000p0d0200p0d0000_ip0d0100n0d0123p0d0000_mp0d0100p0d0153p0d0000.xml,prism_y0d0300,True,0.02,4.0,1.0,1.0,4.485572968818231,0.05005763202883549,5.0,0.00565319610869983,0.2939608507470092,0.0,0.02,0.0,0.01,-0.0123,0.0,0.01,0.0153,0.0,"[0.08263128439284526, 1.3000400626383541, -1.1934317794271463, -0.14548773514971436, 1.4385704440511051, 1.1516368567344175, 0.10389342581421046, 1.489166588256795, 0.9205659349197833]"
prism2,1,/home/humanoid/Programs/hand/results/phase1/run_20260413_pollard_multiscene_500_run2/prism2/generated_mjcf/scene_prism2_tp0d0033p0d0145p0d0000_in0d0016n0d0048p0d0099_mp0d0126p0d0208p0d0010.xml,prism_y0d0300,True,0.02,4.0,1.0,1.0,2.331136129135263,0.045054407557639134,4.0,0.01093479780636671,7.624920129223152,0.0032870804957149027,0.014474881130332889,0.0,-0.001603336747315302,-0.004781514259193461,0.009906133854665322,0.012559258618412316,0.02080791746361596,0.0010469997951701483,"[0.08263128439284526, 1.3000400626383541, -1.1934317794271463, -0.14548773514971436, 1.4385704440511051, 1.1516368567344175, 0.10389342581421046, 1.489166588256795, 0.9205659349197833]"
prism2,2,/home/humanoid/Programs/hand/results/phase1/run_20260413_pollard_multiscene_500_run2/prism2/generated_mjcf/scene_prism2_tp0d0104p0d0276p0d0000_ip0d0186n0d0235p0d0055_mp0d0022p0d0240p0d0010.xml,prism_y0d0300,True,0.02,4.0,1.0,1.0,2.7945183748104077,0.047429879207931014,4.0,0.008779089798154427,1.5746477757152166e-09,0.010441738170906437,0.02758048529891677,0.0,0.018577702638101663,-0.023493946192668855,0.005511730714318659,0.002215734894461416,0.024016294136397276,0.0009950692859782007,"[0.08263128439284526, 1.3000400626383541, -1.1934317794271463, -0.14548773514971436, 1.4385704440511051, 1.1516368567344175, 0.10389342581421046, 1.489166588256795, 0.9205659349197833]"
prism2,3,/home/humanoid/Programs/hand/results/phase1/run_20260413_pollard_multiscene_500_run2/prism2/generated_mjcf/scene_prism2_tn0d0048p0d0181p0d0000_ip0d0010n0d0082p0d0035_mp0d0128p0d0125p0d0119.xml,prism_y0d0300,True,0.02,4.0,1.0,1.0,4.449419187007977,0.050115313234482095,5.0,0.0077465506967292945,0.37855220987440186,-0.004806914627102765,0.018144493308743802,0.0,0.0009827986359895336,-0.008205014047352873,0.003532548277782002,0.012769242675550093,0.012508261302285202,0.011933038458941066,"[0.08263128439284526, 1.3000400626383541, -1.1934317794271463, -0.14548773514971436, 1.4385704440511051, 1.1516368567344175, 0.10389342581421046, 1.489166588256795, 0.9205659349197833]"
prism2,4,/home/humanoid/Programs/hand/results/phase1/run_20260413_pollard_multiscene_500_run2/prism2/generated_mjcf/scene_prism2_tp0d0115p0d0245p0d0036_ip0d0145n0d0150p0d0000_mp0d0153p0d0159p0d0000.xml,prism_y0d0300,True,0.02,4.0,1.0,1.0,4.459157585387898,0.05407267058837758,5.0,0.00596932180844104,0.7071722253073931,0.011540048130629522,0.024453007627536674,0.0036110226304275905,0.014522721533702562,-0.014965885824501509,0.0,0.01531572016465796,0.01590850373941742,0.0,"[0.08263128439284526, 1.3000400626383541, -1.1934317794271463, -0.14548773514971436, 1.4385704440511051, 1.1516368567344175, 0.10389342581421046, 1.489166588256795, 0.9205659349197833]"
prism2,5,/home/humanoid/Programs/hand/results/phase1/run_20260413_pollard_multiscene_500_run2/prism2/generated_mjcf/scene_prism2_tn0d0003p0d0293p0d0104_ip0d0066n0d0106p0d0000_mp0d0123p0d0114p0d0000.xml,prism_y0d0300,True,0.02,4.0,1.0,1.0,4.026976651273904,0.049428399104791215,4.0,0.01008464724265852,0.24603548227347238,-0.00033995138803706235,0.02934770802437601,0.010417044382949991,0.006587084721017685,-0.010583284062485737,0.0,0.012263200724792723,0.011409869412171198,0.0,"[0.08263128439284526, 1.3000400626383541, -1.1934317794271463, -0.14548773514971436, 1.4385704440511051, 1.1516368567344175, 0.10389342581421046, 1.489166588256795, 0.9205659349197833]"
prism2,7,/home/humanoid/Programs/hand/results/phase1/run_20260413_pollard_multiscene_500_run2/prism2/generated_mjcf/scene_prism2_tn0d0039p0d0116p0d0000_ip0d0171n0d0188p0d0000_mp0d0077p0d0081p0d0000.xml,prism_y0d0300,True,0.02,4.0,1.0,1.0,4.444441505818585,0.04982191211460239,5.0,0.005647850273141468,0.403641841501264,-0.003933190546904152,0.011606707205476137,0.0,0.017111782486895065,-0.01876458698415006,0.0,0.007709244155716676,0.008064313068222126,0.0,"[0.08263128439284526, 1.3000400626383541, -1.1934317794271463, -0.14548773514971436, 1.4385704440511051, 1.1516368567344175, 0.10389342581421046, 1.489166588256795, 0.9205659349197833]"
prism2,9,/home/humanoid/Programs/hand/results/phase1/run_20260413_pollard_multiscene_500_run2/prism2/generated_mjcf/scene_prism2_tn0d0014p0d0300p0d0000_ip0d0082n0d0094p0d0119_mp0d0208p0d0143p0d0062.xml,prism_y0d0300,True,0.02,4.0,1.0,1.0,4.114182264747541,0.05562622361010805,4.0,0.006843175061742426,1.382927605154002,-0.0014309482868211845,0.03,0.0,0.008205486996377813,-0.009414877151630932,0.011882316125647777,0.02077464819850637,0.014341083343418305,0.006185492287398994,"[0.08263128439284526, 1.3000400626383541, -1.1934317794271463, -0.14548773514971436, 1.4385704440511051, 1.1516368567344175, 0.10389342581421046, 1.489166588256795, 0.9205659349197833]"
prism2,10,/home/humanoid/Programs/hand/results/phase1/run_20260413_pollard_multiscene_500_run2/prism2/generated_mjcf/scene_prism2_tn0d0001p0d0207p0d0069_ip0d0080n0d0067p0d0051_mp0d0204p0d0061p0d0055.xml,prism_y0d0300,True,0.02,4.0,1.0,1.0,4.492526978699257,0.0501580703010813,5.0,0.005731872070045546,0.27194583386018367,-6.185530829714431e-05,0.02070349184472249,0.00685885681713138,0.0079517403845361,-0.006672394277070495,0.005067429071753997,0.020369432478721076,0.006058383198741723,0.005496362809831425,"[0.08263128439284526, 1.3000400626383541, -1.1934317794271463, -0.14548773514971436, 1.4385704440511051, 1.1516368567344175, 0.10389342581421046, 1.489166588256795, 0.9205659349197833]"
prism2,11,/home/humanoid/Programs/hand/results/phase1/run_20260413_pollard_multiscene_500_run2/prism2/generated_mjcf/scene_prism2_tp0d0103p0d0300p0d0000_ip0d0187n0d0008p0d0110_mp0d0016p0d0266p0d0094.xml,prism_y0d0300,True,0.02,4.0,1.0,1.0,4.391532287446364,0.05174640164932744,5.0,0.00564595786883668,0.4737625335576289,0.010258174286989438,0.03,0.0,0.018727362165893817,-0.0007513190384077374,0.010973044310663125,0.0015703362935799488,0.026643091531750922,0.009358453337292495,"[0.08263128439284526, 1.3000400626383541, -1.1934317794271463, -0.14548773514971436, 1.4385704440511051, 1.1516368567344175, 0.10389342581421046, 1.489166588256795, 0.9205659349197833]"
prism2,12,/home/humanoid/Programs/hand/results/phase1/run_20260413_pollard_multiscene_500_run2/prism2/generated_mjcf/scene_prism2_tp0d0077p0d0195p0d0000_ip0d0172n0d0021p0d0000_mp0d0109p0d0139p0d0103.xml,prism_y0d0300,True,0.02,4.0,1.0,1.0,4.442131241437678,0.05279028603839156,5.0,0.005663262790579941,0.7482326106190178,0.007736971861033691,0.019519710171387972,0.0,0.017245133889239386,-0.0021352761651967315,0.0,0.010934425782932486,0.013926067895388755,0.01034441558354772,"[0.08263128439284526, 1.3000400626383541, -1.1934317794271463, -0.14548773514971436, 1.4385704440511051, 1.1516368567344175, 0.10389342581421046, 1.489166588256795, 0.9205659349197833]"
prism2,13,/home/humanoid/Programs/hand/results/phase1/run_20260413_pollard_multiscene_500_run2/prism2/generated_mjcf/scene_prism2_tn0d0110p0d0256p0d0027_in0d0013n0d0070p0d0000_mp0d0162p0d0156p0d0103.xml,prism_y0d0300,True,0.02,4.0,1.0,1.0,4.887860901608117,0.05003718777223516,6.0,0.006416050503925616,0.2693255735430083,-0.011027742931477569,0.025568148695757457,0.002744957926775919,-0.001319231237275495,-0.007038725452158232,0.0,0.016190824056554275,0.015606209358289873,0.010298501299128147,"[0.08263128439284526, 1.3000400626383541, -1.1934317794271463, -0.14548773514971436, 1.4385704440511051, 1.1516368567344175, 0.10389342581421046, 1.489166588256795, 0.9205659349197833]"
prism2,14,/home/humanoid/Programs/hand/results/phase1/run_20260413_pollard_multiscene_500_run2/prism2/generated_mjcf/scene_prism2_tn0d0104p0d0282p0d0000_ip0d0063n0d0140p0d0112_mp0d0115p0d0095p0d0000.xml,prism_y0d0300,True,0.02,4.0,1.0,1.0,4.931117353702329,0.05250282390196852,6.0,0.007256594675495255,0.3713553189368907,-0.010414020078622207,0.0281916147106972,0.0,0.006263439491299004,-0.013972830433252,0.011185489938817683,0.011493564213482969,0.009512750236102374,0.0,"[0.08263128439284526, 1.3000400626383541, -1.1934317794271463, -0.14548773514971436, 1.4385704440511051, 1.1516368567344175, 0.10389342581421046, 1.489166588256795, 0.9205659349197833]"
prism2,15,/home/humanoid/Programs/hand/results/phase1/run_20260413_pollard_multiscene_500_run2/prism2/generated_mjcf/scene_prism2_tp0d0093p0d0134p0d0000_ip0d0049n0d0102p0d0013_mp0d0174p0d0168p0d0000.xml,prism_y0d0300,True,0.02,4.0,1.0,1.0,3.9494429239101247,0.047851501327466545,4.0,0.00814314021606267,0.29894724690326396,0.009314839695820316,0.013420866282015786,0.0,0.004919938168181862,-0.010233046444494413,0.001298172052158427,0.017433058621906666,0.01675142284814846,0.0,"[0.08263128439284526, 1.3000400626383541, -1.1934317794271463, -0.14548773514971436, 1.4385704440511051, 1.1516368567344175, 0.10389342581421046, 1.489166588256795, 0.9205659349197833]"
prism2,16,/home/humanoid/Programs/hand/results/phase1/run_20260413_pollard_multiscene_500_run2/prism2/generated_mjcf/scene_prism2_tn0d0021p0d0276p0d0030_ip0d0210n0d0154p0d0013_mp0d0123p0d0237p0d0000.xml,prism_y0d0300,True,0.02,4.0,1.0,1.0,5.04118931610049,0.0546472610038647,6.0,0.006236924829606537,0.1669073072665056,-0.002090487775658576,0.02763490330330185,0.003036155098074084,0.021017863424738617,-0.01543429413379966,0.0012626762525108932,0.01225418083871604,0.023658988998601437,0.0,"[0.08263128439284526, 1.3000400626383541, -1.1934317794271463, -0.14548773514971436, 1.4385704440511051, 1.1516368567344175, 0.10389342581421046, 1.489166588256795, 0.9205659349197833]"
prism2,17,/home/humanoid/Programs/hand/results/phase1/run_20260413_pollard_multiscene_500_run2/prism2/generated_mjcf/scene_prism2_tn0d0022p0d0298p0d0000_ip0d0177n0d0143p0d0079_mn0d0018p0d0121p0d0000.xml,prism_y0d0300,True,0.02,4.0,1.0,1.0,4.019622076310029,0.048625048891885486,4.0,0.008303311605483803,0.25937565795666323,-0.00224375191804496,0.02983901507989513,0.0,0.01774495072435605,-0.014330783103090609,0.007915295646674467,-0.0017610905406249926,0.012061107786198495,0.0,"[0.08263128439284526, 1.3000400626383541, -1.1934317794271463, -0.14548773514971436, 1.4385704440511051, 1.1516368567344175, 0.10389342581421046, 1.489166588256795, 0.9205659349197833]"
prism2,18,/home/humanoid/Programs/hand/results/phase1/run_20260413_pollard_multiscene_500_run2/prism2/generated_mjcf/scene_prism2_tp0d0037p0d0146p0d0049_ip0d0207n0d0213p0d0088_mn0d0006p0d0124p0d0000.xml,prism_y0d0300,True,0.02,4.0,1.0,1.0,4.789744675577031,0.04995622954749705,6.0,0.006840255589594224,0.76370718149468,0.003662749832079322,0.014572378366389374,0.00486364969583487,0.02065123424661018,-0.021256389545730052,0.008754679089618578,-0.0005728603615918777,0.012438492199461346,0.0,"[0.08263128439284526, 1.3000400626383541, -1.1934317794271463, -0.14548773514971436, 1.4385704440511051, 1.1516368567344175, 0.10389342581421046, 1.489166588256795, 0.9205659349197833]"
prism2,19,/home/humanoid/Programs/hand/results/phase1/run_20260413_pollard_multiscene_500_run2/prism2/generated_mjcf/scene_prism2_tn0d0003p0d0300p0d0066_ip0d0054n0d0178p0d0087_mp0d0192p0d0156p0d0000.xml,prism_y0d0300,True,0.02,4.0,1.0,1.0,3.9170437358305783,0.05021230230827051,4.0,0.012203814300183807,1.2626049998002227,-0.0002676108759968581,0.03,0.0066165885144438795,0.005412576705262264,-0.017823917147980796,0.008714884900543628,0.01915137214570456,0.015556956133047486,0.0,"[0.08263128439284526, 1.3000400626383541, -1.1934317794271463, -0.14548773514971436, 1.4385704440511051, 1.1516368567344175, 0.10389342581421046, 1.489166588256795, 0.9205659349197833]"
prism2,21,/home/humanoid/Programs/hand/results/phase1/run_20260413_pollard_multiscene_500_run2/prism2/generated_mjcf/scene_prism2_tp0d0087p0d0139p0d0000_ip0d0141n0d0071p0d0000_mp0d0075p0d0251p0d0015.xml,prism_y0d0300,True,0.02,4.0,1.0,1.0,2.5384304773495314,0.04563023596024705,4.0,0.011183584294292516,1.010285669562922e-05,0.008656833829144266,0.01393152176773058,0.0,0.014081484383558463,-0.007149155120285933,0.0,0.007493374554517023,0.025146138389185314,0.0014736184212053513,"[0.08263128439284526, 1.3000400626383541, -1.1934317794271463, -0.14548773514971436, 1.4385704440511051, 1.1516368567344175, 0.10389342581421046, 1.489166588256795, 0.9205659349197833]"
prism2,22,/home/humanoid/Programs/hand/results/phase1/run_20260413_pollard_multiscene_500_run2/prism2/generated_mjcf/scene_prism2_tp0d0019p0d0127p0d0006_ip0d0106n0d0222p0d0116_mp0d0117p0d0035p0d0065.xml,prism_y0d0300,True,0.02,4.0,1.0,1.0,4.450745827487596,0.05183766126103331,5.0,0.005715120372372456,0.4334418440214029,0.001880061958230544,0.012659114549379047,0.000624533966829004,0.010562433457478078,-0.02216554463408947,0.011566624635040951,0.011713494410938587,0.003453813183943444,0.006543580829409326,"[0.08263128439284526, 1.3000400626383541, -1.1934317794271463, -0.14548773514971436, 1.4385704440511051, 1.1516368567344175, 0.10389342581421046, 1.489166588256795, 0.9205659349197833]"
prism2,23,/home/humanoid/Programs/hand/results/phase1/run_20260413_pollard_multiscene_500_run2/prism2/generated_mjcf/scene_prism2_tp0d0115p0d0222p0d0000_ip0d0025n0d0082p0d0000_mp0d0119p0d0178p0d0111.xml,prism_y0d0300,True,0.02,4.0,1.0,1.0,3.9105664083849336,0.05013150267970881,4.0,0.007916370058790789,0.9677153945205641,0.011478377132163497,0.02215688067970281,0.0,0.0025001851774668375,-0.008159360785995136,0.0,0.011864509420428621,0.017753740233111017,0.011098154234985145,"[0.08263128439284526, 1.3000400626383541, -1.1934317794271463, -0.14548773514971436, 1.4385704440511051, 1.1516368567344175, 0.10389342581421046, 1.489166588256795, 0.9205659349197833]"
prism2,24,/home/humanoid/Programs/hand/results/phase1/run_20260413_pollard_multiscene_500_run2/prism2/generated_mjcf/scene_prism2_tn0d0103p0d0200p0d0059_ip0d0023n0d0150p0d0000_mp0d0154p0d0054p0d0000.xml,prism_y0d0300,True,0.02,4.0,1.0,1.0,4.464739097274518,0.051904974126849426,5.0,0.005973404925090395,0.4878744615865108,-0.010265633627282958,0.019999347767806847,0.0058583395027835584,0.0022534417713918117,-0.014986398437171538,0.0,0.015421140730618644,0.005406429282227681,0.0,"[0.08263128439284526, 1.3000400626383541, -1.1934317794271463, -0.14548773514971436, 1.4385704440511051, 1.1516368567344175, 0.10389342581421046, 1.489166588256795, 0.9205659349197833]"
prism2,25,/home/humanoid/Programs/hand/results/phase1/run_20260413_pollard_multiscene_500_run2/prism2/generated_mjcf/scene_prism2_tp0d0090p0d0193p0d0099_ip0d0164n0d0023p0d0000_mn0d0002p0d0050p0d0089.xml,prism_y0d0300,True,0.02,4.0,1.0,1.0,4.830296982415467,0.051234224231145306,6.0,0.00581693125281883,0.3816385678098057,0.008964543146897572,0.019335208082000274,0.009902926407381257,0.016382010825732936,-0.00233222495731762,0.0,-0.00023449027206483113,0.004987830085661232,0.008852503064335663,"[0.08263128439284526, 1.3000400626383541, -1.1934317794271463, -0.14548773514971436, 1.4385704440511051, 1.1516368567344175, 0.10389342581421046, 1.489166588256795, 0.9205659349197833]"
prism2,26,/home/humanoid/Programs/hand/results/phase1/run_20260413_pollard_multiscene_500_run2/prism2/generated_mjcf/scene_prism2_tp0d0032p0d0199p0d0000_ip0d0142n0d0167p0d0051_mp0d0090p0d0155p0d0070.xml,prism_y0d0300,True,0.02,4.0,1.0,1.0,3.755557422208935,0.04959468382068389,4.0,0.005689207488703403,1.8037289051339855,0.003217679504338638,0.019917720651172473,0.0,0.014169602505454569,-0.01666758269170085,0.005061116718382677,0.009048527892815794,0.015479276653068651,0.006951977579036889,"[0.08263128439284526, 1.3000400626383541, -1.1934317794271463, -0.14548773514971436, 1.4385704440511051, 1.1516368567344175, 0.10389342581421046, 1.489166588256795, 0.9205659349197833]"
prism2,27,/home/humanoid/Programs/hand/results/phase1/run_20260413_pollard_multiscene_500_run2/prism2/generated_mjcf/scene_prism2_tn0d0098p0d0219p0d0000_ip0d0174n0d0126p0d0117_mp0d0024p0d0264p0d0072.xml,prism_y0d0300,True,0.02,4.0,1.0,1.0,4.868905218974606,0.05170068692924171,6.0,0.007027832018616879,0.485645380513365,-0.009774108587438862,0.02189020407976406,0.0,0.017395282043525633,-0.012567695132897762,0.011728688000827672,0.0023906397922172492,0.026412459362982414,0.0072220088786066165,"[0.08263128439284526, 1.3000400626383541, -1.1934317794271463, -0.14548773514971436, 1.4385704440511051, 1.1516368567344175, 0.10389342581421046, 1.489166588256795, 0.9205659349197833]"
prism2,28,/home/humanoid/Programs/hand/results/phase1/run_20260413_pollard_multiscene_500_run2/prism2/generated_mjcf/scene_prism2_tn0d0004p0d0275p0d0025_ip0d0137n0d0024p0d0000_mp0d0180p0d0125p0d0000.xml,prism_y0d0300,True,0.02,4.0,1.0,1.0,4.473812700336424,0.05226962123980948,5.0,0.005807549173738466,0.5239005139690405,-0.00044974808219355386,0.02752481754031125,0.002468373725786793,0.013722905535793127,-0.0023714216950226647,0.0,0.018039716895001612,0.01246355471918973,0.0,"[0.08263128439284526, 1.3000400626383541, -1.1934317794271463, -0.14548773514971436, 1.4385704440511051, 1.1516368567344175, 0.10389342581421046, 1.489166588256795, 0.9205659349197833]"
prism2,29,/home/humanoid/Programs/hand/results/phase1/run_20260413_pollard_multiscene_500_run2/prism2/generated_mjcf/scene_prism2_tp0d0119p0d0267p0d0000_ip0d0081n0d0032p0d0000_mp0d0150p0d0222p0d0072.xml,prism_y0d0300,True,0.02,4.0,1.0,1.0,4.775905290394346,0.05128100313282068,6.0,0.005851284532456826,0.7395359840278605,0.011856642509039624,0.026748572049833077,0.0,0.00814308151419475,-0.0032393062590768944,0.0,0.015002050165932786,0.022239710968923507,0.007180713113186753,"[0.08263128439284526, 1.3000400626383541, -1.1934317794271463, -0.14548773514971436, 1.4385704440511051, 1.1516368567344175, 0.10389342581421046, 1.489166588256795, 0.9205659349197833]"
prism2,30,/home/humanoid/Programs/hand/results/phase1/run_20260413_pollard_multiscene_500_run2/prism2/generated_mjcf/scene_prism2_tn0d0043p0d0271p0d0000_ip0d0067n0d0143p0d0010_mp0d0007p0d0131p0d0000.xml,prism_y0d0300,True,0.02,4.0,1.0,1.0,4.052152121394046,0.05029736469387923,4.0,0.008491133726632958,0.2880419451601071,-0.004265118606244038,0.02711934038590531,0.0,0.006695390811629658,-0.014281245307094884,0.00099383960712395,0.0007027279729733722,0.013066747215343347,0.0,"[0.08263128439284526, 1.3000400626383541, -1.1934317794271463, -0.14548773514971436, 1.4385704440511051, 1.1516368567344175, 0.10389342581421046, 1.489166588256795, 0.9205659349197833]"
prism2,31,/home/humanoid/Programs/hand/results/phase1/run_20260413_pollard_multiscene_500_run2/prism2/generated_mjcf/scene_prism2_tp0d0059p0d0284p0d0000_ip0d0149n0d0046p0d0116_mp0d0183p0d0135p0d0115.xml,prism_y0d0300,True,0.02,4.0,1.0,1.0,4.33788598403746,0.054157722424386434,5.0,0.005683388852985017,1.7798213465874964,0.005865137432337578,0.028445021893622167,0.0,0.014890858462403149,-0.004593525878528669,0.011563879748923051,0.01825097349684944,0.013478555650656308,0.011512529004231758,"[0.08263128439284526, 1.3000400626383541, -1.1934317794271463, -0.14548773514971436, 1.4385704440511051, 1.1516368567344175, 0.10389342581421046, 1.489166588256795, 0.9205659349197833]"
prism2,32,/home/humanoid/Programs/hand/results/phase1/run_20260413_pollard_multiscene_500_run2/prism2/generated_mjcf/scene_prism2_tp0d0114p0d0201p0d0061_ip0d0199n0d0129p0d0087_mp0d0148p0d0104p0d0064.xml,prism_y0d0300,True,0.02,4.0,1.0,1.0,4.94125656644922,0.05266331255137202,6.0,0.006078979499978296,0.283080307637548,0.011375625716456523,0.020088247500813894,0.006082716926013726,0.019932104024155912,-0.012872470272749927,0.008730869786330038,0.014837645585484947,0.010354182143389382,0.006423654479603365,"[0.08263128439284526, 1.3000400626383541, -1.1934317794271463, -0.14548773514971436, 1.4385704440511051, 1.1516368567344175, 0.10389342581421046, 1.489166588256795, 0.9205659349197833]"
prism2,33,/home/humanoid/Programs/hand/results/phase1/run_20260413_pollard_multiscene_500_run2/prism2/generated_mjcf/scene_prism2_tp0d0017p0d0103p0d0000_in0d0002n0d0129p0d0000_mp0d0082p0d0174p0d0000.xml,prism_y0d0300,True,0.02,4.0,1.0,1.0,0.4325702025441258,0.04568594270968314,4.0,0.009661882813551017,15.492929721609384,0.0016964348606279787,0.01025228368239935,0.0,-0.00023021567845265753,-0.012871992882792106,0.0,0.008169698631290736,0.017371208486178825,0.0,"[0.08263128439284526, 1.3000400626383541, -1.1934317794271463, -0.14548773514971436, 1.4385704440511051, 1.1516368567344175, 0.10389342581421046, 1.489166588256795, 0.9205659349197833]"
prism2,34,/home/humanoid/Programs/hand/results/phase1/run_20260413_pollard_multiscene_500_run2/prism2/generated_mjcf/scene_prism2_tp0d0104p0d0244p0d0078_ip0d0195n0d0103p0d0000_mp0d0151p0d0170p0d0078.xml,prism_y0d0300,True,0.02,4.0,1.0,1.0,4.432502728154722,0.05119587602023952,5.0,0.005869628917654722,0.404588610444854,0.010410453838964225,0.024417210753800794,0.0077707526014265185,0.01952322957433024,-0.010300318873836577,0.0,0.015075683778826192,0.016956620502320593,0.007822973332089582,"[0.08263128439284526, 1.3000400626383541, -1.1934317794271463, -0.14548773514971436, 1.4385704440511051, 1.1516368567344175, 0.10389342581421046, 1.489166588256795, 0.9205659349197833]"
prism2,35,/home/humanoid/Programs/hand/results/phase1/run_20260413_pollard_multiscene_500_run2/prism2/generated_mjcf/scene_prism2_tp0d0008p0d0275p0d0119_ip0d0064n0d0202p0d0000_mp0d0161p0d0138p0d0021.xml,prism_y0d0300,True,0.02,4.0,1.0,1.0,4.070272983118244,0.04976977262833049,4.0,0.011263758880888345,0.07803135648726463,0.0007718513633842589,0.027517858288740617,0.011928247033739802,0.006413315472829315,-0.02019548543950382,0.0,0.016073199756776235,0.013841494364599355,0.0021211226263011564,"[0.08263128439284526, 1.3000400626383541, -1.1934317794271463, -0.14548773514971436, 1.4385704440511051, 1.1516368567344175, 0.10389342581421046, 1.489166588256795, 0.9205659349197833]"
prism2,36,/home/humanoid/Programs/hand/results/phase1/run_20260413_pollard_multiscene_500_run2/prism2/generated_mjcf/scene_prism2_tn0d0089p0d0254p0d0000_ip0d0026n0d0036p0d0015_mp0d0096p0d0249p0d0000.xml,prism_y0d0300,True,0.02,4.0,1.0,1.0,4.962950940587285,0.05298495765184394,6.0,0.006171489327712969,0.37811291040272643,-0.008943396673879896,0.025426964262415527,0.0,0.0025748214496964378,-0.0035892000340033304,0.0015459077068942575,0.00962797461631001,0.02487177036596363,0.0,"[0.08263128439284526, 1.3000400626383541, -1.1934317794271463, -0.14548773514971436, 1.4385704440511051, 1.1516368567344175, 0.10389342581421046, 1.489166588256795, 0.9205659349197833]"
prism2,37,/home/humanoid/Programs/hand/results/phase1/run_20260413_pollard_multiscene_500_run2/prism2/generated_mjcf/scene_prism2_tp0d0047p0d0159p0d0000_ip0d0142n0d0156p0d0000_mp0d0206p0d0081p0d0003.xml,prism_y0d0300,True,0.02,4.0,1.0,1.0,4.496669240884107,0.049816638819498577,5.0,0.0056816482131580555,0.14191816807365037,0.004707706808181427,0.01587157495435046,0.0,0.014195167599214695,-0.015592273179289533,0.0,0.02064826636550051,0.008083160176307667,0.00029216778810564094,"[0.08263128439284526, 1.3000400626383541, -1.1934317794271463, -0.14548773514971436, 1.4385704440511051, 1.1516368567344175, 0.10389342581421046, 1.489166588256795, 0.9205659349197833]"
prism2,38,/home/humanoid/Programs/hand/results/phase1/run_20260413_pollard_multiscene_500_run2/prism2/generated_mjcf/scene_prism2_tn0d0114p0d0119p0d0092_ip0d0169n0d0109p0d0000_mp0d0114p0d0036p0d0051.xml,prism_y0d0300,True,0.02,4.0,1.0,1.0,4.491925399854363,0.04959984630128509,5.0,0.005810703695410593,0.15553873167990895,-0.011423683183887617,0.011920834187286948,0.009202049607205488,0.01694194115806423,-0.010935948238704234,0.0,0.011385941982911355,0.0035915166267267012,0.005111847142510097,"[0.08263128439284526, 1.3000400626383541, -1.1934317794271463, -0.14548773514971436, 1.4385704440511051, 1.1516368567344175, 0.10389342581421046, 1.489166588256795, 0.9205659349197833]"
prism2,39,/home/humanoid/Programs/hand/results/phase1/run_20260413_pollard_multiscene_500_run2/prism2/generated_mjcf/scene_prism2_tp0d0052p0d0235p0d0027_in0d0002n0d0184p0d0018_mp0d0075p0d0271p0d0102.xml,prism_y0d0300,True,0.02,4.0,1.0,1.0,4.460800145489525,0.05023548543323689,5.0,0.007325345842167655,0.33215644117823173,0.005202016333529475,0.023505080565592515,0.002672128422604829,-0.00023080561701109906,-0.018386256742776587,0.0017850731543503657,0.007460482384693542,0.027108557485954678,0.010169888577004349,"[0.08263128439284526, 1.3000400626383541, -1.1934317794271463, -0.14548773514971436, 1.4385704440511051, 1.1516368567344175, 0.10389342581421046, 1.489166588256795, 0.9205659349197833]"
prism2,40,/home/humanoid/Programs/hand/results/phase1/run_20260413_pollard_multiscene_500_run2/prism2/generated_mjcf/scene_prism2_tn0d0084p0d0222p0d0047_ip0d0013n0d0168p0d0052_mp0d0196p0d0115p0d0000.xml,prism_y0d0300,True,0.02,4.0,1.0,1.0,4.476951129935929,0.05172988207685309,5.0,0.0059805402075158165,0.3918077775284282,-0.008351810339459111,0.022159054223588735,0.004709162546482959,0.0012770419432212663,-0.016797704469571892,0.005182028326211865,0.019626594242148077,0.011501823604947245,0.0,"[0.08263128439284526, 1.3000400626383541, -1.1934317794271463, -0.14548773514971436, 1.4385704440511051, 1.1516368567344175, 0.10389342581421046, 1.489166588256795, 0.9205659349197833]"
prism2,41,/home/humanoid/Programs/hand/results/phase1/run_20260413_pollard_multiscene_500_run2/prism2/generated_mjcf/scene_prism2_tp0d0077p0d0220p0d0000_ip0d0041n0d0226p0d0000_mp0d0119p0d0079p0d0114.xml,prism_y0d0300,True,0.02,4.0,1.0,1.0,2.4469437950404043,0.049033522451815026,4.0,0.013073488579025965,4.707473136588478,0.007723008065525151,0.022039584325416278,0.0,0.0041476005142694165,-0.022556199632440297,0.0,0.011919284333538276,0.007886646563041794,0.011412791482243691,"[0.08263128439284526, 1.3000400626383541, -1.1934317794271463, -0.14548773514971436, 1.4385704440511051, 1.1516368567344175, 0.10389342581421046, 1.489166588256795, 0.9205659349197833]"
prism2,42,/home/humanoid/Programs/hand/results/phase1/run_20260413_pollard_multiscene_500_run2/prism2/generated_mjcf/scene_prism2_tn0d0094p0d0189p0d0000_ip0d0036n0d0063p0d0034_mp0d0154p0d0053p0d0000.xml,prism_y0d0300,True,0.02,4.0,1.0,1.0,4.530751923012799,0.04998938075624314,5.0,0.005561872169426129,0.03446506467467212,-0.009420546518732465,0.0188501309198506,0.0,0.003575475406852743,-0.00632986259990556,0.003448914289927449,0.015418184441244877,0.005287405821515873,0.0,"[0.08263128439284526, 1.3000400626383541, -1.1934317794271463, -0.14548773514971436, 1.4385704440511051, 1.1516368567344175, 0.10389342581421046, 1.489166588256795, 0.9205659349197833]"
prism2,43,/home/humanoid/Programs/hand/results/phase1/run_20260413_pollard_multiscene_500_run2/prism2/generated_mjcf/scene_prism2_tp0d0005p0d0182p0d0000_ip0d0027n0d0016p0d0000_mp0d0184p0d0230p0d0000.xml,prism_y0d0300,True,0.02,4.0,1.0,1.0,4.768721152848184,0.047167658157686955,6.0,0.007751439925960874,0.16356121597557244,0.00047599378402156216,0.018241307449525786,0.0,0.0026566589176190373,-0.001619408440688962,0.0,0.018449255979106606,0.02303129181754656,0.0,"[0.08263128439284526, 1.3000400626383541, -1.1934317794271463, -0.14548773514971436, 1.4385704440511051, 1.1516368567344175, 0.10389342581421046, 1.489166588256795, 0.9205659349197833]"
prism2,44,/home/humanoid/Programs/hand/results/phase1/run_20260413_pollard_multiscene_500_run2/prism2/generated_mjcf/scene_prism2_tn0d0008p0d0278p0d0043_ip0d0181n0d0061p0d0046_mp0d0199p0d0230p0d0000.xml,prism_y0d0300,True,0.02,4.0,1.0,1.0,4.362711575739751,0.050047547475191106,5.0,0.005756450747418655,1.0026864972693046,-0.000797195523737677,0.027776043383598063,0.0043364718136851,0.018086649674297704,-0.006117681940029028,0.004590515506574511,0.019911378544165075,0.023047371194270132,0.0,"[0.08263128439284526, 1.3000400626383541, -1.1934317794271463, -0.14548773514971436, 1.4385704440511051, 1.1516368567344175, 0.10389342581421046, 1.489166588256795, 0.9205659349197833]"
prism2,45,/home/humanoid/Programs/hand/results/phase1/run_20260413_pollard_multiscene_500_run2/prism2/generated_mjcf/scene_prism2_tp0d0060p0d0101p0d0000_ip0d0075n0d0194p0d0105_mp0d0003p0d0034p0d0000.xml,prism_y0d0300,True,0.02,4.0,1.0,1.0,4.226735677330247,0.05243509463427369,5.0,0.005659836725637091,1.750749986417291,0.005957382601949876,0.010080351754749027,0.0,0.007522045291682206,-0.019447965744588368,0.010509722607263742,0.00027464028066800754,0.0034175859597258135,0.0,"[0.08263128439284526, 1.3000400626383541, -1.1934317794271463, -0.14548773514971436, 1.4385704440511051, 1.1516368567344175, 0.10389342581421046, 1.489166588256795, 0.9205659349197833]"
prism2,46,/home/humanoid/Programs/hand/results/phase1/run_20260413_pollard_multiscene_500_run2/prism2/generated_mjcf/scene_prism2_tp0d0118p0d0144p0d0079_ip0d0022n0d0102p0d0110_mp0d0152p0d0268p0d0018.xml,prism_y0d0300,True,0.02,4.0,1.0,1.0,3.6356125899136167,0.046774679000605536,4.0,0.012723440123541374,1.8803878434170198,0.011777873237789328,0.014352683081322558,0.007936662372425542,0.0021547272884911706,-0.010226919484838934,0.011001824044305407,0.01519631762957937,0.026832191404283674,0.0017893595781369523,"[0.08263128439284526, 1.3000400626383541, -1.1934317794271463, -0.14548773514971436, 1.4385704440511051, 1.1516368567344175, 0.10389342581421046, 1.489166588256795, 0.9205659349197833]"
prism2,47,/home/humanoid/Programs/hand/results/phase1/run_20260413_pollard_multiscene_500_run2/prism2/generated_mjcf/scene_prism2_tp0d0116p0d0281p0d0067_ip0d0193n0d0091p0d0000_mp0d0107p0d0087p0d0067.xml,prism_y0d0300,True,0.02,4.0,1.0,1.0,4.026170687544173,0.049486158732506044,4.0,0.009417705642612436,0.38365238692534454,0.011600032957282114,0.028089128761280092,0.006677957426446279,0.019323757285876007,-0.0091442035857212,0.0,0.010678778561367832,0.008736009496376724,0.006661058973160928,"[0.08263128439284526, 1.3000400626383541, -1.1934317794271463, -0.14548773514971436, 1.4385704440511051, 1.1516368567344175, 0.10389342581421046, 1.489166588256795, 0.9205659349197833]"
prism2,48,/home/humanoid/Programs/hand/results/phase1/run_20260413_pollard_multiscene_500_run2/prism2/generated_mjcf/scene_prism2_tn0d0079p0d0219p0d0009_ip0d0141n0d0060p0d0000_mp0d0130p0d0132p0d0027.xml,prism_y0d0300,True,0.02,4.0,1.0,1.0,4.505616153362581,0.04987163451968239,5.0,0.005646217306025465,0.14165429877072822,-0.007918115961243205,0.02185275077567818,0.0008615743098987442,0.014125667283464571,-0.006048321632033999,0.0,0.012998583080031604,0.013234941179164626,0.0027408344560308894,"[0.08263128439284526, 1.3000400626383541, -1.1934317794271463, -0.14548773514971436, 1.4385704440511051, 1.1516368567344175, 0.10389342581421046, 1.489166588256795, 0.9205659349197833]"
prism2,49,/home/humanoid/Programs/hand/results/phase1/run_20260413_pollard_multiscene_500_run2/prism2/generated_mjcf/scene_prism2_tp0d0047p0d0221p0d0056_ip0d0105n0d0132p0d0000_mp0d0035p0d0200p0d0047.xml,prism_y0d0300,True,0.02,4.0,1.0,1.0,4.054740629700253,0.05017300098315532,4.0,0.005747083797897086,0.46921661631241857,0.004655629035515887,0.022051510058254925,0.005589265844609163,0.010480606172911551,-0.013191172580897479,0.0,0.003499640079920957,0.019987250546203643,0.004697072467498984,"[0.08263128439284526, 1.3000400626383541, -1.1934317794271463, -0.14548773514971436, 1.4385704440511051, 1.1516368567344175, 0.10389342581421046, 1.489166588256795, 0.9205659349197833]"
prism2,50,/home/humanoid/Programs/hand/results/phase1/run_20260413_pollard_multiscene_500_run2/prism2/generated_mjcf/scene_prism2_tn0d0073p0d0300p0d0041_ip0d0107n0d0041p0d0000_mp0d0094p0d0095p0d0000.xml,prism_y0d0300,True,0.02,4.0,1.0,1.0,4.5674970723207355,0.05182782263896234,5.0,0.006853167881951176,0.12415804556149836,-0.007308419688561688,0.03,0.004107618726945504,0.01074918695703583,-0.004111791562920778,0.0,0.009422676882407844,0.009498585601860884,0.0,"[0.08263128439284526, 1.3000400626383541, -1.1934317794271463, -0.14548773514971436, 1.4385704440511051, 1.1516368567344175, 0.10389342581421046, 1.489166588256795, 0.9205659349197833]"
prism2,51,/home/humanoid/Programs/hand/results/phase1/run_20260413_pollard_multiscene_500_run2/prism2/generated_mjcf/scene_prism2_tp0d0051p0d0283p0d0043_ip0d0069n0d0105p0d0015_mp0d0205p0d0126p0d0000.xml,prism_y0d0300,True,0.02,4.0,1.0,1.0,4.548001450837504,0.05350581681511636,5.0,0.006444932742833146,0.24230434055718256,0.00507889389314202,0.02825866323773702,0.004267170674303017,0.006851716400702805,-0.010482669810742749,0.0015218993681757591,0.020477586003383057,0.012604181086936542,0.0,"[0.08263128439284526, 1.3000400626383541, -1.1934317794271463, -0.14548773514971436, 1.4385704440511051, 1.1516368567344175, 0.10389342581421046, 1.489166588256795, 0.9205659349197833]"
prism2,52,/home/humanoid/Programs/hand/results/phase1/run_20260413_pollard_multiscene_500_run2/prism2/generated_mjcf/scene_prism2_tp0d0090p0d0295p0d0000_ip0d0028n0d0090p0d0069_mp0d0126p0d0079p0d0000.xml,prism_y0d0300,True,0.02,4.0,1.0,1.0,2.7231488507449213,0.04900223388828176,4.0,0.00838864843941592,0.8990758921793638,0.00904638943989626,0.029473483925284844,0.0,0.0027573767401475767,-0.009029192313612964,0.006932283735236109,0.012560620161773211,0.007898140707037397,0.0,"[0.08263128439284526, 1.3000400626383541, -1.1934317794271463, -0.14548773514971436, 1.4385704440511051, 1.1516368567344175, 0.10389342581421046, 1.489166588256795, 0.9205659349197833]"
prism2,53,/home/humanoid/Programs/hand/results/phase1/run_20260413_pollard_multiscene_500_run2/prism2/generated_mjcf/scene_prism2_tp0d0001p0d0276p0d0000_in0d0002n0d0111p0d0000_mn0d0004p0d0219p0d0077.xml,prism_y0d0300,True,0.02,4.0,1.0,1.0,4.316136645768304,0.0509468433802653,5.0,0.00566168679796034,1.4554278083508294,0.00014334321756440463,0.027572249759816276,0.0,-0.00019681532305319306,-0.011074920100960688,0.0,-0.0003818307083775299,0.021858350352990434,0.00770943854587014,"[0.08263128439284526, 1.3000400626383541, -1.1934317794271463, -0.14548773514971436, 1.4385704440511051, 1.1516368567344175, 0.10389342581421046, 1.489166588256795, 0.9205659349197833]"
prism2,54,/home/humanoid/Programs/hand/results/phase1/run_20260413_pollard_multiscene_500_run2/prism2/generated_mjcf/scene_prism2_tn0d0024p0d0151p0d0000_ip0d0067n0d0105p0d0007_mp0d0065p0d0186p0d0042.xml,prism_y0d0300,True,0.02,4.0,1.0,1.0,4.050312558174554,0.05139675911298418,4.0,0.007758784871855717,0.25349423359005335,-0.0024399467736423517,0.015057832644038826,0.0,0.006663314219880421,-0.01045421656520971,0.0006676818746994568,0.006528380348144711,0.018598103501716354,0.004218418606739039,"[0.08263128439284526, 1.3000400626383541, -1.1934317794271463, -0.14548773514971436, 1.4385704440511051, 1.1516368567344175, 0.10389342581421046, 1.489166588256795, 0.9205659349197833]"
prism2,55,/home/humanoid/Programs/hand/results/phase1/run_20260413_pollard_multiscene_500_run2/prism2/generated_mjcf/scene_prism2_tp0d0014p0d0173p0d0030_ip0d0122n0d0161p0d0000_mp0d0111p0d0180p0d0027.xml,prism_y0d0300,True,0.02,4.0,1.0,1.0,4.073289202629967,0.049897392503480985,4.0,0.005677457192553754,0.3471537844096166,0.0013986947514008224,0.017295077961244975,0.0029736667665392225,0.012205666797138652,-0.016132227422864007,0.0,0.011097973096462878,0.017996201736044416,0.00265916253412341,"[0.08263128439284526, 1.3000400626383541, -1.1934317794271463, -0.14548773514971436, 1.4385704440511051, 1.1516368567344175, 0.10389342581421046, 1.489166588256795, 0.9205659349197833]"
prism2,56,/home/humanoid/Programs/hand/results/phase1/run_20260413_pollard_multiscene_500_run2/prism2/generated_mjcf/scene_prism2_tn0d0028p0d0216p0d0117_ip0d0083n0d0041p0d0000_mp0d0190p0d0259p0d0000.xml,prism_y0d0300,True,0.02,4.0,1.0,1.0,4.488896277790465,0.05021405997622731,5.0,0.007126476197056219,0.2407692244063212,-0.002811887786451483,0.021578573773190127,0.011658471244714058,0.008272588457054841,-0.004067646849840225,0.0,0.019005478088847325,0.02590094773271727,0.0,"[0.08263128439284526, 1.3000400626383541, -1.1934317794271463, -0.14548773514971436, 1.4385704440511051, 1.1516368567344175, 0.10389342581421046, 1.489166588256795, 0.9205659349197833]"
prism2,57,/home/humanoid/Programs/hand/results/phase1/run_20260413_pollard_multiscene_500_run2/prism2/generated_mjcf/scene_prism2_tn0d0117p0d0196p0d0000_ip0d0213n0d0028p0d0111_mp0d0125p0d0157p0d0080.xml,prism_y0d0300,True,0.02,4.0,1.0,1.0,4.72993665550206,0.04782369336715088,6.0,0.005351762553497821,0.7016309764042441,-0.011709566023867376,0.019592201922411186,0.0,0.021319150102846428,-0.00275523755717884,0.01105595726232652,0.012492871785778067,0.015663848805663412,0.00798522838512554,"[0.08263128439284526, 1.3000400626383541, -1.1934317794271463, -0.14548773514971436, 1.4385704440511051, 1.1516368567344175, 0.10389342581421046, 1.489166588256795, 0.9205659349197833]"
prism2,58,/home/humanoid/Programs/hand/results/phase1/run_20260413_pollard_multiscene_500_run2/prism2/generated_mjcf/scene_prism2_tp0d0037p0d0140p0d0104_ip0d0086n0d0057p0d0000_mp0d0024p0d0104p0d0018.xml,prism_y0d0300,True,0.02,4.0,1.0,1.0,4.283877421681877,0.04987331863426951,5.0,0.0060860437566235825,0.5350540842020818,0.0036563751765365075,0.013965384232813884,0.010422864918188692,0.008552786799172752,-0.005734650520576824,2.251096772368233e-05,0.002400549834523061,0.010402244328225918,0.0017858584512676114,"[0.08263128439284526, 1.3000400626383541, -1.1934317794271463, -0.14548773514971436, 1.4385704440511051, 1.1516368567344175, 0.10389342581421046, 1.489166588256795, 0.9205659349197833]"
prism2,59,/home/humanoid/Programs/hand/results/phase1/run_20260413_pollard_multiscene_500_run2/prism2/generated_mjcf/scene_prism2_tn0d0086p0d0083p0d0000_ip0d0163n0d0096p0d0000_mp0d0152p0d0149p0d0120.xml,prism_y0d0300,True,0.02,4.0,1.0,1.0,4.458297699185648,0.05010613552888475,5.0,0.0076085023749665635,0.3666601946674556,-0.008567949977657268,0.008329708606795487,0.0,0.01629273212462127,-0.00956022543017069,0.0,0.01521378254309184,0.014928351194636959,0.011988032454168646,"[0.08263128439284526, 1.3000400626383541, -1.1934317794271463, -0.14548773514971436, 1.4385704440511051, 1.1516368567344175, 0.10389342581421046, 1.489166588256795, 0.9205659349197833]"
prism2,60,/home/humanoid/Programs/hand/results/phase1/run_20260413_pollard_multiscene_500_run2/prism2/generated_mjcf/scene_prism2_tp0d0066p0d0279p0d0000_ip0d0017n0d0195p0d0000_mp0d0103p0d0080p0d0067.xml,prism_y0d0300,True,0.02,4.0,1.0,1.0,2.820628274835051,0.049084316451196,4.0,0.013235058785756182,4.2561333277098434e-08,0.006624759658674734,0.027935154590522218,0.0,0.0016550791083715342,-0.019516706181432,0.0,0.010291578870901609,0.007970624345573628,0.006718674503725958,"[0.08263128439284526, 1.3000400626383541, -1.1934317794271463, -0.14548773514971436, 1.4385704440511051, 1.1516368567344175, 0.10389342581421046, 1.489166588256795, 0.9205659349197833]"
prism2,61,/home/humanoid/Programs/hand/results/phase1/run_20260413_pollard_multiscene_500_run2/prism2/generated_mjcf/scene_prism2_tp0d0088p0d0156p0d0002_ip0d0123n0d0070p0d0000_mp0d0047p0d0208p0d0016.xml,prism_y0d0300,True,0.02,4.0,1.0,1.0,2.535600447295642,0.04673611164077204,4.0,0.0103676304434077,2.3339666307502264e-08,0.008842347706013512,0.015584119658245781,0.00019354072215095955,0.012264990460306213,-0.006962923825653033,0.0,0.004740905473675754,0.020836943900601666,0.001636615543023039,"[0.08263128439284526, 1.3000400626383541, -1.1934317794271463, -0.14548773514971436, 1.4385704440511051, 1.1516368567344175, 0.10389342581421046, 1.489166588256795, 0.9205659349197833]"
prism2,62,/home/humanoid/Programs/hand/results/phase1/run_20260413_pollard_multiscene_500_run2/prism2/generated_mjcf/scene_prism2_tp0d0096p0d0187p0d0000_ip0d0054n0d0187p0d0036_mp0d0044p0d0240p0d0000.xml,prism_y0d0300,True,0.02,4.0,1.0,1.0,4.5325238207789,0.04993370918421638,5.0,0.0055973061874864056,0.015085313476047076,0.009598699042534763,0.018748600687729843,0.0,0.005356173220736853,-0.018747058256286107,0.0036183920343215593,0.004352464043744693,0.023994612495433137,0.0,"[0.08263128439284526, 1.3000400626383541, -1.1934317794271463, -0.14548773514971436, 1.4385704440511051, 1.1516368567344175, 0.10389342581421046, 1.489166588256795, 0.9205659349197833]"
prism2,63,/home/humanoid/Programs/hand/results/phase1/run_20260413_pollard_multiscene_500_run2/prism2/generated_mjcf/scene_prism2_tp0d0042p0d0216p0d0031_ip0d0195n0d0202p0d0000_mp0d0009p0d0051p0d0008.xml,prism_y0d0300,True,0.02,4.0,1.0,1.0,4.858131433825135,0.05008759824828923,6.0,0.007244135911062208,0.3050029483153808,0.0041606311494035465,0.021636419405641566,0.0030830111490938,0.019490002615164113,-0.020220277164734096,0.0,0.00092565331204735,0.005134536502037207,0.0008215445664897757,"[0.08263128439284526, 1.3000400626383541, -1.1934317794271463, -0.14548773514971436, 1.4385704440511051, 1.1516368567344175, 0.10389342581421046, 1.489166588256795, 0.9205659349197833]"
prism2,64,/home/humanoid/Programs/hand/results/phase1/run_20260413_pollard_multiscene_500_run2/prism2/generated_mjcf/scene_prism2_tn0d0080p0d0274p0d0000_ip0d0070n0d0129p0d0000_mp0d0065p0d0086p0d0000.xml,prism_y0d0300,True,0.02,4.0,1.0,1.0,4.138601635741168,0.05274811814478245,4.0,0.007619165095076507,0.5015635772132206,-0.008022452353145467,0.027372030322243758,0.0,0.006990567321636585,-0.012943104686674348,0.0,0.006541749268414972,0.008646994452682851,0.0,"[0.08263128439284526, 1.3000400626383541, -1.1934317794271463, -0.14548773514971436, 1.4385704440511051, 1.1516368567344175, 0.10389342581421046, 1.489166588256795, 0.9205659349197833]"
prism2,65,/home/humanoid/Programs/hand/results/phase1/run_20260413_pollard_multiscene_500_run2/prism2/generated_mjcf/scene_prism2_tp0d0102p0d0180p0d0000_ip0d0127n0d0084p0d0038_mp0d0000p0d0173p0d0057.xml,prism_y0d0300,True,0.02,4.0,1.0,1.0,4.8560226523262875,0.04938302213983516,6.0,0.005602700530626101,0.33976879731820836,0.010244905457486197,0.01801220879143583,0.0,0.012668186858420182,-0.008360595438035868,0.003846637078264433,3.421521337633286e-05,0.01726566189683254,0.005662166397551415,"[0.08263128439284526, 1.3000400626383541, -1.1934317794271463, -0.14548773514971436, 1.4385704440511051, 1.1516368567344175, 0.10389342581421046, 1.489166588256795, 0.9205659349197833]"
prism2,66,/home/humanoid/Programs/hand/results/phase1/run_20260413_pollard_multiscene_500_run2/prism2/generated_mjcf/scene_prism2_tp0d0071p0d0221p0d0000_ip0d0000n0d0165p0d0103_mp0d0093p0d0248p0d0000.xml,prism_y0d0300,True,0.02,4.0,1.0,1.0,4.097010104698502,0.04981941350972818,6.0,0.005615633074299124,5.091576356769448,0.00709364078744279,0.022124822046544465,0.0,9.767773522696352e-06,-0.01654671136546037,0.010261411427183106,0.009342820692003578,0.024791373771543557,0.0,"[0.08263128439284526, 1.3000400626383541, -1.1934317794271463, -0.14548773514971436, 1.4385704440511051, 1.1516368567344175, 0.10389342581421046, 1.489166588256795, 0.9205659349197833]"
prism2,67,/home/humanoid/Programs/hand/results/phase1/run_20260413_pollard_multiscene_500_run2/prism2/generated_mjcf/scene_prism2_tp0d0061p0d0196p0d0050_ip0d0056n0d0029p0d0000_mn0d0019p0d0206p0d0042.xml,prism_y0d0300,True,0.02,4.0,1.0,1.0,1.815668930669408,0.049199734318041206,4.0,0.00914242756239598,14.370477752781927,0.006122834557443047,0.019643052216551368,0.005008854274377212,0.00561230264001231,-0.002943233672719108,0.0,-0.0018517561091773247,0.02060797886680421,0.004238507117869911,"[0.08263128439284526, 1.3000400626383541, -1.1934317794271463, -0.14548773514971436, 1.4385704440511051, 1.1516368567344175, 0.10389342581421046, 1.489166588256795, 0.9205659349197833]"
prism2,68,/home/humanoid/Programs/hand/results/phase1/run_20260413_pollard_multiscene_500_run2/prism2/generated_mjcf/scene_prism2_tp0d0038p0d0245p0d0021_ip0d0008n0d0082p0d0000_mp0d0024p0d0134p0d0000.xml,prism_y0d0300,True,0.02,4.0,1.0,1.0,4.297330427878848,0.05059706164403791,5.0,0.005696109726106254,1.1182648270534892,0.0037656347982162504,0.024497960055519838,0.002070341064443596,0.0007666948738843469,-0.008239110662878768,0.0,0.002388229094912815,0.013401081724688357,0.0,"[0.08263128439284526, 1.3000400626383541, -1.1934317794271463, -0.14548773514971436, 1.4385704440511051, 1.1516368567344175, 0.10389342581421046, 1.489166588256795, 0.9205659349197833]"
prism2,69,/home/humanoid/Programs/hand/results/phase1/run_20260413_pollard_multiscene_500_run2/prism2/generated_mjcf/scene_prism2_tn0d0091p0d0182p0d0030_ip0d0071n0d0073p0d0000_mp0d0015p0d0213p0d0040.xml,prism_y0d0300,True,0.02,4.0,1.0,1.0,4.110637696691528,0.05309770637607539,4.0,0.007222766123112121,0.6177545856055676,-0.009144836102051577,0.018246982496957297,0.0029668138469602177,0.007059122356778417,-0.007296012401118981,0.0,0.001451806534502163,0.021273596267723675,0.004049475114289318,"[0.08263128439284526, 1.3000400626383541, -1.1934317794271463, -0.14548773514971436, 1.4385704440511051, 1.1516368567344175, 0.10389342581421046, 1.489166588256795, 0.9205659349197833]"
prism2,70,/home/humanoid/Programs/hand/results/phase1/run_20260413_pollard_multiscene_500_run2/prism2/generated_mjcf/scene_prism2_tn0d0017p0d0113p0d0039_ip0d0160n0d0204p0d0045_mp0d0065p0d0253p0d0060.xml,prism_y0d0300,True,0.02,4.0,1.0,1.0,4.263421056908901,0.04910682063677063,5.0,0.005978609362192907,1.0121109071504135,-0.001695103360925699,0.011282414835625114,0.003928409743895453,0.015998937998229143,-0.020365376323012177,0.004543241686324421,0.006535290073162862,0.025262846757352395,0.006036952502601393,"[0.08263128439284526, 1.3000400626383541, -1.1934317794271463, -0.14548773514971436, 1.4385704440511051, 1.1516368567344175, 0.10389342581421046, 1.489166588256795, 0.9205659349197833]"
prism2,71,/home/humanoid/Programs/hand/results/phase1/run_20260413_pollard_multiscene_500_run2/prism2/generated_mjcf/scene_prism2_tn0d0054p0d0300p0d0000_ip0d0024n0d0185p0d0056_mp0d0106p0d0144p0d0000.xml,prism_y0d0300,True,0.02,4.0,1.0,1.0,4.050570518404935,0.050842853161882674,4.0,0.010303332534135875,0.37080123452697433,-0.0054304519143984886,0.03,0.0,0.002435776347481558,-0.01849432869246876,0.005569922000877223,0.010628032732038916,0.01444500978945759,0.0,"[0.08263128439284526, 1.3000400626383541, -1.1934317794271463, -0.14548773514971436, 1.4385704440511051, 1.1516368567344175, 0.10389342581421046, 1.489166588256795, 0.9205659349197833]"
prism2,72,/home/humanoid/Programs/hand/results/phase1/run_20260413_pollard_multiscene_500_run2/prism2/generated_mjcf/scene_prism2_tp0d0062p0d0108p0d0000_ip0d0174n0d0135p0d0090_mp0d0124p0d0222p0d0000.xml,prism_y0d0300,True,0.02,4.0,1.0,1.0,-6.571379307939723,0.04897387548710119,4.0,0.012717956094758143,67.93046340229391,0.006155210648630671,0.010810553793238229,0.0,0.01735264766979943,-0.013474860852813792,0.009043625678390614,0.012439938501574144,0.022249071527001167,0.0,"[0.08263128439284526, 1.3000400626383541, -1.1934317794271463, -0.14548773514971436, 1.4385704440511051, 1.1516368567344175, 0.10389342581421046, 1.489166588256795, 0.9205659349197833]"
prism2,73,/home/humanoid/Programs/hand/results/phase1/run_20260413_pollard_multiscene_500_run2/prism2/generated_mjcf/scene_prism2_tn0d0044p0d0170p0d0000_ip0d0093n0d0046p0d0000_mp0d0184p0d0246p0d0000.xml,prism_y0d0300,True,0.02,4.0,1.0,1.0,4.552414738647289,0.052071639466059,5.0,0.007292409727973757,0.2428557999532449,-0.004410675175764798,0.017040945243216383,0.0,0.009339208587460731,-0.004560812218020674,0.0,0.018435661951111647,0.02463711105944183,0.0,"[0.08263128439284526, 1.3000400626383541, -1.1934317794271463, -0.14548773514971436, 1.4385704440511051, 1.1516368567344175, 0.10389342581421046, 1.489166588256795, 0.9205659349197833]"
prism2,74,/home/humanoid/Programs/hand/results/phase1/run_20260413_pollard_multiscene_500_run2/prism2/generated_mjcf/scene_prism2_tn0d0118p0d0150p0d0000_ip0d0213n0d0226p0d0068_mp0d0094p0d0064p0d0000.xml,prism_y0d0300,True,0.02,4.0,1.0,1.0,4.915716337928785,0.050713537839452,6.0,0.006470409126699404,0.25367005950387916,-0.011774631129091623,0.015026071347668844,0.0,0.021290785761964172,-0.022586193670716414,0.006751326365479232,0.00941019888610549,0.00641696459455523,0.0,"[0.08263128439284526, 1.3000400626383541, -1.1934317794271463, -0.14548773514971436, 1.4385704440511051, 1.1516368567344175, 0.10389342581421046, 1.489166588256795, 0.9205659349197833]"
prism2,75,/home/humanoid/Programs/hand/results/phase1/run_20260413_pollard_multiscene_500_run2/prism2/generated_mjcf/scene_prism2_tn0d0029p0d0138p0d0000_ip0d0081n0d0012p0d0000_mp0d0208p0d0040p0d0000.xml,prism_y0d0300,True,0.02,4.0,1.0,1.0,4.904826431351264,0.05050439326068873,6.0,0.006871619851755666,0.1692582560936285,-0.0028583662300581437,0.0138457400072515,0.0,0.008078051948861801,-0.0012057265220458985,0.0,0.02080324029069562,0.0040327697180053326,0.0,"[0.08263128439284526, 1.3000400626383541, -1.1934317794271463, -0.14548773514971436, 1.4385704440511051, 1.1516368567344175, 0.10389342581421046, 1.489166588256795, 0.9205659349197833]"
prism2,76,/home/humanoid/Programs/hand/results/phase1/run_20260413_pollard_multiscene_500_run2/prism2/generated_mjcf/scene_prism2_tn0d0113p0d0240p0d0000_ip0d0118n0d0052p0d0000_mp0d0039p0d0207p0d0000.xml,prism_y0d0300,True,0.02,4.0,1.0,1.0,4.505777413160551,0.04988526193516909,5.0,0.005638874381220206,0.1470655681417121,-0.011332418251265538,0.023982671318296504,0.0,0.011834084351033164,-0.005211212745469809,0.0,0.0038962598250180834,0.020709806091373795,0.0,"[0.08263128439284526, 1.3000400626383541, -1.1934317794271463, -0.14548773514971436, 1.4385704440511051, 1.1516368567344175, 0.10389342581421046, 1.489166588256795, 0.9205659349197833]"
prism2,77,/home/humanoid/Programs/hand/results/phase1/run_20260413_pollard_multiscene_500_run2/prism2/generated_mjcf/scene_prism2_tn0d0084p0d0101p0d0057_ip0d0186n0d0029p0d0002_mp0d0017p0d0087p0d0000.xml,prism_y0d0300,True,0.02,4.0,1.0,1.0,4.103728224013751,0.05229216562545888,4.0,0.007605289313312104,0.26773123333523147,-0.008418956494816787,0.010098682819272528,0.005692020027346097,0.018649896037094195,-0.00293131012119569,0.00024213617963288712,0.0016829095927515317,0.00871577789468347,0.0,"[0.08263128439284526, 1.3000400626383541, -1.1934317794271463, -0.14548773514971436, 1.4385704440511051, 1.1516368567344175, 0.10389342581421046, 1.489166588256795, 0.9205659349197833]"
prism2,78,/home/humanoid/Programs/hand/results/phase1/run_20260413_pollard_multiscene_500_run2/prism2/generated_mjcf/scene_prism2_tp0d0084p0d0236p0d0000_ip0d0161n0d0138p0d0116_mp0d0083p0d0234p0d0000.xml,prism_y0d0300,True,0.02,4.0,1.0,1.0,4.4781055820613975,0.053800131281047985,5.0,0.005768485645464713,0.6541063703570656,0.008444576966534726,0.02360473805204645,0.0,0.016142527397372305,-0.013849435792305355,0.011586334684659968,0.008289451299635327,0.023392712373685107,0.0,"[0.08263128439284526, 1.3000400626383541, -1.1934317794271463, -0.14548773514971436, 1.4385704440511051, 1.1516368567344175, 0.10389342581421046, 1.489166588256795, 0.9205659349197833]"
prism2,79,/home/humanoid/Programs/hand/results/phase1/run_20260413_pollard_multiscene_500_run2/prism2/generated_mjcf/scene_prism2_tp0d0052p0d0176p0d0000_ip0d0028n0d0020p0d0000_mp0d0115p0d0176p0d0086.xml,prism_y0d0300,True,0.02,4.0,1.0,1.0,3.5810753425979387,0.044156713094593486,4.0,0.008797773967277945,1.7372103673202473,0.005237310362236038,0.017563482626837892,0.0,0.0027718192087738923,-0.0019917236705522656,0.0,0.011478080897803443,0.017636294965843274,0.008602642255188277,"[0.08263128439284526, 1.3000400626383541, -1.1934317794271463, -0.14548773514971436, 1.4385704440511051, 1.1516368567344175, 0.10389342581421046, 1.489166588256795, 0.9205659349197833]"
prism2,80,/home/humanoid/Programs/hand/results/phase1/run_20260413_pollard_multiscene_500_run2/prism2/generated_mjcf/scene_prism2_tn0d0008p0d0279p0d0006_ip0d0210n0d0071p0d0099_mp0d0206p0d0226p0d0000.xml,prism_y0d0300,True,0.02,4.0,1.0,1.0,4.0701615652705145,0.05259761514573645,4.0,0.005740266189338689,0.6081107543848423,-0.0008000030475453623,0.027917390747862772,0.000573517541445712,0.02095203182614285,-0.007101411990425551,0.009890526263616365,0.02061665277540771,0.022553907751633406,0.0,"[0.08263128439284526, 1.3000400626383541, -1.1934317794271463, -0.14548773514971436, 1.4385704440511051, 1.1516368567344175, 0.10389342581421046, 1.489166588256795, 0.9205659349197833]"
prism2,81,/home/humanoid/Programs/hand/results/phase1/run_20260413_pollard_multiscene_500_run2/prism2/generated_mjcf/scene_prism2_tn0d0090p0d0228p0d0000_ip0d0072n0d0201p0d0063_mp0d0185p0d0065p0d0004.xml,prism_y0d0300,True,0.02,4.0,1.0,1.0,4.092963049556318,0.05148074648700685,4.0,0.007742472021666724,0.6096833062425939,-0.009013713642375616,0.02278980200712923,0.0,0.007243655781430538,-0.020128123761032943,0.006292119913449305,0.018507944887493133,0.006487311049542916,0.0004040384823368326,"[0.08263128439284526, 1.3000400626383541, -1.1934317794271463, -0.14548773514971436, 1.4385704440511051, 1.1516368567344175, 0.10389342581421046, 1.489166588256795, 0.9205659349197833]"
prism2,82,/home/humanoid/Programs/hand/results/phase1/run_20260413_pollard_multiscene_500_run2/prism2/generated_mjcf/scene_prism2_tn0d0025p0d0270p0d0000_ip0d0155n0d0107p0d0115_mp0d0081p0d0270p0d0000.xml,prism_y0d0300,True,0.02,4.0,1.0,1.0,5.01609067224309,0.055367321624733706,6.0,0.005808541623924145,0.24873745635066302,-0.002519689680057913,0.0269603676315392,0.0,0.015539417179556146,-0.010713506962094235,0.011477954736469145,0.00807119382275073,0.027004100871841748,0.0,"[0.08263128439284526, 1.3000400626383541, -1.1934317794271463, -0.14548773514971436, 1.4385704440511051, 1.1516368567344175, 0.10389342581421046, 1.489166588256795, 0.9205659349197833]"
prism2,83,/home/humanoid/Programs/hand/results/phase1/run_20260413_pollard_multiscene_500_run2/prism2/generated_mjcf/scene_prism2_tn0d0076p0d0268p0d0000_ip0d0116n0d0088p0d0000_mn0d0012p0d0270p0d0076.xml,prism_y0d0300,True,0.02,4.0,1.0,1.0,4.45198387314998,0.04918591949812371,5.0,0.0056427459842126534,0.3103541386524859,-0.007615952366620589,0.02676994545049784,0.0,0.011578113540041342,-0.00879563808260816,0.0,-0.0011742335437274105,0.026988800245438982,0.007617363433869751,"[0.08263128439284526, 1.3000400626383541, -1.1934317794271463, -0.14548773514971436, 1.4385704440511051, 1.1516368567344175, 0.10389342581421046, 1.489166588256795, 0.9205659349197833]"
prism2,84,/home/humanoid/Programs/hand/results/phase1/run_20260413_pollard_multiscene_500_run2/prism2/generated_mjcf/scene_prism2_tn0d0090p0d0284p0d0000_ip0d0039n0d0058p0d0062_mp0d0183p0d0066p0d0059.xml,prism_y0d0300,True,0.02,4.0,1.0,1.0,4.535177566745055,0.05259744866659291,5.0,0.0064334388700122355,0.48496773051339875,-0.00903107388097255,0.0283512663229558,0.0,0.003934833769319825,-0.005757207590804102,0.006176688296570931,0.018302976254368976,0.006579648189279809,0.005942068205402055,"[0.08263128439284526, 1.3000400626383541, -1.1934317794271463, -0.14548773514971436, 1.4385704440511051, 1.1516368567344175, 0.10389342581421046, 1.489166588256795, 0.9205659349197833]"
prism2,85,/home/humanoid/Programs/hand/results/phase1/run_20260413_pollard_multiscene_500_run2/prism2/generated_mjcf/scene_prism2_tn0d0007p0d0158p0d0056_ip0d0183n0d0166p0d0000_mp0d0218p0d0254p0d0000.xml,prism_y0d0300,True,0.02,4.0,1.0,1.0,4.956121887182931,0.051731717901570766,6.0,0.006751107885421194,0.20326831590873276,-0.0007242270174430531,0.01582120179505725,0.005623269061173778,0.018283433942996835,-0.01656094181848386,0.0,0.021800433240013316,0.025360559741709553,0.0,"[0.08263128439284526, 1.3000400626383541, -1.1934317794271463, -0.14548773514971436, 1.4385704440511051, 1.1516368567344175, 0.10389342581421046, 1.489166588256795, 0.9205659349197833]"
prism2,86,/home/humanoid/Programs/hand/results/phase1/run_20260413_pollard_multiscene_500_run2/prism2/generated_mjcf/scene_prism2_tp0d0075p0d0102p0d0099_ip0d0166n0d0196p0d0000_mp0d0123p0d0118p0d0057.xml,prism_y0d0300,True,0.02,4.0,1.0,1.0,4.835684092007598,0.05199040147896383,6.0,0.006010084710047227,0.344273040194512,0.007545943391991963,0.010152637333193278,0.009901101778887714,0.016591653646360095,-0.019575285245747365,0.0,0.012293316516183985,0.011838183941553431,0.005669611582738907,"[0.08263128439284526, 1.3000400626383541, -1.1934317794271463, -0.14548773514971436, 1.4385704440511051, 1.1516368567344175, 0.10389342581421046, 1.489166588256795, 0.9205659349197833]"
prism2,87,/home/humanoid/Programs/hand/results/phase1/run_20260413_pollard_multiscene_500_run2/prism2/generated_mjcf/scene_prism2_tp0d0022p0d0130p0d0026_in0d0017n0d0216p0d0000_mp0d0065p0d0036p0d0103.xml,prism_y0d0300,True,0.02,4.0,1.0,1.0,4.431159523929498,0.04987436075758479,5.0,0.0056480288343659655,0.5349935938357911,0.002216708864255847,0.012968687661631752,0.002642628237215415,-0.0016625819564261152,-0.021618052432726936,0.0,0.006488265088465934,0.003585833720184428,0.01031778056792828,"[0.08263128439284526, 1.3000400626383541, -1.1934317794271463, -0.14548773514971436, 1.4385704440511051, 1.1516368567344175, 0.10389342581421046, 1.489166588256795, 0.9205659349197833]"
prism2,88,/home/humanoid/Programs/hand/results/phase1/run_20260413_pollard_multiscene_500_run2/prism2/generated_mjcf/scene_prism2_tn0d0063p0d0145p0d0000_ip0d0206n0d0159p0d0000_mp0d0052p0d0267p0d0000.xml,prism_y0d0300,True,0.02,4.0,1.0,1.0,3.949862510262351,0.046820409539297,4.0,0.008274335363713026,0.20061503400585926,-0.006251785068665728,0.014495325210681365,0.0,0.020577729177482608,-0.015856336100447087,0.0,0.00516417454005876,0.026729880841243052,0.0,"[0.08263128439284526, 1.3000400626383541, -1.1934317794271463, -0.14548773514971436, 1.4385704440511051, 1.1516368567344175, 0.10389342581421046, 1.489166588256795, 0.9205659349197833]"
prism2,89,/home/humanoid/Programs/hand/results/phase1/run_20260413_pollard_multiscene_500_run2/prism2/generated_mjcf/scene_prism2_tn0d0100p0d0238p0d0052_ip0d0069n0d0192p0d0000_mp0d0085p0d0272p0d0086.xml,prism_y0d0300,True,0.02,4.0,1.0,1.0,4.421811481714523,0.050752162144845694,5.0,0.005726544517132265,0.7175362095306403,-0.009995101896248837,0.02379157746173784,0.005198518097171433,0.0069337845806804535,-0.0192267562692027,0.0,0.00853763705229673,0.027187195281308668,0.008602447813300492,"[0.08263128439284526, 1.3000400626383541, -1.1934317794271463, -0.14548773514971436, 1.4385704440511051, 1.1516368567344175, 0.10389342581421046, 1.489166588256795, 0.9205659349197833]"
prism2,90,/home/humanoid/Programs/hand/results/phase1/run_20260413_pollard_multiscene_500_run2/prism2/generated_mjcf/scene_prism2_tp0d0029p0d0127p0d0045_ip0d0162n0d0225p0d0000_mp0d0058p0d0170p0d0037.xml,prism_y0d0300,True,0.02,4.0,1.0,1.0,4.521464596622956,0.04990149537164293,5.0,0.00573022172617169,0.0603954548068871,0.0029018135620788327,0.012654030748838113,0.004509948513336814,0.016215976054769522,-0.022490670271335656,0.0,0.005844347141099411,0.0169903517426752,0.0036732772408389104,"[0.08263128439284526, 1.3000400626383541, -1.1934317794271463, -0.14548773514971436, 1.4385704440511051, 1.1516368567344175, 0.10389342581421046, 1.489166588256795, 0.9205659349197833]"
prism2,91,/home/humanoid/Programs/hand/results/phase1/run_20260413_pollard_multiscene_500_run2/prism2/generated_mjcf/scene_prism2_tn0d0076p0d0193p0d0118_in0d0016n0d0154p0d0000_mp0d0077p0d0242p0d0000.xml,prism_y0d0300,True,0.02,4.0,1.0,1.0,4.508492832608856,0.05044792326208155,5.0,0.006882807044116235,0.12970580765487158,-0.007646693078679328,0.019271826466729144,0.01181202927686147,-0.0016195366585430217,-0.015396153316103115,0.0,0.007733992480541187,0.024160649172592356,0.0,"[0.08263128439284526, 1.3000400626383541, -1.1934317794271463, -0.14548773514971436, 1.4385704440511051, 1.1516368567344175, 0.10389342581421046, 1.489166588256795, 0.9205659349197833]"
prism2,92,/home/humanoid/Programs/hand/results/phase1/run_20260413_pollard_multiscene_500_run2/prism2/generated_mjcf/scene_prism2_tp0d0092p0d0218p0d0000_ip0d0041n0d0045p0d0035_mp0d0031p0d0064p0d0000.xml,prism_y0d0300,True,0.02,4.0,1.0,1.0,4.381343223304995,0.05163900813612555,5.0,0.005649225004922209,0.7845728489559786,0.009193872035903945,0.02181295623272573,0.0,0.0040552741037858985,-0.0045332674722808695,0.003460812432078599,0.0030934256771718233,0.006421691842922003,0.0,"[0.08263128439284526, 1.3000400626383541, -1.1934317794271463, -0.14548773514971436, 1.4385704440511051, 1.1516368567344175, 0.10389342581421046, 1.489166588256795, 0.9205659349197833]"
prism2,93,/home/humanoid/Programs/hand/results/phase1/run_20260413_pollard_multiscene_500_run2/prism2/generated_mjcf/scene_prism2_tp0d0098p0d0177p0d0077_ip0d0195n0d0189p0d0000_mp0d0023p0d0219p0d0000.xml,prism_y0d0300,True,0.02,4.0,1.0,1.0,4.38452164187099,0.05115420477630048,5.0,0.005945969413706141,0.5581427509510478,0.009817727108383325,0.0176813969023054,0.007687387064662939,0.019488690226234645,-0.01886800685293718,0.0,0.0023280660770963867,0.021851488935866546,0.0,"[0.08263128439284526, 1.3000400626383541, -1.1934317794271463, -0.14548773514971436, 1.4385704440511051, 1.1516368567344175, 0.10389342581421046, 1.489166588256795, 0.9205659349197833]"
prism2,94,/home/humanoid/Programs/hand/results/phase1/run_20260413_pollard_multiscene_500_run2/prism2/generated_mjcf/scene_prism2_tp0d0015p0d0126p0d0064_ip0d0095n0d0111p0d0000_mp0d0090p0d0044p0d0074.xml,prism_y0d0300,True,0.02,4.0,1.0,1.0,4.924653113664294,0.05291330159196289,6.0,0.0058866536976695735,0.1310259707370348,0.001539169440428645,0.012590402374113123,0.006399856377125625,0.009505016714306917,-0.011122081462157587,0.0,0.008957884088755294,0.004397102470699158,0.007428471529678085,"[0.08263128439284526, 1.3000400626383541, -1.1934317794271463, -0.14548773514971436, 1.4385704440511051, 1.1516368567344175, 0.10389342581421046, 1.489166588256795, 0.9205659349197833]"
prism2,95,/home/humanoid/Programs/hand/results/phase1/run_20260413_pollard_multiscene_500_run2/prism2/generated_mjcf/scene_prism2_tp0d0098p0d0261p0d0000_ip0d0183n0d0242p0d0040_mp0d0164p0d0111p0d0086.xml,prism_y0d0300,True,0.02,4.0,1.0,1.0,3.945997134923269,0.04758756904702664,4.0,0.012788921985940463,0.24110402793300184,0.009779974161027216,0.026063540473240793,0.0,0.018250824386656643,-0.024208298980820234,0.003982977767717059,0.016417262015573204,0.011139749692614482,0.00855772058265547,"[0.08263128439284526, 1.3000400626383541, -1.1934317794271463, -0.14548773514971436, 1.4385704440511051, 1.1516368567344175, 0.10389342581421046, 1.489166588256795, 0.9205659349197833]"
prism2,96,/home/humanoid/Programs/hand/results/phase1/run_20260413_pollard_multiscene_500_run2/prism2/generated_mjcf/scene_prism2_tn0d0120p0d0232p0d0000_ip0d0131n0d0183p0d0000_mp0d0130p0d0152p0d0000.xml,prism_y0d0300,True,0.02,4.0,1.0,1.0,4.621854132024068,0.054151051514922194,5.0,0.005949464153868128,0.18877457064412087,-0.011995439961423757,0.023170885074527296,0.0,0.013087070170243659,-0.01826739217079296,0.0,0.01302784928333284,0.015226435694788317,0.0,"[0.08263128439284526, 1.3000400626383541, -1.1934317794271463, -0.14548773514971436, 1.4385704440511051, 1.1516368567344175, 0.10389342581421046, 1.489166588256795, 0.9205659349197833]"
prism2,97,/home/humanoid/Programs/hand/results/phase1/run_20260413_pollard_multiscene_500_run2/prism2/generated_mjcf/scene_prism2_tp0d0093p0d0292p0d0012_ip0d0149n0d0135p0d0072_mp0d0180p0d0216p0d0000.xml,prism_y0d0300,True,0.02,4.0,1.0,1.0,4.5844735524697855,0.056715056863578986,5.0,0.005835351177374007,0.667874059429076,0.009268198317895226,0.029177279887696635,0.001189641720707622,0.014946304660889418,-0.013466718358715133,0.007234640744900829,0.018012549910744587,0.02163983278281282,0.0,"[0.08263128439284526, 1.3000400626383541, -1.1934317794271463, -0.14548773514971436, 1.4385704440511051, 1.1516368567344175, 0.10389342581421046, 1.489166588256795, 0.9205659349197833]"
prism2,98,/home/humanoid/Programs/hand/results/phase1/run_20260413_pollard_multiscene_500_run2/prism2/generated_mjcf/scene_prism2_tn0d0114p0d0238p0d0000_ip0d0195n0d0037p0d0008_mp0d0071p0d0204p0d0050.xml,prism_y0d0300,True,0.02,4.0,1.0,1.0,4.4944624926165,0.0493279402444715,5.0,0.005585172239406043,0.08077104071810846,-0.011412276955248405,0.02379807387899146,0.0,0.019462260282733714,-0.0036636593388789888,0.0008100502558857133,0.0070586596157323,0.02041174898220853,0.005024872692297698,"[0.08263128439284526, 1.3000400626383541, -1.1934317794271463, -0.14548773514971436, 1.4385704440511051, 1.1516368567344175, 0.10389342581421046, 1.489166588256795, 0.9205659349197833]"
prism2,99,/home/humanoid/Programs/hand/results/phase1/run_20260413_pollard_multiscene_500_run2/prism2/generated_mjcf/scene_prism2_tp0d0044p0d0282p0d0019_ip0d0104n0d0119p0d0093_mp0d0068p0d0235p0d0001.xml,prism_y0d0300,True,0.02,4.0,1.0,1.0,4.933315215524844,0.05444217053594544,6.0,0.005953358246149224,0.34933111258990956,0.004374789435312346,0.028218177304168056,0.0018556460458758403,0.010385043516164927,-0.011894204793422361,0.009335535792464315,0.006802027202263075,0.023505980635449716,0.00011734953019630276,"[0.08263128439284526, 1.3000400626383541, -1.1934317794271463, -0.14548773514971436, 1.4385704440511051, 1.1516368567344175, 0.10389342581421046, 1.489166588256795, 0.9205659349197833]"
prism2,100,/home/humanoid/Programs/hand/results/phase1/run_20260413_pollard_multiscene_500_run2/prism2/generated_mjcf/scene_prism2_tn0d0100p0d0188p0d0000_ip0d0107n0d0038p0d0000_mp0d0094p0d0173p0d0065.xml,prism_y0d0300,True,0.02,4.0,1.0,1.0,4.966131305308316,0.05316764421898813,6.0,0.006738911167092804,0.45966442378396666,-0.009951865181536158,0.018775567695502312,0.0,0.010669241071932166,-0.003820563471950528,0.0,0.009405390983008566,0.017280054041644587,0.0064756874760196585,"[0.08263128439284526, 1.3000400626383541, -1.1934317794271463, -0.14548773514971436, 1.4385704440511051, 1.1516368567344175, 0.10389342581421046, 1.489166588256795, 0.9205659349197833]"
prism2,101,/home/humanoid/Programs/hand/results/phase1/run_20260413_pollard_multiscene_500_run2/prism2/generated_mjcf/scene_prism2_tp0d0106p0d0212p0d0101_ip0d0061n0d0060p0d0063_mp0d0112p0d0075p0d0000.xml,prism_y0d0300,True,0.02,4.0,1.0,1.0,4.390593512027056,0.05120525270134731,5.0,0.005817426734007966,0.5819583719608221,0.010583447100032992,0.021214589149641843,0.010118832452697093,0.006077415096292973,-0.005956325488376159,0.006329410999625626,0.011230695538510659,0.007470929249459784,0.0,"[0.08263128439284526, 1.3000400626383541, -1.1934317794271463, -0.14548773514971436, 1.4385704440511051, 1.1516368567344175, 0.10389342581421046, 1.489166588256795, 0.9205659349197833]"
prism2,102,/home/humanoid/Programs/hand/results/phase1/run_20260413_pollard_multiscene_500_run2/prism2/generated_mjcf/scene_prism2_tn0d0050p0d0300p0d0035_ip0d0198n0d0172p0d0000_mp0d0116p0d0118p0d0000.xml,prism_y0d0300,True,0.02,4.0,1.0,1.0,4.1253952749362774,0.05101344572413663,4.0,0.0073892117054768945,0.24727993709669938,-0.00501959716225856,0.03,0.0034709390634110604,0.019816908082287803,-0.017192165528774707,0.0,0.01161693581676551,0.011813476401367424,0.0,"[0.08263128439284526, 1.3000400626383541, -1.1934317794271463, -0.14548773514971436, 1.4385704440511051, 1.1516368567344175, 0.10389342581421046, 1.489166588256795, 0.9205659349197833]"
prism2,103,/home/humanoid/Programs/hand/results/phase1/run_20260413_pollard_multiscene_500_run2/prism2/generated_mjcf/scene_prism2_tp0d0024p0d0087p0d0000_in0d0020n0d0127p0d0026_mp0d0002p0d0091p0d0073.xml,prism_y0d0300,True,0.02,4.0,1.0,1.0,3.8017008956715044,0.04357475300123058,4.0,0.0090219761211849,0.27966832820455206,0.002383369372827144,0.008678863384413857,0.0,-0.0019946792069528447,-0.01271909707195985,0.002592015961930566,0.00023177104157602255,0.00911026565147512,0.0072958037054163295,"[0.08263128439284526, 1.3000400626383541, -1.1934317794271463, -0.14548773514971436, 1.4385704440511051, 1.1516368567344175, 0.10389342581421046, 1.489166588256795, 0.9205659349197833]"
prism2,104,/home/humanoid/Programs/hand/results/phase1/run_20260413_pollard_multiscene_500_run2/prism2/generated_mjcf/scene_prism2_tp0d0082p0d0173p0d0075_ip0d0047n0d0074p0d0011_mp0d0086p0d0191p0d0000.xml,prism_y0d0300,True,0.02,4.0,1.0,1.0,3.9693258482878733,0.04929213918401394,4.0,0.009379979393184436,0.34346452334616506,0.008166757436390344,0.017305598102488752,0.007541369532989443,0.004651366072771426,-0.007353402664476439,0.0010909589677707467,0.008562377893663898,0.019054614628170638,0.0,"[0.08263128439284526, 1.3000400626383541, -1.1934317794271463, -0.14548773514971436, 1.4385704440511051, 1.1516368567344175, 0.10389342581421046, 1.489166588256795, 0.9205659349197833]"
prism2,105,/home/humanoid/Programs/hand/results/phase1/run_20260413_pollard_multiscene_500_run2/prism2/generated_mjcf/scene_prism2_tn0d0081p0d0151p0d0043_ip0d0149n0d0080p0d0064_mn0d0001p0d0058p0d0085.xml,prism_y0d0300,True,0.02,4.0,1.0,1.0,4.541835203938046,0.05274202221107459,5.0,0.005716115674601874,0.2207522992315067,-0.008101357374999472,0.015051763145310957,0.004333502634470354,0.014949647520672982,-0.007961740219535359,0.0064228105575298185,-9.076253567036861e-05,0.005841333801968511,0.008528427846290734,"[0.08263128439284526, 1.3000400626383541, -1.1934317794271463, -0.14548773514971436, 1.4385704440511051, 1.1516368567344175, 0.10389342581421046, 1.489166588256795, 0.9205659349197833]"
prism2,106,/home/humanoid/Programs/hand/results/phase1/run_20260413_pollard_multiscene_500_run2/prism2/generated_mjcf/scene_prism2_tn0d0034p0d0216p0d0001_ip0d0130n0d0225p0d0065_mp0d0010p0d0197p0d0000.xml,prism_y0d0300,True,0.02,4.0,1.0,1.0,4.347607012519387,0.049189853191525565,5.0,0.0075021419459645215,0.6256233269119214,-0.003435893928932775,0.021640910971604234,8.406733760194136e-05,0.01303990171210299,-0.022453278930529147,0.006474965432793946,0.0009616558759156877,0.019652987084016846,0.0,"[0.08263128439284526, 1.3000400626383541, -1.1934317794271463, -0.14548773514971436, 1.4385704440511051, 1.1516368567344175, 0.10389342581421046, 1.489166588256795, 0.9205659349197833]"
prism2,107,/home/humanoid/Programs/hand/results/phase1/run_20260413_pollard_multiscene_500_run2/prism2/generated_mjcf/scene_prism2_tn0d0002p0d0241p0d0000_in0d0009n0d0012p0d0005_mp0d0158p0d0161p0d0077.xml,prism_y0d0300,True,0.02,4.0,1.0,1.0,4.341708241525919,0.049910645241522944,5.0,0.007358814297756291,0.9390306395166723,-0.0001857207345086799,0.024120649624657868,0.0,-0.0008951006875646678,-0.0011589227586814663,0.000544245585789983,0.015811471385460664,0.01605107600938014,0.007672485664079333,"[0.08263128439284526, 1.3000400626383541, -1.1934317794271463, -0.14548773514971436, 1.4385704440511051, 1.1516368567344175, 0.10389342581421046, 1.489166588256795, 0.9205659349197833]"
prism2,108,/home/humanoid/Programs/hand/results/phase1/run_20260413_pollard_multiscene_500_run2/prism2/generated_mjcf/scene_prism2_tp0d0016p0d0109p0d0034_ip0d0021n0d0045p0d0043_mp0d0206p0d0184p0d0000.xml,prism_y0d0300,True,0.02,4.0,1.0,1.0,4.906303875349021,0.05001542185301648,6.0,0.007658650041462403,0.09177436214592871,0.0015507882981054214,0.010946165081292702,0.0034057575517393284,0.002145776066487623,-0.004532300759600939,0.00434547841134757,0.020555407315434586,0.018397938948996252,0.0,"[0.08263128439284526, 1.3000400626383541, -1.1934317794271463, -0.14548773514971436, 1.4385704440511051, 1.1516368567344175, 0.10389342581421046, 1.489166588256795, 0.9205659349197833]"
prism2,109,/home/humanoid/Programs/hand/results/phase1/run_20260413_pollard_multiscene_500_run2/prism2/generated_mjcf/scene_prism2_tp0d0014p0d0265p0d0051_ip0d0062n0d0086p0d0104_mp0d0144p0d0121p0d0099.xml,prism_y0d0300,True,0.02,4.0,1.0,1.0,4.49661402883305,0.05561695818368022,5.0,0.006363960288531014,1.2532031296687292,0.0013713010998067932,0.026522534647037528,0.00508531914060183,0.006215120944035642,-0.0085715723855087,0.010446457471225783,0.014435441034388851,0.012115233654059249,0.009858199929202283,"[0.08263128439284526, 1.3000400626383541, -1.1934317794271463, -0.14548773514971436, 1.4385704440511051, 1.1516368567344175, 0.10389342581421046, 1.489166588256795, 0.9205659349197833]"
prism2,110,/home/humanoid/Programs/hand/results/phase1/run_20260413_pollard_multiscene_500_run2/prism2/generated_mjcf/scene_prism2_tp0d0079p0d0285p0d0000_ip0d0050n0d0053p0d0000_mn0d0002p0d0197p0d0072.xml,prism_y0d0300,True,0.02,4.0,1.0,1.0,4.261471472405674,0.05080343045475374,5.0,0.0056654221945873565,1.6564564508914763,0.007862980625476145,0.028524410246412026,0.0,0.004979892007376512,-0.005336932736155145,0.0,-0.0002310575466114538,0.019698384299342057,0.007182478955496934,"[0.08263128439284526, 1.3000400626383541, -1.1934317794271463, -0.14548773514971436, 1.4385704440511051, 1.1516368567344175, 0.10389342581421046, 1.489166588256795, 0.9205659349197833]"
prism2,111,/home/humanoid/Programs/hand/results/phase1/run_20260413_pollard_multiscene_500_run2/prism2/generated_mjcf/scene_prism2_tp0d0034p0d0163p0d0014_in0d0015n0d0108p0d0086_mn0d0001p0d0125p0d0000.xml,prism_y0d0300,True,0.02,4.0,1.0,1.0,4.646370478402775,0.05219110615278404,6.0,0.005740725694405546,1.4142781718840958,0.003402427395368751,0.01627624007420011,0.0014345596552211674,-0.0014835211652609488,-0.010796120261926605,0.008563228193161875,-0.00012672235965031746,0.012499665517147967,0.0,"[0.08263128439284526, 1.3000400626383541, -1.1934317794271463, -0.14548773514971436, 1.4385704440511051, 1.1516368567344175, 0.10389342581421046, 1.489166588256795, 0.9205659349197833]"
prism2,112,/home/humanoid/Programs/hand/results/phase1/run_20260413_pollard_multiscene_500_run2/prism2/generated_mjcf/scene_prism2_tn0d0029p0d0083p0d0079_ip0d0099n0d0138p0d0024_mp0d0184p0d0103p0d0000.xml,prism_y0d0300,True,0.02,4.0,1.0,1.0,4.0225763682945495,0.04853105857679606,4.0,0.00726303673551213,0.1803222441283767,-0.0028798104808018445,0.008312184160997247,0.00786631007594749,0.00990983944819043,-0.01383796642650531,0.00244307317527483,0.018400676902117614,0.010290257395785304,0.0,"[0.08263128439284526, 1.3000400626383541, -1.1934317794271463, -0.14548773514971436, 1.4385704440511051, 1.1516368567344175, 0.10389342581421046, 1.489166588256795, 0.9205659349197833]"
prism2,113,/home/humanoid/Programs/hand/results/phase1/run_20260413_pollard_multiscene_500_run2/prism2/generated_mjcf/scene_prism2_tn0d0108p0d0144p0d0000_in0d0010n0d0110p0d0000_mn0d0002p0d0253p0d0000.xml,prism_y0d0300,True,0.02,4.0,1.0,1.0,3.9481165276244434,0.047934345096088,4.0,0.010326668237425618,0.29822296227304956,-0.010812139014908118,0.014393578249598981,0.0,-0.0010025963078267048,-0.011034466506951189,0.0,-0.00021781467042988716,0.025301153793920166,0.0,"[0.08263128439284526, 1.3000400626383541, -1.1934317794271463, -0.14548773514971436, 1.4385704440511051, 1.1516368567344175, 0.10389342581421046, 1.489166588256795, 0.9205659349197833]"
prism2,114,/home/humanoid/Programs/hand/results/phase1/run_20260413_pollard_multiscene_500_run2/prism2/generated_mjcf/scene_prism2_tn0d0097p0d0300p0d0040_ip0d0154n0d0108p0d0000_mp0d0182p0d0133p0d0000.xml,prism_y0d0300,True,0.02,4.0,1.0,1.0,4.591949315766715,0.052444080957763525,5.0,0.006757526513880753,0.07235273563351273,-0.009724061022624773,0.03,0.0040072071336392685,0.015418097000075947,-0.010783104100315308,0.0,0.018205053769901072,0.013332696100926186,0.0,"[0.08263128439284526, 1.3000400626383541, -1.1934317794271463, -0.14548773514971436, 1.4385704440511051, 1.1516368567344175, 0.10389342581421046, 1.489166588256795, 0.9205659349197833]"
prism2,115,/home/humanoid/Programs/hand/results/phase1/run_20260413_pollard_multiscene_500_run2/prism2/generated_mjcf/scene_prism2_tn0d0088p0d0107p0d0005_ip0d0116n0d0119p0d0027_mp0d0191p0d0154p0d0000.xml,prism_y0d0300,True,0.02,4.0,1.0,1.0,4.5537536212214755,0.051657229899191734,5.0,0.006797708024899974,0.22123908715117505,-0.008752578143894657,0.010717277259950732,0.0005339023898471625,0.011649846149658704,-0.011851546974094098,0.0027149922709011447,0.019063443114098563,0.015400916278669291,0.0,"[0.08263128439284526, 1.3000400626383541, -1.1934317794271463, -0.14548773514971436, 1.4385704440511051, 1.1516368567344175, 0.10389342581421046, 1.489166588256795, 0.9205659349197833]"
prism2,116,/home/humanoid/Programs/hand/results/phase1/run_20260413_pollard_multiscene_500_run2/prism2/generated_mjcf/scene_prism2_tn0d0058p0d0154p0d0015_ip0d0171n0d0137p0d0000_mp0d0025p0d0055p0d0000.xml,prism_y0d0300,True,0.02,4.0,1.0,1.0,4.969258685250507,0.0536258006071183,6.0,0.005949145479419138,0.37766181244176045,-0.005842255138069734,0.015364319418918195,0.0014593692806168217,0.01708893618799274,-0.01371309528163105,0.0,0.002515708089826485,0.00547565360219901,0.0,"[0.08263128439284526, 1.3000400626383541, -1.1934317794271463, -0.14548773514971436, 1.4385704440511051, 1.1516368567344175, 0.10389342581421046, 1.489166588256795, 0.9205659349197833]"
prism2,117,/home/humanoid/Programs/hand/results/phase1/run_20260413_pollard_multiscene_500_run2/prism2/generated_mjcf/scene_prism2_tp0d0044p0d0222p0d0039_ip0d0089n0d0217p0d0000_mp0d0103p0d0152p0d0000.xml,prism_y0d0300,True,0.02,4.0,1.0,1.0,4.464308206149029,0.05398072522871041,5.0,0.006208050410872507,0.619477920116321,0.004425039793702623,0.022177153565716874,0.0038910621589977774,0.00891028314209102,-0.02166526711317343,0.0,0.010263051494114807,0.015231959161743686,0.0,"[0.08263128439284526, 1.3000400626383541, -1.1934317794271463, -0.14548773514971436, 1.4385704440511051, 1.1516368567344175, 0.10389342581421046, 1.489166588256795, 0.9205659349197833]"
prism2,118,/home/humanoid/Programs/hand/results/phase1/run_20260413_pollard_multiscene_500_run2/prism2/generated_mjcf/scene_prism2_tp0d0078p0d0184p0d0083_ip0d0044n0d0017p0d0000_mp0d0165p0d0038p0d0000.xml,prism_y0d0300,True,0.02,4.0,1.0,1.0,4.864949931097921,0.05200693631940138,6.0,0.005842896776112924,0.29581890707838493,0.007807237396004606,0.01839952006368896,0.008290947003856325,0.004371823127956276,-0.0016934499390448814,0.0,0.016460379772354136,0.0037844748722332625,0.0,"[0.08263128439284526, 1.3000400626383541, -1.1934317794271463, -0.14548773514971436, 1.4385704440511051, 1.1516368567344175, 0.10389342581421046, 1.489166588256795, 0.9205659349197833]"
prism2,119,/home/humanoid/Programs/hand/results/phase1/run_20260413_pollard_multiscene_500_run2/prism2/generated_mjcf/scene_prism2_tp0d0089p0d0164p0d0104_ip0d0203n0d0051p0d0000_mp0d0186p0d0143p0d0000.xml,prism_y0d0300,True,0.02,4.0,1.0,1.0,4.085844170174142,0.049707482297795945,4.0,0.007245189288132337,0.12176217039484208,0.008893279303444638,0.01640251999547089,0.010379507833410868,0.020306008014948564,-0.005095378154555871,0.0,0.01859844408246346,0.014270504086291665,0.0,"[0.08263128439284526, 1.3000400626383541, -1.1934317794271463, -0.14548773514971436, 1.4385704440511051, 1.1516368567344175, 0.10389342581421046, 1.489166588256795, 0.9205659349197833]"
prism2,120,/home/humanoid/Programs/hand/results/phase1/run_20260413_pollard_multiscene_500_run2/prism2/generated_mjcf/scene_prism2_tp0d0084p0d0276p0d0000_ip0d0188n0d0118p0d0058_mp0d0044p0d0085p0d0084.xml,prism_y0d0300,True,0.02,4.0,1.0,1.0,4.010071456891484,0.04834032153492608,4.0,0.009359128728682983,0.1786358386657797,0.00844700085406028,0.0275899209061255,0.0,0.01879663640748299,-0.01184488672550997,0.005846178204292226,0.004436224499191826,0.00847107561171959,0.008359507557784272,"[0.08263128439284526, 1.3000400626383541, -1.1934317794271463, -0.14548773514971436, 1.4385704440511051, 1.1516368567344175, 0.10389342581421046, 1.489166588256795, 0.9205659349197833]"
prism2,121,/home/humanoid/Programs/hand/results/phase1/run_20260413_pollard_multiscene_500_run2/prism2/generated_mjcf/scene_prism2_tp0d0024p0d0115p0d0000_ip0d0186n0d0131p0d0000_mp0d0062p0d0231p0d0000.xml,prism_y0d0300,True,0.02,4.0,1.0,1.0,2.883662272491758,0.04941213877822283,4.0,0.011277426010724489,7.52316636158239,0.0024051311534063324,0.011544931174607635,0.0,0.01861685963731509,-0.013061194038860484,0.0,0.006182892757216741,0.02309146085361523,0.0,"[0.08263128439284526, 1.3000400626383541, -1.1934317794271463, -0.14548773514971436, 1.4385704440511051, 1.1516368567344175, 0.10389342581421046, 1.489166588256795, 0.9205659349197833]"
prism2,122,/home/humanoid/Programs/hand/results/phase1/run_20260413_pollard_multiscene_500_run2/prism2/generated_mjcf/scene_prism2_tp0d0108p0d0155p0d0062_ip0d0049n0d0059p0d0000_mp0d0011p0d0095p0d0089.xml,prism_y0d0300,True,0.02,4.0,1.0,1.0,4.521014392834683,0.04916444602055538,6.0,0.0073517025824239406,1.8838580753882124,0.01076048406563343,0.015492803621637762,0.006155527900058046,0.00485693182457647,-0.00587186875258037,0.0,0.0011157035574780073,0.009522165756708695,0.008882207151154464,"[0.08263128439284526, 1.3000400626383541, -1.1934317794271463, -0.14548773514971436, 1.4385704440511051, 1.1516368567344175, 0.10389342581421046, 1.489166588256795, 0.9205659349197833]"
prism2,123,/home/humanoid/Programs/hand/results/phase1/run_20260413_pollard_multiscene_500_run2/prism2/generated_mjcf/scene_prism2_tn0d0043p0d0196p0d0000_ip0d0116n0d0220p0d0000_mp0d0172p0d0092p0d0000.xml,prism_y0d0300,True,0.02,4.0,1.0,1.0,4.630164059933209,0.055706904312235975,5.0,0.006117384429762475,0.339097443558682,-0.004260038967681772,0.01960461298881959,0.0,0.011600278864472048,-0.0219961311853588,0.0,0.017223337484585828,0.009153846869822672,0.0,"[0.08263128439284526, 1.3000400626383541, -1.1934317794271463, -0.14548773514971436, 1.4385704440511051, 1.1516368567344175, 0.10389342581421046, 1.489166588256795, 0.9205659349197833]"
prism2,124,/home/humanoid/Programs/hand/results/phase1/run_20260413_pollard_multiscene_500_run2/prism2/generated_mjcf/scene_prism2_tp0d0024p0d0115p0d0000_ip0d0179n0d0148p0d0088_mp0d0159p0d0081p0d0000.xml,prism_y0d0300,True,0.02,4.0,1.0,1.0,4.398177548563715,0.04813311260810961,5.0,0.005686522171950626,0.353506615436576,0.00244379712564664,0.011516003744496317,0.0,0.017933255596691573,-0.014767612297100151,0.008771401825721701,0.01585675523326934,0.008123136719758773,0.0,"[0.08263128439284526, 1.3000400626383541, -1.1934317794271463, -0.14548773514971436, 1.4385704440511051, 1.1516368567344175, 0.10389342581421046, 1.489166588256795, 0.9205659349197833]"
prism2,125,/home/humanoid/Programs/hand/results/phase1/run_20260413_pollard_multiscene_500_run2/prism2/generated_mjcf/scene_prism2_tn0d0079p0d0199p0d0000_ip0d0180n0d0130p0d0013_mp0d0073p0d0214p0d0045.xml,prism_y0d0300,True,0.02,4.0,1.0,1.0,4.468820844738674,0.0489206678803549,5.0,0.0056512248496846836,0.10689026956611708,-0.007887425942232639,0.019869923947212237,0.0,0.01796756903605752,-0.01303821976671418,0.0013139928106517436,0.0072988538669776434,0.021417608120759872,0.004534554990868175,"[0.08263128439284526, 1.3000400626383541, -1.1934317794271463, -0.14548773514971436, 1.4385704440511051, 1.1516368567344175, 0.10389342581421046, 1.489166588256795, 0.9205659349197833]"
prism2,126,/home/humanoid/Programs/hand/results/phase1/run_20260413_pollard_multiscene_500_run2/prism2/generated_mjcf/scene_prism2_tp0d0045p0d0265p0d0000_ip0d0009n0d0047p0d0000_mp0d0146p0d0270p0d0048.xml,prism_y0d0300,True,0.02,4.0,1.0,1.0,4.2623762997408345,0.04535166855018871,5.0,0.007734467269473151,0.30896927282687303,0.004458536017805364,0.02651826532165731,0.0,0.0008580601897542929,-0.004669597340441882,0.0,0.014602302785354992,0.02702318182498961,0.004842281650674841,"[0.08263128439284526, 1.3000400626383541, -1.1934317794271463, -0.14548773514971436, 1.4385704440511051, 1.1516368567344175, 0.10389342581421046, 1.489166588256795, 0.9205659349197833]"
prism2,127,/home/humanoid/Programs/hand/results/phase1/run_20260413_pollard_multiscene_500_run2/prism2/generated_mjcf/scene_prism2_tp0d0098p0d0083p0d0025_ip0d0003n0d0034p0d0110_mn0d0012p0d0065p0d0080.xml,prism_y0d0300,True,0.02,4.0,1.0,1.0,3.7608583420166317,0.047197452792498706,4.0,0.01126287510016973,1.0644363962576382,0.009760457547150138,0.008320518767227713,0.002489219276482083,0.00033574461251641846,-0.003359888860213432,0.011045946072750848,-0.0011803141391436098,0.006498272408853792,0.007986264843585493,"[0.08263128439284526, 1.3000400626383541, -1.1934317794271463, -0.14548773514971436, 1.4385704440511051, 1.1516368567344175, 0.10389342581421046, 1.489166588256795, 0.9205659349197833]"
prism2,128,/home/humanoid/Programs/hand/results/phase1/run_20260413_pollard_multiscene_500_run2/prism2/generated_mjcf/scene_prism2_tp0d0045p0d0300p0d0062_ip0d0123n0d0114p0d0000_mp0d0168p0d0125p0d0000.xml,prism_y0d0300,True,0.02,4.0,1.0,1.0,4.039287828084301,0.04941283644074131,4.0,0.01017634452254987,0.27851748492191697,0.004485274247750803,0.03,0.006156220676458435,0.012260561788589615,-0.011358161911042592,0.0,0.016811552901191067,0.012516042873784501,0.0,"[0.08263128439284526, 1.3000400626383541, -1.1934317794271463, -0.14548773514971436, 1.4385704440511051, 1.1516368567344175, 0.10389342581421046, 1.489166588256795, 0.9205659349197833]"
prism2,129,/home/humanoid/Programs/hand/results/phase1/run_20260413_pollard_multiscene_500_run2/prism2/generated_mjcf/scene_prism2_tp0d0011p0d0169p0d0025_in0d0016n0d0203p0d0010_mp0d0126p0d0053p0d0033.xml,prism_y0d0300,True,0.02,4.0,1.0,1.0,4.244747917041552,0.05086449090232866,5.0,0.00584261966194594,1.5666855912355466,0.001124035130705775,0.016879105762682,0.002540590918859706,-0.0015998689586662306,-0.020340573322197117,0.0009559423156456498,0.012637777989375407,0.0052731398225478055,0.003273069010678602,"[0.08263128439284526, 1.3000400626383541, -1.1934317794271463, -0.14548773514971436, 1.4385704440511051, 1.1516368567344175, 0.10389342581421046, 1.489166588256795, 0.9205659349197833]"
prism2,130,/home/humanoid/Programs/hand/results/phase1/run_20260413_pollard_multiscene_500_run2/prism2/generated_mjcf/scene_prism2_tp0d0082p0d0149p0d0005_ip0d0197n0d0074p0d0000_mp0d0212p0d0115p0d0078.xml,prism_y0d0300,True,0.02,4.0,1.0,1.0,4.895058194234116,0.05088215479662954,6.0,0.006602745920396649,0.2938577961151545,0.008189307560810648,0.014882807021886352,0.0005119386873650589,0.01974686259815555,-0.007428967554101598,0.0,0.02119582419996409,0.011509801055097127,0.007780858579894308,"[0.08263128439284526, 1.3000400626383541, -1.1934317794271463, -0.14548773514971436, 1.4385704440511051, 1.1516368567344175, 0.10389342581421046, 1.489166588256795, 0.9205659349197833]"
prism2,131,/home/humanoid/Programs/hand/results/phase1/run_20260413_pollard_multiscene_500_run2/prism2/generated_mjcf/scene_prism2_tn0d0011p0d0270p0d0101_ip0d0197n0d0050p0d0000_mp0d0199p0d0070p0d0000.xml,prism_y0d0300,True,0.02,4.0,1.0,1.0,4.5814461158759325,0.052170201267974545,5.0,0.006698027326409137,0.0839228037251922,-0.0011395805826361627,0.026954421492883872,0.010102144179137976,0.019665360013878683,-0.004989540944297587,0.0,0.019903111947131187,0.00698015457820993,0.0,"[0.08263128439284526, 1.3000400626383541, -1.1934317794271463, -0.14548773514971436, 1.4385704440511051, 1.1516368567344175, 0.10389342581421046, 1.489166588256795, 0.9205659349197833]"
prism2,132,/home/humanoid/Programs/hand/results/phase1/run_20260413_pollard_multiscene_500_run2/prism2/generated_mjcf/scene_prism2_tp0d0035p0d0260p0d0000_ip0d0045n0d0154p0d0083_mn0d0020p0d0247p0d0000.xml,prism_y0d0300,True,0.02,4.0,1.0,1.0,4.709358981638333,0.053071822143303,6.0,0.005942036432221488,1.1959137772168404,0.003512477377717779,0.02595634688580678,0.0,0.004452740128532561,-0.015443202872165433,0.008333916584662072,-0.001953983419333517,0.024659893923409178,0.0,"[0.08263128439284526, 1.3000400626383541, -1.1934317794271463, -0.14548773514971436, 1.4385704440511051, 1.1516368567344175, 0.10389342581421046, 1.489166588256795, 0.9205659349197833]"
prism2,133,/home/humanoid/Programs/hand/results/phase1/run_20260413_pollard_multiscene_500_run2/prism2/generated_mjcf/scene_prism2_tp0d0028p0d0300p0d0000_ip0d0111n0d0190p0d0049_mp0d0176p0d0092p0d0086.xml,prism_y0d0300,True,0.02,4.0,1.0,1.0,3.9540420865179025,0.04732463102843174,4.0,0.013044212800983399,0.12108667412836271,0.0027977652898282263,0.03,0.0,0.011086082907261777,-0.018966780190806512,0.004853939664313668,0.01762763991258995,0.009209986654092634,0.008637469710466666,"[0.08263128439284526, 1.3000400626383541, -1.1934317794271463, -0.14548773514971436, 1.4385704440511051, 1.1516368567344175, 0.10389342581421046, 1.489166588256795, 0.9205659349197833]"
prism2,134,/home/humanoid/Programs/hand/results/phase1/run_20260413_pollard_multiscene_500_run2/prism2/generated_mjcf/scene_prism2_tn0d0077p0d0195p0d0000_ip0d0054n0d0153p0d0047_mp0d0056p0d0160p0d0036.xml,prism_y0d0300,True,0.02,4.0,1.0,1.0,4.405718207164229,0.05009580287693271,5.0,0.005605655352987997,0.7211193851845308,-0.007742076707245167,0.019521734459900235,0.0,0.005380400973209519,-0.015320954689492202,0.004686405960974107,0.00560440286082812,0.016011727803561176,0.0036316851150580594,"[0.08263128439284526, 1.3000400626383541, -1.1934317794271463, -0.14548773514971436, 1.4385704440511051, 1.1516368567344175, 0.10389342581421046, 1.489166588256795, 0.9205659349197833]"
prism2,135,/home/humanoid/Programs/hand/results/phase1/run_20260413_pollard_multiscene_500_run2/prism2/generated_mjcf/scene_prism2_tp0d0069p0d0150p0d0000_ip0d0037n0d0112p0d0091_mp0d0138p0d0179p0d0000.xml,prism_y0d0300,True,0.02,4.0,1.0,1.0,3.9480422708187906,0.05059434522353297,4.0,0.009819143706381627,0.702058332778078,0.006857647735637552,0.01504492230118383,0.0,0.0036892498449809796,-0.011197272548679756,0.009064254186342637,0.01378107685401934,0.017874691451246903,0.0,"[0.08263128439284526, 1.3000400626383541, -1.1934317794271463, -0.14548773514971436, 1.4385704440511051, 1.1516368567344175, 0.10389342581421046, 1.489166588256795, 0.9205659349197833]"
prism2,136,/home/humanoid/Programs/hand/results/phase1/run_20260413_pollard_multiscene_500_run2/prism2/generated_mjcf/scene_prism2_tn0d0000p0d0159p0d0000_ip0d0210n0d0204p0d0000_mp0d0053p0d0187p0d0000.xml,prism_y0d0300,True,0.02,4.0,1.0,1.0,4.223475505137152,0.05062988255434031,5.0,0.005804939190782107,1.759484059041672,-4.7116339295641754e-05,0.015941643153524383,0.0,0.02102531309204351,-0.02037678228072287,0.0,0.005322139856231826,0.01872476021489625,0.0,"[0.08263128439284526, 1.3000400626383541, -1.1934317794271463, -0.14548773514971436, 1.4385704440511051, 1.1516368567344175, 0.10389342581421046, 1.489166588256795, 0.9205659349197833]"
prism2,137,/home/humanoid/Programs/hand/results/phase1/run_20260413_pollard_multiscene_500_run2/prism2/generated_mjcf/scene_prism2_tp0d0049p0d0247p0d0000_ip0d0180n0d0165p0d0030_mp0d0110p0d0050p0d0000.xml,prism_y0d0300,True,0.02,4.0,1.0,1.0,4.3925735549978855,0.04830351020185704,5.0,0.007552563312462711,0.28807385566531324,0.004939700650079103,0.024682204869321503,0.0,0.018032783027366765,-0.016529194989133536,0.0029566510456937745,0.010960551337871752,0.005020658944108913,0.0,"[0.08263128439284526, 1.3000400626383541, -1.1934317794271463, -0.14548773514971436, 1.4385704440511051, 1.1516368567344175, 0.10389342581421046, 1.489166588256795, 0.9205659349197833]"
prism2,138,/home/humanoid/Programs/hand/results/phase1/run_20260413_pollard_multiscene_500_run2/prism2/generated_mjcf/scene_prism2_tp0d0015p0d0300p0d0068_ip0d0095n0d0196p0d0000_mn0d0010p0d0173p0d0000.xml,prism_y0d0300,True,0.02,4.0,1.0,1.0,4.023344178369887,0.04991205094774545,4.0,0.007828288448168866,0.4376943604289672,0.001515325259618382,0.03,0.006807639524938257,0.009541767906657332,-0.019584708658321362,0.0,-0.000981823473950495,0.01725793949067561,0.0,"[0.08263128439284526, 1.3000400626383541, -1.1934317794271463, -0.14548773514971436, 1.4385704440511051, 1.1516368567344175, 0.10389342581421046, 1.489166588256795, 0.9205659349197833]"
prism2,139,/home/humanoid/Programs/hand/results/phase1/run_20260413_pollard_multiscene_500_run2/prism2/generated_mjcf/scene_prism2_tp0d0038p0d0208p0d0000_ip0d0064n0d0233p0d0116_mn0d0002p0d0039p0d0000.xml,prism_y0d0300,True,0.02,4.0,1.0,1.0,3.751252881026492,0.04936246723947403,4.0,0.009404676831648494,1.6342088767451277,0.0038050259348188786,0.020755100794810622,0.0,0.006448623398971592,-0.023325066083498283,0.011591209693892372,-0.00019526507632723449,0.0039111861558529856,0.0,"[0.08263128439284526, 1.3000400626383541, -1.1934317794271463, -0.14548773514971436, 1.4385704440511051, 1.1516368567344175, 0.10389342581421046, 1.489166588256795, 0.9205659349197833]"
prism2,140,/home/humanoid/Programs/hand/results/phase1/run_20260413_pollard_multiscene_500_run2/prism2/generated_mjcf/scene_prism2_tn0d0087p0d0271p0d0000_ip0d0062n0d0240p0d0104_mp0d0057p0d0235p0d0111.xml,prism_y0d0300,True,0.02,4.0,1.0,1.0,4.054603832521525,0.0505841858905131,4.0,0.007379014681645521,0.5596746311951595,-0.008731530079981356,0.027066388090933438,0.0,0.0061588016073141905,-0.023982038856395667,0.010357658104953149,0.005704969469548151,0.02352908190489477,0.011086436192306204,"[0.08263128439284526, 1.3000400626383541, -1.1934317794271463, -0.14548773514971436, 1.4385704440511051, 1.1516368567344175, 0.10389342581421046, 1.489166588256795, 0.9205659349197833]"
prism2,141,/home/humanoid/Programs/hand/results/phase1/run_20260413_pollard_multiscene_500_run2/prism2/generated_mjcf/scene_prism2_tp0d0055p0d0143p0d0000_ip0d0168n0d0075p0d0079_mp0d0111p0d0191p0d0000.xml,prism_y0d0300,True,0.02,4.0,1.0,1.0,4.080445238654728,0.05341985606747916,4.0,0.008031857466341108,0.4903990233810746,0.00545884849963154,0.014257804502089013,0.0,0.016783646536371433,-0.007532492230778167,0.007861720757539256,0.011069781825323213,0.019080062523594087,0.0,"[0.08263128439284526, 1.3000400626383541, -1.1934317794271463, -0.14548773514971436, 1.4385704440511051, 1.1516368567344175, 0.10389342581421046, 1.489166588256795, 0.9205659349197833]"
prism2,142,/home/humanoid/Programs/hand/results/phase1/run_20260413_pollard_multiscene_500_run2/prism2/generated_mjcf/scene_prism2_tn0d0074p0d0247p0d0000_ip0d0168n0d0241p0d0028_mp0d0123p0d0058p0d0022.xml,prism_y0d0300,True,0.02,4.0,1.0,1.0,4.117308073607124,0.05046085911607821,4.0,0.007540643621961016,0.1890711453830384,-0.007406249106069644,0.024733766378574083,0.0,0.01681314259118548,-0.024126402710446332,0.002803222095158712,0.01227073241585616,0.005832298099170255,0.0022128550031997474,"[0.08263128439284526, 1.3000400626383541, -1.1934317794271463, -0.14548773514971436, 1.4385704440511051, 1.1516368567344175, 0.10389342581421046, 1.489166588256795, 0.9205659349197833]"
prism2,143,/home/humanoid/Programs/hand/results/phase1/run_20260413_pollard_multiscene_500_run2/prism2/generated_mjcf/scene_prism2_tp0d0062p0d0209p0d0041_ip0d0150n0d0194p0d0102_mp0d0059p0d0173p0d0000.xml,prism_y0d0300,True,0.02,4.0,1.0,1.0,4.717288995370017,0.04998004565517628,6.0,0.007043791771877808,1.2022402849888458,0.006188329518560347,0.020863806997200564,0.0041462532147777224,0.015008121104932009,-0.019358162822748666,0.010238796153919451,0.005860994776989337,0.017308846946232706,0.0,"[0.08263128439284526, 1.3000400626383541, -1.1934317794271463, -0.14548773514971436, 1.4385704440511051, 1.1516368567344175, 0.10389342581421046, 1.489166588256795, 0.9205659349197833]"
prism2,144,/home/humanoid/Programs/hand/results/phase1/run_20260413_pollard_multiscene_500_run2/prism2/generated_mjcf/scene_prism2_tp0d0119p0d0237p0d0000_ip0d0116n0d0236p0d0000_mp0d0214p0d0052p0d0000.xml,prism_y0d0300,True,0.02,4.0,1.0,1.0,3.739770653980737,0.04715411018286397,4.0,0.012657751464880967,1.356893134862415,0.011913720408939114,0.023699386605017154,0.0,0.011586873910987512,-0.02364748026497579,0.0,0.021392537358011006,0.005244756480698892,0.0,"[0.08263128439284526, 1.3000400626383541, -1.1934317794271463, -0.14548773514971436, 1.4385704440511051, 1.1516368567344175, 0.10389342581421046, 1.489166588256795, 0.9205659349197833]"
prism2,145,/home/humanoid/Programs/hand/results/phase1/run_20260413_pollard_multiscene_500_run2/prism2/generated_mjcf/scene_prism2_tp0d0018p0d0266p0d0085_ip0d0187n0d0061p0d0000_mp0d0120p0d0228p0d0000.xml,prism_y0d0300,True,0.02,4.0,1.0,1.0,4.0024436180551675,0.05044528381437585,4.0,0.005809336979047936,0.8258241690753985,0.0017538542680252782,0.026575331008186886,0.008468955846821315,0.01866947878821324,-0.00605466824628304,0.0,0.011957947693719377,0.02281495484257566,0.0,"[0.08263128439284526, 1.3000400626383541, -1.1934317794271463, -0.14548773514971436, 1.4385704440511051, 1.1516368567344175, 0.10389342581421046, 1.489166588256795, 0.9205659349197833]"
prism2,146,/home/humanoid/Programs/hand/results/phase1/run_20260413_pollard_multiscene_500_run2/prism2/generated_mjcf/scene_prism2_tn0d0100p0d0190p0d0000_in0d0019n0d0119p0d0000_mp0d0192p0d0113p0d0039.xml,prism_y0d0300,True,0.02,4.0,1.0,1.0,4.928723838701758,0.05042320276362239,6.0,0.00695611084480937,0.0367520033476488,-0.010045906244288014,0.019006044700280358,0.0,-0.001910366479366826,-0.011895275575458145,0.0,0.019195229064207682,0.011320224616773731,0.0039041055259550206,"[0.08263128439284526, 1.3000400626383541, -1.1934317794271463, -0.14548773514971436, 1.4385704440511051, 1.1516368567344175, 0.10389342581421046, 1.489166588256795, 0.9205659349197833]"
prism2,147,/home/humanoid/Programs/hand/results/phase1/run_20260413_pollard_multiscene_500_run2/prism2/generated_mjcf/scene_prism2_tp0d0016p0d0152p0d0000_ip0d0068n0d0186p0d0000_mn0d0007p0d0086p0d0000.xml,prism_y0d0300,True,0.02,4.0,1.0,1.0,4.720193272146709,0.05123638658012009,6.0,0.005723866311877833,0.8108562632662297,0.0016338811302797802,0.01519199864331583,0.0,0.0068238390588518626,-0.0185979348006101,0.0,-0.0007490881804916184,0.008644874935491244,0.0,"[0.08263128439284526, 1.3000400626383541, -1.1934317794271463, -0.14548773514971436, 1.4385704440511051, 1.1516368567344175, 0.10389342581421046, 1.489166588256795, 0.9205659349197833]"
prism2,148,/home/humanoid/Programs/hand/results/phase1/run_20260413_pollard_multiscene_500_run2/prism2/generated_mjcf/scene_prism2_tn0d0084p0d0110p0d0000_ip0d0037n0d0242p0d0000_mp0d0218p0d0092p0d0000.xml,prism_y0d0300,True,0.02,4.0,1.0,1.0,4.959415324530823,0.05278633583418327,6.0,0.006156011968427108,0.13745493625448502,-0.008384850114827124,0.010998077251796115,0.0,0.0037161724242142525,-0.024194187208261365,0.0,0.021761286768522584,0.009183467605082948,0.0,"[0.08263128439284526, 1.3000400626383541, -1.1934317794271463, -0.14548773514971436, 1.4385704440511051, 1.1516368567344175, 0.10389342581421046, 1.489166588256795, 0.9205659349197833]"
prism2,149,/home/humanoid/Programs/hand/results/phase1/run_20260413_pollard_multiscene_500_run2/prism2/generated_mjcf/scene_prism2_tp0d0030p0d0212p0d0000_ip0d0156n0d0018p0d0000_mp0d0070p0d0156p0d0000.xml,prism_y0d0300,True,0.02,4.0,1.0,1.0,4.504942567484192,0.049870086199211,5.0,0.005622396631082122,0.14257188676686453,0.0030242349553947154,0.02123938513737227,0.0,0.015599964008212794,-0.0018124103626753294,0.0,0.007007819845969626,0.01564040034937387,0.0,"[0.08263128439284526, 1.3000400626383541, -1.1934317794271463, -0.14548773514971436, 1.4385704440511051, 1.1516368567344175, 0.10389342581421046, 1.489166588256795, 0.9205659349197833]"
prism2,150,/home/humanoid/Programs/hand/results/phase1/run_20260413_pollard_multiscene_500_run2/prism2/generated_mjcf/scene_prism2_tn0d0078p0d0173p0d0042_in0d0016n0d0210p0d0074_mp0d0060p0d0167p0d0000.xml,prism_y0d0300,True,0.02,4.0,1.0,1.0,4.5231032447067365,0.049875388044498474,5.0,0.005688545327559567,0.05818905686653013,-0.007824626139829111,0.01732834438676897,0.004248456658127203,-0.0016455198819331964,-0.020978514055772536,0.007394594912894001,0.0059714869993543855,0.016719741941420785,0.0,"[0.08263128439284526, 1.3000400626383541, -1.1934317794271463, -0.14548773514971436, 1.4385704440511051, 1.1516368567344175, 0.10389342581421046, 1.489166588256795, 0.9205659349197833]"
prism2,151,/home/humanoid/Programs/hand/results/phase1/run_20260413_pollard_multiscene_500_run2/prism2/generated_mjcf/scene_prism2_tp0d0012p0d0087p0d0000_ip0d0087n0d0117p0d0000_mp0d0090p0d0220p0d0049.xml,prism_y0d0300,True,0.02,4.0,1.0,1.0,2.5759721625975796,0.04370122093801183,4.0,0.00966934146326858,0.5834957160643848,0.001218564240804446,0.00866571424061289,0.0,0.008749523164934754,-0.011728504763940096,0.0,0.009016880749428276,0.0220316040367717,0.0049388979727751255,"[0.08263128439284526, 1.3000400626383541, -1.1934317794271463, -0.14548773514971436, 1.4385704440511051, 1.1516368567344175, 0.10389342581421046, 1.489166588256795, 0.9205659349197833]"
prism2,152,/home/humanoid/Programs/hand/results/phase1/run_20260413_pollard_multiscene_500_run2/prism2/generated_mjcf/scene_prism2_tn0d0031p0d0199p0d0072_ip0d0043n0d0209p0d0113_mp0d0190p0d0243p0d0000.xml,prism_y0d0300,True,0.02,4.0,1.0,1.0,4.956222004552853,0.05299562991317204,6.0,0.005928083077176877,0.24375298739759924,-0.0031420885393652637,0.019907472351036487,0.007176067022170336,0.004316225501834821,-0.020934708518782652,0.01125617333642238,0.018952176361857136,0.024280508339097374,0.0,"[0.08263128439284526, 1.3000400626383541, -1.1934317794271463, -0.14548773514971436, 1.4385704440511051, 1.1516368567344175, 0.10389342581421046, 1.489166588256795, 0.9205659349197833]"
prism2,153,/home/humanoid/Programs/hand/results/phase1/run_20260413_pollard_multiscene_500_run2/prism2/generated_mjcf/scene_prism2_tn0d0112p0d0258p0d0070_ip0d0212n0d0234p0d0075_mp0d0061p0d0193p0d0096.xml,prism_y0d0300,True,0.02,4.0,1.0,1.0,4.484076449177229,0.04993839367486355,5.0,0.007193468867520557,0.18807578858362495,-0.011151549883476946,0.02583112419855533,0.0069637886035893125,0.021163138926686795,-0.023441266575308213,0.00750747979912832,0.006083154920940297,0.01929815313027885,0.009613447105348082,"[0.08263128439284526, 1.3000400626383541, -1.1934317794271463, -0.14548773514971436, 1.4385704440511051, 1.1516368567344175, 0.10389342581421046, 1.489166588256795, 0.9205659349197833]"
prism2,154,/home/humanoid/Programs/hand/results/phase1/run_20260413_pollard_multiscene_500_run2/prism2/generated_mjcf/scene_prism2_tn0d0060p0d0300p0d0000_ip0d0008n0d0128p0d0053_mp0d0202p0d0236p0d0113.xml,prism_y0d0300,True,0.02,4.0,1.0,1.0,4.831192212422802,0.05141980477279483,7.0,0.005894030350960845,3.2355094669114726,-0.005961165487680037,0.03,0.0,0.0007531740575051921,-0.012763734213142173,0.005254819597036012,0.020235854375230844,0.023634514741201866,0.011292320198183152,"[0.08263128439284526, 1.3000400626383541, -1.1934317794271463, -0.14548773514971436, 1.4385704440511051, 1.1516368567344175, 0.10389342581421046, 1.489166588256795, 0.9205659349197833]"
prism2,155,/home/humanoid/Programs/hand/results/phase1/run_20260413_pollard_multiscene_500_run2/prism2/generated_mjcf/scene_prism2_tn0d0014p0d0178p0d0021_ip0d0146n0d0026p0d0022_mp0d0197p0d0133p0d0065.xml,prism_y0d0300,True,0.02,4.0,1.0,1.0,4.955386391602303,0.05318147996179566,6.0,0.0069310913319116626,0.5261458291775415,-0.0014073926538075085,0.01775156940829652,0.00214680221506695,0.014606775448273735,-0.0026308522758124574,0.0022085622184445826,0.019743230789970055,0.013276280780333086,0.006512602441148773,"[0.08263128439284526, 1.3000400626383541, -1.1934317794271463, -0.14548773514971436, 1.4385704440511051, 1.1516368567344175, 0.10389342581421046, 1.489166588256795, 0.9205659349197833]"
prism2,156,/home/humanoid/Programs/hand/results/phase1/run_20260413_pollard_multiscene_500_run2/prism2/generated_mjcf/scene_prism2_tp0d0120p0d0099p0d0050_ip0d0197n0d0028p0d0089_mp0d0047p0d0131p0d0002.xml,prism_y0d0300,True,0.02,4.0,1.0,1.0,3.7334500151690895,0.047602027969880854,4.0,0.012725925898238762,1.0615741489651564,0.011953618961592274,0.009890472913476396,0.004973856886651324,0.019675836613181563,-0.0028322182956766213,0.008946206172153887,0.0046899317603590635,0.013051221715934756,0.00019432070821016716,"[0.08263128439284526, 1.3000400626383541, -1.1934317794271463, -0.14548773514971436, 1.4385704440511051, 1.1516368567344175, 0.10389342581421046, 1.489166588256795, 0.9205659349197833]"
prism2,157,/home/humanoid/Programs/hand/results/phase1/run_20260413_pollard_multiscene_500_run2/prism2/generated_mjcf/scene_prism2_tp0d0113p0d0144p0d0039_ip0d0162n0d0208p0d0089_mp0d0101p0d0263p0d0094.xml,prism_y0d0300,True,0.02,4.0,1.0,1.0,4.907602391304734,0.04980919516915619,6.0,0.005636182781721271,0.10709472784798235,0.011272147501967051,0.014373501696804333,0.003851906420196817,0.01623469939494379,-0.0207794824341704,0.008888251116506849,0.01012549654790459,0.02625110103573041,0.00935258777511349,"[0.08263128439284526, 1.3000400626383541, -1.1934317794271463, -0.14548773514971436, 1.4385704440511051, 1.1516368567344175, 0.10389342581421046, 1.489166588256795, 0.9205659349197833]"
prism2,158,/home/humanoid/Programs/hand/results/phase1/run_20260413_pollard_multiscene_500_run2/prism2/generated_mjcf/scene_prism2_tp0d0107p0d0124p0d0080_ip0d0187n0d0016p0d0036_mp0d0068p0d0174p0d0000.xml,prism_y0d0300,True,0.02,4.0,1.0,1.0,3.649151238712946,0.049058064801760184,4.0,0.01154367659516841,2.2885112791483655,0.01073853532475701,0.012387630681511006,0.008031577607341533,0.018707664354787955,-0.0015653204796709976,0.0035891289918922806,0.006844769507781586,0.017385410079520693,0.0,"[0.08263128439284526, 1.3000400626383541, -1.1934317794271463, -0.14548773514971436, 1.4385704440511051, 1.1516368567344175, 0.10389342581421046, 1.489166588256795, 0.9205659349197833]"
prism2,159,/home/humanoid/Programs/hand/results/phase1/run_20260413_pollard_multiscene_500_run2/prism2/generated_mjcf/scene_prism2_tp0d0119p0d0253p0d0000_ip0d0201n0d0072p0d0000_mp0d0203p0d0111p0d0000.xml,prism_y0d0300,True,0.02,4.0,1.0,1.0,4.918624319360445,0.05627662867150075,6.0,0.0058612002190379904,0.8794187204622925,0.011908468213914038,0.025333279743847862,0.0,0.02005299318962482,-0.007202619005446663,0.0,0.02030522813099945,0.01108420496281693,0.0,"[0.08263128439284526, 1.3000400626383541, -1.1934317794271463, -0.14548773514971436, 1.4385704440511051, 1.1516368567344175, 0.10389342581421046, 1.489166588256795, 0.9205659349197833]"
prism2,160,/home/humanoid/Programs/hand/results/phase1/run_20260413_pollard_multiscene_500_run2/prism2/generated_mjcf/scene_prism2_tn0d0113p0d0248p0d0000_in0d0008n0d0086p0d0112_mn0d0005p0d0215p0d0000.xml,prism_y0d0300,True,0.02,4.0,1.0,1.0,3.769657972473486,0.05003790563270751,5.0,0.0055769726429321514,4.797957171483889,-0.01128660729865892,0.024821794228799127,0.0,-0.00083186608066977,-0.008554373849221279,0.01124052496537592,-0.00045976902830612704,0.02153632241141243,0.0,"[0.08263128439284526, 1.3000400626383541, -1.1934317794271463, -0.14548773514971436, 1.4385704440511051, 1.1516368567344175, 0.10389342581421046, 1.489166588256795, 0.9205659349197833]"
prism2,161,/home/humanoid/Programs/hand/results/phase1/run_20260413_pollard_multiscene_500_run2/prism2/generated_mjcf/scene_prism2_tp0d0087p0d0083p0d0000_ip0d0214n0d0105p0d0000_mn0d0019p0d0131p0d0000.xml,prism_y0d0300,True,0.02,4.0,1.0,1.0,2.5752142083866802,0.04906905972461574,4.0,0.006994874745048808,0.8579555724839844,0.008669593171338762,0.00829146285729023,0.0,0.021403486505120473,-0.010490628603991449,0.0,-0.0018867354281598952,0.013116773146138423,0.0,"[0.08263128439284526, 1.3000400626383541, -1.1934317794271463, -0.14548773514971436, 1.4385704440511051, 1.1516368567344175, 0.10389342581421046, 1.489166588256795, 0.9205659349197833]"
prism2,162,/home/humanoid/Programs/hand/results/phase1/run_20260413_pollard_multiscene_500_run2/prism2/generated_mjcf/scene_prism2_tp0d0008p0d0243p0d0000_ip0d0056n0d0230p0d0119_mp0d0082p0d0196p0d0000.xml,prism_y0d0300,True,0.02,4.0,1.0,1.0,4.497576283660505,0.054390422648131403,5.0,0.006052658863248216,0.8625137961222807,0.0007872815147419634,0.024339149896880262,0.0,0.005640705116096214,-0.02302834268353677,0.01191609277025579,0.008172407472881515,0.01958364266529724,0.0,"[0.08263128439284526, 1.3000400626383541, -1.1934317794271463, -0.14548773514971436, 1.4385704440511051, 1.1516368567344175, 0.10389342581421046, 1.489166588256795, 0.9205659349197833]"
prism2,163,/home/humanoid/Programs/hand/results/phase1/run_20260413_pollard_multiscene_500_run2/prism2/generated_mjcf/scene_prism2_tn0d0086p0d0126p0d0000_ip0d0145n0d0005p0d0000_mp0d0020p0d0225p0d0033.xml,prism_y0d0300,True,0.02,4.0,1.0,1.0,1.0381799400870708,0.044478031235524795,4.0,0.009718801123420655,13.207587764128734,-0.008586770952238532,0.012644829297614164,0.0,0.014518686427156752,-0.0005474510000305095,0.0,0.001965759771380771,0.022540723821144228,0.003273335117701349,"[0.08263128439284526, 1.3000400626383541, -1.1934317794271463, -0.14548773514971436, 1.4385704440511051, 1.1516368567344175, 0.10389342581421046, 1.489166588256795, 0.9205659349197833]"
prism2,165,/home/humanoid/Programs/hand/results/phase1/run_20260413_pollard_multiscene_500_run2/prism2/generated_mjcf/scene_prism2_tp0d0075p0d0100p0d0087_ip0d0170n0d0130p0d0013_mp0d0086p0d0046p0d0000.xml,prism_y0d0300,True,0.02,4.0,1.0,1.0,4.498692082814493,0.04944554557170994,5.0,0.005768544712730961,0.07651530512190015,0.007507910790054063,0.010039102780949638,0.008737907867536678,0.016991815976954282,-0.013002375180709125,0.0012906382131382538,0.008637117703904192,0.004631095879577326,0.0,"[0.08263128439284526, 1.3000400626383541, -1.1934317794271463, -0.14548773514971436, 1.4385704440511051, 1.1516368567344175, 0.10389342581421046, 1.489166588256795, 0.9205659349197833]"
prism2,166,/home/humanoid/Programs/hand/results/phase1/run_20260413_pollard_multiscene_500_run2/prism2/generated_mjcf/scene_prism2_tp0d0099p0d0224p0d0000_ip0d0112n0d0095p0d0075_mp0d0120p0d0081p0d0113.xml,prism_y0d0300,True,0.02,4.0,1.0,1.0,4.451978793820362,0.055829924554425876,5.0,0.0058692644258855455,1.1687283597904767,0.009914028604362819,0.02236731891349133,0.0,0.011234581749742536,-0.009457652688120629,0.007469727117063573,0.011958058295655653,0.008132251114838226,0.011278282523067704,"[0.08263128439284526, 1.3000400626383541, -1.1934317794271463, -0.14548773514971436, 1.4385704440511051, 1.1516368567344175, 0.10389342581421046, 1.489166588256795, 0.9205659349197833]"
prism2,167,/home/humanoid/Programs/hand/results/phase1/run_20260413_pollard_multiscene_500_run2/prism2/generated_mjcf/scene_prism2_tn0d0049p0d0254p0d0045_ip0d0202n0d0059p0d0000_mn0d0008p0d0191p0d0000.xml,prism_y0d0300,True,0.02,4.0,1.0,1.0,5.030297640356817,0.05515927402094639,6.0,0.005978669578469631,0.19581953259317125,-0.00488964265872333,0.02540873439896553,0.004505410724312587,0.020158641957999573,-0.005939355777245107,0.0,-0.0008475818379703112,0.019052107364078294,0.0,"[0.08263128439284526, 1.3000400626383541, -1.1934317794271463, -0.14548773514971436, 1.4385704440511051, 1.1516368567344175, 0.10389342581421046, 1.489166588256795, 0.9205659349197833]"
prism2,168,/home/humanoid/Programs/hand/results/phase1/run_20260413_pollard_multiscene_500_run2/prism2/generated_mjcf/scene_prism2_tn0d0107p0d0086p0d0018_ip0d0169n0d0226p0d0000_mp0d0071p0d0249p0d0035.xml,prism_y0d0300,True,0.02,4.0,1.0,1.0,4.402007344445897,0.051303295155894615,5.0,0.006086013508578574,0.5901377190302375,-0.010742330134104312,0.008555869754555611,0.0017551315816082304,0.016898620275038925,-0.022613950580024002,0.0,0.007100308119039354,0.024886353180967997,0.0035120658990042738,"[0.08263128439284526, 1.3000400626383541, -1.1934317794271463, -0.14548773514971436, 1.4385704440511051, 1.1516368567344175, 0.10389342581421046, 1.489166588256795, 0.9205659349197833]"
prism2,169,/home/humanoid/Programs/hand/results/phase1/run_20260413_pollard_multiscene_500_run2/prism2/generated_mjcf/scene_prism2_tn0d0023p0d0300p0d0045_ip0d0141n0d0072p0d0010_mp0d0092p0d0266p0d0017.xml,prism_y0d0300,True,0.02,4.0,1.0,1.0,4.472613218069764,0.052286118268772934,5.0,0.005850156969934254,0.47239769755613603,-0.0022859760465189123,0.03,0.004491148993976263,0.014133915252692657,-0.00720976135270515,0.0010038693069339966,0.009219964776903154,0.026639798958592052,0.0017238483621419484,"[0.08263128439284526, 1.3000400626383541, -1.1934317794271463, -0.14548773514971436, 1.4385704440511051, 1.1516368567344175, 0.10389342581421046, 1.489166588256795, 0.9205659349197833]"
prism2,170,/home/humanoid/Programs/hand/results/phase1/run_20260413_pollard_multiscene_500_run2/prism2/generated_mjcf/scene_prism2_tn0d0023p0d0102p0d0000_ip0d0216n0d0012p0d0000_mn0d0001p0d0196p0d0000.xml,prism_y0d0300,True,0.02,4.0,1.0,1.0,2.8028786380479165,0.04596913263892981,4.0,0.012027290642767618,0.18794999758695824,-0.0022512569426476337,0.010245824732785286,0.0,0.021598950036595156,-0.0012190901501439397,0.0,-0.000132916285661977,0.019593371151241823,0.0,"[0.08263128439284526, 1.3000400626383541, -1.1934317794271463, -0.14548773514971436, 1.4385704440511051, 1.1516368567344175, 0.10389342581421046, 1.489166588256795, 0.9205659349197833]"
prism2,171,/home/humanoid/Programs/hand/results/phase1/run_20260413_pollard_multiscene_500_run2/prism2/generated_mjcf/scene_prism2_tp0d0039p0d0130p0d0000_ip0d0058n0d0184p0d0066_mp0d0053p0d0253p0d0000.xml,prism_y0d0300,True,0.02,4.0,1.0,1.0,4.4490139500481245,0.0538222462217411,5.0,0.006389744305408657,0.575792843409055,0.003927672446135566,0.013035727953339283,0.0,0.005821268678713911,-0.018384392421899758,0.006602746162043826,0.005291531853126817,0.025251723655812762,0.0,"[0.08263128439284526, 1.3000400626383541, -1.1934317794271463, -0.14548773514971436, 1.4385704440511051, 1.1516368567344175, 0.10389342581421046, 1.489166588256795, 0.9205659349197833]"
prism2,172,/home/humanoid/Programs/hand/results/phase1/run_20260413_pollard_multiscene_500_run2/prism2/generated_mjcf/scene_prism2_tp0d0095p0d0117p0d0000_ip0d0216n0d0232p0d0081_mp0d0019p0d0158p0d0110.xml,prism_y0d0300,True,0.02,4.0,1.0,1.0,4.571469863461252,0.047415619858142063,6.0,0.005749259605318452,1.4037931443997707,0.009478466612064692,0.01168372526952211,0.0,0.02160887059855398,-0.023164369430652178,0.008119067766142584,0.0019284014760311882,0.015758297922973116,0.01099679951817091,"[0.08263128439284526, 1.3000400626383541, -1.1934317794271463, -0.14548773514971436, 1.4385704440511051, 1.1516368567344175, 0.10389342581421046, 1.489166588256795, 0.9205659349197833]"
prism2,173,/home/humanoid/Programs/hand/results/phase1/run_20260413_pollard_multiscene_500_run2/prism2/generated_mjcf/scene_prism2_tn0d0091p0d0170p0d0002_ip0d0137n0d0162p0d0000_mp0d0198p0d0035p0d0115.xml,prism_y0d0300,True,0.02,4.0,1.0,1.0,4.5521480635998355,0.05174639602161496,5.0,0.0057750762249438705,0.15175249181358944,-0.009145682503664064,0.017045684283200635,0.00019631914511307816,0.013653580327099199,-0.01623028555312832,0.0,0.019787687411714293,0.0034936345899613894,0.011549356045366811,"[0.08263128439284526, 1.3000400626383541, -1.1934317794271463, -0.14548773514971436, 1.4385704440511051, 1.1516368567344175, 0.10389342581421046, 1.489166588256795, 0.9205659349197833]"
prism2,174,/home/humanoid/Programs/hand/results/phase1/run_20260413_pollard_multiscene_500_run2/prism2/generated_mjcf/scene_prism2_tn0d0084p0d0135p0d0056_ip0d0161n0d0120p0d0000_mp0d0033p0d0083p0d0094.xml,prism_y0d0300,True,0.02,4.0,1.0,1.0,4.496659204656769,0.0496732922413685,5.0,0.00575639864504031,0.15289589619743144,-0.008416704660400457,0.013544724004021461,0.0055591496449118975,0.01607346868467647,-0.011987541353118166,0.0,0.003343847788665107,0.00829167228915013,0.009415614975348773,"[0.08263128439284526, 1.3000400626383541, -1.1934317794271463, -0.14548773514971436, 1.4385704440511051, 1.1516368567344175, 0.10389342581421046, 1.489166588256795, 0.9205659349197833]"
prism2,175,/home/humanoid/Programs/hand/results/phase1/run_20260413_pollard_multiscene_500_run2/prism2/generated_mjcf/scene_prism2_tn0d0010p0d0264p0d0097_ip0d0074n0d0021p0d0043_mp0d0125p0d0141p0d0000.xml,prism_y0d0300,True,0.02,4.0,1.0,1.0,3.97903161663905,0.05011903379643065,4.0,0.005804281256099517,0.9277782255229098,-0.000987966722941342,0.02641863323770267,0.009749655067213505,0.007435624649495688,-0.002126774060817691,0.004329946350058643,0.012516638434641977,0.014116350948087338,0.0,"[0.08263128439284526, 1.3000400626383541, -1.1934317794271463, -0.14548773514971436, 1.4385704440511051, 1.1516368567344175, 0.10389342581421046, 1.489166588256795, 0.9205659349197833]"
prism2,176,/home/humanoid/Programs/hand/results/phase1/run_20260413_pollard_multiscene_500_run2/prism2/generated_mjcf/scene_prism2_tn0d0042p0d0147p0d0000_ip0d0078n0d0180p0d0000_mp0d0214p0d0170p0d0000.xml,prism_y0d0300,True,0.02,4.0,1.0,1.0,4.955056868519957,0.05137670765299242,6.0,0.006547312828507045,0.060496747693068426,-0.004224321255218628,0.014693684350748644,0.0,0.007783851825736274,-0.018004387774481902,0.0,0.021358462961561187,0.017045554947876396,0.0,"[0.08263128439284526, 1.3000400626383541, -1.1934317794271463, -0.14548773514971436, 1.4385704440511051, 1.1516368567344175, 0.10389342581421046, 1.489166588256795, 0.9205659349197833]"
prism2,177,/home/humanoid/Programs/hand/results/phase1/run_20260413_pollard_multiscene_500_run2/prism2/generated_mjcf/scene_prism2_tp0d0082p0d0197p0d0081_ip0d0020n0d0208p0d0000_mp0d0186p0d0217p0d0000.xml,prism_y0d0300,True,0.02,4.0,1.0,1.0,4.892802956320003,0.05111956928325659,6.0,0.00642160904675559,0.12749321674287786,0.008167387550689544,0.01968914444390417,0.008060320464359848,0.0019543986615473425,-0.02080566383837565,0.0,0.018645458933625167,0.021650883133752408,0.0,"[0.08263128439284526, 1.3000400626383541, -1.1934317794271463, -0.14548773514971436, 1.4385704440511051, 1.1516368567344175, 0.10389342581421046, 1.489166588256795, 0.9205659349197833]"
prism2,178,/home/humanoid/Programs/hand/results/phase1/run_20260413_pollard_multiscene_500_run2/prism2/generated_mjcf/scene_prism2_tp0d0104p0d0286p0d0000_ip0d0124n0d0007p0d0050_mp0d0027p0d0177p0d0094.xml,prism_y0d0300,True,0.02,4.0,1.0,1.0,4.723107402874118,0.052776740334921086,6.0,0.005684148255171058,1.2357105533345794,0.010404850160773957,0.02864850095402521,0.0,0.012396573576992977,-0.0006640127032650541,0.004951171989004948,0.0027457737026305084,0.01766712406835367,0.00939002581709478,"[0.08263128439284526, 1.3000400626383541, -1.1934317794271463, -0.14548773514971436, 1.4385704440511051, 1.1516368567344175, 0.10389342581421046, 1.489166588256795, 0.9205659349197833]"
prism2,179,/home/humanoid/Programs/hand/results/phase1/run_20260413_pollard_multiscene_500_run2/prism2/generated_mjcf/scene_prism2_tp0d0008p0d0192p0d0059_ip0d0089n0d0091p0d0000_mp0d0163p0d0264p0d0083.xml,prism_y0d0300,True,0.02,4.0,1.0,1.0,4.867446846277186,0.050289845658793686,6.0,0.007440559551343036,0.4242795944013139,0.000775856375392953,0.019217011949822636,0.005889455773125243,0.008897061470780695,-0.009104554451179199,0.0,0.01630746355080402,0.026364703453000786,0.008285323912689182,"[0.08263128439284526, 1.3000400626383541, -1.1934317794271463, -0.14548773514971436, 1.4385704440511051, 1.1516368567344175, 0.10389342581421046, 1.489166588256795, 0.9205659349197833]"
prism2,180,/home/humanoid/Programs/hand/results/phase1/run_20260413_pollard_multiscene_500_run2/prism2/generated_mjcf/scene_prism2_tp0d0076p0d0194p0d0056_ip0d0097n0d0216p0d0000_mp0d0064p0d0234p0d0000.xml,prism_y0d0300,True,0.02,4.0,1.0,1.0,3.57457237631578,0.050573802962668724,4.0,0.005760954150440165,3.410771605473457,0.007601073351175328,0.019366103985973,0.005648628398581976,0.009739818482690336,-0.021574981248505112,0.0,0.006356703445989577,0.02337913098547223,0.0,"[0.08263128439284526, 1.3000400626383541, -1.1934317794271463, -0.14548773514971436, 1.4385704440511051, 1.1516368567344175, 0.10389342581421046, 1.489166588256795, 0.9205659349197833]"
prism2,181,/home/humanoid/Programs/hand/results/phase1/run_20260413_pollard_multiscene_500_run2/prism2/generated_mjcf/scene_prism2_tn0d0093p0d0088p0d0007_ip0d0040n0d0090p0d0000_mp0d0086p0d0067p0d0000.xml,prism_y0d0300,True,0.02,4.0,1.0,1.0,4.409568665034832,0.04847083603949808,5.0,0.007291034571988858,0.23992591009864586,-0.00933543154492234,0.008805327185990803,0.000668602678969548,0.003961819525625501,-0.008970762740116253,0.0,0.008646250009056356,0.006693370993602678,0.0,"[0.08263128439284526, 1.3000400626383541, -1.1934317794271463, -0.14548773514971436, 1.4385704440511051, 1.1516368567344175, 0.10389342581421046, 1.489166588256795, 0.9205659349197833]"
prism2,182,/home/humanoid/Programs/hand/results/phase1/run_20260413_pollard_multiscene_500_run2/prism2/generated_mjcf/scene_prism2_tp0d0016p0d0207p0d0000_ip0d0186n0d0072p0d0000_mp0d0006p0d0075p0d0000.xml,prism_y0d0300,True,0.02,4.0,1.0,1.0,4.985644191686424,0.0534105766017758,6.0,0.006196041209520072,0.2795019629825681,0.0016470894595621167,0.02073131030867892,0.0,0.018640972661330295,-0.007166913517253069,0.0,0.0006460636272721757,0.00746074094995392,0.0,"[0.08263128439284526, 1.3000400626383541, -1.1934317794271463, -0.14548773514971436, 1.4385704440511051, 1.1516368567344175, 0.10389342581421046, 1.489166588256795, 0.9205659349197833]"
prism2,183,/home/humanoid/Programs/hand/results/phase1/run_20260413_pollard_multiscene_500_run2/prism2/generated_mjcf/scene_prism2_tn0d0061p0d0135p0d0031_ip0d0009n0d0192p0d0099_mp0d0008p0d0086p0d0098.xml,prism_y0d0300,True,0.02,4.0,1.0,1.0,4.349109653944323,0.0498929801952048,5.0,0.0056406434579931546,0.9616325474757955,-0.006124041163500725,0.01348762563825465,0.003063555658450347,0.0008658191334914387,-0.019187756292742966,0.009946785525691476,0.0008247528584014556,0.008646561502834105,0.009803886638379881,"[0.08263128439284526, 1.3000400626383541, -1.1934317794271463, -0.14548773514971436, 1.4385704440511051, 1.1516368567344175, 0.10389342581421046, 1.489166588256795, 0.9205659349197833]"
prism2,184,/home/humanoid/Programs/hand/results/phase1/run_20260413_pollard_multiscene_500_run2/prism2/generated_mjcf/scene_prism2_tp0d0067p0d0188p0d0113_ip0d0058n0d0101p0d0000_mp0d0090p0d0092p0d0053.xml,prism_y0d0300,True,0.02,4.0,1.0,1.0,4.47477997795351,0.04957330811635187,5.0,0.005765804942270372,0.24916475421120507,0.00674552063868359,0.01875844570534435,0.011269136853523525,0.00584627774575262,-0.010051085845152196,0.0,0.009021495589241701,0.009187286818277404,0.005298283897151278,"[0.08263128439284526, 1.3000400626383541, -1.1934317794271463, -0.14548773514971436, 1.4385704440511051, 1.1516368567344175, 0.10389342581421046, 1.489166588256795, 0.9205659349197833]"
prism2,185,/home/humanoid/Programs/hand/results/phase1/run_20260413_pollard_multiscene_500_run2/prism2/generated_mjcf/scene_prism2_tn0d0076p0d0293p0d0095_ip0d0164n0d0030p0d0000_mn0d0008p0d0251p0d0018.xml,prism_y0d0300,True,0.02,4.0,1.0,1.0,4.944166759419329,0.05340334514347611,6.0,0.005924152986685277,0.292751433343567,-0.007579144053407563,0.02926402140053649,0.009526551407758252,0.016445449506548186,-0.0030376445306050295,0.0,-0.000757042771043057,0.025099540621265633,0.0018448931286065753,"[0.08263128439284526, 1.3000400626383541, -1.1934317794271463, -0.14548773514971436, 1.4385704440511051, 1.1516368567344175, 0.10389342581421046, 1.489166588256795, 0.9205659349197833]"
prism2,186,/home/humanoid/Programs/hand/results/phase1/run_20260413_pollard_multiscene_500_run2/prism2/generated_mjcf/scene_prism2_tn0d0109p0d0266p0d0000_ip0d0208n0d0007p0d0025_mp0d0198p0d0119p0d0000.xml,prism_y0d0300,True,0.02,4.0,1.0,1.0,4.527612810722277,0.05115260157931262,5.0,0.0056203978069896245,0.1817183387115683,-0.01094530967303526,0.026622520374406416,0.0,0.02084817749367661,-0.0006692405604083445,0.0024633831944326275,0.019788114268166283,0.011869035729068184,0.0,"[0.08263128439284526, 1.3000400626383541, -1.1934317794271463, -0.14548773514971436, 1.4385704440511051, 1.1516368567344175, 0.10389342581421046, 1.489166588256795, 0.9205659349197833]"
prism2,187,/home/humanoid/Programs/hand/results/phase1/run_20260413_pollard_multiscene_500_run2/prism2/generated_mjcf/scene_prism2_tp0d0055p0d0214p0d0000_ip0d0064n0d0241p0d0000_mp0d0092p0d0120p0d0006.xml,prism_y0d0300,True,0.02,4.0,1.0,1.0,4.316358248090537,0.053807676430949615,5.0,0.006492297005039863,1.256964694520812,0.005524128560409666,0.021412513004040876,0.0,0.006369495553362655,-0.02409273098003277,0.0,0.0092245498650162,0.011986839827390296,0.0005794426517732355,"[0.08263128439284526, 1.3000400626383541, -1.1934317794271463, -0.14548773514971436, 1.4385704440511051, 1.1516368567344175, 0.10389342581421046, 1.489166588256795, 0.9205659349197833]"
prism2,188,/home/humanoid/Programs/hand/results/phase1/run_20260413_pollard_multiscene_500_run2/prism2/generated_mjcf/scene_prism2_tn0d0113p0d0300p0d0000_ip0d0000n0d0098p0d0041_mp0d0057p0d0253p0d0000.xml,prism_y0d0300,True,0.02,4.0,1.0,1.0,4.067281951254534,0.05051783003278093,5.0,0.005594127363148508,2.9342468221086406,-0.011292589471460104,0.03,0.0,1.896314324718526e-05,-0.009754604433349351,0.004105129779418168,0.0057010780266160835,0.025270931042320165,0.0,"[0.08263128439284526, 1.3000400626383541, -1.1934317794271463, -0.14548773514971436, 1.4385704440511051, 1.1516368567344175, 0.10389342581421046, 1.489166588256795, 0.9205659349197833]"
prism2,189,/home/humanoid/Programs/hand/results/phase1/run_20260413_pollard_multiscene_500_run2/prism2/generated_mjcf/scene_prism2_tn0d0079p0d0282p0d0000_ip0d0114n0d0059p0d0000_mp0d0194p0d0087p0d0000.xml,prism_y0d0300,True,0.02,4.0,1.0,1.0,4.601165041507823,0.05272825096849011,5.0,0.0063039954332905586,0.07521560127175116,-0.007871923122523284,0.02824721477700434,0.0,0.011434791023358513,-0.005873051273154057,0.0,0.019370976136729598,0.00867365001472788,0.0,"[0.08263128439284526, 1.3000400626383541, -1.1934317794271463, -0.14548773514971436, 1.4385704440511051, 1.1516368567344175, 0.10389342581421046, 1.489166588256795, 0.9205659349197833]"
prism2,190,/home/humanoid/Programs/hand/results/phase1/run_20260413_pollard_multiscene_500_run2/prism2/generated_mjcf/scene_prism2_tn0d0079p0d0137p0d0027_ip0d0124n0d0151p0d0000_mp0d0088p0d0098p0d0119.xml,prism_y0d0300,True,0.02,4.0,1.0,1.0,4.086151394170632,0.05172936067807395,4.0,0.0056389836789577,0.3985317134536595,-0.007922255873662335,0.01371029600381386,0.002721329818083271,0.012447962530512873,-0.01514861068170811,0.0,0.008759742605920662,0.009773312969026872,0.011886714086111382,"[0.08263128439284526, 1.3000400626383541, -1.1934317794271463, -0.14548773514971436, 1.4385704440511051, 1.1516368567344175, 0.10389342581421046, 1.489166588256795, 0.9205659349197833]"
prism2,191,/home/humanoid/Programs/hand/results/phase1/run_20260413_pollard_multiscene_500_run2/prism2/generated_mjcf/scene_prism2_tp0d0019p0d0293p0d0046_ip0d0002n0d0125p0d0108_mp0d0108p0d0067p0d0063.xml,prism_y0d0300,True,0.02,4.0,1.0,1.0,3.9919396292957083,0.04806969352375734,4.0,0.009737126062347156,0.17001102793005152,0.0018830516039466342,0.029256296294360287,0.004590055672901827,0.00019418877198786565,-0.012523302376143691,0.010792955576711082,0.010752739267010073,0.006693250662758721,0.006299504218256629,"[0.08263128439284526, 1.3000400626383541, -1.1934317794271463, -0.14548773514971436, 1.4385704440511051, 1.1516368567344175, 0.10389342581421046, 1.489166588256795, 0.9205659349197833]"
prism2,192,/home/humanoid/Programs/hand/results/phase1/run_20260413_pollard_multiscene_500_run2/prism2/generated_mjcf/scene_prism2_tp0d0067p0d0256p0d0039_ip0d0184n0d0140p0d0000_mp0d0195p0d0054p0d0113.xml,prism_y0d0300,True,0.02,4.0,1.0,1.0,4.0426488955037865,0.05048623183860933,4.0,0.01090611743169915,0.485738481487174,0.006672177446761959,0.025628884167786206,0.0038572142634211992,0.01842128999050232,-0.01397234999711339,0.0,0.019494678344776084,0.00535814621895145,0.011258684809489543,"[0.08263128439284526, 1.3000400626383541, -1.1934317794271463, -0.14548773514971436, 1.4385704440511051, 1.1516368567344175, 0.10389342581421046, 1.489166588256795, 0.9205659349197833]"
prism2,193,/home/humanoid/Programs/hand/results/phase1/run_20260413_pollard_multiscene_500_run2/prism2/generated_mjcf/scene_prism2_tn0d0077p0d0160p0d0072_ip0d0010n0d0154p0d0036_mp0d0059p0d0236p0d0000.xml,prism_y0d0300,True,0.02,4.0,1.0,1.0,4.083014199571747,0.05056657324704517,4.0,0.009109289884602044,0.27954533980902774,-0.00771825165600488,0.016023573175587044,0.007244651236789669,0.0009979894119062204,-0.015350633875943372,0.0035716783631282913,0.005934109057548915,0.023579488684636142,0.0,"[0.08263128439284526, 1.3000400626383541, -1.1934317794271463, -0.14548773514971436, 1.4385704440511051, 1.1516368567344175, 0.10389342581421046, 1.489166588256795, 0.9205659349197833]"
prism2,196,/home/humanoid/Programs/hand/results/phase1/run_20260413_pollard_multiscene_500_run2/prism2/generated_mjcf/scene_prism2_tn0d0053p0d0211p0d0072_ip0d0040n0d0172p0d0000_mp0d0067p0d0258p0d0035.xml,prism_y0d0300,True,0.02,4.0,1.0,1.0,4.67240000667285,0.04994158494626187,6.0,0.005753297746813584,1.2736306308016843,-0.0053098841582090335,0.021132674117052504,0.007208012367465232,0.003956516461473281,-0.017214401410508604,0.0,0.006708835529898857,0.025847389121555535,0.0035319824742441833,"[0.08263128439284526, 1.3000400626383541, -1.1934317794271463, -0.14548773514971436, 1.4385704440511051, 1.1516368567344175, 0.10389342581421046, 1.489166588256795, 0.9205659349197833]"
prism2,198,/home/humanoid/Programs/hand/results/phase1/run_20260413_pollard_multiscene_500_run2/prism2/generated_mjcf/scene_prism2_tn0d0085p0d0275p0d0042_in0d0019n0d0060p0d0030_mp0d0208p0d0256p0d0000.xml,prism_y0d0300,True,0.02,4.0,1.0,1.0,4.863827021960246,0.05030431476232058,6.0,0.006348314434568251,0.5257588014355556,-0.008474962952994883,0.027544844041051023,0.0042187069829906915,-0.001881759480586151,-0.006017930301457348,0.0030434827684328956,0.020751674831435835,0.025630698873934675,0.0,"[0.08263128439284526, 1.3000400626383541, -1.1934317794271463, -0.14548773514971436, 1.4385704440511051, 1.1516368567344175, 0.10389342581421046, 1.489166588256795, 0.9205659349197833]"
prism2,199,/home/humanoid/Programs/hand/results/phase1/run_20260413_pollard_multiscene_500_run2/prism2/generated_mjcf/scene_prism2_tn0d0093p0d0181p0d0000_ip0d0100n0d0183p0d0000_mn0d0005p0d0214p0d0000.xml,prism_y0d0300,True,0.02,4.0,1.0,1.0,4.434686872049219,0.04994260809400135,5.0,0.00566573807716874,0.5312365563658922,-0.009332624553411184,0.01806849608943887,0.0,0.010000531041565066,-0.018317445898405317,0.0,-0.00046335726395006424,0.021357809487047297,0.0,"[0.08263128439284526, 1.3000400626383541, -1.1934317794271463, -0.14548773514971436, 1.4385704440511051, 1.1516368567344175, 0.10389342581421046, 1.489166588256795, 0.9205659349197833]"
prism2,200,/home/humanoid/Programs/hand/results/phase1/run_20260413_pollard_multiscene_500_run2/prism2/generated_mjcf/scene_prism2_tp0d0043p0d0146p0d0082_ip0d0037n0d0214p0d0067_mp0d0035p0d0075p0d0017.xml,prism_y0d0300,True,0.02,4.0,1.0,1.0,4.508033249568416,0.053344695733512665,5.0,0.00597568138893189,0.2015655450257381,0.00433975812341485,0.014641479233585792,0.00819268659890612,0.0037178996504195006,-0.021405517517139025,0.006744157953358632,0.003474166052851514,0.0074895616345749694,0.0017029246504212722,"[0.08263128439284526, 1.3000400626383541, -1.1934317794271463, -0.14548773514971436, 1.4385704440511051, 1.1516368567344175, 0.10389342581421046, 1.489166588256795, 0.9205659349197833]"
prism2,201,/home/humanoid/Programs/hand/results/phase1/run_20260413_pollard_multiscene_500_run2/prism2/generated_mjcf/scene_prism2_tn0d0105p0d0214p0d0000_ip0d0083n0d0143p0d0000_mn0d0000p0d0174p0d0000.xml,prism_y0d0300,True,0.02,4.0,1.0,1.0,4.4326120943948535,0.0520074363679176,5.0,0.005700119137011304,0.6909335313493303,-0.010500790107284589,0.02140432770793027,0.0,0.008281450060615545,-0.014333063935340966,0.0,-3.0320783561186768e-05,0.017389064274110563,0.0,"[0.08263128439284526, 1.3000400626383541, -1.1934317794271463, -0.14548773514971436, 1.4385704440511051, 1.1516368567344175, 0.10389342581421046, 1.489166588256795, 0.9205659349197833]"
prism2,202,/home/humanoid/Programs/hand/results/phase1/run_20260413_pollard_multiscene_500_run2/prism2/generated_mjcf/scene_prism2_tp0d0056p0d0168p0d0000_ip0d0208n0d0238p0d0030_mn0d0016p0d0125p0d0000.xml,prism_y0d0300,True,0.02,4.0,1.0,1.0,-1.6642263576049472,0.04890629933837442,5.0,0.007503950408181424,38.68637507608873,0.005561306286262741,0.01684537198761257,0.0,0.02082503109106207,-0.0237630864305896,0.0030471449279324964,-0.0015712075422167678,0.012468062242123311,0.0,"[0.08263128439284526, 1.3000400626383541, -1.1934317794271463, -0.14548773514971436, 1.4385704440511051, 1.1516368567344175, 0.10389342581421046, 1.489166588256795, 0.9205659349197833]"
prism2,203,/home/humanoid/Programs/hand/results/phase1/run_20260413_pollard_multiscene_500_run2/prism2/generated_mjcf/scene_prism2_tn0d0101p0d0268p0d0017_in0d0001n0d0008p0d0000_mp0d0098p0d0040p0d0000.xml,prism_y0d0300,True,0.02,4.0,1.0,1.0,4.352270613771112,0.05055860748751198,5.0,0.005711158703094917,1.0206404631794286,-0.010071792123051598,0.026796554965191104,0.0017246215799356143,-0.00014392769721268718,-0.0008479304860448244,0.0,0.009809882367594778,0.004032230339763861,0.0,"[0.08263128439284526, 1.3000400626383541, -1.1934317794271463, -0.14548773514971436, 1.4385704440511051, 1.1516368567344175, 0.10389342581421046, 1.489166588256795, 0.9205659349197833]"
prism2,204,/home/humanoid/Programs/hand/results/phase1/run_20260413_pollard_multiscene_500_run2/prism2/generated_mjcf/scene_prism2_tn0d0002p0d0286p0d0043_ip0d0065n0d0199p0d0000_mp0d0059p0d0048p0d0000.xml,prism_y0d0300,True,0.02,4.0,1.0,1.0,4.003767465022884,0.04978867061834619,4.0,0.009516381163335625,0.4565452146472385,-0.0002021810662841579,0.028551378760065353,0.004261095795399832,0.006454661361814582,-0.019876773530676677,0.0,0.005884300171022228,0.00480782853712527,0.0,"[0.08263128439284526, 1.3000400626383541, -1.1934317794271463, -0.14548773514971436, 1.4385704440511051, 1.1516368567344175, 0.10389342581421046, 1.489166588256795, 0.9205659349197833]"
prism2,205,/home/humanoid/Programs/hand/results/phase1/run_20260413_pollard_multiscene_500_run2/prism2/generated_mjcf/scene_prism2_tp0d0036p0d0128p0d0000_in0d0018n0d0024p0d0082_mp0d0003p0d0197p0d0000.xml,prism_y0d0300,True,0.02,4.0,1.0,1.0,2.545415396957214,0.04498808252898631,4.0,0.01293736938945124,3.224558152582323e-11,0.0036179364962463777,0.012837212448013606,0.0,-0.0018298901071419332,-0.002395784622160021,0.008180570878864576,0.0002708761776541446,0.01972964691536254,0.0,"[0.08263128439284526, 1.3000400626383541, -1.1934317794271463, -0.14548773514971436, 1.4385704440511051, 1.1516368567344175, 0.10389342581421046, 1.489166588256795, 0.9205659349197833]"
prism2,206,/home/humanoid/Programs/hand/results/phase1/run_20260413_pollard_multiscene_500_run2/prism2/generated_mjcf/scene_prism2_tp0d0077p0d0123p0d0000_ip0d0209n0d0193p0d0000_mp0d0020p0d0111p0d0000.xml,prism_y0d0300,True,0.02,4.0,1.0,1.0,4.20923371373321,0.04989757315105331,5.0,0.0056969634203201695,1.7471508333325256,0.007725404707774584,0.012289821737621096,0.0,0.02089606498753578,-0.019301676188381724,0.0,0.00201339210259017,0.011099656579559913,0.0,"[0.08263128439284526, 1.3000400626383541, -1.1934317794271463, -0.14548773514971436, 1.4385704440511051, 1.1516368567344175, 0.10389342581421046, 1.489166588256795, 0.9205659349197833]"
prism2,207,/home/humanoid/Programs/hand/results/phase1/run_20260413_pollard_multiscene_500_run2/prism2/generated_mjcf/scene_prism2_tp0d0026p0d0207p0d0110_ip0d0174n0d0065p0d0000_mp0d0053p0d0143p0d0000.xml,prism_y0d0300,True,0.02,4.0,1.0,1.0,4.343168828003124,0.05039732760738298,5.0,0.005828014395855899,1.1581969828531669,0.00258495564686813,0.02069911329584996,0.010962643851090574,0.01738795186372892,-0.006457234525400016,0.0,0.005268949493629474,0.014280105921970699,0.0,"[0.08263128439284526, 1.3000400626383541, -1.1934317794271463, -0.14548773514971436, 1.4385704440511051, 1.1516368567344175, 0.10389342581421046, 1.489166588256795, 0.9205659349197833]"
prism2,208,/home/humanoid/Programs/hand/results/phase1/run_20260413_pollard_multiscene_500_run2/prism2/generated_mjcf/scene_prism2_tn0d0075p0d0127p0d0000_ip0d0061n0d0017p0d0025_mp0d0189p0d0057p0d0000.xml,prism_y0d0300,True,0.02,4.0,1.0,1.0,4.853757852303387,0.04985150365156001,6.0,0.006905620335650815,0.2997320677978979,-0.007541185456607181,0.012720330103871616,0.0,0.006068945183136646,-0.0017135969398752223,0.002520631410691936,0.018875773155536048,0.005666852414929724,0.0,"[0.08263128439284526, 1.3000400626383541, -1.1934317794271463, -0.14548773514971436, 1.4385704440511051, 1.1516368567344175, 0.10389342581421046, 1.489166588256795, 0.9205659349197833]"
prism2,209,/home/humanoid/Programs/hand/results/phase1/run_20260413_pollard_multiscene_500_run2/prism2/generated_mjcf/scene_prism2_tp0d0080p0d0185p0d0012_ip0d0045n0d0139p0d0000_mp0d0218p0d0165p0d0000.xml,prism_y0d0300,True,0.02,4.0,1.0,1.0,4.449049696675321,0.05104379862900287,5.0,0.007054872036175271,0.5635254665204253,0.008009543041537861,0.01849580852523615,0.0012160635687190995,0.004545161135832775,-0.013902840430843947,0.0,0.021799144081568696,0.01649161773793147,0.0,"[0.08263128439284526, 1.3000400626383541, -1.1934317794271463, -0.14548773514971436, 1.4385704440511051, 1.1516368567344175, 0.10389342581421046, 1.489166588256795, 0.9205659349197833]"
prism2,210,/home/humanoid/Programs/hand/results/phase1/run_20260413_pollard_multiscene_500_run2/prism2/generated_mjcf/scene_prism2_tp0d0084p0d0183p0d0032_ip0d0018n0d0148p0d0000_mp0d0099p0d0230p0d0000.xml,prism_y0d0300,True,0.02,4.0,1.0,1.0,3.918556773129911,0.04965563722801927,4.0,0.008955971104408498,0.7608869541441361,0.008437855756050418,0.018321910618821588,0.0032447348294870563,0.001774035165684324,-0.014805875470069332,0.0,0.009934062318164237,0.02297414626775439,0.0,"[0.08263128439284526, 1.3000400626383541, -1.1934317794271463, -0.14548773514971436, 1.4385704440511051, 1.1516368567344175, 0.10389342581421046, 1.489166588256795, 0.9205659349197833]"
prism2,211,/home/humanoid/Programs/hand/results/phase1/run_20260413_pollard_multiscene_500_run2/prism2/generated_mjcf/scene_prism2_tn0d0047p0d0144p0d0000_ip0d0093n0d0180p0d0000_mp0d0028p0d0172p0d0000.xml,prism_y0d0300,True,0.02,4.0,1.0,1.0,4.514939807978986,0.049874864927528975,5.0,0.005623663990924041,0.09530633122749751,-0.004740005191379473,0.014426123005675029,0.0,0.009336022162219368,-0.01795692563587443,0.0,0.0027816673199039963,0.017175738094334703,0.0,"[0.08263128439284526, 1.3000400626383541, -1.1934317794271463, -0.14548773514971436, 1.4385704440511051, 1.1516368567344175, 0.10389342581421046, 1.489166588256795, 0.9205659349197833]"
prism2,212,/home/humanoid/Programs/hand/results/phase1/run_20260413_pollard_multiscene_500_run2/prism2/generated_mjcf/scene_prism2_tn0d0040p0d0142p0d0000_ip0d0023n0d0182p0d0081_mp0d0033p0d0232p0d0058.xml,prism_y0d0300,True,0.02,4.0,1.0,1.0,4.597517729974207,0.05513704677211408,5.0,0.006833819011644555,0.2550825547260101,-0.00403609409022875,0.014205866070954665,0.0,0.0023294378827807428,-0.018192462569061693,0.008144399751782865,0.0033094172629732008,0.023181547653119555,0.005839190597031859,"[0.08263128439284526, 1.3000400626383541, -1.1934317794271463, -0.14548773514971436, 1.4385704440511051, 1.1516368567344175, 0.10389342581421046, 1.489166588256795, 0.9205659349197833]"
prism2,213,/home/humanoid/Programs/hand/results/phase1/run_20260413_pollard_multiscene_500_run2/prism2/generated_mjcf/scene_prism2_tp0d0114p0d0261p0d0000_ip0d0206n0d0041p0d0000_mp0d0084p0d0040p0d0000.xml,prism_y0d0300,True,0.02,4.0,1.0,1.0,4.421592487567536,0.0507344937419445,5.0,0.0070552126719585955,0.738376881053393,0.011383068446832144,0.026086163461476453,0.0,0.020561026075589607,-0.004089729095602563,0.0,0.008406134637600387,0.004042902804046244,0.0,"[0.08263128439284526, 1.3000400626383541, -1.1934317794271463, -0.14548773514971436, 1.4385704440511051, 1.1516368567344175, 0.10389342581421046, 1.489166588256795, 0.9205659349197833]"
prism2,214,/home/humanoid/Programs/hand/results/phase1/run_20260413_pollard_multiscene_500_run2/prism2/generated_mjcf/scene_prism2_tp0d0052p0d0107p0d0118_in0d0015n0d0005p0d0000_mp0d0091p0d0164p0d0000.xml,prism_y0d0300,True,0.02,4.0,1.0,1.0,4.417033717776092,0.0490887718750697,5.0,0.008166242844223176,0.23366119363875157,0.005157266769256267,0.010652643185760103,0.01180187743075043,-0.0014796206306259777,-0.0005166369421601685,0.0,0.009060765136741021,0.016391314855483393,0.0,"[0.08263128439284526, 1.3000400626383541, -1.1934317794271463, -0.14548773514971436, 1.4385704440511051, 1.1516368567344175, 0.10389342581421046, 1.489166588256795, 0.9205659349197833]"
prism2,215,/home/humanoid/Programs/hand/results/phase1/run_20260413_pollard_multiscene_500_run2/prism2/generated_mjcf/scene_prism2_tn0d0067p0d0092p0d0078_ip0d0213n0d0213p0d0086_mp0d0153p0d0213p0d0000.xml,prism_y0d0300,True,0.02,4.0,1.0,1.0,4.4402724719670426,0.05105165354258141,5.0,0.00609006145768589,0.5917526631057693,-0.006708058313022306,0.009213660685445347,0.007762392106353707,0.0213354249050623,-0.021286620578137176,0.008635940125201812,0.015292946730816092,0.021305408188239255,0.0,"[0.08263128439284526, 1.3000400626383541, -1.1934317794271463, -0.14548773514971436, 1.4385704440511051, 1.1516368567344175, 0.10389342581421046, 1.489166588256795, 0.9205659349197833]"
prism2,216,/home/humanoid/Programs/hand/results/phase1/run_20260413_pollard_multiscene_500_run2/prism2/generated_mjcf/scene_prism2_tn0d0106p0d0246p0d0111_ip0d0138n0d0187p0d0009_mp0d0009p0d0205p0d0041.xml,prism_y0d0300,True,0.02,4.0,1.0,1.0,4.607168031736241,0.053884449712448365,5.0,0.006522013745179058,0.17560065400503055,-0.010618202159571382,0.024570154966587918,0.011091034286356438,0.013810197920546557,-0.018682744474052514,0.0008816463383836057,0.000920203433224737,0.020529085107590155,0.004148740653331526,"[0.08263128439284526, 1.3000400626383541, -1.1934317794271463, -0.14548773514971436, 1.4385704440511051, 1.1516368567344175, 0.10389342581421046, 1.489166588256795, 0.9205659349197833]"
prism2,217,/home/humanoid/Programs/hand/results/phase1/run_20260413_pollard_multiscene_500_run2/prism2/generated_mjcf/scene_prism2_tn0d0013p0d0082p0d0000_ip0d0144n0d0077p0d0018_mp0d0035p0d0192p0d0000.xml,prism_y0d0300,True,0.02,4.0,1.0,1.0,2.081844675717898,0.045937492600759196,4.0,0.011571849518623313,4.7930127701623615,-0.0012769440151296722,0.008207947848866467,0.0,0.014367464472860894,-0.007682079760128633,0.0018050238451683114,0.0034645893469029436,0.019215158092247116,0.0,"[0.08263128439284526, 1.3000400626383541, -1.1934317794271463, -0.14548773514971436, 1.4385704440511051, 1.1516368567344175, 0.10389342581421046, 1.489166588256795, 0.9205659349197833]"
prism2,218,/home/humanoid/Programs/hand/results/phase1/run_20260413_pollard_multiscene_500_run2/prism2/generated_mjcf/scene_prism2_tp0d0031p0d0217p0d0000_ip0d0033n0d0069p0d0000_mp0d0018p0d0185p0d0039.xml,prism_y0d0300,True,0.02,4.0,1.0,1.0,4.226650542234096,0.05060086700059674,5.0,0.005634316816120084,1.5483831284572311,0.0030643337970542965,0.021735629790901958,0.0,0.003259984998778856,-0.006910015120126513,0.0,0.0017765117936147622,0.018486338857577528,0.003854988740890814,"[0.08263128439284526, 1.3000400626383541, -1.1934317794271463, -0.14548773514971436, 1.4385704440511051, 1.1516368567344175, 0.10389342581421046, 1.489166588256795, 0.9205659349197833]"
prism2,219,/home/humanoid/Programs/hand/results/phase1/run_20260413_pollard_multiscene_500_run2/prism2/generated_mjcf/scene_prism2_tn0d0096p0d0143p0d0000_ip0d0199n0d0241p0d0000_mp0d0018p0d0145p0d0098.xml,prism_y0d0300,True,0.02,4.0,1.0,1.0,3.945009995196118,0.049194367522497694,4.0,0.005640298888116625,0.6872875883669924,-0.009552741642320943,0.014294919368854606,0.0,0.019931955097158255,-0.024098723637486875,0.0,0.001763704178351715,0.014507877048380777,0.009764096577343173,"[0.08263128439284526, 1.3000400626383541, -1.1934317794271463, -0.14548773514971436, 1.4385704440511051, 1.1516368567344175, 0.10389342581421046, 1.489166588256795, 0.9205659349197833]"
prism2,220,/home/humanoid/Programs/hand/results/phase1/run_20260413_pollard_multiscene_500_run2/prism2/generated_mjcf/scene_prism2_tp0d0050p0d0166p0d0000_ip0d0149n0d0113p0d0053_mn0d0009p0d0075p0d0000.xml,prism_y0d0300,True,0.02,4.0,1.0,1.0,4.789481350863317,0.05171015520937341,6.0,0.006012977299306797,0.9458098342059383,0.0049770330315987155,0.016644170110704855,0.0,0.014920291210715418,-0.011294019048296643,0.0052869592715543215,-0.0009234731340144204,0.007455374979847362,0.0,"[0.08263128439284526, 1.3000400626383541, -1.1934317794271463, -0.14548773514971436, 1.4385704440511051, 1.1516368567344175, 0.10389342581421046, 1.489166588256795, 0.9205659349197833]"
prism2,221,/home/humanoid/Programs/hand/results/phase1/run_20260413_pollard_multiscene_500_run2/prism2/generated_mjcf/scene_prism2_tn0d0008p0d0217p0d0015_ip0d0110n0d0107p0d0000_mp0d0047p0d0157p0d0000.xml,prism_y0d0300,True,0.02,4.0,1.0,1.0,3.792356981023361,0.05075362148856044,4.0,0.005694372803737919,2.132794297492684,-0.0008031192769778952,0.02166670448785033,0.001490255873888683,0.011029975886306324,-0.010713207814525373,0.0,0.004691508371224975,0.015735108981150926,0.0,"[0.08263128439284526, 1.3000400626383541, -1.1934317794271463, -0.14548773514971436, 1.4385704440511051, 1.1516368567344175, 0.10389342581421046, 1.489166588256795, 0.9205659349197833]"
prism2,222,/home/humanoid/Programs/hand/results/phase1/run_20260413_pollard_multiscene_500_run2/prism2/generated_mjcf/scene_prism2_tp0d0060p0d0300p0d0000_ip0d0168n0d0189p0d0000_mn0d0012p0d0266p0d0015.xml,prism_y0d0300,True,0.02,4.0,1.0,1.0,-0.21915063542632596,0.04920636181874932,4.0,0.00853300542132329,22.654883628924928,0.005982512874455746,0.03,0.0,0.01677585138666949,-0.01892801061196864,0.0,-0.001195083786028438,0.026558059126059096,0.0014902945294227848,"[0.08263128439284526, 1.3000400626383541, -1.1934317794271463, -0.14548773514971436, 1.4385704440511051, 1.1516368567344175, 0.10389342581421046, 1.489166588256795, 0.9205659349197833]"
prism2,223,/home/humanoid/Programs/hand/results/phase1/run_20260413_pollard_multiscene_500_run2/prism2/generated_mjcf/scene_prism2_tn0d0100p0d0157p0d0115_in0d0006n0d0023p0d0000_mn0d0001p0d0183p0d0095.xml,prism_y0d0300,True,0.02,4.0,1.0,1.0,4.861646370678892,0.04903742966667927,6.0,0.007733207124242592,0.15508466228920542,-0.010042045626139749,0.01571733522921598,0.011454745589257506,-0.0005590098185030423,-0.0022702534687448223,0.0,-0.0001307095736232007,0.018291499373159582,0.009509675286206443,"[0.08263128439284526, 1.3000400626383541, -1.1934317794271463, -0.14548773514971436, 1.4385704440511051, 1.1516368567344175, 0.10389342581421046, 1.489166588256795, 0.9205659349197833]"
prism2,224,/home/humanoid/Programs/hand/results/phase1/run_20260413_pollard_multiscene_500_run2/prism2/generated_mjcf/scene_prism2_tn0d0032p0d0163p0d0000_ip0d0055n0d0227p0d0001_mp0d0062p0d0073p0d0053.xml,prism_y0d0300,True,0.02,4.0,1.0,1.0,4.549858539344981,0.055337225576687674,5.0,0.005910461232212387,0.46388949207812785,-0.003206023096601387,0.016318901566531582,0.0,0.005469932523932257,-0.022679238364403775,0.00012650587897891467,0.0061976339362588805,0.007287415170120487,0.005336885494463008,"[0.08263128439284526, 1.3000400626383541, -1.1934317794271463, -0.14548773514971436, 1.4385704440511051, 1.1516368567344175, 0.10389342581421046, 1.489166588256795, 0.9205659349197833]"
prism2,225,/home/humanoid/Programs/hand/results/phase1/run_20260413_pollard_multiscene_500_run2/prism2/generated_mjcf/scene_prism2_tp0d0094p0d0274p0d0000_ip0d0199n0d0145p0d0100_mp0d0000p0d0269p0d0000.xml,prism_y0d0300,True,0.02,4.0,1.0,1.0,3.8207659002820797,0.04957357396711322,4.0,0.008433059522004216,1.011090084130527,0.009437691326738953,0.02737170570873626,0.0,0.019924961742623107,-0.014488606505171338,0.009950090735285678,7.2792667555523355e-06,0.026910958156789684,0.0,"[0.08263128439284526, 1.3000400626383541, -1.1934317794271463, -0.14548773514971436, 1.4385704440511051, 1.1516368567344175, 0.10389342581421046, 1.489166588256795, 0.9205659349197833]"
prism2,226,/home/humanoid/Programs/hand/results/phase1/run_20260413_pollard_multiscene_500_run2/prism2/generated_mjcf/scene_prism2_tp0d0059p0d0251p0d0062_ip0d0039n0d0063p0d0003_mn0d0009p0d0056p0d0000.xml,prism_y0d0300,True,0.02,4.0,1.0,1.0,4.298186123371405,0.05018862668722893,5.0,0.007054593168914563,1.228387664470046,0.005890195392200037,0.025145911494812493,0.006172020864999916,0.0038719373070722294,-0.006349688358739556,0.00030962863382305236,-0.0008708134120405647,0.005640698307909073,0.0,"[0.08263128439284526, 1.3000400626383541, -1.1934317794271463, -0.14548773514971436, 1.4385704440511051, 1.1516368567344175, 0.10389342581421046, 1.489166588256795, 0.9205659349197833]"
prism2,227,/home/humanoid/Programs/hand/results/phase1/run_20260413_pollard_multiscene_500_run2/prism2/generated_mjcf/scene_prism2_tp0d0083p0d0182p0d0000_ip0d0108n0d0164p0d0000_mp0d0028p0d0117p0d0000.xml,prism_y0d0300,True,0.02,4.0,1.0,1.0,4.695423691514198,0.05208583420020923,6.0,0.005739386018538948,1.067865435456875,0.008338774720204351,0.01821398638179801,0.0,0.010837636468636409,-0.016374744784778288,0.0,0.00275684906579644,0.011731120066497104,0.0,"[0.08263128439284526, 1.3000400626383541, -1.1934317794271463, -0.14548773514971436, 1.4385704440511051, 1.1516368567344175, 0.10389342581421046, 1.489166588256795, 0.9205659349197833]"
prism2,228,/home/humanoid/Programs/hand/results/phase1/run_20260413_pollard_multiscene_500_run2/prism2/generated_mjcf/scene_prism2_tp0d0018p0d0170p0d0000_ip0d0032n0d0128p0d0000_mp0d0192p0d0047p0d0036.xml,prism_y0d0300,True,0.02,4.0,1.0,1.0,4.954288038951595,0.05374018365696431,6.0,0.005669800368835465,0.1402694700435373,0.0017785008989475558,0.017044118735223775,0.0,0.003186891827523349,-0.012818094553557719,0.0,0.01917602235967445,0.004697717154899158,0.0035502383157635774,"[0.08263128439284526, 1.3000400626383541, -1.1934317794271463, -0.14548773514971436, 1.4385704440511051, 1.1516368567344175, 0.10389342581421046, 1.489166588256795, 0.9205659349197833]"
prism2,229,/home/humanoid/Programs/hand/results/phase1/run_20260413_pollard_multiscene_500_run2/prism2/generated_mjcf/scene_prism2_tp0d0087p0d0300p0d0000_ip0d0077n0d0234p0d0000_mp0d0136p0d0114p0d0000.xml,prism_y0d0300,True,0.02,4.0,1.0,1.0,2.7851518052225295,0.04856114738436116,4.0,0.013258618048278367,3.081933945350232e-14,0.008663651804597345,0.03,0.0,0.007674482461781696,-0.023444371696119334,0.0,0.013597677390840683,0.011417327075538986,0.0,"[0.08263128439284526, 1.3000400626383541, -1.1934317794271463, -0.14548773514971436, 1.4385704440511051, 1.1516368567344175, 0.10389342581421046, 1.489166588256795, 0.9205659349197833]"
prism2,230,/home/humanoid/Programs/hand/results/phase1/run_20260413_pollard_multiscene_500_run2/prism2/generated_mjcf/scene_prism2_tn0d0007p0d0119p0d0014_ip0d0090n0d0004p0d0000_mp0d0132p0d0081p0d0000.xml,prism_y0d0300,True,0.02,4.0,1.0,1.0,4.4444361717386975,0.04992370362884534,5.0,0.0074315815184720566,0.36602422599587636,-0.0007050571053624031,0.011895647447555467,0.0013904247007412648,0.00896790547894913,-0.00042462582777189235,0.0,0.013245101911400738,0.008085967284082467,0.0,"[0.08263128439284526, 1.3000400626383541, -1.1934317794271463, -0.14548773514971436, 1.4385704440511051, 1.1516368567344175, 0.10389342581421046, 1.489166588256795, 0.9205659349197833]"
prism2,231,/home/humanoid/Programs/hand/results/phase1/run_20260413_pollard_multiscene_500_run2/prism2/generated_mjcf/scene_prism2_tp0d0059p0d0199p0d0000_ip0d0193n0d0034p0d0000_mp0d0003p0d0115p0d0000.xml,prism_y0d0300,True,0.02,4.0,1.0,1.0,4.284710912823801,0.05061543667536245,5.0,0.0057138906096134935,1.3561149371189718,0.005938507318874558,0.01993184206212525,0.0,0.019339198063758577,-0.003368889853459343,0.0,0.0002719119063459754,0.011528792962369609,0.0,"[0.08263128439284526, 1.3000400626383541, -1.1934317794271463, -0.14548773514971436, 1.4385704440511051, 1.1516368567344175, 0.10389342581421046, 1.489166588256795, 0.9205659349197833]"
prism2,232,/home/humanoid/Programs/hand/results/phase1/run_20260413_pollard_multiscene_500_run2/prism2/generated_mjcf/scene_prism2_tp0d0059p0d0233p0d0001_in0d0016n0d0011p0d0000_mp0d0107p0d0137p0d0000.xml,prism_y0d0300,True,0.02,4.0,1.0,1.0,4.736052615669246,0.049682089121529494,6.0,0.006926909623028238,0.6968766301754775,0.005876933990951735,0.023325437825919636,0.00012344175559970104,-0.001607011923027096,-0.0011137859434267924,0.0,0.010658788458287707,0.013659464988546774,0.0,"[0.08263128439284526, 1.3000400626383541, -1.1934317794271463, -0.14548773514971436, 1.4385704440511051, 1.1516368567344175, 0.10389342581421046, 1.489166588256795, 0.9205659349197833]"
prism2,233,/home/humanoid/Programs/hand/results/phase1/run_20260413_pollard_multiscene_500_run2/prism2/generated_mjcf/scene_prism2_tp0d0094p0d0162p0d0016_ip0d0011n0d0230p0d0082_mp0d0011p0d0065p0d0038.xml,prism_y0d0300,True,0.02,4.0,1.0,1.0,4.2435701906653325,0.05109268795972065,5.0,0.0067062581977875985,1.2169526066035317,0.009359930196395066,0.01623345201084577,0.0015625808053520377,0.00113350242596077,-0.023041464841855624,0.008165409870575673,0.0010928609572240285,0.006546084912352737,0.0037641457449223113,"[0.08263128439284526, 1.3000400626383541, -1.1934317794271463, -0.14548773514971436, 1.4385704440511051, 1.1516368567344175, 0.10389342581421046, 1.489166588256795, 0.9205659349197833]"
prism2,234,/home/humanoid/Programs/hand/results/phase1/run_20260413_pollard_multiscene_500_run2/prism2/generated_mjcf/scene_prism2_tn0d0068p0d0267p0d0000_in0d0013n0d0152p0d0088_mp0d0012p0d0034p0d0000.xml,prism_y0d0300,True,0.02,4.0,1.0,1.0,4.052948366254166,0.04949284663397306,4.0,0.00823090992253795,0.11503890197618384,-0.006842359440174668,0.02674095924071578,0.0,-0.0012516321530277128,-0.01519729557625085,0.008807048636422697,0.0012271340009776168,0.0034269346338305414,0.0,"[0.08263128439284526, 1.3000400626383541, -1.1934317794271463, -0.14548773514971436, 1.4385704440511051, 1.1516368567344175, 0.10389342581421046, 1.489166588256795, 0.9205659349197833]"
prism2,235,/home/humanoid/Programs/hand/results/phase1/run_20260413_pollard_multiscene_500_run2/prism2/generated_mjcf/scene_prism2_tn0d0012p0d0185p0d0000_ip0d0150n0d0039p0d0000_mp0d0202p0d0205p0d0000.xml,prism_y0d0300,True,0.02,4.0,1.0,1.0,4.619256881760488,0.05423710844554583,5.0,0.006887424348473726,0.36400514350173285,-0.0012267169129464937,0.018511203439005447,0.0,0.015046761440901129,-0.003860181566608679,0.0,0.0202218044453141,0.02050055310976201,0.0,"[0.08263128439284526, 1.3000400626383541, -1.1934317794271463, -0.14548773514971436, 1.4385704440511051, 1.1516368567344175, 0.10389342581421046, 1.489166588256795, 0.9205659349197833]"
prism2,236,/home/humanoid/Programs/hand/results/phase1/run_20260413_pollard_multiscene_500_run2/prism2/generated_mjcf/scene_prism2_tp0d0106p0d0174p0d0031_ip0d0022n0d0118p0d0000_mp0d0137p0d0106p0d0119.xml,prism_y0d0300,True,0.02,4.0,1.0,1.0,4.380112731711691,0.04929562116640399,5.0,0.00832163134360968,0.535024745048392,0.010570503563294312,0.01742935650204407,0.0030783737719845897,0.0022113929704491346,-0.01179028890874476,0.0,0.013715263425300493,0.010640660788541539,0.011923749986019395,"[0.08263128439284526, 1.3000400626383541, -1.1934317794271463, -0.14548773514971436, 1.4385704440511051, 1.1516368567344175, 0.10389342581421046, 1.489166588256795, 0.9205659349197833]"
prism2,237,/home/humanoid/Programs/hand/results/phase1/run_20260413_pollard_multiscene_500_run2/prism2/generated_mjcf/scene_prism2_tn0d0094p0d0215p0d0000_ip0d0051n0d0037p0d0000_mp0d0001p0d0208p0d0000.xml,prism_y0d0300,True,0.02,4.0,1.0,1.0,4.946233827509859,0.05594029001218144,6.0,0.005794990313545727,0.7308355986359546,-0.009386577061587999,0.021536170750964603,0.0,0.005090603042090099,-0.0036513302603408664,3.0621962382121684e-05,0.0001362800775741909,0.02078669139942211,0.0,"[0.08263128439284526, 1.3000400626383541, -1.1934317794271463, -0.14548773514971436, 1.4385704440511051, 1.1516368567344175, 0.10389342581421046, 1.489166588256795, 0.9205659349197833]"
prism2,238,/home/humanoid/Programs/hand/results/phase1/run_20260413_pollard_multiscene_500_run2/prism2/generated_mjcf/scene_prism2_tn0d0100p0d0196p0d0000_ip0d0120n0d0139p0d0024_mp0d0149p0d0270p0d0014.xml,prism_y0d0300,True,0.02,4.0,1.0,1.0,4.9684163074274394,0.05288526204081122,6.0,0.0057971814108492906,0.32527206840678285,-0.010015544394671703,0.01962936837177262,0.0,0.012010903863657144,-0.013874930609055808,0.002421640382254354,0.014892154831109993,0.027047093881184453,0.0013830002601442452,"[0.08263128439284526, 1.3000400626383541, -1.1934317794271463, -0.14548773514971436, 1.4385704440511051, 1.1516368567344175, 0.10389342581421046, 1.489166588256795, 0.9205659349197833]"
prism2,239,/home/humanoid/Programs/hand/results/phase1/run_20260413_pollard_multiscene_500_run2/prism2/generated_mjcf/scene_prism2_tn0d0014p0d0251p0d0099_in0d0014n0d0234p0d0115_mp0d0111p0d0045p0d0038.xml,prism_y0d0300,True,0.02,4.0,1.0,1.0,4.074678489472616,0.0495486788646229,4.0,0.009442636428427615,0.05325490132779203,-0.0014251822600559235,0.025089114689550506,0.009932616401398968,-0.0014478035283586408,-0.023434549415482668,0.011455759744305048,0.011104205335508101,0.004542639825632416,0.00384895126918975,"[0.08263128439284526, 1.3000400626383541, -1.1934317794271463, -0.14548773514971436, 1.4385704440511051, 1.1516368567344175, 0.10389342581421046, 1.489166588256795, 0.9205659349197833]"
prism2,240,/home/humanoid/Programs/hand/results/phase1/run_20260413_pollard_multiscene_500_run2/prism2/generated_mjcf/scene_prism2_tn0d0097p0d0105p0d0000_ip0d0139n0d0046p0d0085_mp0d0073p0d0268p0d0000.xml,prism_y0d0300,True,0.02,4.0,1.0,1.0,3.941555513263382,0.046862826037204736,4.0,0.0130862303981827,0.05861586328120916,-0.009683335844336121,0.010547451260416061,0.0,0.013928861329337636,-0.004617107265739084,0.008492867289802312,0.0072826999018936085,0.026824365469868522,0.0,"[0.08263128439284526, 1.3000400626383541, -1.1934317794271463, -0.14548773514971436, 1.4385704440511051, 1.1516368567344175, 0.10389342581421046, 1.489166588256795, 0.9205659349197833]"
prism2,241,/home/humanoid/Programs/hand/results/phase1/run_20260413_pollard_multiscene_500_run2/prism2/generated_mjcf/scene_prism2_tp0d0041p0d0136p0d0050_ip0d0093n0d0236p0d0000_mp0d0051p0d0056p0d0045.xml,prism_y0d0300,True,0.02,4.0,1.0,1.0,4.45769833340727,0.05399680469030033,5.0,0.005900173605508143,0.5368224362405919,0.0040971277273271905,0.013559094872586892,0.0049975779635624,0.00926415941715049,-0.023572964220321315,0.0,0.0051016658072987634,0.005637990037219874,0.004513815243508565,"[0.08263128439284526, 1.3000400626383541, -1.1934317794271463, -0.14548773514971436, 1.4385704440511051, 1.1516368567344175, 0.10389342581421046, 1.489166588256795, 0.9205659349197833]"
prism2,242,/home/humanoid/Programs/hand/results/phase1/run_20260413_pollard_multiscene_500_run2/prism2/generated_mjcf/scene_prism2_tn0d0009p0d0235p0d0040_in0d0009n0d0143p0d0044_mp0d0197p0d0260p0d0000.xml,prism_y0d0300,True,0.02,4.0,1.0,1.0,4.944484757996037,0.051389696996559195,6.0,0.006633117428138556,0.14084840083415803,-0.0009419216668431589,0.0234563829052057,0.003998428193652388,-0.0008600754512623002,-0.0143499624967743,0.0043891962311728185,0.019674774011803155,0.026003968495236028,0.0,"[0.08263128439284526, 1.3000400626383541, -1.1934317794271463, -0.14548773514971436, 1.4385704440511051, 1.1516368567344175, 0.10389342581421046, 1.489166588256795, 0.9205659349197833]"
prism2,243,/home/humanoid/Programs/hand/results/phase1/run_20260413_pollard_multiscene_500_run2/prism2/generated_mjcf/scene_prism2_tp0d0018p0d0300p0d0000_ip0d0214n0d0134p0d0084_mp0d0020p0d0258p0d0066.xml,prism_y0d0300,True,0.02,4.0,1.0,1.0,3.689362297493342,0.0487728088226651,4.0,0.008165740772529234,1.7274449408362584,0.0018323263906544832,0.03,0.0,0.02142851497409419,-0.01338505726791449,0.008384359098383674,0.002027946052017301,0.025760241751164238,0.0065869486941198575,"[0.08263128439284526, 1.3000400626383541, -1.1934317794271463, -0.14548773514971436, 1.4385704440511051, 1.1516368567344175, 0.10389342581421046, 1.489166588256795, 0.9205659349197833]"
prism2,244,/home/humanoid/Programs/hand/results/phase1/run_20260413_pollard_multiscene_500_run2/prism2/generated_mjcf/scene_prism2_tp0d0037p0d0122p0d0000_ip0d0121n0d0147p0d0094_mp0d0112p0d0054p0d0090.xml,prism_y0d0300,True,0.02,4.0,1.0,1.0,4.449344733665571,0.048082147796441266,5.0,0.005639920891928223,0.03612464313222506,0.003670300442267238,0.012153499062564917,0.0,0.012056547044241235,-0.014653213065510083,0.009428885664088973,0.011218889531032318,0.005437278898803643,0.009008074998322603,"[0.08263128439284526, 1.3000400626383541, -1.1934317794271463, -0.14548773514971436, 1.4385704440511051, 1.1516368567344175, 0.10389342581421046, 1.489166588256795, 0.9205659349197833]"
prism2,245,/home/humanoid/Programs/hand/results/phase1/run_20260413_pollard_multiscene_500_run2/prism2/generated_mjcf/scene_prism2_tn0d0045p0d0121p0d0034_ip0d0174n0d0173p0d0000_mp0d0212p0d0139p0d0000.xml,prism_y0d0300,True,0.02,4.0,1.0,1.0,4.969836778734077,0.05257476198936818,6.0,0.005978980212001998,0.1417954641606981,-0.004528621663971532,0.012117700999274032,0.0034291248847927273,0.01739136599231956,-0.017332691788016226,0.0,0.0212315535462329,0.013907077695475889,0.0,"[0.08263128439284526, 1.3000400626383541, -1.1934317794271463, -0.14548773514971436, 1.4385704440511051, 1.1516368567344175, 0.10389342581421046, 1.489166588256795, 0.9205659349197833]"
prism2,246,/home/humanoid/Programs/hand/results/phase1/run_20260413_pollard_multiscene_500_run2/prism2/generated_mjcf/scene_prism2_tp0d0012p0d0250p0d0034_in0d0012n0d0017p0d0000_mp0d0149p0d0177p0d0000.xml,prism_y0d0300,True,0.02,4.0,1.0,1.0,4.814950306504013,0.049487526688218014,6.0,0.007134449044925762,0.37028500231602945,0.0012101250122180784,0.02496992892325642,0.0034375336049794307,-0.001203292251601781,-0.0017480540872589299,0.0,0.014901303193678607,0.0176678851782694,0.0,"[0.08263128439284526, 1.3000400626383541, -1.1934317794271463, -0.14548773514971436, 1.4385704440511051, 1.1516368567344175, 0.10389342581421046, 1.489166588256795, 0.9205659349197833]"
prism2,247,/home/humanoid/Programs/hand/results/phase1/run_20260413_pollard_multiscene_500_run2/prism2/generated_mjcf/scene_prism2_tp0d0119p0d0269p0d0041_ip0d0045n0d0197p0d0000_mp0d0114p0d0084p0d0000.xml,prism_y0d0300,True,0.02,4.0,1.0,1.0,3.8235304930827336,0.04954799790384691,4.0,0.010398652790424042,1.240119849758047,0.011873789448722787,0.02689082524371258,0.004145387045152844,0.0044727054903854375,-0.019704682888720113,0.0,0.011383286691889392,0.008366425886166713,0.0,"[0.08263128439284526, 1.3000400626383541, -1.1934317794271463, -0.14548773514971436, 1.4385704440511051, 1.1516368567344175, 0.10389342581421046, 1.489166588256795, 0.9205659349197833]"
prism2,248,/home/humanoid/Programs/hand/results/phase1/run_20260413_pollard_multiscene_500_run2/prism2/generated_mjcf/scene_prism2_tp0d0063p0d0226p0d0000_ip0d0002n0d0169p0d0000_mp0d0111p0d0134p0d0000.xml,prism_y0d0300,True,0.02,4.0,1.0,1.0,4.25171455802463,0.05123488361613204,5.0,0.005775425239908792,1.2700352601569516,0.00626516238663433,0.02255765916802214,0.0,0.0002281577052011246,-0.016903768045336977,0.0,0.011086386382717419,0.013437684407545863,0.0,"[0.08263128439284526, 1.3000400626383541, -1.1934317794271463, -0.14548773514971436, 1.4385704440511051, 1.1516368567344175, 0.10389342581421046, 1.489166588256795, 0.9205659349197833]"
prism2,249,/home/humanoid/Programs/hand/results/phase1/run_20260413_pollard_multiscene_500_run2/prism2/generated_mjcf/scene_prism2_tn0d0027p0d0178p0d0000_ip0d0059n0d0061p0d0007_mn0d0017p0d0132p0d0000.xml,prism_y0d0300,True,0.02,4.0,1.0,1.0,4.448134952322563,0.04989699691561765,5.0,0.00564263703355107,0.4842574625664825,-0.0027271212917241126,0.017791811356062115,0.0,0.005851197812612485,-0.006067555870810265,0.0007001297377480752,-0.001728987071853835,0.013155750839536167,0.0,"[0.08263128439284526, 1.3000400626383541, -1.1934317794271463, -0.14548773514971436, 1.4385704440511051, 1.1516368567344175, 0.10389342581421046, 1.489166588256795, 0.9205659349197833]"
prism2,250,/home/humanoid/Programs/hand/results/phase1/run_20260413_pollard_multiscene_500_run2/prism2/generated_mjcf/scene_prism2_tp0d0023p0d0281p0d0058_ip0d0010n0d0123p0d0000_mp0d0086p0d0122p0d0045.xml,prism_y0d0300,True,0.02,4.0,1.0,1.0,3.8748859842011605,0.05107140630023478,4.0,0.009045419803247598,1.1442733546169814,0.0022906939710439344,0.028145105487248016,0.005840805083924282,0.0009521715037869721,-0.012287952266811692,0.0,0.008550085922758204,0.012157418500970765,0.004480712380297534,"[0.08263128439284526, 1.3000400626383541, -1.1934317794271463, -0.14548773514971436, 1.4385704440511051, 1.1516368567344175, 0.10389342581421046, 1.489166588256795, 0.9205659349197833]"
prism2,251,/home/humanoid/Programs/hand/results/phase1/run_20260413_pollard_multiscene_500_run2/prism2/generated_mjcf/scene_prism2_tn0d0091p0d0092p0d0034_ip0d0028n0d0157p0d0101_mp0d0014p0d0237p0d0000.xml,prism_y0d0300,True,0.02,4.0,1.0,1.0,3.971258056579548,0.04845096746301623,4.0,0.012758038993162343,0.24927774080292903,-0.00907948699181936,0.009197356063655219,0.0034433989733793375,0.002812858527800891,-0.01569261011506301,0.01012942948307732,0.0014055497152433722,0.023694967517092685,0.0,"[0.08263128439284526, 1.3000400626383541, -1.1934317794271463, -0.14548773514971436, 1.4385704440511051, 1.1516368567344175, 0.10389342581421046, 1.489166588256795, 0.9205659349197833]"
prism2,252,/home/humanoid/Programs/hand/results/phase1/run_20260413_pollard_multiscene_500_run2/prism2/generated_mjcf/scene_prism2_tn0d0074p0d0300p0d0026_ip0d0033n0d0060p0d0000_mp0d0108p0d0119p0d0000.xml,prism_y0d0300,True,0.02,4.0,1.0,1.0,4.614943524615462,0.05543719116237753,5.0,0.006486031691604656,0.4189969452442356,-0.007398159794487176,0.03,0.002583933856100673,0.0033336936479035455,-0.005978032145131569,0.0,0.010774200359585784,0.011857555922792454,0.0,"[0.08263128439284526, 1.3000400626383541, -1.1934317794271463, -0.14548773514971436, 1.4385704440511051, 1.1516368567344175, 0.10389342581421046, 1.489166588256795, 0.9205659349197833]"
prism2,254,/home/humanoid/Programs/hand/results/phase1/run_20260413_pollard_multiscene_500_run2/prism2/generated_mjcf/scene_prism2_tn0d0073p0d0242p0d0000_ip0d0117n0d0058p0d0016_mp0d0219p0d0175p0d0000.xml,prism_y0d0300,True,0.02,4.0,1.0,1.0,4.469819496919545,0.04959317358307069,5.0,0.0055965215761333035,0.271173907185469,-0.0072830278711218015,0.024233399005324837,0.0,0.01173289864241775,-0.005816682189977438,0.0015985477456331616,0.02187070698869189,0.017479901290416364,0.0,"[0.08263128439284526, 1.3000400626383541, -1.1934317794271463, -0.14548773514971436, 1.4385704440511051, 1.1516368567344175, 0.10389342581421046, 1.489166588256795, 0.9205659349197833]"
prism2,255,/home/humanoid/Programs/hand/results/phase1/run_20260413_pollard_multiscene_500_run2/prism2/generated_mjcf/scene_prism2_tn0d0049p0d0232p0d0053_ip0d0078n0d0015p0d0045_mp0d0126p0d0103p0d0116.xml,prism_y0d0300,True,0.02,4.0,1.0,1.0,4.05833616052947,0.04962392551225314,4.0,0.005706835460267408,0.36344772436325823,-0.0048957756328571024,0.023204282559035286,0.005285964347256648,0.007791052812038457,-0.0014875992639632445,0.004507628719607793,0.01263096632514772,0.010252368200474794,0.011605232571004556,"[0.08263128439284526, 1.3000400626383541, -1.1934317794271463, -0.14548773514971436, 1.4385704440511051, 1.1516368567344175, 0.10389342581421046, 1.489166588256795, 0.9205659349197833]"
prism2,256,/home/humanoid/Programs/hand/results/phase1/run_20260413_pollard_multiscene_500_run2/prism2/generated_mjcf/scene_prism2_tn0d0062p0d0198p0d0000_ip0d0093n0d0156p0d0051_mp0d0176p0d0066p0d0000.xml,prism_y0d0300,True,0.02,4.0,1.0,1.0,4.5873287156286455,0.054344795957279105,5.0,0.005993110316203722,0.49504176914178866,-0.00617936078977491,0.019845889106613626,0.0,0.009283838582036968,-0.01564231250230316,0.005108479275818825,0.01755878893107922,0.006553664356555156,0.0,"[0.08263128439284526, 1.3000400626383541, -1.1934317794271463, -0.14548773514971436, 1.4385704440511051, 1.1516368567344175, 0.10389342581421046, 1.489166588256795, 0.9205659349197833]"
prism2,257,/home/humanoid/Programs/hand/results/phase1/run_20260413_pollard_multiscene_500_run2/prism2/generated_mjcf/scene_prism2_tn0d0013p0d0300p0d0040_ip0d0126n0d0136p0d0071_mn0d0004p0d0181p0d0075.xml,prism_y0d0300,True,0.02,4.0,1.0,1.0,4.464807132324644,0.05019462991763869,5.0,0.0073770345199072095,0.3468525047625343,-0.0013310279746045726,0.03,0.004007304669342297,0.01263270996685188,-0.013573404996832647,0.007133344311976011,-0.0004286670847191455,0.018119654315755226,0.007547655475809524,"[0.08263128439284526, 1.3000400626383541, -1.1934317794271463, -0.14548773514971436, 1.4385704440511051, 1.1516368567344175, 0.10389342581421046, 1.489166588256795, 0.9205659349197833]"
prism2,258,/home/humanoid/Programs/hand/results/phase1/run_20260413_pollard_multiscene_500_run2/prism2/generated_mjcf/scene_prism2_tn0d0033p0d0188p0d0000_ip0d0089n0d0085p0d0000_mn0d0010p0d0158p0d0000.xml,prism_y0d0300,True,0.02,4.0,1.0,1.0,4.522759152108805,0.04993062883128113,5.0,0.005628065382058049,0.06468511113901197,-0.003284192562390034,0.018810799604056093,0.0,0.008948602806368519,-0.008508505563111826,0.0,-0.0009937541860331883,0.015830482276668337,0.0,"[0.08263128439284526, 1.3000400626383541, -1.1934317794271463, -0.14548773514971436, 1.4385704440511051, 1.1516368567344175, 0.10389342581421046, 1.489166588256795, 0.9205659349197833]"
prism2,259,/home/humanoid/Programs/hand/results/phase1/run_20260413_pollard_multiscene_500_run2/prism2/generated_mjcf/scene_prism2_tn0d0066p0d0185p0d0013_ip0d0158n0d0195p0d0088_mp0d0183p0d0172p0d0000.xml,prism_y0d0300,True,0.02,4.0,1.0,1.0,4.084921437989772,0.0492946159073718,5.0,0.005685482498733109,2.3961000759553444,-0.0066485374175960146,0.018518010205694397,0.0012982978667973911,0.015818160059360285,-0.019498654578332945,0.008823394787387792,0.01834265960575579,0.01719139738609474,0.0,"[0.08263128439284526, 1.3000400626383541, -1.1934317794271463, -0.14548773514971436, 1.4385704440511051, 1.1516368567344175, 0.10389342581421046, 1.489166588256795, 0.9205659349197833]"
prism2,260,/home/humanoid/Programs/hand/results/phase1/run_20260413_pollard_multiscene_500_run2/prism2/generated_mjcf/scene_prism2_tn0d0016p0d0096p0d0112_ip0d0017n0d0032p0d0006_mp0d0056p0d0052p0d0016.xml,prism_y0d0300,True,0.02,4.0,1.0,1.0,4.423687048928485,0.0495102731790571,5.0,0.00769964573614685,0.31057337465704127,-0.0015968470266755248,0.00957306995643702,0.011202290221894236,0.001675734744234568,-0.0032206306161261574,0.0006071599036956091,0.00558793585213605,0.005223797450431731,0.0015580406341598792,"[0.08263128439284526, 1.3000400626383541, -1.1934317794271463, -0.14548773514971436, 1.4385704440511051, 1.1516368567344175, 0.10389342581421046, 1.489166588256795, 0.9205659349197833]"
prism2,261,/home/humanoid/Programs/hand/results/phase1/run_20260413_pollard_multiscene_500_run2/prism2/generated_mjcf/scene_prism2_tn0d0026p0d0108p0d0000_ip0d0093n0d0210p0d0000_mp0d0215p0d0203p0d0054.xml,prism_y0d0300,True,0.02,4.0,1.0,1.0,4.483106741702582,0.049908096259939,5.0,0.007731183182819755,0.17603061039526358,-0.002559148442306267,0.010844582132139265,0.0,0.009274960074603024,-0.02103734073064305,0.0,0.021537173868519506,0.02026458374004725,0.005359570246667743,"[0.08263128439284526, 1.3000400626383541, -1.1934317794271463, -0.14548773514971436, 1.4385704440511051, 1.1516368567344175, 0.10389342581421046, 1.489166588256795, 0.9205659349197833]"
prism2,262,/home/humanoid/Programs/hand/results/phase1/run_20260413_pollard_multiscene_500_run2/prism2/generated_mjcf/scene_prism2_tp0d0114p0d0124p0d0096_in0d0000n0d0080p0d0000_mp0d0182p0d0250p0d0006.xml,prism_y0d0300,True,0.02,4.0,1.0,1.0,4.337424852999188,0.04748682235084692,5.0,0.008733568881918846,0.3073415080733305,0.011434726863572546,0.012431631671534318,0.009574165085641077,-3.2197229452727086e-05,-0.008030768084860739,0.0,0.01818011496386108,0.025010610894033593,0.0006060223705221992,"[0.08263128439284526, 1.3000400626383541, -1.1934317794271463, -0.14548773514971436, 1.4385704440511051, 1.1516368567344175, 0.10389342581421046, 1.489166588256795, 0.9205659349197833]"
prism2,263,/home/humanoid/Programs/hand/results/phase1/run_20260413_pollard_multiscene_500_run2/prism2/generated_mjcf/scene_prism2_tn0d0026p0d0166p0d0106_ip0d0186n0d0034p0d0042_mn0d0016p0d0137p0d0101.xml,prism_y0d0300,True,0.02,4.0,1.0,1.0,4.1235409380797545,0.04985570840103326,5.0,0.005946827314165601,2.3747905596106884,-0.002617680223593528,0.01656557626298818,0.010573775539080708,0.018619421669964137,-0.0033545673340663,0.004216081429168201,-0.0015522505578777837,0.01372870559258928,0.010117600342834106,"[0.08263128439284526, 1.3000400626383541, -1.1934317794271463, -0.14548773514971436, 1.4385704440511051, 1.1516368567344175, 0.10389342581421046, 1.489166588256795, 0.9205659349197833]"
prism2,264,/home/humanoid/Programs/hand/results/phase1/run_20260413_pollard_multiscene_500_run2/prism2/generated_mjcf/scene_prism2_tn0d0098p0d0167p0d0098_ip0d0048n0d0056p0d0000_mp0d0081p0d0076p0d0092.xml,prism_y0d0300,True,0.02,4.0,1.0,1.0,4.94691172348406,0.05213510460709328,6.0,0.006012447193886925,0.16143726047173668,-0.0098174312859883,0.016710597855835244,0.009785136624631905,0.0047505379522936875,-0.00558731996764574,0.0,0.008118077130715488,0.007604253555346375,0.009153488997293208,"[0.08263128439284526, 1.3000400626383541, -1.1934317794271463, -0.14548773514971436, 1.4385704440511051, 1.1516368567344175, 0.10389342581421046, 1.489166588256795, 0.9205659349197833]"
prism2,265,/home/humanoid/Programs/hand/results/phase1/run_20260413_pollard_multiscene_500_run2/prism2/generated_mjcf/scene_prism2_tp0d0104p0d0234p0d0093_ip0d0069n0d0004p0d0081_mp0d0154p0d0049p0d0096.xml,prism_y0d0300,True,0.02,4.0,1.0,1.0,4.481103666371166,0.05011326834445026,5.0,0.005764358771784417,0.35002457598418024,0.010405971119882437,0.023402318434891774,0.009318597065959895,0.006870174315362881,-0.0003758602573515988,0.008054351980537874,0.01539809898290241,0.004941483542359303,0.009625898391971525,"[0.08263128439284526, 1.3000400626383541, -1.1934317794271463, -0.14548773514971436, 1.4385704440511051, 1.1516368567344175, 0.10389342581421046, 1.489166588256795, 0.9205659349197833]"
prism2,266,/home/humanoid/Programs/hand/results/phase1/run_20260413_pollard_multiscene_500_run2/prism2/generated_mjcf/scene_prism2_tp0d0080p0d0162p0d0000_in0d0002n0d0171p0d0000_mp0d0071p0d0218p0d0095.xml,prism_y0d0300,True,0.02,4.0,1.0,1.0,3.3527943613448663,0.04943634493015073,4.0,0.008287375674113551,4.73759193125167,0.008007112781741085,0.016238264649913087,0.0,-0.00016892381827874302,-0.01712363596371593,0.0,0.0070856367373131526,0.021809635629245268,0.009472099338838351,"[0.08263128439284526, 1.3000400626383541, -1.1934317794271463, -0.14548773514971436, 1.4385704440511051, 1.1516368567344175, 0.10389342581421046, 1.489166588256795, 0.9205659349197833]"
prism2,267,/home/humanoid/Programs/hand/results/phase1/run_20260413_pollard_multiscene_500_run2/prism2/generated_mjcf/scene_prism2_tn0d0019p0d0119p0d0097_ip0d0014n0d0097p0d0004_mp0d0076p0d0068p0d0027.xml,prism_y0d0300,True,0.02,4.0,1.0,1.0,4.873858144015598,0.04973479973564815,6.0,0.007349383195583052,0.2104800543482207,-0.0019033786639038597,0.011918802303719365,0.009742141364256777,0.001446421396381646,-0.009701845637100453,0.0004247947514453253,0.007597777885475282,0.006785559441029652,0.0026801896733662112,"[0.08263128439284526, 1.3000400626383541, -1.1934317794271463, -0.14548773514971436, 1.4385704440511051, 1.1516368567344175, 0.10389342581421046, 1.489166588256795, 0.9205659349197833]"
prism2,268,/home/humanoid/Programs/hand/results/phase1/run_20260413_pollard_multiscene_500_run2/prism2/generated_mjcf/scene_prism2_tp0d0102p0d0138p0d0107_ip0d0106n0d0072p0d0004_mp0d0019p0d0053p0d0000.xml,prism_y0d0300,True,0.02,4.0,1.0,1.0,4.524052472939851,0.04972149418158217,5.0,0.005761351229277651,0.01243722451015641,0.010192050973665118,0.013796870560345172,0.01073217435091527,0.010556599209052135,-0.0072346864002176565,0.00041095213145756447,0.001934188977885925,0.0052613143908337,0.0,"[0.08263128439284526, 1.3000400626383541, -1.1934317794271463, -0.14548773514971436, 1.4385704440511051, 1.1516368567344175, 0.10389342581421046, 1.489166588256795, 0.9205659349197833]"
prism2,269,/home/humanoid/Programs/hand/results/phase1/run_20260413_pollard_multiscene_500_run2/prism2/generated_mjcf/scene_prism2_tn0d0109p0d0188p0d0000_ip0d0152n0d0147p0d0000_mp0d0012p0d0206p0d0000.xml,prism_y0d0300,True,0.02,4.0,1.0,1.0,4.450114142386683,0.049815159818938755,5.0,0.005648399491386141,0.42283202811265225,-0.010892479043909305,0.018761057623916402,0.0,0.015191856500809777,-0.0146572238066505,0.0,0.0012429278075790622,0.02056014077460063,0.0,"[0.08263128439284526, 1.3000400626383541, -1.1934317794271463, -0.14548773514971436, 1.4385704440511051, 1.1516368567344175, 0.10389342581421046, 1.489166588256795, 0.9205659349197833]"
prism2,270,/home/humanoid/Programs/hand/results/phase1/run_20260413_pollard_multiscene_500_run2/prism2/generated_mjcf/scene_prism2_tp0d0063p0d0244p0d0034_in0d0017n0d0047p0d0028_mp0d0126p0d0234p0d0000.xml,prism_y0d0300,True,0.02,4.0,1.0,1.0,4.380526552762282,0.04945349365849713,5.0,0.007486691187110363,0.4972003244947505,0.006326404225126845,0.024413539928309608,0.0034358131538734186,-0.0016652041607701385,-0.004704614173634861,0.002849669393877664,0.012557523978918841,0.023357815300913888,0.0,"[0.08263128439284526, 1.3000400626383541, -1.1934317794271463, -0.14548773514971436, 1.4385704440511051, 1.1516368567344175, 0.10389342581421046, 1.489166588256795, 0.9205659349197833]"
prism2,271,/home/humanoid/Programs/hand/results/phase1/run_20260413_pollard_multiscene_500_run2/prism2/generated_mjcf/scene_prism2_tp0d0022p0d0300p0d0079_ip0d0201n0d0117p0d0000_mp0d0139p0d0232p0d0000.xml,prism_y0d0300,True,0.02,4.0,1.0,1.0,4.582372636130968,0.05381408909682667,5.0,0.006436905226955401,0.22600137839728335,0.002245291327922347,0.03,0.007914847084908486,0.020077243035357552,-0.01173371425264643,0.0,0.013901697245508137,0.023176085596049063,0.0,"[0.08263128439284526, 1.3000400626383541, -1.1934317794271463, -0.14548773514971436, 1.4385704440511051, 1.1516368567344175, 0.10389342581421046, 1.489166588256795, 0.9205659349197833]"
prism2,272,/home/humanoid/Programs/hand/results/phase1/run_20260413_pollard_multiscene_500_run2/prism2/generated_mjcf/scene_prism2_tn0d0009p0d0148p0d0000_ip0d0185n0d0080p0d0009_mp0d0179p0d0092p0d0042.xml,prism_y0d0300,True,0.02,4.0,1.0,1.0,4.866500552799107,0.05236191786077926,6.0,0.005660017612778997,0.6959108329381767,-0.0009488846215536303,0.014802931966176474,0.0,0.01846619001000817,-0.008015341938986174,0.0008936013470664285,0.01788502974286396,0.009203218882619397,0.0041798237366650025,"[0.08263128439284526, 1.3000400626383541, -1.1934317794271463, -0.14548773514971436, 1.4385704440511051, 1.1516368567344175, 0.10389342581421046, 1.489166588256795, 0.9205659349197833]"
prism2,273,/home/humanoid/Programs/hand/results/phase1/run_20260413_pollard_multiscene_500_run2/prism2/generated_mjcf/scene_prism2_tp0d0108p0d0274p0d0048_ip0d0186n0d0162p0d0000_mn0d0018p0d0200p0d0087.xml,prism_y0d0300,True,0.02,4.0,1.0,1.0,4.020954181459335,0.051373359374840125,4.0,0.0066702112257522594,0.3474941502737814,0.010793172744159973,0.027385637090943743,0.004834036143599344,0.01858721372341072,-0.016209668619703015,0.0,-0.001767901577034518,0.0199563224460901,0.00869297932588134,"[0.08263128439284526, 1.3000400626383541, -1.1934317794271463, -0.14548773514971436, 1.4385704440511051, 1.1516368567344175, 0.10389342581421046, 1.489166588256795, 0.9205659349197833]"
prism2,274,/home/humanoid/Programs/hand/results/phase1/run_20260413_pollard_multiscene_500_run2/prism2/generated_mjcf/scene_prism2_tn0d0019p0d0292p0d0078_ip0d0164n0d0156p0d0069_mp0d0127p0d0262p0d0000.xml,prism_y0d0300,True,0.02,4.0,1.0,1.0,4.542109706982658,0.05115314428913152,5.0,0.006847199815513048,0.10308884724867233,-0.001916376052160879,0.029220051372745175,0.007795485310387259,0.016412015641354603,-0.015575520612575037,0.006911623253098489,0.012731054858623922,0.026173867771679467,0.0,"[0.08263128439284526, 1.3000400626383541, -1.1934317794271463, -0.14548773514971436, 1.4385704440511051, 1.1516368567344175, 0.10389342581421046, 1.489166588256795, 0.9205659349197833]"
prism2,275,/home/humanoid/Programs/hand/results/phase1/run_20260413_pollard_multiscene_500_run2/prism2/generated_mjcf/scene_prism2_tp0d0071p0d0185p0d0000_in0d0012n0d0020p0d0000_mp0d0187p0d0125p0d0095.xml,prism_y0d0300,True,0.02,4.0,1.0,1.0,4.031980631338882,0.049734853787001085,4.0,0.00806431075388808,0.3621911777095943,0.007096762773567841,0.018535196712838996,0.0,-0.0012487005109433433,-0.0020060342785642327,0.0,0.018711648686793855,0.012456268016773565,0.009485944431065776,"[0.08263128439284526, 1.3000400626383541, -1.1934317794271463, -0.14548773514971436, 1.4385704440511051, 1.1516368567344175, 0.10389342581421046, 1.489166588256795, 0.9205659349197833]"
prism2,276,/home/humanoid/Programs/hand/results/phase1/run_20260413_pollard_multiscene_500_run2/prism2/generated_mjcf/scene_prism2_tn0d0045p0d0240p0d0000_ip0d0060n0d0088p0d0066_mp0d0014p0d0053p0d0000.xml,prism_y0d0300,True,0.02,4.0,1.0,1.0,4.899581628809658,0.05011146787515211,6.0,0.007227830558117769,0.10454221435458398,-0.004471530539230569,0.02395252102903216,0.0,0.006041774072952371,-0.008778636947116529,0.006612827788071422,0.0013904042544706126,0.005326566761932524,0.0,"[0.08263128439284526, 1.3000400626383541, -1.1934317794271463, -0.14548773514971436, 1.4385704440511051, 1.1516368567344175, 0.10389342581421046, 1.489166588256795, 0.9205659349197833]"
prism2,277,/home/humanoid/Programs/hand/results/phase1/run_20260413_pollard_multiscene_500_run2/prism2/generated_mjcf/scene_prism2_tn0d0085p0d0138p0d0102_ip0d0198n0d0095p0d0098_mp0d0050p0d0056p0d0000.xml,prism_y0d0300,True,0.02,4.0,1.0,1.0,5.013259576719077,0.053956132136055796,6.0,0.006051166485884298,0.2017208912197705,-0.00849020040187634,0.013832043402543716,0.010161341910743568,0.019754372950554135,-0.009469899963966253,0.009754122039431785,0.005023702370497475,0.005560181100361002,0.0,"[0.08263128439284526, 1.3000400626383541, -1.1934317794271463, -0.14548773514971436, 1.4385704440511051, 1.1516368567344175, 0.10389342581421046, 1.489166588256795, 0.9205659349197833]"
prism2,279,/home/humanoid/Programs/hand/results/phase1/run_20260413_pollard_multiscene_500_run2/prism2/generated_mjcf/scene_prism2_tp0d0107p0d0203p0d0035_in0d0017n0d0210p0d0076_mn0d0006p0d0043p0d0000.xml,prism_y0d0300,True,0.02,4.0,1.0,1.0,4.3328832636442876,0.04941374083202463,5.0,0.008022502968702416,0.44895463287569143,0.010680652573989403,0.02028025196755389,0.0034878590242971314,-0.001651941370340004,-0.021006328028755378,0.007617746444018626,-0.0006043381044495855,0.004307480844639333,0.0,"[0.08263128439284526, 1.3000400626383541, -1.1934317794271463, -0.14548773514971436, 1.4385704440511051, 1.1516368567344175, 0.10389342581421046, 1.489166588256795, 0.9205659349197833]"
prism2,280,/home/humanoid/Programs/hand/results/phase1/run_20260413_pollard_multiscene_500_run2/prism2/generated_mjcf/scene_prism2_tn0d0078p0d0260p0d0040_ip0d0170n0d0060p0d0000_mp0d0039p0d0256p0d0009.xml,prism_y0d0300,True,0.02,4.0,1.0,1.0,4.0698465297291255,0.0503176718690229,4.0,0.005739968307084379,0.4218315880208566,-0.007815997886244007,0.026014632824952713,0.003963593641860802,0.01697867174625963,-0.006016436256747587,0.0,0.0039335958645995905,0.025588962022507003,0.0008507281091946969,"[0.08263128439284526, 1.3000400626383541, -1.1934317794271463, -0.14548773514971436, 1.4385704440511051, 1.1516368567344175, 0.10389342581421046, 1.489166588256795, 0.9205659349197833]"
prism2,281,/home/humanoid/Programs/hand/results/phase1/run_20260413_pollard_multiscene_500_run2/prism2/generated_mjcf/scene_prism2_tp0d0049p0d0300p0d0102_ip0d0202n0d0145p0d0009_mn0d0004p0d0044p0d0008.xml,prism_y0d0300,True,0.02,4.0,1.0,1.0,4.883932155518425,0.04958744596062495,6.0,0.007890567567388967,0.10897527829525516,0.0048956966144989775,0.03,0.01024569696703537,0.02024412345182712,-0.01445113637154469,0.0008572589896428326,-0.00038753717582618377,0.004445373004833839,0.0008281454690186804,"[0.08263128439284526, 1.3000400626383541, -1.1934317794271463, -0.14548773514971436, 1.4385704440511051, 1.1516368567344175, 0.10389342581421046, 1.489166588256795, 0.9205659349197833]"
prism2,282,/home/humanoid/Programs/hand/results/phase1/run_20260413_pollard_multiscene_500_run2/prism2/generated_mjcf/scene_prism2_tn0d0065p0d0165p0d0000_ip0d0092n0d0020p0d0000_mn0d0000p0d0262p0d0033.xml,prism_y0d0300,True,0.02,4.0,1.0,1.0,2.780641441717148,0.04385253187498797,4.0,0.008859017573126743,0.000707107122064008,-0.0064790503642382325,0.016456295363345405,0.0,0.009204583455362582,-0.0020444669577706093,0.0,-4.283315304138592e-05,0.02617827396598007,0.003291006560961051,"[0.08263128439284526, 1.3000400626383541, -1.1934317794271463, -0.14548773514971436, 1.4385704440511051, 1.1516368567344175, 0.10389342581421046, 1.489166588256795, 0.9205659349197833]"
prism2,283,/home/humanoid/Programs/hand/results/phase1/run_20260413_pollard_multiscene_500_run2/prism2/generated_mjcf/scene_prism2_tn0d0031p0d0201p0d0000_ip0d0055n0d0234p0d0000_mp0d0094p0d0053p0d0000.xml,prism_y0d0300,True,0.02,4.0,1.0,1.0,3.995934981980178,0.04975684043117164,4.0,0.010678833511194509,0.43726085901754513,-0.0031127119824599214,0.02006981702162479,0.0,0.005466174877173833,-0.02337288165376357,0.0,0.009384004791361464,0.005280066378183639,0.0,"[0.08263128439284526, 1.3000400626383541, -1.1934317794271463, -0.14548773514971436, 1.4385704440511051, 1.1516368567344175, 0.10389342581421046, 1.489166588256795, 0.9205659349197833]"
prism2,284,/home/humanoid/Programs/hand/results/phase1/run_20260413_pollard_multiscene_500_run2/prism2/generated_mjcf/scene_prism2_tp0d0022p0d0287p0d0000_ip0d0067n0d0176p0d0000_mp0d0210p0d0137p0d0074.xml,prism_y0d0300,True,0.02,4.0,1.0,1.0,3.8649988259205523,0.04977982948702708,4.0,0.012156668761647548,1.1803099521034042,0.002212310947044818,0.02869211517064582,0.0,0.006708244949966628,-0.01764560311344707,0.0,0.021043563899319072,0.01369403107788724,0.007426207120405568,"[0.08263128439284526, 1.3000400626383541, -1.1934317794271463, -0.14548773514971436, 1.4385704440511051, 1.1516368567344175, 0.10389342581421046, 1.489166588256795, 0.9205659349197833]"
prism2,285,/home/humanoid/Programs/hand/results/phase1/run_20260413_pollard_multiscene_500_run2/prism2/generated_mjcf/scene_prism2_tn0d0084p0d0191p0d0000_ip0d0129n0d0082p0d0000_mp0d0028p0d0260p0d0000.xml,prism_y0d0300,True,0.02,4.0,1.0,1.0,4.422993680703694,0.05123831532000274,5.0,0.005798746761480177,0.49940554736352993,-0.008405726046085821,0.019073435037175346,0.0,0.012935896814125858,-0.00815431003527776,0.0,0.0027588733677943976,0.025973744589380045,0.0,"[0.08263128439284526, 1.3000400626383541, -1.1934317794271463, -0.14548773514971436, 1.4385704440511051, 1.1516368567344175, 0.10389342581421046, 1.489166588256795, 0.9205659349197833]"
prism2,286,/home/humanoid/Programs/hand/results/phase1/run_20260413_pollard_multiscene_500_run2/prism2/generated_mjcf/scene_prism2_tn0d0090p0d0210p0d0000_ip0d0172n0d0077p0d0024_mn0d0016p0d0134p0d0013.xml,prism_y0d0300,True,0.02,4.0,1.0,1.0,5.016260430344272,0.05462155634602189,6.0,0.005849807091219572,0.28208428790392115,-0.009001236509937414,0.02100112448579263,0.0,0.01721810354913557,-0.0077228019599049815,0.0023983580415141703,-0.0016289059240286,0.013441268146257172,0.0012518988941378137,"[0.08263128439284526, 1.3000400626383541, -1.1934317794271463, -0.14548773514971436, 1.4385704440511051, 1.1516368567344175, 0.10389342581421046, 1.489166588256795, 0.9205659349197833]"
prism2,287,/home/humanoid/Programs/hand/results/phase1/run_20260413_pollard_multiscene_500_run2/prism2/generated_mjcf/scene_prism2_tp0d0063p0d0162p0d0105_ip0d0087n0d0222p0d0000_mp0d0182p0d0078p0d0000.xml,prism_y0d0300,True,0.02,4.0,1.0,1.0,4.4350451859386135,0.05148527238934235,5.0,0.0059371564478161104,0.25991524482074735,0.00633181775487205,0.016181871156262087,0.010455111243500573,0.008714684321061249,-0.022231677971918745,0.0,0.018187127618197026,0.007814269022686898,0.0,"[0.08263128439284526, 1.3000400626383541, -1.1934317794271463, -0.14548773514971436, 1.4385704440511051, 1.1516368567344175, 0.10389342581421046, 1.489166588256795, 0.9205659349197833]"
prism2,288,/home/humanoid/Programs/hand/results/phase1/run_20260413_pollard_multiscene_500_run2/prism2/generated_mjcf/scene_prism2_tp0d0115p0d0098p0d0000_ip0d0085n0d0127p0d0012_mp0d0144p0d0127p0d0000.xml,prism_y0d0300,True,0.02,4.0,1.0,1.0,3.84642125724688,0.04710016004880266,4.0,0.009102507476864941,0.7069214936658208,0.011460868883163687,0.009762413078867424,0.0,0.008545145846799607,-0.012748572233989645,0.0011622812345442306,0.01444109386570142,0.01268352312304752,0.0,"[0.08263128439284526, 1.3000400626383541, -1.1934317794271463, -0.14548773514971436, 1.4385704440511051, 1.1516368567344175, 0.10389342581421046, 1.489166588256795, 0.9205659349197833]"
prism2,289,/home/humanoid/Programs/hand/results/phase1/run_20260413_pollard_multiscene_500_run2/prism2/generated_mjcf/scene_prism2_tn0d0039p0d0085p0d0000_ip0d0189n0d0223p0d0000_mp0d0199p0d0232p0d0057.xml,prism_y0d0300,True,0.02,4.0,1.0,1.0,4.522242215850615,0.05102762793895961,5.0,0.006824053205920982,0.17721540291717922,-0.003870887941646299,0.008510068425696645,2.147707110125921e-05,0.01885922406736481,-0.022279129763833748,0.0,0.01991354447765125,0.02322728882972728,0.005719401483067134,"[0.08263128439284526, 1.3000400626383541, -1.1934317794271463, -0.14548773514971436, 1.4385704440511051, 1.1516368567344175, 0.10389342581421046, 1.489166588256795, 0.9205659349197833]"
prism2,291,/home/humanoid/Programs/hand/results/phase1/run_20260413_pollard_multiscene_500_run2/prism2/generated_mjcf/scene_prism2_tp0d0012p0d0285p0d0057_ip0d0219n0d0161p0d0004_mp0d0131p0d0037p0d0009.xml,prism_y0d0300,True,0.02,4.0,1.0,1.0,4.4955756259160395,0.04977906997173728,5.0,0.007360755384580365,0.0931719019404378,0.0011675607980005179,0.028504627364427576,0.005683773219259367,0.021921120502234,-0.0161110624862868,0.0003764815038989691,0.013144409882243904,0.003657131779178981,0.0009398724230132525,"[0.08263128439284526, 1.3000400626383541, -1.1934317794271463, -0.14548773514971436, 1.4385704440511051, 1.1516368567344175, 0.10389342581421046, 1.489166588256795, 0.9205659349197833]"
prism2,292,/home/humanoid/Programs/hand/results/phase1/run_20260413_pollard_multiscene_500_run2/prism2/generated_mjcf/scene_prism2_tn0d0007p0d0147p0d0028_ip0d0153n0d0082p0d0098_mp0d0092p0d0204p0d0000.xml,prism_y0d0300,True,0.02,4.0,1.0,1.0,4.081218753401561,0.052292328644644614,4.0,0.009641982171943389,0.5197129560229966,-0.0007184741400830547,0.01468910288390311,0.002774784877777955,0.015310920802742338,-0.008214660937163899,0.009752546374078058,0.009160696680455747,0.02038979583550536,0.0,"[0.08263128439284526, 1.3000400626383541, -1.1934317794271463, -0.14548773514971436, 1.4385704440511051, 1.1516368567344175, 0.10389342581421046, 1.489166588256795, 0.9205659349197833]"
prism2,293,/home/humanoid/Programs/hand/results/phase1/run_20260413_pollard_multiscene_500_run2/prism2/generated_mjcf/scene_prism2_tp0d0037p0d0112p0d0071_ip0d0175n0d0210p0d0102_mp0d0097p0d0252p0d0088.xml,prism_y0d0300,True,0.02,4.0,1.0,1.0,4.704089527930494,0.04938468656443003,6.0,0.0061292609158446485,1.204255866258086,0.0036691643059410285,0.011168031677914055,0.0071035064157143404,0.0174874152173558,-0.020957483863618308,0.010198679753684964,0.009739292327807252,0.02521756734457692,0.008761185573953705,"[0.08263128439284526, 1.3000400626383541, -1.1934317794271463, -0.14548773514971436, 1.4385704440511051, 1.1516368567344175, 0.10389342581421046, 1.489166588256795, 0.9205659349197833]"
prism2,294,/home/humanoid/Programs/hand/results/phase1/run_20260413_pollard_multiscene_500_run2/prism2/generated_mjcf/scene_prism2_tn0d0035p0d0255p0d0092_ip0d0220n0d0182p0d0069_mp0d0073p0d0049p0d0000.xml,prism_y0d0300,True,0.02,4.0,1.0,1.0,4.901738144089419,0.049661136467514785,6.0,0.007728980343842372,0.05896273457600599,-0.00351831237667977,0.025495617737661246,0.009156647508028078,0.021974611422218154,-0.01821873944673156,0.006935634176224802,0.007288732641296144,0.00493313314308352,0.0,"[0.08263128439284526, 1.3000400626383541, -1.1934317794271463, -0.14548773514971436, 1.4385704440511051, 1.1516368567344175, 0.10389342581421046, 1.489166588256795, 0.9205659349197833]"
prism2,295,/home/humanoid/Programs/hand/results/phase1/run_20260413_pollard_multiscene_500_run2/prism2/generated_mjcf/scene_prism2_tn0d0082p0d0253p0d0011_ip0d0016n0d0098p0d0000_mp0d0117p0d0116p0d0062.xml,prism_y0d0300,True,0.02,4.0,1.0,1.0,4.386496544188678,0.051687934610553064,5.0,0.0057531755317754224,0.9705205212930531,-0.008178759147431179,0.025331847446003544,0.001087236685787342,0.0016476684369086982,-0.009787920706200234,0.0,0.011729520074112366,0.011553854061680871,0.006205224653234687,"[0.08263128439284526, 1.3000400626383541, -1.1934317794271463, -0.14548773514971436, 1.4385704440511051, 1.1516368567344175, 0.10389342581421046, 1.489166588256795, 0.9205659349197833]"
prism2,296,/home/humanoid/Programs/hand/results/phase1/run_20260413_pollard_multiscene_500_run2/prism2/generated_mjcf/scene_prism2_tn0d0002p0d0278p0d0000_ip0d0077n0d0177p0d0046_mp0d0203p0d0050p0d0020.xml,prism_y0d0300,True,0.02,4.0,1.0,1.0,3.958531419019855,0.04784064159173491,4.0,0.011291778726098739,0.21131828770844432,-0.00015416017301602032,0.027773560750257678,0.0,0.007718942933178331,-0.017747004977604473,0.004648640008873196,0.02026589269461712,0.0049933181981731065,0.0020139967953742392,"[0.08263128439284526, 1.3000400626383541, -1.1934317794271463, -0.14548773514971436, 1.4385704440511051, 1.1516368567344175, 0.10389342581421046, 1.489166588256795, 0.9205659349197833]"
prism2,297,/home/humanoid/Programs/hand/results/phase1/run_20260413_pollard_multiscene_500_run2/prism2/generated_mjcf/scene_prism2_tp0d0008p0d0282p0d0000_ip0d0131n0d0171p0d0028_mp0d0177p0d0061p0d0041.xml,prism_y0d0300,True,0.02,4.0,1.0,1.0,4.008925187610838,0.04891163350122946,4.0,0.011280496812509339,0.22511671744048603,0.000815779144444511,0.028211465826351836,0.0,0.013139347840734162,-0.01714673167083658,0.002803141927126355,0.0176961014806665,0.00614913157120987,0.0041202523988489136,"[0.08263128439284526, 1.3000400626383541, -1.1934317794271463, -0.14548773514971436, 1.4385704440511051, 1.1516368567344175, 0.10389342581421046, 1.489166588256795, 0.9205659349197833]"
prism2,298,/home/humanoid/Programs/hand/results/phase1/run_20260413_pollard_multiscene_500_run2/prism2/generated_mjcf/scene_prism2_tn0d0092p0d0267p0d0005_ip0d0126n0d0147p0d0000_mp0d0023p0d0230p0d0000.xml,prism_y0d0300,True,0.02,4.0,1.0,1.0,5.068306118098387,0.05610311185793937,6.0,0.005962245643059326,0.22668428368914803,-0.009185210927350775,0.0267390675875718,0.0005237638250960661,0.012588960759808959,-0.014729614321042037,0.0,0.0022573238581196304,0.022973699460279016,0.0,"[0.08263128439284526, 1.3000400626383541, -1.1934317794271463, -0.14548773514971436, 1.4385704440511051, 1.1516368567344175, 0.10389342581421046, 1.489166588256795, 0.9205659349197833]"
prism2,299,/home/humanoid/Programs/hand/results/phase1/run_20260413_pollard_multiscene_500_run2/prism2/generated_mjcf/scene_prism2_tp0d0025p0d0244p0d0000_ip0d0009n0d0205p0d0000_mp0d0095p0d0115p0d0000.xml,prism_y0d0300,True,0.02,4.0,1.0,1.0,2.6891732119737153,0.05058296852232401,4.0,0.010140862754390079,8.925729069245557,0.0024576653184970546,0.02444624310989508,0.0,0.0008936360140304918,-0.02048514239956397,0.0,0.009460658705404006,0.011545983898964985,0.0,"[0.08263128439284526, 1.3000400626383541, -1.1934317794271463, -0.14548773514971436, 1.4385704440511051, 1.1516368567344175, 0.10389342581421046, 1.489166588256795, 0.9205659349197833]"
prism2,300,/home/humanoid/Programs/hand/results/phase1/run_20260413_pollard_multiscene_500_run2/prism2/generated_mjcf/scene_prism2_tp0d0094p0d0142p0d0000_ip0d0056n0d0181p0d0000_mp0d0037p0d0114p0d0014.xml,prism_y0d0300,True,0.02,4.0,1.0,1.0,4.50604609702881,0.049949822125622156,5.0,0.005595374456549108,0.15202644074630528,0.009431031573822978,0.014164555004429542,0.0,0.00556078548670369,-0.018113495420479627,0.0,0.0036790674553866948,0.011413671818710076,0.0013515823514384066,"[0.08263128439284526, 1.3000400626383541, -1.1934317794271463, -0.14548773514971436, 1.4385704440511051, 1.1516368567344175, 0.10389342581421046, 1.489166588256795, 0.9205659349197833]"
prism2,301,/home/humanoid/Programs/hand/results/phase1/run_20260413_pollard_multiscene_500_run2/prism2/generated_mjcf/scene_prism2_tn0d0104p0d0096p0d0000_ip0d0086n0d0117p0d0000_mn0d0013p0d0246p0d0000.xml,prism_y0d0300,True,0.02,4.0,1.0,1.0,2.980596228627853,0.0467607618631784,4.0,0.011624127745570612,3.632098320413921,-0.010382832062159196,0.009638444673624548,0.0,0.008577721457837703,-0.011651469081633956,0.0,-0.0013082337057049656,0.024552623259387223,0.0,"[0.08263128439284526, 1.3000400626383541, -1.1934317794271463, -0.14548773514971436, 1.4385704440511051, 1.1516368567344175, 0.10389342581421046, 1.489166588256795, 0.9205659349197833]"
prism2,302,/home/humanoid/Programs/hand/results/phase1/run_20260413_pollard_multiscene_500_run2/prism2/generated_mjcf/scene_prism2_tp0d0000p0d0103p0d0000_ip0d0142n0d0186p0d0027_mp0d0106p0d0161p0d0096.xml,prism_y0d0300,True,0.02,4.0,1.0,1.0,5.096152653654703,0.05840042369147167,6.0,0.005722855668817503,0.18421824946133428,1.52762690730536e-05,0.010318728597676494,0.0,0.014179465942471577,-0.018579129172113917,0.0026778249323777814,0.010603298595188203,0.01606071650706425,0.009598355773355983,"[0.08263128439284526, 1.3000400626383541, -1.1934317794271463, -0.14548773514971436, 1.4385704440511051, 1.1516368567344175, 0.10389342581421046, 1.489166588256795, 0.9205659349197833]"
prism2,303,/home/humanoid/Programs/hand/results/phase1/run_20260413_pollard_multiscene_500_run2/prism2/generated_mjcf/scene_prism2_tn0d0006p0d0299p0d0024_ip0d0158n0d0130p0d0032_mp0d0196p0d0175p0d0047.xml,prism_y0d0300,True,0.02,4.0,1.0,1.0,4.264585100733559,0.0562059806675132,4.0,0.006680826697866786,0.29362530240758367,-0.0006492769847098907,0.02993058211149897,0.0024320889008549503,0.015814892357657186,-0.012996192315159852,0.0032236038815142646,0.01957732412686703,0.017459229331558596,0.004744712311283861,"[0.08263128439284526, 1.3000400626383541, -1.1934317794271463, -0.14548773514971436, 1.4385704440511051, 1.1516368567344175, 0.10389342581421046, 1.489166588256795, 0.9205659349197833]"
prism2,304,/home/humanoid/Programs/hand/results/phase1/run_20260413_pollard_multiscene_500_run2/prism2/generated_mjcf/scene_prism2_tn0d0073p0d0099p0d0109_ip0d0024n0d0168p0d0000_mp0d0176p0d0104p0d0000.xml,prism_y0d0300,True,0.02,4.0,1.0,1.0,4.91628211682813,0.050304326493217005,6.0,0.007034651364444211,0.14896053054460479,-0.007345071008401084,0.009886281658711714,0.010869095264022344,0.0023958161156247305,-0.016778462015203797,0.0,0.017608854890141502,0.010419729150589387,0.0,"[0.08263128439284526, 1.3000400626383541, -1.1934317794271463, -0.14548773514971436, 1.4385704440511051, 1.1516368567344175, 0.10389342581421046, 1.489166588256795, 0.9205659349197833]"
prism2,305,/home/humanoid/Programs/hand/results/phase1/run_20260413_pollard_multiscene_500_run2/prism2/generated_mjcf/scene_prism2_tn0d0017p0d0278p0d0000_ip0d0108n0d0074p0d0000_mp0d0189p0d0124p0d0050.xml,prism_y0d0300,True,0.02,4.0,1.0,1.0,4.6201215427981746,0.057211569647147756,5.0,0.006034998494850563,0.6507438418859613,-0.0017408261094735249,0.02780418736313567,0.0,0.010806585740967002,-0.007403030916256078,0.0,0.018940815263508597,0.012449759166334423,0.004967160545407856,"[0.08263128439284526, 1.3000400626383541, -1.1934317794271463, -0.14548773514971436, 1.4385704440511051, 1.1516368567344175, 0.10389342581421046, 1.489166588256795, 0.9205659349197833]"
prism2,306,/home/humanoid/Programs/hand/results/phase1/run_20260413_pollard_multiscene_500_run2/prism2/generated_mjcf/scene_prism2_tn0d0079p0d0113p0d0032_ip0d0083n0d0113p0d0028_mp0d0048p0d0150p0d0082.xml,prism_y0d0300,True,0.02,4.0,1.0,1.0,4.5799154443118555,0.05389449897860442,5.0,0.0072453211188548946,0.24124210803074483,-0.007949520028345206,0.011271730882256381,0.0032166078755245537,0.008321369537602857,-0.011341325591897251,0.002798662953598284,0.004750780215009746,0.015028930993629836,0.008184510983442563,"[0.08263128439284526, 1.3000400626383541, -1.1934317794271463, -0.14548773514971436, 1.4385704440511051, 1.1516368567344175, 0.10389342581421046, 1.489166588256795, 0.9205659349197833]"
prism2,307,/home/humanoid/Programs/hand/results/phase1/run_20260413_pollard_multiscene_500_run2/prism2/generated_mjcf/scene_prism2_tn0d0098p0d0217p0d0079_in0d0015n0d0071p0d0000_mp0d0060p0d0034p0d0000.xml,prism_y0d0300,True,0.02,4.0,1.0,1.0,4.457685948392698,0.05182498530956524,5.0,0.005868887560059673,0.39631478889864047,-0.009827285635849593,0.02170943168948314,0.007877523590710374,-0.0015025136139426767,-0.007128947369585482,0.0,0.005975776518227791,0.0033902886812089104,0.0,"[0.08263128439284526, 1.3000400626383541, -1.1934317794271463, -0.14548773514971436, 1.4385704440511051, 1.1516368567344175, 0.10389342581421046, 1.489166588256795, 0.9205659349197833]"
prism2,308,/home/humanoid/Programs/hand/results/phase1/run_20260413_pollard_multiscene_500_run2/prism2/generated_mjcf/scene_prism2_tp0d0080p0d0099p0d0100_ip0d0083n0d0124p0d0000_mp0d0204p0d0081p0d0067.xml,prism_y0d0300,True,0.02,4.0,1.0,1.0,4.492335878770044,0.04990951574742891,5.0,0.007858111451234608,0.09871177161622638,0.008045744352287637,0.009924409482811916,0.010004463148808145,0.008321769141601697,-0.012432880866341435,0.0,0.020448835772659782,0.008050915200431705,0.006698114743253256,"[0.08263128439284526, 1.3000400626383541, -1.1934317794271463, -0.14548773514971436, 1.4385704440511051, 1.1516368567344175, 0.10389342581421046, 1.489166588256795, 0.9205659349197833]"
prism2,309,/home/humanoid/Programs/hand/results/phase1/run_20260413_pollard_multiscene_500_run2/prism2/generated_mjcf/scene_prism2_tp0d0006p0d0156p0d0043_ip0d0170n0d0032p0d0000_mn0d0016p0d0098p0d0000.xml,prism_y0d0300,True,0.02,4.0,1.0,1.0,4.520681895939965,0.050021786883125086,5.0,0.005691050951515321,0.09059814952520694,0.0006324874825023377,0.015565669750556,0.004280500788737374,0.01702967036535663,-0.003212690244973523,0.0,-0.0015568809700233412,0.009816366677282138,0.0,"[0.08263128439284526, 1.3000400626383541, -1.1934317794271463, -0.14548773514971436, 1.4385704440511051, 1.1516368567344175, 0.10389342581421046, 1.489166588256795, 0.9205659349197833]"
prism2,310,/home/humanoid/Programs/hand/results/phase1/run_20260413_pollard_multiscene_500_run2/prism2/generated_mjcf/scene_prism2_tn0d0056p0d0125p0d0000_ip0d0155n0d0157p0d0021_mp0d0112p0d0229p0d0040.xml,prism_y0d0300,True,0.02,4.0,1.0,1.0,4.719344805323346,0.05907277680492225,5.0,0.005793352647189492,0.43221237274760144,-0.005563163096960496,0.012532759528698492,0.0,0.015543933693043676,-0.01568055041769157,0.002085027202804091,0.011231695665054458,0.022883577377717644,0.003994476460303192,"[0.08263128439284526, 1.3000400626383541, -1.1934317794271463, -0.14548773514971436, 1.4385704440511051, 1.1516368567344175, 0.10389342581421046, 1.489166588256795, 0.9205659349197833]"
prism2,311,/home/humanoid/Programs/hand/results/phase1/run_20260413_pollard_multiscene_500_run2/prism2/generated_mjcf/scene_prism2_tp0d0077p0d0213p0d0000_ip0d0067n0d0177p0d0000_mp0d0136p0d0232p0d0066.xml,prism_y0d0300,True,0.02,4.0,1.0,1.0,4.867849186946568,0.051632807110301715,6.0,0.006302960523033818,0.46280653850373554,0.007722806132150154,0.0212672107537325,0.0,0.006708439125286188,-0.01768278883160991,0.0,0.013597774653776856,0.02318175674415248,0.006585795630331487,"[0.08263128439284526, 1.3000400626383541, -1.1934317794271463, -0.14548773514971436, 1.4385704440511051, 1.1516368567344175, 0.10389342581421046, 1.489166588256795, 0.9205659349197833]"
prism2,312,/home/humanoid/Programs/hand/results/phase1/run_20260413_pollard_multiscene_500_run2/prism2/generated_mjcf/scene_prism2_tn0d0047p0d0189p0d0000_ip0d0068n0d0135p0d0117_mn0d0001p0d0131p0d0100.xml,prism_y0d0300,True,0.02,4.0,1.0,1.0,4.068578358291585,0.052519425311988055,4.0,0.005539303676581235,0.596146385334845,-0.004651619836714396,0.01889458981639476,0.0,0.006801718080759659,-0.013513747501689115,0.011741231741499061,-6.2609699756749e-05,0.013108661014776889,0.009980013606161506,"[0.08263128439284526, 1.3000400626383541, -1.1934317794271463, -0.14548773514971436, 1.4385704440511051, 1.1516368567344175, 0.10389342581421046, 1.489166588256795, 0.9205659349197833]"
prism2,313,/home/humanoid/Programs/hand/results/phase1/run_20260413_pollard_multiscene_500_run2/prism2/generated_mjcf/scene_prism2_tp0d0019p0d0166p0d0062_ip0d0215n0d0063p0d0099_mp0d0115p0d0105p0d0000.xml,prism_y0d0300,True,0.02,4.0,1.0,1.0,4.075567087616072,0.05012538165699332,4.0,0.005753526190283181,0.36451296842022146,0.00188150996737463,0.016611986811592466,0.006167499459807459,0.021545797553132913,-0.0062979771976450025,0.009870655241977857,0.011538791927578068,0.010523092295829746,0.0,"[0.08263128439284526, 1.3000400626383541, -1.1934317794271463, -0.14548773514971436, 1.4385704440511051, 1.1516368567344175, 0.10389342581421046, 1.489166588256795, 0.9205659349197833]"
prism2,314,/home/humanoid/Programs/hand/results/phase1/run_20260413_pollard_multiscene_500_run2/prism2/generated_mjcf/scene_prism2_tp0d0106p0d0127p0d0071_ip0d0123n0d0145p0d0000_mn0d0016p0d0250p0d0015.xml,prism_y0d0300,True,0.02,4.0,1.0,1.0,2.8029502447667554,0.048198101781252195,4.0,0.01242889800380987,1.99477928707166e-08,0.010622972902620723,0.012664110679653057,0.0070910251678643135,0.01225325458228169,-0.014536863541682501,0.0,-0.0016097669568859666,0.025039082473460206,0.001512354160861356,"[0.08263128439284526, 1.3000400626383541, -1.1934317794271463, -0.14548773514971436, 1.4385704440511051, 1.1516368567344175, 0.10389342581421046, 1.489166588256795, 0.9205659349197833]"
prism2,315,/home/humanoid/Programs/hand/results/phase1/run_20260413_pollard_multiscene_500_run2/prism2/generated_mjcf/scene_prism2_tp0d0064p0d0238p0d0094_ip0d0005n0d0077p0d0049_mp0d0093p0d0079p0d0000.xml,prism_y0d0300,True,0.02,4.0,1.0,1.0,4.415207581087935,0.05279333604935048,5.0,0.0059464460541900415,0.6040466517237523,0.0064418262025862545,0.02382512857639519,0.00940930945286447,0.00048046698538742154,-0.007686655858078829,0.0048819928150873465,0.009300887477728203,0.007930482920113783,0.0,"[0.08263128439284526, 1.3000400626383541, -1.1934317794271463, -0.14548773514971436, 1.4385704440511051, 1.1516368567344175, 0.10389342581421046, 1.489166588256795, 0.9205659349197833]"
prism2,316,/home/humanoid/Programs/hand/results/phase1/run_20260413_pollard_multiscene_500_run2/prism2/generated_mjcf/scene_prism2_tn0d0115p0d0253p0d0117_ip0d0184n0d0124p0d0051_mp0d0057p0d0116p0d0000.xml,prism_y0d0300,True,0.02,4.0,1.0,1.0,4.931801691065311,0.050457079131537616,6.0,0.007011767106997681,0.1020487210308629,-0.01153915658107725,0.02525757396028391,0.011696646168133377,0.01838982063075531,-0.012416862666044394,0.0051363310784403,0.005702156030744071,0.011579754501194703,0.0,"[0.08263128439284526, 1.3000400626383541, -1.1934317794271463, -0.14548773514971436, 1.4385704440511051, 1.1516368567344175, 0.10389342581421046, 1.489166588256795, 0.9205659349197833]"
prism2,317,/home/humanoid/Programs/hand/results/phase1/run_20260413_pollard_multiscene_500_run2/prism2/generated_mjcf/scene_prism2_tp0d0067p0d0165p0d0025_ip0d0171n0d0020p0d0048_mp0d0109p0d0229p0d0000.xml,prism_y0d0300,True,0.02,4.0,1.0,1.0,3.9228032724761555,0.048276984249908964,4.0,0.011462572267411547,0.3911969336551465,0.00669673489646572,0.016497317630039653,0.002456004933970593,0.017054913832154163,-0.00197590730264491,0.004771513838172623,0.01091378149096391,0.022875321539631142,0.0,"[0.08263128439284526, 1.3000400626383541, -1.1934317794271463, -0.14548773514971436, 1.4385704440511051, 1.1516368567344175, 0.10389342581421046, 1.489166588256795, 0.9205659349197833]"
prism2,318,/home/humanoid/Programs/hand/results/phase1/run_20260413_pollard_multiscene_500_run2/prism2/generated_mjcf/scene_prism2_tn0d0008p0d0285p0d0000_ip0d0181n0d0055p0d0113_mp0d0049p0d0175p0d0094.xml,prism_y0d0300,True,0.02,4.0,1.0,1.0,4.375792714605376,0.050536478545025784,5.0,0.006079731791468493,1.069465271520767,-0.0007991071536155043,0.028521730512058856,0.0,0.018104248858999188,-0.0055495038070125634,0.011304519771684587,0.004939634569660372,0.01750550322546427,0.00944290843747896,"[0.08263128439284526, 1.3000400626383541, -1.1934317794271463, -0.14548773514971436, 1.4385704440511051, 1.1516368567344175, 0.10389342581421046, 1.489166588256795, 0.9205659349197833]"
prism2,319,/home/humanoid/Programs/hand/results/phase1/run_20260413_pollard_multiscene_500_run2/prism2/generated_mjcf/scene_prism2_tn0d0114p0d0278p0d0076_ip0d0136n0d0104p0d0110_mp0d0075p0d0127p0d0000.xml,prism_y0d0300,True,0.02,4.0,1.0,1.0,4.9156929609709845,0.04994739358792819,6.0,0.00736542203453237,0.035515476385697055,-0.011445896831030486,0.027757158118331206,0.007576657359126732,0.013615579827387526,-0.010422462196609672,0.010966467574557982,0.007487582063668523,0.012685536033825195,0.0,"[0.08263128439284526, 1.3000400626383541, -1.1934317794271463, -0.14548773514971436, 1.4385704440511051, 1.1516368567344175, 0.10389342581421046, 1.489166588256795, 0.9205659349197833]"
prism2,320,/home/humanoid/Programs/hand/results/phase1/run_20260413_pollard_multiscene_500_run2/prism2/generated_mjcf/scene_prism2_tp0d0001p0d0249p0d0000_ip0d0084n0d0198p0d0012_mp0d0031p0d0182p0d0115.xml,prism_y0d0300,True,0.02,4.0,1.0,1.0,4.510988635263371,0.05601810215075319,5.0,0.006166019195460851,0.7393756701341385,8.954728212805067e-05,0.024914219423403595,0.0,0.008395253473563848,-0.019782085431134792,0.001188773655904564,0.003118490355633805,0.01823278586840313,0.011516234631798659,"[0.08263128439284526, 1.3000400626383541, -1.1934317794271463, -0.14548773514971436, 1.4385704440511051, 1.1516368567344175, 0.10389342581421046, 1.489166588256795, 0.9205659349197833]"
prism2,321,/home/humanoid/Programs/hand/results/phase1/run_20260413_pollard_multiscene_500_run2/prism2/generated_mjcf/scene_prism2_tn0d0013p0d0117p0d0118_ip0d0074n0d0123p0d0090_mp0d0150p0d0145p0d0087.xml,prism_y0d0300,True,0.02,4.0,1.0,1.0,4.11227746378487,0.04978446714992639,4.0,0.00822593570367434,0.05013807296505907,-0.001308658303988297,0.011653899807619073,0.011821212937761724,0.007362602192389317,-0.012304450227773395,0.008964639002801485,0.015002142222784778,0.014468169728742031,0.008710735090992145,"[0.08263128439284526, 1.3000400626383541, -1.1934317794271463, -0.14548773514971436, 1.4385704440511051, 1.1516368567344175, 0.10389342581421046, 1.489166588256795, 0.9205659349197833]"
prism2,322,/home/humanoid/Programs/hand/results/phase1/run_20260413_pollard_multiscene_500_run2/prism2/generated_mjcf/scene_prism2_tn0d0060p0d0124p0d0036_ip0d0072n0d0115p0d0060_mp0d0093p0d0259p0d0000.xml,prism_y0d0300,True,0.02,4.0,1.0,1.0,3.993222266735577,0.04858688396151526,4.0,0.011490705390366977,0.2825171900813045,-0.006037883019561673,0.012360607789034299,0.003646154238670103,0.007169802234934061,-0.011463664595349612,0.0060301678899676615,0.009329889980337522,0.025854569144246775,0.0,"[0.08263128439284526, 1.3000400626383541, -1.1934317794271463, -0.14548773514971436, 1.4385704440511051, 1.1516368567344175, 0.10389342581421046, 1.489166588256795, 0.9205659349197833]"
prism2,323,/home/humanoid/Programs/hand/results/phase1/run_20260413_pollard_multiscene_500_run2/prism2/generated_mjcf/scene_prism2_tp0d0081p0d0269p0d0000_ip0d0112n0d0055p0d0000_mp0d0096p0d0212p0d0087.xml,prism_y0d0300,True,0.02,4.0,1.0,1.0,4.49803690838447,0.04953961355148595,5.0,0.005665395175485181,0.11068732875025687,0.00813622723758739,0.02693502410071081,0.0,0.01122972183519072,-0.005485220463176647,0.0,0.009644899104903461,0.021191839480777783,0.008677349853667724,"[0.08263128439284526, 1.3000400626383541, -1.1934317794271463, -0.14548773514971436, 1.4385704440511051, 1.1516368567344175, 0.10389342581421046, 1.489166588256795, 0.9205659349197833]"
prism2,324,/home/humanoid/Programs/hand/results/phase1/run_20260413_pollard_multiscene_500_run2/prism2/generated_mjcf/scene_prism2_tn0d0026p0d0281p0d0075_ip0d0008n0d0082p0d0078_mp0d0181p0d0133p0d0000.xml,prism_y0d0300,True,0.02,4.0,1.0,1.0,4.540679575428562,0.053933775579526055,5.0,0.006212970751810848,0.2718892203571708,-0.0025535037194383426,0.028090796303613122,0.007496013422198744,0.0008469494520518955,-0.008247890943094081,0.007770600095958501,0.018089058927950784,0.013335725450952287,0.0,"[0.08263128439284526, 1.3000400626383541, -1.1934317794271463, -0.14548773514971436, 1.4385704440511051, 1.1516368567344175, 0.10389342581421046, 1.489166588256795, 0.9205659349197833]"
prism2,325,/home/humanoid/Programs/hand/results/phase1/run_20260413_pollard_multiscene_500_run2/prism2/generated_mjcf/scene_prism2_tn0d0079p0d0285p0d0000_ip0d0173n0d0097p0d0000_mp0d0081p0d0227p0d0089.xml,prism_y0d0300,True,0.02,4.0,1.0,1.0,4.524918932061379,0.052301088909786936,5.0,0.005666802972877569,0.3355366106226662,-0.007900998183171592,0.028461975548615688,0.0,0.0173396267945565,-0.009702377578495812,0.0,0.008072663714616258,0.022662028751065037,0.00888291847390046,"[0.08263128439284526, 1.3000400626383541, -1.1934317794271463, -0.14548773514971436, 1.4385704440511051, 1.1516368567344175, 0.10389342581421046, 1.489166588256795, 0.9205659349197833]"
prism2,326,/home/humanoid/Programs/hand/results/phase1/run_20260413_pollard_multiscene_500_run2/prism2/generated_mjcf/scene_prism2_tn0d0035p0d0267p0d0000_ip0d0107n0d0210p0d0111_mp0d0148p0d0118p0d0111.xml,prism_y0d0300,True,0.02,4.0,1.0,1.0,4.143353534383575,0.05284927360182695,4.0,0.009209462330346101,0.48692211651948586,-0.003533623127589605,0.026731347887872518,0.0,0.010690380991547288,-0.020978203527313694,0.011098976169596233,0.014760888567753044,0.011807899356923335,0.011073309227867714,"[0.08263128439284526, 1.3000400626383541, -1.1934317794271463, -0.14548773514971436, 1.4385704440511051, 1.1516368567344175, 0.10389342581421046, 1.489166588256795, 0.9205659349197833]"
prism2,327,/home/humanoid/Programs/hand/results/phase1/run_20260413_pollard_multiscene_500_run2/prism2/generated_mjcf/scene_prism2_tn0d0096p0d0188p0d0000_ip0d0218n0d0222p0d0007_mp0d0033p0d0200p0d0000.xml,prism_y0d0300,True,0.02,4.0,1.0,1.0,4.971802190129879,0.05334151353032266,6.0,0.006015034986967978,0.3779584043490371,-0.009595366623260122,0.01878011746178313,0.0,0.021818345211544216,-0.022176840567284622,0.0006623215727734454,0.003348031358619709,0.0199913049273912,0.0,"[0.08263128439284526, 1.3000400626383541, -1.1934317794271463, -0.14548773514971436, 1.4385704440511051, 1.1516368567344175, 0.10389342581421046, 1.489166588256795, 0.9205659349197833]"
prism2,328,/home/humanoid/Programs/hand/results/phase1/run_20260413_pollard_multiscene_500_run2/prism2/generated_mjcf/scene_prism2_tp0d0085p0d0252p0d0063_ip0d0056n0d0205p0d0000_mn0d0011p0d0091p0d0027.xml,prism_y0d0300,True,0.02,4.0,1.0,1.0,3.9030093322215222,0.04975576722347763,4.0,0.009621721786003528,0.855265292790318,0.008470483460705676,0.025186874191919954,0.00627082810878353,0.005553166882678232,-0.02054841864137812,0.0,-0.001101369602705099,0.009143494418454811,0.0027429297867117373,"[0.08263128439284526, 1.3000400626383541, -1.1934317794271463, -0.14548773514971436, 1.4385704440511051, 1.1516368567344175, 0.10389342581421046, 1.489166588256795, 0.9205659349197833]"
prism2,329,/home/humanoid/Programs/hand/results/phase1/run_20260413_pollard_multiscene_500_run2/prism2/generated_mjcf/scene_prism2_tn0d0072p0d0089p0d0015_ip0d0167n0d0198p0d0102_mp0d0062p0d0160p0d0032.xml,prism_y0d0300,True,0.02,4.0,1.0,1.0,4.768312029607952,0.04792548633682299,6.0,0.007745791242510451,0.4366977822356013,-0.0071564242006762905,0.00892790557378054,0.001520985217539749,0.016732199478996186,-0.019760480751055125,0.010155262375305212,0.0062015232466851675,0.01602870792153597,0.003191581378922779,"[0.08263128439284526, 1.3000400626383541, -1.1934317794271463, -0.14548773514971436, 1.4385704440511051, 1.1516368567344175, 0.10389342581421046, 1.489166588256795, 0.9205659349197833]"
prism2,330,/home/humanoid/Programs/hand/results/phase1/run_20260413_pollard_multiscene_500_run2/prism2/generated_mjcf/scene_prism2_tp0d0012p0d0220p0d0000_ip0d0100n0d0063p0d0000_mp0d0203p0d0048p0d0067.xml,prism_y0d0300,True,0.02,4.0,1.0,1.0,4.477429655750909,0.05005109364342983,5.0,0.005635075457340803,0.32408599669949745,0.0011619052935394787,0.02198154952224422,0.0,0.010006750836922313,-0.00630390758965616,0.0,0.020289449585461555,0.00482267330029755,0.0067198073775174595,"[0.08263128439284526, 1.3000400626383541, -1.1934317794271463, -0.14548773514971436, 1.4385704440511051, 1.1516368567344175, 0.10389342581421046, 1.489166588256795, 0.9205659349197833]"
prism2,331,/home/humanoid/Programs/hand/results/phase1/run_20260413_pollard_multiscene_500_run2/prism2/generated_mjcf/scene_prism2_tn0d0027p0d0150p0d0084_ip0d0177n0d0097p0d0000_mp0d0170p0d0069p0d0000.xml,prism_y0d0300,True,0.02,4.0,1.0,1.0,4.517083952396532,0.04962655650970875,5.0,0.005786488283898771,0.03009555211895395,-0.002713056137300246,0.015047473530995125,0.008388906810753879,0.017701611177966994,-0.009731410258570987,0.0,0.016950502084496825,0.006916460763485068,0.0,"[0.08263128439284526, 1.3000400626383541, -1.1934317794271463, -0.14548773514971436, 1.4385704440511051, 1.1516368567344175, 0.10389342581421046, 1.489166588256795, 0.9205659349197833]"
prism2,332,/home/humanoid/Programs/hand/results/phase1/run_20260413_pollard_multiscene_500_run2/prism2/generated_mjcf/scene_prism2_tn0d0019p0d0118p0d0000_ip0d0068n0d0209p0d0000_mp0d0212p0d0050p0d0000.xml,prism_y0d0300,True,0.02,4.0,1.0,1.0,4.36129058678137,0.049873350312663406,5.0,0.005663038037662566,1.005340800851532,-0.001889452119322092,0.01181647096069391,0.0,0.006823353134024076,-0.02085869245877052,0.0,0.02117244026049945,0.004950164100262918,0.0,"[0.08263128439284526, 1.3000400626383541, -1.1934317794271463, -0.14548773514971436, 1.4385704440511051, 1.1516368567344175, 0.10389342581421046, 1.489166588256795, 0.9205659349197833]"
prism2,333,/home/humanoid/Programs/hand/results/phase1/run_20260413_pollard_multiscene_500_run2/prism2/generated_mjcf/scene_prism2_tp0d0112p0d0300p0d0000_ip0d0005n0d0097p0d0000_mp0d0208p0d0064p0d0067.xml,prism_y0d0300,True,0.02,4.0,1.0,1.0,2.545048960891706,0.05220481051125313,4.0,0.0074281002502906215,8.436414106703992,0.011202755167296092,0.03,0.0,0.0004669455567414202,-0.009692153771668413,0.0,0.020849368803635138,0.006380048934200433,0.00667720340698667,"[0.08263128439284526, 1.3000400626383541, -1.1934317794271463, -0.14548773514971436, 1.4385704440511051, 1.1516368567344175, 0.10389342581421046, 1.489166588256795, 0.9205659349197833]"
prism2,334,/home/humanoid/Programs/hand/results/phase1/run_20260413_pollard_multiscene_500_run2/prism2/generated_mjcf/scene_prism2_tn0d0114p0d0130p0d0000_ip0d0019n0d0052p0d0000_mp0d0091p0d0064p0d0066.xml,prism_y0d0300,True,0.02,4.0,1.0,1.0,4.894036521290869,0.05023285859458755,6.0,0.007368995991297298,0.13289229653514054,-0.01140397248650568,0.012983670777011624,0.0,0.0019462550481140154,-0.005220710672423688,0.0,0.009057911829031907,0.006404210442186477,0.006624372677912969,"[0.08263128439284526, 1.3000400626383541, -1.1934317794271463, -0.14548773514971436, 1.4385704440511051, 1.1516368567344175, 0.10389342581421046, 1.489166588256795, 0.9205659349197833]"
prism2,335,/home/humanoid/Programs/hand/results/phase1/run_20260413_pollard_multiscene_500_run2/prism2/generated_mjcf/scene_prism2_tp0d0041p0d0092p0d0000_ip0d0130n0d0142p0d0000_mp0d0131p0d0245p0d0000.xml,prism_y0d0300,True,0.02,4.0,1.0,1.0,3.8904369413604236,0.04724037427390783,4.0,0.010982550790681304,0.4393494030279947,0.004110510184092569,0.009176057139934891,0.0,0.012993713209620113,-0.014159849786857314,0.0,0.013111717987378804,0.02452268766556777,0.0,"[0.08263128439284526, 1.3000400626383541, -1.1934317794271463, -0.14548773514971436, 1.4385704440511051, 1.1516368567344175, 0.10389342581421046, 1.489166588256795, 0.9205659349197833]"
prism2,336,/home/humanoid/Programs/hand/results/phase1/run_20260413_pollard_multiscene_500_run2/prism2/generated_mjcf/scene_prism2_tn0d0066p0d0208p0d0023_ip0d0030n0d0067p0d0010_mp0d0138p0d0142p0d0000.xml,prism_y0d0300,True,0.02,4.0,1.0,1.0,4.961076839720633,0.05317738520332851,6.0,0.006337935294578393,0.42069643672966966,-0.006642095641111072,0.02081411063117996,0.002308337593864543,0.0030298237844472537,-0.0067284737315375116,0.0010158043909346739,0.013761813687847584,0.014173649887952638,0.0,"[0.08263128439284526, 1.3000400626383541, -1.1934317794271463, -0.14548773514971436, 1.4385704440511051, 1.1516368567344175, 0.10389342581421046, 1.489166588256795, 0.9205659349197833]"
prism2,337,/home/humanoid/Programs/hand/results/phase1/run_20260413_pollard_multiscene_500_run2/prism2/generated_mjcf/scene_prism2_tn0d0070p0d0294p0d0000_ip0d0040n0d0156p0d0114_mp0d0112p0d0068p0d0081.xml,prism_y0d0300,True,0.02,4.0,1.0,1.0,4.5287600255743765,0.05297911347871713,5.0,0.007566338407289768,0.37456697779969367,-0.006956747186821582,0.029398900065403025,0.0,0.003984885547102787,-0.015574913925978328,0.01135327078186936,0.0112451678372824,0.00680799543957882,0.00814876798180321,"[0.08263128439284526, 1.3000400626383541, -1.1934317794271463, -0.14548773514971436, 1.4385704440511051, 1.1516368567344175, 0.10389342581421046, 1.489166588256795, 0.9205659349197833]"
prism2,338,/home/humanoid/Programs/hand/results/phase1/run_20260413_pollard_multiscene_500_run2/prism2/generated_mjcf/scene_prism2_tn0d0050p0d0085p0d0056_ip0d0211n0d0028p0d0000_mp0d0091p0d0079p0d0000.xml,prism_y0d0300,True,0.02,4.0,1.0,1.0,4.142645517269918,0.05210812473673765,4.0,0.007842756089717608,0.28169994161126266,-0.005031818470075887,0.008502763393004273,0.00557479513561333,0.02107996123916827,-0.002824361587778884,0.0,0.009085392487968063,0.007881064450959579,0.0,"[0.08263128439284526, 1.3000400626383541, -1.1934317794271463, -0.14548773514971436, 1.4385704440511051, 1.1516368567344175, 0.10389342581421046, 1.489166588256795, 0.9205659349197833]"
prism2,339,/home/humanoid/Programs/hand/results/phase1/run_20260413_pollard_multiscene_500_run2/prism2/generated_mjcf/scene_prism2_tn0d0075p0d0268p0d0000_ip0d0212n0d0117p0d0017_mp0d0169p0d0196p0d0087.xml,prism_y0d0300,True,0.02,4.0,1.0,1.0,4.481455104550947,0.05112076349280546,5.0,0.005667853436319563,0.3431795772005429,-0.007505012447623186,0.026817010391516204,0.0,0.021180726780211788,-0.011701865470623995,0.0017297003294388935,0.01690814857663346,0.019635980232701793,0.008694664916698357,"[0.08263128439284526, 1.3000400626383541, -1.1934317794271463, -0.14548773514971436, 1.4385704440511051, 1.1516368567344175, 0.10389342581421046, 1.489166588256795, 0.9205659349197833]"
prism2,340,/home/humanoid/Programs/hand/results/phase1/run_20260413_pollard_multiscene_500_run2/prism2/generated_mjcf/scene_prism2_tn0d0089p0d0199p0d0011_ip0d0006n0d0067p0d0000_mp0d0129p0d0240p0d0050.xml,prism_y0d0300,True,0.02,4.0,1.0,1.0,4.30971000910078,0.04657113016663817,5.0,0.007414298178039724,0.3678990645835667,-0.008943930668215156,0.019893443515087306,0.0011394523105425092,0.0006194110623995754,-0.0067171175287213895,0.0,0.0128836743692138,0.024020869251295048,0.005002433427568752,"[0.08263128439284526, 1.3000400626383541, -1.1934317794271463, -0.14548773514971436, 1.4385704440511051, 1.1516368567344175, 0.10389342581421046, 1.489166588256795, 0.9205659349197833]"
prism2,341,/home/humanoid/Programs/hand/results/phase1/run_20260413_pollard_multiscene_500_run2/prism2/generated_mjcf/scene_prism2_tp0d0065p0d0150p0d0000_ip0d0202n0d0150p0d0000_mp0d0011p0d0194p0d0000.xml,prism_y0d0300,True,0.02,4.0,1.0,1.0,5.301603089896528,0.04952343699748427,7.0,0.005750224632437348,0.06378112904008426,0.006507212909486602,0.015027581047463462,0.0,0.020156862280520417,-0.01496351955724431,0.0,0.0011219360405519772,0.01935862038652124,0.0,"[0.08263128439284526, 1.3000400626383541, -1.1934317794271463, -0.14548773514971436, 1.4385704440511051, 1.1516368567344175, 0.10389342581421046, 1.489166588256795, 0.9205659349197833]"
prism2,342,/home/humanoid/Programs/hand/results/phase1/run_20260413_pollard_multiscene_500_run2/prism2/generated_mjcf/scene_prism2_tn0d0081p0d0289p0d0000_ip0d0121n0d0179p0d0000_mp0d0200p0d0219p0d0064.xml,prism_y0d0300,True,0.02,4.0,1.0,1.0,4.59922325415028,0.05397188994398098,5.0,0.0061727078632205735,0.21590450510628992,-0.008051427805028825,0.02886692052460529,0.0,0.012141767184511945,-0.01791190965341013,0.0,0.020017298166074934,0.021877670546203383,0.006426175172369965,"[0.08263128439284526, 1.3000400626383541, -1.1934317794271463, -0.14548773514971436, 1.4385704440511051, 1.1516368567344175, 0.10389342581421046, 1.489166588256795, 0.9205659349197833]"
prism2,343,/home/humanoid/Programs/hand/results/phase1/run_20260413_pollard_multiscene_500_run2/prism2/generated_mjcf/scene_prism2_tn0d0098p0d0106p0d0065_ip0d0095n0d0040p0d0000_mp0d0131p0d0097p0d0000.xml,prism_y0d0300,True,0.02,4.0,1.0,1.0,4.440138837589715,0.049872970744807434,5.0,0.007145196413683139,0.4448954253360959,-0.009778413672119911,0.010568644417599148,0.0065004416383117325,0.00948534701199422,-0.003980168261011845,0.0,0.013100657311756773,0.00972194969587966,0.0,"[0.08263128439284526, 1.3000400626383541, -1.1934317794271463, -0.14548773514971436, 1.4385704440511051, 1.1516368567344175, 0.10389342581421046, 1.489166588256795, 0.9205659349197833]"
prism2,344,/home/humanoid/Programs/hand/results/phase1/run_20260413_pollard_multiscene_500_run2/prism2/generated_mjcf/scene_prism2_tn0d0000p0d0122p0d0000_ip0d0065n0d0185p0d0062_mp0d0126p0d0137p0d0018.xml,prism_y0d0300,True,0.02,4.0,1.0,1.0,4.98241174897669,0.05677345478778119,6.0,0.00567929808933932,0.5777837979976201,-4.1296306355530915e-05,0.012194623068909824,0.0,0.006539719483005546,-0.01852327542668413,0.0062211469891701315,0.012556622190267035,0.013698973120376162,0.0017805247967015853,"[0.08263128439284526, 1.3000400626383541, -1.1934317794271463, -0.14548773514971436, 1.4385704440511051, 1.1516368567344175, 0.10389342581421046, 1.489166588256795, 0.9205659349197833]"
prism2,345,/home/humanoid/Programs/hand/results/phase1/run_20260413_pollard_multiscene_500_run2/prism2/generated_mjcf/scene_prism2_tn0d0013p0d0160p0d0000_ip0d0148n0d0240p0d0000_mp0d0116p0d0102p0d0000.xml,prism_y0d0300,True,0.02,4.0,1.0,1.0,4.534363733832234,0.05458193698453537,5.0,0.005834411375613568,0.5782205954857286,-0.0012615306168578533,0.015970756130802254,0.0,0.014786075546288061,-0.023980082850206946,0.0,0.01161430962842994,0.010241296432524284,0.0,"[0.08263128439284526, 1.3000400626383541, -1.1934317794271463, -0.14548773514971436, 1.4385704440511051, 1.1516368567344175, 0.10389342581421046, 1.489166588256795, 0.9205659349197833]"
prism2,346,/home/humanoid/Programs/hand/results/phase1/run_20260413_pollard_multiscene_500_run2/prism2/generated_mjcf/scene_prism2_tp0d0064p0d0300p0d0008_in0d0019n0d0099p0d0061_mp0d0024p0d0091p0d0000.xml,prism_y0d0300,True,0.02,4.0,1.0,1.0,3.894891689750838,0.048511703426899186,4.0,0.008563344246852737,0.5111960674207491,0.006448681972681412,0.03,0.0007681309943295394,-0.0019379944738693762,-0.00986630559882477,0.006140728887849618,0.0023524430594721963,0.009130049264678454,0.0,"[0.08263128439284526, 1.3000400626383541, -1.1934317794271463, -0.14548773514971436, 1.4385704440511051, 1.1516368567344175, 0.10389342581421046, 1.489166588256795, 0.9205659349197833]"
prism2,347,/home/humanoid/Programs/hand/results/phase1/run_20260413_pollard_multiscene_500_run2/prism2/generated_mjcf/scene_prism2_tp0d0068p0d0300p0d0073_ip0d0072n0d0056p0d0011_mp0d0078p0d0143p0d0000.xml,prism_y0d0300,True,0.02,4.0,1.0,1.0,3.9968604216417702,0.05103099031113346,4.0,0.00797408055399824,0.5135061805562787,0.0068204408858062796,0.03,0.007260725067047551,0.007212293445335222,-0.005553531717368195,0.0010993236469706603,0.007833087650129099,0.014253336241066424,0.0,"[0.08263128439284526, 1.3000400626383541, -1.1934317794271463, -0.14548773514971436, 1.4385704440511051, 1.1516368567344175, 0.10389342581421046, 1.489166588256795, 0.9205659349197833]"
prism2,348,/home/humanoid/Programs/hand/results/phase1/run_20260413_pollard_multiscene_500_run2/prism2/generated_mjcf/scene_prism2_tp0d0113p0d0278p0d0000_ip0d0135n0d0218p0d0000_mp0d0015p0d0170p0d0000.xml,prism_y0d0300,True,0.02,4.0,1.0,1.0,2.1650200701028774,0.04908351088273123,4.0,0.008808582933280773,6.037552906552766,0.011322535224134667,0.027764327805852942,0.0,0.013477941205283455,-0.021774686806814398,0.0,0.0015174161105352604,0.01698721858932449,0.0,"[0.08263128439284526, 1.3000400626383541, -1.1934317794271463, -0.14548773514971436, 1.4385704440511051, 1.1516368567344175, 0.10389342581421046, 1.489166588256795, 0.9205659349197833]"
prism2,349,/home/humanoid/Programs/hand/results/phase1/run_20260413_pollard_multiscene_500_run2/prism2/generated_mjcf/scene_prism2_tp0d0081p0d0226p0d0085_ip0d0211n0d0216p0d0000_mp0d0076p0d0121p0d0000.xml,prism_y0d0300,True,0.02,4.0,1.0,1.0,4.878747472509011,0.050026815159426016,6.0,0.007139979558756555,0.16642116527613207,0.008073792792765176,0.022586335006661292,0.008547471202648944,0.021117014049145004,-0.021585046307989013,0.0,0.007602631380494447,0.012080451574431939,0.0,"[0.08263128439284526, 1.3000400626383541, -1.1934317794271463, -0.14548773514971436, 1.4385704440511051, 1.1516368567344175, 0.10389342581421046, 1.489166588256795, 0.9205659349197833]"
prism2,350,/home/humanoid/Programs/hand/results/phase1/run_20260413_pollard_multiscene_500_run2/prism2/generated_mjcf/scene_prism2_tp0d0050p0d0123p0d0049_ip0d0073n0d0116p0d0038_mp0d0136p0d0091p0d0000.xml,prism_y0d0300,True,0.02,4.0,1.0,1.0,4.028322265460501,0.04953029954802021,4.0,0.0086622219791513,0.27600338836770444,0.004973546412611628,0.012294721280264032,0.004905264142987729,0.007331516406347443,-0.011583437920894857,0.003754449056024657,0.013559791274911331,0.009078488971220607,0.0,"[0.08263128439284526, 1.3000400626383541, -1.1934317794271463, -0.14548773514971436, 1.4385704440511051, 1.1516368567344175, 0.10389342581421046, 1.489166588256795, 0.9205659349197833]"
prism2,351,/home/humanoid/Programs/hand/results/phase1/run_20260413_pollard_multiscene_500_run2/prism2/generated_mjcf/scene_prism2_tn0d0039p0d0300p0d0031_ip0d0059n0d0183p0d0000_mn0d0001p0d0228p0d0000.xml,prism_y0d0300,True,0.02,4.0,1.0,1.0,4.042056863247253,0.04946377009383958,4.0,0.009403981370714796,0.2930123830135864,-0.0039166529420677654,0.03,0.0030983018076305748,0.005948787222563647,-0.01830520319058511,0.0,-8.798364502618158e-05,0.022791051162759063,0.0,"[0.08263128439284526, 1.3000400626383541, -1.1934317794271463, -0.14548773514971436, 1.4385704440511051, 1.1516368567344175, 0.10389342581421046, 1.489166588256795, 0.9205659349197833]"
prism2,352,/home/humanoid/Programs/hand/results/phase1/run_20260413_pollard_multiscene_500_run2/prism2/generated_mjcf/scene_prism2_tp0d0034p0d0300p0d0000_ip0d0204n0d0197p0d0092_mp0d0155p0d0230p0d0000.xml,prism_y0d0300,True,0.02,4.0,1.0,1.0,4.364301699490854,0.04926518563035828,5.0,0.007615557845433466,0.8028984542635386,0.003412975582055045,0.03,0.0,0.02042065736538831,-0.019749759999292973,0.009245880066049521,0.015487406880309437,0.023006546913343175,0.0,"[0.08263128439284526, 1.3000400626383541, -1.1934317794271463, -0.14548773514971436, 1.4385704440511051, 1.1516368567344175, 0.10389342581421046, 1.489166588256795, 0.9205659349197833]"
prism2,353,/home/humanoid/Programs/hand/results/phase1/run_20260413_pollard_multiscene_500_run2/prism2/generated_mjcf/scene_prism2_tn0d0050p0d0222p0d0028_ip0d0186n0d0214p0d0000_mp0d0034p0d0119p0d0000.xml,prism_y0d0300,True,0.02,4.0,1.0,1.0,4.5261361688739274,0.050848981772704166,5.0,0.00693815535951179,0.14841924758954908,-0.005047223917157493,0.022200789717896637,0.0028366476511519825,0.018635731232781283,-0.021376923278164504,0.0,0.003401259195152824,0.011868629062635739,0.0,"[0.08263128439284526, 1.3000400626383541, -1.1934317794271463, -0.14548773514971436, 1.4385704440511051, 1.1516368567344175, 0.10389342581421046, 1.489166588256795, 0.9205659349197833]"
prism2,354,/home/humanoid/Programs/hand/results/phase1/run_20260413_pollard_multiscene_500_run2/prism2/generated_mjcf/scene_prism2_tn0d0091p0d0153p0d0119_ip0d0146n0d0101p0d0072_mp0d0135p0d0144p0d0004.xml,prism_y0d0300,True,0.02,4.0,1.0,1.0,4.487248057225581,0.05182302102762061,5.0,0.00598755400155827,0.4329400080581254,-0.009122841531660764,0.015328829962151869,0.011877526740116384,0.014612756735501714,-0.010136883345936687,0.00720381312614379,0.013454718008685671,0.014437668626407232,0.0003923962344445347,"[0.08263128439284526, 1.3000400626383541, -1.1934317794271463, -0.14548773514971436, 1.4385704440511051, 1.1516368567344175, 0.10389342581421046, 1.489166588256795, 0.9205659349197833]"
prism2,355,/home/humanoid/Programs/hand/results/phase1/run_20260413_pollard_multiscene_500_run2/prism2/generated_mjcf/scene_prism2_tn0d0108p0d0258p0d0000_ip0d0180n0d0144p0d0044_mp0d0085p0d0070p0d0005.xml,prism_y0d0300,True,0.02,4.0,1.0,1.0,4.924517912963192,0.05125014652088651,6.0,0.00694523843079434,0.3229192697764003,-0.010837836256156828,0.02584706010196519,0.0,0.017996213602326824,-0.014394856503673016,0.004360530785069212,0.00846710719667944,0.0070305058966985655,0.0004610260596799032,"[0.08263128439284526, 1.3000400626383541, -1.1934317794271463, -0.14548773514971436, 1.4385704440511051, 1.1516368567344175, 0.10389342581421046, 1.489166588256795, 0.9205659349197833]"
prism2,356,/home/humanoid/Programs/hand/results/phase1/run_20260413_pollard_multiscene_500_run2/prism2/generated_mjcf/scene_prism2_tp0d0112p0d0139p0d0000_ip0d0182n0d0152p0d0003_mp0d0115p0d0173p0d0074.xml,prism_y0d0300,True,0.02,4.0,1.0,1.0,4.389106211594601,0.05572499552685076,5.0,0.005727594830472308,1.3007066501231372,0.01115634821632247,0.013902861925370564,0.0,0.018235892805302557,-0.01517470826905366,0.0002586625091600264,0.011486192576683386,0.017257165777358207,0.007367364731213931,"[0.08263128439284526, 1.3000400626383541, -1.1934317794271463, -0.14548773514971436, 1.4385704440511051, 1.1516368567344175, 0.10389342581421046, 1.489166588256795, 0.9205659349197833]"
prism2,357,/home/humanoid/Programs/hand/results/phase1/run_20260413_pollard_multiscene_500_run2/prism2/generated_mjcf/scene_prism2_tn0d0022p0d0202p0d0000_ip0d0190n0d0081p0d0000_mp0d0023p0d0160p0d0000.xml,prism_y0d0300,True,0.02,4.0,1.0,1.0,4.424875712565994,0.050306550315576196,5.0,0.005651660117940744,0.6571481398609665,-0.0022114211001733417,0.02015239016423227,0.0,0.019037892298739346,-0.008147344233290962,0.0,0.0022584008568622242,0.01599825880223124,0.0,"[0.08263128439284526, 1.3000400626383541, -1.1934317794271463, -0.14548773514971436, 1.4385704440511051, 1.1516368567344175, 0.10389342581421046, 1.489166588256795, 0.9205659349197833]"
prism2,358,/home/humanoid/Programs/hand/results/phase1/run_20260413_pollard_multiscene_500_run2/prism2/generated_mjcf/scene_prism2_tn0d0032p0d0212p0d0000_ip0d0113n0d0003p0d0000_mp0d0087p0d0046p0d0074.xml,prism_y0d0300,True,0.02,4.0,1.0,1.0,4.5120740870893,0.04963959924049211,5.0,0.005635430932118417,0.04826492852149938,-0.0032261315123318663,0.0211871862183576,0.0,0.011311302439958055,-0.00033666258881834797,0.0,0.008688902469951895,0.004588963809888574,0.007431512844343829,"[0.08263128439284526, 1.3000400626383541, -1.1934317794271463, -0.14548773514971436, 1.4385704440511051, 1.1516368567344175, 0.10389342581421046, 1.489166588256795, 0.9205659349197833]"
prism2,359,/home/humanoid/Programs/hand/results/phase1/run_20260413_pollard_multiscene_500_run2/prism2/generated_mjcf/scene_prism2_tp0d0021p0d0300p0d0038_ip0d0094n0d0116p0d0000_mp0d0060p0d0178p0d0000.xml,prism_y0d0300,True,0.02,4.0,1.0,1.0,4.005928270578783,0.05045553002137672,4.0,0.008936099085672833,0.6039835559894957,0.002053449878073278,0.03,0.003783683303278742,0.009426483925576358,-0.011583913748456132,0.0,0.006011042113765158,0.017809019608174263,0.0,"[0.08263128439284526, 1.3000400626383541, -1.1934317794271463, -0.14548773514971436, 1.4385704440511051, 1.1516368567344175, 0.10389342581421046, 1.489166588256795, 0.9205659349197833]"
prism2,360,/home/humanoid/Programs/hand/results/phase1/run_20260413_pollard_multiscene_500_run2/prism2/generated_mjcf/scene_prism2_tp0d0077p0d0288p0d0000_ip0d0146n0d0140p0d0000_mp0d0217p0d0090p0d0038.xml,prism_y0d0300,True,0.02,4.0,1.0,1.0,4.031476947612783,0.05004929774807185,4.0,0.011715569376030618,0.2784839744113843,0.007692612643866344,0.028837691525292333,0.0,0.014600800689397628,-0.013961397513764087,0.0,0.02174568502353339,0.009014776072522324,0.003847079872144152,"[0.08263128439284526, 1.3000400626383541, -1.1934317794271463, -0.14548773514971436, 1.4385704440511051, 1.1516368567344175, 0.10389342581421046, 1.489166588256795, 0.9205659349197833]"
prism2,361,/home/humanoid/Programs/hand/results/phase1/run_20260413_pollard_multiscene_500_run2/prism2/generated_mjcf/scene_prism2_tp0d0063p0d0247p0d0000_ip0d0049n0d0079p0d0000_mp0d0212p0d0139p0d0013.xml,prism_y0d0300,True,0.02,4.0,1.0,1.0,4.502927246016929,0.04985288990475846,5.0,0.005606026747804012,0.15505467780673687,0.006298885232914844,0.024677701527575972,0.0,0.004865482952478182,-0.007899234012555876,0.0,0.021239068743524485,0.013910428198081467,0.0012518095585489566,"[0.08263128439284526, 1.3000400626383541, -1.1934317794271463, -0.14548773514971436, 1.4385704440511051, 1.1516368567344175, 0.10389342581421046, 1.489166588256795, 0.9205659349197833]"
prism2,362,/home/humanoid/Programs/hand/results/phase1/run_20260413_pollard_multiscene_500_run2/prism2/generated_mjcf/scene_prism2_tp0d0001p0d0184p0d0000_ip0d0200n0d0237p0d0113_mp0d0008p0d0136p0d0046.xml,prism_y0d0300,True,0.02,4.0,1.0,1.0,4.1136010337040645,0.04751699991559023,5.0,0.007684152114947995,1.7154541104481722,9.038651703096798e-05,0.01835541066897918,0.0,0.02001264994905546,-0.023737975227585074,0.011274612962096212,0.000750582854815959,0.013632312421630632,0.004622285063949041,"[0.08263128439284526, 1.3000400626383541, -1.1934317794271463, -0.14548773514971436, 1.4385704440511051, 1.1516368567344175, 0.10389342581421046, 1.489166588256795, 0.9205659349197833]"
prism2,363,/home/humanoid/Programs/hand/results/phase1/run_20260413_pollard_multiscene_500_run2/prism2/generated_mjcf/scene_prism2_tp0d0072p0d0238p0d0000_ip0d0194n0d0139p0d0000_mp0d0167p0d0168p0d0000.xml,prism_y0d0300,True,0.02,4.0,1.0,1.0,4.406242856507359,0.05240102833404806,5.0,0.005786783948559798,0.7803238370554637,0.007206458439634005,0.02379163141151473,0.0,0.019368293958761447,-0.013866451305668421,0.0,0.01674031164559555,0.016847650557893175,0.0,"[0.08263128439284526, 1.3000400626383541, -1.1934317794271463, -0.14548773514971436, 1.4385704440511051, 1.1516368567344175, 0.10389342581421046, 1.489166588256795, 0.9205659349197833]"
prism2,364,/home/humanoid/Programs/hand/results/phase1/run_20260413_pollard_multiscene_500_run2/prism2/generated_mjcf/scene_prism2_tn0d0041p0d0101p0d0010_ip0d0016n0d0071p0d0013_mp0d0213p0d0036p0d0052.xml,prism_y0d0300,True,0.02,4.0,1.0,1.0,4.101721671349293,0.05281688239655964,4.0,0.007644095741072139,0.3823034802637097,-0.004084384463942093,0.010142883921641723,0.000990451667586002,0.0015985144586338831,-0.007118649794417934,0.0013321773609604407,0.02130587540881341,0.003579389141666148,0.0051866735559624386,"[0.08263128439284526, 1.3000400626383541, -1.1934317794271463, -0.14548773514971436, 1.4385704440511051, 1.1516368567344175, 0.10389342581421046, 1.489166588256795, 0.9205659349197833]"
prism2,365,/home/humanoid/Programs/hand/results/phase1/run_20260413_pollard_multiscene_500_run2/prism2/generated_mjcf/scene_prism2_tn0d0071p0d0088p0d0031_ip0d0111n0d0170p0d0002_mn0d0007p0d0136p0d0018.xml,prism_y0d0300,True,0.02,4.0,1.0,1.0,4.540534833712616,0.054971176493233284,5.0,0.00609283354353748,0.3707578005357506,-0.007111680416374847,0.00882751144408678,0.0030761017613265777,0.011097168626456416,-0.017043214039433305,0.00017592095316793822,-0.00067781911633992,0.013552297422319226,0.00184459033777753,"[0.08263128439284526, 1.3000400626383541, -1.1934317794271463, -0.14548773514971436, 1.4385704440511051, 1.1516368567344175, 0.10389342581421046, 1.489166588256795, 0.9205659349197833]"
prism2,366,/home/humanoid/Programs/hand/results/phase1/run_20260413_pollard_multiscene_500_run2/prism2/generated_mjcf/scene_prism2_tp0d0090p0d0283p0d0071_ip0d0201n0d0143p0d0000_mn0d0018p0d0143p0d0002.xml,prism_y0d0300,True,0.02,4.0,1.0,1.0,4.8193795591709945,0.04960754052129092,6.0,0.007655050907350572,0.46143728496812614,0.008993048384683937,0.028332332885572582,0.007133172031471843,0.0201278457978318,-0.014265996985525718,0.0,-0.0017792897870281283,0.014276096134759242,0.00021827326428465292,"[0.08263128439284526, 1.3000400626383541, -1.1934317794271463, -0.14548773514971436, 1.4385704440511051, 1.1516368567344175, 0.10389342581421046, 1.489166588256795, 0.9205659349197833]"
prism2,367,/home/humanoid/Programs/hand/results/phase1/run_20260413_pollard_multiscene_500_run2/prism2/generated_mjcf/scene_prism2_tp0d0013p0d0300p0d0000_ip0d0055n0d0141p0d0078_mp0d0137p0d0226p0d0000.xml,prism_y0d0300,True,0.02,4.0,1.0,1.0,4.4894902763927655,0.05529141185246217,5.0,0.005823430163559115,0.9489813270975785,0.0013243586582645864,0.03,0.0,0.005454282046486432,-0.014076684522502887,0.007848994918644388,0.013675916096374986,0.022612653700813792,0.0,"[0.08263128439284526, 1.3000400626383541, -1.1934317794271463, -0.14548773514971436, 1.4385704440511051, 1.1516368567344175, 0.10389342581421046, 1.489166588256795, 0.9205659349197833]"
prism2,368,/home/humanoid/Programs/hand/results/phase1/run_20260413_pollard_multiscene_500_run2/prism2/generated_mjcf/scene_prism2_tn0d0041p0d0084p0d0102_ip0d0153n0d0157p0d0001_mn0d0018p0d0221p0d0100.xml,prism_y0d0300,True,0.02,4.0,1.0,1.0,4.086094532455973,0.04992837652570111,4.0,0.01133980906050698,0.057912769193341124,-0.004053401737318047,0.008430366835151014,0.010164258692179497,0.015257946914463924,-0.0156555570176925,0.00011680821710949654,-0.0017660762171259354,0.022104252712855398,0.010035043290268227,"[0.08263128439284526, 1.3000400626383541, -1.1934317794271463, -0.14548773514971436, 1.4385704440511051, 1.1516368567344175, 0.10389342581421046, 1.489166588256795, 0.9205659349197833]"
prism2,369,/home/humanoid/Programs/hand/results/phase1/run_20260413_pollard_multiscene_500_run2/prism2/generated_mjcf/scene_prism2_tn0d0058p0d0248p0d0003_ip0d0140n0d0106p0d0006_mp0d0122p0d0059p0d0000.xml,prism_y0d0300,True,0.02,4.0,1.0,1.0,4.572904754905119,0.051964677134396745,5.0,0.006736564668729356,0.180628926616778,-0.0058268376677013956,0.024841286858219992,0.0002982599472535624,0.014002525851861946,-0.010559997507252046,0.0006057673427742397,0.012179493967528118,0.005867447662353625,0.0,"[0.08263128439284526, 1.3000400626383541, -1.1934317794271463, -0.14548773514971436, 1.4385704440511051, 1.1516368567344175, 0.10389342581421046, 1.489166588256795, 0.9205659349197833]"
prism2,370,/home/humanoid/Programs/hand/results/phase1/run_20260413_pollard_multiscene_500_run2/prism2/generated_mjcf/scene_prism2_tn0d0045p0d0101p0d0000_in0d0000n0d0203p0d0049_mn0d0014p0d0174p0d0000.xml,prism_y0d0300,True,0.02,4.0,1.0,1.0,4.447606305304193,0.055420808040435164,5.0,0.005776233373062537,0.8207047100308115,-0.0044817304554041985,0.010133206181426631,0.0,-4.208788127289288e-05,-0.020312697918262373,0.004931652050945971,-0.001420408213504953,0.01743343816215112,0.0,"[0.08263128439284526, 1.3000400626383541, -1.1934317794271463, -0.14548773514971436, 1.4385704440511051, 1.1516368567344175, 0.10389342581421046, 1.489166588256795, 0.9205659349197833]"
prism2,371,/home/humanoid/Programs/hand/results/phase1/run_20260413_pollard_multiscene_500_run2/prism2/generated_mjcf/scene_prism2_tp0d0060p0d0272p0d0000_ip0d0076n0d0158p0d0033_mp0d0058p0d0188p0d0080.xml,prism_y0d0300,True,0.02,4.0,1.0,1.0,4.385093089297902,0.05554287333427032,5.0,0.00606835785879196,1.2200279183555114,0.006042441969243088,0.027228365459574227,0.0,0.007593758980041379,-0.015792569411251185,0.0033017785952277386,0.005776874706348101,0.01882102030819338,0.007980643465284785,"[0.08263128439284526, 1.3000400626383541, -1.1934317794271463, -0.14548773514971436, 1.4385704440511051, 1.1516368567344175, 0.10389342581421046, 1.489166588256795, 0.9205659349197833]"
prism2,372,/home/humanoid/Programs/hand/results/phase1/run_20260413_pollard_multiscene_500_run2/prism2/generated_mjcf/scene_prism2_tn0d0039p0d0221p0d0076_ip0d0216n0d0035p0d0114_mp0d0217p0d0048p0d0023.xml,prism_y0d0300,True,0.02,4.0,1.0,1.0,4.929301631210731,0.05086924295912199,6.0,0.0061960625647856,0.17528310891734805,-0.0039367057456346135,0.022129036276644528,0.00759938668754058,0.021600388888547803,-0.003458654995397466,0.011387362033031666,0.021716500944982772,0.004846232690389937,0.0023329764739651176,"[0.08263128439284526, 1.3000400626383541, -1.1934317794271463, -0.14548773514971436, 1.4385704440511051, 1.1516368567344175, 0.10389342581421046, 1.489166588256795, 0.9205659349197833]"
prism2,373,/home/humanoid/Programs/hand/results/phase1/run_20260413_pollard_multiscene_500_run2/prism2/generated_mjcf/scene_prism2_tn0d0117p0d0102p0d0000_ip0d0216n0d0083p0d0034_mn0d0008p0d0137p0d0071.xml,prism_y0d0300,True,0.02,4.0,1.0,1.0,4.27898962823317,0.056664817643389695,4.0,0.007511417721219167,0.1933304322931455,-0.011721801351998734,0.010249897424361614,0.0,0.021571248344733958,-0.008281985314991391,0.003362224881755657,-0.0008025599165518201,0.013740737562206125,0.007120033040254055,"[0.08263128439284526, 1.3000400626383541, -1.1934317794271463, -0.14548773514971436, 1.4385704440511051, 1.1516368567344175, 0.10389342581421046, 1.489166588256795, 0.9205659349197833]"
prism2,374,/home/humanoid/Programs/hand/results/phase1/run_20260413_pollard_multiscene_500_run2/prism2/generated_mjcf/scene_prism2_tn0d0012p0d0088p0d0000_in0d0013n0d0179p0d0087_mp0d0149p0d0097p0d0012.xml,prism_y0d0300,True,0.02,4.0,1.0,1.0,4.061099044510991,0.049756957970437055,4.0,0.009417890555920273,0.16844501098353956,-0.0011870628156485583,0.008785765256269625,0.0,-0.0012845129532466984,-0.01790627764087028,0.008705030224436333,0.014947856117084853,0.009691392927035278,0.001202015562066389,"[0.08263128439284526, 1.3000400626383541, -1.1934317794271463, -0.14548773514971436, 1.4385704440511051, 1.1516368567344175, 0.10389342581421046, 1.489166588256795, 0.9205659349197833]"
prism2,375,/home/humanoid/Programs/hand/results/phase1/run_20260413_pollard_multiscene_500_run2/prism2/generated_mjcf/scene_prism2_tn0d0024p0d0249p0d0000_ip0d0189n0d0020p0d0086_mp0d0011p0d0101p0d0097.xml,prism_y0d0300,True,0.02,4.0,1.0,1.0,4.908879564831758,0.050902769005985504,6.0,0.006598572864556444,0.30299692329739,-0.002364992455036838,0.02485474196775472,0.0,0.0189458288206348,-0.0020460735160279016,0.008558192589777455,0.0010822010446346324,0.010070902748129561,0.009711010137673462,"[0.08263128439284526, 1.3000400626383541, -1.1934317794271463, -0.14548773514971436, 1.4385704440511051, 1.1516368567344175, 0.10389342581421046, 1.489166588256795, 0.9205659349197833]"
prism2,376,/home/humanoid/Programs/hand/results/phase1/run_20260413_pollard_multiscene_500_run2/prism2/generated_mjcf/scene_prism2_tp0d0105p0d0300p0d0000_ip0d0063n0d0138p0d0000_mn0d0013p0d0092p0d0107.xml,prism_y0d0300,True,0.02,4.0,1.0,1.0,2.811170675508243,0.049400102622251946,4.0,0.013443177746439555,1.3965130483480972e-05,0.010522744540146026,0.03,0.0,0.006265542463366365,-0.013777684366762381,0.0,-0.0013129549292847896,0.009179419376552186,0.010680191381843947,"[0.08263128439284526, 1.3000400626383541, -1.1934317794271463, -0.14548773514971436, 1.4385704440511051, 1.1516368567344175, 0.10389342581421046, 1.489166588256795, 0.9205659349197833]"
prism2,377,/home/humanoid/Programs/hand/results/phase1/run_20260413_pollard_multiscene_500_run2/prism2/generated_mjcf/scene_prism2_tp0d0098p0d0111p0d0000_ip0d0151n0d0201p0d0000_mp0d0220p0d0245p0d0000.xml,prism_y0d0300,True,0.02,4.0,1.0,1.0,4.035589312327757,0.04953679363623368,4.0,0.007783898155754314,0.31465750670737697,0.00981687253429277,0.011120275617783176,0.0,0.015080426789617232,-0.020071235905748067,0.0,0.02197541611441125,0.024494177142076932,0.0,"[0.08263128439284526, 1.3000400626383541, -1.1934317794271463, -0.14548773514971436, 1.4385704440511051, 1.1516368567344175, 0.10389342581421046, 1.489166588256795, 0.9205659349197833]"
prism2,378,/home/humanoid/Programs/hand/results/phase1/run_20260413_pollard_multiscene_500_run2/prism2/generated_mjcf/scene_prism2_tn0d0031p0d0178p0d0000_ip0d0097n0d0197p0d0076_mp0d0193p0d0182p0d0000.xml,prism_y0d0300,True,0.02,4.0,1.0,1.0,4.2959771068677854,0.04941968361969077,5.0,0.005596523069734248,1.2613193182716187,-0.003080000567103787,0.01777371674284665,0.0,0.009742211201763528,-0.0197073930433107,0.007610088691735812,0.0192940940515098,0.01819294307398065,0.0,"[0.08263128439284526, 1.3000400626383541, -1.1934317794271463, -0.14548773514971436, 1.4385704440511051, 1.1516368567344175, 0.10389342581421046, 1.489166588256795, 0.9205659349197833]"
prism2,379,/home/humanoid/Programs/hand/results/phase1/run_20260413_pollard_multiscene_500_run2/prism2/generated_mjcf/scene_prism2_tp0d0005p0d0181p0d0102_ip0d0204n0d0113p0d0000_mp0d0040p0d0080p0d0000.xml,prism_y0d0300,True,0.02,4.0,1.0,1.0,4.962958109056287,0.05203626700711315,6.0,0.006268959194910387,0.11384306112175939,0.0005063580441945943,0.018121217785754797,0.010185928300256861,0.020406265641012875,-0.011317239845225827,0.0,0.003969351811511051,0.00798329334682274,0.0,"[0.08263128439284526, 1.3000400626383541, -1.1934317794271463, -0.14548773514971436, 1.4385704440511051, 1.1516368567344175, 0.10389342581421046, 1.489166588256795, 0.9205659349197833]"
prism2,380,/home/humanoid/Programs/hand/results/phase1/run_20260413_pollard_multiscene_500_run2/prism2/generated_mjcf/scene_prism2_tp0d0053p0d0088p0d0051_ip0d0056n0d0156p0d0120_mp0d0025p0d0214p0d0000.xml,prism_y0d0300,True,0.02,4.0,1.0,1.0,1.9460217291316306,0.049414736869256355,4.0,0.01374181874125044,3.690954334860857,0.005349473339106178,0.008816536146796552,0.005122068738884589,0.005591055319891105,-0.015626360728080328,0.01198958202252913,0.00245615434592318,0.0213548310212551,0.0,"[0.08263128439284526, 1.3000400626383541, -1.1934317794271463, -0.14548773514971436, 1.4385704440511051, 1.1516368567344175, 0.10389342581421046, 1.489166588256795, 0.9205659349197833]"
prism2,381,/home/humanoid/Programs/hand/results/phase1/run_20260413_pollard_multiscene_500_run2/prism2/generated_mjcf/scene_prism2_tp0d0088p0d0272p0d0000_in0d0018n0d0006p0d0118_mp0d0039p0d0093p0d0065.xml,prism_y0d0300,True,0.02,4.0,1.0,1.0,4.35220512580938,0.052850417552362944,5.0,0.005658883903990111,1.052374348038354,0.00883521132348538,0.02723552528533489,0.0,-0.0017554778323576065,-0.0005744690308488714,0.011781042137225497,0.0038637391976680735,0.009288167528081906,0.006509256874247228,"[0.08263128439284526, 1.3000400626383541, -1.1934317794271463, -0.14548773514971436, 1.4385704440511051, 1.1516368567344175, 0.10389342581421046, 1.489166588256795, 0.9205659349197833]"
prism2,382,/home/humanoid/Programs/hand/results/phase1/run_20260413_pollard_multiscene_500_run2/prism2/generated_mjcf/scene_prism2_tp0d0073p0d0185p0d0056_ip0d0209n0d0050p0d0000_mp0d0188p0d0110p0d0000.xml,prism_y0d0300,True,0.02,4.0,1.0,1.0,4.080777544717109,0.04951014614657005,4.0,0.005751053641030058,0.18915419681039242,0.007305359803473289,0.01853133851136897,0.005595346364554953,0.020921363985685365,-0.0049934306565185185,0.0,0.01877336898563437,0.011049691809589724,0.0,"[0.08263128439284526, 1.3000400626383541, -1.1934317794271463, -0.14548773514971436, 1.4385704440511051, 1.1516368567344175, 0.10389342581421046, 1.489166588256795, 0.9205659349197833]"
prism2,383,/home/humanoid/Programs/hand/results/phase1/run_20260413_pollard_multiscene_500_run2/prism2/generated_mjcf/scene_prism2_tn0d0118p0d0271p0d0000_ip0d0077n0d0076p0d0000_mp0d0104p0d0062p0d0000.xml,prism_y0d0300,True,0.02,4.0,1.0,1.0,4.596440035825913,0.052012070631666726,5.0,0.006639677302044539,0.023408092720736705,-0.011835445780551481,0.02708227762575327,0.0,0.00774784304588942,-0.007563727153970494,0.0,0.010352447859135416,0.00620925942575782,0.0,"[0.08263128439284526, 1.3000400626383541, -1.1934317794271463, -0.14548773514971436, 1.4385704440511051, 1.1516368567344175, 0.10389342581421046, 1.489166588256795, 0.9205659349197833]"
prism2,384,/home/humanoid/Programs/hand/results/phase1/run_20260413_pollard_multiscene_500_run2/prism2/generated_mjcf/scene_prism2_tp0d0017p0d0255p0d0000_ip0d0031n0d0131p0d0000_mp0d0099p0d0257p0d0033.xml,prism_y0d0300,True,0.02,4.0,1.0,1.0,4.8510453659843575,0.05282618743833102,6.0,0.00570639488150376,0.6355442102380646,0.0016914948769208415,0.025535338406468797,0.0,0.0031439657404761087,-0.0130591830163866,0.0,0.009858869067842405,0.02571102656057945,0.0032954859455089983,"[0.08263128439284526, 1.3000400626383541, -1.1934317794271463, -0.14548773514971436, 1.4385704440511051, 1.1516368567344175, 0.10389342581421046, 1.489166588256795, 0.9205659349197833]"
prism2,385,/home/humanoid/Programs/hand/results/phase1/run_20260413_pollard_multiscene_500_run2/prism2/generated_mjcf/scene_prism2_tn0d0097p0d0110p0d0000_ip0d0125n0d0058p0d0000_mp0d0078p0d0247p0d0000.xml,prism_y0d0300,True,0.02,4.0,1.0,1.0,3.966371420936399,0.047437580733203005,4.0,0.011203741180203288,0.16562945974756066,-0.009705485774302398,0.010951697871815396,0.0,0.01253462152769577,-0.0057613579648361415,0.0,0.007829687300922256,0.024665368578795213,0.0,"[0.08263128439284526, 1.3000400626383541, -1.1934317794271463, -0.14548773514971436, 1.4385704440511051, 1.1516368567344175, 0.10389342581421046, 1.489166588256795, 0.9205659349197833]"
prism2,386,/home/humanoid/Programs/hand/results/phase1/run_20260413_pollard_multiscene_500_run2/prism2/generated_mjcf/scene_prism2_tp0d0112p0d0234p0d0078_ip0d0165n0d0031p0d0000_mp0d0057p0d0176p0d0000.xml,prism_y0d0300,True,0.02,4.0,1.0,1.0,4.479055595290874,0.04995248908114443,5.0,0.005733092965017908,0.31498003751510295,0.011221352133399164,0.023400693629328326,0.007817550025673033,0.016469362116625613,-0.0030606096441238902,0.0,0.0056810241222650226,0.017649806992087,0.0,"[0.08263128439284526, 1.3000400626383541, -1.1934317794271463, -0.14548773514971436, 1.4385704440511051, 1.1516368567344175, 0.10389342581421046, 1.489166588256795, 0.9205659349197833]"
prism2,387,/home/humanoid/Programs/hand/results/phase1/run_20260413_pollard_multiscene_500_run2/prism2/generated_mjcf/scene_prism2_tp0d0022p0d0296p0d0042_in0d0005n0d0213p0d0114_mn0d0003p0d0235p0d0117.xml,prism_y0d0300,True,0.02,4.0,1.0,1.0,3.9763824973619597,0.05101903103136516,4.0,0.01071452085278813,0.9730588326249419,0.0022174444709567916,0.02962539332540697,0.004156687339348996,-0.0005198644936682765,-0.02134521506551034,0.011364295824339798,-0.0003092501664925997,0.02351928518610475,0.011679372772733076,"[0.08263128439284526, 1.3000400626383541, -1.1934317794271463, -0.14548773514971436, 1.4385704440511051, 1.1516368567344175, 0.10389342581421046, 1.489166588256795, 0.9205659349197833]"
prism2,388,/home/humanoid/Programs/hand/results/phase1/run_20260413_pollard_multiscene_500_run2/prism2/generated_mjcf/scene_prism2_tn0d0081p0d0249p0d0074_ip0d0208n0d0041p0d0060_mp0d0165p0d0220p0d0000.xml,prism_y0d0300,True,0.02,4.0,1.0,1.0,4.5078531661073855,0.049986261286962916,5.0,0.005770867401010476,0.1634342765591326,-0.008107505421219302,0.024897468565151633,0.007392595337002955,0.020834492113102794,-0.004065712382739778,0.005970238289425941,0.01648862815479199,0.021974727226854895,0.0,"[0.08263128439284526, 1.3000400626383541, -1.1934317794271463, -0.14548773514971436, 1.4385704440511051, 1.1516368567344175, 0.10389342581421046, 1.489166588256795, 0.9205659349197833]"
prism2,389,/home/humanoid/Programs/hand/results/phase1/run_20260413_pollard_multiscene_500_run2/prism2/generated_mjcf/scene_prism2_tn0d0039p0d0285p0d0057_ip0d0208n0d0041p0d0036_mp0d0108p0d0059p0d0000.xml,prism_y0d0300,True,0.02,4.0,1.0,1.0,4.943569319010893,0.05066102769247417,6.0,0.007022676143429725,0.07559768102557844,-0.0038931974279779093,0.02852385064265748,0.005709619844043064,0.020838318228018286,-0.0041099736522949,0.003648895908196892,0.0108003713735257,0.005888130359499352,0.0,"[0.08263128439284526, 1.3000400626383541, -1.1934317794271463, -0.14548773514971436, 1.4385704440511051, 1.1516368567344175, 0.10389342581421046, 1.489166588256795, 0.9205659349197833]"
prism2,390,/home/humanoid/Programs/hand/results/phase1/run_20260413_pollard_multiscene_500_run2/prism2/generated_mjcf/scene_prism2_tp0d0111p0d0091p0d0111_ip0d0003n0d0059p0d0000_mp0d0056p0d0107p0d0000.xml,prism_y0d0300,True,0.02,4.0,1.0,1.0,4.38125541266569,0.0474147005513521,5.0,0.008288557695705134,0.11904144611693707,0.011086732584622856,0.009114061201632327,0.011143108779249625,0.00025073679208613593,-0.0059266445125180246,0.0,0.0055913408234708984,0.010650676511304417,0.0,"[0.08263128439284526, 1.3000400626383541, -1.1934317794271463, -0.14548773514971436, 1.4385704440511051, 1.1516368567344175, 0.10389342581421046, 1.489166588256795, 0.9205659349197833]"
prism2,391,/home/humanoid/Programs/hand/results/phase1/run_20260413_pollard_multiscene_500_run2/prism2/generated_mjcf/scene_prism2_tp0d0086p0d0123p0d0089_ip0d0070n0d0226p0d0091_mp0d0164p0d0140p0d0037.xml,prism_y0d0300,True,0.02,4.0,1.0,1.0,4.444434398972423,0.05233126896792116,5.0,0.006163410226444429,0.37028056204869564,0.008609555327129374,0.012341154397680697,0.008912346989687733,0.007000500798774553,-0.022583043905803016,0.009075589409086891,0.016411278947240843,0.014031523004441703,0.003694186370186217,"[0.08263128439284526, 1.3000400626383541, -1.1934317794271463, -0.14548773514971436, 1.4385704440511051, 1.1516368567344175, 0.10389342581421046, 1.489166588256795, 0.9205659349197833]"
prism2,392,/home/humanoid/Programs/hand/results/phase1/run_20260413_pollard_multiscene_500_run2/prism2/generated_mjcf/scene_prism2_tp0d0043p0d0176p0d0012_ip0d0077n0d0128p0d0049_mp0d0080p0d0130p0d0065.xml,prism_y0d0300,True,0.02,4.0,1.0,1.0,4.4912468528905976,0.04935277132411149,5.0,0.005653921219640746,0.11034187424275393,0.004254000457927461,0.01759718261799633,0.0011591161610298387,0.007690670392919728,-0.012804244452743358,0.0048799535306744725,0.007961258183951048,0.01299761563100522,0.006523599200057,"[0.08263128439284526, 1.3000400626383541, -1.1934317794271463, -0.14548773514971436, 1.4385704440511051, 1.1516368567344175, 0.10389342581421046, 1.489166588256795, 0.9205659349197833]"
prism2,393,/home/humanoid/Programs/hand/results/phase1/run_20260413_pollard_multiscene_500_run2/prism2/generated_mjcf/scene_prism2_tn0d0050p0d0163p0d0000_ip0d0035n0d0034p0d0000_mp0d0059p0d0048p0d0000.xml,prism_y0d0300,True,0.02,4.0,1.0,1.0,4.28156167903547,0.05019417263558295,5.0,0.0056254587173423685,1.326335465660233,-0.004985988495398425,0.016300216267685623,0.0,0.0034683806033389258,-0.003396272985994214,0.0,0.005879648740595553,0.004792153550523294,0.0,"[0.08263128439284526, 1.3000400626383541, -1.1934317794271463, -0.14548773514971436, 1.4385704440511051, 1.1516368567344175, 0.10389342581421046, 1.489166588256795, 0.9205659349197833]"
prism2,394,/home/humanoid/Programs/hand/results/phase1/run_20260413_pollard_multiscene_500_run2/prism2/generated_mjcf/scene_prism2_tp0d0025p0d0092p0d0113_ip0d0219n0d0209p0d0000_mp0d0081p0d0097p0d0000.xml,prism_y0d0300,True,0.02,4.0,1.0,1.0,4.059383973052302,0.04981490188780847,4.0,0.005810583504377568,0.3156204896996733,0.002490598221685335,0.00915709564276886,0.011311791537951966,0.021897171626930806,-0.020911052181316225,0.0,0.008075035345848846,0.009678888052115298,0.0,"[0.08263128439284526, 1.3000400626383541, -1.1934317794271463, -0.14548773514971436, 1.4385704440511051, 1.1516368567344175, 0.10389342581421046, 1.489166588256795, 0.9205659349197833]"
prism2,395,/home/humanoid/Programs/hand/results/phase1/run_20260413_pollard_multiscene_500_run2/prism2/generated_mjcf/scene_prism2_tn0d0095p0d0197p0d0090_ip0d0217n0d0162p0d0000_mp0d0137p0d0125p0d0097.xml,prism_y0d0300,True,0.02,4.0,1.0,1.0,4.538020002495588,0.051784261032765205,5.0,0.005967923838091371,0.2045826542724561,-0.00953061315295389,0.01970784975786273,0.009043612848737722,0.02166338004553322,-0.01616864958747996,0.0,0.01367630035117491,0.012518278257087605,0.009730640697078064,"[0.08263128439284526, 1.3000400626383541, -1.1934317794271463, -0.14548773514971436, 1.4385704440511051, 1.1516368567344175, 0.10389342581421046, 1.489166588256795, 0.9205659349197833]"
prism2,396,/home/humanoid/Programs/hand/results/phase1/run_20260413_pollard_multiscene_500_run2/prism2/generated_mjcf/scene_prism2_tp0d0070p0d0222p0d0038_ip0d0151n0d0084p0d0000_mp0d0110p0d0104p0d0000.xml,prism_y0d0300,True,0.02,4.0,1.0,1.0,4.923603979519593,0.05442791763475964,6.0,0.005873796155634932,0.5147922481183728,0.007035811052865017,0.02218081977592099,0.003815341310432256,0.01510725445699214,-0.008439512570922078,0.0,0.010976962247331351,0.01039287020671183,0.0,"[0.08263128439284526, 1.3000400626383541, -1.1934317794271463, -0.14548773514971436, 1.4385704440511051, 1.1516368567344175, 0.10389342581421046, 1.489166588256795, 0.9205659349197833]"
prism2,397,/home/humanoid/Programs/hand/results/phase1/run_20260413_pollard_multiscene_500_run2/prism2/generated_mjcf/scene_prism2_tp0d0042p0d0183p0d0082_ip0d0033n0d0180p0d0088_mp0d0066p0d0266p0d0000.xml,prism_y0d0300,True,0.02,4.0,1.0,1.0,4.47598025543409,0.053364343641597485,5.0,0.006500199899625358,0.4268138245008425,0.004177515190882806,0.018256379083365838,0.008178273670573787,0.0032815323204622516,-0.01803993751952694,0.008760822790220408,0.006593736646331887,0.02663481077537399,0.0,"[0.08263128439284526, 1.3000400626383541, -1.1934317794271463, -0.14548773514971436, 1.4385704440511051, 1.1516368567344175, 0.10389342581421046, 1.489166588256795, 0.9205659349197833]"
prism2,398,/home/humanoid/Programs/hand/results/phase1/run_20260413_pollard_multiscene_500_run2/prism2/generated_mjcf/scene_prism2_tp0d0086p0d0213p0d0009_ip0d0108n0d0199p0d0066_mp0d0077p0d0183p0d0034.xml,prism_y0d0300,True,0.02,4.0,1.0,1.0,4.417878509807819,0.05476369768587371,5.0,0.005811684629451734,1.0565531660034508,0.008571605710506466,0.021259249860929377,0.0008803123529353071,0.010802095205575884,-0.019921780238881113,0.006613136719011141,0.007685854373764274,0.0183301494512482,0.003400613466890816,"[0.08263128439284526, 1.3000400626383541, -1.1934317794271463, -0.14548773514971436, 1.4385704440511051, 1.1516368567344175, 0.10389342581421046, 1.489166588256795, 0.9205659349197833]"
prism2,400,/home/humanoid/Programs/hand/results/phase1/run_20260413_pollard_multiscene_500_run2/prism2/generated_mjcf/scene_prism2_tp0d0094p0d0127p0d0051_ip0d0209n0d0108p0d0092_mp0d0144p0d0193p0d0000.xml,prism_y0d0300,True,0.02,4.0,1.0,1.0,3.99413178437516,0.04994185411365897,4.0,0.011004719916097644,0.5687739446777487,0.009372313123217593,0.012687591986216464,0.005107999205280118,0.020884326403043323,-0.01077608685664617,0.009235654013356007,0.014419671401879495,0.01932431120884613,0.0,"[0.08263128439284526, 1.3000400626383541, -1.1934317794271463, -0.14548773514971436, 1.4385704440511051, 1.1516368567344175, 0.10389342581421046, 1.489166588256795, 0.9205659349197833]"
prism2,401,/home/humanoid/Programs/hand/results/phase1/run_20260413_pollard_multiscene_500_run2/prism2/generated_mjcf/scene_prism2_tn0d0066p0d0138p0d0000_ip0d0011n0d0196p0d0076_mp0d0043p0d0047p0d0000.xml,prism_y0d0300,True,0.02,4.0,1.0,1.0,4.533578941401977,0.054030941954611014,5.0,0.00572067728909744,0.4492361225801929,-0.006568166016017537,0.013757574947577381,0.0,0.001065966599342636,-0.01962445671424908,0.0076232278739171815,0.004307982889677852,0.004710504044540714,0.0,"[0.08263128439284526, 1.3000400626383541, -1.1934317794271463, -0.14548773514971436, 1.4385704440511051, 1.1516368567344175, 0.10389342581421046, 1.489166588256795, 0.9205659349197833]"
prism2,402,/home/humanoid/Programs/hand/results/phase1/run_20260413_pollard_multiscene_500_run2/prism2/generated_mjcf/scene_prism2_tn0d0061p0d0117p0d0000_ip0d0051n0d0055p0d0000_mp0d0162p0d0205p0d0000.xml,prism_y0d0300,True,0.02,4.0,1.0,1.0,4.4281207080841956,0.0487433920183261,5.0,0.007593113224892523,0.22598749834804038,-0.006070162506608994,0.011700464662166754,0.0,0.005108954427857113,-0.005521412233569041,0.0,0.0161877500683167,0.020471673403065584,0.0,"[0.08263128439284526, 1.3000400626383541, -1.1934317794271463, -0.14548773514971436, 1.4385704440511051, 1.1516368567344175, 0.10389342581421046, 1.489166588256795, 0.9205659349197833]"
prism2,403,/home/humanoid/Programs/hand/results/phase1/run_20260413_pollard_multiscene_500_run2/prism2/generated_mjcf/scene_prism2_tn0d0060p0d0300p0d0038_ip0d0005n0d0059p0d0000_mp0d0128p0d0242p0d0000.xml,prism_y0d0300,True,0.02,4.0,1.0,1.0,4.883360355032419,0.04969644418194479,6.0,0.0056673289520946775,0.1943877463055189,-0.006013261280368498,0.03,0.0037994320888812723,0.0004817540822769067,-0.005867111497752016,0.0,0.01282047936393451,0.024198128950756195,0.0,"[0.08263128439284526, 1.3000400626383541, -1.1934317794271463, -0.14548773514971436, 1.4385704440511051, 1.1516368567344175, 0.10389342581421046, 1.489166588256795, 0.9205659349197833]"
prism2,404,/home/humanoid/Programs/hand/results/phase1/run_20260413_pollard_multiscene_500_run2/prism2/generated_mjcf/scene_prism2_tp0d0014p0d0095p0d0078_ip0d0166n0d0207p0d0000_mp0d0045p0d0151p0d0008.xml,prism_y0d0300,True,0.02,4.0,1.0,1.0,4.473053666329642,0.04982584602731226,5.0,0.005829262035990208,0.29637552846608894,0.001414445381986533,0.009486985216727615,0.007769364107765152,0.01657461588220816,-0.020718033407936723,0.0,0.004544141871500557,0.01511193721917458,0.0007559026465335395,"[0.08263128439284526, 1.3000400626383541, -1.1934317794271463, -0.14548773514971436, 1.4385704440511051, 1.1516368567344175, 0.10389342581421046, 1.489166588256795, 0.9205659349197833]"
prism2,405,/home/humanoid/Programs/hand/results/phase1/run_20260413_pollard_multiscene_500_run2/prism2/generated_mjcf/scene_prism2_tn0d0054p0d0250p0d0000_in0d0008n0d0049p0d0000_mp0d0209p0d0196p0d0000.xml,prism_y0d0300,True,0.02,4.0,1.0,1.0,4.873548174429259,0.05051534065795716,6.0,0.006806667700151801,0.3823494079451969,-0.005358389402565853,0.025047091820678522,0.0,-0.0007916345280545387,-0.004914922017206636,0.0,0.020890783474579788,0.019618085441763078,0.0,"[0.08263128439284526, 1.3000400626383541, -1.1934317794271463, -0.14548773514971436, 1.4385704440511051, 1.1516368567344175, 0.10389342581421046, 1.489166588256795, 0.9205659349197833]"
prism2,406,/home/humanoid/Programs/hand/results/phase1/run_20260413_pollard_multiscene_500_run2/prism2/generated_mjcf/scene_prism2_tn0d0060p0d0184p0d0000_ip0d0056n0d0197p0d0000_mp0d0095p0d0212p0d0075.xml,prism_y0d0300,True,0.02,4.0,1.0,1.0,4.985926048550845,0.05364325911983435,6.0,0.0057680351148432715,0.2946114147801136,-0.005993677595785198,0.018350511114540634,0.0,0.005583373121617044,-0.019703464659717004,0.0,0.009452975904973352,0.021158879065359362,0.007512942109960084,"[0.08263128439284526, 1.3000400626383541, -1.1934317794271463, -0.14548773514971436, 1.4385704440511051, 1.1516368567344175, 0.10389342581421046, 1.489166588256795, 0.9205659349197833]"
prism2,407,/home/humanoid/Programs/hand/results/phase1/run_20260413_pollard_multiscene_500_run2/prism2/generated_mjcf/scene_prism2_tn0d0051p0d0279p0d0054_ip0d0150n0d0131p0d0007_mp0d0011p0d0239p0d0037.xml,prism_y0d0300,True,0.02,4.0,1.0,1.0,5.050646547222089,0.055673463892120974,6.0,0.0060961432978773955,0.1820675973221461,-0.005140192786809574,0.027934052286104214,0.0054220926649164,0.01495389301596657,-0.013107166884916394,0.0007151348632215403,0.0010701092854143394,0.023868681030051596,0.003737171765941818,"[0.08263128439284526, 1.3000400626383541, -1.1934317794271463, -0.14548773514971436, 1.4385704440511051, 1.1516368567344175, 0.10389342581421046, 1.489166588256795, 0.9205659349197833]"
prism2,408,/home/humanoid/Programs/hand/results/phase1/run_20260413_pollard_multiscene_500_run2/prism2/generated_mjcf/scene_prism2_tn0d0031p0d0175p0d0000_ip0d0080n0d0202p0d0000_mp0d0019p0d0207p0d0000.xml,prism_y0d0300,True,0.02,4.0,1.0,1.0,4.060334317845831,0.05004060873559204,4.0,0.0056448388761210465,0.41965943635578223,-0.0031305004524421823,0.017539118084760424,0.0,0.008034582351909472,-0.02018176662419567,0.0,0.0019428792417899906,0.020656344238335456,0.0,"[0.08263128439284526, 1.3000400626383541, -1.1934317794271463, -0.14548773514971436, 1.4385704440511051, 1.1516368567344175, 0.10389342581421046, 1.489166588256795, 0.9205659349197833]"
prism2,409,/home/humanoid/Programs/hand/results/phase1/run_20260413_pollard_multiscene_500_run2/prism2/generated_mjcf/scene_prism2_tn0d0016p0d0090p0d0000_ip0d0077n0d0186p0d0000_mp0d0089p0d0119p0d0000.xml,prism_y0d0300,True,0.02,4.0,1.0,1.0,4.564065933996673,0.05615110310406904,5.0,0.006310199763435633,0.618496936017407,-0.0016323170947495774,0.009036595485457571,0.0,0.007686997919964198,-0.018553378636850654,0.0,0.00890338183766952,0.011899722188182634,0.0,"[0.08263128439284526, 1.3000400626383541, -1.1934317794271463, -0.14548773514971436, 1.4385704440511051, 1.1516368567344175, 0.10389342581421046, 1.489166588256795, 0.9205659349197833]"
prism2,410,/home/humanoid/Programs/hand/results/phase1/run_20260413_pollard_multiscene_500_run2/prism2/generated_mjcf/scene_prism2_tn0d0053p0d0114p0d0023_ip0d0085n0d0114p0d0018_mp0d0188p0d0116p0d0014.xml,prism_y0d0300,True,0.02,4.0,1.0,1.0,4.511145600435366,0.04997628054223567,5.0,0.00698041867898874,0.038235000892436505,-0.005293281935177009,0.011409198503569133,0.0023185881529035456,0.008519201573778543,-0.011410397534888745,0.0017575752571704177,0.01881142883562955,0.011645587587469603,0.00142551727874291,"[0.08263128439284526, 1.3000400626383541, -1.1934317794271463, -0.14548773514971436, 1.4385704440511051, 1.1516368567344175, 0.10389342581421046, 1.489166588256795, 0.9205659349197833]"
prism2,411,/home/humanoid/Programs/hand/results/phase1/run_20260413_pollard_multiscene_500_run2/prism2/generated_mjcf/scene_prism2_tn0d0048p0d0150p0d0000_ip0d0065n0d0078p0d0000_mn0d0008p0d0033p0d0000.xml,prism_y0d0300,True,0.02,4.0,1.0,1.0,4.510824808177423,0.050223818815994116,5.0,0.005627344961363491,0.15985215217269827,-0.00483454322046063,0.0150354995281941,0.0,0.006463405685212573,-0.007794424323765136,0.0,-0.0007991368204927872,0.003305963248475482,0.0,"[0.08263128439284526, 1.3000400626383541, -1.1934317794271463, -0.14548773514971436, 1.4385704440511051, 1.1516368567344175, 0.10389342581421046, 1.489166588256795, 0.9205659349197833]"
prism2,412,/home/humanoid/Programs/hand/results/phase1/run_20260413_pollard_multiscene_500_run2/prism2/generated_mjcf/scene_prism2_tn0d0022p0d0223p0d0000_ip0d0189n0d0096p0d0055_mp0d0016p0d0090p0d0000.xml,prism_y0d0300,True,0.02,4.0,1.0,1.0,4.9003598640266866,0.04993012662274688,6.0,0.007062784109375976,0.0905906514389512,-0.0021633292292821196,0.02230517427223252,0.0,0.018897786349753608,-0.009618802295454976,0.005502816790046914,0.0016095316072317848,0.009027481605026609,0.0,"[0.08263128439284526, 1.3000400626383541, -1.1934317794271463, -0.14548773514971436, 1.4385704440511051, 1.1516368567344175, 0.10389342581421046, 1.489166588256795, 0.9205659349197833]"
prism2,413,/home/humanoid/Programs/hand/results/phase1/run_20260413_pollard_multiscene_500_run2/prism2/generated_mjcf/scene_prism2_tp0d0027p0d0123p0d0068_ip0d0058n0d0063p0d0039_mp0d0002p0d0195p0d0072.xml,prism_y0d0300,True,0.02,4.0,1.0,1.0,0.596830494493286,0.044507504424222334,4.0,0.01056009392020727,19.57409041424677,0.0026700165276494457,0.01226117259601896,0.006755428193157744,0.005831519725040962,-0.006284982002491805,0.003932208229509883,0.0001521947786814904,0.019464330946787185,0.007165036133727081,"[0.08263128439284526, 1.3000400626383541, -1.1934317794271463, -0.14548773514971436, 1.4385704440511051, 1.1516368567344175, 0.10389342581421046, 1.489166588256795, 0.9205659349197833]"
prism2,414,/home/humanoid/Programs/hand/results/phase1/run_20260413_pollard_multiscene_500_run2/prism2/generated_mjcf/scene_prism2_tp0d0119p0d0161p0d0000_ip0d0066n0d0103p0d0010_mn0d0012p0d0040p0d0000.xml,prism_y0d0300,True,0.02,4.0,1.0,1.0,4.737562635111814,0.05133515094552044,6.0,0.005630168401183759,0.9146647020244127,0.011926975172027825,0.016136097000490002,0.0,0.006603760238197899,-0.010256639026435648,0.000980959618551415,-0.0012493701764418955,0.004048123202399532,0.0,"[0.08263128439284526, 1.3000400626383541, -1.1934317794271463, -0.14548773514971436, 1.4385704440511051, 1.1516368567344175, 0.10389342581421046, 1.489166588256795, 0.9205659349197833]"
prism2,415,/home/humanoid/Programs/hand/results/phase1/run_20260413_pollard_multiscene_500_run2/prism2/generated_mjcf/scene_prism2_tp0d0091p0d0097p0d0079_ip0d0109n0d0031p0d0000_mp0d0176p0d0167p0d0000.xml,prism_y0d0300,True,0.02,4.0,1.0,1.0,4.481582600611121,0.049651035740760865,5.0,0.008001503129087468,0.14286549070568835,0.00906606741877758,0.009713425617874147,0.00791014140138167,0.010867190352182917,-0.003114253838119847,0.0,0.017584104657214175,0.01666546351720368,0.0,"[0.08263128439284526, 1.3000400626383541, -1.1934317794271463, -0.14548773514971436, 1.4385704440511051, 1.1516368567344175, 0.10389342581421046, 1.489166588256795, 0.9205659349197833]"
prism2,416,/home/humanoid/Programs/hand/results/phase1/run_20260413_pollard_multiscene_500_run2/prism2/generated_mjcf/scene_prism2_tn0d0072p0d0300p0d0000_in0d0010n0d0137p0d0020_mp0d0146p0d0033p0d0000.xml,prism_y0d0300,True,0.02,4.0,1.0,1.0,4.017326643691438,0.04903847890304989,4.0,0.0105935278719749,0.2653750375624068,-0.007174041971646325,0.03,0.0,-0.0009581709355264475,-0.013714458911787292,0.0019873955854658922,0.014588047567082667,0.0033140840490026857,0.0,"[0.08263128439284526, 1.3000400626383541, -1.1934317794271463, -0.14548773514971436, 1.4385704440511051, 1.1516368567344175, 0.10389342581421046, 1.489166588256795, 0.9205659349197833]"
prism2,417,/home/humanoid/Programs/hand/results/phase1/run_20260413_pollard_multiscene_500_run2/prism2/generated_mjcf/scene_prism2_tn0d0119p0d0130p0d0033_ip0d0053n0d0196p0d0063_mp0d0108p0d0186p0d0073.xml,prism_y0d0300,True,0.02,4.0,1.0,1.0,4.9197804938329055,0.05137827772722392,6.0,0.006673211748746149,0.3361441563646838,-0.011856844397496631,0.01301493444648736,0.0033127292805139857,0.005330779465385114,-0.019633635020686522,0.006301068543077583,0.01080103995901315,0.018606390761993538,0.007283380888463132,"[0.08263128439284526, 1.3000400626383541, -1.1934317794271463, -0.14548773514971436, 1.4385704440511051, 1.1516368567344175, 0.10389342581421046, 1.489166588256795, 0.9205659349197833]"
prism2,418,/home/humanoid/Programs/hand/results/phase1/run_20260413_pollard_multiscene_500_run2/prism2/generated_mjcf/scene_prism2_tn0d0063p0d0094p0d0039_ip0d0171n0d0119p0d0074_mp0d0067p0d0205p0d0006.xml,prism_y0d0300,True,0.02,4.0,1.0,1.0,3.9905707645794184,0.04807917447037745,4.0,0.012189501461277313,0.18994816145342266,-0.006296620053095982,0.009416219417424817,0.003924512405020338,0.01710157573507877,-0.01187522612800575,0.007410642288759425,0.006671445387090337,0.020463784667246666,0.0006463969782932299,"[0.08263128439284526, 1.3000400626383541, -1.1934317794271463, -0.14548773514971436, 1.4385704440511051, 1.1516368567344175, 0.10389342581421046, 1.489166588256795, 0.9205659349197833]"
prism2,419,/home/humanoid/Programs/hand/results/phase1/run_20260413_pollard_multiscene_500_run2/prism2/generated_mjcf/scene_prism2_tn0d0041p0d0241p0d0000_ip0d0099n0d0077p0d0052_mp0d0009p0d0211p0d0000.xml,prism_y0d0300,True,0.02,4.0,1.0,1.0,4.242760099574025,0.0502938083147457,5.0,0.005622477414040047,1.7484060831801436,-0.0041412976865153744,0.02409152225526526,0.0,0.009925318078709394,-0.0076590425951469,0.005194099965976872,0.0008881900785973618,0.021141476289865326,0.0,"[0.08263128439284526, 1.3000400626383541, -1.1934317794271463, -0.14548773514971436, 1.4385704440511051, 1.1516368567344175, 0.10389342581421046, 1.489166588256795, 0.9205659349197833]"
prism2,420,/home/humanoid/Programs/hand/results/phase1/run_20260413_pollard_multiscene_500_run2/prism2/generated_mjcf/scene_prism2_tp0d0071p0d0239p0d0000_ip0d0117n0d0022p0d0000_mp0d0151p0d0196p0d0030.xml,prism_y0d0300,True,0.02,4.0,1.0,1.0,4.6234018418367,0.054138332383092645,6.0,0.005744198375707772,2.3291493672748804,0.007137772626772659,0.023857670287552885,0.0,0.011669115350941957,-0.002227125826247416,0.0,0.015091260244914308,0.019558435737760817,0.0029842274549594285,"[0.08263128439284526, 1.3000400626383541, -1.1934317794271463, -0.14548773514971436, 1.4385704440511051, 1.1516368567344175, 0.10389342581421046, 1.489166588256795, 0.9205659349197833]"
prism2,421,/home/humanoid/Programs/hand/results/phase1/run_20260413_pollard_multiscene_500_run2/prism2/generated_mjcf/scene_prism2_tp0d0031p0d0156p0d0000_ip0d0072n0d0037p0d0005_mp0d0046p0d0088p0d0005.xml,prism_y0d0300,True,0.02,4.0,1.0,1.0,4.723750779920665,0.05419196628512431,6.0,0.00587040223713266,1.3884070289097796,0.003101723536340091,0.015595989589606042,0.0,0.0072454315533282704,-0.003652126546145917,0.0005213155205137689,0.004554379635483783,0.008842974072948777,0.0005496837176906175,"[0.08263128439284526, 1.3000400626383541, -1.1934317794271463, -0.14548773514971436, 1.4385704440511051, 1.1516368567344175, 0.10389342581421046, 1.489166588256795, 0.9205659349197833]"
prism2,422,/home/humanoid/Programs/hand/results/phase1/run_20260413_pollard_multiscene_500_run2/prism2/generated_mjcf/scene_prism2_tp0d0075p0d0090p0d0000_ip0d0095n0d0057p0d0041_mp0d0134p0d0225p0d0000.xml,prism_y0d0300,True,0.02,4.0,1.0,1.0,2.740951029404547,0.04478507104482006,4.0,0.01171091988468745,1.8568305942726369e-09,0.00753359398917278,0.009021919988826161,0.0,0.009544862541769275,-0.005731684550799405,0.004082674828820045,0.013428867191625499,0.02246770650074717,0.0,"[0.08263128439284526, 1.3000400626383541, -1.1934317794271463, -0.14548773514971436, 1.4385704440511051, 1.1516368567344175, 0.10389342581421046, 1.489166588256795, 0.9205659349197833]"
prism2,423,/home/humanoid/Programs/hand/results/phase1/run_20260413_pollard_multiscene_500_run2/prism2/generated_mjcf/scene_prism2_tp0d0012p0d0181p0d0075_ip0d0212n0d0045p0d0015_mp0d0201p0d0059p0d0019.xml,prism_y0d0300,True,0.02,4.0,1.0,1.0,4.524294320135352,0.04991759288140545,5.0,0.0057810289319612865,0.04852207820513773,0.001238563357003111,0.018056065507205808,0.007519693428228502,0.021206132398409232,-0.004470630085174411,0.001547317764403448,0.020053196267056254,0.005944634302786423,0.0019053686702290105,"[0.08263128439284526, 1.3000400626383541, -1.1934317794271463, -0.14548773514971436, 1.4385704440511051, 1.1516368567344175, 0.10389342581421046, 1.489166588256795, 0.9205659349197833]"
prism2,424,/home/humanoid/Programs/hand/results/phase1/run_20260413_pollard_multiscene_500_run2/prism2/generated_mjcf/scene_prism2_tp0d0094p0d0236p0d0023_ip0d0102n0d0222p0d0000_mp0d0161p0d0091p0d0072.xml,prism_y0d0300,True,0.02,4.0,1.0,1.0,1.6142937200971534,0.04937833714338247,4.0,0.012557055369057527,11.2414000589936,0.009439976988392936,0.0235887609771427,0.0023219766442525783,0.010182597409066308,-0.022214054731901495,0.0,0.01607133661999266,0.00907854784007011,0.007199720664709967,"[0.08263128439284526, 1.3000400626383541, -1.1934317794271463, -0.14548773514971436, 1.4385704440511051, 1.1516368567344175, 0.10389342581421046, 1.489166588256795, 0.9205659349197833]"
prism2,425,/home/humanoid/Programs/hand/results/phase1/run_20260413_pollard_multiscene_500_run2/prism2/generated_mjcf/scene_prism2_tn0d0097p0d0265p0d0000_ip0d0173n0d0239p0d0060_mp0d0079p0d0266p0d0000.xml,prism_y0d0300,True,0.02,4.0,1.0,1.0,4.386391327077328,0.049297165899676865,5.0,0.007556781893133466,0.5663365175295597,-0.009735946968143526,0.026515306910265567,0.0,0.017292401019917678,-0.023949163087233355,0.0060141306694627104,0.00787056582813915,0.026566998527488665,0.0,"[0.08263128439284526, 1.3000400626383541, -1.1934317794271463, -0.14548773514971436, 1.4385704440511051, 1.1516368567344175, 0.10389342581421046, 1.489166588256795, 0.9205659349197833]"
prism2,426,/home/humanoid/Programs/hand/results/phase1/run_20260413_pollard_multiscene_500_run2/prism2/generated_mjcf/scene_prism2_tn0d0023p0d0240p0d0049_ip0d0145n0d0043p0d0105_mp0d0153p0d0156p0d0059.xml,prism_y0d0300,True,0.02,4.0,1.0,1.0,3.877150803603376,0.04979540721605286,4.0,0.005744929611666306,1.4777597184325915,-0.002251750389289927,0.023967651029735318,0.004939390703879207,0.014508762345518499,-0.004347934226913543,0.010485183735368647,0.015342193193272654,0.015622395217333425,0.005919397109665846,"[0.08263128439284526, 1.3000400626383541, -1.1934317794271463, -0.14548773514971436, 1.4385704440511051, 1.1516368567344175, 0.10389342581421046, 1.489166588256795, 0.9205659349197833]"
prism2,428,/home/humanoid/Programs/hand/results/phase1/run_20260413_pollard_multiscene_500_run2/prism2/generated_mjcf/scene_prism2_tp0d0039p0d0091p0d0000_ip0d0043n0d0228p0d0000_mp0d0132p0d0109p0d0085.xml,prism_y0d0300,True,0.02,4.0,1.0,1.0,4.017981135884734,0.04943971882785508,4.0,0.008071945376853677,0.29218842682191504,0.003934916242328907,0.009055660371116435,0.0,0.0042966683546525174,-0.022817310905164527,0.0,0.013238842010290162,0.010876905015767713,0.008523745451003876,"[0.08263128439284526, 1.3000400626383541, -1.1934317794271463, -0.14548773514971436, 1.4385704440511051, 1.1516368567344175, 0.10389342581421046, 1.489166588256795, 0.9205659349197833]"
prism2,429,/home/humanoid/Programs/hand/results/phase1/run_20260413_pollard_multiscene_500_run2/prism2/generated_mjcf/scene_prism2_tp0d0051p0d0136p0d0089_in0d0006n0d0155p0d0015_mp0d0118p0d0055p0d0053.xml,prism_y0d0300,True,0.02,4.0,1.0,1.0,4.878721885823489,0.04981368397907822,6.0,0.007584803094747162,0.15765506309087388,0.005125087482668465,0.013563331531296553,0.008941585970417887,-0.0005944345291723756,-0.015549005861688751,0.0015394288276203757,0.011795680983158995,0.005463134066536002,0.00529108644876362,"[0.08263128439284526, 1.3000400626383541, -1.1934317794271463, -0.14548773514971436, 1.4385704440511051, 1.1516368567344175, 0.10389342581421046, 1.489166588256795, 0.9205659349197833]"
prism2,430,/home/humanoid/Programs/hand/results/phase1/run_20260413_pollard_multiscene_500_run2/prism2/generated_mjcf/scene_prism2_tp0d0108p0d0253p0d0023_ip0d0047n0d0158p0d0000_mp0d0045p0d0174p0d0005.xml,prism_y0d0300,True,0.02,4.0,1.0,1.0,4.259659142289238,0.0528115098533056,5.0,0.00598289835489853,1.3726139084660773,0.010755727203491484,0.025319041018740367,0.0023424459642572733,0.004681210473767024,-0.0158168109349753,0.0,0.004522423977653443,0.01743127013831674,0.00046354652795747506,"[0.08263128439284526, 1.3000400626383541, -1.1934317794271463, -0.14548773514971436, 1.4385704440511051, 1.1516368567344175, 0.10389342581421046, 1.489166588256795, 0.9205659349197833]"
prism2,431,/home/humanoid/Programs/hand/results/phase1/run_20260413_pollard_multiscene_500_run2/prism2/generated_mjcf/scene_prism2_tn0d0090p0d0163p0d0012_ip0d0106n0d0210p0d0079_mp0d0186p0d0239p0d0033.xml,prism_y0d0300,True,0.02,4.0,1.0,1.0,4.94353262748892,0.05191354735750577,6.0,0.006117069909008781,0.31311813991440696,-0.009045069329629866,0.016286414078574243,0.001232079353439438,0.010607776781234562,-0.021005149767894388,0.007941771113298229,0.018568443556381972,0.023899946224055856,0.0033294426360466443,"[0.08263128439284526, 1.3000400626383541, -1.1934317794271463, -0.14548773514971436, 1.4385704440511051, 1.1516368567344175, 0.10389342581421046, 1.489166588256795, 0.9205659349197833]"
prism2,432,/home/humanoid/Programs/hand/results/phase1/run_20260413_pollard_multiscene_500_run2/prism2/generated_mjcf/scene_prism2_tp0d0063p0d0270p0d0000_ip0d0020n0d0149p0d0044_mp0d0158p0d0060p0d0000.xml,prism_y0d0300,True,0.02,4.0,1.0,1.0,1.607346772715247,0.04943765789286084,4.0,0.010643390626494201,8.937591856710537,0.0063085193443046805,0.02696360007822303,0.0,0.001961325675993948,-0.014902927055320836,0.00437067189933418,0.015768154956900225,0.005974865905798616,0.0,"[0.08263128439284526, 1.3000400626383541, -1.1934317794271463, -0.14548773514971436, 1.4385704440511051, 1.1516368567344175, 0.10389342581421046, 1.489166588256795, 0.9205659349197833]"
prism2,433,/home/humanoid/Programs/hand/results/phase1/run_20260413_pollard_multiscene_500_run2/prism2/generated_mjcf/scene_prism2_tn0d0039p0d0300p0d0000_in0d0010n0d0194p0d0059_mp0d0206p0d0041p0d0000.xml,prism_y0d0300,True,0.02,4.0,1.0,1.0,3.979492662477833,0.048859738123569335,4.0,0.011937385055445372,0.19390866172736912,-0.003949258224395914,0.03,0.0,-0.0009504631194709491,-0.019444312238559795,0.005891477691566099,0.02061378315896422,0.004131062854890644,0.0,"[0.08263128439284526, 1.3000400626383541, -1.1934317794271463, -0.14548773514971436, 1.4385704440511051, 1.1516368567344175, 0.10389342581421046, 1.489166588256795, 0.9205659349197833]"
prism2,434,/home/humanoid/Programs/hand/results/phase1/run_20260413_pollard_multiscene_500_run2/prism2/generated_mjcf/scene_prism2_tp0d0061p0d0184p0d0000_ip0d0176n0d0215p0d0000_mp0d0035p0d0238p0d0000.xml,prism_y0d0300,True,0.02,4.0,1.0,1.0,4.2978716962089285,0.05090831654640807,5.0,0.005822878167277463,1.1148617492233832,0.006131997720201,0.018435290362744716,0.0,0.017619931956625062,-0.021477761725560728,0.0,0.0035011270404651136,0.02378280003369332,0.0,"[0.08263128439284526, 1.3000400626383541, -1.1934317794271463, -0.14548773514971436, 1.4385704440511051, 1.1516368567344175, 0.10389342581421046, 1.489166588256795, 0.9205659349197833]"
prism2,435,/home/humanoid/Programs/hand/results/phase1/run_20260413_pollard_multiscene_500_run2/prism2/generated_mjcf/scene_prism2_tp0d0106p0d0242p0d0000_ip0d0096n0d0043p0d0000_mp0d0168p0d0273p0d0000.xml,prism_y0d0300,True,0.02,4.0,1.0,1.0,3.9595737748279927,0.04933494548570387,4.0,0.008965271880254451,0.36468322524443453,0.01063084908390945,0.024171536197284713,0.0,0.009551757925849768,-0.004272562894365733,0.0,0.01678767899884418,0.02727275818868951,0.0,"[0.08263128439284526, 1.3000400626383541, -1.1934317794271463, -0.14548773514971436, 1.4385704440511051, 1.1516368567344175, 0.10389342581421046, 1.489166588256795, 0.9205659349197833]"
prism2,436,/home/humanoid/Programs/hand/results/phase1/run_20260413_pollard_multiscene_500_run2/prism2/generated_mjcf/scene_prism2_tn0d0076p0d0236p0d0000_ip0d0170n0d0200p0d0017_mn0d0013p0d0079p0d0047.xml,prism_y0d0300,True,0.02,4.0,1.0,1.0,4.496498572078535,0.05016453008908056,5.0,0.007005305353774249,0.1580299021995141,-0.007610571290414185,0.023550381931943205,0.0,0.016999661265836574,-0.019983140800411376,0.0017189998139261614,-0.0013349599660444859,0.007934704045173926,0.004699890575137328,"[0.08263128439284526, 1.3000400626383541, -1.1934317794271463, -0.14548773514971436, 1.4385704440511051, 1.1516368567344175, 0.10389342581421046, 1.489166588256795, 0.9205659349197833]"
prism2,437,/home/humanoid/Programs/hand/results/phase1/run_20260413_pollard_multiscene_500_run2/prism2/generated_mjcf/scene_prism2_tp0d0026p0d0114p0d0000_ip0d0156n0d0003p0d0000_mp0d0170p0d0047p0d0000.xml,prism_y0d0300,True,0.02,4.0,1.0,1.0,4.817383323577568,0.05120533295350734,6.0,0.006619506349238076,0.42261905216854057,0.0026176839625111185,0.011391178484980292,0.0,0.015624984481607816,-0.0003278282907494979,0.0,0.01703328899292387,0.004654251325363892,0.0,"[0.08263128439284526, 1.3000400626383541, -1.1934317794271463, -0.14548773514971436, 1.4385704440511051, 1.1516368567344175, 0.10389342581421046, 1.489166588256795, 0.9205659349197833]"
prism2,438,/home/humanoid/Programs/hand/results/phase1/run_20260413_pollard_multiscene_500_run2/prism2/generated_mjcf/scene_prism2_tp0d0102p0d0223p0d0000_ip0d0153n0d0106p0d0001_mp0d0175p0d0220p0d0000.xml,prism_y0d0300,True,0.02,4.0,1.0,1.0,3.918205020983817,0.049884567744714725,4.0,0.005612329912519694,1.2829088010719798,0.01018342807798086,0.02234125613906514,0.0,0.015265627310635044,-0.01062878129420388,0.0001183555941337601,0.017501498305174445,0.02201449786772612,0.0,"[0.08263128439284526, 1.3000400626383541, -1.1934317794271463, -0.14548773514971436, 1.4385704440511051, 1.1516368567344175, 0.10389342581421046, 1.489166588256795, 0.9205659349197833]"
prism2,439,/home/humanoid/Programs/hand/results/phase1/run_20260413_pollard_multiscene_500_run2/prism2/generated_mjcf/scene_prism2_tp0d0041p0d0221p0d0000_ip0d0023n0d0110p0d0000_mp0d0163p0d0236p0d0038.xml,prism_y0d0300,True,0.02,4.0,1.0,1.0,4.800690245820692,0.049359364513249585,6.0,0.007179337088318565,0.39617972936318707,0.004055396234236862,0.02212583123867185,0.0,0.002321135574197007,-0.011019493156771299,0.0,0.016328507377646455,0.0235699176351113,0.0038354519921154837,"[0.08263128439284526, 1.3000400626383541, -1.1934317794271463, -0.14548773514971436, 1.4385704440511051, 1.1516368567344175, 0.10389342581421046, 1.489166588256795, 0.9205659349197833]"
prism2,440,/home/humanoid/Programs/hand/results/phase1/run_20260413_pollard_multiscene_500_run2/prism2/generated_mjcf/scene_prism2_tn0d0057p0d0197p0d0105_ip0d0083n0d0174p0d0070_mp0d0210p0d0172p0d0027.xml,prism_y0d0300,True,0.02,4.0,1.0,1.0,4.380805277608301,0.05024284690928993,5.0,0.005901966022863158,0.8183137713804542,-0.0057197918777049635,0.019696955628222775,0.010458688009170419,0.008337152167123458,-0.01735205375378309,0.007023605683724916,0.02102385264600795,0.017152563023836435,0.002682832330421164,"[0.08263128439284526, 1.3000400626383541, -1.1934317794271463, -0.14548773514971436, 1.4385704440511051, 1.1516368567344175, 0.10389342581421046, 1.489166588256795, 0.9205659349197833]"
prism2,441,/home/humanoid/Programs/hand/results/phase1/run_20260413_pollard_multiscene_500_run2/prism2/generated_mjcf/scene_prism2_tp0d0019p0d0226p0d0066_ip0d0082n0d0120p0d0000_mp0d0103p0d0238p0d0000.xml,prism_y0d0300,True,0.02,4.0,1.0,1.0,3.755190219497237,0.04962005233173871,4.0,0.00574677383043146,2.09069038593373,0.0019416655371988813,0.02259363229947895,0.006594002727760957,0.008215286594117186,-0.01202021011361221,0.0,0.010305003915128633,0.023819476571518408,0.0,"[0.08263128439284526, 1.3000400626383541, -1.1934317794271463, -0.14548773514971436, 1.4385704440511051, 1.1516368567344175, 0.10389342581421046, 1.489166588256795, 0.9205659349197833]"
prism2,442,/home/humanoid/Programs/hand/results/phase1/run_20260413_pollard_multiscene_500_run2/prism2/generated_mjcf/scene_prism2_tp0d0098p0d0113p0d0000_ip0d0119n0d0008p0d0043_mp0d0123p0d0187p0d0000.xml,prism_y0d0300,True,0.02,4.0,1.0,1.0,2.7450681910761396,0.045259284636254976,4.0,0.011510778459524397,0.000385726627888735,0.009780483521716198,0.01132231065837554,0.0,0.011857494599218721,-0.0007928173974697684,0.004320046888400382,0.012275952742412203,0.018654839480562325,0.0,"[0.08263128439284526, 1.3000400626383541, -1.1934317794271463, -0.14548773514971436, 1.4385704440511051, 1.1516368567344175, 0.10389342581421046, 1.489166588256795, 0.9205659349197833]"
prism2,443,/home/humanoid/Programs/hand/results/phase1/run_20260413_pollard_multiscene_500_run2/prism2/generated_mjcf/scene_prism2_tp0d0113p0d0300p0d0000_in0d0006n0d0191p0d0000_mp0d0187p0d0119p0d0095.xml,prism_y0d0300,True,0.02,4.0,1.0,1.0,2.9615327231948876,0.04880359822341686,4.0,0.013043719017557924,0.1670318577507822,0.011258075666834896,0.03,0.0,-0.0006457849871351617,-0.019081365910640965,0.0,0.018655235429646706,0.01185682668301296,0.009518651544530462,"[0.08263128439284526, 1.3000400626383541, -1.1934317794271463, -0.14548773514971436, 1.4385704440511051, 1.1516368567344175, 0.10389342581421046, 1.489166588256795, 0.9205659349197833]"
prism2,444,/home/humanoid/Programs/hand/results/phase1/run_20260413_pollard_multiscene_500_run2/prism2/generated_mjcf/scene_prism2_tp0d0000p0d0094p0d0090_ip0d0033n0d0070p0d0000_mn0d0015p0d0115p0d0011.xml,prism_y0d0300,True,0.02,4.0,1.0,1.0,3.9821507800957594,0.04829278268869333,4.0,0.009719614978470755,0.229973965841629,3.9475085303166194e-05,0.009449388158865814,0.009004617717149246,0.0033270163392911,-0.006972047386813037,0.0,-0.0014581746872513821,0.01150486117663375,0.0011050946491694934,"[0.08263128439284526, 1.3000400626383541, -1.1934317794271463, -0.14548773514971436, 1.4385704440511051, 1.1516368567344175, 0.10389342581421046, 1.489166588256795, 0.9205659349197833]"
prism2,445,/home/humanoid/Programs/hand/results/phase1/run_20260413_pollard_multiscene_500_run2/prism2/generated_mjcf/scene_prism2_tp0d0077p0d0300p0d0000_ip0d0026n0d0098p0d0003_mp0d0090p0d0242p0d0073.xml,prism_y0d0300,True,0.02,4.0,1.0,1.0,4.3581841464929205,0.05057980790660329,5.0,0.005683436598364504,1.1419924527363672,0.00768753876739613,0.03,0.0,0.0025976512521246773,-0.009816610602493132,0.00029591957992342564,0.009017485474437894,0.024158653166428484,0.007259589915213454,"[0.08263128439284526, 1.3000400626383541, -1.1934317794271463, -0.14548773514971436, 1.4385704440511051, 1.1516368567344175, 0.10389342581421046, 1.489166588256795, 0.9205659349197833]"
prism2,446,/home/humanoid/Programs/hand/results/phase1/run_20260413_pollard_multiscene_500_run2/prism2/generated_mjcf/scene_prism2_tn0d0011p0d0133p0d0000_ip0d0064n0d0056p0d0000_mp0d0169p0d0078p0d0097.xml,prism_y0d0300,True,0.02,4.0,1.0,1.0,4.489532376499558,0.050355104707093506,5.0,0.007692953655461504,0.1831274867005629,-0.0011360838082298663,0.01325824991429327,0.0,0.006370644463462772,-0.005629206754397946,0.0,0.016873785784942086,0.00783212339710345,0.009701247693015839,"[0.08263128439284526, 1.3000400626383541, -1.1934317794271463, -0.14548773514971436, 1.4385704440511051, 1.1516368567344175, 0.10389342581421046, 1.489166588256795, 0.9205659349197833]"
prism2,447,/home/humanoid/Programs/hand/results/phase1/run_20260413_pollard_multiscene_500_run2/prism2/generated_mjcf/scene_prism2_tn0d0090p0d0157p0d0000_ip0d0219n0d0157p0d0059_mp0d0063p0d0143p0d0034.xml,prism_y0d0300,True,0.02,4.0,1.0,1.0,4.423670356952703,0.05122008459466647,5.0,0.0056166434019888365,0.6494478280777364,-0.00904278167422818,0.015719803582083764,0.0,0.02194357027748288,-0.01567893837806663,0.005854617823766374,0.006262715532870271,0.0143171905155444,0.00339523737421424,"[0.08263128439284526, 1.3000400626383541, -1.1934317794271463, -0.14548773514971436, 1.4385704440511051, 1.1516368567344175, 0.10389342581421046, 1.489166588256795, 0.9205659349197833]"
prism2,448,/home/humanoid/Programs/hand/results/phase1/run_20260413_pollard_multiscene_500_run2/prism2/generated_mjcf/scene_prism2_tp0d0003p0d0134p0d0000_ip0d0206n0d0099p0d0000_mp0d0083p0d0251p0d0000.xml,prism_y0d0300,True,0.02,4.0,1.0,1.0,3.8630221543828442,0.04826040746702561,4.0,0.011667070373468568,0.8508346961598058,0.0002617629877949522,0.013412109453143835,0.0,0.020648687224171146,-0.009855365425905357,0.0,0.008263438874933736,0.02514626012262553,0.0,"[0.08263128439284526, 1.3000400626383541, -1.1934317794271463, -0.14548773514971436, 1.4385704440511051, 1.1516368567344175, 0.10389342581421046, 1.489166588256795, 0.9205659349197833]"
prism2,449,/home/humanoid/Programs/hand/results/phase1/run_20260413_pollard_multiscene_500_run2/prism2/generated_mjcf/scene_prism2_tn0d0067p0d0251p0d0000_ip0d0118n0d0189p0d0103_mp0d0178p0d0230p0d0000.xml,prism_y0d0300,True,0.02,4.0,1.0,1.0,4.560549477259302,0.05376264823480597,5.0,0.005607675621122146,0.34230264054319526,-0.006688079787446489,0.025055041151438993,0.0,0.011787691163478548,-0.018857419838083388,0.010269059958378499,0.017802052151034024,0.02298066643960671,0.0,"[0.08263128439284526, 1.3000400626383541, -1.1934317794271463, -0.14548773514971436, 1.4385704440511051, 1.1516368567344175, 0.10389342581421046, 1.489166588256795, 0.9205659349197833]"
prism2,450,/home/humanoid/Programs/hand/results/phase1/run_20260413_pollard_multiscene_500_run2/prism2/generated_mjcf/scene_prism2_tn0d0115p0d0097p0d0000_ip0d0058n0d0039p0d0082_mp0d0180p0d0149p0d0014.xml,prism_y0d0300,True,0.02,4.0,1.0,1.0,4.52966527870481,0.05080806839124197,5.0,0.007094670556456619,0.2071833950260404,-0.011498837979600898,0.009706578963080024,0.0,0.005800274182427564,-0.003875181551276056,0.008213794678798934,0.018034952841468985,0.014892628460001858,0.0014142894425570804,"[0.08263128439284526, 1.3000400626383541, -1.1934317794271463, -0.14548773514971436, 1.4385704440511051, 1.1516368567344175, 0.10389342581421046, 1.489166588256795, 0.9205659349197833]"
prism2,451,/home/humanoid/Programs/hand/results/phase1/run_20260413_pollard_multiscene_500_run2/prism2/generated_mjcf/scene_prism2_tn0d0015p0d0169p0d0000_ip0d0172n0d0104p0d0011_mp0d0107p0d0072p0d0079.xml,prism_y0d0300,True,0.02,4.0,1.0,1.0,4.437027702381909,0.049526720588122825,5.0,0.005641782430621506,0.3832636971917897,-0.0015262415059165927,0.016865296197385568,0.0,0.01723625189913445,-0.010377268605681585,0.0010902005619215262,0.010692937551189264,0.007170400093331903,0.007890693852559163,"[0.08263128439284526, 1.3000400626383541, -1.1934317794271463, -0.14548773514971436, 1.4385704440511051, 1.1516368567344175, 0.10389342581421046, 1.489166588256795, 0.9205659349197833]"
prism2,452,/home/humanoid/Programs/hand/results/phase1/run_20260413_pollard_multiscene_500_run2/prism2/generated_mjcf/scene_prism2_tp0d0042p0d0187p0d0000_in0d0003n0d0036p0d0030_mp0d0164p0d0240p0d0000.xml,prism_y0d0300,True,0.02,4.0,1.0,1.0,3.924691810290149,0.04692844163454159,4.0,0.008239977717384859,0.3055562404494089,0.004224288169672047,0.018713736538135094,0.0,-0.0002762932500023751,-0.0035924675596602177,0.0029657756018682153,0.016360768858148723,0.02400119577539169,0.0,"[0.08263128439284526, 1.3000400626383541, -1.1934317794271463, -0.14548773514971436, 1.4385704440511051, 1.1516368567344175, 0.10389342581421046, 1.489166588256795, 0.9205659349197833]"
prism2,453,/home/humanoid/Programs/hand/results/phase1/run_20260413_pollard_multiscene_500_run2/prism2/generated_mjcf/scene_prism2_tn0d0023p0d0300p0d0000_ip0d0087n0d0088p0d0000_mp0d0061p0d0096p0d0107.xml,prism_y0d0300,True,0.02,4.0,1.0,1.0,4.0522765830505945,0.05094166744468191,4.0,0.010950253751052652,0.4555482437469513,-0.002253257700280441,0.02996832043086915,0.0,0.008742601393709004,-0.008847917458295534,0.0,0.006059896220482771,0.009636807884215167,0.010725091745554787,"[0.08263128439284526, 1.3000400626383541, -1.1934317794271463, -0.14548773514971436, 1.4385704440511051, 1.1516368567344175, 0.10389342581421046, 1.489166588256795, 0.9205659349197833]"
prism2,454,/home/humanoid/Programs/hand/results/phase1/run_20260413_pollard_multiscene_500_run2/prism2/generated_mjcf/scene_prism2_tn0d0120p0d0128p0d0116_ip0d0050n0d0194p0d0076_mp0d0166p0d0127p0d0000.xml,prism_y0d0300,True,0.02,4.0,1.0,1.0,4.892890747956999,0.051672860265634016,6.0,0.006006416375821694,0.3472851580309574,-0.011972388872996056,0.01282487263656613,0.011611864056680684,0.005026344630147989,-0.019399767209179065,0.007643009671431975,0.01662868765354221,0.01269309732471084,0.0,"[0.08263128439284526, 1.3000400626383541, -1.1934317794271463, -0.14548773514971436, 1.4385704440511051, 1.1516368567344175, 0.10389342581421046, 1.489166588256795, 0.9205659349197833]"
prism2,455,/home/humanoid/Programs/hand/results/phase1/run_20260413_pollard_multiscene_500_run2/prism2/generated_mjcf/scene_prism2_tn0d0042p0d0280p0d0000_ip0d0104n0d0162p0d0000_mp0d0194p0d0120p0d0006.xml,prism_y0d0300,True,0.02,4.0,1.0,1.0,4.119834827917831,0.05246000210632902,4.0,0.009847606399510418,0.44383982902896996,-0.004184508743415265,0.027977910545990033,0.0,0.010384936074195428,-0.016192820587361226,0.0,0.019421232223716424,0.011961081300551542,0.0006333455042184973,"[0.08263128439284526, 1.3000400626383541, -1.1934317794271463, -0.14548773514971436, 1.4385704440511051, 1.1516368567344175, 0.10389342581421046, 1.489166588256795, 0.9205659349197833]"
prism2,456,/home/humanoid/Programs/hand/results/phase1/run_20260413_pollard_multiscene_500_run2/prism2/generated_mjcf/scene_prism2_tn0d0040p0d0123p0d0003_ip0d0092n0d0065p0d0071_mp0d0134p0d0052p0d0000.xml,prism_y0d0300,True,0.02,4.0,1.0,1.0,4.890710025614509,0.053608242210209725,6.0,0.005843714985732436,0.8524393926097508,-0.004036233379079683,0.01228166921896134,0.0003371369671329571,0.009179435430101485,-0.006514778638218343,0.007092787816219352,0.01344244043374698,0.005212812531370138,0.0,"[0.08263128439284526, 1.3000400626383541, -1.1934317794271463, -0.14548773514971436, 1.4385704440511051, 1.1516368567344175, 0.10389342581421046, 1.489166588256795, 0.9205659349197833]"
prism2,457,/home/humanoid/Programs/hand/results/phase1/run_20260413_pollard_multiscene_500_run2/prism2/generated_mjcf/scene_prism2_tn0d0077p0d0092p0d0053_ip0d0059n0d0119p0d0000_mp0d0084p0d0256p0d0009.xml,prism_y0d0300,True,0.02,4.0,1.0,1.0,3.997742438566683,0.048229478628487935,4.0,0.010589375756234502,0.24557215731974932,-0.0077221560129722205,0.009241343482545189,0.005305268489148921,0.005934026353985964,-0.01189567654957444,0.0,0.008416652191713826,0.02558215821274215,0.0008878869964164988,"[0.08263128439284526, 1.3000400626383541, -1.1934317794271463, -0.14548773514971436, 1.4385704440511051, 1.1516368567344175, 0.10389342581421046, 1.489166588256795, 0.9205659349197833]"
prism2,458,/home/humanoid/Programs/hand/results/phase1/run_20260413_pollard_multiscene_500_run2/prism2/generated_mjcf/scene_prism2_tn0d0087p0d0102p0d0000_ip0d0007n0d0098p0d0001_mp0d0183p0d0189p0d0098.xml,prism_y0d0300,True,0.02,4.0,1.0,1.0,4.4868965783505494,0.04977881687862416,5.0,0.008126431740133333,0.10897327868021268,-0.008684111063004037,0.010177429826163853,0.0,0.0006950654730162355,-0.009834574943168922,9.944646366308318e-05,0.018299039648385917,0.01888504637861417,0.00980088854210293,"[0.08263128439284526, 1.3000400626383541, -1.1934317794271463, -0.14548773514971436, 1.4385704440511051, 1.1516368567344175, 0.10389342581421046, 1.489166588256795, 0.9205659349197833]"
prism2,459,/home/humanoid/Programs/hand/results/phase1/run_20260413_pollard_multiscene_500_run2/prism2/generated_mjcf/scene_prism2_tp0d0038p0d0277p0d0015_ip0d0094n0d0050p0d0087_mp0d0111p0d0248p0d0007.xml,prism_y0d0300,True,0.02,4.0,1.0,1.0,4.460225001556137,0.04937194063773184,5.0,0.005702260684458136,0.30122894492202257,0.0038372290418067397,0.027679147460744107,0.00146902495111516,0.009444239676410551,-0.005007706588113394,0.008700653976734352,0.01105983181184128,0.024784398737338946,0.0006566282614868125,"[0.08263128439284526, 1.3000400626383541, -1.1934317794271463, -0.14548773514971436, 1.4385704440511051, 1.1516368567344175, 0.10389342581421046, 1.489166588256795, 0.9205659349197833]"
prism2,460,/home/humanoid/Programs/hand/results/phase1/run_20260413_pollard_multiscene_500_run2/prism2/generated_mjcf/scene_prism2_tp0d0051p0d0151p0d0076_in0d0005n0d0087p0d0083_mp0d0021p0d0071p0d0000.xml,prism_y0d0300,True,0.02,4.0,1.0,1.0,4.33776641493258,0.049810177745123724,5.0,0.005738690096559994,1.1056996377742254,0.005070275558583852,0.015144088267443812,0.0076441035634370325,-0.0004886669091993274,-0.008682677275442627,0.008332307329351672,0.0020755398598146044,0.007136235813742821,0.0,"[0.08263128439284526, 1.3000400626383541, -1.1934317794271463, -0.14548773514971436, 1.4385704440511051, 1.1516368567344175, 0.10389342581421046, 1.489166588256795, 0.9205659349197833]"
prism2,461,/home/humanoid/Programs/hand/results/phase1/run_20260413_pollard_multiscene_500_run2/prism2/generated_mjcf/scene_prism2_tn0d0027p0d0160p0d0096_ip0d0197n0d0084p0d0031_mp0d0191p0d0191p0d0000.xml,prism_y0d0300,True,0.02,4.0,1.0,1.0,4.568000269403664,0.052221899619532455,5.0,0.006493944638368753,0.12129156674547917,-0.0027418946600591115,0.015962260923850703,0.009641864745706736,0.019737998008139197,-0.008400394671306056,0.003105569813784431,0.019108178305188572,0.01911854850404001,0.0,"[0.08263128439284526, 1.3000400626383541, -1.1934317794271463, -0.14548773514971436, 1.4385704440511051, 1.1516368567344175, 0.10389342581421046, 1.489166588256795, 0.9205659349197833]"
prism2,462,/home/humanoid/Programs/hand/results/phase1/run_20260413_pollard_multiscene_500_run2/prism2/generated_mjcf/scene_prism2_tn0d0074p0d0158p0d0080_ip0d0193n0d0065p0d0068_mp0d0003p0d0179p0d0022.xml,prism_y0d0300,True,0.02,4.0,1.0,1.0,3.7764773760717665,0.049946065781744334,5.0,0.006047705559616467,4.736332128766459,-0.007404738332604117,0.015765543940939562,0.007990530901553664,0.019324819285983626,-0.006543558792698018,0.006772267263960373,0.0002677811277845294,0.017936383260698505,0.0021669874134804725,"[0.08263128439284526, 1.3000400626383541, -1.1934317794271463, -0.14548773514971436, 1.4385704440511051, 1.1516368567344175, 0.10389342581421046, 1.489166588256795, 0.9205659349197833]"
prism2,463,/home/humanoid/Programs/hand/results/phase1/run_20260413_pollard_multiscene_500_run2/prism2/generated_mjcf/scene_prism2_tn0d0051p0d0300p0d0000_ip0d0060n0d0056p0d0000_mn0d0001p0d0189p0d0000.xml,prism_y0d0300,True,0.02,4.0,1.0,1.0,4.9763774667289375,0.05663114184324983,6.0,0.005950770332637394,0.6666450337420844,-0.005099808976157512,0.03,0.0,0.005961773689922919,-0.005637245574518971,0.0,-0.00013024896387718067,0.018937237793003735,0.0,"[0.08263128439284526, 1.3000400626383541, -1.1934317794271463, -0.14548773514971436, 1.4385704440511051, 1.1516368567344175, 0.10389342581421046, 1.489166588256795, 0.9205659349197833]"
prism2,464,/home/humanoid/Programs/hand/results/phase1/run_20260413_pollard_multiscene_500_run2/prism2/generated_mjcf/scene_prism2_tn0d0054p0d0109p0d0107_ip0d0147n0d0019p0d0104_mp0d0043p0d0052p0d0098.xml,prism_y0d0300,True,0.02,4.0,1.0,1.0,4.82608881667328,0.05017386983524362,6.0,0.006361070543657286,0.2869038705392544,-0.005388295655969974,0.010895009566350942,0.010705614806808997,0.014669172889080135,-0.0018880941279286554,0.010449585597510806,0.004269540828584654,0.005219547507113649,0.009837767568049896,"[0.08263128439284526, 1.3000400626383541, -1.1934317794271463, -0.14548773514971436, 1.4385704440511051, 1.1516368567344175, 0.10389342581421046, 1.489166588256795, 0.9205659349197833]"
prism2,465,/home/humanoid/Programs/hand/results/phase1/run_20260413_pollard_multiscene_500_run2/prism2/generated_mjcf/scene_prism2_tp0d0032p0d0149p0d0000_ip0d0097n0d0096p0d0000_mp0d0036p0d0065p0d0091.xml,prism_y0d0300,True,0.02,4.0,1.0,1.0,4.391679385712296,0.049780309605741015,5.0,0.005631779755007821,0.8010596352252761,0.0031694280086304993,0.014940037139802399,0.0,0.009734840540635576,-0.009609581632785089,0.0,0.0036017896508224985,0.006460760873302428,0.009061009487349163,"[0.08263128439284526, 1.3000400626383541, -1.1934317794271463, -0.14548773514971436, 1.4385704440511051, 1.1516368567344175, 0.10389342581421046, 1.489166588256795, 0.9205659349197833]"
prism2,466,/home/humanoid/Programs/hand/results/phase1/run_20260413_pollard_multiscene_500_run2/prism2/generated_mjcf/scene_prism2_tn0d0008p0d0260p0d0051_ip0d0026n0d0104p0d0000_mp0d0041p0d0208p0d0000.xml,prism_y0d0300,True,0.02,4.0,1.0,1.0,4.27410053341533,0.05052372005843131,5.0,0.005744557576449381,1.6093425984864316,-0.00081991629980422,0.026034750194938505,0.005062310391965544,0.0025952577325081662,-0.010359114817091094,0.0,0.0040665430258067965,0.020832864965785874,0.0,"[0.08263128439284526, 1.3000400626383541, -1.1934317794271463, -0.14548773514971436, 1.4385704440511051, 1.1516368567344175, 0.10389342581421046, 1.489166588256795, 0.9205659349197833]"
prism2,467,/home/humanoid/Programs/hand/results/phase1/run_20260413_pollard_multiscene_500_run2/prism2/generated_mjcf/scene_prism2_tp0d0054p0d0136p0d0082_ip0d0144n0d0058p0d0089_mp0d0113p0d0095p0d0000.xml,prism_y0d0300,True,0.02,4.0,1.0,1.0,4.431437256264757,0.05225224914348132,5.0,0.0063620511955816425,0.4221106921034482,0.005381576913038623,0.013579279121502625,0.008177907166183992,0.014367376935843145,-0.0058438262028245504,0.008891983580539647,0.011325897271811802,0.00948655199872318,0.0,"[0.08263128439284526, 1.3000400626383541, -1.1934317794271463, -0.14548773514971436, 1.4385704440511051, 1.1516368567344175, 0.10389342581421046, 1.489166588256795, 0.9205659349197833]"
prism2,468,/home/humanoid/Programs/hand/results/phase1/run_20260413_pollard_multiscene_500_run2/prism2/generated_mjcf/scene_prism2_tn0d0114p0d0187p0d0000_in0d0008n0d0220p0d0034_mn0d0007p0d0127p0d0000.xml,prism_y0d0300,True,0.02,4.0,1.0,1.0,4.462262174180773,0.05368845162848103,5.0,0.00586112758999096,1.0037702452350612,-0.011409274767089164,0.0186899836045733,0.0,-0.0008462088297067905,-0.021983896864782655,0.0034054610646400817,-0.0006828656042447961,0.012675653524392668,0.0,"[0.08263128439284526, 1.3000400626383541, -1.1934317794271463, -0.14548773514971436, 1.4385704440511051, 1.1516368567344175, 0.10389342581421046, 1.489166588256795, 0.9205659349197833]"
prism2,469,/home/humanoid/Programs/hand/results/phase1/run_20260413_pollard_multiscene_500_run2/prism2/generated_mjcf/scene_prism2_tn0d0118p0d0098p0d0078_ip0d0157n0d0179p0d0052_mp0d0014p0d0208p0d0000.xml,prism_y0d0300,True,0.02,4.0,1.0,1.0,4.06531598214955,0.049792816814750826,4.0,0.008748130211794764,0.1662503278548888,-0.011765599472505791,0.009785349809807487,0.007848847332914674,0.015698333536894954,-0.017885917142791793,0.005184286748598808,0.001352126037304658,0.020801664430839015,0.0,"[0.08263128439284526, 1.3000400626383541, -1.1934317794271463, -0.14548773514971436, 1.4385704440511051, 1.1516368567344175, 0.10389342581421046, 1.489166588256795, 0.9205659349197833]"
prism2,470,/home/humanoid/Programs/hand/results/phase1/run_20260413_pollard_multiscene_500_run2/prism2/generated_mjcf/scene_prism2_tp0d0022p0d0300p0d0106_in0d0001n0d0100p0d0000_mn0d0008p0d0202p0d0001.xml,prism_y0d0300,True,0.02,4.0,1.0,1.0,4.374911360063512,0.05127974607071137,5.0,0.006522541119635905,0.34947090383294177,0.00222650229601605,0.03,0.010567096174962709,-5.7014551148235754e-05,-0.010043033904746949,0.0,-0.0007655641616628912,0.020205489345903757,0.0001371397360768658,"[0.08263128439284526, 1.3000400626383541, -1.1934317794271463, -0.14548773514971436, 1.4385704440511051, 1.1516368567344175, 0.10389342581421046, 1.489166588256795, 0.9205659349197833]"
prism2,471,/home/humanoid/Programs/hand/results/phase1/run_20260413_pollard_multiscene_500_run2/prism2/generated_mjcf/scene_prism2_tp0d0030p0d0113p0d0000_ip0d0151n0d0021p0d0000_mp0d0216p0d0086p0d0000.xml,prism_y0d0300,True,0.02,4.0,1.0,1.0,4.331257218988683,0.048819018519657316,5.0,0.007348561323157844,0.5125373050593842,0.003032211930165382,0.011261223420214555,0.0,0.015117565516981355,-0.0020649879170627477,0.0,0.021614954396179616,0.008557351577785258,0.0,"[0.08263128439284526, 1.3000400626383541, -1.1934317794271463, -0.14548773514971436, 1.4385704440511051, 1.1516368567344175, 0.10389342581421046, 1.489166588256795, 0.9205659349197833]"
prism2,472,/home/humanoid/Programs/hand/results/phase1/run_20260413_pollard_multiscene_500_run2/prism2/generated_mjcf/scene_prism2_tp0d0055p0d0142p0d0109_in0d0009n0d0107p0d0073_mp0d0158p0d0263p0d0000.xml,prism_y0d0300,True,0.02,4.0,1.0,1.0,4.007529894596747,0.04948940211047523,4.0,0.010656664179830466,0.3366347358573053,0.005482028692666837,0.014177397811001843,0.010903324251496305,-0.0008679015118163037,-0.010667320474653916,0.00725789014008766,0.015787351380811068,0.02633354953180985,0.0,"[0.08263128439284526, 1.3000400626383541, -1.1934317794271463, -0.14548773514971436, 1.4385704440511051, 1.1516368567344175, 0.10389342581421046, 1.489166588256795, 0.9205659349197833]"
prism2,473,/home/humanoid/Programs/hand/results/phase1/run_20260413_pollard_multiscene_500_run2/prism2/generated_mjcf/scene_prism2_tp0d0028p0d0111p0d0000_ip0d0158n0d0076p0d0066_mp0d0190p0d0078p0d0052.xml,prism_y0d0300,True,0.02,4.0,1.0,1.0,4.919185146397911,0.0575424633953937,6.0,0.006465442943300066,1.609786592280054,0.002787428416073051,0.011124309693084186,0.0,0.015762279253828677,-0.007609730635977962,0.006600435282516717,0.01895273993524628,0.007783232773671751,0.005163729948006412,"[0.08263128439284526, 1.3000400626383541, -1.1934317794271463, -0.14548773514971436, 1.4385704440511051, 1.1516368567344175, 0.10389342581421046, 1.489166588256795, 0.9205659349197833]"
prism2,474,/home/humanoid/Programs/hand/results/phase1/run_20260413_pollard_multiscene_500_run2/prism2/generated_mjcf/scene_prism2_tp0d0075p0d0138p0d0000_ip0d0057n0d0219p0d0086_mp0d0161p0d0036p0d0000.xml,prism_y0d0300,True,0.02,4.0,1.0,1.0,4.451679645036771,0.05319040357800295,5.0,0.005730605613076093,0.5300327723266544,0.007473701560144725,0.013832646818040854,0.0,0.005676260346304213,-0.021940866096397726,0.008647108538634853,0.016052627074017313,0.0035593571489968313,0.0,"[0.08263128439284526, 1.3000400626383541, -1.1934317794271463, -0.14548773514971436, 1.4385704440511051, 1.1516368567344175, 0.10389342581421046, 1.489166588256795, 0.9205659349197833]"
prism2,475,/home/humanoid/Programs/hand/results/phase1/run_20260413_pollard_multiscene_500_run2/prism2/generated_mjcf/scene_prism2_tp0d0076p0d0300p0d0000_ip0d0208n0d0131p0d0000_mn0d0016p0d0056p0d0012.xml,prism_y0d0300,True,0.02,4.0,1.0,1.0,4.857609023668449,0.049550259051115646,6.0,0.00788937860043968,0.22804969496556157,0.007629969449959299,0.03,0.0,0.02084695203995446,-0.013079106497613992,0.0,-0.0016474320179972243,0.005604879919699405,0.0012319919719836047,"[0.08263128439284526, 1.3000400626383541, -1.1934317794271463, -0.14548773514971436, 1.4385704440511051, 1.1516368567344175, 0.10389342581421046, 1.489166588256795, 0.9205659349197833]"
prism2,476,/home/humanoid/Programs/hand/results/phase1/run_20260413_pollard_multiscene_500_run2/prism2/generated_mjcf/scene_prism2_tp0d0118p0d0279p0d0112_ip0d0203n0d0028p0d0075_mp0d0128p0d0199p0d0107.xml,prism_y0d0300,True,0.02,4.0,1.0,1.0,4.417539879079173,0.05275564650885012,5.0,0.005931987078853634,0.8454515706291166,0.011840430954169388,0.027935950600095887,0.01118669848282157,0.020329158687063302,-0.002805143197382407,0.007519427185789622,0.01275148782269786,0.019934227857964906,0.010702847419610532,"[0.08263128439284526, 1.3000400626383541, -1.1934317794271463, -0.14548773514971436, 1.4385704440511051, 1.1516368567344175, 0.10389342581421046, 1.489166588256795, 0.9205659349197833]"
prism2,477,/home/humanoid/Programs/hand/results/phase1/run_20260413_pollard_multiscene_500_run2/prism2/generated_mjcf/scene_prism2_tp0d0035p0d0101p0d0008_ip0d0170n0d0216p0d0000_mp0d0184p0d0054p0d0000.xml,prism_y0d0300,True,0.02,4.0,1.0,1.0,4.482427952532368,0.049518189665450865,5.0,0.005689997044438494,0.1304156402503381,0.003532706305282232,0.010064409176203722,0.0007671164180321852,0.016983686550221457,-0.02158511885854595,0.0,0.018377546113442306,0.0054433989863529875,0.0,"[0.08263128439284526, 1.3000400626383541, -1.1934317794271463, -0.14548773514971436, 1.4385704440511051, 1.1516368567344175, 0.10389342581421046, 1.489166588256795, 0.9205659349197833]"
prism2,478,/home/humanoid/Programs/hand/results/phase1/run_20260413_pollard_multiscene_500_run2/prism2/generated_mjcf/scene_prism2_tp0d0004p0d0216p0d0069_ip0d0154n0d0225p0d0015_mp0d0145p0d0270p0d0071.xml,prism_y0d0300,True,0.02,4.0,1.0,1.0,4.951472669426239,0.05367702143865006,6.0,0.005895038098486027,0.3120928077381052,0.0004021373010342118,0.021570085370465064,0.006861995303780965,0.015395232114689744,-0.022512682614668177,0.0014686024647519863,0.014504301258655013,0.027042155239312353,0.007146943895862106,"[0.08263128439284526, 1.3000400626383541, -1.1934317794271463, -0.14548773514971436, 1.4385704440511051, 1.1516368567344175, 0.10389342581421046, 1.489166588256795, 0.9205659349197833]"
prism2,480,/home/humanoid/Programs/hand/results/phase1/run_20260413_pollard_multiscene_500_run2/prism2/generated_mjcf/scene_prism2_tn0d0066p0d0101p0d0000_ip0d0142n0d0234p0d0072_mp0d0124p0d0232p0d0000.xml,prism_y0d0300,True,0.02,4.0,1.0,1.0,4.604785737619188,0.054488503878898836,5.0,0.005700678096630034,0.22420497062248823,-0.006594381918308316,0.010115788867042789,0.0,0.014238195089008763,-0.023356292142754483,0.007217844165074538,0.012374884987691043,0.02323082678296967,0.0,"[0.08263128439284526, 1.3000400626383541, -1.1934317794271463, -0.14548773514971436, 1.4385704440511051, 1.1516368567344175, 0.10389342581421046, 1.489166588256795, 0.9205659349197833]"
prism2,482,/home/humanoid/Programs/hand/results/phase1/run_20260413_pollard_multiscene_500_run2/prism2/generated_mjcf/scene_prism2_tn0d0098p0d0121p0d0012_ip0d0047n0d0163p0d0119_mp0d0210p0d0054p0d0039.xml,prism_y0d0300,True,0.02,4.0,1.0,1.0,4.9542231783538675,0.052070709157801764,6.0,0.005695498208794158,0.18847037992276058,-0.009785904135380658,0.012145531883004285,0.0011952640352207375,0.004714135885396038,-0.01625831757918936,0.011942494800905243,0.021011383902793244,0.00537992948582189,0.003885434767348487,"[0.08263128439284526, 1.3000400626383541, -1.1934317794271463, -0.14548773514971436, 1.4385704440511051, 1.1516368567344175, 0.10389342581421046, 1.489166588256795, 0.9205659349197833]"
prism2,483,/home/humanoid/Programs/hand/results/phase1/run_20260413_pollard_multiscene_500_run2/prism2/generated_mjcf/scene_prism2_tp0d0109p0d0127p0d0019_ip0d0088n0d0202p0d0065_mp0d0187p0d0240p0d0000.xml,prism_y0d0300,True,0.02,4.0,1.0,1.0,4.002193692654468,0.049641019100805046,4.0,0.01065171770714962,0.35187946153879196,0.010894348867085565,0.012710075306302046,0.0018722219357900777,0.008848358440154708,-0.020194848826237767,0.006485100261905189,0.018678946417392296,0.024026488161248492,4.530683727942651e-05,"[0.08263128439284526, 1.3000400626383541, -1.1934317794271463, -0.14548773514971436, 1.4385704440511051, 1.1516368567344175, 0.10389342581421046, 1.489166588256795, 0.9205659349197833]"
prism2,484,/home/humanoid/Programs/hand/results/phase1/run_20260413_pollard_multiscene_500_run2/prism2/generated_mjcf/scene_prism2_tn0d0052p0d0171p0d0000_ip0d0114n0d0080p0d0001_mp0d0184p0d0173p0d0101.xml,prism_y0d0300,True,0.02,4.0,1.0,1.0,4.520142276865382,0.05227717278724348,5.0,0.007038829053994355,0.5073573384632687,-0.005160010769570534,0.017119655572404743,0.0,0.011431032996217559,-0.008025402495112839,6.745440736844431e-05,0.018422271121277062,0.017256367578312053,0.010058918050668147,"[0.08263128439284526, 1.3000400626383541, -1.1934317794271463, -0.14548773514971436, 1.4385704440511051, 1.1516368567344175, 0.10389342581421046, 1.489166588256795, 0.9205659349197833]"
prism2,485,/home/humanoid/Programs/hand/results/phase1/run_20260413_pollard_multiscene_500_run2/prism2/generated_mjcf/scene_prism2_tp0d0088p0d0135p0d0000_ip0d0118n0d0067p0d0000_mp0d0202p0d0130p0d0000.xml,prism_y0d0300,True,0.02,4.0,1.0,1.0,4.430856866087569,0.049203571386046134,5.0,0.007544897208665487,0.23311281285009913,0.008772642373253814,0.013473487068065018,0.0,0.011840300635021877,-0.0066831136960992295,0.0,0.020173904665329145,0.012994021296588502,0.0,"[0.08263128439284526, 1.3000400626383541, -1.1934317794271463, -0.14548773514971436, 1.4385704440511051, 1.1516368567344175, 0.10389342581421046, 1.489166588256795, 0.9205659349197833]"
prism2,486,/home/humanoid/Programs/hand/results/phase1/run_20260413_pollard_multiscene_500_run2/prism2/generated_mjcf/scene_prism2_tp0d0076p0d0110p0d0119_ip0d0205n0d0031p0d0000_mp0d0192p0d0140p0d0000.xml,prism_y0d0300,True,0.02,4.0,1.0,1.0,3.998366647441517,0.04887478501306994,4.0,0.008205201347804966,0.27382976536379566,0.007581525711751653,0.010985390094024649,0.01190669299281387,0.020533639884696864,-0.00312243768418328,0.0,0.019226256050701995,0.014038426579401892,0.0,"[0.08263128439284526, 1.3000400626383541, -1.1934317794271463, -0.14548773514971436, 1.4385704440511051, 1.1516368567344175, 0.10389342581421046, 1.489166588256795, 0.9205659349197833]"
prism2,487,/home/humanoid/Programs/hand/results/phase1/run_20260413_pollard_multiscene_500_run2/prism2/generated_mjcf/scene_prism2_tp0d0088p0d0220p0d0000_ip0d0041n0d0100p0d0000_mp0d0023p0d0105p0d0000.xml,prism_y0d0300,True,0.02,4.0,1.0,1.0,4.2213244460869745,0.05131177476690235,5.0,0.0057166175199681105,1.4540411131260345,0.008751521139274309,0.02195813433495425,0.0,0.004088112811065856,-0.010035573251982316,0.0,0.0022695589478362553,0.010519856420060628,0.0,"[0.08263128439284526, 1.3000400626383541, -1.1934317794271463, -0.14548773514971436, 1.4385704440511051, 1.1516368567344175, 0.10389342581421046, 1.489166588256795, 0.9205659349197833]"
prism2,488,/home/humanoid/Programs/hand/results/phase1/run_20260413_pollard_multiscene_500_run2/prism2/generated_mjcf/scene_prism2_tp0d0040p0d0252p0d0000_ip0d0175n0d0024p0d0099_mp0d0139p0d0140p0d0000.xml,prism_y0d0300,True,0.02,4.0,1.0,1.0,4.136115741527827,0.05362728866231811,4.0,0.005707831103633065,0.3698579318392657,0.0040151865912417435,0.02517965433679476,0.0,0.017472318988795123,-0.0023861769190015748,0.009858527470894534,0.013947603886014506,0.014000716894325091,0.0,"[0.08263128439284526, 1.3000400626383541, -1.1934317794271463, -0.14548773514971436, 1.4385704440511051, 1.1516368567344175, 0.10389342581421046, 1.489166588256795, 0.9205659349197833]"
prism2,490,/home/humanoid/Programs/hand/results/phase1/run_20260413_pollard_multiscene_500_run2/prism2/generated_mjcf/scene_prism2_tn0d0103p0d0157p0d0000_ip0d0039n0d0154p0d0024_mp0d0106p0d0269p0d0095.xml,prism_y0d0300,True,0.02,4.0,1.0,1.0,3.970580926782797,0.048266171675903996,4.0,0.007813685702665765,0.46042820961093295,-0.01033819147763369,0.015694722108475882,0.0,0.0038626213160662783,-0.01540010741443225,0.002371286748752201,0.010604854281785482,0.02690137877281787,0.009546302702118915,"[0.08263128439284526, 1.3000400626383541, -1.1934317794271463, -0.14548773514971436, 1.4385704440511051, 1.1516368567344175, 0.10389342581421046, 1.489166588256795, 0.9205659349197833]"
prism2,491,/home/humanoid/Programs/hand/results/phase1/run_20260413_pollard_multiscene_500_run2/prism2/generated_mjcf/scene_prism2_tn0d0023p0d0233p0d0063_ip0d0006n0d0094p0d0055_mp0d0146p0d0041p0d0107.xml,prism_y0d0300,True,0.02,4.0,1.0,1.0,4.583012410396171,0.053842907656759316,5.0,0.005826525945234945,0.23117645086017488,-0.002329973913256801,0.023270871193499486,0.006282828895953191,0.0005698282814026179,-0.00942041051014574,0.005458426041261531,0.014598589441035268,0.00405319105217238,0.010694641674625756,"[0.08263128439284526, 1.3000400626383541, -1.1934317794271463, -0.14548773514971436, 1.4385704440511051, 1.1516368567344175, 0.10389342581421046, 1.489166588256795, 0.9205659349197833]"
prism2,492,/home/humanoid/Programs/hand/results/phase1/run_20260413_pollard_multiscene_500_run2/prism2/generated_mjcf/scene_prism2_tn0d0120p0d0103p0d0000_ip0d0137n0d0123p0d0000_mp0d0054p0d0081p0d0045.xml,prism_y0d0300,True,0.02,4.0,1.0,1.0,4.511375550882091,0.053927218368818114,5.0,0.006018890354886271,0.8525051330393565,-0.011976922786092133,0.010296461513639622,0.0,0.013723523804438831,-0.01225337989012358,0.0,0.005424176997103532,0.008063687818109542,0.004537319127635171,"[0.08263128439284526, 1.3000400626383541, -1.1934317794271463, -0.14548773514971436, 1.4385704440511051, 1.1516368567344175, 0.10389342581421046, 1.489166588256795, 0.9205659349197833]"
prism2,493,/home/humanoid/Programs/hand/results/phase1/run_20260413_pollard_multiscene_500_run2/prism2/generated_mjcf/scene_prism2_tp0d0088p0d0282p0d0000_ip0d0061n0d0212p0d0086_mp0d0193p0d0217p0d0044.xml,prism_y0d0300,True,0.02,4.0,1.0,1.0,4.025755362833339,0.05432397608072489,4.0,0.007800053652993935,0.6321104521312585,0.008810582318479962,0.02823864594716607,0.0,0.006079133984940187,-0.021190124465350433,0.008551471268848924,0.0193094866325604,0.021664834753422582,0.004377443391571888,"[0.08263128439284526, 1.3000400626383541, -1.1934317794271463, -0.14548773514971436, 1.4385704440511051, 1.1516368567344175, 0.10389342581421046, 1.489166588256795, 0.9205659349197833]"
prism2,494,/home/humanoid/Programs/hand/results/phase1/run_20260413_pollard_multiscene_500_run2/prism2/generated_mjcf/scene_prism2_tp0d0006p0d0298p0d0000_ip0d0182n0d0143p0d0033_mp0d0144p0d0134p0d0000.xml,prism_y0d0300,True,0.02,4.0,1.0,1.0,4.511135771705838,0.051413335885286994,5.0,0.007313260454063361,0.33383845958275365,0.0006423515573065076,0.029804859421237912,0.0,0.01822084788801706,-0.014321454506167038,0.0032808942086269676,0.0143580323783207,0.013396258077430756,0.0,"[0.08263128439284526, 1.3000400626383541, -1.1934317794271463, -0.14548773514971436, 1.4385704440511051, 1.1516368567344175, 0.10389342581421046, 1.489166588256795, 0.9205659349197833]"
prism2,495,/home/humanoid/Programs/hand/results/phase1/run_20260413_pollard_multiscene_500_run2/prism2/generated_mjcf/scene_prism2_tp0d0045p0d0202p0d0000_ip0d0187n0d0027p0d0000_mp0d0092p0d0076p0d0019.xml,prism_y0d0300,True,0.02,4.0,1.0,1.0,4.071192593509637,0.05011102592548147,4.0,0.005659924162383718,0.3476262472503535,0.004459944146623599,0.020157888414723962,0.0,0.018738071733546885,-0.002711925195349201,0.0,0.0092276115898702,0.0075653226688972225,0.0018619001808148194,"[0.08263128439284526, 1.3000400626383541, -1.1934317794271463, -0.14548773514971436, 1.4385704440511051, 1.1516368567344175, 0.10389342581421046, 1.489166588256795, 0.9205659349197833]"
prism2,496,/home/humanoid/Programs/hand/results/phase1/run_20260413_pollard_multiscene_500_run2/prism2/generated_mjcf/scene_prism2_tn0d0009p0d0248p0d0099_ip0d0088n0d0012p0d0000_mp0d0184p0d0181p0d0000.xml,prism_y0d0300,True,0.02,4.0,1.0,1.0,4.951501068943212,0.052598678813476824,6.0,0.006046553564408647,0.1747217095572357,-0.0008933137833174749,0.024786767158425156,0.009864986063080061,0.008841727231664482,-0.0012339940763756874,0.0,0.018411304301340338,0.01808062999647958,0.0,"[0.08263128439284526, 1.3000400626383541, -1.1934317794271463, -0.14548773514971436, 1.4385704440511051, 1.1516368567344175, 0.10389342581421046, 1.489166588256795, 0.9205659349197833]"
prism2,497,/home/humanoid/Programs/hand/results/phase1/run_20260413_pollard_multiscene_500_run2/prism2/generated_mjcf/scene_prism2_tn0d0097p0d0212p0d0092_ip0d0104n0d0190p0d0000_mp0d0216p0d0200p0d0095.xml,prism_y0d0300,True,0.02,4.0,1.0,1.0,4.530517192214222,0.04994751089757504,5.0,0.005875740777998263,0.014793082888034508,-0.009713218372601893,0.021152490188781035,0.009228060343378315,0.010391589576232495,-0.019031929684336403,0.0,0.02163107469634539,0.020045375014204635,0.009475648985567953,"[0.08263128439284526, 1.3000400626383541, -1.1934317794271463, -0.14548773514971436, 1.4385704440511051, 1.1516368567344175, 0.10389342581421046, 1.489166588256795, 0.9205659349197833]"
prism2,498,/home/humanoid/Programs/hand/results/phase1/run_20260413_pollard_multiscene_500_run2/prism2/generated_mjcf/scene_prism2_tn0d0119p0d0090p0d0017_ip0d0053n0d0047p0d0038_mp0d0079p0d0177p0d0074.xml,prism_y0d0300,True,0.02,4.0,1.0,1.0,4.457414512329314,0.05013231528357699,5.0,0.007781588957407781,0.2500643010045415,-0.011909862353567426,0.008988565285749352,0.001733493470553472,0.005262883245504537,-0.00472709212620471,0.003801006143391579,0.00789349564076763,0.01765195848887168,0.0073960258272467334,"[0.08263128439284526, 1.3000400626383541, -1.1934317794271463, -0.14548773514971436, 1.4385704440511051, 1.1516368567344175, 0.10389342581421046, 1.489166588256795, 0.9205659349197833]"
prism2,499,/home/humanoid/Programs/hand/results/phase1/run_20260413_pollard_multiscene_500_run2/prism2/generated_mjcf/scene_prism2_tp0d0014p0d0095p0d0000_ip0d0084n0d0171p0d0015_mp0d0149p0d0186p0d0000.xml,prism_y0d0300,True,0.02,4.0,1.0,1.0,4.005221616015189,0.04895589411548815,4.0,0.009770090678304581,0.24088689783313597,0.0013764715164408785,0.00947601429432269,0.0,0.008399100002780555,-0.017066066196626872,0.0014972733179993147,0.014912960203866244,0.018649016434409443,0.0,"[0.08263128439284526, 1.3000400626383541, -1.1934317794271463, -0.14548773514971436, 1.4385704440511051, 1.1516368567344175, 0.10389342581421046, 1.489166588256795, 0.9205659349197833]"
