scene_key,candidate_id,scene_xml,selected_foundational_pose,feasible,feasibility_max_mean_tip_distance,feasibility_min_contacts,feasible_pose_count,foundational_pose_count,score,cube_lift,cube_tip_contacts,mean_tip_distance,cube_vel_norm,thumb_x,thumb_y,thumb_len,index_x,index_y,index_len,middle_x,middle_y,middle_len,chosen_ctrl_json
prism3,0,/home/humanoid/Programs/hand/results/phase1/run_20260413_pollard_multiscene_500_cem/prism3/generated_mjcf/scene_prism3_tp0d0000p0d0200p0d0000_ip0d0100n0d0123p0d0000_mp0d0100p0d0153p0d0000.xml,prism_y0d0350,True,0.03,1.0,1.0,1.0,3.0793218135701106,0.055167116601602034,3.0,0.008730973277513718,0.22710213953955552,0.0,0.02,0.0,0.01,-0.0123,0.0,0.01,0.0153,0.0,"[0.08598723046892474, 1.8326696538711715, -1.1338971639109656, 0.057380649876320404, 1.400496103041158, 1.0882700836001566, -0.16541369653729393, 1.7394400770306573, 1.161956443414544]"
prism3,1,/home/humanoid/Programs/hand/results/phase1/run_20260413_pollard_multiscene_500_cem/prism3/generated_mjcf/scene_prism3_tp0d0033p0d0145p0d0000_in0d0016n0d0048p0d0099_mp0d0126p0d0208p0d0010.xml,prism_y0d0350,True,0.03,1.0,1.0,1.0,2.9291234884203896,0.050004775953134475,3.0,0.008358798095286004,0.028840491658302048,0.0032870804957149027,0.014474881130332889,0.0,-0.001603336747315302,-0.004781514259193461,0.009906133854665322,0.012559258618412316,0.02080791746361596,0.0010469997951701483,"[0.08598723046892474, 1.8326696538711715, -1.1338971639109656, 0.057380649876320404, 1.400496103041158, 1.0882700836001566, -0.16541369653729393, 1.7394400770306573, 1.161956443414544]"
prism3,2,/home/humanoid/Programs/hand/results/phase1/run_20260413_pollard_multiscene_500_cem/prism3/generated_mjcf/scene_prism3_tp0d0104p0d0276p0d0000_ip0d0186n0d0235p0d0055_mp0d0022p0d0240p0d0010.xml,prism_y0d0350,True,0.03,1.0,1.0,1.0,2.8478474696798086,0.04761651263833853,3.0,0.009324707582118614,0.0005403833186851391,0.010441738170906437,0.02758048529891677,0.0,0.018577702638101663,-0.023493946192668855,0.005511730714318659,0.002215734894461416,0.024016294136397276,0.0009950692859782007,"[0.08598723046892474, 1.8326696538711715, -1.1338971639109656, 0.057380649876320404, 1.400496103041158, 1.0882700836001566, -0.16541369653729393, 1.7394400770306573, 1.161956443414544]"
prism3,3,/home/humanoid/Programs/hand/results/phase1/run_20260413_pollard_multiscene_500_cem/prism3/generated_mjcf/scene_prism3_tn0d0048p0d0181p0d0000_ip0d0010n0d0082p0d0035_mp0d0128p0d0125p0d0119.xml,prism_y0d0350,True,0.03,1.0,1.0,1.0,2.918233793894214,0.04985371354439953,3.0,0.008710360739229792,0.06150305787540374,-0.004806914627102765,0.018144493308743802,0.0,0.0009827986359895336,-0.008205014047352873,0.003532548277782002,0.012769242675550093,0.012508261302285202,0.011933038458941066,"[0.08598723046892474, 1.8326696538711715, -1.1338971639109656, 0.057380649876320404, 1.400496103041158, 1.0882700836001566, -0.16541369653729393, 1.7394400770306573, 1.161956443414544]"
prism3,4,/home/humanoid/Programs/hand/results/phase1/run_20260413_pollard_multiscene_500_cem/prism3/generated_mjcf/scene_prism3_tp0d0115p0d0245p0d0036_ip0d0145n0d0150p0d0000_mp0d0153p0d0159p0d0000.xml,prism_y0d0350,True,0.03,1.0,1.0,1.0,2.9313148231904167,0.04996140490063651,3.0,0.008573793091693196,0.0012450809898360792,0.011540048130629522,0.024453007627536674,0.0036110226304275905,0.014522721533702562,-0.014965885824501509,0.0,0.01531572016465796,0.01590850373941742,0.0,"[0.08598723046892474, 1.8326696538711715, -1.1338971639109656, 0.057380649876320404, 1.400496103041158, 1.0882700836001566, -0.16541369653729393, 1.7394400770306573, 1.161956443414544]"
prism3,5,/home/humanoid/Programs/hand/results/phase1/run_20260413_pollard_multiscene_500_cem/prism3/generated_mjcf/scene_prism3_tn0d0003p0d0293p0d0104_ip0d0066n0d0106p0d0000_mp0d0123p0d0114p0d0000.xml,prism_y0d0350,True,0.03,1.0,1.0,1.0,2.9576821559291924,0.052341992493600054,3.0,0.008877500430346926,0.37688386990743944,-0.00033995138803706235,0.02934770802437601,0.010417044382949991,0.006587084721017685,-0.010583284062485737,0.0,0.012263200724792723,0.011409869412171198,0.0,"[0.08598723046892474, 1.8326696538711715, -1.1338971639109656, 0.057380649876320404, 1.400496103041158, 1.0882700836001566, -0.16541369653729393, 1.7394400770306573, 1.161956443414544]"
prism3,6,/home/humanoid/Programs/hand/results/phase1/run_20260413_pollard_multiscene_500_cem/prism3/generated_mjcf/scene_prism3_tp0d0094p0d0135p0d0030_ip0d0000n0d0043p0d0069_mp0d0037p0d0243p0d0000.xml,prism_y0d0350,True,0.03,1.0,1.0,1.0,2.9065542424673336,0.05187067893626902,3.0,0.008470361081589205,0.6131919875926927,0.009366584448115015,0.013451782244801112,0.002956491472465019,1.6368245977236087e-05,-0.004316540456318454,0.0068903593797284,0.003744866631830852,0.02433562153945689,0.0,"[0.08598723046892474, 1.8326696538711715, -1.1338971639109656, 0.057380649876320404, 1.400496103041158, 1.0882700836001566, -0.16541369653729393, 1.7394400770306573, 1.161956443414544]"
prism3,7,/home/humanoid/Programs/hand/results/phase1/run_20260413_pollard_multiscene_500_cem/prism3/generated_mjcf/scene_prism3_tn0d0039p0d0116p0d0000_ip0d0171n0d0188p0d0000_mp0d0077p0d0081p0d0000.xml,prism_y0d0350,True,0.03,1.0,1.0,1.0,2.904898758256304,0.05166371545453448,3.0,0.008674682801099847,0.5732127803346893,-0.003933190546904152,0.011606707205476137,0.0,0.017111782486895065,-0.01876458698415006,0.0,0.007709244155716676,0.008064313068222126,0.0,"[0.08598723046892474, 1.8326696538711715, -1.1338971639109656, 0.057380649876320404, 1.400496103041158, 1.0882700836001566, -0.16541369653729393, 1.7394400770306573, 1.161956443414544]"
prism3,8,/home/humanoid/Programs/hand/results/phase1/run_20260413_pollard_multiscene_500_cem/prism3/generated_mjcf/scene_prism3_tp0d0019p0d0152p0d0041_ip0d0028n0d0017p0d0000_mp0d0005p0d0184p0d0103.xml,prism_y0d0350,True,0.03,1.0,1.0,1.0,2.3106933905854308,0.04529723591463624,2.0,0.0150720794712373,0.297104716562421,0.0019279772636844154,0.015168707187654142,0.004127877070952624,0.002788370655237119,-0.0016892853478440526,0.0,0.0005318867096855088,0.018398595636953022,0.010251709273628819,"[0.08598723046892474, 1.8326696538711715, -1.1338971639109656, 0.057380649876320404, 1.400496103041158, 1.0882700836001566, -0.16541369653729393, 1.7394400770306573, 1.161956443414544]"
prism3,9,/home/humanoid/Programs/hand/results/phase1/run_20260413_pollard_multiscene_500_cem/prism3/generated_mjcf/scene_prism3_tn0d0014p0d0300p0d0000_ip0d0082n0d0094p0d0119_mp0d0208p0d0143p0d0062.xml,prism_y0d0350,True,0.03,1.0,1.0,1.0,2.970900550614725,0.05182277457639352,3.0,0.008940047283240953,0.16677643328377775,-0.0014309482868211845,0.03,0.0,0.008205486996377813,-0.009414877151630932,0.011882316125647777,0.02077464819850637,0.014341083343418305,0.006185492287398994,"[0.08598723046892474, 1.8326696538711715, -1.1338971639109656, 0.057380649876320404, 1.400496103041158, 1.0882700836001566, -0.16541369653729393, 1.7394400770306573, 1.161956443414544]"
prism3,10,/home/humanoid/Programs/hand/results/phase1/run_20260413_pollard_multiscene_500_cem/prism3/generated_mjcf/scene_prism3_tn0d0001p0d0207p0d0069_ip0d0080n0d0067p0d0051_mp0d0204p0d0061p0d0055.xml,prism_y0d0350,True,0.03,1.0,1.0,1.0,2.9260982051824613,0.05071600867357771,3.0,0.00926725469668918,0.20285059332920047,-6.185530829714431e-05,0.02070349184472249,0.00685885681713138,0.0079517403845361,-0.006672394277070495,0.005067429071753997,0.020369432478721076,0.006058383198741723,0.005496362809831425,"[0.08598723046892474, 1.8326696538711715, -1.1338971639109656, 0.057380649876320404, 1.400496103041158, 1.0882700836001566, -0.16541369653729393, 1.7394400770306573, 1.161956443414544]"
prism3,11,/home/humanoid/Programs/hand/results/phase1/run_20260413_pollard_multiscene_500_cem/prism3/generated_mjcf/scene_prism3_tp0d0103p0d0300p0d0000_ip0d0187n0d0008p0d0110_mp0d0016p0d0266p0d0094.xml,prism_y0d0350,True,0.03,1.0,1.0,1.0,2.3513983066409154,0.04774495782654849,2.0,0.012584338395268518,0.6300436033182986,0.010258174286989438,0.03,0.0,0.018727362165893817,-0.0007513190384077374,0.010973044310663125,0.0015703362935799488,0.026643091531750922,0.009358453337292495,"[0.08598723046892474, 1.8326696538711715, -1.1338971639109656, 0.057380649876320404, 1.400496103041158, 1.0882700836001566, -0.16541369653729393, 1.7394400770306573, 1.161956443414544]"
prism3,12,/home/humanoid/Programs/hand/results/phase1/run_20260413_pollard_multiscene_500_cem/prism3/generated_mjcf/scene_prism3_tp0d0077p0d0195p0d0000_ip0d0172n0d0021p0d0000_mp0d0109p0d0139p0d0103.xml,prism_y0d0350,True,0.03,1.0,1.0,1.0,2.3319843030912986,0.046626329206356294,2.0,0.015156722919665836,0.46415848861226705,0.007736971861033691,0.019519710171387972,0.0,0.017245133889239386,-0.0021352761651967315,0.0,0.010934425782932486,0.013926067895388755,0.01034441558354772,"[0.08598723046892474, 1.8326696538711715, -1.1338971639109656, 0.057380649876320404, 1.400496103041158, 1.0882700836001566, -0.16541369653729393, 1.7394400770306573, 1.161956443414544]"
prism3,13,/home/humanoid/Programs/hand/results/phase1/run_20260413_pollard_multiscene_500_cem/prism3/generated_mjcf/scene_prism3_tn0d0110p0d0256p0d0027_in0d0013n0d0070p0d0000_mp0d0162p0d0156p0d0103.xml,prism_y0d0350,True,0.03,1.0,1.0,1.0,2.9286895137843656,0.049907570550300796,3.0,0.008902167973975873,0.0018074635214039897,-0.011027742931477569,0.025568148695757457,0.002744957926775919,-0.001319231237275495,-0.007038725452158232,0.0,0.016190824056554275,0.015606209358289873,0.010298501299128147,"[0.08598723046892474, 1.8326696538711715, -1.1338971639109656, 0.057380649876320404, 1.400496103041158, 1.0882700836001566, -0.16541369653729393, 1.7394400770306573, 1.161956443414544]"
prism3,14,/home/humanoid/Programs/hand/results/phase1/run_20260413_pollard_multiscene_500_cem/prism3/generated_mjcf/scene_prism3_tn0d0104p0d0282p0d0000_ip0d0063n0d0140p0d0112_mp0d0115p0d0095p0d0000.xml,prism_y0d0350,True,0.03,1.0,1.0,1.0,2.901087304030141,0.05035686647948652,3.0,0.009001912448177411,0.2893279857035529,-0.010414020078622207,0.0281916147106972,0.0,0.006263439491299004,-0.013972830433252,0.011185489938817683,0.011493564213482969,0.009512750236102374,0.0,"[0.08598723046892474, 1.8326696538711715, -1.1338971639109656, 0.057380649876320404, 1.400496103041158, 1.0882700836001566, -0.16541369653729393, 1.7394400770306573, 1.161956443414544]"
prism3,15,/home/humanoid/Programs/hand/results/phase1/run_20260413_pollard_multiscene_500_cem/prism3/generated_mjcf/scene_prism3_tp0d0093p0d0134p0d0000_ip0d0049n0d0102p0d0013_mp0d0174p0d0168p0d0000.xml,prism_y0d0350,True,0.03,1.0,1.0,1.0,2.931366742748597,0.049963013269491596,3.0,0.00832217020457661,0.004629208496370787,0.009314839695820316,0.013420866282015786,0.0,0.004919938168181862,-0.010233046444494413,0.001298172052158427,0.017433058621906666,0.01675142284814846,0.0,"[0.08598723046892474, 1.8326696538711715, -1.1338971639109656, 0.057380649876320404, 1.400496103041158, 1.0882700836001566, -0.16541369653729393, 1.7394400770306573, 1.161956443414544]"
prism3,16,/home/humanoid/Programs/hand/results/phase1/run_20260413_pollard_multiscene_500_cem/prism3/generated_mjcf/scene_prism3_tn0d0021p0d0276p0d0030_ip0d0210n0d0154p0d0013_mp0d0123p0d0237p0d0000.xml,prism_y0d0350,True,0.03,1.0,1.0,1.0,2.9362971147224246,0.05037055747659998,3.0,0.00927964206987199,0.054087418792205286,-0.002090487775658576,0.02763490330330185,0.003036155098074084,0.021017863424738617,-0.01543429413379966,0.0012626762525108932,0.01225418083871604,0.023658988998601437,0.0,"[0.08598723046892474, 1.8326696538711715, -1.1338971639109656, 0.057380649876320404, 1.400496103041158, 1.0882700836001566, -0.16541369653729393, 1.7394400770306573, 1.161956443414544]"
prism3,17,/home/humanoid/Programs/hand/results/phase1/run_20260413_pollard_multiscene_500_cem/prism3/generated_mjcf/scene_prism3_tn0d0022p0d0298p0d0000_ip0d0177n0d0143p0d0079_mn0d0018p0d0121p0d0000.xml,prism_y0d0350,True,0.03,1.0,1.0,1.0,2.470195300393861,0.0487178462896512,2.0,0.010581654440110652,0.09177340575806602,-0.00224375191804496,0.02983901507989513,0.0,0.01774495072435605,-0.014330783103090609,0.007915295646674467,-0.0017610905406249926,0.012061107786198495,0.0,"[0.08598723046892474, 1.8326696538711715, -1.1338971639109656, 0.057380649876320404, 1.400496103041158, 1.0882700836001566, -0.16541369653729393, 1.7394400770306573, 1.161956443414544]"
prism3,18,/home/humanoid/Programs/hand/results/phase1/run_20260413_pollard_multiscene_500_cem/prism3/generated_mjcf/scene_prism3_tp0d0037p0d0146p0d0049_ip0d0207n0d0213p0d0088_mn0d0006p0d0124p0d0000.xml,prism_y0d0350,True,0.03,1.0,1.0,1.0,1.8252604162700676,0.04130497242647561,1.0,0.01020677271454111,4.881833087607524e-07,0.003662749832079322,0.014572378366389374,0.00486364969583487,0.02065123424661018,-0.021256389545730052,0.008754679089618578,-0.0005728603615918777,0.012438492199461346,0.0,"[0.08598723046892474, 1.8326696538711715, -1.1338971639109656, 0.057380649876320404, 1.400496103041158, 1.0882700836001566, -0.16541369653729393, 1.7394400770306573, 1.161956443414544]"
prism3,19,/home/humanoid/Programs/hand/results/phase1/run_20260413_pollard_multiscene_500_cem/prism3/generated_mjcf/scene_prism3_tn0d0003p0d0300p0d0066_ip0d0054n0d0178p0d0087_mp0d0192p0d0156p0d0000.xml,prism_y0d0350,True,0.03,1.0,1.0,1.0,2.9280523380587162,0.049901073517612984,3.0,0.008946931466032109,0.00394248083782905,-0.0002676108759968581,0.03,0.0066165885144438795,0.005412576705262264,-0.017823917147980796,0.008714884900543628,0.01915137214570456,0.015556956133047486,0.0,"[0.08598723046892474, 1.8326696538711715, -1.1338971639109656, 0.057380649876320404, 1.400496103041158, 1.0882700836001566, -0.16541369653729393, 1.7394400770306573, 1.161956443414544]"
prism3,20,/home/humanoid/Programs/hand/results/phase1/run_20260413_pollard_multiscene_500_cem/prism3/generated_mjcf/scene_prism3_tp0d0119p0d0156p0d0000_ip0d0191n0d0048p0d0040_mp0d0210p0d0255p0d0060.xml,prism_y0d0350,True,0.03,1.0,1.0,1.0,2.9313116607559837,0.04997529249007776,3.0,0.008438881549329152,0.006305421987198013,0.011878016355862029,0.015582645088824804,0.0,0.01912235491129767,-0.0048039504453299044,0.004029345733712431,0.021001927162670846,0.02551714985314605,0.005957964079242099,"[0.08598723046892474, 1.8326696538711715, -1.1338971639109656, 0.057380649876320404, 1.400496103041158, 1.0882700836001566, -0.16541369653729393, 1.7394400770306573, 1.161956443414544]"
prism3,21,/home/humanoid/Programs/hand/results/phase1/run_20260413_pollard_multiscene_500_cem/prism3/generated_mjcf/scene_prism3_tp0d0087p0d0139p0d0000_ip0d0141n0d0071p0d0000_mp0d0075p0d0251p0d0015.xml,prism_y0d0350,True,0.03,1.0,1.0,1.0,2.882389746414762,0.05075254506411954,3.0,0.008766015521080051,0.5094486652484131,0.008656833829144266,0.01393152176773058,0.0,0.014081484383558463,-0.007149155120285933,0.0,0.007493374554517023,0.025146138389185314,0.0014736184212053513,"[0.08598723046892474, 1.8326696538711715, -1.1338971639109656, 0.057380649876320404, 1.400496103041158, 1.0882700836001566, -0.16541369653729393, 1.7394400770306573, 1.161956443414544]"
prism3,22,/home/humanoid/Programs/hand/results/phase1/run_20260413_pollard_multiscene_500_cem/prism3/generated_mjcf/scene_prism3_tp0d0019p0d0127p0d0006_ip0d0106n0d0222p0d0116_mp0d0117p0d0035p0d0065.xml,prism_y0d0350,True,0.03,1.0,1.0,1.0,2.51685107751997,0.04988975614396626,2.0,0.012238294655051279,0.03209198805831177,0.001880061958230544,0.012659114549379047,0.000624533966829004,0.010562433457478078,-0.02216554463408947,0.011566624635040951,0.011713494410938587,0.003453813183943444,0.006543580829409326,"[0.08598723046892474, 1.8326696538711715, -1.1338971639109656, 0.057380649876320404, 1.400496103041158, 1.0882700836001566, -0.16541369653729393, 1.7394400770306573, 1.161956443414544]"
prism3,23,/home/humanoid/Programs/hand/results/phase1/run_20260413_pollard_multiscene_500_cem/prism3/generated_mjcf/scene_prism3_tp0d0115p0d0222p0d0000_ip0d0025n0d0082p0d0000_mp0d0119p0d0178p0d0111.xml,prism_y0d0350,True,0.03,1.0,1.0,1.0,2.9244119892212033,0.04975525239928538,3.0,0.00828000435305289,0.0030789069845316036,0.011478377132163497,0.02215688067970281,0.0,0.0025001851774668375,-0.008159360785995136,0.0,0.011864509420428621,0.017753740233111017,0.011098154234985145,"[0.08598723046892474, 1.8326696538711715, -1.1338971639109656, 0.057380649876320404, 1.400496103041158, 1.0882700836001566, -0.16541369653729393, 1.7394400770306573, 1.161956443414544]"
prism3,24,/home/humanoid/Programs/hand/results/phase1/run_20260413_pollard_multiscene_500_cem/prism3/generated_mjcf/scene_prism3_tn0d0103p0d0200p0d0059_ip0d0023n0d0150p0d0000_mp0d0154p0d0054p0d0000.xml,prism_y0d0350,True,0.03,1.0,1.0,1.0,2.884073962725966,0.04957545408074222,3.0,0.009253653947113832,0.21706414803856028,-0.010265633627282958,0.019999347767806847,0.0058583395027835584,0.0022534417713918117,-0.014986398437171538,0.0,0.015421140730618644,0.005406429282227681,0.0,"[0.08598723046892474, 1.8326696538711715, -1.1338971639109656, 0.057380649876320404, 1.400496103041158, 1.0882700836001566, -0.16541369653729393, 1.7394400770306573, 1.161956443414544]"
prism3,25,/home/humanoid/Programs/hand/results/phase1/run_20260413_pollard_multiscene_500_cem/prism3/generated_mjcf/scene_prism3_tp0d0090p0d0193p0d0099_ip0d0164n0d0023p0d0000_mn0d0002p0d0050p0d0089.xml,prism_y0d0350,True,0.03,1.0,1.0,1.0,2.342910829451466,0.045830429130446715,2.0,0.017042218126213923,0.1804650257449429,0.008964543146897572,0.019335208082000274,0.009902926407381257,0.016382010825732936,-0.00233222495731762,0.0,-0.00023449027206483113,0.004987830085661232,0.008852503064335663,"[0.08598723046892474, 1.8326696538711715, -1.1338971639109656, 0.057380649876320404, 1.400496103041158, 1.0882700836001566, -0.16541369653729393, 1.7394400770306573, 1.161956443414544]"
prism3,26,/home/humanoid/Programs/hand/results/phase1/run_20260413_pollard_multiscene_500_cem/prism3/generated_mjcf/scene_prism3_tp0d0032p0d0199p0d0000_ip0d0142n0d0167p0d0051_mp0d0090p0d0155p0d0070.xml,prism_y0d0350,True,0.03,1.0,1.0,1.0,2.9437177988864063,0.05077098377185047,3.0,0.008650568728556494,0.10643663780831732,0.003217679504338638,0.019917720651172473,0.0,0.014169602505454569,-0.01666758269170085,0.005061116718382677,0.009048527892815794,0.015479276653068651,0.006951977579036889,"[0.08598723046892474, 1.8326696538711715, -1.1338971639109656, 0.057380649876320404, 1.400496103041158, 1.0882700836001566, -0.16541369653729393, 1.7394400770306573, 1.161956443414544]"
prism3,27,/home/humanoid/Programs/hand/results/phase1/run_20260413_pollard_multiscene_500_cem/prism3/generated_mjcf/scene_prism3_tn0d0098p0d0219p0d0000_ip0d0174n0d0126p0d0117_mp0d0024p0d0264p0d0072.xml,prism_y0d0350,True,0.03,1.0,1.0,1.0,2.5152806440009785,0.04979533577420989,2.0,0.010678889768273763,0.04132219039879921,-0.009774108587438862,0.02189020407976406,0.0,0.017395282043525633,-0.012567695132897762,0.011728688000827672,0.0023906397922172492,0.026412459362982414,0.0072220088786066165,"[0.08598723046892474, 1.8326696538711715, -1.1338971639109656, 0.057380649876320404, 1.400496103041158, 1.0882700836001566, -0.16541369653729393, 1.7394400770306573, 1.161956443414544]"
prism3,28,/home/humanoid/Programs/hand/results/phase1/run_20260413_pollard_multiscene_500_cem/prism3/generated_mjcf/scene_prism3_tn0d0004p0d0275p0d0025_ip0d0137n0d0024p0d0000_mp0d0180p0d0125p0d0000.xml,prism_y0d0350,True,0.03,1.0,1.0,1.0,2.506597400965765,0.04958312242394006,2.0,0.012036479305056897,0.03159283508015,-0.00044974808219355386,0.02752481754031125,0.002468373725786793,0.013722905535793127,-0.0023714216950226647,0.0,0.018039716895001612,0.01246355471918973,0.0,"[0.08598723046892474, 1.8326696538711715, -1.1338971639109656, 0.057380649876320404, 1.400496103041158, 1.0882700836001566, -0.16541369653729393, 1.7394400770306573, 1.161956443414544]"
prism3,29,/home/humanoid/Programs/hand/results/phase1/run_20260413_pollard_multiscene_500_cem/prism3/generated_mjcf/scene_prism3_tp0d0119p0d0267p0d0000_ip0d0081n0d0032p0d0000_mp0d0150p0d0222p0d0072.xml,prism_y0d0350,True,0.03,1.0,1.0,1.0,3.049761642884844,0.05362882856179238,3.0,0.008396483312491924,0.06969593435270541,0.011856642509039624,0.026748572049833077,0.0,0.00814308151419475,-0.0032393062590768944,0.0,0.015002050165932786,0.022239710968923507,0.007180713113186753,"[0.08598723046892474, 1.8326696538711715, -1.1338971639109656, 0.057380649876320404, 1.400496103041158, 1.0882700836001566, -0.16541369653729393, 1.7394400770306573, 1.161956443414544]"
prism3,30,/home/humanoid/Programs/hand/results/phase1/run_20260413_pollard_multiscene_500_cem/prism3/generated_mjcf/scene_prism3_tn0d0043p0d0271p0d0000_ip0d0067n0d0143p0d0010_mp0d0007p0d0131p0d0000.xml,prism_y0d0350,True,0.03,1.0,1.0,1.0,2.532429780343477,0.05063756780190998,2.0,0.010026526814265095,0.13221359396561516,-0.004265118606244038,0.02711934038590531,0.0,0.006695390811629658,-0.014281245307094884,0.00099383960712395,0.0007027279729733722,0.013066747215343347,0.0,"[0.08598723046892474, 1.8326696538711715, -1.1338971639109656, 0.057380649876320404, 1.400496103041158, 1.0882700836001566, -0.16541369653729393, 1.7394400770306573, 1.161956443414544]"
prism3,31,/home/humanoid/Programs/hand/results/phase1/run_20260413_pollard_multiscene_500_cem/prism3/generated_mjcf/scene_prism3_tp0d0059p0d0284p0d0000_ip0d0149n0d0046p0d0116_mp0d0183p0d0135p0d0115.xml,prism_y0d0350,True,0.03,1.0,1.0,1.0,2.4159528698220263,0.048143962738953175,2.0,0.013076193776283178,0.28622292325845805,0.005865137432337578,0.028445021893622167,0.0,0.014890858462403149,-0.004593525878528669,0.011563879748923051,0.01825097349684944,0.013478555650656308,0.011512529004231758,"[0.08598723046892474, 1.8326696538711715, -1.1338971639109656, 0.057380649876320404, 1.400496103041158, 1.0882700836001566, -0.16541369653729393, 1.7394400770306573, 1.161956443414544]"
prism3,32,/home/humanoid/Programs/hand/results/phase1/run_20260413_pollard_multiscene_500_cem/prism3/generated_mjcf/scene_prism3_tp0d0114p0d0201p0d0061_ip0d0199n0d0129p0d0087_mp0d0148p0d0104p0d0064.xml,prism_y0d0350,True,0.03,1.0,1.0,1.0,2.8243552509664034,0.047599833503661926,3.0,0.008967500487582119,0.15802613791066344,0.011375625716456523,0.020088247500813894,0.006082716926013726,0.019932104024155912,-0.012872470272749927,0.008730869786330038,0.014837645585484947,0.010354182143389382,0.006423654479603365,"[0.08598723046892474, 1.8326696538711715, -1.1338971639109656, 0.057380649876320404, 1.400496103041158, 1.0882700836001566, -0.16541369653729393, 1.7394400770306573, 1.161956443414544]"
prism3,33,/home/humanoid/Programs/hand/results/phase1/run_20260413_pollard_multiscene_500_cem/prism3/generated_mjcf/scene_prism3_tp0d0017p0d0103p0d0000_in0d0002n0d0129p0d0000_mp0d0082p0d0174p0d0000.xml,prism_y0d0350,True,0.03,1.0,1.0,1.0,2.9324981541066846,0.049994124888020575,3.0,0.008287969975534888,0.004801846819770294,0.0016964348606279787,0.01025228368239935,0.0,-0.00023021567845265753,-0.012871992882792106,0.0,0.008169698631290736,0.017371208486178825,0.0,"[0.08598723046892474, 1.8326696538711715, -1.1338971639109656, 0.057380649876320404, 1.400496103041158, 1.0882700836001566, -0.16541369653729393, 1.7394400770306573, 1.161956443414544]"
prism3,34,/home/humanoid/Programs/hand/results/phase1/run_20260413_pollard_multiscene_500_cem/prism3/generated_mjcf/scene_prism3_tp0d0104p0d0244p0d0078_ip0d0195n0d0103p0d0000_mp0d0151p0d0170p0d0078.xml,prism_y0d0350,True,0.03,1.0,1.0,1.0,2.837233621777492,0.04900868416806853,3.0,0.00915610006066011,0.39838749322390987,0.010410453838964225,0.024417210753800794,0.0077707526014265185,0.01952322957433024,-0.010300318873836577,0.0,0.015075683778826192,0.016956620502320593,0.007822973332089582,"[0.08598723046892474, 1.8326696538711715, -1.1338971639109656, 0.057380649876320404, 1.400496103041158, 1.0882700836001566, -0.16541369653729393, 1.7394400770306573, 1.161956443414544]"
prism3,35,/home/humanoid/Programs/hand/results/phase1/run_20260413_pollard_multiscene_500_cem/prism3/generated_mjcf/scene_prism3_tp0d0008p0d0275p0d0119_ip0d0064n0d0202p0d0000_mp0d0161p0d0138p0d0021.xml,prism_y0d0350,True,0.03,1.0,1.0,1.0,2.9210715999020054,0.04969414636825817,3.0,0.008934009644025541,0.002370024659864217,0.0007718513633842589,0.027517858288740617,0.011928247033739802,0.006413315472829315,-0.02019548543950382,0.0,0.016073199756776235,0.013841494364599355,0.0021211226263011564,"[0.08598723046892474, 1.8326696538711715, -1.1338971639109656, 0.057380649876320404, 1.400496103041158, 1.0882700836001566, -0.16541369653729393, 1.7394400770306573, 1.161956443414544]"
prism3,36,/home/humanoid/Programs/hand/results/phase1/run_20260413_pollard_multiscene_500_cem/prism3/generated_mjcf/scene_prism3_tn0d0089p0d0254p0d0000_ip0d0026n0d0036p0d0015_mp0d0096p0d0249p0d0000.xml,prism_y0d0350,True,0.03,1.0,1.0,1.0,2.5165173437201656,0.04985739301782843,2.0,0.009777803087159578,0.05957203819673857,-0.008943396673879896,0.025426964262415527,0.0,0.0025748214496964378,-0.0035892000340033304,0.0015459077068942575,0.00962797461631001,0.02487177036596363,0.0,"[0.08598723046892474, 1.8326696538711715, -1.1338971639109656, 0.057380649876320404, 1.400496103041158, 1.0882700836001566, -0.16541369653729393, 1.7394400770306573, 1.161956443414544]"
prism3,37,/home/humanoid/Programs/hand/results/phase1/run_20260413_pollard_multiscene_500_cem/prism3/generated_mjcf/scene_prism3_tp0d0047p0d0159p0d0000_ip0d0142n0d0156p0d0000_mp0d0206p0d0081p0d0003.xml,prism_y0d0350,True,0.03,1.0,1.0,1.0,2.885484220100379,0.0490517917205358,3.0,0.009180786078052214,0.08644611974846397,0.004707706808181427,0.01587157495435046,0.0,0.014195167599214695,-0.015592273179289533,0.0,0.02064826636550051,0.008083160176307667,0.00029216778810564094,"[0.08598723046892474, 1.8326696538711715, -1.1338971639109656, 0.057380649876320404, 1.400496103041158, 1.0882700836001566, -0.16541369653729393, 1.7394400770306573, 1.161956443414544]"
prism3,38,/home/humanoid/Programs/hand/results/phase1/run_20260413_pollard_multiscene_500_cem/prism3/generated_mjcf/scene_prism3_tn0d0114p0d0119p0d0092_ip0d0169n0d0109p0d0000_mp0d0114p0d0036p0d0051.xml,prism_y0d0350,True,0.03,1.0,1.0,1.0,2.557168347433902,0.048947941883532915,3.0,0.009288691555746114,2.249548235855054,-0.011423683183887617,0.011920834187286948,0.009202049607205488,0.01694194115806423,-0.010935948238704234,0.0,0.011385941982911355,0.0035915166267267012,0.005111847142510097,"[0.08598723046892474, 1.8326696538711715, -1.1338971639109656, 0.057380649876320404, 1.400496103041158, 1.0882700836001566, -0.16541369653729393, 1.7394400770306573, 1.161956443414544]"
prism3,39,/home/humanoid/Programs/hand/results/phase1/run_20260413_pollard_multiscene_500_cem/prism3/generated_mjcf/scene_prism3_tp0d0052p0d0235p0d0027_in0d0002n0d0184p0d0018_mp0d0075p0d0271p0d0102.xml,prism_y0d0350,True,0.03,1.0,1.0,1.0,2.929094856877105,0.049894845430110364,3.0,0.00839563649165863,0.0028897346229395235,0.005202016333529475,0.023505080565592515,0.002672128422604829,-0.00023080561701109906,-0.018386256742776587,0.0017850731543503657,0.007460482384693542,0.027108557485954678,0.010169888577004349,"[0.08598723046892474, 1.8326696538711715, -1.1338971639109656, 0.057380649876320404, 1.400496103041158, 1.0882700836001566, -0.16541369653729393, 1.7394400770306573, 1.161956443414544]"
prism3,40,/home/humanoid/Programs/hand/results/phase1/run_20260413_pollard_multiscene_500_cem/prism3/generated_mjcf/scene_prism3_tn0d0084p0d0222p0d0047_ip0d0013n0d0168p0d0052_mp0d0196p0d0115p0d0000.xml,prism_y0d0350,True,0.03,1.0,1.0,1.0,2.9258055896408623,0.04982660056406721,3.0,0.00895986269884747,0.0013713646919678514,-0.008351810339459111,0.022159054223588735,0.004709162546482959,0.0012770419432212663,-0.016797704469571892,0.005182028326211865,0.019626594242148077,0.011501823604947245,0.0,"[0.08598723046892474, 1.8326696538711715, -1.1338971639109656, 0.057380649876320404, 1.400496103041158, 1.0882700836001566, -0.16541369653729393, 1.7394400770306573, 1.161956443414544]"
prism3,41,/home/humanoid/Programs/hand/results/phase1/run_20260413_pollard_multiscene_500_cem/prism3/generated_mjcf/scene_prism3_tp0d0077p0d0220p0d0000_ip0d0041n0d0226p0d0000_mp0d0119p0d0079p0d0114.xml,prism_y0d0350,True,0.03,1.0,1.0,1.0,2.5107542419550883,0.04986672500660902,2.0,0.009558385215885841,0.10309575229636964,0.007723008065525151,0.022039584325416278,0.0,0.0041476005142694165,-0.022556199632440297,0.0,0.011919284333538276,0.007886646563041794,0.011412791482243691,"[0.08598723046892474, 1.8326696538711715, -1.1338971639109656, 0.057380649876320404, 1.400496103041158, 1.0882700836001566, -0.16541369653729393, 1.7394400770306573, 1.161956443414544]"
prism3,42,/home/humanoid/Programs/hand/results/phase1/run_20260413_pollard_multiscene_500_cem/prism3/generated_mjcf/scene_prism3_tn0d0094p0d0189p0d0000_ip0d0036n0d0063p0d0034_mp0d0154p0d0053p0d0000.xml,prism_y0d0350,True,0.03,1.0,1.0,1.0,2.9301223567316166,0.05097899560816105,3.0,0.008879958361676972,0.24255048553777325,-0.009420546518732465,0.0188501309198506,0.0,0.003575475406852743,-0.00632986259990556,0.003448914289927449,0.015418184441244877,0.005287405821515873,0.0,"[0.08598723046892474, 1.8326696538711715, -1.1338971639109656, 0.057380649876320404, 1.400496103041158, 1.0882700836001566, -0.16541369653729393, 1.7394400770306573, 1.161956443414544]"
prism3,43,/home/humanoid/Programs/hand/results/phase1/run_20260413_pollard_multiscene_500_cem/prism3/generated_mjcf/scene_prism3_tp0d0005p0d0182p0d0000_ip0d0027n0d0016p0d0000_mp0d0184p0d0230p0d0000.xml,prism_y0d0350,True,0.03,1.0,1.0,1.0,2.9818575401257292,0.05181239255029513,3.0,0.008857004502015698,0.09241460087046204,0.00047599378402156216,0.018241307449525786,0.0,0.0026566589176190373,-0.001619408440688962,0.0,0.018449255979106606,0.02303129181754656,0.0,"[0.08598723046892474, 1.8326696538711715, -1.1338971639109656, 0.057380649876320404, 1.400496103041158, 1.0882700836001566, -0.16541369653729393, 1.7394400770306573, 1.161956443414544]"
prism3,44,/home/humanoid/Programs/hand/results/phase1/run_20260413_pollard_multiscene_500_cem/prism3/generated_mjcf/scene_prism3_tn0d0008p0d0278p0d0043_ip0d0181n0d0061p0d0046_mp0d0199p0d0230p0d0000.xml,prism_y0d0350,True,0.03,1.0,1.0,1.0,2.9316809126489964,0.05005095673981293,3.0,0.009306666901047037,0.009928262949081418,-0.000797195523737677,0.027776043383598063,0.0043364718136851,0.018086649674297704,-0.006117681940029028,0.004590515506574511,0.019911378544165075,0.023047371194270132,0.0,"[0.08598723046892474, 1.8326696538711715, -1.1338971639109656, 0.057380649876320404, 1.400496103041158, 1.0882700836001566, -0.16541369653729393, 1.7394400770306573, 1.161956443414544]"
prism3,45,/home/humanoid/Programs/hand/results/phase1/run_20260413_pollard_multiscene_500_cem/prism3/generated_mjcf/scene_prism3_tp0d0060p0d0101p0d0000_ip0d0075n0d0194p0d0105_mp0d0003p0d0034p0d0000.xml,prism_y0d0350,True,0.03,1.0,1.0,1.0,0.24198813430154376,0.04926257196749095,2.0,0.015569517251629422,15.007085667049205,0.005957382601949876,0.010080351754749027,0.0,0.007522045291682206,-0.019447965744588368,0.010509722607263742,0.00027464028066800754,0.0034175859597258135,0.0,"[0.08598723046892474, 1.8326696538711715, -1.1338971639109656, 0.057380649876320404, 1.400496103041158, 1.0882700836001566, -0.16541369653729393, 1.7394400770306573, 1.161956443414544]"
prism3,46,/home/humanoid/Programs/hand/results/phase1/run_20260413_pollard_multiscene_500_cem/prism3/generated_mjcf/scene_prism3_tp0d0118p0d0144p0d0079_ip0d0022n0d0102p0d0110_mp0d0152p0d0268p0d0018.xml,prism_y0d0350,True,0.03,1.0,1.0,1.0,2.9339622174334883,0.05004238693766086,3.0,0.008324979883334598,0.005809104119818376,0.011777873237789328,0.014352683081322558,0.007936662372425542,0.0021547272884911706,-0.010226919484838934,0.011001824044305407,0.01519631762957937,0.026832191404283674,0.0017893595781369523,"[0.08598723046892474, 1.8326696538711715, -1.1338971639109656, 0.057380649876320404, 1.400496103041158, 1.0882700836001566, -0.16541369653729393, 1.7394400770306573, 1.161956443414544]"
prism3,47,/home/humanoid/Programs/hand/results/phase1/run_20260413_pollard_multiscene_500_cem/prism3/generated_mjcf/scene_prism3_tp0d0116p0d0281p0d0067_ip0d0193n0d0091p0d0000_mp0d0107p0d0087p0d0067.xml,prism_y0d0350,True,0.03,1.0,1.0,1.0,2.539787331244575,0.05044089836912287,2.0,0.010817818559429697,0.02672316370577287,0.011600032957282114,0.028089128761280092,0.006677957426446279,0.019323757285876007,-0.0091442035857212,0.0,0.010678778561367832,0.008736009496376724,0.006661058973160928,"[0.08598723046892474, 1.8326696538711715, -1.1338971639109656, 0.057380649876320404, 1.400496103041158, 1.0882700836001566, -0.16541369653729393, 1.7394400770306573, 1.161956443414544]"
prism3,48,/home/humanoid/Programs/hand/results/phase1/run_20260413_pollard_multiscene_500_cem/prism3/generated_mjcf/scene_prism3_tn0d0079p0d0219p0d0009_ip0d0141n0d0060p0d0000_mp0d0130p0d0132p0d0027.xml,prism_y0d0350,True,0.03,1.0,1.0,1.0,2.4042892433473138,0.04658273979145358,2.0,0.011150929935691582,0.02536526321452381,-0.007918115961243205,0.02185275077567818,0.0008615743098987442,0.014125667283464571,-0.006048321632033999,0.0,0.012998583080031604,0.013234941179164626,0.0027408344560308894,"[0.08598723046892474, 1.8326696538711715, -1.1338971639109656, 0.057380649876320404, 1.400496103041158, 1.0882700836001566, -0.16541369653729393, 1.7394400770306573, 1.161956443414544]"
prism3,49,/home/humanoid/Programs/hand/results/phase1/run_20260413_pollard_multiscene_500_cem/prism3/generated_mjcf/scene_prism3_tp0d0047p0d0221p0d0056_ip0d0105n0d0132p0d0000_mp0d0035p0d0200p0d0047.xml,prism_y0d0350,True,0.03,1.0,1.0,1.0,2.8616243877725944,0.04870500145468864,3.0,0.009175681763319014,0.1646619974324643,0.004655629035515887,0.022051510058254925,0.005589265844609163,0.010480606172911551,-0.013191172580897479,0.0,0.003499640079920957,0.019987250546203643,0.004697072467498984,"[0.08598723046892474, 1.8326696538711715, -1.1338971639109656, 0.057380649876320404, 1.400496103041158, 1.0882700836001566, -0.16541369653729393, 1.7394400770306573, 1.161956443414544]"
prism3,50,/home/humanoid/Programs/hand/results/phase1/run_20260413_pollard_multiscene_500_cem/prism3/generated_mjcf/scene_prism3_tn0d0073p0d0300p0d0041_ip0d0107n0d0041p0d0000_mp0d0094p0d0095p0d0000.xml,prism_y0d0350,True,0.03,1.0,1.0,1.0,2.4544084162464146,0.0481504036050427,2.0,0.011169397038816357,0.05677943901631171,-0.007308419688561688,0.03,0.004107618726945504,0.01074918695703583,-0.004111791562920778,0.0,0.009422676882407844,0.009498585601860884,0.0,"[0.08598723046892474, 1.8326696538711715, -1.1338971639109656, 0.057380649876320404, 1.400496103041158, 1.0882700836001566, -0.16541369653729393, 1.7394400770306573, 1.161956443414544]"
prism3,51,/home/humanoid/Programs/hand/results/phase1/run_20260413_pollard_multiscene_500_cem/prism3/generated_mjcf/scene_prism3_tp0d0051p0d0283p0d0043_ip0d0069n0d0105p0d0015_mp0d0205p0d0126p0d0000.xml,prism_y0d0350,True,0.03,1.0,1.0,1.0,2.926334192807545,0.049832196986110355,3.0,0.00874482654605399,0.00202032409473021,0.00507889389314202,0.02825866323773702,0.004267170674303017,0.006851716400702805,-0.010482669810742749,0.0015218993681757591,0.020477586003383057,0.012604181086936542,0.0,"[0.08598723046892474, 1.8326696538711715, -1.1338971639109656, 0.057380649876320404, 1.400496103041158, 1.0882700836001566, -0.16541369653729393, 1.7394400770306573, 1.161956443414544]"
prism3,52,/home/humanoid/Programs/hand/results/phase1/run_20260413_pollard_multiscene_500_cem/prism3/generated_mjcf/scene_prism3_tp0d0090p0d0295p0d0000_ip0d0028n0d0090p0d0069_mp0d0126p0d0079p0d0000.xml,prism_y0d0350,True,0.03,1.0,1.0,1.0,0.8182390352784905,0.04991879288724449,2.0,0.011699536994231772,11.370130945244021,0.00904638943989626,0.029473483925284844,0.0,0.0027573767401475767,-0.009029192313612964,0.006932283735236109,0.012560620161773211,0.007898140707037397,0.0,"[0.08598723046892474, 1.8326696538711715, -1.1338971639109656, 0.057380649876320404, 1.400496103041158, 1.0882700836001566, -0.16541369653729393, 1.7394400770306573, 1.161956443414544]"
prism3,53,/home/humanoid/Programs/hand/results/phase1/run_20260413_pollard_multiscene_500_cem/prism3/generated_mjcf/scene_prism3_tp0d0001p0d0276p0d0000_in0d0002n0d0111p0d0000_mn0d0004p0d0219p0d0077.xml,prism_y0d0350,True,0.03,1.0,1.0,1.0,2.8718321413724888,0.048574709795309576,3.0,0.009105687548793671,0.06714217577172961,0.00014334321756440463,0.027572249759816276,0.0,-0.00019681532305319306,-0.011074920100960688,0.0,-0.0003818307083775299,0.021858350352990434,0.00770943854587014,"[0.08598723046892474, 1.8326696538711715, -1.1338971639109656, 0.057380649876320404, 1.400496103041158, 1.0882700836001566, -0.16541369653729393, 1.7394400770306573, 1.161956443414544]"
prism3,54,/home/humanoid/Programs/hand/results/phase1/run_20260413_pollard_multiscene_500_cem/prism3/generated_mjcf/scene_prism3_tn0d0024p0d0151p0d0000_ip0d0067n0d0105p0d0007_mp0d0065p0d0186p0d0042.xml,prism_y0d0350,True,0.03,1.0,1.0,1.0,3.0377346823708717,0.05317835050701111,3.0,0.009276005174567052,0.03303716683588622,-0.0024399467736423517,0.015057832644038826,0.0,0.006663314219880421,-0.01045421656520971,0.0006676818746994568,0.006528380348144711,0.018598103501716354,0.004218418606739039,"[0.08598723046892474, 1.8326696538711715, -1.1338971639109656, 0.057380649876320404, 1.400496103041158, 1.0882700836001566, -0.16541369653729393, 1.7394400770306573, 1.161956443414544]"
prism3,55,/home/humanoid/Programs/hand/results/phase1/run_20260413_pollard_multiscene_500_cem/prism3/generated_mjcf/scene_prism3_tp0d0014p0d0173p0d0030_ip0d0122n0d0161p0d0000_mp0d0111p0d0180p0d0027.xml,prism_y0d0350,True,0.03,1.0,1.0,1.0,2.9305211226463834,0.0499374031151016,3.0,0.008599015531282275,0.0005997021307218908,0.0013986947514008224,0.017295077961244975,0.0029736667665392225,0.012205666797138652,-0.016132227422864007,0.0,0.011097973096462878,0.017996201736044416,0.00265916253412341,"[0.08598723046892474, 1.8326696538711715, -1.1338971639109656, 0.057380649876320404, 1.400496103041158, 1.0882700836001566, -0.16541369653729393, 1.7394400770306573, 1.161956443414544]"
prism3,56,/home/humanoid/Programs/hand/results/phase1/run_20260413_pollard_multiscene_500_cem/prism3/generated_mjcf/scene_prism3_tn0d0028p0d0216p0d0117_ip0d0083n0d0041p0d0000_mp0d0190p0d0259p0d0000.xml,prism_y0d0350,True,0.03,1.0,1.0,1.0,2.913101029252183,0.0496388419727351,3.0,0.009110616453169997,0.0402480459147014,-0.002811887786451483,0.021578573773190127,0.011658471244714058,0.008272588457054841,-0.004067646849840225,0.0,0.019005478088847325,0.02590094773271727,0.0,"[0.08598723046892474, 1.8326696538711715, -1.1338971639109656, 0.057380649876320404, 1.400496103041158, 1.0882700836001566, -0.16541369653729393, 1.7394400770306573, 1.161956443414544]"
prism3,57,/home/humanoid/Programs/hand/results/phase1/run_20260413_pollard_multiscene_500_cem/prism3/generated_mjcf/scene_prism3_tn0d0117p0d0196p0d0000_ip0d0213n0d0028p0d0111_mp0d0125p0d0157p0d0080.xml,prism_y0d0350,True,0.03,1.0,1.0,1.0,1.7962899411449147,0.03829505106036529,2.0,0.01202426253924544,2.1332554725958635,-0.011709566023867376,0.019592201922411186,0.0,0.021319150102846428,-0.00275523755717884,0.01105595726232652,0.012492871785778067,0.015663848805663412,0.00798522838512554,"[0.08598723046892474, 1.8326696538711715, -1.1338971639109656, 0.057380649876320404, 1.400496103041158, 1.0882700836001566, -0.16541369653729393, 1.7394400770306573, 1.161956443414544]"
prism3,58,/home/humanoid/Programs/hand/results/phase1/run_20260413_pollard_multiscene_500_cem/prism3/generated_mjcf/scene_prism3_tp0d0037p0d0140p0d0104_ip0d0086n0d0057p0d0000_mp0d0024p0d0104p0d0018.xml,prism_y0d0350,True,0.03,1.0,1.0,1.0,-0.3116989052735337,0.03978024136799553,2.0,0.013222863371689618,16.517077509399986,0.0036563751765365075,0.013965384232813884,0.010422864918188692,0.008552786799172752,-0.005734650520576824,2.251096772368233e-05,0.002400549834523061,0.010402244328225918,0.0017858584512676114,"[0.08598723046892474, 1.8326696538711715, -1.1338971639109656, 0.057380649876320404, 1.400496103041158, 1.0882700836001566, -0.16541369653729393, 1.7394400770306573, 1.161956443414544]"
prism3,59,/home/humanoid/Programs/hand/results/phase1/run_20260413_pollard_multiscene_500_cem/prism3/generated_mjcf/scene_prism3_tn0d0086p0d0083p0d0000_ip0d0163n0d0096p0d0000_mp0d0152p0d0149p0d0120.xml,prism_y0d0350,True,0.03,1.0,1.0,1.0,2.92335698620827,0.05037029213989278,3.0,0.009052966315514522,0.14331537371299263,-0.008567949977657268,0.008329708606795487,0.0,0.01629273212462127,-0.00956022543017069,0.0,0.01521378254309184,0.014928351194636959,0.011988032454168646,"[0.08598723046892474, 1.8326696538711715, -1.1338971639109656, 0.057380649876320404, 1.400496103041158, 1.0882700836001566, -0.16541369653729393, 1.7394400770306573, 1.161956443414544]"
prism3,60,/home/humanoid/Programs/hand/results/phase1/run_20260413_pollard_multiscene_500_cem/prism3/generated_mjcf/scene_prism3_tp0d0066p0d0279p0d0000_ip0d0017n0d0195p0d0000_mp0d0103p0d0080p0d0067.xml,prism_y0d0350,True,0.03,1.0,1.0,1.0,2.531859791766537,0.05042100877957621,2.0,0.01005389486016094,0.08511817198872278,0.006624759658674734,0.027935154590522218,0.0,0.0016550791083715342,-0.019516706181432,0.0,0.010291578870901609,0.007970624345573628,0.006718674503725958,"[0.08598723046892474, 1.8326696538711715, -1.1338971639109656, 0.057380649876320404, 1.400496103041158, 1.0882700836001566, -0.16541369653729393, 1.7394400770306573, 1.161956443414544]"
prism3,61,/home/humanoid/Programs/hand/results/phase1/run_20260413_pollard_multiscene_500_cem/prism3/generated_mjcf/scene_prism3_tp0d0088p0d0156p0d0002_ip0d0123n0d0070p0d0000_mp0d0047p0d0208p0d0016.xml,prism_y0d0350,True,0.03,1.0,1.0,1.0,2.3840811767874612,0.04842026069674632,2.0,0.012466327313370483,0.5713019531461265,0.008842347706013512,0.015584119658245781,0.00019354072215095955,0.012264990460306213,-0.006962923825653033,0.0,0.004740905473675754,0.020836943900601666,0.001636615543023039,"[0.08598723046892474, 1.8326696538711715, -1.1338971639109656, 0.057380649876320404, 1.400496103041158, 1.0882700836001566, -0.16541369653729393, 1.7394400770306573, 1.161956443414544]"
prism3,62,/home/humanoid/Programs/hand/results/phase1/run_20260413_pollard_multiscene_500_cem/prism3/generated_mjcf/scene_prism3_tp0d0096p0d0187p0d0000_ip0d0054n0d0187p0d0036_mp0d0044p0d0240p0d0000.xml,prism_y0d0350,True,0.03,1.0,1.0,1.0,2.9377768562084223,0.05015217803177039,3.0,0.008189135115936748,0.007807364477788017,0.009598699042534763,0.018748600687729843,0.0,0.005356173220736853,-0.018747058256286107,0.0036183920343215593,0.004352464043744693,0.023994612495433137,0.0,"[0.08598723046892474, 1.8326696538711715, -1.1338971639109656, 0.057380649876320404, 1.400496103041158, 1.0882700836001566, -0.16541369653729393, 1.7394400770306573, 1.161956443414544]"
prism3,63,/home/humanoid/Programs/hand/results/phase1/run_20260413_pollard_multiscene_500_cem/prism3/generated_mjcf/scene_prism3_tp0d0042p0d0216p0d0031_ip0d0195n0d0202p0d0000_mp0d0009p0d0051p0d0008.xml,prism_y0d0350,True,0.03,1.0,1.0,1.0,2.1236749841795715,0.041899034425392084,2.0,0.010690471577335381,0.809401850363205,0.0041606311494035465,0.021636419405641566,0.0030830111490938,0.019490002615164113,-0.020220277164734096,0.0,0.00092565331204735,0.005134536502037207,0.0008215445664897757,"[0.08598723046892474, 1.8326696538711715, -1.1338971639109656, 0.057380649876320404, 1.400496103041158, 1.0882700836001566, -0.16541369653729393, 1.7394400770306573, 1.161956443414544]"
prism3,64,/home/humanoid/Programs/hand/results/phase1/run_20260413_pollard_multiscene_500_cem/prism3/generated_mjcf/scene_prism3_tn0d0080p0d0274p0d0000_ip0d0070n0d0129p0d0000_mp0d0065p0d0086p0d0000.xml,prism_y0d0350,True,0.03,1.0,1.0,1.0,2.265857220171951,0.042524199806935004,2.0,0.009673834747053365,0.020947357177780946,-0.008022452353145467,0.027372030322243758,0.0,0.006990567321636585,-0.012943104686674348,0.0,0.006541749268414972,0.008646994452682851,0.0,"[0.08598723046892474, 1.8326696538711715, -1.1338971639109656, 0.057380649876320404, 1.400496103041158, 1.0882700836001566, -0.16541369653729393, 1.7394400770306573, 1.161956443414544]"
prism3,65,/home/humanoid/Programs/hand/results/phase1/run_20260413_pollard_multiscene_500_cem/prism3/generated_mjcf/scene_prism3_tp0d0102p0d0180p0d0000_ip0d0127n0d0084p0d0038_mp0d0000p0d0173p0d0057.xml,prism_y0d0350,True,0.03,1.0,1.0,1.0,2.437072707819025,0.04759050569692257,2.0,0.013363531428672392,0.01245285810613765,0.010244905457486197,0.01801220879143583,0.0,0.012668186858420182,-0.008360595438035868,0.003846637078264433,3.421521337633286e-05,0.01726566189683254,0.005662166397551415,"[0.08598723046892474, 1.8326696538711715, -1.1338971639109656, 0.057380649876320404, 1.400496103041158, 1.0882700836001566, -0.16541369653729393, 1.7394400770306573, 1.161956443414544]"
prism3,66,/home/humanoid/Programs/hand/results/phase1/run_20260413_pollard_multiscene_500_cem/prism3/generated_mjcf/scene_prism3_tp0d0071p0d0221p0d0000_ip0d0000n0d0165p0d0103_mp0d0093p0d0248p0d0000.xml,prism_y0d0350,True,0.03,1.0,1.0,1.0,2.9374909566028222,0.05013849805010549,3.0,0.008338757706271467,0.0045263982555153555,0.00709364078744279,0.022124822046544465,0.0,9.767773522696352e-06,-0.01654671136546037,0.010261411427183106,0.009342820692003578,0.024791373771543557,0.0,"[0.08598723046892474, 1.8326696538711715, -1.1338971639109656, 0.057380649876320404, 1.400496103041158, 1.0882700836001566, -0.16541369653729393, 1.7394400770306573, 1.161956443414544]"
prism3,67,/home/humanoid/Programs/hand/results/phase1/run_20260413_pollard_multiscene_500_cem/prism3/generated_mjcf/scene_prism3_tp0d0061p0d0196p0d0050_ip0d0056n0d0029p0d0000_mn0d0019p0d0206p0d0042.xml,prism_y0d0350,True,0.03,1.0,1.0,1.0,2.395089334490685,0.046714048224796814,2.0,0.013734266219056289,0.08289213959394141,0.006122834557443047,0.019643052216551368,0.005008854274377212,0.00561230264001231,-0.002943233672719108,0.0,-0.0018517561091773247,0.02060797886680421,0.004238507117869911,"[0.08598723046892474, 1.8326696538711715, -1.1338971639109656, 0.057380649876320404, 1.400496103041158, 1.0882700836001566, -0.16541369653729393, 1.7394400770306573, 1.161956443414544]"
prism3,68,/home/humanoid/Programs/hand/results/phase1/run_20260413_pollard_multiscene_500_cem/prism3/generated_mjcf/scene_prism3_tp0d0038p0d0245p0d0021_ip0d0008n0d0082p0d0000_mp0d0024p0d0134p0d0000.xml,prism_y0d0350,True,0.03,1.0,1.0,1.0,2.323749026542356,0.04611647869031297,2.0,0.012052802481223026,0.44148081770767894,0.0037656347982162504,0.024497960055519838,0.002070341064443596,0.0007666948738843469,-0.008239110662878768,0.0,0.002388229094912815,0.013401081724688357,0.0,"[0.08598723046892474, 1.8326696538711715, -1.1338971639109656, 0.057380649876320404, 1.400496103041158, 1.0882700836001566, -0.16541369653729393, 1.7394400770306573, 1.161956443414544]"
prism3,69,/home/humanoid/Programs/hand/results/phase1/run_20260413_pollard_multiscene_500_cem/prism3/generated_mjcf/scene_prism3_tn0d0091p0d0182p0d0030_ip0d0071n0d0073p0d0000_mp0d0015p0d0213p0d0040.xml,prism_y0d0350,True,0.03,1.0,1.0,1.0,2.488296271920183,0.049251648214810914,2.0,0.010830220298631609,0.09233983333957546,-0.009144836102051577,0.018246982496957297,0.0029668138469602177,0.007059122356778417,-0.007296012401118981,0.0,0.001451806534502163,0.021273596267723675,0.004049475114289318,"[0.08598723046892474, 1.8326696538711715, -1.1338971639109656, 0.057380649876320404, 1.400496103041158, 1.0882700836001566, -0.16541369653729393, 1.7394400770306573, 1.161956443414544]"
prism3,70,/home/humanoid/Programs/hand/results/phase1/run_20260413_pollard_multiscene_500_cem/prism3/generated_mjcf/scene_prism3_tn0d0017p0d0113p0d0039_ip0d0160n0d0204p0d0045_mp0d0065p0d0253p0d0060.xml,prism_y0d0350,True,0.03,1.0,1.0,1.0,2.900796874761214,0.04999834136378807,3.0,0.008808377428951242,0.2101887874231086,-0.001695103360925699,0.011282414835625114,0.003928409743895453,0.015998937998229143,-0.020365376323012177,0.004543241686324421,0.006535290073162862,0.025262846757352395,0.006036952502601393,"[0.08598723046892474, 1.8326696538711715, -1.1338971639109656, 0.057380649876320404, 1.400496103041158, 1.0882700836001566, -0.16541369653729393, 1.7394400770306573, 1.161956443414544]"
prism3,71,/home/humanoid/Programs/hand/results/phase1/run_20260413_pollard_multiscene_500_cem/prism3/generated_mjcf/scene_prism3_tn0d0054p0d0300p0d0000_ip0d0024n0d0185p0d0056_mp0d0106p0d0144p0d0000.xml,prism_y0d0350,True,0.03,1.0,1.0,1.0,2.9295500524320515,0.049938291881599726,3.0,0.008865999882299547,0.0037210910622662,-0.0054304519143984886,0.03,0.0,0.002435776347481558,-0.01849432869246876,0.005569922000877223,0.010628032732038916,0.01444500978945759,0.0,"[0.08598723046892474, 1.8326696538711715, -1.1338971639109656, 0.057380649876320404, 1.400496103041158, 1.0882700836001566, -0.16541369653729393, 1.7394400770306573, 1.161956443414544]"
prism3,72,/home/humanoid/Programs/hand/results/phase1/run_20260413_pollard_multiscene_500_cem/prism3/generated_mjcf/scene_prism3_tp0d0062p0d0108p0d0000_ip0d0174n0d0135p0d0090_mp0d0124p0d0222p0d0000.xml,prism_y0d0350,True,0.03,1.0,1.0,1.0,2.929281976084372,0.05227387050435575,3.0,0.00854934490149216,0.5546986784339657,0.006155210648630671,0.010810553793238229,0.0,0.01735264766979943,-0.013474860852813792,0.009043625678390614,0.012439938501574144,0.022249071527001167,0.0,"[0.08598723046892474, 1.8326696538711715, -1.1338971639109656, 0.057380649876320404, 1.400496103041158, 1.0882700836001566, -0.16541369653729393, 1.7394400770306573, 1.161956443414544]"
prism3,73,/home/humanoid/Programs/hand/results/phase1/run_20260413_pollard_multiscene_500_cem/prism3/generated_mjcf/scene_prism3_tn0d0044p0d0170p0d0000_ip0d0093n0d0046p0d0000_mp0d0184p0d0246p0d0000.xml,prism_y0d0350,True,0.03,1.0,1.0,1.0,2.9301876740391135,0.050403044445222575,3.0,0.008908295428090589,0.1073486045833021,-0.004410675175764798,0.017040945243216383,0.0,0.009339208587460731,-0.004560812218020674,0.0,0.018435661951111647,0.02463711105944183,0.0,"[0.08598723046892474, 1.8326696538711715, -1.1338971639109656, 0.057380649876320404, 1.400496103041158, 1.0882700836001566, -0.16541369653729393, 1.7394400770306573, 1.161956443414544]"
prism3,74,/home/humanoid/Programs/hand/results/phase1/run_20260413_pollard_multiscene_500_cem/prism3/generated_mjcf/scene_prism3_tn0d0118p0d0150p0d0000_ip0d0213n0d0226p0d0068_mp0d0094p0d0064p0d0000.xml,prism_y0d0350,True,0.03,1.0,1.0,1.0,2.8090228042895617,0.04696181614700978,3.0,0.009242153195856289,0.10770969642712276,-0.011774631129091623,0.015026071347668844,0.0,0.021290785761964172,-0.022586193670716414,0.006751326365479232,0.00941019888610549,0.00641696459455523,0.0,"[0.08598723046892474, 1.8326696538711715, -1.1338971639109656, 0.057380649876320404, 1.400496103041158, 1.0882700836001566, -0.16541369653729393, 1.7394400770306573, 1.161956443414544]"
prism3,75,/home/humanoid/Programs/hand/results/phase1/run_20260413_pollard_multiscene_500_cem/prism3/generated_mjcf/scene_prism3_tn0d0029p0d0138p0d0000_ip0d0081n0d0012p0d0000_mp0d0208p0d0040p0d0000.xml,prism_y0d0350,True,0.03,1.0,1.0,1.0,1.447591853451748,0.04205194439439952,2.0,0.012269485663666396,5.33124819349935,-0.0028583662300581437,0.0138457400072515,0.0,0.008078051948861801,-0.0012057265220458985,0.0,0.02080324029069562,0.0040327697180053326,0.0,"[0.08598723046892474, 1.8326696538711715, -1.1338971639109656, 0.057380649876320404, 1.400496103041158, 1.0882700836001566, -0.16541369653729393, 1.7394400770306573, 1.161956443414544]"
prism3,76,/home/humanoid/Programs/hand/results/phase1/run_20260413_pollard_multiscene_500_cem/prism3/generated_mjcf/scene_prism3_tn0d0113p0d0240p0d0000_ip0d0118n0d0052p0d0000_mp0d0039p0d0207p0d0000.xml,prism_y0d0350,True,0.03,1.0,1.0,1.0,2.5037768055,0.04997869841020842,2.0,0.010561304213690741,0.16236686953275375,-0.011332418251265538,0.023982671318296504,0.0,0.011834084351033164,-0.005211212745469809,0.0,0.0038962598250180834,0.020709806091373795,0.0,"[0.08598723046892474, 1.8326696538711715, -1.1338971639109656, 0.057380649876320404, 1.400496103041158, 1.0882700836001566, -0.16541369653729393, 1.7394400770306573, 1.161956443414544]"
prism3,77,/home/humanoid/Programs/hand/results/phase1/run_20260413_pollard_multiscene_500_cem/prism3/generated_mjcf/scene_prism3_tn0d0084p0d0101p0d0057_ip0d0186n0d0029p0d0002_mp0d0017p0d0087p0d0000.xml,prism_y0d0350,True,0.03,1.0,1.0,1.0,2.120667490221451,0.04080272089631524,2.0,0.015544935184473141,0.508919138537571,-0.008418956494816787,0.010098682819272528,0.005692020027346097,0.018649896037094195,-0.00293131012119569,0.00024213617963288712,0.0016829095927515317,0.00871577789468347,0.0,"[0.08598723046892474, 1.8326696538711715, -1.1338971639109656, 0.057380649876320404, 1.400496103041158, 1.0882700836001566, -0.16541369653729393, 1.7394400770306573, 1.161956443414544]"
prism3,78,/home/humanoid/Programs/hand/results/phase1/run_20260413_pollard_multiscene_500_cem/prism3/generated_mjcf/scene_prism3_tp0d0084p0d0236p0d0000_ip0d0161n0d0138p0d0116_mp0d0083p0d0234p0d0000.xml,prism_y0d0350,True,0.03,1.0,1.0,1.0,2.757756516655453,0.048317057156910675,3.0,0.009048387709764957,0.7682913894459408,0.008444576966534726,0.02360473805204645,0.0,0.016142527397372305,-0.013849435792305355,0.011586334684659968,0.008289451299635327,0.023392712373685107,0.0,"[0.08598723046892474, 1.8326696538711715, -1.1338971639109656, 0.057380649876320404, 1.400496103041158, 1.0882700836001566, -0.16541369653729393, 1.7394400770306573, 1.161956443414544]"
prism3,79,/home/humanoid/Programs/hand/results/phase1/run_20260413_pollard_multiscene_500_cem/prism3/generated_mjcf/scene_prism3_tp0d0052p0d0176p0d0000_ip0d0028n0d0020p0d0000_mp0d0115p0d0176p0d0086.xml,prism_y0d0350,True,0.03,1.0,1.0,1.0,2.9922160381274447,0.052324543899100406,3.0,0.008951598963194292,0.1415986694312072,0.005237310362236038,0.017563482626837892,0.0,0.0027718192087738923,-0.0019917236705522656,0.0,0.011478080897803443,0.017636294965843274,0.008602642255188277,"[0.08598723046892474, 1.8326696538711715, -1.1338971639109656, 0.057380649876320404, 1.400496103041158, 1.0882700836001566, -0.16541369653729393, 1.7394400770306573, 1.161956443414544]"
prism3,80,/home/humanoid/Programs/hand/results/phase1/run_20260413_pollard_multiscene_500_cem/prism3/generated_mjcf/scene_prism3_tn0d0008p0d0279p0d0006_ip0d0210n0d0071p0d0099_mp0d0206p0d0226p0d0000.xml,prism_y0d0350,True,0.03,1.0,1.0,1.0,2.5055661428188123,0.049367639382374845,2.0,0.009591607532541785,0.020786803328157924,-0.0008000030475453623,0.027917390747862772,0.000573517541445712,0.02095203182614285,-0.007101411990425551,0.009890526263616365,0.02061665277540771,0.022553907751633406,0.0,"[0.08598723046892474, 1.8326696538711715, -1.1338971639109656, 0.057380649876320404, 1.400496103041158, 1.0882700836001566, -0.16541369653729393, 1.7394400770306573, 1.161956443414544]"
prism3,81,/home/humanoid/Programs/hand/results/phase1/run_20260413_pollard_multiscene_500_cem/prism3/generated_mjcf/scene_prism3_tn0d0090p0d0228p0d0000_ip0d0072n0d0201p0d0063_mp0d0185p0d0065p0d0004.xml,prism_y0d0350,True,0.03,1.0,1.0,1.0,2.8997306373946516,0.04999658687244504,3.0,0.009026173950785312,0.21398370159569596,-0.009013713642375616,0.02278980200712923,0.0,0.007243655781430538,-0.020128123761032943,0.006292119913449305,0.018507944887493133,0.006487311049542916,0.0004040384823368326,"[0.08598723046892474, 1.8326696538711715, -1.1338971639109656, 0.057380649876320404, 1.400496103041158, 1.0882700836001566, -0.16541369653729393, 1.7394400770306573, 1.161956443414544]"
prism3,82,/home/humanoid/Programs/hand/results/phase1/run_20260413_pollard_multiscene_500_cem/prism3/generated_mjcf/scene_prism3_tn0d0025p0d0270p0d0000_ip0d0155n0d0107p0d0115_mp0d0081p0d0270p0d0000.xml,prism_y0d0350,True,0.03,1.0,1.0,1.0,2.771531445420191,0.04937086190016422,3.0,0.009215470667609338,0.9201185316689252,-0.002519689680057913,0.0269603676315392,0.0,0.015539417179556146,-0.010713506962094235,0.011477954736469145,0.00807119382275073,0.027004100871841748,0.0,"[0.08598723046892474, 1.8326696538711715, -1.1338971639109656, 0.057380649876320404, 1.400496103041158, 1.0882700836001566, -0.16541369653729393, 1.7394400770306573, 1.161956443414544]"
prism3,83,/home/humanoid/Programs/hand/results/phase1/run_20260413_pollard_multiscene_500_cem/prism3/generated_mjcf/scene_prism3_tn0d0076p0d0268p0d0000_ip0d0116n0d0088p0d0000_mn0d0012p0d0270p0d0076.xml,prism_y0d0350,True,0.03,1.0,1.0,1.0,2.4854593691480247,0.049209307668419563,2.0,0.010614062465260648,0.10425516210759195,-0.007615952366620589,0.02676994545049784,0.0,0.011578113540041342,-0.00879563808260816,0.0,-0.0011742335437274105,0.026988800245438982,0.007617363433869751,"[0.08598723046892474, 1.8326696538711715, -1.1338971639109656, 0.057380649876320404, 1.400496103041158, 1.0882700836001566, -0.16541369653729393, 1.7394400770306573, 1.161956443414544]"
prism3,84,/home/humanoid/Programs/hand/results/phase1/run_20260413_pollard_multiscene_500_cem/prism3/generated_mjcf/scene_prism3_tn0d0090p0d0284p0d0000_ip0d0039n0d0058p0d0062_mp0d0183p0d0066p0d0059.xml,prism_y0d0350,True,0.03,1.0,1.0,1.0,1.7633231104387934,0.049006951573251016,3.0,0.009317534071346464,7.555234176548664,-0.00903107388097255,0.0283512663229558,0.0,0.003934833769319825,-0.005757207590804102,0.006176688296570931,0.018302976254368976,0.006579648189279809,0.005942068205402055,"[0.08598723046892474, 1.8326696538711715, -1.1338971639109656, 0.057380649876320404, 1.400496103041158, 1.0882700836001566, -0.16541369653729393, 1.7394400770306573, 1.161956443414544]"
prism3,85,/home/humanoid/Programs/hand/results/phase1/run_20260413_pollard_multiscene_500_cem/prism3/generated_mjcf/scene_prism3_tn0d0007p0d0158p0d0056_ip0d0183n0d0166p0d0000_mp0d0218p0d0254p0d0000.xml,prism_y0d0350,True,0.03,1.0,1.0,1.0,2.9219882838427114,0.04971376638768702,3.0,0.008793943573724499,0.0027043505259035177,-0.0007242270174430531,0.01582120179505725,0.005623269061173778,0.018283433942996835,-0.01656094181848386,0.0,0.021800433240013316,0.025360559741709553,0.0,"[0.08598723046892474, 1.8326696538711715, -1.1338971639109656, 0.057380649876320404, 1.400496103041158, 1.0882700836001566, -0.16541369653729393, 1.7394400770306573, 1.161956443414544]"
prism3,86,/home/humanoid/Programs/hand/results/phase1/run_20260413_pollard_multiscene_500_cem/prism3/generated_mjcf/scene_prism3_tp0d0075p0d0102p0d0099_ip0d0166n0d0196p0d0000_mp0d0123p0d0118p0d0057.xml,prism_y0d0350,True,0.03,1.0,1.0,1.0,2.815723242759844,0.04958056363142933,3.0,0.008603178305148918,0.6826008515325636,0.007545943391991963,0.010152637333193278,0.009901101778887714,0.016591653646360095,-0.019575285245747365,0.0,0.012293316516183985,0.011838183941553431,0.005669611582738907,"[0.08598723046892474, 1.8326696538711715, -1.1338971639109656, 0.057380649876320404, 1.400496103041158, 1.0882700836001566, -0.16541369653729393, 1.7394400770306573, 1.161956443414544]"
prism3,87,/home/humanoid/Programs/hand/results/phase1/run_20260413_pollard_multiscene_500_cem/prism3/generated_mjcf/scene_prism3_tp0d0022p0d0130p0d0026_in0d0017n0d0216p0d0000_mp0d0065p0d0036p0d0103.xml,prism_y0d0350,True,0.03,1.0,1.0,1.0,2.303792149721816,0.04954918982046395,2.0,0.015303888420194133,1.3321447810268943,0.002216708864255847,0.012968687661631752,0.002642628237215415,-0.0016625819564261152,-0.021618052432726936,0.0,0.006488265088465934,0.003585833720184428,0.01031778056792828,"[0.08598723046892474, 1.8326696538711715, -1.1338971639109656, 0.057380649876320404, 1.400496103041158, 1.0882700836001566, -0.16541369653729393, 1.7394400770306573, 1.161956443414544]"
prism3,88,/home/humanoid/Programs/hand/results/phase1/run_20260413_pollard_multiscene_500_cem/prism3/generated_mjcf/scene_prism3_tn0d0063p0d0145p0d0000_ip0d0206n0d0159p0d0000_mp0d0052p0d0267p0d0000.xml,prism_y0d0350,True,0.03,1.0,1.0,1.0,2.508036100589888,0.04969710568673985,2.0,0.008970448128357874,0.08947801459527184,-0.006251785068665728,0.014495325210681365,0.0,0.020577729177482608,-0.015856336100447087,0.0,0.00516417454005876,0.026729880841243052,0.0,"[0.08598723046892474, 1.8326696538711715, -1.1338971639109656, 0.057380649876320404, 1.400496103041158, 1.0882700836001566, -0.16541369653729393, 1.7394400770306573, 1.161956443414544]"
prism3,89,/home/humanoid/Programs/hand/results/phase1/run_20260413_pollard_multiscene_500_cem/prism3/generated_mjcf/scene_prism3_tn0d0100p0d0238p0d0052_ip0d0069n0d0192p0d0000_mp0d0085p0d0272p0d0086.xml,prism_y0d0350,True,0.03,1.0,1.0,1.0,2.924301875175016,0.04978307906366189,3.0,0.008850766100461904,0.0026957323481789155,-0.009995101896248837,0.02379157746173784,0.005198518097171433,0.0069337845806804535,-0.0192267562692027,0.0,0.00853763705229673,0.027187195281308668,0.008602447813300492,"[0.08598723046892474, 1.8326696538711715, -1.1338971639109656, 0.057380649876320404, 1.400496103041158, 1.0882700836001566, -0.16541369653729393, 1.7394400770306573, 1.161956443414544]"
prism3,90,/home/humanoid/Programs/hand/results/phase1/run_20260413_pollard_multiscene_500_cem/prism3/generated_mjcf/scene_prism3_tp0d0029p0d0127p0d0045_ip0d0162n0d0225p0d0000_mp0d0058p0d0170p0d0037.xml,prism_y0d0350,True,0.03,1.0,1.0,1.0,2.9257373090437846,0.049800069685403195,3.0,0.00852354798853962,0.0014535597883244072,0.0029018135620788327,0.012654030748838113,0.004509948513336814,0.016215976054769522,-0.022490670271335656,0.0,0.005844347141099411,0.0169903517426752,0.0036732772408389104,"[0.08598723046892474, 1.8326696538711715, -1.1338971639109656, 0.057380649876320404, 1.400496103041158, 1.0882700836001566, -0.16541369653729393, 1.7394400770306573, 1.161956443414544]"
prism3,91,/home/humanoid/Programs/hand/results/phase1/run_20260413_pollard_multiscene_500_cem/prism3/generated_mjcf/scene_prism3_tn0d0076p0d0193p0d0118_in0d0016n0d0154p0d0000_mp0d0077p0d0242p0d0000.xml,prism_y0d0350,True,0.03,1.0,1.0,1.0,2.9343685407145803,0.0500640838863439,3.0,0.008717941750498196,0.0029234120430658094,-0.007646693078679328,0.019271826466729144,0.01181202927686147,-0.0016195366585430217,-0.015396153316103115,0.0,0.007733992480541187,0.024160649172592356,0.0,"[0.08598723046892474, 1.8326696538711715, -1.1338971639109656, 0.057380649876320404, 1.400496103041158, 1.0882700836001566, -0.16541369653729393, 1.7394400770306573, 1.161956443414544]"
prism3,92,/home/humanoid/Programs/hand/results/phase1/run_20260413_pollard_multiscene_500_cem/prism3/generated_mjcf/scene_prism3_tp0d0092p0d0218p0d0000_ip0d0041n0d0045p0d0035_mp0d0031p0d0064p0d0000.xml,prism_y0d0350,True,0.03,1.0,1.0,1.0,2.2253098807765737,0.042245579247588955,2.0,0.015676595074227143,0.14621468493723871,0.009193872035903945,0.02181295623272573,0.0,0.0040552741037858985,-0.0045332674722808695,0.003460812432078599,0.0030934256771718233,0.006421691842922003,0.0,"[0.08598723046892474, 1.8326696538711715, -1.1338971639109656, 0.057380649876320404, 1.400496103041158, 1.0882700836001566, -0.16541369653729393, 1.7394400770306573, 1.161956443414544]"
prism3,93,/home/humanoid/Programs/hand/results/phase1/run_20260413_pollard_multiscene_500_cem/prism3/generated_mjcf/scene_prism3_tp0d0098p0d0177p0d0077_ip0d0195n0d0189p0d0000_mp0d0023p0d0219p0d0000.xml,prism_y0d0350,True,0.03,1.0,1.0,1.0,2.801702690734827,0.046477284201716346,3.0,0.009137954314123396,0.0448423179799908,0.009817727108383325,0.0176813969023054,0.007687387064662939,0.019488690226234645,-0.01886800685293718,0.0,0.0023280660770963867,0.021851488935866546,0.0,"[0.08598723046892474, 1.8326696538711715, -1.1338971639109656, 0.057380649876320404, 1.400496103041158, 1.0882700836001566, -0.16541369653729393, 1.7394400770306573, 1.161956443414544]"
prism3,94,/home/humanoid/Programs/hand/results/phase1/run_20260413_pollard_multiscene_500_cem/prism3/generated_mjcf/scene_prism3_tp0d0015p0d0126p0d0064_ip0d0095n0d0111p0d0000_mp0d0090p0d0044p0d0074.xml,prism_y0d0350,True,0.03,1.0,1.0,1.0,2.2357708855118754,0.05158516031178312,2.0,0.013863680040641419,2.279882435461672,0.001539169440428645,0.012590402374113123,0.006399856377125625,0.009505016714306917,-0.011122081462157587,0.0,0.008957884088755294,0.004397102470699158,0.007428471529678085,"[0.08598723046892474, 1.8326696538711715, -1.1338971639109656, 0.057380649876320404, 1.400496103041158, 1.0882700836001566, -0.16541369653729393, 1.7394400770306573, 1.161956443414544]"
prism3,95,/home/humanoid/Programs/hand/results/phase1/run_20260413_pollard_multiscene_500_cem/prism3/generated_mjcf/scene_prism3_tp0d0098p0d0261p0d0000_ip0d0183n0d0242p0d0040_mp0d0164p0d0111p0d0086.xml,prism_y0d0350,True,0.03,1.0,1.0,1.0,2.8314445229719674,0.04886347506503912,3.0,0.008848354838465347,0.407202630849812,0.009779974161027216,0.026063540473240793,0.0,0.018250824386656643,-0.024208298980820234,0.003982977767717059,0.016417262015573204,0.011139749692614482,0.00855772058265547,"[0.08598723046892474, 1.8326696538711715, -1.1338971639109656, 0.057380649876320404, 1.400496103041158, 1.0882700836001566, -0.16541369653729393, 1.7394400770306573, 1.161956443414544]"
prism3,96,/home/humanoid/Programs/hand/results/phase1/run_20260413_pollard_multiscene_500_cem/prism3/generated_mjcf/scene_prism3_tn0d0120p0d0232p0d0000_ip0d0131n0d0183p0d0000_mp0d0130p0d0152p0d0000.xml,prism_y0d0350,True,0.03,1.0,1.0,1.0,2.9014059787005992,0.05048809847050789,3.0,0.00898735163088781,0.3180184300360098,-0.011995439961423757,0.023170885074527296,0.0,0.013087070170243659,-0.01826739217079296,0.0,0.01302784928333284,0.015226435694788317,0.0,"[0.08598723046892474, 1.8326696538711715, -1.1338971639109656, 0.057380649876320404, 1.400496103041158, 1.0882700836001566, -0.16541369653729393, 1.7394400770306573, 1.161956443414544]"
prism3,97,/home/humanoid/Programs/hand/results/phase1/run_20260413_pollard_multiscene_500_cem/prism3/generated_mjcf/scene_prism3_tp0d0093p0d0292p0d0012_ip0d0149n0d0135p0d0072_mp0d0180p0d0216p0d0000.xml,prism_y0d0350,True,0.03,1.0,1.0,1.0,2.931263500133656,0.04997676328074008,3.0,0.00869643372745057,0.0035356482489699776,0.009268198317895226,0.029177279887696635,0.001189641720707622,0.014946304660889418,-0.013466718358715133,0.007234640744900829,0.018012549910744587,0.02163983278281282,0.0,"[0.08598723046892474, 1.8326696538711715, -1.1338971639109656, 0.057380649876320404, 1.400496103041158, 1.0882700836001566, -0.16541369653729393, 1.7394400770306573, 1.161956443414544]"
prism3,98,/home/humanoid/Programs/hand/results/phase1/run_20260413_pollard_multiscene_500_cem/prism3/generated_mjcf/scene_prism3_tn0d0114p0d0238p0d0000_ip0d0195n0d0037p0d0008_mp0d0071p0d0204p0d0050.xml,prism_y0d0350,True,0.03,1.0,1.0,1.0,2.4893985312066236,0.04916296071961697,2.0,0.011616135620154485,0.05381881826440692,-0.011412276955248405,0.02379807387899146,0.0,0.019462260282733714,-0.0036636593388789888,0.0008100502558857133,0.0070586596157323,0.02041174898220853,0.005024872692297698,"[0.08598723046892474, 1.8326696538711715, -1.1338971639109656, 0.057380649876320404, 1.400496103041158, 1.0882700836001566, -0.16541369653729393, 1.7394400770306573, 1.161956443414544]"
prism3,99,/home/humanoid/Programs/hand/results/phase1/run_20260413_pollard_multiscene_500_cem/prism3/generated_mjcf/scene_prism3_tp0d0044p0d0282p0d0019_ip0d0104n0d0119p0d0093_mp0d0068p0d0235p0d0001.xml,prism_y0d0350,True,0.03,1.0,1.0,1.0,2.847096152899846,0.049136986174740944,3.0,0.009377087866952445,0.3596279165478828,0.004374789435312346,0.028218177304168056,0.0018556460458758403,0.010385043516164927,-0.011894204793422361,0.009335535792464315,0.006802027202263075,0.023505980635449716,0.00011734953019630276,"[0.08598723046892474, 1.8326696538711715, -1.1338971639109656, 0.057380649876320404, 1.400496103041158, 1.0882700836001566, -0.16541369653729393, 1.7394400770306573, 1.161956443414544]"
prism3,100,/home/humanoid/Programs/hand/results/phase1/run_20260413_pollard_multiscene_500_cem/prism3/generated_mjcf/scene_prism3_tn0d0100p0d0188p0d0000_ip0d0107n0d0038p0d0000_mp0d0094p0d0173p0d0065.xml,prism_y0d0350,True,0.03,1.0,1.0,1.0,1.6962517772183465,0.03743467967053267,2.0,0.012039532937949952,2.5992196358293125,-0.009951865181536158,0.018775567695502312,0.0,0.010669241071932166,-0.003820563471950528,0.0,0.009405390983008566,0.017280054041644587,0.0064756874760196585,"[0.08598723046892474, 1.8326696538711715, -1.1338971639109656, 0.057380649876320404, 1.400496103041158, 1.0882700836001566, -0.16541369653729393, 1.7394400770306573, 1.161956443414544]"
prism3,101,/home/humanoid/Programs/hand/results/phase1/run_20260413_pollard_multiscene_500_cem/prism3/generated_mjcf/scene_prism3_tp0d0106p0d0212p0d0101_ip0d0061n0d0060p0d0063_mp0d0112p0d0075p0d0000.xml,prism_y0d0350,True,0.03,1.0,1.0,1.0,0.27043999382810213,0.04887137058644916,2.0,0.013719813075334647,14.750789003646329,0.010583447100032992,0.021214589149641843,0.010118832452697093,0.006077415096292973,-0.005956325488376159,0.006329410999625626,0.011230695538510659,0.007470929249459784,0.0,"[0.08598723046892474, 1.8326696538711715, -1.1338971639109656, 0.057380649876320404, 1.400496103041158, 1.0882700836001566, -0.16541369653729393, 1.7394400770306573, 1.161956443414544]"
prism3,102,/home/humanoid/Programs/hand/results/phase1/run_20260413_pollard_multiscene_500_cem/prism3/generated_mjcf/scene_prism3_tn0d0050p0d0300p0d0035_ip0d0198n0d0172p0d0000_mp0d0116p0d0118p0d0000.xml,prism_y0d0350,True,0.03,1.0,1.0,1.0,2.9097706907017,0.04953878006884692,3.0,0.009386395139981022,0.03542547618653656,-0.00501959716225856,0.03,0.0034709390634110604,0.019816908082287803,-0.017192165528774707,0.0,0.01161693581676551,0.011813476401367424,0.0,"[0.08598723046892474, 1.8326696538711715, -1.1338971639109656, 0.057380649876320404, 1.400496103041158, 1.0882700836001566, -0.16541369653729393, 1.7394400770306573, 1.161956443414544]"
prism3,103,/home/humanoid/Programs/hand/results/phase1/run_20260413_pollard_multiscene_500_cem/prism3/generated_mjcf/scene_prism3_tp0d0024p0d0087p0d0000_in0d0020n0d0127p0d0026_mp0d0002p0d0091p0d0073.xml,prism_y0d0350,True,0.03,1.0,1.0,1.0,1.5605131796807807,0.049294867026306144,2.0,0.014080735896021197,6.244304629652613,0.002383369372827144,0.008678863384413857,0.0,-0.0019946792069528447,-0.01271909707195985,0.002592015961930566,0.00023177104157602255,0.00911026565147512,0.0072958037054163295,"[0.08598723046892474, 1.8326696538711715, -1.1338971639109656, 0.057380649876320404, 1.400496103041158, 1.0882700836001566, -0.16541369653729393, 1.7394400770306573, 1.161956443414544]"
prism3,104,/home/humanoid/Programs/hand/results/phase1/run_20260413_pollard_multiscene_500_cem/prism3/generated_mjcf/scene_prism3_tp0d0082p0d0173p0d0075_ip0d0047n0d0074p0d0011_mp0d0086p0d0191p0d0000.xml,prism_y0d0350,True,0.03,1.0,1.0,1.0,2.9790281613484635,0.05249609760083682,3.0,0.008343801553591532,0.2776510104909524,0.008166757436390344,0.017305598102488752,0.007541369532989443,0.004651366072771426,-0.007353402664476439,0.0010909589677707467,0.008562377893663898,0.019054614628170638,0.0,"[0.08598723046892474, 1.8326696538711715, -1.1338971639109656, 0.057380649876320404, 1.400496103041158, 1.0882700836001566, -0.16541369653729393, 1.7394400770306573, 1.161956443414544]"
prism3,105,/home/humanoid/Programs/hand/results/phase1/run_20260413_pollard_multiscene_500_cem/prism3/generated_mjcf/scene_prism3_tn0d0081p0d0151p0d0043_ip0d0149n0d0080p0d0064_mn0d0001p0d0058p0d0085.xml,prism_y0d0350,True,0.03,1.0,1.0,1.0,2.3300024562830415,0.045302528792087876,2.0,0.015660179123697004,0.16177128795093523,-0.008101357374999472,0.015051763145310957,0.004333502634470354,0.014949647520672982,-0.007961740219535359,0.0064228105575298185,-9.076253567036861e-05,0.005841333801968511,0.008528427846290734,"[0.08598723046892474, 1.8326696538711715, -1.1338971639109656, 0.057380649876320404, 1.400496103041158, 1.0882700836001566, -0.16541369653729393, 1.7394400770306573, 1.161956443414544]"
prism3,106,/home/humanoid/Programs/hand/results/phase1/run_20260413_pollard_multiscene_500_cem/prism3/generated_mjcf/scene_prism3_tn0d0034p0d0216p0d0001_ip0d0130n0d0225p0d0065_mp0d0010p0d0197p0d0000.xml,prism_y0d0350,True,0.03,1.0,1.0,1.0,2.8153382049911873,0.049241564007826484,3.0,0.009125675981526337,0.599101222131247,-0.003435893928932775,0.021640910971604234,8.406733760194136e-05,0.01303990171210299,-0.022453278930529147,0.006474965432793946,0.0009616558759156877,0.019652987084016846,0.0,"[0.08598723046892474, 1.8326696538711715, -1.1338971639109656, 0.057380649876320404, 1.400496103041158, 1.0882700836001566, -0.16541369653729393, 1.7394400770306573, 1.161956443414544]"
prism3,107,/home/humanoid/Programs/hand/results/phase1/run_20260413_pollard_multiscene_500_cem/prism3/generated_mjcf/scene_prism3_tn0d0002p0d0241p0d0000_in0d0009n0d0012p0d0005_mp0d0158p0d0161p0d0077.xml,prism_y0d0350,True,0.03,1.0,1.0,1.0,3.103693201866963,0.055566482665184214,3.0,0.00881453942129436,0.15669741714597332,-0.0001857207345086799,0.024120649624657868,0.0,-0.0008951006875646678,-0.0011589227586814663,0.000544245585789983,0.015811471385460664,0.01605107600938014,0.007672485664079333,"[0.08598723046892474, 1.8326696538711715, -1.1338971639109656, 0.057380649876320404, 1.400496103041158, 1.0882700836001566, -0.16541369653729393, 1.7394400770306573, 1.161956443414544]"
prism3,108,/home/humanoid/Programs/hand/results/phase1/run_20260413_pollard_multiscene_500_cem/prism3/generated_mjcf/scene_prism3_tp0d0016p0d0109p0d0034_ip0d0021n0d0045p0d0043_mp0d0206p0d0184p0d0000.xml,prism_y0d0350,True,0.03,1.0,1.0,1.0,2.9290580589775703,0.04990646978932388,3.0,0.008567052329860892,0.0035618599269600267,0.0015507882981054214,0.010946165081292702,0.0034057575517393284,0.002145776066487623,-0.004532300759600939,0.00434547841134757,0.020555407315434586,0.018397938948996252,0.0,"[0.08598723046892474, 1.8326696538711715, -1.1338971639109656, 0.057380649876320404, 1.400496103041158, 1.0882700836001566, -0.16541369653729393, 1.7394400770306573, 1.161956443414544]"
prism3,109,/home/humanoid/Programs/hand/results/phase1/run_20260413_pollard_multiscene_500_cem/prism3/generated_mjcf/scene_prism3_tp0d0014p0d0265p0d0051_ip0d0062n0d0086p0d0104_mp0d0144p0d0121p0d0099.xml,prism_y0d0350,True,0.03,1.0,1.0,1.0,2.9291372912789573,0.05049752245409611,3.0,0.009257333709339056,0.13174218130485954,0.0013713010998067932,0.026522534647037528,0.00508531914060183,0.006215120944035642,-0.0085715723855087,0.010446457471225783,0.014435441034388851,0.012115233654059249,0.009858199929202283,"[0.08598723046892474, 1.8326696538711715, -1.1338971639109656, 0.057380649876320404, 1.400496103041158, 1.0882700836001566, -0.16541369653729393, 1.7394400770306573, 1.161956443414544]"
prism3,110,/home/humanoid/Programs/hand/results/phase1/run_20260413_pollard_multiscene_500_cem/prism3/generated_mjcf/scene_prism3_tp0d0079p0d0285p0d0000_ip0d0050n0d0053p0d0000_mn0d0002p0d0197p0d0072.xml,prism_y0d0350,True,0.03,1.0,1.0,1.0,2.3105336332009765,0.048250519615883364,2.0,0.012384100249492769,1.0231090190397072,0.007862980625476145,0.028524410246412026,0.0,0.004979892007376512,-0.005336932736155145,0.0,-0.0002310575466114538,0.019698384299342057,0.007182478955496934,"[0.08598723046892474, 1.8326696538711715, -1.1338971639109656, 0.057380649876320404, 1.400496103041158, 1.0882700836001566, -0.16541369653729393, 1.7394400770306573, 1.161956443414544]"
prism3,111,/home/humanoid/Programs/hand/results/phase1/run_20260413_pollard_multiscene_500_cem/prism3/generated_mjcf/scene_prism3_tp0d0034p0d0163p0d0014_in0d0015n0d0108p0d0086_mn0d0001p0d0125p0d0000.xml,prism_y0d0350,True,0.03,1.0,1.0,1.0,2.913887109375762,0.050525001961746516,3.0,0.008285394623608408,0.252781133587665,0.003402427395368751,0.01627624007420011,0.0014345596552211674,-0.0014835211652609488,-0.010796120261926605,0.008563228193161875,-0.00012672235965031746,0.012499665517147967,0.0,"[0.08598723046892474, 1.8326696538711715, -1.1338971639109656, 0.057380649876320404, 1.400496103041158, 1.0882700836001566, -0.16541369653729393, 1.7394400770306573, 1.161956443414544]"
prism3,112,/home/humanoid/Programs/hand/results/phase1/run_20260413_pollard_multiscene_500_cem/prism3/generated_mjcf/scene_prism3_tn0d0029p0d0083p0d0079_ip0d0099n0d0138p0d0024_mp0d0184p0d0103p0d0000.xml,prism_y0d0350,True,0.03,1.0,1.0,1.0,2.920393232823887,0.04968848627706192,3.0,0.008795987468361077,0.007412079577051909,-0.0028798104808018445,0.008312184160997247,0.00786631007594749,0.00990983944819043,-0.01383796642650531,0.00244307317527483,0.018400676902117614,0.010290257395785304,0.0,"[0.08598723046892474, 1.8326696538711715, -1.1338971639109656, 0.057380649876320404, 1.400496103041158, 1.0882700836001566, -0.16541369653729393, 1.7394400770306573, 1.161956443414544]"
prism3,113,/home/humanoid/Programs/hand/results/phase1/run_20260413_pollard_multiscene_500_cem/prism3/generated_mjcf/scene_prism3_tn0d0108p0d0144p0d0000_in0d0010n0d0110p0d0000_mn0d0002p0d0253p0d0000.xml,prism_y0d0350,True,0.03,1.0,1.0,1.0,2.8899916095270872,0.049592876832343126,3.0,0.00875629153360561,0.18830997691807305,-0.010812139014908118,0.014393578249598981,0.0,-0.0010025963078267048,-0.011034466506951189,0.0,-0.00021781467042988716,0.025301153793920166,0.0,"[0.08598723046892474, 1.8326696538711715, -1.1338971639109656, 0.057380649876320404, 1.400496103041158, 1.0882700836001566, -0.16541369653729393, 1.7394400770306573, 1.161956443414544]"
prism3,114,/home/humanoid/Programs/hand/results/phase1/run_20260413_pollard_multiscene_500_cem/prism3/generated_mjcf/scene_prism3_tn0d0097p0d0300p0d0040_ip0d0154n0d0108p0d0000_mp0d0182p0d0133p0d0000.xml,prism_y0d0350,True,0.03,1.0,1.0,1.0,2.8825547302406873,0.04881343554193446,3.0,0.009432037603388095,0.047009590134953975,-0.009724061022624773,0.03,0.0040072071336392685,0.015418097000075947,-0.010783104100315308,0.0,0.018205053769901072,0.013332696100926186,0.0,"[0.08598723046892474, 1.8326696538711715, -1.1338971639109656, 0.057380649876320404, 1.400496103041158, 1.0882700836001566, -0.16541369653729393, 1.7394400770306573, 1.161956443414544]"
prism3,115,/home/humanoid/Programs/hand/results/phase1/run_20260413_pollard_multiscene_500_cem/prism3/generated_mjcf/scene_prism3_tn0d0088p0d0107p0d0005_ip0d0116n0d0119p0d0027_mp0d0191p0d0154p0d0000.xml,prism_y0d0350,True,0.03,1.0,1.0,1.0,2.921826777287766,0.04973202284616399,3.0,0.008848130426870271,0.007318409828220312,-0.008752578143894657,0.010717277259950732,0.0005339023898471625,0.011649846149658704,-0.011851546974094098,0.0027149922709011447,0.019063443114098563,0.015400916278669291,0.0,"[0.08598723046892474, 1.8326696538711715, -1.1338971639109656, 0.057380649876320404, 1.400496103041158, 1.0882700836001566, -0.16541369653729393, 1.7394400770306573, 1.161956443414544]"
prism3,116,/home/humanoid/Programs/hand/results/phase1/run_20260413_pollard_multiscene_500_cem/prism3/generated_mjcf/scene_prism3_tn0d0058p0d0154p0d0015_ip0d0171n0d0137p0d0000_mp0d0025p0d0055p0d0000.xml,prism_y0d0350,True,0.03,1.0,1.0,1.0,2.119532208376064,0.040630355808971216,2.0,0.012365221611334071,0.5186653447684042,-0.005842255138069734,0.015364319418918195,0.0014593692806168217,0.01708893618799274,-0.01371309528163105,0.0,0.002515708089826485,0.00547565360219901,0.0,"[0.08598723046892474, 1.8326696538711715, -1.1338971639109656, 0.057380649876320404, 1.400496103041158, 1.0882700836001566, -0.16541369653729393, 1.7394400770306573, 1.161956443414544]"
prism3,117,/home/humanoid/Programs/hand/results/phase1/run_20260413_pollard_multiscene_500_cem/prism3/generated_mjcf/scene_prism3_tp0d0044p0d0222p0d0039_ip0d0089n0d0217p0d0000_mp0d0103p0d0152p0d0000.xml,prism_y0d0350,True,0.03,1.0,1.0,1.0,2.931076157540675,0.049955937632401054,3.0,0.008648038775374664,0.0005705469507479377,0.004425039793702623,0.022177153565716874,0.0038910621589977774,0.00891028314209102,-0.02166526711317343,0.0,0.010263051494114807,0.015231959161743686,0.0,"[0.08598723046892474, 1.8326696538711715, -1.1338971639109656, 0.057380649876320404, 1.400496103041158, 1.0882700836001566, -0.16541369653729393, 1.7394400770306573, 1.161956443414544]"
prism3,118,/home/humanoid/Programs/hand/results/phase1/run_20260413_pollard_multiscene_500_cem/prism3/generated_mjcf/scene_prism3_tp0d0078p0d0184p0d0083_ip0d0044n0d0017p0d0000_mp0d0165p0d0038p0d0000.xml,prism_y0d0350,True,0.03,1.0,1.0,1.0,1.7150862040320882,0.03708823484158191,2.0,0.017543582230709957,2.3194323397457257,0.007807237396004606,0.01839952006368896,0.008290947003856325,0.004371823127956276,-0.0016934499390448814,0.0,0.016460379772354136,0.0037844748722332625,0.0,"[0.08598723046892474, 1.8326696538711715, -1.1338971639109656, 0.057380649876320404, 1.400496103041158, 1.0882700836001566, -0.16541369653729393, 1.7394400770306573, 1.161956443414544]"
prism3,119,/home/humanoid/Programs/hand/results/phase1/run_20260413_pollard_multiscene_500_cem/prism3/generated_mjcf/scene_prism3_tp0d0089p0d0164p0d0104_ip0d0203n0d0051p0d0000_mp0d0186p0d0143p0d0000.xml,prism_y0d0350,True,0.03,1.0,1.0,1.0,2.5412883599501326,0.050598529601964475,2.0,0.010117832652474125,0.06283007209117236,0.008893279303444638,0.01640251999547089,0.010379507833410868,0.020306008014948564,-0.005095378154555871,0.0,0.01859844408246346,0.014270504086291665,0.0,"[0.08598723046892474, 1.8326696538711715, -1.1338971639109656, 0.057380649876320404, 1.400496103041158, 1.0882700836001566, -0.16541369653729393, 1.7394400770306573, 1.161956443414544]"
prism3,120,/home/humanoid/Programs/hand/results/phase1/run_20260413_pollard_multiscene_500_cem/prism3/generated_mjcf/scene_prism3_tp0d0084p0d0276p0d0000_ip0d0188n0d0118p0d0058_mp0d0044p0d0085p0d0084.xml,prism_y0d0350,True,0.03,1.0,1.0,1.0,2.4176213584303334,0.04742002514610152,2.0,0.011739071942857426,0.12400918531670076,0.00844700085406028,0.0275899209061255,0.0,0.01879663640748299,-0.01184488672550997,0.005846178204292226,0.004436224499191826,0.00847107561171959,0.008359507557784272,"[0.08598723046892474, 1.8326696538711715, -1.1338971639109656, 0.057380649876320404, 1.400496103041158, 1.0882700836001566, -0.16541369653729393, 1.7394400770306573, 1.161956443414544]"
prism3,121,/home/humanoid/Programs/hand/results/phase1/run_20260413_pollard_multiscene_500_cem/prism3/generated_mjcf/scene_prism3_tp0d0024p0d0115p0d0000_ip0d0186n0d0131p0d0000_mp0d0062p0d0231p0d0000.xml,prism_y0d0350,True,0.03,1.0,1.0,1.0,2.480709237240611,0.050229019384710985,2.0,0.009470100192096995,0.38910827226719413,0.0024051311534063324,0.011544931174607635,0.0,0.01861685963731509,-0.013061194038860484,0.0,0.006182892757216741,0.02309146085361523,0.0,"[0.08598723046892474, 1.8326696538711715, -1.1338971639109656, 0.057380649876320404, 1.400496103041158, 1.0882700836001566, -0.16541369653729393, 1.7394400770306573, 1.161956443414544]"
prism3,122,/home/humanoid/Programs/hand/results/phase1/run_20260413_pollard_multiscene_500_cem/prism3/generated_mjcf/scene_prism3_tp0d0108p0d0155p0d0062_ip0d0049n0d0059p0d0000_mp0d0011p0d0095p0d0089.xml,prism_y0d0350,True,0.03,1.0,1.0,1.0,1.8143459731620275,0.049914843267856356,2.0,0.015097751843372496,4.683186916841335,0.01076048406563343,0.015492803621637762,0.006155527900058046,0.00485693182457647,-0.00587186875258037,0.0,0.0011157035574780073,0.009522165756708695,0.008882207151154464,"[0.08598723046892474, 1.8326696538711715, -1.1338971639109656, 0.057380649876320404, 1.400496103041158, 1.0882700836001566, -0.16541369653729393, 1.7394400770306573, 1.161956443414544]"
prism3,123,/home/humanoid/Programs/hand/results/phase1/run_20260413_pollard_multiscene_500_cem/prism3/generated_mjcf/scene_prism3_tn0d0043p0d0196p0d0000_ip0d0116n0d0220p0d0000_mp0d0172p0d0092p0d0000.xml,prism_y0d0350,True,0.03,1.0,1.0,1.0,2.927646488313169,0.04988591656963766,3.0,0.008888970935879103,0.003884331682605512,-0.004260038967681772,0.01960461298881959,0.0,0.011600278864472048,-0.0219961311853588,0.0,0.017223337484585828,0.009153846869822672,0.0,"[0.08598723046892474, 1.8326696538711715, -1.1338971639109656, 0.057380649876320404, 1.400496103041158, 1.0882700836001566, -0.16541369653729393, 1.7394400770306573, 1.161956443414544]"
prism3,124,/home/humanoid/Programs/hand/results/phase1/run_20260413_pollard_multiscene_500_cem/prism3/generated_mjcf/scene_prism3_tp0d0024p0d0115p0d0000_ip0d0179n0d0148p0d0088_mp0d0159p0d0081p0d0000.xml,prism_y0d0350,True,0.03,1.0,1.0,1.0,2.955020919524108,0.05339402417160184,3.0,0.008948999817299482,0.6391461789823837,0.00244379712564664,0.011516003744496317,0.0,0.017933255596691573,-0.014767612297100151,0.008771401825721701,0.01585675523326934,0.008123136719758773,0.0,"[0.08598723046892474, 1.8326696538711715, -1.1338971639109656, 0.057380649876320404, 1.400496103041158, 1.0882700836001566, -0.16541369653729393, 1.7394400770306573, 1.161956443414544]"
prism3,125,/home/humanoid/Programs/hand/results/phase1/run_20260413_pollard_multiscene_500_cem/prism3/generated_mjcf/scene_prism3_tn0d0079p0d0199p0d0000_ip0d0180n0d0130p0d0013_mp0d0073p0d0214p0d0045.xml,prism_y0d0350,True,0.03,1.0,1.0,1.0,2.9200127982193944,0.04983067173419264,3.0,0.009137551306264004,0.03857073243213287,-0.007887425942232639,0.019869923947212237,0.0,0.01796756903605752,-0.01303821976671418,0.0013139928106517436,0.0072988538669776434,0.021417608120759872,0.004534554990868175,"[0.08598723046892474, 1.8326696538711715, -1.1338971639109656, 0.057380649876320404, 1.400496103041158, 1.0882700836001566, -0.16541369653729393, 1.7394400770306573, 1.161956443414544]"
prism3,126,/home/humanoid/Programs/hand/results/phase1/run_20260413_pollard_multiscene_500_cem/prism3/generated_mjcf/scene_prism3_tp0d0045p0d0265p0d0000_ip0d0009n0d0047p0d0000_mp0d0146p0d0270p0d0048.xml,prism_y0d0350,True,0.03,1.0,1.0,1.0,2.9302519975982175,0.049940890447263686,3.0,0.008423731897787902,0.005544695069571274,0.004458536017805364,0.02651826532165731,0.0,0.0008580601897542929,-0.004669597340441882,0.0,0.014602302785354992,0.02702318182498961,0.004842281650674841,"[0.08598723046892474, 1.8326696538711715, -1.1338971639109656, 0.057380649876320404, 1.400496103041158, 1.0882700836001566, -0.16541369653729393, 1.7394400770306573, 1.161956443414544]"
prism3,127,/home/humanoid/Programs/hand/results/phase1/run_20260413_pollard_multiscene_500_cem/prism3/generated_mjcf/scene_prism3_tp0d0098p0d0083p0d0025_ip0d0003n0d0034p0d0110_mn0d0012p0d0065p0d0080.xml,prism_y0d0350,True,0.03,1.0,1.0,1.0,2.315578165428812,0.04553422508311207,2.0,0.018513519419190543,0.2739511576115284,0.009760457547150138,0.008320518767227713,0.002489219276482083,0.00033574461251641846,-0.003359888860213432,0.011045946072750848,-0.0011803141391436098,0.006498272408853792,0.007986264843585493,"[0.08598723046892474, 1.8326696538711715, -1.1338971639109656, 0.057380649876320404, 1.400496103041158, 1.0882700836001566, -0.16541369653729393, 1.7394400770306573, 1.161956443414544]"
prism3,128,/home/humanoid/Programs/hand/results/phase1/run_20260413_pollard_multiscene_500_cem/prism3/generated_mjcf/scene_prism3_tp0d0045p0d0300p0d0062_ip0d0123n0d0114p0d0000_mp0d0168p0d0125p0d0000.xml,prism_y0d0350,True,0.03,1.0,1.0,1.0,2.597732415812511,0.04986529302291422,3.0,0.008835136467222433,2.199217113700281,0.004485274247750803,0.03,0.006156220676458435,0.012260561788589615,-0.011358161911042592,0.0,0.016811552901191067,0.012516042873784501,0.0,"[0.08598723046892474, 1.8326696538711715, -1.1338971639109656, 0.057380649876320404, 1.400496103041158, 1.0882700836001566, -0.16541369653729393, 1.7394400770306573, 1.161956443414544]"
prism3,129,/home/humanoid/Programs/hand/results/phase1/run_20260413_pollard_multiscene_500_cem/prism3/generated_mjcf/scene_prism3_tp0d0011p0d0169p0d0025_in0d0016n0d0203p0d0010_mp0d0126p0d0053p0d0033.xml,prism_y0d0350,True,0.03,1.0,1.0,1.0,2.454129616518811,0.0498383922478038,2.0,0.01268110683350776,0.43234598991537426,0.001124035130705775,0.016879105762682,0.002540590918859706,-0.0015998689586662306,-0.020340573322197117,0.0009559423156456498,0.012637777989375407,0.0052731398225478055,0.003273069010678602,"[0.08598723046892474, 1.8326696538711715, -1.1338971639109656, 0.057380649876320404, 1.400496103041158, 1.0882700836001566, -0.16541369653729393, 1.7394400770306573, 1.161956443414544]"
prism3,130,/home/humanoid/Programs/hand/results/phase1/run_20260413_pollard_multiscene_500_cem/prism3/generated_mjcf/scene_prism3_tp0d0082p0d0149p0d0005_ip0d0197n0d0074p0d0000_mp0d0212p0d0115p0d0078.xml,prism_y0d0350,True,0.03,1.0,1.0,1.0,2.4447731898352454,0.04811786704155964,2.0,0.010412954770487894,0.12350831385577535,0.008189307560810648,0.014882807021886352,0.0005119386873650589,0.01974686259815555,-0.007428967554101598,0.0,0.02119582419996409,0.011509801055097127,0.007780858579894308,"[0.08598723046892474, 1.8326696538711715, -1.1338971639109656, 0.057380649876320404, 1.400496103041158, 1.0882700836001566, -0.16541369653729393, 1.7394400770306573, 1.161956443414544]"
prism3,131,/home/humanoid/Programs/hand/results/phase1/run_20260413_pollard_multiscene_500_cem/prism3/generated_mjcf/scene_prism3_tn0d0011p0d0270p0d0101_ip0d0197n0d0050p0d0000_mp0d0199p0d0070p0d0000.xml,prism_y0d0350,True,0.03,1.0,1.0,1.0,2.324647752887918,0.04441876031717114,2.0,0.00980511285180829,0.06932421672970354,-0.0011395805826361627,0.026954421492883872,0.010102144179137976,0.019665360013878683,-0.004989540944297587,0.0,0.019903111947131187,0.00698015457820993,0.0,"[0.08598723046892474, 1.8326696538711715, -1.1338971639109656, 0.057380649876320404, 1.400496103041158, 1.0882700836001566, -0.16541369653729393, 1.7394400770306573, 1.161956443414544]"
prism3,132,/home/humanoid/Programs/hand/results/phase1/run_20260413_pollard_multiscene_500_cem/prism3/generated_mjcf/scene_prism3_tp0d0035p0d0260p0d0000_ip0d0045n0d0154p0d0083_mn0d0020p0d0247p0d0000.xml,prism_y0d0350,True,0.03,1.0,1.0,1.0,2.8221678680538314,0.04689467033832555,3.0,0.00957279352139423,4.496516381648171e-08,0.003512477377717779,0.02595634688580678,0.0,0.004452740128532561,-0.015443202872165433,0.008333916584662072,-0.001953983419333517,0.024659893923409178,0.0,"[0.08598723046892474, 1.8326696538711715, -1.1338971639109656, 0.057380649876320404, 1.400496103041158, 1.0882700836001566, -0.16541369653729393, 1.7394400770306573, 1.161956443414544]"
prism3,133,/home/humanoid/Programs/hand/results/phase1/run_20260413_pollard_multiscene_500_cem/prism3/generated_mjcf/scene_prism3_tp0d0028p0d0300p0d0000_ip0d0111n0d0190p0d0049_mp0d0176p0d0092p0d0086.xml,prism_y0d0350,True,0.03,1.0,1.0,1.0,2.8775260218870296,0.04982320842081519,3.0,0.008910045151306738,0.32310788359259307,0.0027977652898282263,0.03,0.0,0.011086082907261777,-0.018966780190806512,0.004853939664313668,0.01762763991258995,0.009209986654092634,0.008637469710466666,"[0.08598723046892474, 1.8326696538711715, -1.1338971639109656, 0.057380649876320404, 1.400496103041158, 1.0882700836001566, -0.16541369653729393, 1.7394400770306573, 1.161956443414544]"
prism3,134,/home/humanoid/Programs/hand/results/phase1/run_20260413_pollard_multiscene_500_cem/prism3/generated_mjcf/scene_prism3_tn0d0077p0d0195p0d0000_ip0d0054n0d0153p0d0047_mp0d0056p0d0160p0d0036.xml,prism_y0d0350,True,0.03,1.0,1.0,1.0,2.9315138219102472,0.0499715267816801,3.0,0.008703603264390035,0.0005493927985082164,-0.007742076707245167,0.019521734459900235,0.0,0.005380400973209519,-0.015320954689492202,0.004686405960974107,0.00560440286082812,0.016011727803561176,0.0036316851150580594,"[0.08598723046892474, 1.8326696538711715, -1.1338971639109656, 0.057380649876320404, 1.400496103041158, 1.0882700836001566, -0.16541369653729393, 1.7394400770306573, 1.161956443414544]"
prism3,135,/home/humanoid/Programs/hand/results/phase1/run_20260413_pollard_multiscene_500_cem/prism3/generated_mjcf/scene_prism3_tp0d0069p0d0150p0d0000_ip0d0037n0d0112p0d0091_mp0d0138p0d0179p0d0000.xml,prism_y0d0350,True,0.03,1.0,1.0,1.0,2.933498650521712,0.050018296673195656,3.0,0.008370816007781083,0.002667340163824017,0.006857647735637552,0.01504492230118383,0.0,0.0036892498449809796,-0.011197272548679756,0.009064254186342637,0.01378107685401934,0.017874691451246903,0.0,"[0.08598723046892474, 1.8326696538711715, -1.1338971639109656, 0.057380649876320404, 1.400496103041158, 1.0882700836001566, -0.16541369653729393, 1.7394400770306573, 1.161956443414544]"
prism3,136,/home/humanoid/Programs/hand/results/phase1/run_20260413_pollard_multiscene_500_cem/prism3/generated_mjcf/scene_prism3_tn0d0000p0d0159p0d0000_ip0d0210n0d0204p0d0000_mp0d0053p0d0187p0d0000.xml,prism_y0d0350,True,0.03,1.0,1.0,1.0,2.849178855538148,0.04954948846713454,3.0,0.009015923215830132,0.4468092958660052,-4.7116339295641754e-05,0.015941643153524383,0.0,0.02102531309204351,-0.02037678228072287,0.0,0.005322139856231826,0.01872476021489625,0.0,"[0.08598723046892474, 1.8326696538711715, -1.1338971639109656, 0.057380649876320404, 1.400496103041158, 1.0882700836001566, -0.16541369653729393, 1.7394400770306573, 1.161956443414544]"
prism3,137,/home/humanoid/Programs/hand/results/phase1/run_20260413_pollard_multiscene_500_cem/prism3/generated_mjcf/scene_prism3_tp0d0049p0d0247p0d0000_ip0d0180n0d0165p0d0030_mp0d0110p0d0050p0d0000.xml,prism_y0d0350,True,0.03,1.0,1.0,1.0,2.644589571636834,0.05377955124694367,2.0,0.010863236615733437,0.10645499183151506,0.004939700650079103,0.024682204869321503,0.0,0.018032783027366765,-0.016529194989133536,0.0029566510456937745,0.010960551337871752,0.005020658944108913,0.0,"[0.08598723046892474, 1.8326696538711715, -1.1338971639109656, 0.057380649876320404, 1.400496103041158, 1.0882700836001566, -0.16541369653729393, 1.7394400770306573, 1.161956443414544]"
prism3,138,/home/humanoid/Programs/hand/results/phase1/run_20260413_pollard_multiscene_500_cem/prism3/generated_mjcf/scene_prism3_tp0d0015p0d0300p0d0068_ip0d0095n0d0196p0d0000_mn0d0010p0d0173p0d0000.xml,prism_y0d0350,True,0.03,1.0,1.0,1.0,2.820173774500673,0.047770993067045166,3.0,0.009396409733647125,0.2201210891907607,0.001515325259618382,0.03,0.006807639524938257,0.009541767906657332,-0.019584708658321362,0.0,-0.000981823473950495,0.01725793949067561,0.0,"[0.08598723046892474, 1.8326696538711715, -1.1338971639109656, 0.057380649876320404, 1.400496103041158, 1.0882700836001566, -0.16541369653729393, 1.7394400770306573, 1.161956443414544]"
prism3,139,/home/humanoid/Programs/hand/results/phase1/run_20260413_pollard_multiscene_500_cem/prism3/generated_mjcf/scene_prism3_tp0d0038p0d0208p0d0000_ip0d0064n0d0233p0d0116_mn0d0002p0d0039p0d0000.xml,prism_y0d0350,True,0.03,1.0,1.0,1.0,2.4547438297338937,0.049302142599659926,2.0,0.01156959578268039,0.31794646459228515,0.0038050259348188786,0.020755100794810622,0.0,0.006448623398971592,-0.023325066083498283,0.011591209693892372,-0.00019526507632723449,0.0039111861558529856,0.0,"[0.08598723046892474, 1.8326696538711715, -1.1338971639109656, 0.057380649876320404, 1.400496103041158, 1.0882700836001566, -0.16541369653729393, 1.7394400770306573, 1.161956443414544]"
prism3,140,/home/humanoid/Programs/hand/results/phase1/run_20260413_pollard_multiscene_500_cem/prism3/generated_mjcf/scene_prism3_tn0d0087p0d0271p0d0000_ip0d0062n0d0240p0d0104_mp0d0057p0d0235p0d0111.xml,prism_y0d0350,True,0.03,1.0,1.0,1.0,2.9410820342608974,0.05026849257016129,3.0,0.008892907648689144,0.0035292693157981192,-0.008731530079981356,0.027066388090933438,0.0,0.0061588016073141905,-0.023982038856395667,0.010357658104953149,0.005704969469548151,0.02352908190489477,0.011086436192306204,"[0.08598723046892474, 1.8326696538711715, -1.1338971639109656, 0.057380649876320404, 1.400496103041158, 1.0882700836001566, -0.16541369653729393, 1.7394400770306573, 1.161956443414544]"
prism3,141,/home/humanoid/Programs/hand/results/phase1/run_20260413_pollard_multiscene_500_cem/prism3/generated_mjcf/scene_prism3_tp0d0055p0d0143p0d0000_ip0d0168n0d0075p0d0079_mp0d0111p0d0191p0d0000.xml,prism_y0d0350,True,0.03,1.0,1.0,1.0,2.4527818404370954,0.04957722174665176,2.0,0.01277548553818602,0.37913299746229645,0.00545884849963154,0.014257804502089013,0.0,0.016783646536371433,-0.007532492230778167,0.007861720757539256,0.011069781825323213,0.019080062523594087,0.0,"[0.08598723046892474, 1.8326696538711715, -1.1338971639109656, 0.057380649876320404, 1.400496103041158, 1.0882700836001566, -0.16541369653729393, 1.7394400770306573, 1.161956443414544]"
prism3,142,/home/humanoid/Programs/hand/results/phase1/run_20260413_pollard_multiscene_500_cem/prism3/generated_mjcf/scene_prism3_tn0d0074p0d0247p0d0000_ip0d0168n0d0241p0d0028_mp0d0123p0d0058p0d0022.xml,prism_y0d0350,True,0.03,1.0,1.0,1.0,2.690937847457857,0.04988543593522518,3.0,0.00905668435420097,1.5795936104441495,-0.007406249106069644,0.024733766378574083,0.0,0.01681314259118548,-0.024126402710446332,0.002803222095158712,0.01227073241585616,0.005832298099170255,0.0022128550031997474,"[0.08598723046892474, 1.8326696538711715, -1.1338971639109656, 0.057380649876320404, 1.400496103041158, 1.0882700836001566, -0.16541369653729393, 1.7394400770306573, 1.161956443414544]"
prism3,143,/home/humanoid/Programs/hand/results/phase1/run_20260413_pollard_multiscene_500_cem/prism3/generated_mjcf/scene_prism3_tp0d0062p0d0209p0d0041_ip0d0150n0d0194p0d0102_mp0d0059p0d0173p0d0000.xml,prism_y0d0350,True,0.03,1.0,1.0,1.0,2.5883219348971456,0.04919252933225317,3.0,0.009112069259247063,2.101283021421478,0.006188329518560347,0.020863806997200564,0.0041462532147777224,0.015008121104932009,-0.019358162822748666,0.010238796153919451,0.005860994776989337,0.017308846946232706,0.0,"[0.08598723046892474, 1.8326696538711715, -1.1338971639109656, 0.057380649876320404, 1.400496103041158, 1.0882700836001566, -0.16541369653729393, 1.7394400770306573, 1.161956443414544]"
prism3,144,/home/humanoid/Programs/hand/results/phase1/run_20260413_pollard_multiscene_500_cem/prism3/generated_mjcf/scene_prism3_tp0d0119p0d0237p0d0000_ip0d0116n0d0236p0d0000_mp0d0214p0d0052p0d0000.xml,prism_y0d0350,True,0.03,1.0,1.0,1.0,2.3693754880916487,0.04979608284010212,2.0,0.010362370994836119,1.018417795481687,0.011913720408939114,0.023699386605017154,0.0,0.011586873910987512,-0.02364748026497579,0.0,0.021392537358011006,0.005244756480698892,0.0,"[0.08598723046892474, 1.8326696538711715, -1.1338971639109656, 0.057380649876320404, 1.400496103041158, 1.0882700836001566, -0.16541369653729393, 1.7394400770306573, 1.161956443414544]"
prism3,145,/home/humanoid/Programs/hand/results/phase1/run_20260413_pollard_multiscene_500_cem/prism3/generated_mjcf/scene_prism3_tp0d0018p0d0266p0d0085_ip0d0187n0d0061p0d0000_mp0d0120p0d0228p0d0000.xml,prism_y0d0350,True,0.03,1.0,1.0,1.0,2.8379683963641344,0.04804690840066839,3.0,0.009327304774920647,0.1667919207294521,0.0017538542680252782,0.026575331008186886,0.008468955846821315,0.01866947878821324,-0.00605466824628304,0.0,0.011957947693719377,0.02281495484257566,0.0,"[0.08598723046892474, 1.8326696538711715, -1.1338971639109656, 0.057380649876320404, 1.400496103041158, 1.0882700836001566, -0.16541369653729393, 1.7394400770306573, 1.161956443414544]"
prism3,146,/home/humanoid/Programs/hand/results/phase1/run_20260413_pollard_multiscene_500_cem/prism3/generated_mjcf/scene_prism3_tn0d0100p0d0190p0d0000_in0d0019n0d0119p0d0000_mp0d0192p0d0113p0d0039.xml,prism_y0d0350,True,0.03,1.0,1.0,1.0,2.8563266245692938,0.049907609186068444,3.0,0.008853367196549429,0.48488641700002005,-0.010045906244288014,0.019006044700280358,0.0,-0.001910366479366826,-0.011895275575458145,0.0,0.019195229064207682,0.011320224616773731,0.0039041055259550206,"[0.08598723046892474, 1.8326696538711715, -1.1338971639109656, 0.057380649876320404, 1.400496103041158, 1.0882700836001566, -0.16541369653729393, 1.7394400770306573, 1.161956443414544]"
prism3,147,/home/humanoid/Programs/hand/results/phase1/run_20260413_pollard_multiscene_500_cem/prism3/generated_mjcf/scene_prism3_tp0d0016p0d0152p0d0000_ip0d0068n0d0186p0d0000_mn0d0007p0d0086p0d0000.xml,prism_y0d0350,True,0.03,1.0,1.0,1.0,2.787841094419244,0.049743887074089874,3.0,0.008396948549630205,0.9093403738309414,0.0016338811302797802,0.01519199864331583,0.0,0.0068238390588518626,-0.0185979348006101,0.0,-0.0007490881804916184,0.008644874935491244,0.0,"[0.08598723046892474, 1.8326696538711715, -1.1338971639109656, 0.057380649876320404, 1.400496103041158, 1.0882700836001566, -0.16541369653729393, 1.7394400770306573, 1.161956443414544]"
prism3,148,/home/humanoid/Programs/hand/results/phase1/run_20260413_pollard_multiscene_500_cem/prism3/generated_mjcf/scene_prism3_tn0d0084p0d0110p0d0000_ip0d0037n0d0242p0d0000_mp0d0218p0d0092p0d0000.xml,prism_y0d0350,True,0.03,1.0,1.0,1.0,2.773183600607183,0.049725023620122995,3.0,0.0088845819581049,0.996153747872746,-0.008384850114827124,0.010998077251796115,0.0,0.0037161724242142525,-0.024194187208261365,0.0,0.021761286768522584,0.009183467605082948,0.0,"[0.08598723046892474, 1.8326696538711715, -1.1338971639109656, 0.057380649876320404, 1.400496103041158, 1.0882700836001566, -0.16541369653729393, 1.7394400770306573, 1.161956443414544]"
prism3,149,/home/humanoid/Programs/hand/results/phase1/run_20260413_pollard_multiscene_500_cem/prism3/generated_mjcf/scene_prism3_tp0d0030p0d0212p0d0000_ip0d0156n0d0018p0d0000_mp0d0070p0d0156p0d0000.xml,prism_y0d0350,True,0.03,1.0,1.0,1.0,2.4609521276521007,0.04909940426424572,2.0,0.014719032746329339,0.18725970735894013,0.0030242349553947154,0.02123938513737227,0.0,0.015599964008212794,-0.0018124103626753294,0.0,0.007007819845969626,0.01564040034937387,0.0,"[0.08598723046892474, 1.8326696538711715, -1.1338971639109656, 0.057380649876320404, 1.400496103041158, 1.0882700836001566, -0.16541369653729393, 1.7394400770306573, 1.161956443414544]"
prism3,150,/home/humanoid/Programs/hand/results/phase1/run_20260413_pollard_multiscene_500_cem/prism3/generated_mjcf/scene_prism3_tn0d0078p0d0173p0d0042_in0d0016n0d0210p0d0074_mp0d0060p0d0167p0d0000.xml,prism_y0d0350,True,0.03,1.0,1.0,1.0,2.930498153925672,0.04994744683917221,3.0,0.008696191819410719,0.001800678710229852,-0.007824626139829111,0.01732834438676897,0.004248456658127203,-0.0016455198819331964,-0.020978514055772536,0.007394594912894001,0.0059714869993543855,0.016719741941420785,0.0,"[0.08598723046892474, 1.8326696538711715, -1.1338971639109656, 0.057380649876320404, 1.400496103041158, 1.0882700836001566, -0.16541369653729393, 1.7394400770306573, 1.161956443414544]"
prism3,151,/home/humanoid/Programs/hand/results/phase1/run_20260413_pollard_multiscene_500_cem/prism3/generated_mjcf/scene_prism3_tp0d0012p0d0087p0d0000_ip0d0087n0d0117p0d0000_mp0d0090p0d0220p0d0049.xml,prism_y0d0350,True,0.03,1.0,1.0,1.0,2.928517413416189,0.04988064500952108,3.0,0.008378325915559415,0.0036567339061967753,0.001218564240804446,0.00866571424061289,0.0,0.008749523164934754,-0.011728504763940096,0.0,0.009016880749428276,0.0220316040367717,0.0049388979727751255,"[0.08598723046892474, 1.8326696538711715, -1.1338971639109656, 0.057380649876320404, 1.400496103041158, 1.0882700836001566, -0.16541369653729393, 1.7394400770306573, 1.161956443414544]"
prism3,152,/home/humanoid/Programs/hand/results/phase1/run_20260413_pollard_multiscene_500_cem/prism3/generated_mjcf/scene_prism3_tn0d0031p0d0199p0d0072_ip0d0043n0d0209p0d0113_mp0d0190p0d0243p0d0000.xml,prism_y0d0350,True,0.03,1.0,1.0,1.0,2.929914624741175,0.04993961036498612,3.0,0.008837300265370288,0.0019809166839936695,-0.0031420885393652637,0.019907472351036487,0.007176067022170336,0.004316225501834821,-0.020934708518782652,0.01125617333642238,0.018952176361857136,0.024280508339097374,0.0,"[0.08598723046892474, 1.8326696538711715, -1.1338971639109656, 0.057380649876320404, 1.400496103041158, 1.0882700836001566, -0.16541369653729393, 1.7394400770306573, 1.161956443414544]"
prism3,153,/home/humanoid/Programs/hand/results/phase1/run_20260413_pollard_multiscene_500_cem/prism3/generated_mjcf/scene_prism3_tn0d0112p0d0258p0d0070_ip0d0212n0d0234p0d0075_mp0d0061p0d0193p0d0096.xml,prism_y0d0350,True,0.03,1.0,1.0,1.0,2.4918152615263702,0.04924276498050903,2.0,0.010002175913550876,0.07784773976229174,-0.011151549883476946,0.02583112419855533,0.0069637886035893125,0.021163138926686795,-0.023441266575308213,0.00750747979912832,0.006083154920940297,0.01929815313027885,0.009613447105348082,"[0.08598723046892474, 1.8326696538711715, -1.1338971639109656, 0.057380649876320404, 1.400496103041158, 1.0882700836001566, -0.16541369653729393, 1.7394400770306573, 1.161956443414544]"
prism3,154,/home/humanoid/Programs/hand/results/phase1/run_20260413_pollard_multiscene_500_cem/prism3/generated_mjcf/scene_prism3_tn0d0060p0d0300p0d0000_ip0d0008n0d0128p0d0053_mp0d0202p0d0236p0d0113.xml,prism_y0d0350,True,0.03,1.0,1.0,1.0,2.927202868904073,0.049882651958669505,3.0,0.008888244942085512,0.006089731767924206,-0.005961165487680037,0.03,0.0,0.0007531740575051921,-0.012763734213142173,0.005254819597036012,0.020235854375230844,0.023634514741201866,0.011292320198183152,"[0.08598723046892474, 1.8326696538711715, -1.1338971639109656, 0.057380649876320404, 1.400496103041158, 1.0882700836001566, -0.16541369653729393, 1.7394400770306573, 1.161956443414544]"
prism3,155,/home/humanoid/Programs/hand/results/phase1/run_20260413_pollard_multiscene_500_cem/prism3/generated_mjcf/scene_prism3_tn0d0014p0d0178p0d0021_ip0d0146n0d0026p0d0022_mp0d0197p0d0133p0d0065.xml,prism_y0d0350,True,0.03,1.0,1.0,1.0,1.8235982837619056,0.03827414836465603,2.0,0.013027064391481899,1.9329518681206095,-0.0014073926538075085,0.01775156940829652,0.00214680221506695,0.014606775448273735,-0.0026308522758124574,0.0022085622184445826,0.019743230789970055,0.013276280780333086,0.006512602441148773,"[0.08598723046892474, 1.8326696538711715, -1.1338971639109656, 0.057380649876320404, 1.400496103041158, 1.0882700836001566, -0.16541369653729393, 1.7394400770306573, 1.161956443414544]"
prism3,156,/home/humanoid/Programs/hand/results/phase1/run_20260413_pollard_multiscene_500_cem/prism3/generated_mjcf/scene_prism3_tp0d0120p0d0099p0d0050_ip0d0197n0d0028p0d0089_mp0d0047p0d0131p0d0002.xml,prism_y0d0350,True,0.03,1.0,1.0,1.0,2.3020885054239297,0.04475803870635722,2.0,0.018188662257400085,0.18710349855848554,0.011953618961592274,0.009890472913476396,0.004973856886651324,0.019675836613181563,-0.0028322182956766213,0.008946206172153887,0.0046899317603590635,0.013051221715934756,0.00019432070821016716,"[0.08598723046892474, 1.8326696538711715, -1.1338971639109656, 0.057380649876320404, 1.400496103041158, 1.0882700836001566, -0.16541369653729393, 1.7394400770306573, 1.161956443414544]"
prism3,157,/home/humanoid/Programs/hand/results/phase1/run_20260413_pollard_multiscene_500_cem/prism3/generated_mjcf/scene_prism3_tp0d0113p0d0144p0d0039_ip0d0162n0d0208p0d0089_mp0d0101p0d0263p0d0094.xml,prism_y0d0350,True,0.03,1.0,1.0,1.0,2.9355827394835163,0.050090405684216514,3.0,0.008404318374234767,0.005152151437281798,0.011272147501967051,0.014373501696804333,0.003851906420196817,0.01623469939494379,-0.0207794824341704,0.008888251116506849,0.01012549654790459,0.02625110103573041,0.00935258777511349,"[0.08598723046892474, 1.8326696538711715, -1.1338971639109656, 0.057380649876320404, 1.400496103041158, 1.0882700836001566, -0.16541369653729393, 1.7394400770306573, 1.161956443414544]"
prism3,158,/home/humanoid/Programs/hand/results/phase1/run_20260413_pollard_multiscene_500_cem/prism3/generated_mjcf/scene_prism3_tp0d0107p0d0124p0d0080_ip0d0187n0d0016p0d0036_mp0d0068p0d0174p0d0000.xml,prism_y0d0350,True,0.03,1.0,1.0,1.0,2.1916640324944243,0.04483802725836579,2.0,0.016078562898625408,0.9700653050075171,0.01073853532475701,0.012387630681511006,0.008031577607341533,0.018707664354787955,-0.0015653204796709976,0.0035891289918922806,0.006844769507781586,0.017385410079520693,0.0,"[0.08598723046892474, 1.8326696538711715, -1.1338971639109656, 0.057380649876320404, 1.400496103041158, 1.0882700836001566, -0.16541369653729393, 1.7394400770306573, 1.161956443414544]"
prism3,159,/home/humanoid/Programs/hand/results/phase1/run_20260413_pollard_multiscene_500_cem/prism3/generated_mjcf/scene_prism3_tp0d0119p0d0253p0d0000_ip0d0201n0d0072p0d0000_mp0d0203p0d0111p0d0000.xml,prism_y0d0350,True,0.03,1.0,1.0,1.0,2.4918589850320205,0.04926537985966869,2.0,0.013021836631924457,0.04257091195022994,0.011908468213914038,0.025333279743847862,0.0,0.02005299318962482,-0.007202619005446663,0.0,0.02030522813099945,0.01108420496281693,0.0,"[0.08598723046892474, 1.8326696538711715, -1.1338971639109656, 0.057380649876320404, 1.400496103041158, 1.0882700836001566, -0.16541369653729393, 1.7394400770306573, 1.161956443414544]"
prism3,160,/home/humanoid/Programs/hand/results/phase1/run_20260413_pollard_multiscene_500_cem/prism3/generated_mjcf/scene_prism3_tn0d0113p0d0248p0d0000_in0d0008n0d0086p0d0112_mn0d0005p0d0215p0d0000.xml,prism_y0d0350,True,0.03,1.0,1.0,1.0,2.503588880648896,0.05003189286392358,2.0,0.009576621456075686,0.18916084450851442,-0.01128660729865892,0.024821794228799127,0.0,-0.00083186608066977,-0.008554373849221279,0.01124052496537592,-0.00045976902830612704,0.02153632241141243,0.0,"[0.08598723046892474, 1.8326696538711715, -1.1338971639109656, 0.057380649876320404, 1.400496103041158, 1.0882700836001566, -0.16541369653729393, 1.7394400770306573, 1.161956443414544]"
prism3,161,/home/humanoid/Programs/hand/results/phase1/run_20260413_pollard_multiscene_500_cem/prism3/generated_mjcf/scene_prism3_tp0d0087p0d0083p0d0000_ip0d0214n0d0105p0d0000_mn0d0019p0d0131p0d0000.xml,prism_y0d0350,True,0.03,1.0,1.0,1.0,2.2006404411425255,0.04089804178059393,2.0,0.015395417101414668,1.2465028865620607e-06,0.008669593171338762,0.00829146285729023,0.0,0.021403486505120473,-0.010490628603991449,0.0,-0.0018867354281598952,0.013116773146138423,0.0,"[0.08598723046892474, 1.8326696538711715, -1.1338971639109656, 0.057380649876320404, 1.400496103041158, 1.0882700836001566, -0.16541369653729393, 1.7394400770306573, 1.161956443414544]"
prism3,162,/home/humanoid/Programs/hand/results/phase1/run_20260413_pollard_multiscene_500_cem/prism3/generated_mjcf/scene_prism3_tp0d0008p0d0243p0d0000_ip0d0056n0d0230p0d0119_mp0d0082p0d0196p0d0000.xml,prism_y0d0350,True,0.03,1.0,1.0,1.0,2.9326234409388623,0.05000991368980812,3.0,0.008683834339310822,0.0023724635053376715,0.0007872815147419634,0.024339149896880262,0.0,0.005640705116096214,-0.02302834268353677,0.01191609277025579,0.008172407472881515,0.01958364266529724,0.0,"[0.08598723046892474, 1.8326696538711715, -1.1338971639109656, 0.057380649876320404, 1.400496103041158, 1.0882700836001566, -0.16541369653729393, 1.7394400770306573, 1.161956443414544]"
prism3,163,/home/humanoid/Programs/hand/results/phase1/run_20260413_pollard_multiscene_500_cem/prism3/generated_mjcf/scene_prism3_tn0d0086p0d0126p0d0000_ip0d0145n0d0005p0d0000_mp0d0020p0d0225p0d0033.xml,prism_y0d0350,True,0.03,1.0,1.0,1.0,2.5024103746246675,0.050441286127475705,2.0,0.012810652698240313,0.24942222960334232,-0.008586770952238532,0.012644829297614164,0.0,0.014518686427156752,-0.0005474510000305095,0.0,0.001965759771380771,0.022540723821144228,0.003273335117701349,"[0.08598723046892474, 1.8326696538711715, -1.1338971639109656, 0.057380649876320404, 1.400496103041158, 1.0882700836001566, -0.16541369653729393, 1.7394400770306573, 1.161956443414544]"
prism3,164,/home/humanoid/Programs/hand/results/phase1/run_20260413_pollard_multiscene_500_cem/prism3/generated_mjcf/scene_prism3_tp0d0107p0d0168p0d0000_ip0d0049n0d0050p0d0000_mp0d0071p0d0191p0d0099.xml,prism_y0d0350,True,0.03,1.0,1.0,1.0,2.925334486453352,0.04978472174367289,3.0,0.008194825892110472,0.00494081860652243,0.010747195468850355,0.01675308957305969,0.0,0.00487366060525649,-0.004994659363875083,0.0,0.007115221286644597,0.01912555289909626,0.009921219314163253,"[0.08598723046892474, 1.8326696538711715, -1.1338971639109656, 0.057380649876320404, 1.400496103041158, 1.0882700836001566, -0.16541369653729393, 1.7394400770306573, 1.161956443414544]"
prism3,165,/home/humanoid/Programs/hand/results/phase1/run_20260413_pollard_multiscene_500_cem/prism3/generated_mjcf/scene_prism3_tp0d0075p0d0100p0d0087_ip0d0170n0d0130p0d0013_mp0d0086p0d0046p0d0000.xml,prism_y0d0350,True,0.03,1.0,1.0,1.0,1.4165189138018253,0.04967689397703251,2.0,0.013040775837346115,7.3072721581308056,0.007507910790054063,0.010039102780949638,0.008737907867536678,0.016991815976954282,-0.013002375180709125,0.0012906382131382538,0.008637117703904192,0.004631095879577326,0.0,"[0.08598723046892474, 1.8326696538711715, -1.1338971639109656, 0.057380649876320404, 1.400496103041158, 1.0882700836001566, -0.16541369653729393, 1.7394400770306573, 1.161956443414544]"
prism3,166,/home/humanoid/Programs/hand/results/phase1/run_20260413_pollard_multiscene_500_cem/prism3/generated_mjcf/scene_prism3_tp0d0099p0d0224p0d0000_ip0d0112n0d0095p0d0075_mp0d0120p0d0081p0d0113.xml,prism_y0d0350,True,0.03,1.0,1.0,1.0,0.7177131164808246,0.05023361595736017,2.0,0.013830589797796512,12.085348416207925,0.009914028604362819,0.02236731891349133,0.0,0.011234581749742536,-0.009457652688120629,0.007469727117063573,0.011958058295655653,0.008132251114838226,0.011278282523067704,"[0.08598723046892474, 1.8326696538711715, -1.1338971639109656, 0.057380649876320404, 1.400496103041158, 1.0882700836001566, -0.16541369653729393, 1.7394400770306573, 1.161956443414544]"
prism3,167,/home/humanoid/Programs/hand/results/phase1/run_20260413_pollard_multiscene_500_cem/prism3/generated_mjcf/scene_prism3_tn0d0049p0d0254p0d0045_ip0d0202n0d0059p0d0000_mn0d0008p0d0191p0d0000.xml,prism_y0d0350,True,0.03,1.0,1.0,1.0,2.5342101866384237,0.05055791026627823,2.0,0.011512879231297112,0.08193942812480368,-0.00488964265872333,0.02540873439896553,0.004505410724312587,0.020158641957999573,-0.005939355777245107,0.0,-0.0008475818379703112,0.019052107364078294,0.0,"[0.08598723046892474, 1.8326696538711715, -1.1338971639109656, 0.057380649876320404, 1.400496103041158, 1.0882700836001566, -0.16541369653729393, 1.7394400770306573, 1.161956443414544]"
prism3,168,/home/humanoid/Programs/hand/results/phase1/run_20260413_pollard_multiscene_500_cem/prism3/generated_mjcf/scene_prism3_tn0d0107p0d0086p0d0018_ip0d0169n0d0226p0d0000_mp0d0071p0d0249p0d0035.xml,prism_y0d0350,True,0.03,1.0,1.0,1.0,2.933371750800943,0.050838107977920204,3.0,0.008677003180083789,0.19072014710730986,-0.010742330134104312,0.008555869754555611,0.0017551315816082304,0.016898620275038925,-0.022613950580024002,0.0,0.007100308119039354,0.024886353180967997,0.0035120658990042738,"[0.08598723046892474, 1.8326696538711715, -1.1338971639109656, 0.057380649876320404, 1.400496103041158, 1.0882700836001566, -0.16541369653729393, 1.7394400770306573, 1.161956443414544]"
prism3,169,/home/humanoid/Programs/hand/results/phase1/run_20260413_pollard_multiscene_500_cem/prism3/generated_mjcf/scene_prism3_tn0d0023p0d0300p0d0045_ip0d0141n0d0072p0d0010_mp0d0092p0d0266p0d0017.xml,prism_y0d0350,True,0.03,1.0,1.0,1.0,2.890075320672368,0.049372358198008365,3.0,0.00927169603977992,0.1294254945224315,-0.0022859760465189123,0.03,0.004491148993976263,0.014133915252692657,-0.00720976135270515,0.0010038693069339966,0.009219964776903154,0.026639798958592052,0.0017238483621419484,"[0.08598723046892474, 1.8326696538711715, -1.1338971639109656, 0.057380649876320404, 1.400496103041158, 1.0882700836001566, -0.16541369653729393, 1.7394400770306573, 1.161956443414544]"
prism3,170,/home/humanoid/Programs/hand/results/phase1/run_20260413_pollard_multiscene_500_cem/prism3/generated_mjcf/scene_prism3_tn0d0023p0d0102p0d0000_ip0d0216n0d0012p0d0000_mn0d0001p0d0196p0d0000.xml,prism_y0d0350,True,0.03,1.0,1.0,1.0,2.2766820084151114,0.04544071523969317,2.0,0.014219173767232156,0.5686978495979034,-0.0022512569426476337,0.010245824732785286,0.0,0.021598950036595156,-0.0012190901501439397,0.0,-0.000132916285661977,0.019593371151241823,0.0,"[0.08598723046892474, 1.8326696538711715, -1.1338971639109656, 0.057380649876320404, 1.400496103041158, 1.0882700836001566, -0.16541369653729393, 1.7394400770306573, 1.161956443414544]"
prism3,171,/home/humanoid/Programs/hand/results/phase1/run_20260413_pollard_multiscene_500_cem/prism3/generated_mjcf/scene_prism3_tp0d0039p0d0130p0d0000_ip0d0058n0d0184p0d0066_mp0d0053p0d0253p0d0000.xml,prism_y0d0350,True,0.03,1.0,1.0,1.0,2.9375900931048644,0.050140846251121654,3.0,0.0082478498906551,0.005625506020556389,0.003927672446135566,0.013035727953339283,0.0,0.005821268678713911,-0.018384392421899758,0.006602746162043826,0.005291531853126817,0.025251723655812762,0.0,"[0.08598723046892474, 1.8326696538711715, -1.1338971639109656, 0.057380649876320404, 1.400496103041158, 1.0882700836001566, -0.16541369653729393, 1.7394400770306573, 1.161956443414544]"
prism3,172,/home/humanoid/Programs/hand/results/phase1/run_20260413_pollard_multiscene_500_cem/prism3/generated_mjcf/scene_prism3_tp0d0095p0d0117p0d0000_ip0d0216n0d0232p0d0081_mp0d0019p0d0158p0d0110.xml,prism_y0d0350,True,0.03,1.0,1.0,1.0,2.7398284734106277,0.04908178317560952,3.0,0.00849280603841887,1.0736555043924536,0.009478466612064692,0.01168372526952211,0.0,0.02160887059855398,-0.023164369430652178,0.008119067766142584,0.0019284014760311882,0.015758297922973116,0.01099679951817091,"[0.08598723046892474, 1.8326696538711715, -1.1338971639109656, 0.057380649876320404, 1.400496103041158, 1.0882700836001566, -0.16541369653729393, 1.7394400770306573, 1.161956443414544]"
prism3,173,/home/humanoid/Programs/hand/results/phase1/run_20260413_pollard_multiscene_500_cem/prism3/generated_mjcf/scene_prism3_tn0d0091p0d0170p0d0002_ip0d0137n0d0162p0d0000_mp0d0198p0d0035p0d0115.xml,prism_y0d0350,True,0.03,1.0,1.0,1.0,2.845819101043612,0.04779085379277144,3.0,0.009448784669034717,0.05308808243546102,-0.009145682503664064,0.017045684283200635,0.00019631914511307816,0.013653580327099199,-0.01623028555312832,0.0,0.019787687411714293,0.0034936345899613894,0.011549356045366811,"[0.08598723046892474, 1.8326696538711715, -1.1338971639109656, 0.057380649876320404, 1.400496103041158, 1.0882700836001566, -0.16541369653729393, 1.7394400770306573, 1.161956443414544]"
prism3,174,/home/humanoid/Programs/hand/results/phase1/run_20260413_pollard_multiscene_500_cem/prism3/generated_mjcf/scene_prism3_tn0d0084p0d0135p0d0056_ip0d0161n0d0120p0d0000_mp0d0033p0d0083p0d0094.xml,prism_y0d0350,True,0.03,1.0,1.0,1.0,2.1655797621780084,0.0427775901441613,2.0,0.013150287975080282,0.70223544611651,-0.008416704660400457,0.013544724004021461,0.0055591496449118975,0.01607346868467647,-0.011987541353118166,0.0,0.003343847788665107,0.00829167228915013,0.009415614975348773,"[0.08598723046892474, 1.8326696538711715, -1.1338971639109656, 0.057380649876320404, 1.400496103041158, 1.0882700836001566, -0.16541369653729393, 1.7394400770306573, 1.161956443414544]"
prism3,175,/home/humanoid/Programs/hand/results/phase1/run_20260413_pollard_multiscene_500_cem/prism3/generated_mjcf/scene_prism3_tn0d0010p0d0264p0d0097_ip0d0074n0d0021p0d0043_mp0d0125p0d0141p0d0000.xml,prism_y0d0350,True,0.03,1.0,1.0,1.0,2.6496650557592214,0.05363105441964863,2.0,0.010843125565330035,0.038237318652136254,-0.000987966722941342,0.02641863323770267,0.009749655067213505,0.007435624649495688,-0.002126774060817691,0.004329946350058643,0.012516638434641977,0.014116350948087338,0.0,"[0.08598723046892474, 1.8326696538711715, -1.1338971639109656, 0.057380649876320404, 1.400496103041158, 1.0882700836001566, -0.16541369653729393, 1.7394400770306573, 1.161956443414544]"
prism3,176,/home/humanoid/Programs/hand/results/phase1/run_20260413_pollard_multiscene_500_cem/prism3/generated_mjcf/scene_prism3_tn0d0042p0d0147p0d0000_ip0d0078n0d0180p0d0000_mp0d0214p0d0170p0d0000.xml,prism_y0d0350,True,0.03,1.0,1.0,1.0,2.92521203891351,0.04982058479748194,3.0,0.008778563533507313,0.00634201287562509,-0.004224321255218628,0.014693684350748644,0.0,0.007783851825736274,-0.018004387774481902,0.0,0.021358462961561187,0.017045554947876396,0.0,"[0.08598723046892474, 1.8326696538711715, -1.1338971639109656, 0.057380649876320404, 1.400496103041158, 1.0882700836001566, -0.16541369653729393, 1.7394400770306573, 1.161956443414544]"
prism3,177,/home/humanoid/Programs/hand/results/phase1/run_20260413_pollard_multiscene_500_cem/prism3/generated_mjcf/scene_prism3_tp0d0082p0d0197p0d0081_ip0d0020n0d0208p0d0000_mp0d0186p0d0217p0d0000.xml,prism_y0d0350,True,0.03,1.0,1.0,1.0,2.9217266271630984,0.049697497586818275,3.0,0.008543148286089724,0.003996612022415312,0.008167387550689544,0.01968914444390417,0.008060320464359848,0.0019543986615473425,-0.02080566383837565,0.0,0.018645458933625167,0.021650883133752408,0.0,"[0.08598723046892474, 1.8326696538711715, -1.1338971639109656, 0.057380649876320404, 1.400496103041158, 1.0882700836001566, -0.16541369653729393, 1.7394400770306573, 1.161956443414544]"
prism3,178,/home/humanoid/Programs/hand/results/phase1/run_20260413_pollard_multiscene_500_cem/prism3/generated_mjcf/scene_prism3_tp0d0104p0d0286p0d0000_ip0d0124n0d0007p0d0050_mp0d0027p0d0177p0d0094.xml,prism_y0d0350,True,0.03,1.0,1.0,1.0,2.3986839278517595,0.04746221419162487,2.0,0.01370323621147436,0.2339139762144151,0.010404850160773957,0.02864850095402521,0.0,0.012396573576992977,-0.0006640127032650541,0.004951171989004948,0.0027457737026305084,0.01766712406835367,0.00939002581709478,"[0.08598723046892474, 1.8326696538711715, -1.1338971639109656, 0.057380649876320404, 1.400496103041158, 1.0882700836001566, -0.16541369653729393, 1.7394400770306573, 1.161956443414544]"
prism3,179,/home/humanoid/Programs/hand/results/phase1/run_20260413_pollard_multiscene_500_cem/prism3/generated_mjcf/scene_prism3_tp0d0008p0d0192p0d0059_ip0d0089n0d0091p0d0000_mp0d0163p0d0264p0d0083.xml,prism_y0d0350,True,0.03,1.0,1.0,1.0,2.9101393478235,0.05125835544234987,3.0,0.008666182519741132,0.4438048507950903,0.000775856375392953,0.019217011949822636,0.005889455773125243,0.008897061470780695,-0.009104554451179199,0.0,0.01630746355080402,0.026364703453000786,0.008285323912689182,"[0.08598723046892474, 1.8326696538711715, -1.1338971639109656, 0.057380649876320404, 1.400496103041158, 1.0882700836001566, -0.16541369653729393, 1.7394400770306573, 1.161956443414544]"
prism3,180,/home/humanoid/Programs/hand/results/phase1/run_20260413_pollard_multiscene_500_cem/prism3/generated_mjcf/scene_prism3_tp0d0076p0d0194p0d0056_ip0d0097n0d0216p0d0000_mp0d0064p0d0234p0d0000.xml,prism_y0d0350,True,0.03,1.0,1.0,1.0,2.9231723399276883,0.04972843973026915,3.0,0.008418325816129864,0.0032426599964833352,0.007601073351175328,0.019366103985973,0.005648628398581976,0.009739818482690336,-0.021574981248505112,0.0,0.006356703445989577,0.02337913098547223,0.0,"[0.08598723046892474, 1.8326696538711715, -1.1338971639109656, 0.057380649876320404, 1.400496103041158, 1.0882700836001566, -0.16541369653729393, 1.7394400770306573, 1.161956443414544]"
prism3,181,/home/humanoid/Programs/hand/results/phase1/run_20260413_pollard_multiscene_500_cem/prism3/generated_mjcf/scene_prism3_tn0d0093p0d0088p0d0007_ip0d0040n0d0090p0d0000_mp0d0086p0d0067p0d0000.xml,prism_y0d0350,True,0.03,1.0,1.0,1.0,2.6706670788186218,0.047760557246171495,3.0,0.00926029083222793,1.2162122875528352,-0.00933543154492234,0.008805327185990803,0.000668602678969548,0.003961819525625501,-0.008970762740116253,0.0,0.008646250009056356,0.006693370993602678,0.0,"[0.08598723046892474, 1.8326696538711715, -1.1338971639109656, 0.057380649876320404, 1.400496103041158, 1.0882700836001566, -0.16541369653729393, 1.7394400770306573, 1.161956443414544]"
prism3,182,/home/humanoid/Programs/hand/results/phase1/run_20260413_pollard_multiscene_500_cem/prism3/generated_mjcf/scene_prism3_tp0d0016p0d0207p0d0000_ip0d0186n0d0072p0d0000_mp0d0006p0d0075p0d0000.xml,prism_y0d0350,True,0.03,1.0,1.0,1.0,2.5767157715218194,0.052055804283699214,2.0,0.015489515881215048,0.09505564430148805,0.0016470894595621167,0.02073131030867892,0.0,0.018640972661330295,-0.007166913517253069,0.0,0.0006460636272721757,0.00746074094995392,0.0,"[0.08598723046892474, 1.8326696538711715, -1.1338971639109656, 0.057380649876320404, 1.400496103041158, 1.0882700836001566, -0.16541369653729393, 1.7394400770306573, 1.161956443414544]"
prism3,183,/home/humanoid/Programs/hand/results/phase1/run_20260413_pollard_multiscene_500_cem/prism3/generated_mjcf/scene_prism3_tn0d0061p0d0135p0d0031_ip0d0009n0d0192p0d0099_mp0d0008p0d0086p0d0098.xml,prism_y0d0350,True,0.03,1.0,1.0,1.0,2.40870018925965,0.04846490601658833,2.0,0.009051915805652731,0.46311793139757723,-0.006124041163500725,0.01348762563825465,0.003063555658450347,0.0008658191334914387,-0.019187756292742966,0.009946785525691476,0.0008247528584014556,0.008646561502834105,0.009803886638379881,"[0.08598723046892474, 1.8326696538711715, -1.1338971639109656, 0.057380649876320404, 1.400496103041158, 1.0882700836001566, -0.16541369653729393, 1.7394400770306573, 1.161956443414544]"
prism3,184,/home/humanoid/Programs/hand/results/phase1/run_20260413_pollard_multiscene_500_cem/prism3/generated_mjcf/scene_prism3_tp0d0067p0d0188p0d0113_ip0d0058n0d0101p0d0000_mp0d0090p0d0092p0d0053.xml,prism_y0d0350,True,0.03,1.0,1.0,1.0,2.9611571217673016,0.05178661860394326,3.0,0.007270435356776781,0.2455577243810618,0.00674552063868359,0.01875844570534435,0.011269136853523525,0.00584627774575262,-0.010051085845152196,0.0,0.009021495589241701,0.009187286818277404,0.005298283897151278,"[0.08598723046892474, 1.8326696538711715, -1.1338971639109656, 0.057380649876320404, 1.400496103041158, 1.0882700836001566, -0.16541369653729393, 1.7394400770306573, 1.161956443414544]"
prism3,185,/home/humanoid/Programs/hand/results/phase1/run_20260413_pollard_multiscene_500_cem/prism3/generated_mjcf/scene_prism3_tn0d0076p0d0293p0d0095_ip0d0164n0d0030p0d0000_mn0d0008p0d0251p0d0018.xml,prism_y0d0350,True,0.03,1.0,1.0,1.0,2.459691653655368,0.04863001865538534,2.0,0.01323514990594372,0.10592466314154463,-0.007579144053407563,0.02926402140053649,0.009526551407758252,0.016445449506548186,-0.0030376445306050295,0.0,-0.000757042771043057,0.025099540621265633,0.0018448931286065753,"[0.08598723046892474, 1.8326696538711715, -1.1338971639109656, 0.057380649876320404, 1.400496103041158, 1.0882700836001566, -0.16541369653729393, 1.7394400770306573, 1.161956443414544]"
prism3,186,/home/humanoid/Programs/hand/results/phase1/run_20260413_pollard_multiscene_500_cem/prism3/generated_mjcf/scene_prism3_tn0d0109p0d0266p0d0000_ip0d0208n0d0007p0d0025_mp0d0198p0d0119p0d0000.xml,prism_y0d0350,True,0.03,1.0,1.0,1.0,1.17625868880053,0.0437389888202241,2.0,0.011111145863224987,7.549224187872426,-0.01094530967303526,0.026622520374406416,0.0,0.02084817749367661,-0.0006692405604083445,0.0024633831944326275,0.019788114268166283,0.011869035729068184,0.0,"[0.08598723046892474, 1.8326696538711715, -1.1338971639109656, 0.057380649876320404, 1.400496103041158, 1.0882700836001566, -0.16541369653729393, 1.7394400770306573, 1.161956443414544]"
prism3,187,/home/humanoid/Programs/hand/results/phase1/run_20260413_pollard_multiscene_500_cem/prism3/generated_mjcf/scene_prism3_tp0d0055p0d0214p0d0000_ip0d0064n0d0241p0d0000_mp0d0092p0d0120p0d0006.xml,prism_y0d0350,True,0.03,1.0,1.0,1.0,2.92907163736862,0.04990667985457591,3.0,0.00855931648517848,0.0036234971412028166,0.005524128560409666,0.021412513004040876,0.0,0.006369495553362655,-0.02409273098003277,0.0,0.0092245498650162,0.011986839827390296,0.0005794426517732355,"[0.08598723046892474, 1.8326696538711715, -1.1338971639109656, 0.057380649876320404, 1.400496103041158, 1.0882700836001566, -0.16541369653729393, 1.7394400770306573, 1.161956443414544]"
prism3,188,/home/humanoid/Programs/hand/results/phase1/run_20260413_pollard_multiscene_500_cem/prism3/generated_mjcf/scene_prism3_tn0d0113p0d0300p0d0000_ip0d0000n0d0098p0d0041_mp0d0057p0d0253p0d0000.xml,prism_y0d0350,True,0.03,1.0,1.0,1.0,2.9214981625942786,0.04997398016890447,3.0,0.009148471938176264,0.061961329606836583,-0.011292589471460104,0.03,0.0,1.896314324718526e-05,-0.009754604433349351,0.004105129779418168,0.0057010780266160835,0.025270931042320165,0.0,"[0.08598723046892474, 1.8326696538711715, -1.1338971639109656, 0.057380649876320404, 1.400496103041158, 1.0882700836001566, -0.16541369653729393, 1.7394400770306573, 1.161956443414544]"
prism3,189,/home/humanoid/Programs/hand/results/phase1/run_20260413_pollard_multiscene_500_cem/prism3/generated_mjcf/scene_prism3_tn0d0079p0d0282p0d0000_ip0d0114n0d0059p0d0000_mp0d0194p0d0087p0d0000.xml,prism_y0d0350,True,0.03,1.0,1.0,1.0,2.102607675123116,0.04966585050433664,3.0,0.009368899438113911,5.446395291016258,-0.007871923122523284,0.02824721477700434,0.0,0.011434791023358513,-0.005873051273154057,0.0,0.019370976136729598,0.00867365001472788,0.0,"[0.08598723046892474, 1.8326696538711715, -1.1338971639109656, 0.057380649876320404, 1.400496103041158, 1.0882700836001566, -0.16541369653729393, 1.7394400770306573, 1.161956443414544]"
prism3,190,/home/humanoid/Programs/hand/results/phase1/run_20260413_pollard_multiscene_500_cem/prism3/generated_mjcf/scene_prism3_tn0d0079p0d0137p0d0027_ip0d0124n0d0151p0d0000_mp0d0088p0d0098p0d0119.xml,prism_y0d0350,True,0.03,1.0,1.0,1.0,2.8495051505523104,0.049754152803894405,3.0,0.008855695435067664,0.4945253780923924,-0.007922255873662335,0.01371029600381386,0.002721329818083271,0.012447962530512873,-0.01514861068170811,0.0,0.008759742605920662,0.009773312969026872,0.011886714086111382,"[0.08598723046892474, 1.8326696538711715, -1.1338971639109656, 0.057380649876320404, 1.400496103041158, 1.0882700836001566, -0.16541369653729393, 1.7394400770306573, 1.161956443414544]"
prism3,191,/home/humanoid/Programs/hand/results/phase1/run_20260413_pollard_multiscene_500_cem/prism3/generated_mjcf/scene_prism3_tp0d0019p0d0293p0d0046_ip0d0002n0d0125p0d0108_mp0d0108p0d0067p0d0063.xml,prism_y0d0350,True,0.03,1.0,1.0,1.0,2.8910718391840846,0.04918280872611932,3.0,0.009028312396119544,0.0817989429190184,0.0018830516039466342,0.029256296294360287,0.004590055672901827,0.00019418877198786565,-0.012523302376143691,0.010792955576711082,0.010752739267010073,0.006693250662758721,0.006299504218256629,"[0.08598723046892474, 1.8326696538711715, -1.1338971639109656, 0.057380649876320404, 1.400496103041158, 1.0882700836001566, -0.16541369653729393, 1.7394400770306573, 1.161956443414544]"
prism3,192,/home/humanoid/Programs/hand/results/phase1/run_20260413_pollard_multiscene_500_cem/prism3/generated_mjcf/scene_prism3_tp0d0067p0d0256p0d0039_ip0d0184n0d0140p0d0000_mp0d0195p0d0054p0d0113.xml,prism_y0d0350,True,0.03,1.0,1.0,1.0,2.5240555706826315,0.050047346494740394,2.0,0.010409419651594476,0.045218115533955015,0.006672177446761959,0.025628884167786206,0.0038572142634211992,0.01842128999050232,-0.01397234999711339,0.0,0.019494678344776084,0.00535814621895145,0.011258684809489543,"[0.08598723046892474, 1.8326696538711715, -1.1338971639109656, 0.057380649876320404, 1.400496103041158, 1.0882700836001566, -0.16541369653729393, 1.7394400770306573, 1.161956443414544]"
prism3,193,/home/humanoid/Programs/hand/results/phase1/run_20260413_pollard_multiscene_500_cem/prism3/generated_mjcf/scene_prism3_tn0d0077p0d0160p0d0072_ip0d0010n0d0154p0d0036_mp0d0059p0d0236p0d0000.xml,prism_y0d0350,True,0.03,1.0,1.0,1.0,2.9317764399242754,0.049977425645294615,3.0,0.008619542257154231,0.0012958209781841815,-0.00771825165600488,0.016023573175587044,0.007244651236789669,0.0009979894119062204,-0.015350633875943372,0.0035716783631282913,0.005934109057548915,0.023579488684636142,0.0,"[0.08598723046892474, 1.8326696538711715, -1.1338971639109656, 0.057380649876320404, 1.400496103041158, 1.0882700836001566, -0.16541369653729393, 1.7394400770306573, 1.161956443414544]"
prism3,194,/home/humanoid/Programs/hand/results/phase1/run_20260413_pollard_multiscene_500_cem/prism3/generated_mjcf/scene_prism3_tp0d0022p0d0165p0d0000_ip0d0047n0d0047p0d0000_mp0d0063p0d0246p0d0100.xml,prism_y0d0350,True,0.03,1.0,1.0,1.0,2.4643175126514505,0.048348174008294886,2.0,0.010197751791212848,0.049820493709629876,0.002155875607059588,0.016463019431581197,0.0,0.004682261512893564,-0.004712124701702984,0.0,0.0062873914158132205,0.024625541596942857,0.00997814352824699,"[0.08598723046892474, 1.8326696538711715, -1.1338971639109656, 0.057380649876320404, 1.400496103041158, 1.0882700836001566, -0.16541369653729393, 1.7394400770306573, 1.161956443414544]"
prism3,195,/home/humanoid/Programs/hand/results/phase1/run_20260413_pollard_multiscene_500_cem/prism3/generated_mjcf/scene_prism3_tp0d0018p0d0106p0d0000_ip0d0170n0d0152p0d0103_mp0d0071p0d0270p0d0037.xml,prism_y0d0350,True,0.03,1.0,1.0,1.0,2.880528728142289,0.049677366508129886,3.0,0.008658288035191766,0.2724168238124899,0.0017769351336203425,0.010649600421908078,0.0,0.01699612895829177,-0.015198481678962258,0.010277068222255922,0.007100374659333967,0.026988793720779093,0.0037334332006010336,"[0.08598723046892474, 1.8326696538711715, -1.1338971639109656, 0.057380649876320404, 1.400496103041158, 1.0882700836001566, -0.16541369653729393, 1.7394400770306573, 1.161956443414544]"
prism3,196,/home/humanoid/Programs/hand/results/phase1/run_20260413_pollard_multiscene_500_cem/prism3/generated_mjcf/scene_prism3_tn0d0053p0d0211p0d0072_ip0d0040n0d0172p0d0000_mp0d0067p0d0258p0d0035.xml,prism_y0d0350,True,0.03,1.0,1.0,1.0,2.9312844242631053,0.049976821041709134,3.0,0.008665564765689549,0.0038212177689042975,-0.0053098841582090335,0.021132674117052504,0.007208012367465232,0.003956516461473281,-0.017214401410508604,0.0,0.006708835529898857,0.025847389121555535,0.0035319824742441833,"[0.08598723046892474, 1.8326696538711715, -1.1338971639109656, 0.057380649876320404, 1.400496103041158, 1.0882700836001566, -0.16541369653729393, 1.7394400770306573, 1.161956443414544]"
prism3,197,/home/humanoid/Programs/hand/results/phase1/run_20260413_pollard_multiscene_500_cem/prism3/generated_mjcf/scene_prism3_tp0d0022p0d0300p0d0000_ip0d0145n0d0203p0d0080_mp0d0059p0d0148p0d0000.xml,prism_y0d0350,True,0.03,1.0,1.0,1.0,2.8806494020915836,0.04923032836843449,3.0,0.009283981993765648,0.15896084544061478,0.0021564249091571043,0.03,0.0,0.014468781203926235,-0.020254798853280895,0.008013052781932012,0.0058755062034899115,0.014774526273414537,0.0,"[0.08598723046892474, 1.8326696538711715, -1.1338971639109656, 0.057380649876320404, 1.400496103041158, 1.0882700836001566, -0.16541369653729393, 1.7394400770306573, 1.161956443414544]"
prism3,198,/home/humanoid/Programs/hand/results/phase1/run_20260413_pollard_multiscene_500_cem/prism3/generated_mjcf/scene_prism3_tn0d0085p0d0275p0d0042_in0d0019n0d0060p0d0030_mp0d0208p0d0256p0d0000.xml,prism_y0d0350,True,0.03,1.0,1.0,1.0,2.928241544177181,0.049910108256127156,3.0,0.00887852649989438,0.005701278583205621,-0.008474962952994883,0.027544844041051023,0.0042187069829906915,-0.001881759480586151,-0.006017930301457348,0.0030434827684328956,0.020751674831435835,0.025630698873934675,0.0,"[0.08598723046892474, 1.8326696538711715, -1.1338971639109656, 0.057380649876320404, 1.400496103041158, 1.0882700836001566, -0.16541369653729393, 1.7394400770306573, 1.161956443414544]"
prism3,199,/home/humanoid/Programs/hand/results/phase1/run_20260413_pollard_multiscene_500_cem/prism3/generated_mjcf/scene_prism3_tn0d0093p0d0181p0d0000_ip0d0100n0d0183p0d0000_mn0d0005p0d0214p0d0000.xml,prism_y0d0350,True,0.03,1.0,1.0,1.0,2.8920913740873475,0.04921748894018693,3.0,0.009005053477155725,0.08340421243255741,-0.009332624553411184,0.01806849608943887,0.0,0.010000531041565066,-0.018317445898405317,0.0,-0.00046335726395006424,0.021357809487047297,0.0,"[0.08598723046892474, 1.8326696538711715, -1.1338971639109656, 0.057380649876320404, 1.400496103041158, 1.0882700836001566, -0.16541369653729393, 1.7394400770306573, 1.161956443414544]"
prism3,200,/home/humanoid/Programs/hand/results/phase1/run_20260413_pollard_multiscene_500_cem/prism3/generated_mjcf/scene_prism3_tp0d0043p0d0146p0d0082_ip0d0037n0d0214p0d0067_mp0d0035p0d0075p0d0017.xml,prism_y0d0350,True,0.03,1.0,1.0,1.0,2.9024208660810156,0.04947536479750862,3.0,0.008503889409421683,0.08139415341961932,0.00433975812341485,0.014641479233585792,0.00819268659890612,0.0037178996504195006,-0.021405517517139025,0.006744157953358632,0.003474166052851514,0.0074895616345749694,0.0017029246504212722,"[0.08598723046892474, 1.8326696538711715, -1.1338971639109656, 0.057380649876320404, 1.400496103041158, 1.0882700836001566, -0.16541369653729393, 1.7394400770306573, 1.161956443414544]"
prism3,201,/home/humanoid/Programs/hand/results/phase1/run_20260413_pollard_multiscene_500_cem/prism3/generated_mjcf/scene_prism3_tn0d0105p0d0214p0d0000_ip0d0083n0d0143p0d0000_mn0d0000p0d0174p0d0000.xml,prism_y0d0350,True,0.03,1.0,1.0,1.0,2.86551937122727,0.04914056977855739,3.0,0.009239543189072302,0.23947656429395808,-0.010500790107284589,0.02140432770793027,0.0,0.008281450060615545,-0.014333063935340966,0.0,-3.0320783561186768e-05,0.017389064274110563,0.0,"[0.08598723046892474, 1.8326696538711715, -1.1338971639109656, 0.057380649876320404, 1.400496103041158, 1.0882700836001566, -0.16541369653729393, 1.7394400770306573, 1.161956443414544]"
prism3,202,/home/humanoid/Programs/hand/results/phase1/run_20260413_pollard_multiscene_500_cem/prism3/generated_mjcf/scene_prism3_tp0d0056p0d0168p0d0000_ip0d0208n0d0238p0d0030_mn0d0016p0d0125p0d0000.xml,prism_y0d0350,True,0.03,1.0,1.0,1.0,2.320178080678398,0.04400951393053766,2.0,0.010077453374231922,9.463741075723699e-10,0.005561306286262741,0.01684537198761257,0.0,0.02082503109106207,-0.0237630864305896,0.0030471449279324964,-0.0015712075422167678,0.012468062242123311,0.0,"[0.08598723046892474, 1.8326696538711715, -1.1338971639109656, 0.057380649876320404, 1.400496103041158, 1.0882700836001566, -0.16541369653729393, 1.7394400770306573, 1.161956443414544]"
prism3,203,/home/humanoid/Programs/hand/results/phase1/run_20260413_pollard_multiscene_500_cem/prism3/generated_mjcf/scene_prism3_tn0d0101p0d0268p0d0017_in0d0001n0d0008p0d0000_mp0d0098p0d0040p0d0000.xml,prism_y0d0350,True,0.03,1.0,1.0,1.0,2.0563092425730853,0.03698660268064803,2.0,0.013901856753476272,0.06945425161762114,-0.010071792123051598,0.026796554965191104,0.0017246215799356143,-0.00014392769721268718,-0.0008479304860448244,0.0,0.009809882367594778,0.004032230339763861,0.0,"[0.08598723046892474, 1.8326696538711715, -1.1338971639109656, 0.057380649876320404, 1.400496103041158, 1.0882700836001566, -0.16541369653729393, 1.7394400770306573, 1.161956443414544]"
prism3,204,/home/humanoid/Programs/hand/results/phase1/run_20260413_pollard_multiscene_500_cem/prism3/generated_mjcf/scene_prism3_tn0d0002p0d0286p0d0043_ip0d0065n0d0199p0d0000_mp0d0059p0d0048p0d0000.xml,prism_y0d0350,True,0.03,1.0,1.0,1.0,2.493544756507333,0.04931290861538684,2.0,0.01026944082824549,0.07912108916476962,-0.0002021810662841579,0.028551378760065353,0.004261095795399832,0.006454661361814582,-0.019876773530676677,0.0,0.005884300171022228,0.00480782853712527,0.0,"[0.08598723046892474, 1.8326696538711715, -1.1338971639109656, 0.057380649876320404, 1.400496103041158, 1.0882700836001566, -0.16541369653729393, 1.7394400770306573, 1.161956443414544]"
prism3,205,/home/humanoid/Programs/hand/results/phase1/run_20260413_pollard_multiscene_500_cem/prism3/generated_mjcf/scene_prism3_tp0d0036p0d0128p0d0000_in0d0018n0d0024p0d0082_mp0d0003p0d0197p0d0000.xml,prism_y0d0350,True,0.03,1.0,1.0,1.0,2.324377513503755,0.048950541082337845,2.0,0.015289465043843974,1.0554166286025435,0.0036179364962463777,0.012837212448013606,0.0,-0.0018298901071419332,-0.002395784622160021,0.008180570878864576,0.0002708761776541446,0.01972964691536254,0.0,"[0.08598723046892474, 1.8326696538711715, -1.1338971639109656, 0.057380649876320404, 1.400496103041158, 1.0882700836001566, -0.16541369653729393, 1.7394400770306573, 1.161956443414544]"
prism3,206,/home/humanoid/Programs/hand/results/phase1/run_20260413_pollard_multiscene_500_cem/prism3/generated_mjcf/scene_prism3_tp0d0077p0d0123p0d0000_ip0d0209n0d0193p0d0000_mp0d0020p0d0111p0d0000.xml,prism_y0d0350,True,0.03,1.0,1.0,1.0,2.4670387557260103,0.048577388557683204,2.0,0.011351576999002648,0.06977793196597988,0.007725404707774584,0.012289821737621096,0.0,0.02089606498753578,-0.019301676188381724,0.0,0.00201339210259017,0.011099656579559913,0.0,"[0.08598723046892474, 1.8326696538711715, -1.1338971639109656, 0.057380649876320404, 1.400496103041158, 1.0882700836001566, -0.16541369653729393, 1.7394400770306573, 1.161956443414544]"
prism3,207,/home/humanoid/Programs/hand/results/phase1/run_20260413_pollard_multiscene_500_cem/prism3/generated_mjcf/scene_prism3_tp0d0026p0d0207p0d0110_ip0d0174n0d0065p0d0000_mp0d0053p0d0143p0d0000.xml,prism_y0d0350,True,0.03,1.0,1.0,1.0,2.629436443138621,0.05372448694788831,2.0,0.00983826003700374,0.20829386642308487,0.00258495564686813,0.02069911329584996,0.010962643851090574,0.01738795186372892,-0.006457234525400016,0.0,0.005268949493629474,0.014280105921970699,0.0,"[0.08598723046892474, 1.8326696538711715, -1.1338971639109656, 0.057380649876320404, 1.400496103041158, 1.0882700836001566, -0.16541369653729393, 1.7394400770306573, 1.161956443414544]"
prism3,208,/home/humanoid/Programs/hand/results/phase1/run_20260413_pollard_multiscene_500_cem/prism3/generated_mjcf/scene_prism3_tn0d0075p0d0127p0d0000_ip0d0061n0d0017p0d0025_mp0d0189p0d0057p0d0000.xml,prism_y0d0350,True,0.03,1.0,1.0,1.0,1.6337196320203804,0.03653759743062533,2.0,0.012569551501126298,2.7997145003283577,-0.007541185456607181,0.012720330103871616,0.0,0.006068945183136646,-0.0017135969398752223,0.002520631410691936,0.018875773155536048,0.005666852414929724,0.0,"[0.08598723046892474, 1.8326696538711715, -1.1338971639109656, 0.057380649876320404, 1.400496103041158, 1.0882700836001566, -0.16541369653729393, 1.7394400770306573, 1.161956443414544]"
prism3,209,/home/humanoid/Programs/hand/results/phase1/run_20260413_pollard_multiscene_500_cem/prism3/generated_mjcf/scene_prism3_tp0d0080p0d0185p0d0012_ip0d0045n0d0139p0d0000_mp0d0218p0d0165p0d0000.xml,prism_y0d0350,True,0.03,1.0,1.0,1.0,2.9295621193400683,0.04991635014766618,3.0,0.008489559638034576,0.003540110347861896,0.008009543041537861,0.01849580852523615,0.0012160635687190995,0.004545161135832775,-0.013902840430843947,0.0,0.021799144081568696,0.01649161773793147,0.0,"[0.08598723046892474, 1.8326696538711715, -1.1338971639109656, 0.057380649876320404, 1.400496103041158, 1.0882700836001566, -0.16541369653729393, 1.7394400770306573, 1.161956443414544]"
prism3,210,/home/humanoid/Programs/hand/results/phase1/run_20260413_pollard_multiscene_500_cem/prism3/generated_mjcf/scene_prism3_tp0d0084p0d0183p0d0032_ip0d0018n0d0148p0d0000_mp0d0099p0d0230p0d0000.xml,prism_y0d0350,True,0.03,1.0,1.0,1.0,2.9324214112635625,0.04998840499628542,3.0,0.008260815193231786,0.004340888133092047,0.008437855756050418,0.018321910618821588,0.0032447348294870563,0.001774035165684324,-0.014805875470069332,0.0,0.009934062318164237,0.02297414626775439,0.0,"[0.08598723046892474, 1.8326696538711715, -1.1338971639109656, 0.057380649876320404, 1.400496103041158, 1.0882700836001566, -0.16541369653729393, 1.7394400770306573, 1.161956443414544]"
prism3,211,/home/humanoid/Programs/hand/results/phase1/run_20260413_pollard_multiscene_500_cem/prism3/generated_mjcf/scene_prism3_tn0d0047p0d0144p0d0000_ip0d0093n0d0180p0d0000_mp0d0028p0d0172p0d0000.xml,prism_y0d0350,True,0.03,1.0,1.0,1.0,2.9725885954133275,0.052303523162799015,3.0,0.008532062971539233,0.27313726227706486,-0.004740005191379473,0.014426123005675029,0.0,0.009336022162219368,-0.01795692563587443,0.0,0.0027816673199039963,0.017175738094334703,0.0,"[0.08598723046892474, 1.8326696538711715, -1.1338971639109656, 0.057380649876320404, 1.400496103041158, 1.0882700836001566, -0.16541369653729393, 1.7394400770306573, 1.161956443414544]"
prism3,212,/home/humanoid/Programs/hand/results/phase1/run_20260413_pollard_multiscene_500_cem/prism3/generated_mjcf/scene_prism3_tn0d0040p0d0142p0d0000_ip0d0023n0d0182p0d0081_mp0d0033p0d0232p0d0058.xml,prism_y0d0350,True,0.03,1.0,1.0,1.0,2.934933844158707,0.05006046567613595,3.0,0.008463188540559672,0.0017071828328805569,-0.00403609409022875,0.014205866070954665,0.0,0.0023294378827807428,-0.018192462569061693,0.008144399751782865,0.0033094172629732008,0.023181547653119555,0.005839190597031859,"[0.08598723046892474, 1.8326696538711715, -1.1338971639109656, 0.057380649876320404, 1.400496103041158, 1.0882700836001566, -0.16541369653729393, 1.7394400770306573, 1.161956443414544]"
prism3,213,/home/humanoid/Programs/hand/results/phase1/run_20260413_pollard_multiscene_500_cem/prism3/generated_mjcf/scene_prism3_tp0d0114p0d0261p0d0000_ip0d0206n0d0041p0d0000_mp0d0084p0d0040p0d0000.xml,prism_y0d0350,True,0.03,1.0,1.0,1.0,2.2043303272043926,0.04340439828087965,2.0,0.016409231661764875,0.5467009953524364,0.011383068446832144,0.026086163461476453,0.0,0.020561026075589607,-0.004089729095602563,0.0,0.008406134637600387,0.004042902804046244,0.0,"[0.08598723046892474, 1.8326696538711715, -1.1338971639109656, 0.057380649876320404, 1.400496103041158, 1.0882700836001566, -0.16541369653729393, 1.7394400770306573, 1.161956443414544]"
prism3,214,/home/humanoid/Programs/hand/results/phase1/run_20260413_pollard_multiscene_500_cem/prism3/generated_mjcf/scene_prism3_tp0d0052p0d0107p0d0118_in0d0015n0d0005p0d0000_mp0d0091p0d0164p0d0000.xml,prism_y0d0350,True,0.03,1.0,1.0,1.0,2.5926855725632816,0.05231970992498729,2.0,0.013051714462839481,0.08267230590396622,0.005157266769256267,0.010652643185760103,0.01180187743075043,-0.0014796206306259777,-0.0005166369421601685,0.0,0.009060765136741021,0.016391314855483393,0.0,"[0.08598723046892474, 1.8326696538711715, -1.1338971639109656, 0.057380649876320404, 1.400496103041158, 1.0882700836001566, -0.16541369653729393, 1.7394400770306573, 1.161956443414544]"
prism3,215,/home/humanoid/Programs/hand/results/phase1/run_20260413_pollard_multiscene_500_cem/prism3/generated_mjcf/scene_prism3_tn0d0067p0d0092p0d0078_ip0d0213n0d0213p0d0086_mp0d0153p0d0213p0d0000.xml,prism_y0d0350,True,0.03,1.0,1.0,1.0,2.3799722653518023,0.04597182898905461,2.0,0.009110339447527609,0.07214046913369147,-0.006708058313022306,0.009213660685445347,0.007762392106353707,0.0213354249050623,-0.021286620578137176,0.008635940125201812,0.015292946730816092,0.021305408188239255,0.0,"[0.08598723046892474, 1.8326696538711715, -1.1338971639109656, 0.057380649876320404, 1.400496103041158, 1.0882700836001566, -0.16541369653729393, 1.7394400770306573, 1.161956443414544]"
prism3,216,/home/humanoid/Programs/hand/results/phase1/run_20260413_pollard_multiscene_500_cem/prism3/generated_mjcf/scene_prism3_tn0d0106p0d0246p0d0111_ip0d0138n0d0187p0d0009_mp0d0009p0d0205p0d0041.xml,prism_y0d0350,True,0.03,1.0,1.0,1.0,2.4826380534614505,0.048768950908537445,2.0,0.010089515220307274,0.02730798597830122,-0.010618202159571382,0.024570154966587918,0.011091034286356438,0.013810197920546557,-0.018682744474052514,0.0008816463383836057,0.000920203433224737,0.020529085107590155,0.004148740653331526,"[0.08598723046892474, 1.8326696538711715, -1.1338971639109656, 0.057380649876320404, 1.400496103041158, 1.0882700836001566, -0.16541369653729393, 1.7394400770306573, 1.161956443414544]"
prism3,217,/home/humanoid/Programs/hand/results/phase1/run_20260413_pollard_multiscene_500_cem/prism3/generated_mjcf/scene_prism3_tn0d0013p0d0082p0d0000_ip0d0144n0d0077p0d0018_mp0d0035p0d0192p0d0000.xml,prism_y0d0350,True,0.03,1.0,1.0,1.0,2.44739998896416,0.04903990212838501,2.0,0.01293421125671713,0.2875210867725425,-0.0012769440151296722,0.008207947848866467,0.0,0.014367464472860894,-0.007682079760128633,0.0018050238451683114,0.0034645893469029436,0.019215158092247116,0.0,"[0.08598723046892474, 1.8326696538711715, -1.1338971639109656, 0.057380649876320404, 1.400496103041158, 1.0882700836001566, -0.16541369653729393, 1.7394400770306573, 1.161956443414544]"
prism3,218,/home/humanoid/Programs/hand/results/phase1/run_20260413_pollard_multiscene_500_cem/prism3/generated_mjcf/scene_prism3_tp0d0031p0d0217p0d0000_ip0d0033n0d0069p0d0000_mp0d0018p0d0185p0d0039.xml,prism_y0d0350,True,0.03,1.0,1.0,1.0,2.445641918633999,0.0487102396616596,2.0,0.012486844305777045,0.22828520608355352,0.0030643337970542965,0.021735629790901958,0.0,0.003259984998778856,-0.006910015120126513,0.0,0.0017765117936147622,0.018486338857577528,0.003854988740890814,"[0.08598723046892474, 1.8326696538711715, -1.1338971639109656, 0.057380649876320404, 1.400496103041158, 1.0882700836001566, -0.16541369653729393, 1.7394400770306573, 1.161956443414544]"
prism3,219,/home/humanoid/Programs/hand/results/phase1/run_20260413_pollard_multiscene_500_cem/prism3/generated_mjcf/scene_prism3_tn0d0096p0d0143p0d0000_ip0d0199n0d0241p0d0000_mp0d0018p0d0145p0d0098.xml,prism_y0d0350,True,0.03,1.0,1.0,1.0,2.9077773114831937,0.04947875013373963,3.0,0.009095407851511137,0.03858751663113974,-0.009552741642320943,0.014294919368854606,0.0,0.019931955097158255,-0.024098723637486875,0.0,0.001763704178351715,0.014507877048380777,0.009764096577343173,"[0.08598723046892474, 1.8326696538711715, -1.1338971639109656, 0.057380649876320404, 1.400496103041158, 1.0882700836001566, -0.16541369653729393, 1.7394400770306573, 1.161956443414544]"
prism3,220,/home/humanoid/Programs/hand/results/phase1/run_20260413_pollard_multiscene_500_cem/prism3/generated_mjcf/scene_prism3_tp0d0050p0d0166p0d0000_ip0d0149n0d0113p0d0053_mn0d0009p0d0075p0d0000.xml,prism_y0d0350,True,0.03,1.0,1.0,1.0,2.2815613677264484,0.04324682079377655,2.0,0.014818550090535001,0.016268399164406012,0.0049770330315987155,0.016644170110704855,0.0,0.014920291210715418,-0.011294019048296643,0.0052869592715543215,-0.0009234731340144204,0.007455374979847362,0.0,"[0.08598723046892474, 1.8326696538711715, -1.1338971639109656, 0.057380649876320404, 1.400496103041158, 1.0882700836001566, -0.16541369653729393, 1.7394400770306573, 1.161956443414544]"
prism3,221,/home/humanoid/Programs/hand/results/phase1/run_20260413_pollard_multiscene_500_cem/prism3/generated_mjcf/scene_prism3_tn0d0008p0d0217p0d0015_ip0d0110n0d0107p0d0000_mp0d0047p0d0157p0d0000.xml,prism_y0d0350,True,0.03,1.0,1.0,1.0,2.457895726948479,0.04905048783723956,2.0,0.011108860488176877,0.24435750919034563,-0.0008031192769778952,0.02166670448785033,0.001490255873888683,0.011029975886306324,-0.010713207814525373,0.0,0.004691508371224975,0.015735108981150926,0.0,"[0.08598723046892474, 1.8326696538711715, -1.1338971639109656, 0.057380649876320404, 1.400496103041158, 1.0882700836001566, -0.16541369653729393, 1.7394400770306573, 1.161956443414544]"
prism3,222,/home/humanoid/Programs/hand/results/phase1/run_20260413_pollard_multiscene_500_cem/prism3/generated_mjcf/scene_prism3_tp0d0060p0d0300p0d0000_ip0d0168n0d0189p0d0000_mn0d0012p0d0266p0d0015.xml,prism_y0d0350,True,0.03,1.0,1.0,1.0,-0.10386657981101077,0.04489384676625103,2.0,0.0099751583005726,16.368006000191013,0.005982512874455746,0.03,0.0,0.01677585138666949,-0.01892801061196864,0.0,-0.001195083786028438,0.026558059126059096,0.0014902945294227848,"[0.08598723046892474, 1.8326696538711715, -1.1338971639109656, 0.057380649876320404, 1.400496103041158, 1.0882700836001566, -0.16541369653729393, 1.7394400770306573, 1.161956443414544]"
prism3,223,/home/humanoid/Programs/hand/results/phase1/run_20260413_pollard_multiscene_500_cem/prism3/generated_mjcf/scene_prism3_tn0d0100p0d0157p0d0115_in0d0006n0d0023p0d0000_mn0d0001p0d0183p0d0095.xml,prism_y0d0350,True,0.03,1.0,1.0,1.0,2.460683143728,0.04823525867072575,2.0,0.012183526724886332,0.021225708650858308,-0.010042045626139749,0.01571733522921598,0.011454745589257506,-0.0005590098185030423,-0.0022702534687448223,0.0,-0.0001307095736232007,0.018291499373159582,0.009509675286206443,"[0.08598723046892474, 1.8326696538711715, -1.1338971639109656, 0.057380649876320404, 1.400496103041158, 1.0882700836001566, -0.16541369653729393, 1.7394400770306573, 1.161956443414544]"
prism3,224,/home/humanoid/Programs/hand/results/phase1/run_20260413_pollard_multiscene_500_cem/prism3/generated_mjcf/scene_prism3_tn0d0032p0d0163p0d0000_ip0d0055n0d0227p0d0001_mp0d0062p0d0073p0d0053.xml,prism_y0d0350,True,0.03,1.0,1.0,1.0,2.8713262646538817,0.0491595859086027,3.0,0.008839438331207785,0.2105357698986461,-0.003206023096601387,0.016318901566531582,0.0,0.005469932523932257,-0.022679238364403775,0.00012650587897891467,0.0061976339362588805,0.007287415170120487,0.005336885494463008,"[0.08598723046892474, 1.8326696538711715, -1.1338971639109656, 0.057380649876320404, 1.400496103041158, 1.0882700836001566, -0.16541369653729393, 1.7394400770306573, 1.161956443414544]"
prism3,225,/home/humanoid/Programs/hand/results/phase1/run_20260413_pollard_multiscene_500_cem/prism3/generated_mjcf/scene_prism3_tp0d0094p0d0274p0d0000_ip0d0199n0d0145p0d0100_mp0d0000p0d0269p0d0000.xml,prism_y0d0350,True,0.03,1.0,1.0,1.0,2.3544416593805995,0.045060016896603244,2.0,0.01132932771799415,1.8437635067932008e-06,0.009437691326738953,0.02737170570873626,0.0,0.019924961742623107,-0.014488606505171338,0.009950090735285678,7.2792667555523355e-06,0.026910958156789684,0.0,"[0.08598723046892474, 1.8326696538711715, -1.1338971639109656, 0.057380649876320404, 1.400496103041158, 1.0882700836001566, -0.16541369653729393, 1.7394400770306573, 1.161956443414544]"
prism3,226,/home/humanoid/Programs/hand/results/phase1/run_20260413_pollard_multiscene_500_cem/prism3/generated_mjcf/scene_prism3_tp0d0059p0d0251p0d0062_ip0d0039n0d0063p0d0003_mn0d0009p0d0056p0d0000.xml,prism_y0d0350,True,0.03,1.0,1.0,1.0,1.4804684584158547,0.031815290342722194,1.0,0.01653334663416168,6.87406569675712e-08,0.005890195392200037,0.025145911494812493,0.006172020864999916,0.0038719373070722294,-0.006349688358739556,0.00030962863382305236,-0.0008708134120405647,0.005640698307909073,0.0,"[0.08598723046892474, 1.8326696538711715, -1.1338971639109656, 0.057380649876320404, 1.400496103041158, 1.0882700836001566, -0.16541369653729393, 1.7394400770306573, 1.161956443414544]"
prism3,227,/home/humanoid/Programs/hand/results/phase1/run_20260413_pollard_multiscene_500_cem/prism3/generated_mjcf/scene_prism3_tp0d0083p0d0182p0d0000_ip0d0108n0d0164p0d0000_mp0d0028p0d0117p0d0000.xml,prism_y0d0350,True,0.03,1.0,1.0,1.0,2.4026302285892522,0.048503194651548655,2.0,0.009576909998275943,0.505518428122659,0.008338774720204351,0.01821398638179801,0.0,0.010837636468636409,-0.016374744784778288,0.0,0.00275684906579644,0.011731120066497104,0.0,"[0.08598723046892474, 1.8326696538711715, -1.1338971639109656, 0.057380649876320404, 1.400496103041158, 1.0882700836001566, -0.16541369653729393, 1.7394400770306573, 1.161956443414544]"
prism3,228,/home/humanoid/Programs/hand/results/phase1/run_20260413_pollard_multiscene_500_cem/prism3/generated_mjcf/scene_prism3_tp0d0018p0d0170p0d0000_ip0d0032n0d0128p0d0000_mp0d0192p0d0047p0d0036.xml,prism_y0d0350,True,0.03,1.0,1.0,1.0,1.5985886944869532,0.0487243227314088,2.0,0.014001996451609086,5.858390721394246,0.0017785008989475558,0.017044118735223775,0.0,0.003186891827523349,-0.012818094553557719,0.0,0.01917602235967445,0.004697717154899158,0.0035502383157635774,"[0.08598723046892474, 1.8326696538711715, -1.1338971639109656, 0.057380649876320404, 1.400496103041158, 1.0882700836001566, -0.16541369653729393, 1.7394400770306573, 1.161956443414544]"
prism3,229,/home/humanoid/Programs/hand/results/phase1/run_20260413_pollard_multiscene_500_cem/prism3/generated_mjcf/scene_prism3_tp0d0087p0d0300p0d0000_ip0d0077n0d0234p0d0000_mp0d0136p0d0114p0d0000.xml,prism_y0d0350,True,0.03,1.0,1.0,1.0,2.634212846485645,0.04986396645969878,3.0,0.00869074304905853,1.957629956704635,0.008663651804597345,0.03,0.0,0.007674482461781696,-0.023444371696119334,0.0,0.013597677390840683,0.011417327075538986,0.0,"[0.08598723046892474, 1.8326696538711715, -1.1338971639109656, 0.057380649876320404, 1.400496103041158, 1.0882700836001566, -0.16541369653729393, 1.7394400770306573, 1.161956443414544]"
prism3,230,/home/humanoid/Programs/hand/results/phase1/run_20260413_pollard_multiscene_500_cem/prism3/generated_mjcf/scene_prism3_tn0d0007p0d0119p0d0014_ip0d0090n0d0004p0d0000_mp0d0132p0d0081p0d0000.xml,prism_y0d0350,True,0.03,1.0,1.0,1.0,2.119198180139143,0.039997651608564125,2.0,0.016872051505393355,0.3131701543320946,-0.0007050571053624031,0.011895647447555467,0.0013904247007412648,0.00896790547894913,-0.00042462582777189235,0.0,0.013245101911400738,0.008085967284082467,0.0,"[0.08598723046892474, 1.8326696538711715, -1.1338971639109656, 0.057380649876320404, 1.400496103041158, 1.0882700836001566, -0.16541369653729393, 1.7394400770306573, 1.161956443414544]"
prism3,231,/home/humanoid/Programs/hand/results/phase1/run_20260413_pollard_multiscene_500_cem/prism3/generated_mjcf/scene_prism3_tp0d0059p0d0199p0d0000_ip0d0193n0d0034p0d0000_mp0d0003p0d0115p0d0000.xml,prism_y0d0350,True,0.03,1.0,1.0,1.0,2.0161378148179976,0.047207312563370324,1.0,0.01666728574014555,0.018557022797819404,0.005938507318874558,0.01993184206212525,0.0,0.019339198063758577,-0.003368889853459343,0.0,0.0002719119063459754,0.011528792962369609,0.0,"[0.08598723046892474, 1.8326696538711715, -1.1338971639109656, 0.057380649876320404, 1.400496103041158, 1.0882700836001566, -0.16541369653729393, 1.7394400770306573, 1.161956443414544]"
prism3,232,/home/humanoid/Programs/hand/results/phase1/run_20260413_pollard_multiscene_500_cem/prism3/generated_mjcf/scene_prism3_tp0d0059p0d0233p0d0001_in0d0016n0d0011p0d0000_mp0d0107p0d0137p0d0000.xml,prism_y0d0350,True,0.03,1.0,1.0,1.0,3.0860599791048733,0.054699409014192055,3.0,0.00898867496906377,0.06961324302481027,0.005876933990951735,0.023325437825919636,0.00012344175559970104,-0.001607011923027096,-0.0011137859434267924,0.0,0.010658788458287707,0.013659464988546774,0.0,"[0.08598723046892474, 1.8326696538711715, -1.1338971639109656, 0.057380649876320404, 1.400496103041158, 1.0882700836001566, -0.16541369653729393, 1.7394400770306573, 1.161956443414544]"
prism3,233,/home/humanoid/Programs/hand/results/phase1/run_20260413_pollard_multiscene_500_cem/prism3/generated_mjcf/scene_prism3_tp0d0094p0d0162p0d0016_ip0d0011n0d0230p0d0082_mp0d0011p0d0065p0d0038.xml,prism_y0d0350,True,0.03,1.0,1.0,1.0,1.9132719396802251,0.04879834004862521,2.0,0.01104750278789926,3.8171663763057264,0.009359930196395066,0.01623345201084577,0.0015625808053520377,0.00113350242596077,-0.023041464841855624,0.008165409870575673,0.0010928609572240285,0.006546084912352737,0.0037641457449223113,"[0.08598723046892474, 1.8326696538711715, -1.1338971639109656, 0.057380649876320404, 1.400496103041158, 1.0882700836001566, -0.16541369653729393, 1.7394400770306573, 1.161956443414544]"
prism3,234,/home/humanoid/Programs/hand/results/phase1/run_20260413_pollard_multiscene_500_cem/prism3/generated_mjcf/scene_prism3_tn0d0068p0d0267p0d0000_in0d0013n0d0152p0d0088_mp0d0012p0d0034p0d0000.xml,prism_y0d0350,True,0.03,1.0,1.0,1.0,2.844308881781156,0.048094990864964035,3.0,0.009284472125454565,0.13631236161117452,-0.006842359440174668,0.02674095924071578,0.0,-0.0012516321530277128,-0.01519729557625085,0.008807048636422697,0.0012271340009776168,0.0034269346338305414,0.0,"[0.08598723046892474, 1.8326696538711715, -1.1338971639109656, 0.057380649876320404, 1.400496103041158, 1.0882700836001566, -0.16541369653729393, 1.7394400770306573, 1.161956443414544]"
prism3,235,/home/humanoid/Programs/hand/results/phase1/run_20260413_pollard_multiscene_500_cem/prism3/generated_mjcf/scene_prism3_tn0d0012p0d0185p0d0000_ip0d0150n0d0039p0d0000_mp0d0202p0d0205p0d0000.xml,prism_y0d0350,True,0.03,1.0,1.0,1.0,2.871521419171833,0.04851967051624312,3.0,0.00913494947373608,0.05598099966136531,-0.0012267169129464937,0.018511203439005447,0.0,0.015046761440901129,-0.003860181566608679,0.0,0.0202218044453141,0.02050055310976201,0.0,"[0.08598723046892474, 1.8326696538711715, -1.1338971639109656, 0.057380649876320404, 1.400496103041158, 1.0882700836001566, -0.16541369653729393, 1.7394400770306573, 1.161956443414544]"
prism3,236,/home/humanoid/Programs/hand/results/phase1/run_20260413_pollard_multiscene_500_cem/prism3/generated_mjcf/scene_prism3_tp0d0106p0d0174p0d0031_ip0d0022n0d0118p0d0000_mp0d0137p0d0106p0d0119.xml,prism_y0d0350,True,0.03,1.0,1.0,1.0,1.1996980485787725,0.04945148973573184,2.0,0.014305923630457086,8.683281632739515,0.010570503563294312,0.01742935650204407,0.0030783737719845897,0.0022113929704491346,-0.01179028890874476,0.0,0.013715263425300493,0.010640660788541539,0.011923749986019395,"[0.08598723046892474, 1.8326696538711715, -1.1338971639109656, 0.057380649876320404, 1.400496103041158, 1.0882700836001566, -0.16541369653729393, 1.7394400770306573, 1.161956443414544]"
prism3,237,/home/humanoid/Programs/hand/results/phase1/run_20260413_pollard_multiscene_500_cem/prism3/generated_mjcf/scene_prism3_tn0d0094p0d0215p0d0000_ip0d0051n0d0037p0d0000_mp0d0001p0d0208p0d0000.xml,prism_y0d0350,True,0.03,1.0,1.0,1.0,2.4761734201383745,0.04966837699670751,2.0,0.011881948292062502,0.25637252108175407,-0.009386577061587999,0.021536170750964603,0.0,0.005090603042090099,-0.0036513302603408664,3.0621962382121684e-05,0.0001362800775741909,0.02078669139942211,0.0,"[0.08598723046892474, 1.8326696538711715, -1.1338971639109656, 0.057380649876320404, 1.400496103041158, 1.0882700836001566, -0.16541369653729393, 1.7394400770306573, 1.161956443414544]"
prism3,238,/home/humanoid/Programs/hand/results/phase1/run_20260413_pollard_multiscene_500_cem/prism3/generated_mjcf/scene_prism3_tn0d0100p0d0196p0d0000_ip0d0120n0d0139p0d0024_mp0d0149p0d0270p0d0014.xml,prism_y0d0350,True,0.03,1.0,1.0,1.0,2.9432294902711122,0.050442158592443095,3.0,0.009050309755984665,0.027636273016179796,-0.010015544394671703,0.01962936837177262,0.0,0.012010903863657144,-0.013874930609055808,0.002421640382254354,0.014892154831109993,0.027047093881184453,0.0013830002601442452,"[0.08598723046892474, 1.8326696538711715, -1.1338971639109656, 0.057380649876320404, 1.400496103041158, 1.0882700836001566, -0.16541369653729393, 1.7394400770306573, 1.161956443414544]"
prism3,239,/home/humanoid/Programs/hand/results/phase1/run_20260413_pollard_multiscene_500_cem/prism3/generated_mjcf/scene_prism3_tn0d0014p0d0251p0d0099_in0d0014n0d0234p0d0115_mp0d0111p0d0045p0d0038.xml,prism_y0d0350,True,0.03,1.0,1.0,1.0,2.904245238449401,0.049473745904130007,3.0,0.009256983998924183,0.05881266798200623,-0.0014251822600559235,0.025089114689550506,0.009932616401398968,-0.0014478035283586408,-0.023434549415482668,0.011455759744305048,0.011104205335508101,0.004542639825632416,0.00384895126918975,"[0.08598723046892474, 1.8326696538711715, -1.1338971639109656, 0.057380649876320404, 1.400496103041158, 1.0882700836001566, -0.16541369653729393, 1.7394400770306573, 1.161956443414544]"
prism3,240,/home/humanoid/Programs/hand/results/phase1/run_20260413_pollard_multiscene_500_cem/prism3/generated_mjcf/scene_prism3_tn0d0097p0d0105p0d0000_ip0d0139n0d0046p0d0085_mp0d0073p0d0268p0d0000.xml,prism_y0d0350,True,0.03,1.0,1.0,1.0,1.6575363090823676,0.045975993762387264,2.0,0.011155024740851916,4.862089487463218,-0.009683335844336121,0.010547451260416061,0.0,0.013928861329337636,-0.004617107265739084,0.008492867289802312,0.0072826999018936085,0.026824365469868522,0.0,"[0.08598723046892474, 1.8326696538711715, -1.1338971639109656, 0.057380649876320404, 1.400496103041158, 1.0882700836001566, -0.16541369653729393, 1.7394400770306573, 1.161956443414544]"
prism3,241,/home/humanoid/Programs/hand/results/phase1/run_20260413_pollard_multiscene_500_cem/prism3/generated_mjcf/scene_prism3_tp0d0041p0d0136p0d0050_ip0d0093n0d0236p0d0000_mp0d0051p0d0056p0d0045.xml,prism_y0d0350,True,0.03,1.0,1.0,1.0,2.466176541429781,0.048779090546286985,2.0,0.009897498246653003,0.14197754131305046,0.0040971277273271905,0.013559094872586892,0.0049975779635624,0.00926415941715049,-0.023572964220321315,0.0,0.0051016658072987634,0.005637990037219874,0.004513815243508565,"[0.08598723046892474, 1.8326696538711715, -1.1338971639109656, 0.057380649876320404, 1.400496103041158, 1.0882700836001566, -0.16541369653729393, 1.7394400770306573, 1.161956443414544]"
prism3,242,/home/humanoid/Programs/hand/results/phase1/run_20260413_pollard_multiscene_500_cem/prism3/generated_mjcf/scene_prism3_tn0d0009p0d0235p0d0040_in0d0009n0d0143p0d0044_mp0d0197p0d0260p0d0000.xml,prism_y0d0350,True,0.03,1.0,1.0,1.0,2.9298824057439736,0.0499289998661481,3.0,0.008698411748513568,0.0015717738278858845,-0.0009419216668431589,0.0234563829052057,0.003998428193652388,-0.0008600754512623002,-0.0143499624967743,0.0043891962311728185,0.019674774011803155,0.026003968495236028,0.0,"[0.08598723046892474, 1.8326696538711715, -1.1338971639109656, 0.057380649876320404, 1.400496103041158, 1.0882700836001566, -0.16541369653729393, 1.7394400770306573, 1.161956443414544]"
prism3,243,/home/humanoid/Programs/hand/results/phase1/run_20260413_pollard_multiscene_500_cem/prism3/generated_mjcf/scene_prism3_tp0d0018p0d0300p0d0000_ip0d0214n0d0134p0d0084_mp0d0020p0d0258p0d0066.xml,prism_y0d0350,True,0.03,1.0,1.0,1.0,2.470185194298373,0.04899779631719344,2.0,0.01107691386321053,0.15055899384651214,0.0018323263906544832,0.03,0.0,0.02142851497409419,-0.01338505726791449,0.008384359098383674,0.002027946052017301,0.025760241751164238,0.0065869486941198575,"[0.08598723046892474, 1.8326696538711715, -1.1338971639109656, 0.057380649876320404, 1.400496103041158, 1.0882700836001566, -0.16541369653729393, 1.7394400770306573, 1.161956443414544]"
prism3,244,/home/humanoid/Programs/hand/results/phase1/run_20260413_pollard_multiscene_500_cem/prism3/generated_mjcf/scene_prism3_tp0d0037p0d0122p0d0000_ip0d0121n0d0147p0d0094_mp0d0112p0d0054p0d0090.xml,prism_y0d0350,True,0.03,1.0,1.0,1.0,1.760962621033749,0.04898094701332535,2.0,0.013980459022577732,4.83606404258322,0.003670300442267238,0.012153499062564917,0.0,0.012056547044241235,-0.014653213065510083,0.009428885664088973,0.011218889531032318,0.005437278898803643,0.009008074998322603,"[0.08598723046892474, 1.8326696538711715, -1.1338971639109656, 0.057380649876320404, 1.400496103041158, 1.0882700836001566, -0.16541369653729393, 1.7394400770306573, 1.161956443414544]"
prism3,245,/home/humanoid/Programs/hand/results/phase1/run_20260413_pollard_multiscene_500_cem/prism3/generated_mjcf/scene_prism3_tn0d0045p0d0121p0d0034_ip0d0174n0d0173p0d0000_mp0d0212p0d0139p0d0000.xml,prism_y0d0350,True,0.03,1.0,1.0,1.0,2.919486947978102,0.049669044492642166,3.0,0.008894532763022637,0.007603624922194457,-0.004528621663971532,0.012117700999274032,0.0034291248847927273,0.01739136599231956,-0.017332691788016226,0.0,0.0212315535462329,0.013907077695475889,0.0,"[0.08598723046892474, 1.8326696538711715, -1.1338971639109656, 0.057380649876320404, 1.400496103041158, 1.0882700836001566, -0.16541369653729393, 1.7394400770306573, 1.161956443414544]"
prism3,246,/home/humanoid/Programs/hand/results/phase1/run_20260413_pollard_multiscene_500_cem/prism3/generated_mjcf/scene_prism3_tp0d0012p0d0250p0d0034_in0d0012n0d0017p0d0000_mp0d0149p0d0177p0d0000.xml,prism_y0d0350,True,0.03,1.0,1.0,1.0,3.010042901968632,0.052861772998982724,3.0,0.008285697161975919,0.15698505781207908,0.0012101250122180784,0.02496992892325642,0.0034375336049794307,-0.001203292251601781,-0.0017480540872589299,0.0,0.014901303193678607,0.0176678851782694,0.0,"[0.08598723046892474, 1.8326696538711715, -1.1338971639109656, 0.057380649876320404, 1.400496103041158, 1.0882700836001566, -0.16541369653729393, 1.7394400770306573, 1.161956443414544]"
prism3,247,/home/humanoid/Programs/hand/results/phase1/run_20260413_pollard_multiscene_500_cem/prism3/generated_mjcf/scene_prism3_tp0d0119p0d0269p0d0041_ip0d0045n0d0197p0d0000_mp0d0114p0d0084p0d0000.xml,prism_y0d0350,True,0.03,1.0,1.0,1.0,2.9239753850899963,0.05020582815498352,3.0,0.008913459378116405,0.10267787718796173,0.011873789448722787,0.02689082524371258,0.004145387045152844,0.0044727054903854375,-0.019704682888720113,0.0,0.011383286691889392,0.008366425886166713,0.0,"[0.08598723046892474, 1.8326696538711715, -1.1338971639109656, 0.057380649876320404, 1.400496103041158, 1.0882700836001566, -0.16541369653729393, 1.7394400770306573, 1.161956443414544]"
prism3,248,/home/humanoid/Programs/hand/results/phase1/run_20260413_pollard_multiscene_500_cem/prism3/generated_mjcf/scene_prism3_tp0d0063p0d0226p0d0000_ip0d0002n0d0169p0d0000_mp0d0111p0d0134p0d0000.xml,prism_y0d0350,True,0.03,1.0,1.0,1.0,2.9294555168081344,0.04990831078962663,3.0,0.008416442475875802,0.0033498391803076606,0.00626516238663433,0.02255765916802214,0.0,0.0002281577052011246,-0.016903768045336977,0.0,0.011086386382717419,0.013437684407545863,0.0,"[0.08598723046892474, 1.8326696538711715, -1.1338971639109656, 0.057380649876320404, 1.400496103041158, 1.0882700836001566, -0.16541369653729393, 1.7394400770306573, 1.161956443414544]"
prism3,249,/home/humanoid/Programs/hand/results/phase1/run_20260413_pollard_multiscene_500_cem/prism3/generated_mjcf/scene_prism3_tn0d0027p0d0178p0d0000_ip0d0059n0d0061p0d0007_mn0d0017p0d0132p0d0000.xml,prism_y0d0350,True,0.03,1.0,1.0,1.0,2.4180674003512794,0.04888444159126271,2.0,0.014190435882805004,0.43004789051537234,-0.0027271212917241126,0.017791811356062115,0.0,0.005851197812612485,-0.006067555870810265,0.0007001297377480752,-0.001728987071853835,0.013155750839536167,0.0,"[0.08598723046892474, 1.8326696538711715, -1.1338971639109656, 0.057380649876320404, 1.400496103041158, 1.0882700836001566, -0.16541369653729393, 1.7394400770306573, 1.161956443414544]"
prism3,250,/home/humanoid/Programs/hand/results/phase1/run_20260413_pollard_multiscene_500_cem/prism3/generated_mjcf/scene_prism3_tp0d0023p0d0281p0d0058_ip0d0010n0d0123p0d0000_mp0d0086p0d0122p0d0045.xml,prism_y0d0350,True,0.03,1.0,1.0,1.0,2.925217244861985,0.04979416265225055,3.0,0.008646129083611209,0.0019079319970803936,0.0022906939710439344,0.028145105487248016,0.005840805083924282,0.0009521715037869721,-0.012287952266811692,0.0,0.008550085922758204,0.012157418500970765,0.004480712380297534,"[0.08598723046892474, 1.8326696538711715, -1.1338971639109656, 0.057380649876320404, 1.400496103041158, 1.0882700836001566, -0.16541369653729393, 1.7394400770306573, 1.161956443414544]"
prism3,251,/home/humanoid/Programs/hand/results/phase1/run_20260413_pollard_multiscene_500_cem/prism3/generated_mjcf/scene_prism3_tn0d0091p0d0092p0d0034_ip0d0028n0d0157p0d0101_mp0d0014p0d0237p0d0000.xml,prism_y0d0350,True,0.03,1.0,1.0,1.0,2.90494449918875,0.04992404612157933,3.0,0.008679381155241304,0.16692235170696074,-0.00907948699181936,0.009197356063655219,0.0034433989733793375,0.002812858527800891,-0.01569261011506301,0.01012942948307732,0.0014055497152433722,0.023694967517092685,0.0,"[0.08598723046892474, 1.8326696538711715, -1.1338971639109656, 0.057380649876320404, 1.400496103041158, 1.0882700836001566, -0.16541369653729393, 1.7394400770306573, 1.161956443414544]"
prism3,252,/home/humanoid/Programs/hand/results/phase1/run_20260413_pollard_multiscene_500_cem/prism3/generated_mjcf/scene_prism3_tn0d0074p0d0300p0d0026_ip0d0033n0d0060p0d0000_mp0d0108p0d0119p0d0000.xml,prism_y0d0350,True,0.03,1.0,1.0,1.0,2.916453794587314,0.049670868854410924,3.0,0.009368791556538738,0.02192688135994076,-0.007398159794487176,0.03,0.002583933856100673,0.0033336936479035455,-0.005978032145131569,0.0,0.010774200359585784,0.011857555922792454,0.0,"[0.08598723046892474, 1.8326696538711715, -1.1338971639109656, 0.057380649876320404, 1.400496103041158, 1.0882700836001566, -0.16541369653729393, 1.7394400770306573, 1.161956443414544]"
prism3,253,/home/humanoid/Programs/hand/results/phase1/run_20260413_pollard_multiscene_500_cem/prism3/generated_mjcf/scene_prism3_tp0d0079p0d0250p0d0000_ip0d0107n0d0240p0d0083_mp0d0033p0d0107p0d0094.xml,prism_y0d0350,True,0.03,1.0,1.0,1.0,2.329550340567493,0.04726500223902354,3.0,0.009098986800469689,3.376845094649275,0.007870746006714398,0.024959633130747148,0.0,0.010664501866031857,-0.023994387640275894,0.008275887682406585,0.003335989644740088,0.01068451411033549,0.009375497810093482,"[0.08598723046892474, 1.8326696538711715, -1.1338971639109656, 0.057380649876320404, 1.400496103041158, 1.0882700836001566, -0.16541369653729393, 1.7394400770306573, 1.161956443414544]"
prism3,254,/home/humanoid/Programs/hand/results/phase1/run_20260413_pollard_multiscene_500_cem/prism3/generated_mjcf/scene_prism3_tn0d0073p0d0242p0d0000_ip0d0117n0d0058p0d0016_mp0d0219p0d0175p0d0000.xml,prism_y0d0350,True,0.03,1.0,1.0,1.0,2.92128400455838,0.05018820770390969,3.0,0.009253093888910543,0.11198051533759139,-0.0072830278711218015,0.024233399005324837,0.0,0.01173289864241775,-0.005816682189977438,0.0015985477456331616,0.02187070698869189,0.017479901290416364,0.0,"[0.08598723046892474, 1.8326696538711715, -1.1338971639109656, 0.057380649876320404, 1.400496103041158, 1.0882700836001566, -0.16541369653729393, 1.7394400770306573, 1.161956443414544]"
prism3,255,/home/humanoid/Programs/hand/results/phase1/run_20260413_pollard_multiscene_500_cem/prism3/generated_mjcf/scene_prism3_tn0d0049p0d0232p0d0053_ip0d0078n0d0015p0d0045_mp0d0126p0d0103p0d0116.xml,prism_y0d0350,True,0.03,1.0,1.0,1.0,1.665538418323287,0.028140777226892254,2.0,0.014870193729265914,0.5976559810627328,-0.0048957756328571024,0.023204282559035286,0.005285964347256648,0.007791052812038457,-0.0014875992639632445,0.004507628719607793,0.01263096632514772,0.010252368200474794,0.011605232571004556,"[0.08598723046892474, 1.8326696538711715, -1.1338971639109656, 0.057380649876320404, 1.400496103041158, 1.0882700836001566, -0.16541369653729393, 1.7394400770306573, 1.161956443414544]"
prism3,256,/home/humanoid/Programs/hand/results/phase1/run_20260413_pollard_multiscene_500_cem/prism3/generated_mjcf/scene_prism3_tn0d0062p0d0198p0d0000_ip0d0093n0d0156p0d0051_mp0d0176p0d0066p0d0000.xml,prism_y0d0350,True,0.03,1.0,1.0,1.0,2.476446817228877,0.04973552873875931,3.0,0.008940627097574852,2.976102896216993,-0.00617936078977491,0.019845889106613626,0.0,0.009283838582036968,-0.01564231250230316,0.005108479275818825,0.01755878893107922,0.006553664356555156,0.0,"[0.08598723046892474, 1.8326696538711715, -1.1338971639109656, 0.057380649876320404, 1.400496103041158, 1.0882700836001566, -0.16541369653729393, 1.7394400770306573, 1.161956443414544]"
prism3,257,/home/humanoid/Programs/hand/results/phase1/run_20260413_pollard_multiscene_500_cem/prism3/generated_mjcf/scene_prism3_tn0d0013p0d0300p0d0040_ip0d0126n0d0136p0d0071_mn0d0004p0d0181p0d0075.xml,prism_y0d0350,True,0.03,1.0,1.0,1.0,2.8937210655129304,0.04905856373384877,3.0,0.009469617207063644,0.029262871717663955,-0.0013310279746045726,0.03,0.004007304669342297,0.01263270996685188,-0.013573404996832647,0.007133344311976011,-0.0004286670847191455,0.018119654315755226,0.007547655475809524,"[0.08598723046892474, 1.8326696538711715, -1.1338971639109656, 0.057380649876320404, 1.400496103041158, 1.0882700836001566, -0.16541369653729393, 1.7394400770306573, 1.161956443414544]"
prism3,258,/home/humanoid/Programs/hand/results/phase1/run_20260413_pollard_multiscene_500_cem/prism3/generated_mjcf/scene_prism3_tn0d0033p0d0188p0d0000_ip0d0089n0d0085p0d0000_mn0d0010p0d0158p0d0000.xml,prism_y0d0350,True,0.03,1.0,1.0,1.0,2.4432291289486527,0.04907120553319895,2.0,0.012305111170284733,0.3310189491516053,-0.003284192562390034,0.018810799604056093,0.0,0.008948602806368519,-0.008508505563111826,0.0,-0.0009937541860331883,0.015830482276668337,0.0,"[0.08598723046892474, 1.8326696538711715, -1.1338971639109656, 0.057380649876320404, 1.400496103041158, 1.0882700836001566, -0.16541369653729393, 1.7394400770306573, 1.161956443414544]"
prism3,259,/home/humanoid/Programs/hand/results/phase1/run_20260413_pollard_multiscene_500_cem/prism3/generated_mjcf/scene_prism3_tn0d0066p0d0185p0d0013_ip0d0158n0d0195p0d0088_mp0d0183p0d0172p0d0000.xml,prism_y0d0350,True,0.03,1.0,1.0,1.0,2.9266920251956017,0.04985894615086936,3.0,0.00893790595097762,0.0033018545524714743,-0.0066485374175960146,0.018518010205694397,0.0012982978667973911,0.015818160059360285,-0.019498654578332945,0.008823394787387792,0.01834265960575579,0.01719139738609474,0.0,"[0.08598723046892474, 1.8326696538711715, -1.1338971639109656, 0.057380649876320404, 1.400496103041158, 1.0882700836001566, -0.16541369653729393, 1.7394400770306573, 1.161956443414544]"
prism3,260,/home/humanoid/Programs/hand/results/phase1/run_20260413_pollard_multiscene_500_cem/prism3/generated_mjcf/scene_prism3_tn0d0016p0d0096p0d0112_ip0d0017n0d0032p0d0006_mp0d0056p0d0052p0d0016.xml,prism_y0d0350,True,0.03,1.0,1.0,1.0,2.5306221802370508,0.05046154768423138,2.0,0.01446043645843438,0.04407410529452403,-0.0015968470266755248,0.00957306995643702,0.011202290221894236,0.001675734744234568,-0.0032206306161261574,0.0006071599036956091,0.00558793585213605,0.005223797450431731,0.0015580406341598792,"[0.08598723046892474, 1.8326696538711715, -1.1338971639109656, 0.057380649876320404, 1.400496103041158, 1.0882700836001566, -0.16541369653729393, 1.7394400770306573, 1.161956443414544]"
prism3,261,/home/humanoid/Programs/hand/results/phase1/run_20260413_pollard_multiscene_500_cem/prism3/generated_mjcf/scene_prism3_tn0d0026p0d0108p0d0000_ip0d0093n0d0210p0d0000_mp0d0215p0d0203p0d0054.xml,prism_y0d0350,True,0.03,1.0,1.0,1.0,2.924643060266011,0.0498245607833412,3.0,0.008733835643887388,0.011659305754376154,-0.002559148442306267,0.010844582132139265,0.0,0.009274960074603024,-0.02103734073064305,0.0,0.021537173868519506,0.02026458374004725,0.005359570246667743,"[0.08598723046892474, 1.8326696538711715, -1.1338971639109656, 0.057380649876320404, 1.400496103041158, 1.0882700836001566, -0.16541369653729393, 1.7394400770306573, 1.161956443414544]"
prism3,262,/home/humanoid/Programs/hand/results/phase1/run_20260413_pollard_multiscene_500_cem/prism3/generated_mjcf/scene_prism3_tp0d0114p0d0124p0d0096_in0d0000n0d0080p0d0000_mp0d0182p0d0250p0d0006.xml,prism_y0d0350,True,0.03,1.0,1.0,1.0,2.9228404429539356,0.049722672618598696,3.0,0.008323441783725847,0.005374767530449658,0.011434726863572546,0.012431631671534318,0.009574165085641077,-3.2197229452727086e-05,-0.008030768084860739,0.0,0.01818011496386108,0.025010610894033593,0.0006060223705221992,"[0.08598723046892474, 1.8326696538711715, -1.1338971639109656, 0.057380649876320404, 1.400496103041158, 1.0882700836001566, -0.16541369653729393, 1.7394400770306573, 1.161956443414544]"
prism3,263,/home/humanoid/Programs/hand/results/phase1/run_20260413_pollard_multiscene_500_cem/prism3/generated_mjcf/scene_prism3_tn0d0026p0d0166p0d0106_ip0d0186n0d0034p0d0042_mn0d0016p0d0137p0d0101.xml,prism_y0d0350,True,0.03,1.0,1.0,1.0,2.4186690783468103,0.04783469524757379,2.0,0.013476941717718946,0.19060914588556302,-0.002617680223593528,0.01656557626298818,0.010573775539080708,0.018619421669964137,-0.0033545673340663,0.004216081429168201,-0.0015522505578777837,0.01372870559258928,0.010117600342834106,"[0.08598723046892474, 1.8326696538711715, -1.1338971639109656, 0.057380649876320404, 1.400496103041158, 1.0882700836001566, -0.16541369653729393, 1.7394400770306573, 1.161956443414544]"
prism3,264,/home/humanoid/Programs/hand/results/phase1/run_20260413_pollard_multiscene_500_cem/prism3/generated_mjcf/scene_prism3_tn0d0098p0d0167p0d0098_ip0d0048n0d0056p0d0000_mp0d0081p0d0076p0d0092.xml,prism_y0d0350,True,0.03,1.0,1.0,1.0,2.445111254733015,0.048122362335201896,2.0,0.010887243525425324,0.11597959965467182,-0.0098174312859883,0.016710597855835244,0.009785136624631905,0.0047505379522936875,-0.00558731996764574,0.0,0.008118077130715488,0.007604253555346375,0.009153488997293208,"[0.08598723046892474, 1.8326696538711715, -1.1338971639109656, 0.057380649876320404, 1.400496103041158, 1.0882700836001566, -0.16541369653729393, 1.7394400770306573, 1.161956443414544]"
prism3,265,/home/humanoid/Programs/hand/results/phase1/run_20260413_pollard_multiscene_500_cem/prism3/generated_mjcf/scene_prism3_tp0d0104p0d0234p0d0093_ip0d0069n0d0004p0d0081_mp0d0154p0d0049p0d0096.xml,prism_y0d0350,True,0.03,1.0,1.0,1.0,1.4850162198053325,0.03451375162822873,2.0,0.020006088343292077,3.2196860699739256,0.010405971119882437,0.023402318434891774,0.009318597065959895,0.006870174315362881,-0.0003758602573515988,0.008054351980537874,0.01539809898290241,0.004941483542359303,0.009625898391971525,"[0.08598723046892474, 1.8326696538711715, -1.1338971639109656, 0.057380649876320404, 1.400496103041158, 1.0882700836001566, -0.16541369653729393, 1.7394400770306573, 1.161956443414544]"
prism3,266,/home/humanoid/Programs/hand/results/phase1/run_20260413_pollard_multiscene_500_cem/prism3/generated_mjcf/scene_prism3_tp0d0080p0d0162p0d0000_in0d0002n0d0171p0d0000_mp0d0071p0d0218p0d0095.xml,prism_y0d0350,True,0.03,1.0,1.0,1.0,2.9238474616066474,0.04977494773389178,3.0,0.008229249950319822,0.012114727859503434,0.008007112781741085,0.016238264649913087,0.0,-0.00016892381827874302,-0.01712363596371593,0.0,0.0070856367373131526,0.021809635629245268,0.009472099338838351,"[0.08598723046892474, 1.8326696538711715, -1.1338971639109656, 0.057380649876320404, 1.400496103041158, 1.0882700836001566, -0.16541369653729393, 1.7394400770306573, 1.161956443414544]"
prism3,267,/home/humanoid/Programs/hand/results/phase1/run_20260413_pollard_multiscene_500_cem/prism3/generated_mjcf/scene_prism3_tn0d0019p0d0119p0d0097_ip0d0014n0d0097p0d0004_mp0d0076p0d0068p0d0027.xml,prism_y0d0350,True,0.03,1.0,1.0,1.0,1.96018520564238,0.050599577652396616,3.0,0.009263409316336556,6.615154623725527,-0.0019033786639038597,0.011918802303719365,0.009742141364256777,0.001446421396381646,-0.009701845637100453,0.0004247947514453253,0.007597777885475282,0.006785559441029652,0.0026801896733662112,"[0.08598723046892474, 1.8326696538711715, -1.1338971639109656, 0.057380649876320404, 1.400496103041158, 1.0882700836001566, -0.16541369653729393, 1.7394400770306573, 1.161956443414544]"
prism3,268,/home/humanoid/Programs/hand/results/phase1/run_20260413_pollard_multiscene_500_cem/prism3/generated_mjcf/scene_prism3_tp0d0102p0d0138p0d0107_ip0d0106n0d0072p0d0004_mp0d0019p0d0053p0d0000.xml,prism_y0d0350,True,0.03,1.0,1.0,1.0,1.287525011081865,0.02641258571924685,1.0,0.018457744545883382,5.203313051073881e-14,0.010192050973665118,0.013796870560345172,0.01073217435091527,0.010556599209052135,-0.0072346864002176565,0.00041095213145756447,0.001934188977885925,0.0052613143908337,0.0,"[0.08598723046892474, 1.8326696538711715, -1.1338971639109656, 0.057380649876320404, 1.400496103041158, 1.0882700836001566, -0.16541369653729393, 1.7394400770306573, 1.161956443414544]"
prism3,269,/home/humanoid/Programs/hand/results/phase1/run_20260413_pollard_multiscene_500_cem/prism3/generated_mjcf/scene_prism3_tn0d0109p0d0188p0d0000_ip0d0152n0d0147p0d0000_mp0d0012p0d0206p0d0000.xml,prism_y0d0350,True,0.03,1.0,1.0,1.0,2.885515456198124,0.049506846437770494,3.0,0.009178695694884881,0.19244518489382545,-0.010892479043909305,0.018761057623916402,0.0,0.015191856500809777,-0.0146572238066505,0.0,0.0012429278075790622,0.02056014077460063,0.0,"[0.08598723046892474, 1.8326696538711715, -1.1338971639109656, 0.057380649876320404, 1.400496103041158, 1.0882700836001566, -0.16541369653729393, 1.7394400770306573, 1.161956443414544]"
prism3,270,/home/humanoid/Programs/hand/results/phase1/run_20260413_pollard_multiscene_500_cem/prism3/generated_mjcf/scene_prism3_tp0d0063p0d0244p0d0034_in0d0017n0d0047p0d0028_mp0d0126p0d0234p0d0000.xml,prism_y0d0350,True,0.03,1.0,1.0,1.0,2.9321519468050394,0.049981130000734786,3.0,0.008354510898133329,0.003190542829409353,0.006326404225126845,0.024413539928309608,0.0034358131538734186,-0.0016652041607701385,-0.004704614173634861,0.002849669393877664,0.012557523978918841,0.023357815300913888,0.0,"[0.08598723046892474, 1.8326696538711715, -1.1338971639109656, 0.057380649876320404, 1.400496103041158, 1.0882700836001566, -0.16541369653729393, 1.7394400770306573, 1.161956443414544]"
prism3,271,/home/humanoid/Programs/hand/results/phase1/run_20260413_pollard_multiscene_500_cem/prism3/generated_mjcf/scene_prism3_tp0d0022p0d0300p0d0079_ip0d0201n0d0117p0d0000_mp0d0139p0d0232p0d0000.xml,prism_y0d0350,True,0.03,1.0,1.0,1.0,2.893556533135922,0.049209770283255336,3.0,0.00933615915455725,0.06742072312600245,0.002245291327922347,0.03,0.007914847084908486,0.020077243035357552,-0.01173371425264643,0.0,0.013901697245508137,0.023176085596049063,0.0,"[0.08598723046892474, 1.8326696538711715, -1.1338971639109656, 0.057380649876320404, 1.400496103041158, 1.0882700836001566, -0.16541369653729393, 1.7394400770306573, 1.161956443414544]"
prism3,272,/home/humanoid/Programs/hand/results/phase1/run_20260413_pollard_multiscene_500_cem/prism3/generated_mjcf/scene_prism3_tn0d0009p0d0148p0d0000_ip0d0185n0d0080p0d0009_mp0d0179p0d0092p0d0042.xml,prism_y0d0350,True,0.03,1.0,1.0,1.0,2.1040728960193347,0.038047153663278835,2.0,0.01276257838015731,0.013682169567400225,-0.0009488846215536303,0.014802931966176474,0.0,0.01846619001000817,-0.008015341938986174,0.0008936013470664285,0.01788502974286396,0.009203218882619397,0.0041798237366650025,"[0.08598723046892474, 1.8326696538711715, -1.1338971639109656, 0.057380649876320404, 1.400496103041158, 1.0882700836001566, -0.16541369653729393, 1.7394400770306573, 1.161956443414544]"
prism3,273,/home/humanoid/Programs/hand/results/phase1/run_20260413_pollard_multiscene_500_cem/prism3/generated_mjcf/scene_prism3_tp0d0108p0d0274p0d0048_ip0d0186n0d0162p0d0000_mn0d0018p0d0200p0d0087.xml,prism_y0d0350,True,0.03,1.0,1.0,1.0,1.749663295696148,0.045419857120863494,1.0,0.010173671771794035,1.4645623999365758,0.010793172744159973,0.027385637090943743,0.004834036143599344,0.01858721372341072,-0.016209668619703015,0.0,-0.001767901577034518,0.0199563224460901,0.00869297932588134,"[0.08598723046892474, 1.8326696538711715, -1.1338971639109656, 0.057380649876320404, 1.400496103041158, 1.0882700836001566, -0.16541369653729393, 1.7394400770306573, 1.161956443414544]"
prism3,274,/home/humanoid/Programs/hand/results/phase1/run_20260413_pollard_multiscene_500_cem/prism3/generated_mjcf/scene_prism3_tn0d0019p0d0292p0d0078_ip0d0164n0d0156p0d0069_mp0d0127p0d0262p0d0000.xml,prism_y0d0350,True,0.03,1.0,1.0,1.0,2.8895788951410917,0.04899180556954233,3.0,0.009337157800133928,0.04306656128414955,-0.001916376052160879,0.029220051372745175,0.007795485310387259,0.016412015641354603,-0.015575520612575037,0.006911623253098489,0.012731054858623922,0.026173867771679467,0.0,"[0.08598723046892474, 1.8326696538711715, -1.1338971639109656, 0.057380649876320404, 1.400496103041158, 1.0882700836001566, -0.16541369653729393, 1.7394400770306573, 1.161956443414544]"
prism3,275,/home/humanoid/Programs/hand/results/phase1/run_20260413_pollard_multiscene_500_cem/prism3/generated_mjcf/scene_prism3_tp0d0071p0d0185p0d0000_in0d0012n0d0020p0d0000_mp0d0187p0d0125p0d0095.xml,prism_y0d0350,True,0.03,1.0,1.0,1.0,2.173014013376056,0.046144570316580424,2.0,0.01670557996533795,1.390898585157221,0.007096762773567841,0.018535196712838996,0.0,-0.0012487005109433433,-0.0020060342785642327,0.0,0.018711648686793855,0.012456268016773565,0.009485944431065776,"[0.08598723046892474, 1.8326696538711715, -1.1338971639109656, 0.057380649876320404, 1.400496103041158, 1.0882700836001566, -0.16541369653729393, 1.7394400770306573, 1.161956443414544]"
prism3,276,/home/humanoid/Programs/hand/results/phase1/run_20260413_pollard_multiscene_500_cem/prism3/generated_mjcf/scene_prism3_tn0d0045p0d0240p0d0000_ip0d0060n0d0088p0d0066_mp0d0014p0d0053p0d0000.xml,prism_y0d0350,True,0.03,1.0,1.0,1.0,2.4238279664420808,0.04775190865431954,2.0,0.01420607260575559,0.12717794165061574,-0.004471530539230569,0.02395252102903216,0.0,0.006041774072952371,-0.008778636947116529,0.006612827788071422,0.0013904042544706126,0.005326566761932524,0.0,"[0.08598723046892474, 1.8326696538711715, -1.1338971639109656, 0.057380649876320404, 1.400496103041158, 1.0882700836001566, -0.16541369653729393, 1.7394400770306573, 1.161956443414544]"
prism3,277,/home/humanoid/Programs/hand/results/phase1/run_20260413_pollard_multiscene_500_cem/prism3/generated_mjcf/scene_prism3_tn0d0085p0d0138p0d0102_ip0d0198n0d0095p0d0098_mp0d0050p0d0056p0d0000.xml,prism_y0d0350,True,0.03,1.0,1.0,1.0,2.1010210291648073,0.03920277282923264,2.0,0.013220790422224578,0.2975629267592384,-0.00849020040187634,0.013832043402543716,0.010161341910743568,0.019754372950554135,-0.009469899963966253,0.009754122039431785,0.005023702370497475,0.005560181100361002,0.0,"[0.08598723046892474, 1.8326696538711715, -1.1338971639109656, 0.057380649876320404, 1.400496103041158, 1.0882700836001566, -0.16541369653729393, 1.7394400770306573, 1.161956443414544]"
prism3,278,/home/humanoid/Programs/hand/results/phase1/run_20260413_pollard_multiscene_500_cem/prism3/generated_mjcf/scene_prism3_tp0d0091p0d0087p0d0090_ip0d0090n0d0064p0d0007_mp0d0002p0d0209p0d0000.xml,prism_y0d0350,True,0.03,1.0,1.0,1.0,1.5853910275692968,0.03463056984076711,1.0,0.01333945842682749,2.5980615476948483e-11,0.009110489609144803,0.008677276423585517,0.008999429842825458,0.008984969193119195,-0.006433298849497485,0.0006513275308667656,0.00016650763492232802,0.02091045788924164,0.0,"[0.08598723046892474, 1.8326696538711715, -1.1338971639109656, 0.057380649876320404, 1.400496103041158, 1.0882700836001566, -0.16541369653729393, 1.7394400770306573, 1.161956443414544]"
prism3,279,/home/humanoid/Programs/hand/results/phase1/run_20260413_pollard_multiscene_500_cem/prism3/generated_mjcf/scene_prism3_tp0d0107p0d0203p0d0035_in0d0017n0d0210p0d0076_mn0d0006p0d0043p0d0000.xml,prism_y0d0350,True,0.03,1.0,1.0,1.0,0.8694803703208831,0.051066226172469115,2.0,0.01659636376048836,11.230965454630395,0.010680652573989403,0.02028025196755389,0.0034878590242971314,-0.001651941370340004,-0.021006328028755378,0.007617746444018626,-0.0006043381044495855,0.004307480844639333,0.0,"[0.08598723046892474, 1.8326696538711715, -1.1338971639109656, 0.057380649876320404, 1.400496103041158, 1.0882700836001566, -0.16541369653729393, 1.7394400770306573, 1.161956443414544]"
prism3,280,/home/humanoid/Programs/hand/results/phase1/run_20260413_pollard_multiscene_500_cem/prism3/generated_mjcf/scene_prism3_tn0d0078p0d0260p0d0040_ip0d0170n0d0060p0d0000_mp0d0039p0d0256p0d0009.xml,prism_y0d0350,True,0.03,1.0,1.0,1.0,2.493164495213333,0.04996050500778393,2.0,0.010559007137726534,0.228901105224341,-0.007815997886244007,0.026014632824952713,0.003963593641860802,0.01697867174625963,-0.006016436256747587,0.0,0.0039335958645995905,0.025588962022507003,0.0008507281091946969,"[0.08598723046892474, 1.8326696538711715, -1.1338971639109656, 0.057380649876320404, 1.400496103041158, 1.0882700836001566, -0.16541369653729393, 1.7394400770306573, 1.161956443414544]"
prism3,281,/home/humanoid/Programs/hand/results/phase1/run_20260413_pollard_multiscene_500_cem/prism3/generated_mjcf/scene_prism3_tp0d0049p0d0300p0d0102_ip0d0202n0d0145p0d0009_mn0d0004p0d0044p0d0008.xml,prism_y0d0350,True,0.03,1.0,1.0,1.0,1.7970628915729872,0.040773446288156254,1.0,0.011260661001594249,0.049909376728622015,0.0048956966144989775,0.03,0.01024569696703537,0.02024412345182712,-0.01445113637154469,0.0008572589896428326,-0.00038753717582618377,0.004445373004833839,0.0008281454690186804,"[0.08598723046892474, 1.8326696538711715, -1.1338971639109656, 0.057380649876320404, 1.400496103041158, 1.0882700836001566, -0.16541369653729393, 1.7394400770306573, 1.161956443414544]"
prism3,282,/home/humanoid/Programs/hand/results/phase1/run_20260413_pollard_multiscene_500_cem/prism3/generated_mjcf/scene_prism3_tn0d0065p0d0165p0d0000_ip0d0092n0d0020p0d0000_mn0d0000p0d0262p0d0033.xml,prism_y0d0350,True,0.03,1.0,1.0,1.0,2.491783350828546,0.04947562337163916,2.0,0.012028951769822903,0.10537042426119267,-0.0064790503642382325,0.016456295363345405,0.0,0.009204583455362582,-0.0020444669577706093,0.0,-4.283315304138592e-05,0.02617827396598007,0.003291006560961051,"[0.08598723046892474, 1.8326696538711715, -1.1338971639109656, 0.057380649876320404, 1.400496103041158, 1.0882700836001566, -0.16541369653729393, 1.7394400770306573, 1.161956443414544]"
prism3,283,/home/humanoid/Programs/hand/results/phase1/run_20260413_pollard_multiscene_500_cem/prism3/generated_mjcf/scene_prism3_tn0d0031p0d0201p0d0000_ip0d0055n0d0234p0d0000_mp0d0094p0d0053p0d0000.xml,prism_y0d0350,True,0.03,1.0,1.0,1.0,2.904412857206448,0.04966227021854527,3.0,0.009024203007587729,0.10478796284974273,-0.0031127119824599214,0.02006981702162479,0.0,0.005466174877173833,-0.02337288165376357,0.0,0.009384004791361464,0.005280066378183639,0.0,"[0.08598723046892474, 1.8326696538711715, -1.1338971639109656, 0.057380649876320404, 1.400496103041158, 1.0882700836001566, -0.16541369653729393, 1.7394400770306573, 1.161956443414544]"
prism3,284,/home/humanoid/Programs/hand/results/phase1/run_20260413_pollard_multiscene_500_cem/prism3/generated_mjcf/scene_prism3_tp0d0022p0d0287p0d0000_ip0d0067n0d0176p0d0000_mp0d0210p0d0137p0d0074.xml,prism_y0d0350,True,0.03,1.0,1.0,1.0,2.927167429176262,0.04985601930458076,3.0,0.008806332386012422,0.001203878080263648,0.002212310947044818,0.02869211517064582,0.0,0.006708244949966628,-0.01764560311344707,0.0,0.021043563899319072,0.01369403107788724,0.007426207120405568,"[0.08598723046892474, 1.8326696538711715, -1.1338971639109656, 0.057380649876320404, 1.400496103041158, 1.0882700836001566, -0.16541369653729393, 1.7394400770306573, 1.161956443414544]"
prism3,285,/home/humanoid/Programs/hand/results/phase1/run_20260413_pollard_multiscene_500_cem/prism3/generated_mjcf/scene_prism3_tn0d0084p0d0191p0d0000_ip0d0129n0d0082p0d0000_mp0d0028p0d0260p0d0000.xml,prism_y0d0350,True,0.03,1.0,1.0,1.0,2.480757135727696,0.050189506016508637,2.0,0.009286964709975492,0.3820109695343718,-0.008405726046085821,0.019073435037175346,0.0,0.012935896814125858,-0.00815431003527776,0.0,0.0027588733677943976,0.025973744589380045,0.0,"[0.08598723046892474, 1.8326696538711715, -1.1338971639109656, 0.057380649876320404, 1.400496103041158, 1.0882700836001566, -0.16541369653729393, 1.7394400770306573, 1.161956443414544]"
prism3,286,/home/humanoid/Programs/hand/results/phase1/run_20260413_pollard_multiscene_500_cem/prism3/generated_mjcf/scene_prism3_tn0d0090p0d0210p0d0000_ip0d0172n0d0077p0d0024_mn0d0016p0d0134p0d0013.xml,prism_y0d0350,True,0.03,1.0,1.0,1.0,2.329429269975221,0.04594413531513186,2.0,0.013059226736757981,0.34998008387252283,-0.009001236509937414,0.02100112448579263,0.0,0.01721810354913557,-0.0077228019599049815,0.0023983580415141703,-0.0016289059240286,0.013441268146257172,0.0012518988941378137,"[0.08598723046892474, 1.8326696538711715, -1.1338971639109656, 0.057380649876320404, 1.400496103041158, 1.0882700836001566, -0.16541369653729393, 1.7394400770306573, 1.161956443414544]"
prism3,287,/home/humanoid/Programs/hand/results/phase1/run_20260413_pollard_multiscene_500_cem/prism3/generated_mjcf/scene_prism3_tp0d0063p0d0162p0d0105_ip0d0087n0d0222p0d0000_mp0d0182p0d0078p0d0000.xml,prism_y0d0350,True,0.03,1.0,1.0,1.0,2.677123917927311,0.04921873594589306,3.0,0.00909398527792503,1.5156257974873055,0.00633181775487205,0.016181871156262087,0.010455111243500573,0.008714684321061249,-0.022231677971918745,0.0,0.018187127618197026,0.007814269022686898,0.0,"[0.08598723046892474, 1.8326696538711715, -1.1338971639109656, 0.057380649876320404, 1.400496103041158, 1.0882700836001566, -0.16541369653729393, 1.7394400770306573, 1.161956443414544]"
prism3,288,/home/humanoid/Programs/hand/results/phase1/run_20260413_pollard_multiscene_500_cem/prism3/generated_mjcf/scene_prism3_tp0d0115p0d0098p0d0000_ip0d0085n0d0127p0d0012_mp0d0144p0d0127p0d0000.xml,prism_y0d0350,True,0.03,1.0,1.0,1.0,2.407606464568108,0.04761013082339609,2.0,0.01406048401524051,0.2041809748018271,0.011460868883163687,0.009762413078867424,0.0,0.008545145846799607,-0.012748572233989645,0.0011622812345442306,0.01444109386570142,0.01268352312304752,0.0,"[0.08598723046892474, 1.8326696538711715, -1.1338971639109656, 0.057380649876320404, 1.400496103041158, 1.0882700836001566, -0.16541369653729393, 1.7394400770306573, 1.161956443414544]"
prism3,289,/home/humanoid/Programs/hand/results/phase1/run_20260413_pollard_multiscene_500_cem/prism3/generated_mjcf/scene_prism3_tn0d0039p0d0085p0d0000_ip0d0189n0d0223p0d0000_mp0d0199p0d0232p0d0057.xml,prism_y0d0350,True,0.03,1.0,1.0,1.0,2.8859864444304217,0.0487407303651906,3.0,0.008773453466243588,0.015948076125083456,-0.003870887941646299,0.008510068425696645,2.147707110125921e-05,0.01885922406736481,-0.022279129763833748,0.0,0.01991354447765125,0.02322728882972728,0.005719401483067134,"[0.08598723046892474, 1.8326696538711715, -1.1338971639109656, 0.057380649876320404, 1.400496103041158, 1.0882700836001566, -0.16541369653729393, 1.7394400770306573, 1.161956443414544]"
prism3,290,/home/humanoid/Programs/hand/results/phase1/run_20260413_pollard_multiscene_500_cem/prism3/generated_mjcf/scene_prism3_tp0d0051p0d0082p0d0000_ip0d0193n0d0070p0d0000_mp0d0115p0d0182p0d0087.xml,prism_y0d0350,True,0.03,1.0,1.0,1.0,2.3699504867934187,0.04650985934807579,2.0,0.013591504353761169,0.20474387787807652,0.005055008645931079,0.008185205435119115,0.0,0.01934739605709703,-0.006966878221227218,0.0,0.011454308082746533,0.01816028704682608,0.00872756449685435,"[0.08598723046892474, 1.8326696538711715, -1.1338971639109656, 0.057380649876320404, 1.400496103041158, 1.0882700836001566, -0.16541369653729393, 1.7394400770306573, 1.161956443414544]"
prism3,291,/home/humanoid/Programs/hand/results/phase1/run_20260413_pollard_multiscene_500_cem/prism3/generated_mjcf/scene_prism3_tp0d0012p0d0285p0d0057_ip0d0219n0d0161p0d0004_mp0d0131p0d0037p0d0009.xml,prism_y0d0350,True,0.03,1.0,1.0,1.0,2.844315742258781,0.04805838696006115,3.0,0.0094737670035578,0.12520178224162495,0.0011675607980005179,0.028504627364427576,0.005683773219259367,0.021921120502234,-0.0161110624862868,0.0003764815038989691,0.013144409882243904,0.003657131779178981,0.0009398724230132525,"[0.08598723046892474, 1.8326696538711715, -1.1338971639109656, 0.057380649876320404, 1.400496103041158, 1.0882700836001566, -0.16541369653729393, 1.7394400770306573, 1.161956443414544]"
prism3,292,/home/humanoid/Programs/hand/results/phase1/run_20260413_pollard_multiscene_500_cem/prism3/generated_mjcf/scene_prism3_tn0d0007p0d0147p0d0028_ip0d0153n0d0082p0d0098_mp0d0092p0d0204p0d0000.xml,prism_y0d0350,True,0.03,1.0,1.0,1.0,2.467139149539097,0.04995376746160214,2.0,0.010986532110237332,0.3951309826433553,-0.0007184741400830547,0.01468910288390311,0.002774784877777955,0.015310920802742338,-0.008214660937163899,0.009752546374078058,0.009160696680455747,0.02038979583550536,0.0,"[0.08598723046892474, 1.8326696538711715, -1.1338971639109656, 0.057380649876320404, 1.400496103041158, 1.0882700836001566, -0.16541369653729393, 1.7394400770306573, 1.161956443414544]"
prism3,293,/home/humanoid/Programs/hand/results/phase1/run_20260413_pollard_multiscene_500_cem/prism3/generated_mjcf/scene_prism3_tp0d0037p0d0112p0d0071_ip0d0175n0d0210p0d0102_mp0d0097p0d0252p0d0088.xml,prism_y0d0350,True,0.03,1.0,1.0,1.0,2.9208878273500245,0.05039844083080365,3.0,0.008563940371007293,0.1728648065739286,0.0036691643059410285,0.011168031677914055,0.0071035064157143404,0.0174874152173558,-0.020957483863618308,0.010198679753684964,0.009739292327807252,0.02521756734457692,0.008761185573953705,"[0.08598723046892474, 1.8326696538711715, -1.1338971639109656, 0.057380649876320404, 1.400496103041158, 1.0882700836001566, -0.16541369653729393, 1.7394400770306573, 1.161956443414544]"
prism3,294,/home/humanoid/Programs/hand/results/phase1/run_20260413_pollard_multiscene_500_cem/prism3/generated_mjcf/scene_prism3_tn0d0035p0d0255p0d0092_ip0d0220n0d0182p0d0069_mp0d0073p0d0049p0d0000.xml,prism_y0d0350,True,0.03,1.0,1.0,1.0,2.8661606123842525,0.04861761329957401,3.0,0.009492263862090159,0.10980883584438461,-0.00351831237667977,0.025495617737661246,0.009156647508028078,0.021974611422218154,-0.01821873944673156,0.006935634176224802,0.007288732641296144,0.00493313314308352,0.0,"[0.08598723046892474, 1.8326696538711715, -1.1338971639109656, 0.057380649876320404, 1.400496103041158, 1.0882700836001566, -0.16541369653729393, 1.7394400770306573, 1.161956443414544]"
prism3,295,/home/humanoid/Programs/hand/results/phase1/run_20260413_pollard_multiscene_500_cem/prism3/generated_mjcf/scene_prism3_tn0d0082p0d0253p0d0011_ip0d0016n0d0098p0d0000_mp0d0117p0d0116p0d0062.xml,prism_y0d0350,True,0.03,1.0,1.0,1.0,2.929654968229933,0.049929592524355665,3.0,0.008828984689450592,0.0014853382907644133,-0.008178759147431179,0.025331847446003544,0.001087236685787342,0.0016476684369086982,-0.009787920706200234,0.0,0.011729520074112366,0.011553854061680871,0.006205224653234687,"[0.08598723046892474, 1.8326696538711715, -1.1338971639109656, 0.057380649876320404, 1.400496103041158, 1.0882700836001566, -0.16541369653729393, 1.7394400770306573, 1.161956443414544]"
prism3,296,/home/humanoid/Programs/hand/results/phase1/run_20260413_pollard_multiscene_500_cem/prism3/generated_mjcf/scene_prism3_tn0d0002p0d0278p0d0000_ip0d0077n0d0177p0d0046_mp0d0203p0d0050p0d0020.xml,prism_y0d0350,True,0.03,1.0,1.0,1.0,2.8856515872765094,0.049464973032108804,3.0,0.009223503452647996,0.1811697462800212,-0.00015416017301602032,0.027773560750257678,0.0,0.007718942933178331,-0.017747004977604473,0.004648640008873196,0.02026589269461712,0.0049933181981731065,0.0020139967953742392,"[0.08598723046892474, 1.8326696538711715, -1.1338971639109656, 0.057380649876320404, 1.400496103041158, 1.0882700836001566, -0.16541369653729393, 1.7394400770306573, 1.161956443414544]"
prism3,297,/home/humanoid/Programs/hand/results/phase1/run_20260413_pollard_multiscene_500_cem/prism3/generated_mjcf/scene_prism3_tp0d0008p0d0282p0d0000_ip0d0131n0d0171p0d0028_mp0d0177p0d0061p0d0041.xml,prism_y0d0350,True,0.03,1.0,1.0,1.0,2.4474606677705104,0.049571540844124046,2.0,0.009553714847329678,0.45623888052781153,0.000815779144444511,0.028211465826351836,0.0,0.013139347840734162,-0.01714673167083658,0.002803141927126355,0.0176961014806665,0.00614913157120987,0.0041202523988489136,"[0.08598723046892474, 1.8326696538711715, -1.1338971639109656, 0.057380649876320404, 1.400496103041158, 1.0882700836001566, -0.16541369653729393, 1.7394400770306573, 1.161956443414544]"
prism3,298,/home/humanoid/Programs/hand/results/phase1/run_20260413_pollard_multiscene_500_cem/prism3/generated_mjcf/scene_prism3_tn0d0092p0d0267p0d0005_ip0d0126n0d0147p0d0000_mp0d0023p0d0230p0d0000.xml,prism_y0d0350,True,0.03,1.0,1.0,1.0,2.923872255371141,0.05020662805253031,3.0,0.009250688237810176,0.09905566661199865,-0.009185210927350775,0.0267390675875718,0.0005237638250960661,0.012588960759808959,-0.014729614321042037,0.0,0.0022573238581196304,0.022973699460279016,0.0,"[0.08598723046892474, 1.8326696538711715, -1.1338971639109656, 0.057380649876320404, 1.400496103041158, 1.0882700836001566, -0.16541369653729393, 1.7394400770306573, 1.161956443414544]"
prism3,299,/home/humanoid/Programs/hand/results/phase1/run_20260413_pollard_multiscene_500_cem/prism3/generated_mjcf/scene_prism3_tp0d0025p0d0244p0d0000_ip0d0009n0d0205p0d0000_mp0d0095p0d0115p0d0000.xml,prism_y0d0350,True,0.03,1.0,1.0,1.0,2.9291228751868297,0.049903136308890816,3.0,0.008572508599520362,0.002279189502055635,0.0024576653184970546,0.02444624310989508,0.0,0.0008936360140304918,-0.02048514239956397,0.0,0.009460658705404006,0.011545983898964985,0.0,"[0.08598723046892474, 1.8326696538711715, -1.1338971639109656, 0.057380649876320404, 1.400496103041158, 1.0882700836001566, -0.16541369653729393, 1.7394400770306573, 1.161956443414544]"
prism3,300,/home/humanoid/Programs/hand/results/phase1/run_20260413_pollard_multiscene_500_cem/prism3/generated_mjcf/scene_prism3_tp0d0094p0d0142p0d0000_ip0d0056n0d0181p0d0000_mp0d0037p0d0114p0d0014.xml,prism_y0d0350,True,0.03,1.0,1.0,1.0,2.3237556224081914,0.049138945611005486,2.0,0.01000994693247966,1.1739172007469427,0.009431031573822978,0.014164555004429542,0.0,0.00556078548670369,-0.018113495420479627,0.0,0.0036790674553866948,0.011413671818710076,0.0013515823514384066,"[0.08598723046892474, 1.8326696538711715, -1.1338971639109656, 0.057380649876320404, 1.400496103041158, 1.0882700836001566, -0.16541369653729393, 1.7394400770306573, 1.161956443414544]"
prism3,301,/home/humanoid/Programs/hand/results/phase1/run_20260413_pollard_multiscene_500_cem/prism3/generated_mjcf/scene_prism3_tn0d0104p0d0096p0d0000_ip0d0086n0d0117p0d0000_mn0d0013p0d0246p0d0000.xml,prism_y0d0350,True,0.03,1.0,1.0,1.0,2.8930054130168443,0.05017961728820462,3.0,0.008757734337376921,0.305104822637092,-0.010382832062159196,0.009638444673624548,0.0,0.008577721457837703,-0.011651469081633956,0.0,-0.0013082337057049656,0.024552623259387223,0.0,"[0.08598723046892474, 1.8326696538711715, -1.1338971639109656, 0.057380649876320404, 1.400496103041158, 1.0882700836001566, -0.16541369653729393, 1.7394400770306573, 1.161956443414544]"
prism3,302,/home/humanoid/Programs/hand/results/phase1/run_20260413_pollard_multiscene_500_cem/prism3/generated_mjcf/scene_prism3_tp0d0000p0d0103p0d0000_ip0d0142n0d0186p0d0027_mp0d0106p0d0161p0d0096.xml,prism_y0d0350,True,0.03,1.0,1.0,1.0,2.9282003443759757,0.049886555983582104,3.0,0.008589494680058188,0.004334171261879146,1.52762690730536e-05,0.010318728597676494,0.0,0.014179465942471577,-0.018579129172113917,0.0026778249323777814,0.010603298595188203,0.01606071650706425,0.009598355773355983,"[0.08598723046892474, 1.8326696538711715, -1.1338971639109656, 0.057380649876320404, 1.400496103041158, 1.0882700836001566, -0.16541369653729393, 1.7394400770306573, 1.161956443414544]"
prism3,303,/home/humanoid/Programs/hand/results/phase1/run_20260413_pollard_multiscene_500_cem/prism3/generated_mjcf/scene_prism3_tn0d0006p0d0299p0d0024_ip0d0158n0d0130p0d0032_mp0d0196p0d0175p0d0047.xml,prism_y0d0350,True,0.03,1.0,1.0,1.0,2.9056660374946897,0.05023134231283488,3.0,0.009248504233392045,0.22622623325164878,-0.0006492769847098907,0.02993058211149897,0.0024320889008549503,0.015814892357657186,-0.012996192315159852,0.0032236038815142646,0.01957732412686703,0.017459229331558596,0.004744712311283861,"[0.08598723046892474, 1.8326696538711715, -1.1338971639109656, 0.057380649876320404, 1.400496103041158, 1.0882700836001566, -0.16541369653729393, 1.7394400770306573, 1.161956443414544]"
prism3,304,/home/humanoid/Programs/hand/results/phase1/run_20260413_pollard_multiscene_500_cem/prism3/generated_mjcf/scene_prism3_tn0d0073p0d0099p0d0109_ip0d0024n0d0168p0d0000_mp0d0176p0d0104p0d0000.xml,prism_y0d0350,True,0.03,1.0,1.0,1.0,2.9643291154705707,0.0509564737954985,3.0,0.008891831729909589,0.009092026080384735,-0.007345071008401084,0.009886281658711714,0.010869095264022344,0.0023958161156247305,-0.016778462015203797,0.0,0.017608854890141502,0.010419729150589387,0.0,"[0.08598723046892474, 1.8326696538711715, -1.1338971639109656, 0.057380649876320404, 1.400496103041158, 1.0882700836001566, -0.16541369653729393, 1.7394400770306573, 1.161956443414544]"
prism3,305,/home/humanoid/Programs/hand/results/phase1/run_20260413_pollard_multiscene_500_cem/prism3/generated_mjcf/scene_prism3_tn0d0017p0d0278p0d0000_ip0d0108n0d0074p0d0000_mp0d0189p0d0124p0d0050.xml,prism_y0d0350,True,0.03,1.0,1.0,1.0,2.9299725703124646,0.05049567682566619,3.0,0.009228855028097059,0.12612272353105602,-0.0017408261094735249,0.02780418736313567,0.0,0.010806585740967002,-0.007403030916256078,0.0,0.018940815263508597,0.012449759166334423,0.004967160545407856,"[0.08598723046892474, 1.8326696538711715, -1.1338971639109656, 0.057380649876320404, 1.400496103041158, 1.0882700836001566, -0.16541369653729393, 1.7394400770306573, 1.161956443414544]"
prism3,306,/home/humanoid/Programs/hand/results/phase1/run_20260413_pollard_multiscene_500_cem/prism3/generated_mjcf/scene_prism3_tn0d0079p0d0113p0d0032_ip0d0083n0d0113p0d0028_mp0d0048p0d0150p0d0082.xml,prism_y0d0350,True,0.03,1.0,1.0,1.0,2.9326277149812077,0.05158947474212306,3.0,0.00893372034443819,0.367576402028154,-0.007949520028345206,0.011271730882256381,0.0032166078755245537,0.008321369537602857,-0.011341325591897251,0.002798662953598284,0.004750780215009746,0.015028930993629836,0.008184510983442563,"[0.08598723046892474, 1.8326696538711715, -1.1338971639109656, 0.057380649876320404, 1.400496103041158, 1.0882700836001566, -0.16541369653729393, 1.7394400770306573, 1.161956443414544]"
prism3,307,/home/humanoid/Programs/hand/results/phase1/run_20260413_pollard_multiscene_500_cem/prism3/generated_mjcf/scene_prism3_tn0d0098p0d0217p0d0079_in0d0015n0d0071p0d0000_mp0d0060p0d0034p0d0000.xml,prism_y0d0350,True,0.03,1.0,1.0,1.0,2.367990750267618,0.04594338011266843,2.0,0.00959379070771379,0.13893314840233195,-0.009827285635849593,0.02170943168948314,0.007877523590710374,-0.0015025136139426767,-0.007128947369585482,0.0,0.005975776518227791,0.0033902886812089104,0.0,"[0.08598723046892474, 1.8326696538711715, -1.1338971639109656, 0.057380649876320404, 1.400496103041158, 1.0882700836001566, -0.16541369653729393, 1.7394400770306573, 1.161956443414544]"
prism3,308,/home/humanoid/Programs/hand/results/phase1/run_20260413_pollard_multiscene_500_cem/prism3/generated_mjcf/scene_prism3_tp0d0080p0d0099p0d0100_ip0d0083n0d0124p0d0000_mp0d0204p0d0081p0d0067.xml,prism_y0d0350,True,0.03,1.0,1.0,1.0,2.5285308546159233,0.050229472111556525,2.0,0.011280660458580031,0.04626232247596854,0.008045744352287637,0.009924409482811916,0.010004463148808145,0.008321769141601697,-0.012432880866341435,0.0,0.020448835772659782,0.008050915200431705,0.006698114743253256,"[0.08598723046892474, 1.8326696538711715, -1.1338971639109656, 0.057380649876320404, 1.400496103041158, 1.0882700836001566, -0.16541369653729393, 1.7394400770306573, 1.161956443414544]"
prism3,309,/home/humanoid/Programs/hand/results/phase1/run_20260413_pollard_multiscene_500_cem/prism3/generated_mjcf/scene_prism3_tp0d0006p0d0156p0d0043_ip0d0170n0d0032p0d0000_mn0d0016p0d0098p0d0000.xml,prism_y0d0350,True,0.03,1.0,1.0,1.0,2.434392564043593,0.04977416302220426,2.0,0.015661148668907002,0.5092056293049468,0.0006324874825023377,0.015565669750556,0.004280500788737374,0.01702967036535663,-0.003212690244973523,0.0,-0.0015568809700233412,0.009816366677282138,0.0,"[0.08598723046892474, 1.8326696538711715, -1.1338971639109656, 0.057380649876320404, 1.400496103041158, 1.0882700836001566, -0.16541369653729393, 1.7394400770306573, 1.161956443414544]"
prism3,310,/home/humanoid/Programs/hand/results/phase1/run_20260413_pollard_multiscene_500_cem/prism3/generated_mjcf/scene_prism3_tn0d0056p0d0125p0d0000_ip0d0155n0d0157p0d0021_mp0d0112p0d0229p0d0040.xml,prism_y0d0350,True,0.03,1.0,1.0,1.0,2.9783000198486036,0.05182002807808207,3.0,0.008901133729216209,0.11732463617224365,-0.005563163096960496,0.012532759528698492,0.0,0.015543933693043676,-0.01568055041769157,0.002085027202804091,0.011231695665054458,0.022883577377717644,0.003994476460303192,"[0.08598723046892474, 1.8326696538711715, -1.1338971639109656, 0.057380649876320404, 1.400496103041158, 1.0882700836001566, -0.16541369653729393, 1.7394400770306573, 1.161956443414544]"
prism3,311,/home/humanoid/Programs/hand/results/phase1/run_20260413_pollard_multiscene_500_cem/prism3/generated_mjcf/scene_prism3_tp0d0077p0d0213p0d0000_ip0d0067n0d0177p0d0000_mp0d0136p0d0232p0d0066.xml,prism_y0d0350,True,0.03,1.0,1.0,1.0,2.928983525152011,0.049889970402771086,3.0,0.008437430168047249,0.0019371907258834318,0.007722806132150154,0.0212672107537325,0.0,0.006708439125286188,-0.01768278883160991,0.0,0.013597774653776856,0.02318175674415248,0.006585795630331487,"[0.08598723046892474, 1.8326696538711715, -1.1338971639109656, 0.057380649876320404, 1.400496103041158, 1.0882700836001566, -0.16541369653729393, 1.7394400770306573, 1.161956443414544]"
prism3,312,/home/humanoid/Programs/hand/results/phase1/run_20260413_pollard_multiscene_500_cem/prism3/generated_mjcf/scene_prism3_tn0d0047p0d0189p0d0000_ip0d0068n0d0135p0d0117_mn0d0001p0d0131p0d0100.xml,prism_y0d0350,True,0.03,1.0,1.0,1.0,2.4008597291036113,0.04782644122602728,2.0,0.011061703257883042,0.33961538194385166,-0.004651619836714396,0.01889458981639476,0.0,0.006801718080759659,-0.013513747501689115,0.011741231741499061,-6.2609699756749e-05,0.013108661014776889,0.009980013606161506,"[0.08598723046892474, 1.8326696538711715, -1.1338971639109656, 0.057380649876320404, 1.400496103041158, 1.0882700836001566, -0.16541369653729393, 1.7394400770306573, 1.161956443414544]"
prism3,313,/home/humanoid/Programs/hand/results/phase1/run_20260413_pollard_multiscene_500_cem/prism3/generated_mjcf/scene_prism3_tp0d0019p0d0166p0d0062_ip0d0215n0d0063p0d0099_mp0d0115p0d0105p0d0000.xml,prism_y0d0350,True,0.03,1.0,1.0,1.0,2.1439585125737266,0.04150831209447282,2.0,0.013392835516193203,0.5469782646695701,0.00188150996737463,0.016611986811592466,0.006167499459807459,0.021545797553132913,-0.0062979771976450025,0.009870655241977857,0.011538791927578068,0.010523092295829746,0.0,"[0.08598723046892474, 1.8326696538711715, -1.1338971639109656, 0.057380649876320404, 1.400496103041158, 1.0882700836001566, -0.16541369653729393, 1.7394400770306573, 1.161956443414544]"
prism3,314,/home/humanoid/Programs/hand/results/phase1/run_20260413_pollard_multiscene_500_cem/prism3/generated_mjcf/scene_prism3_tp0d0106p0d0127p0d0071_ip0d0123n0d0145p0d0000_mn0d0016p0d0250p0d0015.xml,prism_y0d0350,True,0.03,1.0,1.0,1.0,2.8547735470346964,0.047947657671387305,3.0,0.008857342828513,0.037865238712223484,0.010622972902620723,0.012664110679653057,0.0070910251678643135,0.01225325458228169,-0.014536863541682501,0.0,-0.0016097669568859666,0.025039082473460206,0.001512354160861356,"[0.08598723046892474, 1.8326696538711715, -1.1338971639109656, 0.057380649876320404, 1.400496103041158, 1.0882700836001566, -0.16541369653729393, 1.7394400770306573, 1.161956443414544]"
prism3,315,/home/humanoid/Programs/hand/results/phase1/run_20260413_pollard_multiscene_500_cem/prism3/generated_mjcf/scene_prism3_tp0d0064p0d0238p0d0094_ip0d0005n0d0077p0d0049_mp0d0093p0d0079p0d0000.xml,prism_y0d0350,True,0.03,1.0,1.0,1.0,0.9827940889088471,0.05212621285324187,3.0,0.008922813130512028,13.491851564623962,0.0064418262025862545,0.02382512857639519,0.00940930945286447,0.00048046698538742154,-0.007686655858078829,0.0048819928150873465,0.009300887477728203,0.007930482920113783,0.0,"[0.08598723046892474, 1.8326696538711715, -1.1338971639109656, 0.057380649876320404, 1.400496103041158, 1.0882700836001566, -0.16541369653729393, 1.7394400770306573, 1.161956443414544]"
prism3,316,/home/humanoid/Programs/hand/results/phase1/run_20260413_pollard_multiscene_500_cem/prism3/generated_mjcf/scene_prism3_tn0d0115p0d0253p0d0117_ip0d0184n0d0124p0d0051_mp0d0057p0d0116p0d0000.xml,prism_y0d0350,True,0.03,1.0,1.0,1.0,2.284583382385084,0.04316029031343961,2.0,0.009893233037915665,0.04160208339647212,-0.01153915658107725,0.02525757396028391,0.011696646168133377,0.01838982063075531,-0.012416862666044394,0.0051363310784403,0.005702156030744071,0.011579754501194703,0.0,"[0.08598723046892474, 1.8326696538711715, -1.1338971639109656, 0.057380649876320404, 1.400496103041158, 1.0882700836001566, -0.16541369653729393, 1.7394400770306573, 1.161956443414544]"
prism3,317,/home/humanoid/Programs/hand/results/phase1/run_20260413_pollard_multiscene_500_cem/prism3/generated_mjcf/scene_prism3_tp0d0067p0d0165p0d0025_ip0d0171n0d0020p0d0048_mp0d0109p0d0229p0d0000.xml,prism_y0d0350,True,0.03,1.0,1.0,1.0,2.421156177880938,0.04855037075878035,2.0,0.013283008596229684,0.34360520989276877,0.00669673489646572,0.016497317630039653,0.002456004933970593,0.017054913832154163,-0.00197590730264491,0.004771513838172623,0.01091378149096391,0.022875321539631142,0.0,"[0.08598723046892474, 1.8326696538711715, -1.1338971639109656, 0.057380649876320404, 1.400496103041158, 1.0882700836001566, -0.16541369653729393, 1.7394400770306573, 1.161956443414544]"
prism3,318,/home/humanoid/Programs/hand/results/phase1/run_20260413_pollard_multiscene_500_cem/prism3/generated_mjcf/scene_prism3_tn0d0008p0d0285p0d0000_ip0d0181n0d0055p0d0113_mp0d0049p0d0175p0d0094.xml,prism_y0d0350,True,0.03,1.0,1.0,1.0,2.465939756597567,0.04888795853563595,2.0,0.0124473024813887,0.1349612479127593,-0.0007991071536155043,0.028521730512058856,0.0,0.018104248858999188,-0.0055495038070125634,0.011304519771684587,0.004939634569660372,0.01750550322546427,0.00944290843747896,"[0.08598723046892474, 1.8326696538711715, -1.1338971639109656, 0.057380649876320404, 1.400496103041158, 1.0882700836001566, -0.16541369653729393, 1.7394400770306573, 1.161956443414544]"
prism3,319,/home/humanoid/Programs/hand/results/phase1/run_20260413_pollard_multiscene_500_cem/prism3/generated_mjcf/scene_prism3_tn0d0114p0d0278p0d0076_ip0d0136n0d0104p0d0110_mp0d0075p0d0127p0d0000.xml,prism_y0d0350,True,0.03,1.0,1.0,1.0,2.9350328580868204,0.05032128092118128,3.0,0.009492956174688824,0.04817374536764615,-0.011445896831030486,0.027757158118331206,0.007576657359126732,0.013615579827387526,-0.010422462196609672,0.010966467574557982,0.007487582063668523,0.012685536033825195,0.0,"[0.08598723046892474, 1.8326696538711715, -1.1338971639109656, 0.057380649876320404, 1.400496103041158, 1.0882700836001566, -0.16541369653729393, 1.7394400770306573, 1.161956443414544]"
prism3,320,/home/humanoid/Programs/hand/results/phase1/run_20260413_pollard_multiscene_500_cem/prism3/generated_mjcf/scene_prism3_tp0d0001p0d0249p0d0000_ip0d0084n0d0198p0d0012_mp0d0031p0d0182p0d0115.xml,prism_y0d0350,True,0.03,1.0,1.0,1.0,2.930022223827132,0.04993676148034171,3.0,0.00867422825878298,0.002773143115079392,8.954728212805067e-05,0.024914219423403595,0.0,0.008395253473563848,-0.019782085431134792,0.001188773655904564,0.003118490355633805,0.01823278586840313,0.011516234631798659,"[0.08598723046892474, 1.8326696538711715, -1.1338971639109656, 0.057380649876320404, 1.400496103041158, 1.0882700836001566, -0.16541369653729393, 1.7394400770306573, 1.161956443414544]"
prism3,321,/home/humanoid/Programs/hand/results/phase1/run_20260413_pollard_multiscene_500_cem/prism3/generated_mjcf/scene_prism3_tn0d0013p0d0117p0d0118_ip0d0074n0d0123p0d0090_mp0d0150p0d0145p0d0087.xml,prism_y0d0350,True,0.03,1.0,1.0,1.0,2.9234329699482333,0.04976554263182029,3.0,0.008800435888458724,0.00506766925706292,-0.001308658303988297,0.011653899807619073,0.011821212937761724,0.007362602192389317,-0.012304450227773395,0.008964639002801485,0.015002142222784778,0.014468169728742031,0.008710735090992145,"[0.08598723046892474, 1.8326696538711715, -1.1338971639109656, 0.057380649876320404, 1.400496103041158, 1.0882700836001566, -0.16541369653729393, 1.7394400770306573, 1.161956443414544]"
prism3,322,/home/humanoid/Programs/hand/results/phase1/run_20260413_pollard_multiscene_500_cem/prism3/generated_mjcf/scene_prism3_tn0d0060p0d0124p0d0036_ip0d0072n0d0115p0d0060_mp0d0093p0d0259p0d0000.xml,prism_y0d0350,True,0.03,1.0,1.0,1.0,2.9590856589798915,0.0511232693222324,3.0,0.008785352853275369,0.08438707727794462,-0.006037883019561673,0.012360607789034299,0.003646154238670103,0.007169802234934061,-0.011463664595349612,0.0060301678899676615,0.009329889980337522,0.025854569144246775,0.0,"[0.08598723046892474, 1.8326696538711715, -1.1338971639109656, 0.057380649876320404, 1.400496103041158, 1.0882700836001566, -0.16541369653729393, 1.7394400770306573, 1.161956443414544]"
prism3,323,/home/humanoid/Programs/hand/results/phase1/run_20260413_pollard_multiscene_500_cem/prism3/generated_mjcf/scene_prism3_tp0d0081p0d0269p0d0000_ip0d0112n0d0055p0d0000_mp0d0096p0d0212p0d0087.xml,prism_y0d0350,True,0.03,1.0,1.0,1.0,2.4611260863804643,0.048725922874757424,2.0,0.010911412854028267,0.14972259018659537,0.00813622723758739,0.02693502410071081,0.0,0.01122972183519072,-0.005485220463176647,0.0,0.009644899104903461,0.021191839480777783,0.008677349853667724,"[0.08598723046892474, 1.8326696538711715, -1.1338971639109656, 0.057380649876320404, 1.400496103041158, 1.0882700836001566, -0.16541369653729393, 1.7394400770306573, 1.161956443414544]"
prism3,324,/home/humanoid/Programs/hand/results/phase1/run_20260413_pollard_multiscene_500_cem/prism3/generated_mjcf/scene_prism3_tn0d0026p0d0281p0d0075_ip0d0008n0d0082p0d0078_mp0d0181p0d0133p0d0000.xml,prism_y0d0350,True,0.03,1.0,1.0,1.0,2.928837228750782,0.049916649220812404,3.0,0.008877021805898477,0.003276335772368873,-0.0025535037194383426,0.028090796303613122,0.007496013422198744,0.0008469494520518955,-0.008247890943094081,0.007770600095958501,0.018089058927950784,0.013335725450952287,0.0,"[0.08598723046892474, 1.8326696538711715, -1.1338971639109656, 0.057380649876320404, 1.400496103041158, 1.0882700836001566, -0.16541369653729393, 1.7394400770306573, 1.161956443414544]"
prism3,325,/home/humanoid/Programs/hand/results/phase1/run_20260413_pollard_multiscene_500_cem/prism3/generated_mjcf/scene_prism3_tn0d0079p0d0285p0d0000_ip0d0173n0d0097p0d0000_mp0d0081p0d0227p0d0089.xml,prism_y0d0350,True,0.03,1.0,1.0,1.0,2.502220730789205,0.049396204518650774,2.0,0.009556724173486584,0.05021986011065821,-0.007900998183171592,0.028461975548615688,0.0,0.0173396267945565,-0.009702377578495812,0.0,0.008072663714616258,0.022662028751065037,0.00888291847390046,"[0.08598723046892474, 1.8326696538711715, -1.1338971639109656, 0.057380649876320404, 1.400496103041158, 1.0882700836001566, -0.16541369653729393, 1.7394400770306573, 1.161956443414544]"
prism3,326,/home/humanoid/Programs/hand/results/phase1/run_20260413_pollard_multiscene_500_cem/prism3/generated_mjcf/scene_prism3_tn0d0035p0d0267p0d0000_ip0d0107n0d0210p0d0111_mp0d0148p0d0118p0d0111.xml,prism_y0d0350,True,0.03,1.0,1.0,1.0,2.9561483970194105,0.05069421603479282,3.0,0.008984794906361554,0.0011971625707670342,-0.003533623127589605,0.026731347887872518,0.0,0.010690380991547288,-0.020978203527313694,0.011098976169596233,0.014760888567753044,0.011807899356923335,0.011073309227867714,"[0.08598723046892474, 1.8326696538711715, -1.1338971639109656, 0.057380649876320404, 1.400496103041158, 1.0882700836001566, -0.16541369653729393, 1.7394400770306573, 1.161956443414544]"
prism3,327,/home/humanoid/Programs/hand/results/phase1/run_20260413_pollard_multiscene_500_cem/prism3/generated_mjcf/scene_prism3_tn0d0096p0d0188p0d0000_ip0d0218n0d0222p0d0007_mp0d0033p0d0200p0d0000.xml,prism_y0d0350,True,0.03,1.0,1.0,1.0,2.9170986148083196,0.04988318769280978,3.0,0.009202598298458953,0.06938505228736752,-0.009595366623260122,0.01878011746178313,0.0,0.021818345211544216,-0.022176840567284622,0.0006623215727734454,0.003348031358619709,0.0199913049273912,0.0,"[0.08598723046892474, 1.8326696538711715, -1.1338971639109656, 0.057380649876320404, 1.400496103041158, 1.0882700836001566, -0.16541369653729393, 1.7394400770306573, 1.161956443414544]"
prism3,328,/home/humanoid/Programs/hand/results/phase1/run_20260413_pollard_multiscene_500_cem/prism3/generated_mjcf/scene_prism3_tp0d0085p0d0252p0d0063_ip0d0056n0d0205p0d0000_mn0d0011p0d0091p0d0027.xml,prism_y0d0350,True,0.03,1.0,1.0,1.0,2.8283684574793977,0.04929569875729737,3.0,0.008571387905540162,0.532254821432869,0.008470483460705676,0.025186874191919954,0.00627082810878353,0.005553166882678232,-0.02054841864137812,0.0,-0.001101369602705099,0.009143494418454811,0.0027429297867117373,"[0.08598723046892474, 1.8326696538711715, -1.1338971639109656, 0.057380649876320404, 1.400496103041158, 1.0882700836001566, -0.16541369653729393, 1.7394400770306573, 1.161956443414544]"
prism3,329,/home/humanoid/Programs/hand/results/phase1/run_20260413_pollard_multiscene_500_cem/prism3/generated_mjcf/scene_prism3_tn0d0072p0d0089p0d0015_ip0d0167n0d0198p0d0102_mp0d0062p0d0160p0d0032.xml,prism_y0d0350,True,0.03,1.0,1.0,1.0,2.905128797757778,0.049666807988780225,3.0,0.00886290794547497,0.10322443972386633,-0.0071564242006762905,0.00892790557378054,0.001520985217539749,0.016732199478996186,-0.019760480751055125,0.010155262375305212,0.0062015232466851675,0.01602870792153597,0.003191581378922779,"[0.08598723046892474, 1.8326696538711715, -1.1338971639109656, 0.057380649876320404, 1.400496103041158, 1.0882700836001566, -0.16541369653729393, 1.7394400770306573, 1.161956443414544]"
prism3,330,/home/humanoid/Programs/hand/results/phase1/run_20260413_pollard_multiscene_500_cem/prism3/generated_mjcf/scene_prism3_tp0d0012p0d0220p0d0000_ip0d0100n0d0063p0d0000_mp0d0203p0d0048p0d0067.xml,prism_y0d0350,True,0.03,1.0,1.0,1.0,0.7424854746478817,0.05514727382348679,2.0,0.012941688788738429,13.078571543977858,0.0011619052935394787,0.02198154952224422,0.0,0.010006750836922313,-0.00630390758965616,0.0,0.020289449585461555,0.00482267330029755,0.0067198073775174595,"[0.08598723046892474, 1.8326696538711715, -1.1338971639109656, 0.057380649876320404, 1.400496103041158, 1.0882700836001566, -0.16541369653729393, 1.7394400770306573, 1.161956443414544]"
prism3,331,/home/humanoid/Programs/hand/results/phase1/run_20260413_pollard_multiscene_500_cem/prism3/generated_mjcf/scene_prism3_tn0d0027p0d0150p0d0084_ip0d0177n0d0097p0d0000_mp0d0170p0d0069p0d0000.xml,prism_y0d0350,True,0.03,1.0,1.0,1.0,2.910933238739054,0.049723835539395675,3.0,0.00923470402272409,0.07287731396231398,-0.002713056137300246,0.015047473530995125,0.008388906810753879,0.017701611177966994,-0.009731410258570987,0.0,0.016950502084496825,0.006916460763485068,0.0,"[0.08598723046892474, 1.8326696538711715, -1.1338971639109656, 0.057380649876320404, 1.400496103041158, 1.0882700836001566, -0.16541369653729393, 1.7394400770306573, 1.161956443414544]"
prism3,332,/home/humanoid/Programs/hand/results/phase1/run_20260413_pollard_multiscene_500_cem/prism3/generated_mjcf/scene_prism3_tn0d0019p0d0118p0d0000_ip0d0068n0d0209p0d0000_mp0d0212p0d0050p0d0000.xml,prism_y0d0350,True,0.03,1.0,1.0,1.0,2.881523928666283,0.04864644985069383,3.0,0.009233257175770863,0.01756867837639784,-0.001889452119322092,0.01181647096069391,0.0,0.006823353134024076,-0.02085869245877052,0.0,0.02117244026049945,0.004950164100262918,0.0,"[0.08598723046892474, 1.8326696538711715, -1.1338971639109656, 0.057380649876320404, 1.400496103041158, 1.0882700836001566, -0.16541369653729393, 1.7394400770306573, 1.161956443414544]"
prism3,333,/home/humanoid/Programs/hand/results/phase1/run_20260413_pollard_multiscene_500_cem/prism3/generated_mjcf/scene_prism3_tp0d0112p0d0300p0d0000_ip0d0005n0d0097p0d0000_mp0d0208p0d0064p0d0067.xml,prism_y0d0350,True,0.03,1.0,1.0,1.0,1.178330769833409,0.040734677305621816,2.0,0.016021399057771616,6.768934251652074,0.011202755167296092,0.03,0.0,0.0004669455567414202,-0.009692153771668413,0.0,0.020849368803635138,0.006380048934200433,0.00667720340698667,"[0.08598723046892474, 1.8326696538711715, -1.1338971639109656, 0.057380649876320404, 1.400496103041158, 1.0882700836001566, -0.16541369653729393, 1.7394400770306573, 1.161956443414544]"
prism3,334,/home/humanoid/Programs/hand/results/phase1/run_20260413_pollard_multiscene_500_cem/prism3/generated_mjcf/scene_prism3_tn0d0114p0d0130p0d0000_ip0d0019n0d0052p0d0000_mp0d0091p0d0064p0d0066.xml,prism_y0d0350,True,0.03,1.0,1.0,1.0,0.965929859348519,0.05038973214198254,3.0,0.009100061166599619,13.196737621917807,-0.01140397248650568,0.012983670777011624,0.0,0.0019462550481140154,-0.005220710672423688,0.0,0.009057911829031907,0.006404210442186477,0.006624372677912969,"[0.08598723046892474, 1.8326696538711715, -1.1338971639109656, 0.057380649876320404, 1.400496103041158, 1.0882700836001566, -0.16541369653729393, 1.7394400770306573, 1.161956443414544]"
prism3,335,/home/humanoid/Programs/hand/results/phase1/run_20260413_pollard_multiscene_500_cem/prism3/generated_mjcf/scene_prism3_tp0d0041p0d0092p0d0000_ip0d0130n0d0142p0d0000_mp0d0131p0d0245p0d0000.xml,prism_y0d0350,True,0.03,1.0,1.0,1.0,2.931082500594616,0.049954698742024045,3.0,0.008351708157844874,0.004190260403574641,0.004110510184092569,0.009176057139934891,0.0,0.012993713209620113,-0.014159849786857314,0.0,0.013111717987378804,0.02452268766556777,0.0,"[0.08598723046892474, 1.8326696538711715, -1.1338971639109656, 0.057380649876320404, 1.400496103041158, 1.0882700836001566, -0.16541369653729393, 1.7394400770306573, 1.161956443414544]"
prism3,336,/home/humanoid/Programs/hand/results/phase1/run_20260413_pollard_multiscene_500_cem/prism3/generated_mjcf/scene_prism3_tn0d0066p0d0208p0d0023_ip0d0030n0d0067p0d0010_mp0d0138p0d0142p0d0000.xml,prism_y0d0350,True,0.03,1.0,1.0,1.0,2.9857293731685988,0.052337849349416585,3.0,0.009127681760468305,0.1855999369336354,-0.006642095641111072,0.02081411063117996,0.002308337593864543,0.0030298237844472537,-0.0067284737315375116,0.0010158043909346739,0.013761813687847584,0.014173649887952638,0.0,"[0.08598723046892474, 1.8326696538711715, -1.1338971639109656, 0.057380649876320404, 1.400496103041158, 1.0882700836001566, -0.16541369653729393, 1.7394400770306573, 1.161956443414544]"
prism3,337,/home/humanoid/Programs/hand/results/phase1/run_20260413_pollard_multiscene_500_cem/prism3/generated_mjcf/scene_prism3_tn0d0070p0d0294p0d0000_ip0d0040n0d0156p0d0114_mp0d0112p0d0068p0d0081.xml,prism_y0d0350,True,0.03,1.0,1.0,1.0,2.4824046497138568,0.04914804315890675,2.0,0.010167859084551319,0.11627428452517914,-0.006956747186821582,0.029398900065403025,0.0,0.003984885547102787,-0.015574913925978328,0.01135327078186936,0.0112451678372824,0.00680799543957882,0.00814876798180321,"[0.08598723046892474, 1.8326696538711715, -1.1338971639109656, 0.057380649876320404, 1.400496103041158, 1.0882700836001566, -0.16541369653729393, 1.7394400770306573, 1.161956443414544]"
prism3,338,/home/humanoid/Programs/hand/results/phase1/run_20260413_pollard_multiscene_500_cem/prism3/generated_mjcf/scene_prism3_tn0d0050p0d0085p0d0056_ip0d0211n0d0028p0d0000_mp0d0091p0d0079p0d0000.xml,prism_y0d0350,True,0.03,1.0,1.0,1.0,2.0752923973133983,0.03782600843037717,2.0,0.01564635972999326,0.11550118859877465,-0.005031818470075887,0.008502763393004273,0.00557479513561333,0.02107996123916827,-0.002824361587778884,0.0,0.009085392487968063,0.007881064450959579,0.0,"[0.08598723046892474, 1.8326696538711715, -1.1338971639109656, 0.057380649876320404, 1.400496103041158, 1.0882700836001566, -0.16541369653729393, 1.7394400770306573, 1.161956443414544]"
prism3,339,/home/humanoid/Programs/hand/results/phase1/run_20260413_pollard_multiscene_500_cem/prism3/generated_mjcf/scene_prism3_tn0d0075p0d0268p0d0000_ip0d0212n0d0117p0d0017_mp0d0169p0d0196p0d0087.xml,prism_y0d0350,True,0.03,1.0,1.0,1.0,2.887998946729253,0.048877266192285676,3.0,0.009370859863294943,0.026424335161040983,-0.007505012447623186,0.026817010391516204,0.0,0.021180726780211788,-0.011701865470623995,0.0017297003294388935,0.01690814857663346,0.019635980232701793,0.008694664916698357,"[0.08598723046892474, 1.8326696538711715, -1.1338971639109656, 0.057380649876320404, 1.400496103041158, 1.0882700836001566, -0.16541369653729393, 1.7394400770306573, 1.161956443414544]"
prism3,340,/home/humanoid/Programs/hand/results/phase1/run_20260413_pollard_multiscene_500_cem/prism3/generated_mjcf/scene_prism3_tn0d0089p0d0199p0d0011_ip0d0006n0d0067p0d0000_mp0d0129p0d0240p0d0050.xml,prism_y0d0350,True,0.03,1.0,1.0,1.0,2.989112661389408,0.05319975065487596,3.0,0.008803406131736876,0.36847866178518046,-0.008943930668215156,0.019893443515087306,0.0011394523105425092,0.0006194110623995754,-0.0067171175287213895,0.0,0.0128836743692138,0.024020869251295048,0.005002433427568752,"[0.08598723046892474, 1.8326696538711715, -1.1338971639109656, 0.057380649876320404, 1.400496103041158, 1.0882700836001566, -0.16541369653729393, 1.7394400770306573, 1.161956443414544]"
prism3,341,/home/humanoid/Programs/hand/results/phase1/run_20260413_pollard_multiscene_500_cem/prism3/generated_mjcf/scene_prism3_tp0d0065p0d0150p0d0000_ip0d0202n0d0150p0d0000_mp0d0011p0d0194p0d0000.xml,prism_y0d0350,True,0.03,1.0,1.0,1.0,2.462380760507388,0.04813460800276334,2.0,0.011141962535240172,0.0003106301256561063,0.006507212909486602,0.015027581047463462,0.0,0.020156862280520417,-0.01496351955724431,0.0,0.0011219360405519772,0.01935862038652124,0.0,"[0.08598723046892474, 1.8326696538711715, -1.1338971639109656, 0.057380649876320404, 1.400496103041158, 1.0882700836001566, -0.16541369653729393, 1.7394400770306573, 1.161956443414544]"
prism3,342,/home/humanoid/Programs/hand/results/phase1/run_20260413_pollard_multiscene_500_cem/prism3/generated_mjcf/scene_prism3_tn0d0081p0d0289p0d0000_ip0d0121n0d0179p0d0000_mp0d0200p0d0219p0d0064.xml,prism_y0d0350,True,0.03,1.0,1.0,1.0,2.9263157018631243,0.04986361462029279,3.0,0.00901605775610629,0.005857962232740707,-0.008051427805028825,0.02886692052460529,0.0,0.012141767184511945,-0.01791190965341013,0.0,0.020017298166074934,0.021877670546203383,0.006426175172369965,"[0.08598723046892474, 1.8326696538711715, -1.1338971639109656, 0.057380649876320404, 1.400496103041158, 1.0882700836001566, -0.16541369653729393, 1.7394400770306573, 1.161956443414544]"
prism3,343,/home/humanoid/Programs/hand/results/phase1/run_20260413_pollard_multiscene_500_cem/prism3/generated_mjcf/scene_prism3_tn0d0098p0d0106p0d0065_ip0d0095n0d0040p0d0000_mp0d0131p0d0097p0d0000.xml,prism_y0d0350,True,0.03,1.0,1.0,1.0,1.4911072296778114,0.03214822562733752,2.0,0.010322822584018966,2.756233480739759,-0.009778413672119911,0.010568644417599148,0.0065004416383117325,0.00948534701199422,-0.003980168261011845,0.0,0.013100657311756773,0.00972194969587966,0.0,"[0.08598723046892474, 1.8326696538711715, -1.1338971639109656, 0.057380649876320404, 1.400496103041158, 1.0882700836001566, -0.16541369653729393, 1.7394400770306573, 1.161956443414544]"
prism3,344,/home/humanoid/Programs/hand/results/phase1/run_20260413_pollard_multiscene_500_cem/prism3/generated_mjcf/scene_prism3_tn0d0000p0d0122p0d0000_ip0d0065n0d0185p0d0062_mp0d0126p0d0137p0d0018.xml,prism_y0d0350,True,0.03,1.0,1.0,1.0,2.9312652740625738,0.04997347287542466,3.0,0.008567032269033879,0.004481413594811884,-4.1296306355530915e-05,0.012194623068909824,0.0,0.006539719483005546,-0.01852327542668413,0.0062211469891701315,0.012556622190267035,0.013698973120376162,0.0017805247967015853,"[0.08598723046892474, 1.8326696538711715, -1.1338971639109656, 0.057380649876320404, 1.400496103041158, 1.0882700836001566, -0.16541369653729393, 1.7394400770306573, 1.161956443414544]"
prism3,345,/home/humanoid/Programs/hand/results/phase1/run_20260413_pollard_multiscene_500_cem/prism3/generated_mjcf/scene_prism3_tn0d0013p0d0160p0d0000_ip0d0148n0d0240p0d0000_mp0d0116p0d0102p0d0000.xml,prism_y0d0350,True,0.03,1.0,1.0,1.0,2.929246408648838,0.04992234700493804,3.0,0.008735196680293102,0.003768954422716963,-0.0012615306168578533,0.015970756130802254,0.0,0.014786075546288061,-0.023980082850206946,0.0,0.01161430962842994,0.010241296432524284,0.0,"[0.08598723046892474, 1.8326696538711715, -1.1338971639109656, 0.057380649876320404, 1.400496103041158, 1.0882700836001566, -0.16541369653729393, 1.7394400770306573, 1.161956443414544]"
prism3,346,/home/humanoid/Programs/hand/results/phase1/run_20260413_pollard_multiscene_500_cem/prism3/generated_mjcf/scene_prism3_tp0d0064p0d0300p0d0008_in0d0019n0d0099p0d0061_mp0d0024p0d0091p0d0000.xml,prism_y0d0350,True,0.03,1.0,1.0,1.0,0.7181866680890092,0.048705367723270776,2.0,0.009890765982254324,11.778131135073062,0.006448681972681412,0.03,0.0007681309943295394,-0.0019379944738693762,-0.00986630559882477,0.006140728887849618,0.0023524430594721963,0.009130049264678454,0.0,"[0.08598723046892474, 1.8326696538711715, -1.1338971639109656, 0.057380649876320404, 1.400496103041158, 1.0882700836001566, -0.16541369653729393, 1.7394400770306573, 1.161956443414544]"
prism3,347,/home/humanoid/Programs/hand/results/phase1/run_20260413_pollard_multiscene_500_cem/prism3/generated_mjcf/scene_prism3_tp0d0068p0d0300p0d0073_ip0d0072n0d0056p0d0011_mp0d0078p0d0143p0d0000.xml,prism_y0d0350,True,0.03,1.0,1.0,1.0,2.3115070075255635,0.04636342731961882,2.0,0.010856096109585607,0.5966717096128251,0.0068204408858062796,0.03,0.007260725067047551,0.007212293445335222,-0.005553531717368195,0.0010993236469706603,0.007833087650129099,0.014253336241066424,0.0,"[0.08598723046892474, 1.8326696538711715, -1.1338971639109656, 0.057380649876320404, 1.400496103041158, 1.0882700836001566, -0.16541369653729393, 1.7394400770306573, 1.161956443414544]"
prism3,348,/home/humanoid/Programs/hand/results/phase1/run_20260413_pollard_multiscene_500_cem/prism3/generated_mjcf/scene_prism3_tp0d0113p0d0278p0d0000_ip0d0135n0d0218p0d0000_mp0d0015p0d0170p0d0000.xml,prism_y0d0350,True,0.03,1.0,1.0,1.0,2.933472041091213,0.050020637871862346,3.0,0.00851835040723108,0.0014238907300455563,0.011322535224134667,0.027764327805852942,0.0,0.013477941205283455,-0.021774686806814398,0.0,0.0015174161105352604,0.01698721858932449,0.0,"[0.08598723046892474, 1.8326696538711715, -1.1338971639109656, 0.057380649876320404, 1.400496103041158, 1.0882700836001566, -0.16541369653729393, 1.7394400770306573, 1.161956443414544]"
prism3,349,/home/humanoid/Programs/hand/results/phase1/run_20260413_pollard_multiscene_500_cem/prism3/generated_mjcf/scene_prism3_tp0d0081p0d0226p0d0085_ip0d0211n0d0216p0d0000_mp0d0076p0d0121p0d0000.xml,prism_y0d0350,True,0.03,1.0,1.0,1.0,2.8480466407823664,0.048296129490272705,3.0,0.00922266150937487,0.15915045572285735,0.008073792792765176,0.022586335006661292,0.008547471202648944,0.021117014049145004,-0.021585046307989013,0.0,0.007602631380494447,0.012080451574431939,0.0,"[0.08598723046892474, 1.8326696538711715, -1.1338971639109656, 0.057380649876320404, 1.400496103041158, 1.0882700836001566, -0.16541369653729393, 1.7394400770306573, 1.161956443414544]"
prism3,350,/home/humanoid/Programs/hand/results/phase1/run_20260413_pollard_multiscene_500_cem/prism3/generated_mjcf/scene_prism3_tp0d0050p0d0123p0d0049_ip0d0073n0d0116p0d0038_mp0d0136p0d0091p0d0000.xml,prism_y0d0350,True,0.03,1.0,1.0,1.0,2.893605909463662,0.0505037187643529,3.0,0.00786205510738734,0.38866758049276606,0.004973546412611628,0.012294721280264032,0.004905264142987729,0.007331516406347443,-0.011583437920894857,0.003754449056024657,0.013559791274911331,0.009078488971220607,0.0,"[0.08598723046892474, 1.8326696538711715, -1.1338971639109656, 0.057380649876320404, 1.400496103041158, 1.0882700836001566, -0.16541369653729393, 1.7394400770306573, 1.161956443414544]"
prism3,351,/home/humanoid/Programs/hand/results/phase1/run_20260413_pollard_multiscene_500_cem/prism3/generated_mjcf/scene_prism3_tn0d0039p0d0300p0d0031_ip0d0059n0d0183p0d0000_mn0d0001p0d0228p0d0000.xml,prism_y0d0350,True,0.03,1.0,1.0,1.0,2.8694937814734143,0.048765317519387466,3.0,0.00924712454657277,0.1253205507466814,-0.0039166529420677654,0.03,0.0030983018076305748,0.005948787222563647,-0.01830520319058511,0.0,-8.798364502618158e-05,0.022791051162759063,0.0,"[0.08598723046892474, 1.8326696538711715, -1.1338971639109656, 0.057380649876320404, 1.400496103041158, 1.0882700836001566, -0.16541369653729393, 1.7394400770306573, 1.161956443414544]"
prism3,352,/home/humanoid/Programs/hand/results/phase1/run_20260413_pollard_multiscene_500_cem/prism3/generated_mjcf/scene_prism3_tp0d0034p0d0300p0d0000_ip0d0204n0d0197p0d0092_mp0d0155p0d0230p0d0000.xml,prism_y0d0350,True,0.03,1.0,1.0,1.0,2.9137693381982017,0.04966516587836374,3.0,0.009216743004228483,0.04051987690714778,0.003412975582055045,0.03,0.0,0.02042065736538831,-0.019749759999292973,0.009245880066049521,0.015487406880309437,0.023006546913343175,0.0,"[0.08598723046892474, 1.8326696538711715, -1.1338971639109656, 0.057380649876320404, 1.400496103041158, 1.0882700836001566, -0.16541369653729393, 1.7394400770306573, 1.161956443414544]"
prism3,353,/home/humanoid/Programs/hand/results/phase1/run_20260413_pollard_multiscene_500_cem/prism3/generated_mjcf/scene_prism3_tn0d0050p0d0222p0d0028_ip0d0186n0d0214p0d0000_mp0d0034p0d0119p0d0000.xml,prism_y0d0350,True,0.03,1.0,1.0,1.0,2.883459519877977,0.0490381068048483,3.0,0.009274219690818776,0.09550519273383935,-0.005047223917157493,0.022200789717896637,0.0028366476511519825,0.018635731232781283,-0.021376923278164504,0.0,0.003401259195152824,0.011868629062635739,0.0,"[0.08598723046892474, 1.8326696538711715, -1.1338971639109656, 0.057380649876320404, 1.400496103041158, 1.0882700836001566, -0.16541369653729393, 1.7394400770306573, 1.161956443414544]"
prism3,354,/home/humanoid/Programs/hand/results/phase1/run_20260413_pollard_multiscene_500_cem/prism3/generated_mjcf/scene_prism3_tn0d0091p0d0153p0d0119_ip0d0146n0d0101p0d0072_mp0d0135p0d0144p0d0004.xml,prism_y0d0350,True,0.03,1.0,1.0,1.0,2.9448700005286987,0.05056482015625555,3.0,0.009275334347663885,0.04232024163278534,-0.009122841531660764,0.015328829962151869,0.011877526740116384,0.014612756735501714,-0.010136883345936687,0.00720381312614379,0.013454718008685671,0.014437668626407232,0.0003923962344445347,"[0.08598723046892474, 1.8326696538711715, -1.1338971639109656, 0.057380649876320404, 1.400496103041158, 1.0882700836001566, -0.16541369653729393, 1.7394400770306573, 1.161956443414544]"
prism3,355,/home/humanoid/Programs/hand/results/phase1/run_20260413_pollard_multiscene_500_cem/prism3/generated_mjcf/scene_prism3_tn0d0108p0d0258p0d0000_ip0d0180n0d0144p0d0044_mp0d0085p0d0070p0d0005.xml,prism_y0d0350,True,0.03,1.0,1.0,1.0,2.331313865967841,0.04473760026784263,2.0,0.00961043332904184,0.10187517832378146,-0.010837836256156828,0.02584706010196519,0.0,0.017996213602326824,-0.014394856503673016,0.004360530785069212,0.00846710719667944,0.0070305058966985655,0.0004610260596799032,"[0.08598723046892474, 1.8326696538711715, -1.1338971639109656, 0.057380649876320404, 1.400496103041158, 1.0882700836001566, -0.16541369653729393, 1.7394400770306573, 1.161956443414544]"
prism3,356,/home/humanoid/Programs/hand/results/phase1/run_20260413_pollard_multiscene_500_cem/prism3/generated_mjcf/scene_prism3_tp0d0112p0d0139p0d0000_ip0d0182n0d0152p0d0003_mp0d0115p0d0173p0d0074.xml,prism_y0d0350,True,0.03,1.0,1.0,1.0,2.775215602275861,0.04730203530351667,3.0,0.00849802376799065,0.4223972387416056,0.01115634821632247,0.013902861925370564,0.0,0.018235892805302557,-0.01517470826905366,0.0002586625091600264,0.011486192576683386,0.017257165777358207,0.007367364731213931,"[0.08598723046892474, 1.8326696538711715, -1.1338971639109656, 0.057380649876320404, 1.400496103041158, 1.0882700836001566, -0.16541369653729393, 1.7394400770306573, 1.161956443414544]"
prism3,357,/home/humanoid/Programs/hand/results/phase1/run_20260413_pollard_multiscene_500_cem/prism3/generated_mjcf/scene_prism3_tn0d0022p0d0202p0d0000_ip0d0190n0d0081p0d0000_mp0d0023p0d0160p0d0000.xml,prism_y0d0350,True,0.03,1.0,1.0,1.0,2.447242072139337,0.04930287087771244,2.0,0.012204709033983852,0.3596599367508721,-0.0022114211001733417,0.02015239016423227,0.0,0.019037892298739346,-0.008147344233290962,0.0,0.0022584008568622242,0.01599825880223124,0.0,"[0.08598723046892474, 1.8326696538711715, -1.1338971639109656, 0.057380649876320404, 1.400496103041158, 1.0882700836001566, -0.16541369653729393, 1.7394400770306573, 1.161956443414544]"
prism3,358,/home/humanoid/Programs/hand/results/phase1/run_20260413_pollard_multiscene_500_cem/prism3/generated_mjcf/scene_prism3_tn0d0032p0d0212p0d0000_ip0d0113n0d0003p0d0000_mp0d0087p0d0046p0d0074.xml,prism_y0d0350,True,0.03,1.0,1.0,1.0,2.1469673766363293,0.04326954904683503,2.0,0.017532756267729738,0.8826755164495824,-0.0032261315123318663,0.0211871862183576,0.0,0.011311302439958055,-0.00033666258881834797,0.0,0.008688902469951895,0.004588963809888574,0.007431512844343829,"[0.08598723046892474, 1.8326696538711715, -1.1338971639109656, 0.057380649876320404, 1.400496103041158, 1.0882700836001566, -0.16541369653729393, 1.7394400770306573, 1.161956443414544]"
prism3,359,/home/humanoid/Programs/hand/results/phase1/run_20260413_pollard_multiscene_500_cem/prism3/generated_mjcf/scene_prism3_tp0d0021p0d0300p0d0038_ip0d0094n0d0116p0d0000_mp0d0060p0d0178p0d0000.xml,prism_y0d0350,True,0.03,1.0,1.0,1.0,2.812656511794929,0.04834222400023292,3.0,0.00940351459212095,0.40342866019320583,0.002053449878073278,0.03,0.003783683303278742,0.009426483925576358,-0.011583913748456132,0.0,0.006011042113765158,0.017809019608174263,0.0,"[0.08598723046892474, 1.8326696538711715, -1.1338971639109656, 0.057380649876320404, 1.400496103041158, 1.0882700836001566, -0.16541369653729393, 1.7394400770306573, 1.161956443414544]"
prism3,360,/home/humanoid/Programs/hand/results/phase1/run_20260413_pollard_multiscene_500_cem/prism3/generated_mjcf/scene_prism3_tp0d0077p0d0288p0d0000_ip0d0146n0d0140p0d0000_mp0d0217p0d0090p0d0038.xml,prism_y0d0350,True,0.03,1.0,1.0,1.0,1.8989883112039032,0.04451419419238083,3.0,0.009162465663146796,5.6045570280208805,0.007692612643866344,0.028837691525292333,0.0,0.014600800689397628,-0.013961397513764087,0.0,0.02174568502353339,0.009014776072522324,0.003847079872144152,"[0.08598723046892474, 1.8326696538711715, -1.1338971639109656, 0.057380649876320404, 1.400496103041158, 1.0882700836001566, -0.16541369653729393, 1.7394400770306573, 1.161956443414544]"
prism3,361,/home/humanoid/Programs/hand/results/phase1/run_20260413_pollard_multiscene_500_cem/prism3/generated_mjcf/scene_prism3_tp0d0063p0d0247p0d0000_ip0d0049n0d0079p0d0000_mp0d0212p0d0139p0d0013.xml,prism_y0d0350,True,0.03,1.0,1.0,1.0,2.9298312016670867,0.04991612433484262,3.0,0.008570354534483043,0.0006162732229260159,0.006298885232914844,0.024677701527575972,0.0,0.004865482952478182,-0.007899234012555876,0.0,0.021239068743524485,0.013910428198081467,0.0012518095585489566,"[0.08598723046892474, 1.8326696538711715, -1.1338971639109656, 0.057380649876320404, 1.400496103041158, 1.0882700836001566, -0.16541369653729393, 1.7394400770306573, 1.161956443414544]"
prism3,362,/home/humanoid/Programs/hand/results/phase1/run_20260413_pollard_multiscene_500_cem/prism3/generated_mjcf/scene_prism3_tp0d0001p0d0184p0d0000_ip0d0200n0d0237p0d0113_mp0d0008p0d0136p0d0046.xml,prism_y0d0350,True,0.03,1.0,1.0,1.0,2.848120996833791,0.04877919411897231,3.0,0.009310268899621305,0.27020173020665156,9.038651703096798e-05,0.01835541066897918,0.0,0.02001264994905546,-0.023737975227585074,0.011274612962096212,0.000750582854815959,0.013632312421630632,0.004622285063949041,"[0.08598723046892474, 1.8326696538711715, -1.1338971639109656, 0.057380649876320404, 1.400496103041158, 1.0882700836001566, -0.16541369653729393, 1.7394400770306573, 1.161956443414544]"
prism3,363,/home/humanoid/Programs/hand/results/phase1/run_20260413_pollard_multiscene_500_cem/prism3/generated_mjcf/scene_prism3_tp0d0072p0d0238p0d0000_ip0d0194n0d0139p0d0000_mp0d0167p0d0168p0d0000.xml,prism_y0d0350,True,0.03,1.0,1.0,1.0,2.9306868902990852,0.04994733139882215,3.0,0.00865868501176763,0.0010155909077001078,0.007206458439634005,0.02379163141151473,0.0,0.019368293958761447,-0.013866451305668421,0.0,0.01674031164559555,0.016847650557893175,0.0,"[0.08598723046892474, 1.8326696538711715, -1.1338971639109656, 0.057380649876320404, 1.400496103041158, 1.0882700836001566, -0.16541369653729393, 1.7394400770306573, 1.161956443414544]"
prism3,364,/home/humanoid/Programs/hand/results/phase1/run_20260413_pollard_multiscene_500_cem/prism3/generated_mjcf/scene_prism3_tn0d0041p0d0101p0d0010_ip0d0016n0d0071p0d0013_mp0d0213p0d0036p0d0052.xml,prism_y0d0350,True,0.03,1.0,1.0,1.0,1.6884130172788367,0.04703373418441352,2.0,0.014091386797699461,4.8638993705349165,-0.004084384463942093,0.010142883921641723,0.000990451667586002,0.0015985144586338831,-0.007118649794417934,0.0013321773609604407,0.02130587540881341,0.003579389141666148,0.0051866735559624386,"[0.08598723046892474, 1.8326696538711715, -1.1338971639109656, 0.057380649876320404, 1.400496103041158, 1.0882700836001566, -0.16541369653729393, 1.7394400770306573, 1.161956443414544]"
prism3,365,/home/humanoid/Programs/hand/results/phase1/run_20260413_pollard_multiscene_500_cem/prism3/generated_mjcf/scene_prism3_tn0d0071p0d0088p0d0031_ip0d0111n0d0170p0d0002_mn0d0007p0d0136p0d0018.xml,prism_y0d0350,True,0.03,1.0,1.0,1.0,2.9319769219666068,0.050972879080604556,3.0,0.008938957529142819,0.22797287197511404,-0.007111680416374847,0.00882751144408678,0.0030761017613265777,0.011097168626456416,-0.017043214039433305,0.00017592095316793822,-0.00067781911633992,0.013552297422319226,0.00184459033777753,"[0.08598723046892474, 1.8326696538711715, -1.1338971639109656, 0.057380649876320404, 1.400496103041158, 1.0882700836001566, -0.16541369653729393, 1.7394400770306573, 1.161956443414544]"
prism3,366,/home/humanoid/Programs/hand/results/phase1/run_20260413_pollard_multiscene_500_cem/prism3/generated_mjcf/scene_prism3_tp0d0090p0d0283p0d0071_ip0d0201n0d0143p0d0000_mn0d0018p0d0143p0d0002.xml,prism_y0d0350,True,0.03,1.0,1.0,1.0,1.79672668928797,0.04062259603984693,1.0,0.012507052075644254,0.0003337863692239608,0.008993048384683937,0.028332332885572582,0.007133172031471843,0.0201278457978318,-0.014265996985525718,0.0,-0.0017792897870281283,0.014276096134759242,0.00021827326428465292,"[0.08598723046892474, 1.8326696538711715, -1.1338971639109656, 0.057380649876320404, 1.400496103041158, 1.0882700836001566, -0.16541369653729393, 1.7394400770306573, 1.161956443414544]"
prism3,367,/home/humanoid/Programs/hand/results/phase1/run_20260413_pollard_multiscene_500_cem/prism3/generated_mjcf/scene_prism3_tp0d0013p0d0300p0d0000_ip0d0055n0d0141p0d0078_mp0d0137p0d0226p0d0000.xml,prism_y0d0350,True,0.03,1.0,1.0,1.0,2.930794468141317,0.04997469817549609,3.0,0.00871892082306088,0.005880842366162747,0.0013243586582645864,0.03,0.0,0.005454282046486432,-0.014076684522502887,0.007848994918644388,0.013675916096374986,0.022612653700813792,0.0,"[0.08598723046892474, 1.8326696538711715, -1.1338971639109656, 0.057380649876320404, 1.400496103041158, 1.0882700836001566, -0.16541369653729393, 1.7394400770306573, 1.161956443414544]"
prism3,368,/home/humanoid/Programs/hand/results/phase1/run_20260413_pollard_multiscene_500_cem/prism3/generated_mjcf/scene_prism3_tn0d0041p0d0084p0d0102_ip0d0153n0d0157p0d0001_mn0d0018p0d0221p0d0100.xml,prism_y0d0350,True,0.03,1.0,1.0,1.0,2.829711495846595,0.049635640178191415,3.0,0.008942486990389456,0.597672909395505,-0.004053401737318047,0.008430366835151014,0.010164258692179497,0.015257946914463924,-0.0156555570176925,0.00011680821710949654,-0.0017660762171259354,0.022104252712855398,0.010035043290268227,"[0.08598723046892474, 1.8326696538711715, -1.1338971639109656, 0.057380649876320404, 1.400496103041158, 1.0882700836001566, -0.16541369653729393, 1.7394400770306573, 1.161956443414544]"
prism3,369,/home/humanoid/Programs/hand/results/phase1/run_20260413_pollard_multiscene_500_cem/prism3/generated_mjcf/scene_prism3_tn0d0058p0d0248p0d0003_ip0d0140n0d0106p0d0006_mp0d0122p0d0059p0d0000.xml,prism_y0d0350,True,0.03,1.0,1.0,1.0,3.118431186034529,0.055784755409564915,3.0,0.009352295848956783,0.10220441068219695,-0.0058268376677013956,0.024841286858219992,0.0002982599472535624,0.014002525851861946,-0.010559997507252046,0.0006057673427742397,0.012179493967528118,0.005867447662353625,0.0,"[0.08598723046892474, 1.8326696538711715, -1.1338971639109656, 0.057380649876320404, 1.400496103041158, 1.0882700836001566, -0.16541369653729393, 1.7394400770306573, 1.161956443414544]"
prism3,370,/home/humanoid/Programs/hand/results/phase1/run_20260413_pollard_multiscene_500_cem/prism3/generated_mjcf/scene_prism3_tn0d0045p0d0101p0d0000_in0d0000n0d0203p0d0049_mn0d0014p0d0174p0d0000.xml,prism_y0d0350,True,0.03,1.0,1.0,1.0,2.935279576415381,0.05006484712261036,3.0,0.008328726422140194,0.0022174668780099637,-0.0044817304554041985,0.010133206181426631,0.0,-4.208788127289288e-05,-0.020312697918262373,0.004931652050945971,-0.001420408213504953,0.01743343816215112,0.0,"[0.08598723046892474, 1.8326696538711715, -1.1338971639109656, 0.057380649876320404, 1.400496103041158, 1.0882700836001566, -0.16541369653729393, 1.7394400770306573, 1.161956443414544]"
prism3,371,/home/humanoid/Programs/hand/results/phase1/run_20260413_pollard_multiscene_500_cem/prism3/generated_mjcf/scene_prism3_tp0d0060p0d0272p0d0000_ip0d0076n0d0158p0d0033_mp0d0058p0d0188p0d0080.xml,prism_y0d0350,True,0.03,1.0,1.0,1.0,2.9318785288522804,0.049986196307587244,3.0,0.008557639456070886,0.0034870866742107097,0.006042441969243088,0.027228365459574227,0.0,0.007593758980041379,-0.015792569411251185,0.0033017785952277386,0.005776874706348101,0.01882102030819338,0.007980643465284785,"[0.08598723046892474, 1.8326696538711715, -1.1338971639109656, 0.057380649876320404, 1.400496103041158, 1.0882700836001566, -0.16541369653729393, 1.7394400770306573, 1.161956443414544]"
prism3,372,/home/humanoid/Programs/hand/results/phase1/run_20260413_pollard_multiscene_500_cem/prism3/generated_mjcf/scene_prism3_tn0d0039p0d0221p0d0076_ip0d0216n0d0035p0d0114_mp0d0217p0d0048p0d0023.xml,prism_y0d0350,True,0.03,1.0,1.0,1.0,1.4912258832482888,0.03385689304543166,2.0,0.01189790131283277,3.1331304714410244,-0.0039367057456346135,0.022129036276644528,0.00759938668754058,0.021600388888547803,-0.003458654995397466,0.011387362033031666,0.021716500944982772,0.004846232690389937,0.0023329764739651176,"[0.08598723046892474, 1.8326696538711715, -1.1338971639109656, 0.057380649876320404, 1.400496103041158, 1.0882700836001566, -0.16541369653729393, 1.7394400770306573, 1.161956443414544]"
prism3,373,/home/humanoid/Programs/hand/results/phase1/run_20260413_pollard_multiscene_500_cem/prism3/generated_mjcf/scene_prism3_tn0d0117p0d0102p0d0000_ip0d0216n0d0083p0d0034_mn0d0008p0d0137p0d0071.xml,prism_y0d0350,True,0.03,1.0,1.0,1.0,2.3815814291081017,0.046802871699632445,2.0,0.013790408474343022,0.19292175620231897,-0.011721801351998734,0.010249897424361614,0.0,0.021571248344733958,-0.008281985314991391,0.003362224881755657,-0.0008025599165518201,0.013740737562206125,0.007120033040254055,"[0.08598723046892474, 1.8326696538711715, -1.1338971639109656, 0.057380649876320404, 1.400496103041158, 1.0882700836001566, -0.16541369653729393, 1.7394400770306573, 1.161956443414544]"
prism3,374,/home/humanoid/Programs/hand/results/phase1/run_20260413_pollard_multiscene_500_cem/prism3/generated_mjcf/scene_prism3_tn0d0012p0d0088p0d0000_in0d0013n0d0179p0d0087_mp0d0149p0d0097p0d0012.xml,prism_y0d0350,True,0.03,1.0,1.0,1.0,2.8631391119357765,0.048353397378592525,3.0,0.00831762159247085,0.08396368753346553,-0.0011870628156485583,0.008785765256269625,0.0,-0.0012845129532466984,-0.01790627764087028,0.008705030224436333,0.014947856117084853,0.009691392927035278,0.001202015562066389,"[0.08598723046892474, 1.8326696538711715, -1.1338971639109656, 0.057380649876320404, 1.400496103041158, 1.0882700836001566, -0.16541369653729393, 1.7394400770306573, 1.161956443414544]"
prism3,375,/home/humanoid/Programs/hand/results/phase1/run_20260413_pollard_multiscene_500_cem/prism3/generated_mjcf/scene_prism3_tn0d0024p0d0249p0d0000_ip0d0189n0d0020p0d0086_mp0d0011p0d0101p0d0097.xml,prism_y0d0350,True,0.03,1.0,1.0,1.0,2.432196714101498,0.04814489774642848,2.0,0.015418565395086022,0.14691717488884587,-0.002364992455036838,0.02485474196775472,0.0,0.0189458288206348,-0.0020460735160279016,0.008558192589777455,0.0010822010446346324,0.010070902748129561,0.009711010137673462,"[0.08598723046892474, 1.8326696538711715, -1.1338971639109656, 0.057380649876320404, 1.400496103041158, 1.0882700836001566, -0.16541369653729393, 1.7394400770306573, 1.161956443414544]"
prism3,376,/home/humanoid/Programs/hand/results/phase1/run_20260413_pollard_multiscene_500_cem/prism3/generated_mjcf/scene_prism3_tp0d0105p0d0300p0d0000_ip0d0063n0d0138p0d0000_mn0d0013p0d0092p0d0107.xml,prism_y0d0350,True,0.03,1.0,1.0,1.0,2.309067906619781,0.049383754062447896,2.0,0.011609016982491838,1.307636344006079,0.010522744540146026,0.03,0.0,0.006265542463366365,-0.013777684366762381,0.0,-0.0013129549292847896,0.009179419376552186,0.010680191381843947,"[0.08598723046892474, 1.8326696538711715, -1.1338971639109656, 0.057380649876320404, 1.400496103041158, 1.0882700836001566, -0.16541369653729393, 1.7394400770306573, 1.161956443414544]"
prism3,377,/home/humanoid/Programs/hand/results/phase1/run_20260413_pollard_multiscene_500_cem/prism3/generated_mjcf/scene_prism3_tp0d0098p0d0111p0d0000_ip0d0151n0d0201p0d0000_mp0d0220p0d0245p0d0000.xml,prism_y0d0350,True,0.03,1.0,1.0,1.0,2.927557279450268,0.04989469601316114,3.0,0.00840945694140611,0.012921114183730752,0.00981687253429277,0.011120275617783176,0.0,0.015080426789617232,-0.020071235905748067,0.0,0.02197541611441125,0.024494177142076932,0.0,"[0.08598723046892474, 1.8326696538711715, -1.1338971639109656, 0.057380649876320404, 1.400496103041158, 1.0882700836001566, -0.16541369653729393, 1.7394400770306573, 1.161956443414544]"
prism3,378,/home/humanoid/Programs/hand/results/phase1/run_20260413_pollard_multiscene_500_cem/prism3/generated_mjcf/scene_prism3_tn0d0031p0d0178p0d0000_ip0d0097n0d0197p0d0076_mp0d0193p0d0182p0d0000.xml,prism_y0d0350,True,0.03,1.0,1.0,1.0,2.9290182440237906,0.049918657455939486,3.0,0.008794088156957916,0.0036439374678385044,-0.003080000567103787,0.01777371674284665,0.0,0.009742211201763528,-0.0197073930433107,0.007610088691735812,0.0192940940515098,0.01819294307398065,0.0,"[0.08598723046892474, 1.8326696538711715, -1.1338971639109656, 0.057380649876320404, 1.400496103041158, 1.0882700836001566, -0.16541369653729393, 1.7394400770306573, 1.161956443414544]"
prism3,379,/home/humanoid/Programs/hand/results/phase1/run_20260413_pollard_multiscene_500_cem/prism3/generated_mjcf/scene_prism3_tp0d0005p0d0181p0d0102_ip0d0204n0d0113p0d0000_mp0d0040p0d0080p0d0000.xml,prism_y0d0350,True,0.03,1.0,1.0,1.0,1.915609720383914,0.040120186781802826,2.0,0.009775484520000792,1.7936389862612219,0.0005063580441945943,0.018121217785754797,0.010185928300256861,0.020406265641012875,-0.011317239845225827,0.0,0.003969351811511051,0.00798329334682274,0.0,"[0.08598723046892474, 1.8326696538711715, -1.1338971639109656, 0.057380649876320404, 1.400496103041158, 1.0882700836001566, -0.16541369653729393, 1.7394400770306573, 1.161956443414544]"
prism3,380,/home/humanoid/Programs/hand/results/phase1/run_20260413_pollard_multiscene_500_cem/prism3/generated_mjcf/scene_prism3_tp0d0053p0d0088p0d0051_ip0d0056n0d0156p0d0120_mp0d0025p0d0214p0d0000.xml,prism_y0d0350,True,0.03,1.0,1.0,1.0,2.7665743285495306,0.05058660164153554,3.0,0.008237330480023662,1.2498804529611092,0.005349473339106178,0.008816536146796552,0.005122068738884589,0.005591055319891105,-0.015626360728080328,0.01198958202252913,0.00245615434592318,0.0213548310212551,0.0,"[0.08598723046892474, 1.8326696538711715, -1.1338971639109656, 0.057380649876320404, 1.400496103041158, 1.0882700836001566, -0.16541369653729393, 1.7394400770306573, 1.161956443414544]"
prism3,381,/home/humanoid/Programs/hand/results/phase1/run_20260413_pollard_multiscene_500_cem/prism3/generated_mjcf/scene_prism3_tp0d0088p0d0272p0d0000_in0d0018n0d0006p0d0118_mp0d0039p0d0093p0d0065.xml,prism_y0d0350,True,0.03,1.0,1.0,1.0,2.4025710443905757,0.04760841605564721,2.0,0.015907616331670798,0.2127218992915671,0.00883521132348538,0.02723552528533489,0.0,-0.0017554778323576065,-0.0005744690308488714,0.011781042137225497,0.0038637391976680735,0.009288167528081906,0.006509256874247228,"[0.08598723046892474, 1.8326696538711715, -1.1338971639109656, 0.057380649876320404, 1.400496103041158, 1.0882700836001566, -0.16541369653729393, 1.7394400770306573, 1.161956443414544]"
prism3,382,/home/humanoid/Programs/hand/results/phase1/run_20260413_pollard_multiscene_500_cem/prism3/generated_mjcf/scene_prism3_tp0d0073p0d0185p0d0056_ip0d0209n0d0050p0d0000_mp0d0188p0d0110p0d0000.xml,prism_y0d0350,True,0.03,1.0,1.0,1.0,2.3717870318627057,0.046326826914797704,2.0,0.012535581401066817,0.16387164902053364,0.007305359803473289,0.01853133851136897,0.005595346364554953,0.020921363985685365,-0.0049934306565185185,0.0,0.01877336898563437,0.011049691809589724,0.0,"[0.08598723046892474, 1.8326696538711715, -1.1338971639109656, 0.057380649876320404, 1.400496103041158, 1.0882700836001566, -0.16541369653729393, 1.7394400770306573, 1.161956443414544]"
prism3,383,/home/humanoid/Programs/hand/results/phase1/run_20260413_pollard_multiscene_500_cem/prism3/generated_mjcf/scene_prism3_tn0d0118p0d0271p0d0000_ip0d0077n0d0076p0d0000_mp0d0104p0d0062p0d0000.xml,prism_y0d0350,True,0.03,1.0,1.0,1.0,2.909340746588609,0.04955487580427073,3.0,0.009333834682764365,0.042748247968920544,-0.011835445780551481,0.02708227762575327,0.0,0.00774784304588942,-0.007563727153970494,0.0,0.010352447859135416,0.00620925942575782,0.0,"[0.08598723046892474, 1.8326696538711715, -1.1338971639109656, 0.057380649876320404, 1.400496103041158, 1.0882700836001566, -0.16541369653729393, 1.7394400770306573, 1.161956443414544]"
prism3,384,/home/humanoid/Programs/hand/results/phase1/run_20260413_pollard_multiscene_500_cem/prism3/generated_mjcf/scene_prism3_tp0d0017p0d0255p0d0000_ip0d0031n0d0131p0d0000_mp0d0099p0d0257p0d0033.xml,prism_y0d0350,True,0.03,1.0,1.0,1.0,2.9306555750525902,0.04995707451332465,3.0,0.008488101620869522,0.0057721978135568406,0.0016914948769208415,0.025535338406468797,0.0,0.0031439657404761087,-0.0130591830163866,0.0,0.009858869067842405,0.02571102656057945,0.0032954859455089983,"[0.08598723046892474, 1.8326696538711715, -1.1338971639109656, 0.057380649876320404, 1.400496103041158, 1.0882700836001566, -0.16541369653729393, 1.7394400770306573, 1.161956443414544]"
prism3,385,/home/humanoid/Programs/hand/results/phase1/run_20260413_pollard_multiscene_500_cem/prism3/generated_mjcf/scene_prism3_tn0d0097p0d0110p0d0000_ip0d0125n0d0058p0d0000_mp0d0078p0d0247p0d0000.xml,prism_y0d0350,True,0.03,1.0,1.0,1.0,2.447712378633891,0.04790782670789527,2.0,0.00888080888741971,0.07533292245069305,-0.009705485774302398,0.010951697871815396,0.0,0.01253462152769577,-0.0057613579648361415,0.0,0.007829687300922256,0.024665368578795213,0.0,"[0.08598723046892474, 1.8326696538711715, -1.1338971639109656, 0.057380649876320404, 1.400496103041158, 1.0882700836001566, -0.16541369653729393, 1.7394400770306573, 1.161956443414544]"
prism3,386,/home/humanoid/Programs/hand/results/phase1/run_20260413_pollard_multiscene_500_cem/prism3/generated_mjcf/scene_prism3_tp0d0112p0d0234p0d0078_ip0d0165n0d0031p0d0000_mp0d0057p0d0176p0d0000.xml,prism_y0d0350,True,0.03,1.0,1.0,1.0,1.8032417192666685,0.040959970898484126,1.0,0.015178630532874049,7.430184652914056e-09,0.011221352133399164,0.023400693629328326,0.007817550025673033,0.016469362116625613,-0.0030606096441238902,0.0,0.0056810241222650226,0.017649806992087,0.0,"[0.08598723046892474, 1.8326696538711715, -1.1338971639109656, 0.057380649876320404, 1.400496103041158, 1.0882700836001566, -0.16541369653729393, 1.7394400770306573, 1.161956443414544]"
prism3,387,/home/humanoid/Programs/hand/results/phase1/run_20260413_pollard_multiscene_500_cem/prism3/generated_mjcf/scene_prism3_tp0d0022p0d0296p0d0042_in0d0005n0d0213p0d0114_mn0d0003p0d0235p0d0117.xml,prism_y0d0350,True,0.03,1.0,1.0,1.0,2.933869572064664,0.05006513834221735,3.0,0.008674763755598213,0.007071616011644712,0.0022174444709567916,0.02962539332540697,0.004156687339348996,-0.0005198644936682765,-0.02134521506551034,0.011364295824339798,-0.0003092501664925997,0.02351928518610475,0.011679372772733076,"[0.08598723046892474, 1.8326696538711715, -1.1338971639109656, 0.057380649876320404, 1.400496103041158, 1.0882700836001566, -0.16541369653729393, 1.7394400770306573, 1.161956443414544]"
prism3,388,/home/humanoid/Programs/hand/results/phase1/run_20260413_pollard_multiscene_500_cem/prism3/generated_mjcf/scene_prism3_tn0d0081p0d0249p0d0074_ip0d0208n0d0041p0d0060_mp0d0165p0d0220p0d0000.xml,prism_y0d0350,True,0.03,1.0,1.0,1.0,2.4605337080801504,0.048224387323601486,2.0,0.01165334265120214,0.026754419623315838,-0.008107505421219302,0.024897468565151633,0.007392595337002955,0.020834492113102794,-0.004065712382739778,0.005970238289425941,0.01648862815479199,0.021974727226854895,0.0,"[0.08598723046892474, 1.8326696538711715, -1.1338971639109656, 0.057380649876320404, 1.400496103041158, 1.0882700836001566, -0.16541369653729393, 1.7394400770306573, 1.161956443414544]"
prism3,389,/home/humanoid/Programs/hand/results/phase1/run_20260413_pollard_multiscene_500_cem/prism3/generated_mjcf/scene_prism3_tn0d0039p0d0285p0d0057_ip0d0208n0d0041p0d0036_mp0d0108p0d0059p0d0000.xml,prism_y0d0350,True,0.03,1.0,1.0,1.0,2.170972951620727,0.04104452418657987,2.0,0.011977753878341676,0.27753258101923106,-0.0038931974279779093,0.02852385064265748,0.005709619844043064,0.020838318228018286,-0.0041099736522949,0.003648895908196892,0.0108003713735257,0.005888130359499352,0.0,"[0.08598723046892474, 1.8326696538711715, -1.1338971639109656, 0.057380649876320404, 1.400496103041158, 1.0882700836001566, -0.16541369653729393, 1.7394400770306573, 1.161956443414544]"
prism3,390,/home/humanoid/Programs/hand/results/phase1/run_20260413_pollard_multiscene_500_cem/prism3/generated_mjcf/scene_prism3_tp0d0111p0d0091p0d0111_ip0d0003n0d0059p0d0000_mp0d0056p0d0107p0d0000.xml,prism_y0d0350,True,0.03,1.0,1.0,1.0,2.4129423092725113,0.04692019840557323,2.0,0.011792953873443904,0.037858181171091,0.011086732584622856,0.009114061201632327,0.011143108779249625,0.00025073679208613593,-0.0059266445125180246,0.0,0.0055913408234708984,0.010650676511304417,0.0,"[0.08598723046892474, 1.8326696538711715, -1.1338971639109656, 0.057380649876320404, 1.400496103041158, 1.0882700836001566, -0.16541369653729393, 1.7394400770306573, 1.161956443414544]"
prism3,391,/home/humanoid/Programs/hand/results/phase1/run_20260413_pollard_multiscene_500_cem/prism3/generated_mjcf/scene_prism3_tp0d0086p0d0123p0d0089_ip0d0070n0d0226p0d0091_mp0d0164p0d0140p0d0037.xml,prism_y0d0350,True,0.03,1.0,1.0,1.0,2.929633005438623,0.04994535952277061,3.0,0.008606965034700433,0.008270985259651665,0.008609555327129374,0.012341154397680697,0.008912346989687733,0.007000500798774553,-0.022583043905803016,0.009075589409086891,0.016411278947240843,0.014031523004441703,0.003694186370186217,"[0.08598723046892474, 1.8326696538711715, -1.1338971639109656, 0.057380649876320404, 1.400496103041158, 1.0882700836001566, -0.16541369653729393, 1.7394400770306573, 1.161956443414544]"
prism3,392,/home/humanoid/Programs/hand/results/phase1/run_20260413_pollard_multiscene_500_cem/prism3/generated_mjcf/scene_prism3_tp0d0043p0d0176p0d0012_ip0d0077n0d0128p0d0049_mp0d0080p0d0130p0d0065.xml,prism_y0d0350,True,0.03,1.0,1.0,1.0,2.930158210603314,0.04993424650386713,3.0,0.008507612544160947,0.003501279624759996,0.004254000457927461,0.01759718261799633,0.0011591161610298387,0.007690670392919728,-0.012804244452743358,0.0048799535306744725,0.007961258183951048,0.01299761563100522,0.006523599200057,"[0.08598723046892474, 1.8326696538711715, -1.1338971639109656, 0.057380649876320404, 1.400496103041158, 1.0882700836001566, -0.16541369653729393, 1.7394400770306573, 1.161956443414544]"
prism3,393,/home/humanoid/Programs/hand/results/phase1/run_20260413_pollard_multiscene_500_cem/prism3/generated_mjcf/scene_prism3_tn0d0050p0d0163p0d0000_ip0d0035n0d0034p0d0000_mp0d0059p0d0048p0d0000.xml,prism_y0d0350,True,0.03,1.0,1.0,1.0,2.2078374999890147,0.04296252011172492,2.0,0.016350493802754797,0.4209981087723214,-0.004985988495398425,0.016300216267685623,0.0,0.0034683806033389258,-0.003396272985994214,0.0,0.005879648740595553,0.004792153550523294,0.0,"[0.08598723046892474, 1.8326696538711715, -1.1338971639109656, 0.057380649876320404, 1.400496103041158, 1.0882700836001566, -0.16541369653729393, 1.7394400770306573, 1.161956443414544]"
prism3,394,/home/humanoid/Programs/hand/results/phase1/run_20260413_pollard_multiscene_500_cem/prism3/generated_mjcf/scene_prism3_tp0d0025p0d0092p0d0113_ip0d0219n0d0209p0d0000_mp0d0081p0d0097p0d0000.xml,prism_y0d0350,True,0.03,1.0,1.0,1.0,2.8525886278726156,0.048417777891257716,3.0,0.009104085042495906,0.15883618824275167,0.002490598221685335,0.00915709564276886,0.011311791537951966,0.021897171626930806,-0.020911052181316225,0.0,0.008075035345848846,0.009678888052115298,0.0,"[0.08598723046892474, 1.8326696538711715, -1.1338971639109656, 0.057380649876320404, 1.400496103041158, 1.0882700836001566, -0.16541369653729393, 1.7394400770306573, 1.161956443414544]"
prism3,395,/home/humanoid/Programs/hand/results/phase1/run_20260413_pollard_multiscene_500_cem/prism3/generated_mjcf/scene_prism3_tn0d0095p0d0197p0d0090_ip0d0217n0d0162p0d0000_mp0d0137p0d0125p0d0097.xml,prism_y0d0350,True,0.03,1.0,1.0,1.0,2.9515661824942847,0.0507281178422382,3.0,0.00934434079516438,0.03486173595815889,-0.00953061315295389,0.01970784975786273,0.009043612848737722,0.02166338004553322,-0.01616864958747996,0.0,0.01367630035117491,0.012518278257087605,0.009730640697078064,"[0.08598723046892474, 1.8326696538711715, -1.1338971639109656, 0.057380649876320404, 1.400496103041158, 1.0882700836001566, -0.16541369653729393, 1.7394400770306573, 1.161956443414544]"
prism3,396,/home/humanoid/Programs/hand/results/phase1/run_20260413_pollard_multiscene_500_cem/prism3/generated_mjcf/scene_prism3_tp0d0070p0d0222p0d0038_ip0d0151n0d0084p0d0000_mp0d0110p0d0104p0d0000.xml,prism_y0d0350,True,0.03,1.0,1.0,1.0,2.6604251743649927,0.05420464254756034,2.0,0.012183158521801315,0.08247331837344596,0.007035811052865017,0.02218081977592099,0.003815341310432256,0.01510725445699214,-0.008439512570922078,0.0,0.010976962247331351,0.01039287020671183,0.0,"[0.08598723046892474, 1.8326696538711715, -1.1338971639109656, 0.057380649876320404, 1.400496103041158, 1.0882700836001566, -0.16541369653729393, 1.7394400770306573, 1.161956443414544]"
prism3,397,/home/humanoid/Programs/hand/results/phase1/run_20260413_pollard_multiscene_500_cem/prism3/generated_mjcf/scene_prism3_tp0d0042p0d0183p0d0082_ip0d0033n0d0180p0d0088_mp0d0066p0d0266p0d0000.xml,prism_y0d0350,True,0.03,1.0,1.0,1.0,2.9343762470767767,0.05005049308035385,3.0,0.00842937402084138,0.003548417959502112,0.004177515190882806,0.018256379083365838,0.008178273670573787,0.0032815323204622516,-0.01803993751952694,0.008760822790220408,0.006593736646331887,0.02663481077537399,0.0,"[0.08598723046892474, 1.8326696538711715, -1.1338971639109656, 0.057380649876320404, 1.400496103041158, 1.0882700836001566, -0.16541369653729393, 1.7394400770306573, 1.161956443414544]"
prism3,398,/home/humanoid/Programs/hand/results/phase1/run_20260413_pollard_multiscene_500_cem/prism3/generated_mjcf/scene_prism3_tp0d0086p0d0213p0d0009_ip0d0108n0d0199p0d0066_mp0d0077p0d0183p0d0034.xml,prism_y0d0350,True,0.03,1.0,1.0,1.0,2.934755787185495,0.05005626313873819,3.0,0.008494946696469616,0.0014901951826815387,0.008571605710506466,0.021259249860929377,0.0008803123529353071,0.010802095205575884,-0.019921780238881113,0.006613136719011141,0.007685854373764274,0.0183301494512482,0.003400613466890816,"[0.08598723046892474, 1.8326696538711715, -1.1338971639109656, 0.057380649876320404, 1.400496103041158, 1.0882700836001566, -0.16541369653729393, 1.7394400770306573, 1.161956443414544]"
prism3,399,/home/humanoid/Programs/hand/results/phase1/run_20260413_pollard_multiscene_500_cem/prism3/generated_mjcf/scene_prism3_tp0d0088p0d0300p0d0009_ip0d0029n0d0117p0d0120_mp0d0050p0d0090p0d0058.xml,prism_y0d0350,True,0.03,1.0,1.0,1.0,0.9672046416761291,0.04824020276513066,2.0,0.011272411750606753,9.991050877348203,0.008824535085985016,0.03,0.0008932574776091152,0.0029455698672819766,-0.011691082195174523,0.011978490078858362,0.005010734973117511,0.00897510569587991,0.0057671861599445234,"[0.08598723046892474, 1.8326696538711715, -1.1338971639109656, 0.057380649876320404, 1.400496103041158, 1.0882700836001566, -0.16541369653729393, 1.7394400770306573, 1.161956443414544]"
prism3,400,/home/humanoid/Programs/hand/results/phase1/run_20260413_pollard_multiscene_500_cem/prism3/generated_mjcf/scene_prism3_tp0d0094p0d0127p0d0051_ip0d0209n0d0108p0d0092_mp0d0144p0d0193p0d0000.xml,prism_y0d0350,True,0.03,1.0,1.0,1.0,2.530475393275248,0.05153590939033495,2.0,0.010142433415624505,0.3533104570348404,0.009372313123217593,0.012687591986216464,0.005107999205280118,0.020884326403043323,-0.01077608685664617,0.009235654013356007,0.014419671401879495,0.01932431120884613,0.0,"[0.08598723046892474, 1.8326696538711715, -1.1338971639109656, 0.057380649876320404, 1.400496103041158, 1.0882700836001566, -0.16541369653729393, 1.7394400770306573, 1.161956443414544]"
prism3,401,/home/humanoid/Programs/hand/results/phase1/run_20260413_pollard_multiscene_500_cem/prism3/generated_mjcf/scene_prism3_tn0d0066p0d0138p0d0000_ip0d0011n0d0196p0d0076_mp0d0043p0d0047p0d0000.xml,prism_y0d0350,True,0.03,1.0,1.0,1.0,2.476557449234716,0.04908644600011884,2.0,0.010049263403128594,0.14246422642124268,-0.006568166016017537,0.013757574947577381,0.0,0.001065966599342636,-0.01962445671424908,0.0076232278739171815,0.004307982889677852,0.004710504044540714,0.0,"[0.08598723046892474, 1.8326696538711715, -1.1338971639109656, 0.057380649876320404, 1.400496103041158, 1.0882700836001566, -0.16541369653729393, 1.7394400770306573, 1.161956443414544]"
prism3,402,/home/humanoid/Programs/hand/results/phase1/run_20260413_pollard_multiscene_500_cem/prism3/generated_mjcf/scene_prism3_tn0d0061p0d0117p0d0000_ip0d0051n0d0055p0d0000_mp0d0162p0d0205p0d0000.xml,prism_y0d0350,True,0.03,1.0,1.0,1.0,3.0072152729210258,0.05348841973382257,3.0,0.008758985957646329,0.31574297231647686,-0.006070162506608994,0.011700464662166754,0.0,0.005108954427857113,-0.005521412233569041,0.0,0.0161877500683167,0.020471673403065584,0.0,"[0.08598723046892474, 1.8326696538711715, -1.1338971639109656, 0.057380649876320404, 1.400496103041158, 1.0882700836001566, -0.16541369653729393, 1.7394400770306573, 1.161956443414544]"
prism3,403,/home/humanoid/Programs/hand/results/phase1/run_20260413_pollard_multiscene_500_cem/prism3/generated_mjcf/scene_prism3_tn0d0060p0d0300p0d0038_ip0d0005n0d0059p0d0000_mp0d0128p0d0242p0d0000.xml,prism_y0d0350,True,0.03,1.0,1.0,1.0,2.911521205701452,0.04989772217930489,3.0,0.009143015463393798,0.1107535976495441,-0.006013261280368498,0.03,0.0037994320888812723,0.0004817540822769067,-0.005867111497752016,0.0,0.01282047936393451,0.024198128950756195,0.0,"[0.08598723046892474, 1.8326696538711715, -1.1338971639109656, 0.057380649876320404, 1.400496103041158, 1.0882700836001566, -0.16541369653729393, 1.7394400770306573, 1.161956443414544]"
prism3,404,/home/humanoid/Programs/hand/results/phase1/run_20260413_pollard_multiscene_500_cem/prism3/generated_mjcf/scene_prism3_tp0d0014p0d0095p0d0078_ip0d0166n0d0207p0d0000_mp0d0045p0d0151p0d0008.xml,prism_y0d0350,True,0.03,1.0,1.0,1.0,3.0244803062535826,0.053661206400323666,3.0,0.008582709955934213,0.24330998563918402,0.001414445381986533,0.009486985216727615,0.007769364107765152,0.01657461588220816,-0.020718033407936723,0.0,0.004544141871500557,0.01511193721917458,0.0007559026465335395,"[0.08598723046892474, 1.8326696538711715, -1.1338971639109656, 0.057380649876320404, 1.400496103041158, 1.0882700836001566, -0.16541369653729393, 1.7394400770306573, 1.161956443414544]"
prism3,405,/home/humanoid/Programs/hand/results/phase1/run_20260413_pollard_multiscene_500_cem/prism3/generated_mjcf/scene_prism3_tn0d0054p0d0250p0d0000_in0d0008n0d0049p0d0000_mp0d0209p0d0196p0d0000.xml,prism_y0d0350,True,0.03,1.0,1.0,1.0,2.9290811463891604,0.04990780828374995,3.0,0.00876122077962792,0.0011313465522171076,-0.005358389402565853,0.025047091820678522,0.0,-0.0007916345280545387,-0.004914922017206636,0.0,0.020890783474579788,0.019618085441763078,0.0,"[0.08598723046892474, 1.8326696538711715, -1.1338971639109656, 0.057380649876320404, 1.400496103041158, 1.0882700836001566, -0.16541369653729393, 1.7394400770306573, 1.161956443414544]"
prism3,406,/home/humanoid/Programs/hand/results/phase1/run_20260413_pollard_multiscene_500_cem/prism3/generated_mjcf/scene_prism3_tn0d0060p0d0184p0d0000_ip0d0056n0d0197p0d0000_mp0d0095p0d0212p0d0075.xml,prism_y0d0350,True,0.03,1.0,1.0,1.0,2.928302401828953,0.04988133083267414,3.0,0.008682044349390676,0.0012005907724005676,-0.005993677595785198,0.018350511114540634,0.0,0.005583373121617044,-0.019703464659717004,0.0,0.009452975904973352,0.021158879065359362,0.007512942109960084,"[0.08598723046892474, 1.8326696538711715, -1.1338971639109656, 0.057380649876320404, 1.400496103041158, 1.0882700836001566, -0.16541369653729393, 1.7394400770306573, 1.161956443414544]"
prism3,407,/home/humanoid/Programs/hand/results/phase1/run_20260413_pollard_multiscene_500_cem/prism3/generated_mjcf/scene_prism3_tn0d0051p0d0279p0d0054_ip0d0150n0d0131p0d0007_mp0d0011p0d0239p0d0037.xml,prism_y0d0350,True,0.03,1.0,1.0,1.0,2.445210000715593,0.047903668002725934,2.0,0.009429892089895678,0.08372396800015479,-0.005140192786809574,0.027934052286104214,0.0054220926649164,0.01495389301596657,-0.013107166884916394,0.0007151348632215403,0.0010701092854143394,0.023868681030051596,0.003737171765941818,"[0.08598723046892474, 1.8326696538711715, -1.1338971639109656, 0.057380649876320404, 1.400496103041158, 1.0882700836001566, -0.16541369653729393, 1.7394400770306573, 1.161956443414544]"
prism3,408,/home/humanoid/Programs/hand/results/phase1/run_20260413_pollard_multiscene_500_cem/prism3/generated_mjcf/scene_prism3_tn0d0031p0d0175p0d0000_ip0d0080n0d0202p0d0000_mp0d0019p0d0207p0d0000.xml,prism_y0d0350,True,0.03,1.0,1.0,1.0,2.9747523984523223,0.05210838565247145,3.0,0.008516327098830231,0.2133896345767878,-0.0031305004524421823,0.017539118084760424,0.0,0.008034582351909472,-0.02018176662419567,0.0,0.0019428792417899906,0.020656344238335456,0.0,"[0.08598723046892474, 1.8326696538711715, -1.1338971639109656, 0.057380649876320404, 1.400496103041158, 1.0882700836001566, -0.16541369653729393, 1.7394400770306573, 1.161956443414544]"
prism3,409,/home/humanoid/Programs/hand/results/phase1/run_20260413_pollard_multiscene_500_cem/prism3/generated_mjcf/scene_prism3_tn0d0016p0d0090p0d0000_ip0d0077n0d0186p0d0000_mp0d0089p0d0119p0d0000.xml,prism_y0d0350,True,0.03,1.0,1.0,1.0,2.930049160855357,0.04993707784479377,3.0,0.008488973656677444,0.005137442660470899,-0.0016323170947495774,0.009036595485457571,0.0,0.007686997919964198,-0.018553378636850654,0.0,0.00890338183766952,0.011899722188182634,0.0,"[0.08598723046892474, 1.8326696538711715, -1.1338971639109656, 0.057380649876320404, 1.400496103041158, 1.0882700836001566, -0.16541369653729393, 1.7394400770306573, 1.161956443414544]"
prism3,410,/home/humanoid/Programs/hand/results/phase1/run_20260413_pollard_multiscene_500_cem/prism3/generated_mjcf/scene_prism3_tn0d0053p0d0114p0d0023_ip0d0085n0d0114p0d0018_mp0d0188p0d0116p0d0014.xml,prism_y0d0350,True,0.03,1.0,1.0,1.0,2.9271794141179805,0.049874362267704316,3.0,0.008793237001985347,0.005578608318000532,-0.005293281935177009,0.011409198503569133,0.0023185881529035456,0.008519201573778543,-0.011410397534888745,0.0017575752571704177,0.01881142883562955,0.011645587587469603,0.00142551727874291,"[0.08598723046892474, 1.8326696538711715, -1.1338971639109656, 0.057380649876320404, 1.400496103041158, 1.0882700836001566, -0.16541369653729393, 1.7394400770306573, 1.161956443414544]"
prism3,411,/home/humanoid/Programs/hand/results/phase1/run_20260413_pollard_multiscene_500_cem/prism3/generated_mjcf/scene_prism3_tn0d0048p0d0150p0d0000_ip0d0065n0d0078p0d0000_mn0d0008p0d0033p0d0000.xml,prism_y0d0350,True,0.03,1.0,1.0,1.0,2.2385557992064196,0.04569506950951383,2.0,0.016241699037967627,0.8552549036708648,-0.00483454322046063,0.0150354995281941,0.0,0.006463405685212573,-0.007794424323765136,0.0,-0.0007991368204927872,0.003305963248475482,0.0,"[0.08598723046892474, 1.8326696538711715, -1.1338971639109656, 0.057380649876320404, 1.400496103041158, 1.0882700836001566, -0.16541369653729393, 1.7394400770306573, 1.161956443414544]"
prism3,412,/home/humanoid/Programs/hand/results/phase1/run_20260413_pollard_multiscene_500_cem/prism3/generated_mjcf/scene_prism3_tn0d0022p0d0223p0d0000_ip0d0189n0d0096p0d0055_mp0d0016p0d0090p0d0000.xml,prism_y0d0350,True,0.03,1.0,1.0,1.0,2.474746007156628,0.049680450227785965,2.0,0.013450872630019643,0.24778670370561018,-0.0021633292292821196,0.02230517427223252,0.0,0.018897786349753608,-0.009618802295454976,0.005502816790046914,0.0016095316072317848,0.009027481605026609,0.0,"[0.08598723046892474, 1.8326696538711715, -1.1338971639109656, 0.057380649876320404, 1.400496103041158, 1.0882700836001566, -0.16541369653729393, 1.7394400770306573, 1.161956443414544]"
prism3,413,/home/humanoid/Programs/hand/results/phase1/run_20260413_pollard_multiscene_500_cem/prism3/generated_mjcf/scene_prism3_tp0d0027p0d0123p0d0068_ip0d0058n0d0063p0d0039_mp0d0002p0d0195p0d0072.xml,prism_y0d0350,True,0.03,1.0,1.0,1.0,2.4176487738464516,0.048064236197999266,2.0,0.012916649574678607,0.2584412928944377,0.0026700165276494457,0.01226117259601896,0.006755428193157744,0.005831519725040962,-0.006284982002491805,0.003932208229509883,0.0001521947786814904,0.019464330946787185,0.007165036133727081,"[0.08598723046892474, 1.8326696538711715, -1.1338971639109656, 0.057380649876320404, 1.400496103041158, 1.0882700836001566, -0.16541369653729393, 1.7394400770306573, 1.161956443414544]"
prism3,414,/home/humanoid/Programs/hand/results/phase1/run_20260413_pollard_multiscene_500_cem/prism3/generated_mjcf/scene_prism3_tp0d0119p0d0161p0d0000_ip0d0066n0d0103p0d0010_mn0d0012p0d0040p0d0000.xml,prism_y0d0350,True,0.03,1.0,1.0,1.0,1.406123238708156,0.041736733594456774,2.0,0.020751864543370583,5.421058053407265,0.011926975172027825,0.016136097000490002,0.0,0.006603760238197899,-0.010256639026435648,0.000980959618551415,-0.0012493701764418955,0.004048123202399532,0.0,"[0.08598723046892474, 1.8326696538711715, -1.1338971639109656, 0.057380649876320404, 1.400496103041158, 1.0882700836001566, -0.16541369653729393, 1.7394400770306573, 1.161956443414544]"
prism3,415,/home/humanoid/Programs/hand/results/phase1/run_20260413_pollard_multiscene_500_cem/prism3/generated_mjcf/scene_prism3_tp0d0091p0d0097p0d0079_ip0d0109n0d0031p0d0000_mp0d0176p0d0167p0d0000.xml,prism_y0d0350,True,0.03,1.0,1.0,1.0,3.1026815743663256,0.05542662737809673,3.0,0.008650286650952741,0.13299873710102994,0.00906606741877758,0.009713425617874147,0.00791014140138167,0.010867190352182917,-0.003114253838119847,0.0,0.017584104657214175,0.01666546351720368,0.0,"[0.08598723046892474, 1.8326696538711715, -1.1338971639109656, 0.057380649876320404, 1.400496103041158, 1.0882700836001566, -0.16541369653729393, 1.7394400770306573, 1.161956443414544]"
prism3,416,/home/humanoid/Programs/hand/results/phase1/run_20260413_pollard_multiscene_500_cem/prism3/generated_mjcf/scene_prism3_tn0d0072p0d0300p0d0000_in0d0010n0d0137p0d0020_mp0d0146p0d0033p0d0000.xml,prism_y0d0350,True,0.03,1.0,1.0,1.0,3.005544067562086,0.05223329706419455,3.0,0.009305258242807474,0.02673875466071962,-0.007174041971646325,0.03,0.0,-0.0009581709355264475,-0.013714458911787292,0.0019873955854658922,0.014588047567082667,0.0033140840490026857,0.0,"[0.08598723046892474, 1.8326696538711715, -1.1338971639109656, 0.057380649876320404, 1.400496103041158, 1.0882700836001566, -0.16541369653729393, 1.7394400770306573, 1.161956443414544]"
prism3,417,/home/humanoid/Programs/hand/results/phase1/run_20260413_pollard_multiscene_500_cem/prism3/generated_mjcf/scene_prism3_tn0d0119p0d0130p0d0033_ip0d0053n0d0196p0d0063_mp0d0108p0d0186p0d0073.xml,prism_y0d0350,True,0.03,1.0,1.0,1.0,2.925291986054242,0.04983480508514304,3.0,0.008842981521179806,0.00826819255603524,-0.011856844397496631,0.01301493444648736,0.0033127292805139857,0.005330779465385114,-0.019633635020686522,0.006301068543077583,0.01080103995901315,0.018606390761993538,0.007283380888463132,"[0.08598723046892474, 1.8326696538711715, -1.1338971639109656, 0.057380649876320404, 1.400496103041158, 1.0882700836001566, -0.16541369653729393, 1.7394400770306573, 1.161956443414544]"
prism3,418,/home/humanoid/Programs/hand/results/phase1/run_20260413_pollard_multiscene_500_cem/prism3/generated_mjcf/scene_prism3_tn0d0063p0d0094p0d0039_ip0d0171n0d0119p0d0074_mp0d0067p0d0205p0d0006.xml,prism_y0d0350,True,0.03,1.0,1.0,1.0,2.881639915325864,0.04888380911672524,3.0,0.008964705244585059,0.07575995513566389,-0.006296620053095982,0.009416219417424817,0.003924512405020338,0.01710157573507877,-0.01187522612800575,0.007410642288759425,0.006671445387090337,0.020463784667246666,0.0006463969782932299,"[0.08598723046892474, 1.8326696538711715, -1.1338971639109656, 0.057380649876320404, 1.400496103041158, 1.0882700836001566, -0.16541369653729393, 1.7394400770306573, 1.161956443414544]"
prism3,419,/home/humanoid/Programs/hand/results/phase1/run_20260413_pollard_multiscene_500_cem/prism3/generated_mjcf/scene_prism3_tn0d0041p0d0241p0d0000_ip0d0099n0d0077p0d0052_mp0d0009p0d0211p0d0000.xml,prism_y0d0350,True,0.03,1.0,1.0,1.0,2.457236928024825,0.0495148186213671,2.0,0.01118926066766286,0.356021349251321,-0.0041412976865153744,0.02409152225526526,0.0,0.009925318078709394,-0.0076590425951469,0.005194099965976872,0.0008881900785973618,0.021141476289865326,0.0,"[0.08598723046892474, 1.8326696538711715, -1.1338971639109656, 0.057380649876320404, 1.400496103041158, 1.0882700836001566, -0.16541369653729393, 1.7394400770306573, 1.161956443414544]"
prism3,420,/home/humanoid/Programs/hand/results/phase1/run_20260413_pollard_multiscene_500_cem/prism3/generated_mjcf/scene_prism3_tp0d0071p0d0239p0d0000_ip0d0117n0d0022p0d0000_mp0d0151p0d0196p0d0030.xml,prism_y0d0350,True,0.03,1.0,1.0,1.0,2.5010263261873877,0.049700388025881975,2.0,0.013130508119253157,0.08150825653316705,0.007137772626772659,0.023857670287552885,0.0,0.011669115350941957,-0.002227125826247416,0.0,0.015091260244914308,0.019558435737760817,0.0029842274549594285,"[0.08598723046892474, 1.8326696538711715, -1.1338971639109656, 0.057380649876320404, 1.400496103041158, 1.0882700836001566, -0.16541369653729393, 1.7394400770306573, 1.161956443414544]"
prism3,421,/home/humanoid/Programs/hand/results/phase1/run_20260413_pollard_multiscene_500_cem/prism3/generated_mjcf/scene_prism3_tp0d0031p0d0156p0d0000_ip0d0072n0d0037p0d0005_mp0d0046p0d0088p0d0005.xml,prism_y0d0350,True,0.03,1.0,1.0,1.0,2.222787482570034,0.04554190310001431,2.0,0.01658468228665311,0.9200650757144051,0.003101723536340091,0.015595989589606042,0.0,0.0072454315533282704,-0.003652126546145917,0.0005213155205137689,0.004554379635483783,0.008842974072948777,0.0005496837176906175,"[0.08598723046892474, 1.8326696538711715, -1.1338971639109656, 0.057380649876320404, 1.400496103041158, 1.0882700836001566, -0.16541369653729393, 1.7394400770306573, 1.161956443414544]"
prism3,422,/home/humanoid/Programs/hand/results/phase1/run_20260413_pollard_multiscene_500_cem/prism3/generated_mjcf/scene_prism3_tp0d0075p0d0090p0d0000_ip0d0095n0d0057p0d0041_mp0d0134p0d0225p0d0000.xml,prism_y0d0350,True,0.03,1.0,1.0,1.0,2.7660779317479336,0.050023552531755416,3.0,0.008264387291311721,1.1214508818725508,0.00753359398917278,0.009021919988826161,0.0,0.009544862541769275,-0.005731684550799405,0.004082674828820045,0.013428867191625499,0.02246770650074717,0.0,"[0.08598723046892474, 1.8326696538711715, -1.1338971639109656, 0.057380649876320404, 1.400496103041158, 1.0882700836001566, -0.16541369653729393, 1.7394400770306573, 1.161956443414544]"
prism3,423,/home/humanoid/Programs/hand/results/phase1/run_20260413_pollard_multiscene_500_cem/prism3/generated_mjcf/scene_prism3_tp0d0012p0d0181p0d0075_ip0d0212n0d0045p0d0015_mp0d0201p0d0059p0d0019.xml,prism_y0d0350,True,0.03,1.0,1.0,1.0,2.131153763218373,0.04076516798125325,2.0,0.012864385980404973,0.465988961097872,0.001238563357003111,0.018056065507205808,0.007519693428228502,0.021206132398409232,-0.004470630085174411,0.001547317764403448,0.020053196267056254,0.005944634302786423,0.0019053686702290105,"[0.08598723046892474, 1.8326696538711715, -1.1338971639109656, 0.057380649876320404, 1.400496103041158, 1.0882700836001566, -0.16541369653729393, 1.7394400770306573, 1.161956443414544]"
prism3,424,/home/humanoid/Programs/hand/results/phase1/run_20260413_pollard_multiscene_500_cem/prism3/generated_mjcf/scene_prism3_tp0d0094p0d0236p0d0023_ip0d0102n0d0222p0d0000_mp0d0161p0d0091p0d0072.xml,prism_y0d0350,True,0.03,1.0,1.0,1.0,2.9080243047286314,0.049686795564290585,3.0,0.009046660966798766,0.08613478725294352,0.009439976988392936,0.0235887609771427,0.0023219766442525783,0.010182597409066308,-0.022214054731901495,0.0,0.01607133661999266,0.00907854784007011,0.007199720664709967,"[0.08598723046892474, 1.8326696538711715, -1.1338971639109656, 0.057380649876320404, 1.400496103041158, 1.0882700836001566, -0.16541369653729393, 1.7394400770306573, 1.161956443414544]"
prism3,425,/home/humanoid/Programs/hand/results/phase1/run_20260413_pollard_multiscene_500_cem/prism3/generated_mjcf/scene_prism3_tn0d0097p0d0265p0d0000_ip0d0173n0d0239p0d0060_mp0d0079p0d0266p0d0000.xml,prism_y0d0350,True,0.03,1.0,1.0,1.0,2.5050618607610793,0.04972538408709536,2.0,0.00969317904968098,0.10626816125264303,-0.009735946968143526,0.026515306910265567,0.0,0.017292401019917678,-0.023949163087233355,0.0060141306694627104,0.00787056582813915,0.026566998527488665,0.0,"[0.08598723046892474, 1.8326696538711715, -1.1338971639109656, 0.057380649876320404, 1.400496103041158, 1.0882700836001566, -0.16541369653729393, 1.7394400770306573, 1.161956443414544]"
prism3,426,/home/humanoid/Programs/hand/results/phase1/run_20260413_pollard_multiscene_500_cem/prism3/generated_mjcf/scene_prism3_tn0d0023p0d0240p0d0049_ip0d0145n0d0043p0d0105_mp0d0153p0d0156p0d0059.xml,prism_y0d0350,True,0.03,1.0,1.0,1.0,2.458984831028026,0.0489134815269754,2.0,0.011503719013975441,0.1998638959210821,-0.002251750389289927,0.023967651029735318,0.004939390703879207,0.014508762345518499,-0.004347934226913543,0.010485183735368647,0.015342193193272654,0.015622395217333425,0.005919397109665846,"[0.08598723046892474, 1.8326696538711715, -1.1338971639109656, 0.057380649876320404, 1.400496103041158, 1.0882700836001566, -0.16541369653729393, 1.7394400770306573, 1.161956443414544]"
prism3,427,/home/humanoid/Programs/hand/results/phase1/run_20260413_pollard_multiscene_500_cem/prism3/generated_mjcf/scene_prism3_tp0d0116p0d0081p0d0063_ip0d0084n0d0079p0d0000_mp0d0035p0d0218p0d0063.xml,prism_y0d0350,True,0.03,1.0,1.0,1.0,2.9681131455842573,0.05222721265553812,3.0,0.008150833506320789,0.29025086897956776,0.011554127167321758,0.008094973935045711,0.00634021291148389,0.008382335375273374,-0.007888242921632352,0.0,0.0034908725353503265,0.021847055821519926,0.006253517562865806,"[0.08598723046892474, 1.8326696538711715, -1.1338971639109656, 0.057380649876320404, 1.400496103041158, 1.0882700836001566, -0.16541369653729393, 1.7394400770306573, 1.161956443414544]"
prism3,428,/home/humanoid/Programs/hand/results/phase1/run_20260413_pollard_multiscene_500_cem/prism3/generated_mjcf/scene_prism3_tp0d0039p0d0091p0d0000_ip0d0043n0d0228p0d0000_mp0d0132p0d0109p0d0085.xml,prism_y0d0350,True,0.03,1.0,1.0,1.0,2.879285392799024,0.04952317027484314,3.0,0.008476712875102722,0.24714760713520614,0.003934916242328907,0.009055660371116435,0.0,0.0042966683546525174,-0.022817310905164527,0.0,0.013238842010290162,0.010876905015767713,0.008523745451003876,"[0.08598723046892474, 1.8326696538711715, -1.1338971639109656, 0.057380649876320404, 1.400496103041158, 1.0882700836001566, -0.16541369653729393, 1.7394400770306573, 1.161956443414544]"
prism3,429,/home/humanoid/Programs/hand/results/phase1/run_20260413_pollard_multiscene_500_cem/prism3/generated_mjcf/scene_prism3_tp0d0051p0d0136p0d0089_in0d0006n0d0155p0d0015_mp0d0118p0d0055p0d0053.xml,prism_y0d0350,True,0.03,1.0,1.0,1.0,2.501023083583392,0.04956915625527851,2.0,0.01459048105887624,0.031442821557357246,0.005125087482668465,0.013563331531296553,0.008941585970417887,-0.0005944345291723756,-0.015549005861688751,0.0015394288276203757,0.011795680983158995,0.005463134066536002,0.00529108644876362,"[0.08598723046892474, 1.8326696538711715, -1.1338971639109656, 0.057380649876320404, 1.400496103041158, 1.0882700836001566, -0.16541369653729393, 1.7394400770306573, 1.161956443414544]"
prism3,430,/home/humanoid/Programs/hand/results/phase1/run_20260413_pollard_multiscene_500_cem/prism3/generated_mjcf/scene_prism3_tp0d0108p0d0253p0d0023_ip0d0047n0d0158p0d0000_mp0d0045p0d0174p0d0005.xml,prism_y0d0350,True,0.03,1.0,1.0,1.0,2.9344272075884135,0.05003952848561036,3.0,0.0083547039899209,0.0016458761873813514,0.010755727203491484,0.025319041018740367,0.0023424459642572733,0.004681210473767024,-0.0158168109349753,0.0,0.004522423977653443,0.01743127013831674,0.00046354652795747506,"[0.08598723046892474, 1.8326696538711715, -1.1338971639109656, 0.057380649876320404, 1.400496103041158, 1.0882700836001566, -0.16541369653729393, 1.7394400770306573, 1.161956443414544]"
prism3,431,/home/humanoid/Programs/hand/results/phase1/run_20260413_pollard_multiscene_500_cem/prism3/generated_mjcf/scene_prism3_tn0d0090p0d0163p0d0012_ip0d0106n0d0210p0d0079_mp0d0186p0d0239p0d0033.xml,prism_y0d0350,True,0.03,1.0,1.0,1.0,2.9237290412949926,0.04978673357553573,3.0,0.008889267455590861,0.006853992917178082,-0.009045069329629866,0.016286414078574243,0.001232079353439438,0.010607776781234562,-0.021005149767894388,0.007941771113298229,0.018568443556381972,0.023899946224055856,0.0033294426360466443,"[0.08598723046892474, 1.8326696538711715, -1.1338971639109656, 0.057380649876320404, 1.400496103041158, 1.0882700836001566, -0.16541369653729393, 1.7394400770306573, 1.161956443414544]"
prism3,432,/home/humanoid/Programs/hand/results/phase1/run_20260413_pollard_multiscene_500_cem/prism3/generated_mjcf/scene_prism3_tp0d0063p0d0270p0d0000_ip0d0020n0d0149p0d0044_mp0d0158p0d0060p0d0000.xml,prism_y0d0350,True,0.03,1.0,1.0,1.0,2.715739877694874,0.05536361888235743,2.0,0.010606308397208997,0.005161109288120414,0.0063085193443046805,0.02696360007822303,0.0,0.001961325675993948,-0.014902927055320836,0.00437067189933418,0.015768154956900225,0.005974865905798616,0.0,"[0.08598723046892474, 1.8326696538711715, -1.1338971639109656, 0.057380649876320404, 1.400496103041158, 1.0882700836001566, -0.16541369653729393, 1.7394400770306573, 1.161956443414544]"
prism3,433,/home/humanoid/Programs/hand/results/phase1/run_20260413_pollard_multiscene_500_cem/prism3/generated_mjcf/scene_prism3_tn0d0039p0d0300p0d0000_in0d0010n0d0194p0d0059_mp0d0206p0d0041p0d0000.xml,prism_y0d0350,True,0.03,1.0,1.0,1.0,1.8714337545110376,0.05435940016824202,3.0,0.009268396916551461,8.084056383628871,-0.003949258224395914,0.03,0.0,-0.0009504631194709491,-0.019444312238559795,0.005891477691566099,0.02061378315896422,0.004131062854890644,0.0,"[0.08598723046892474, 1.8326696538711715, -1.1338971639109656, 0.057380649876320404, 1.400496103041158, 1.0882700836001566, -0.16541369653729393, 1.7394400770306573, 1.161956443414544]"
prism3,434,/home/humanoid/Programs/hand/results/phase1/run_20260413_pollard_multiscene_500_cem/prism3/generated_mjcf/scene_prism3_tp0d0061p0d0184p0d0000_ip0d0176n0d0215p0d0000_mp0d0035p0d0238p0d0000.xml,prism_y0d0350,True,0.03,1.0,1.0,1.0,2.551682197062593,0.04896711615122859,3.0,0.00894554422191005,2.295171865243919,0.006131997720201,0.018435290362744716,0.0,0.017619931956625062,-0.021477761725560728,0.0,0.0035011270404651136,0.02378280003369332,0.0,"[0.08598723046892474, 1.8326696538711715, -1.1338971639109656, 0.057380649876320404, 1.400496103041158, 1.0882700836001566, -0.16541369653729393, 1.7394400770306573, 1.161956443414544]"
prism3,435,/home/humanoid/Programs/hand/results/phase1/run_20260413_pollard_multiscene_500_cem/prism3/generated_mjcf/scene_prism3_tp0d0106p0d0242p0d0000_ip0d0096n0d0043p0d0000_mp0d0168p0d0273p0d0000.xml,prism_y0d0350,True,0.03,1.0,1.0,1.0,2.933189638077607,0.050009042824796734,3.0,0.008329923094255015,0.0031134306784592583,0.01063084908390945,0.024171536197284713,0.0,0.009551757925849768,-0.004272562894365733,0.0,0.01678767899884418,0.02727275818868951,0.0,"[0.08598723046892474, 1.8326696538711715, -1.1338971639109656, 0.057380649876320404, 1.400496103041158, 1.0882700836001566, -0.16541369653729393, 1.7394400770306573, 1.161956443414544]"
prism3,436,/home/humanoid/Programs/hand/results/phase1/run_20260413_pollard_multiscene_500_cem/prism3/generated_mjcf/scene_prism3_tn0d0076p0d0236p0d0000_ip0d0170n0d0200p0d0017_mn0d0013p0d0079p0d0047.xml,prism_y0d0350,True,0.03,1.0,1.0,1.0,2.451833379802588,0.047964652981677625,2.0,0.009787886347771807,0.04902467907056633,-0.007610571290414185,0.023550381931943205,0.0,0.016999661265836574,-0.019983140800411376,0.0017189998139261614,-0.0013349599660444859,0.007934704045173926,0.004699890575137328,"[0.08598723046892474, 1.8326696538711715, -1.1338971639109656, 0.057380649876320404, 1.400496103041158, 1.0882700836001566, -0.16541369653729393, 1.7394400770306573, 1.161956443414544]"
prism3,437,/home/humanoid/Programs/hand/results/phase1/run_20260413_pollard_multiscene_500_cem/prism3/generated_mjcf/scene_prism3_tp0d0026p0d0114p0d0000_ip0d0156n0d0003p0d0000_mp0d0170p0d0047p0d0000.xml,prism_y0d0350,True,0.03,1.0,1.0,1.0,2.0838556581218337,0.03802115893653789,2.0,0.018303561037863778,0.06851855054176406,0.0026176839625111185,0.011391178484980292,0.0,0.015624984481607816,-0.0003278282907494979,0.0,0.01703328899292387,0.004654251325363892,0.0,"[0.08598723046892474, 1.8326696538711715, -1.1338971639109656, 0.057380649876320404, 1.400496103041158, 1.0882700836001566, -0.16541369653729393, 1.7394400770306573, 1.161956443414544]"
prism3,438,/home/humanoid/Programs/hand/results/phase1/run_20260413_pollard_multiscene_500_cem/prism3/generated_mjcf/scene_prism3_tp0d0102p0d0223p0d0000_ip0d0153n0d0106p0d0001_mp0d0175p0d0220p0d0000.xml,prism_y0d0350,True,0.03,1.0,1.0,1.0,2.9321377458303064,0.0499764696663082,3.0,0.008463033566165073,0.0007508357210056443,0.01018342807798086,0.02234125613906514,0.0,0.015265627310635044,-0.01062878129420388,0.0001183555941337601,0.017501498305174445,0.02201449786772612,0.0,"[0.08598723046892474, 1.8326696538711715, -1.1338971639109656, 0.057380649876320404, 1.400496103041158, 1.0882700836001566, -0.16541369653729393, 1.7394400770306573, 1.161956443414544]"
prism3,439,/home/humanoid/Programs/hand/results/phase1/run_20260413_pollard_multiscene_500_cem/prism3/generated_mjcf/scene_prism3_tp0d0041p0d0221p0d0000_ip0d0023n0d0110p0d0000_mp0d0163p0d0236p0d0038.xml,prism_y0d0350,True,0.03,1.0,1.0,1.0,2.929759872351905,0.049914693607870944,3.0,0.008477606557993332,0.0019946053839401214,0.004055396234236862,0.02212583123867185,0.0,0.002321135574197007,-0.011019493156771299,0.0,0.016328507377646455,0.0235699176351113,0.0038354519921154837,"[0.08598723046892474, 1.8326696538711715, -1.1338971639109656, 0.057380649876320404, 1.400496103041158, 1.0882700836001566, -0.16541369653729393, 1.7394400770306573, 1.161956443414544]"
prism3,440,/home/humanoid/Programs/hand/results/phase1/run_20260413_pollard_multiscene_500_cem/prism3/generated_mjcf/scene_prism3_tn0d0057p0d0197p0d0105_ip0d0083n0d0174p0d0070_mp0d0210p0d0172p0d0027.xml,prism_y0d0350,True,0.03,1.0,1.0,1.0,2.925875402661194,0.049839840909148184,3.0,0.00900987317739805,0.0033285520279743076,-0.0057197918777049635,0.019696955628222775,0.010458688009170419,0.008337152167123458,-0.01735205375378309,0.007023605683724916,0.02102385264600795,0.017152563023836435,0.002682832330421164,"[0.08598723046892474, 1.8326696538711715, -1.1338971639109656, 0.057380649876320404, 1.400496103041158, 1.0882700836001566, -0.16541369653729393, 1.7394400770306573, 1.161956443414544]"
prism3,441,/home/humanoid/Programs/hand/results/phase1/run_20260413_pollard_multiscene_500_cem/prism3/generated_mjcf/scene_prism3_tp0d0019p0d0226p0d0066_ip0d0082n0d0120p0d0000_mp0d0103p0d0238p0d0000.xml,prism_y0d0350,True,0.03,1.0,1.0,1.0,2.900415606341039,0.05007201140834202,3.0,0.008710811577350245,0.23122113197487837,0.0019416655371988813,0.02259363229947895,0.006594002727760957,0.008215286594117186,-0.01202021011361221,0.0,0.010305003915128633,0.023819476571518408,0.0,"[0.08598723046892474, 1.8326696538711715, -1.1338971639109656, 0.057380649876320404, 1.400496103041158, 1.0882700836001566, -0.16541369653729393, 1.7394400770306573, 1.161956443414544]"
prism3,442,/home/humanoid/Programs/hand/results/phase1/run_20260413_pollard_multiscene_500_cem/prism3/generated_mjcf/scene_prism3_tp0d0098p0d0113p0d0000_ip0d0119n0d0008p0d0043_mp0d0123p0d0187p0d0000.xml,prism_y0d0350,True,0.03,1.0,1.0,1.0,2.2024586354133833,0.0442028418642779,2.0,0.015619544573525839,0.7560116045952783,0.009780483521716198,0.01132231065837554,0.0,0.011857494599218721,-0.0007928173974697684,0.004320046888400382,0.012275952742412203,0.018654839480562325,0.0,"[0.08598723046892474, 1.8326696538711715, -1.1338971639109656, 0.057380649876320404, 1.400496103041158, 1.0882700836001566, -0.16541369653729393, 1.7394400770306573, 1.161956443414544]"
prism3,443,/home/humanoid/Programs/hand/results/phase1/run_20260413_pollard_multiscene_500_cem/prism3/generated_mjcf/scene_prism3_tp0d0113p0d0300p0d0000_in0d0006n0d0191p0d0000_mp0d0187p0d0119p0d0095.xml,prism_y0d0350,True,0.03,1.0,1.0,1.0,2.460173543786099,0.04918119211886393,2.0,0.009305154869486415,0.2837191375677704,0.011258075666834896,0.03,0.0,-0.0006457849871351617,-0.019081365910640965,0.0,0.018655235429646706,0.01185682668301296,0.009518651544530462,"[0.08598723046892474, 1.8326696538711715, -1.1338971639109656, 0.057380649876320404, 1.400496103041158, 1.0882700836001566, -0.16541369653729393, 1.7394400770306573, 1.161956443414544]"
prism3,444,/home/humanoid/Programs/hand/results/phase1/run_20260413_pollard_multiscene_500_cem/prism3/generated_mjcf/scene_prism3_tp0d0000p0d0094p0d0090_ip0d0033n0d0070p0d0000_mn0d0015p0d0115p0d0011.xml,prism_y0d0350,True,0.03,1.0,1.0,1.0,2.0050503861119537,0.05077819590277946,2.0,0.013407863598155897,3.6358049552601037,3.9475085303166194e-05,0.009449388158865814,0.009004617717149246,0.0033270163392911,-0.006972047386813037,0.0,-0.0014581746872513821,0.01150486117663375,0.0011050946491694934,"[0.08598723046892474, 1.8326696538711715, -1.1338971639109656, 0.057380649876320404, 1.400496103041158, 1.0882700836001566, -0.16541369653729393, 1.7394400770306573, 1.161956443414544]"
prism3,445,/home/humanoid/Programs/hand/results/phase1/run_20260413_pollard_multiscene_500_cem/prism3/generated_mjcf/scene_prism3_tp0d0077p0d0300p0d0000_ip0d0026n0d0098p0d0003_mp0d0090p0d0242p0d0073.xml,prism_y0d0350,True,0.03,1.0,1.0,1.0,2.931413181606118,0.04997104418750878,3.0,0.008406517916924363,0.0050688608189357895,0.00768753876739613,0.03,0.0,0.0025976512521246773,-0.009816610602493132,0.00029591957992342564,0.009017485474437894,0.024158653166428484,0.007259589915213454,"[0.08598723046892474, 1.8326696538711715, -1.1338971639109656, 0.057380649876320404, 1.400496103041158, 1.0882700836001566, -0.16541369653729393, 1.7394400770306573, 1.161956443414544]"
prism3,446,/home/humanoid/Programs/hand/results/phase1/run_20260413_pollard_multiscene_500_cem/prism3/generated_mjcf/scene_prism3_tn0d0011p0d0133p0d0000_ip0d0064n0d0056p0d0000_mp0d0169p0d0078p0d0097.xml,prism_y0d0350,True,0.03,1.0,1.0,1.0,2.201315249007227,0.04955433925100532,2.0,0.010658159015691364,2.078468711643841,-0.0011360838082298663,0.01325824991429327,0.0,0.006370644463462772,-0.005629206754397946,0.0,0.016873785784942086,0.00783212339710345,0.009701247693015839,"[0.08598723046892474, 1.8326696538711715, -1.1338971639109656, 0.057380649876320404, 1.400496103041158, 1.0882700836001566, -0.16541369653729393, 1.7394400770306573, 1.161956443414544]"
prism3,447,/home/humanoid/Programs/hand/results/phase1/run_20260413_pollard_multiscene_500_cem/prism3/generated_mjcf/scene_prism3_tn0d0090p0d0157p0d0000_ip0d0219n0d0157p0d0059_mp0d0063p0d0143p0d0034.xml,prism_y0d0350,True,0.03,1.0,1.0,1.0,2.188677558550494,0.04162003367309301,2.0,0.009861966937867938,0.3219979075468387,-0.00904278167422818,0.015719803582083764,0.0,0.02194357027748288,-0.01567893837806663,0.005854617823766374,0.006262715532870271,0.0143171905155444,0.00339523737421424,"[0.08598723046892474, 1.8326696538711715, -1.1338971639109656, 0.057380649876320404, 1.400496103041158, 1.0882700836001566, -0.16541369653729393, 1.7394400770306573, 1.161956443414544]"
prism3,448,/home/humanoid/Programs/hand/results/phase1/run_20260413_pollard_multiscene_500_cem/prism3/generated_mjcf/scene_prism3_tp0d0003p0d0134p0d0000_ip0d0206n0d0099p0d0000_mp0d0083p0d0251p0d0000.xml,prism_y0d0350,True,0.03,1.0,1.0,1.0,2.541498620058823,0.05132379558757175,2.0,0.009238130285699081,0.24238643289860073,0.0002617629877949522,0.013412109453143835,0.0,0.020648687224171146,-0.009855365425905357,0.0,0.008263438874933736,0.02514626012262553,0.0,"[0.08598723046892474, 1.8326696538711715, -1.1338971639109656, 0.057380649876320404, 1.400496103041158, 1.0882700836001566, -0.16541369653729393, 1.7394400770306573, 1.161956443414544]"
prism3,449,/home/humanoid/Programs/hand/results/phase1/run_20260413_pollard_multiscene_500_cem/prism3/generated_mjcf/scene_prism3_tn0d0067p0d0251p0d0000_ip0d0118n0d0189p0d0103_mp0d0178p0d0230p0d0000.xml,prism_y0d0350,True,0.03,1.0,1.0,1.0,2.9286485668702196,0.049913265564763026,3.0,0.00892429221406066,0.0031142897891002124,-0.006688079787446489,0.025055041151438993,0.0,0.011787691163478548,-0.018857419838083388,0.010269059958378499,0.017802052151034024,0.02298066643960671,0.0,"[0.08598723046892474, 1.8326696538711715, -1.1338971639109656, 0.057380649876320404, 1.400496103041158, 1.0882700836001566, -0.16541369653729393, 1.7394400770306573, 1.161956443414544]"
prism3,450,/home/humanoid/Programs/hand/results/phase1/run_20260413_pollard_multiscene_500_cem/prism3/generated_mjcf/scene_prism3_tn0d0115p0d0097p0d0000_ip0d0058n0d0039p0d0082_mp0d0180p0d0149p0d0014.xml,prism_y0d0350,True,0.03,1.0,1.0,1.0,2.8208120702661788,0.04720685151929785,3.0,0.009080427668550503,0.08844585048096495,-0.011498837979600898,0.009706578963080024,0.0,0.005800274182427564,-0.003875181551276056,0.008213794678798934,0.018034952841468985,0.014892628460001858,0.0014142894425570804,"[0.08598723046892474, 1.8326696538711715, -1.1338971639109656, 0.057380649876320404, 1.400496103041158, 1.0882700836001566, -0.16541369653729393, 1.7394400770306573, 1.161956443414544]"
prism3,451,/home/humanoid/Programs/hand/results/phase1/run_20260413_pollard_multiscene_500_cem/prism3/generated_mjcf/scene_prism3_tn0d0015p0d0169p0d0000_ip0d0172n0d0104p0d0011_mp0d0107p0d0072p0d0079.xml,prism_y0d0350,True,0.03,1.0,1.0,1.0,2.3618079418251496,0.045937993144390274,2.0,0.014006690943843067,0.12005624227215582,-0.0015262415059165927,0.016865296197385568,0.0,0.01723625189913445,-0.010377268605681585,0.0010902005619215262,0.010692937551189264,0.007170400093331903,0.007890693852559163,"[0.08598723046892474, 1.8326696538711715, -1.1338971639109656, 0.057380649876320404, 1.400496103041158, 1.0882700836001566, -0.16541369653729393, 1.7394400770306573, 1.161956443414544]"
prism3,452,/home/humanoid/Programs/hand/results/phase1/run_20260413_pollard_multiscene_500_cem/prism3/generated_mjcf/scene_prism3_tp0d0042p0d0187p0d0000_in0d0003n0d0036p0d0030_mp0d0164p0d0240p0d0000.xml,prism_y0d0350,True,0.03,1.0,1.0,1.0,2.931917407147699,0.049969607182510985,3.0,0.00838233703713944,0.001694467772713143,0.004224288169672047,0.018713736538135094,0.0,-0.0002762932500023751,-0.0035924675596602177,0.0029657756018682153,0.016360768858148723,0.02400119577539169,0.0,"[0.08598723046892474, 1.8326696538711715, -1.1338971639109656, 0.057380649876320404, 1.400496103041158, 1.0882700836001566, -0.16541369653729393, 1.7394400770306573, 1.161956443414544]"
prism3,453,/home/humanoid/Programs/hand/results/phase1/run_20260413_pollard_multiscene_500_cem/prism3/generated_mjcf/scene_prism3_tn0d0023p0d0300p0d0000_ip0d0087n0d0088p0d0000_mp0d0061p0d0096p0d0107.xml,prism_y0d0350,True,0.03,1.0,1.0,1.0,2.4514488265569554,0.048179507609623175,2.0,0.012068174227317922,0.07131727550146856,-0.002253257700280441,0.02996832043086915,0.0,0.008742601393709004,-0.008847917458295534,0.0,0.006059896220482771,0.009636807884215167,0.010725091745554787,"[0.08598723046892474, 1.8326696538711715, -1.1338971639109656, 0.057380649876320404, 1.400496103041158, 1.0882700836001566, -0.16541369653729393, 1.7394400770306573, 1.161956443414544]"
prism3,454,/home/humanoid/Programs/hand/results/phase1/run_20260413_pollard_multiscene_500_cem/prism3/generated_mjcf/scene_prism3_tn0d0120p0d0128p0d0116_ip0d0050n0d0194p0d0076_mp0d0166p0d0127p0d0000.xml,prism_y0d0350,True,0.03,1.0,1.0,1.0,2.9475016304456343,0.05048659294569263,3.0,0.00903976165844279,0.009663995578150357,-0.011972388872996056,0.01282487263656613,0.011611864056680684,0.005026344630147989,-0.019399767209179065,0.007643009671431975,0.01662868765354221,0.01269309732471084,0.0,"[0.08598723046892474, 1.8326696538711715, -1.1338971639109656, 0.057380649876320404, 1.400496103041158, 1.0882700836001566, -0.16541369653729393, 1.7394400770306573, 1.161956443414544]"
prism3,455,/home/humanoid/Programs/hand/results/phase1/run_20260413_pollard_multiscene_500_cem/prism3/generated_mjcf/scene_prism3_tn0d0042p0d0280p0d0000_ip0d0104n0d0162p0d0000_mp0d0194p0d0120p0d0006.xml,prism_y0d0350,True,0.03,1.0,1.0,1.0,2.9281499410262657,0.04989820223596316,3.0,0.008946462455922441,0.002628082137335422,-0.004184508743415265,0.027977910545990033,0.0,0.010384936074195428,-0.016192820587361226,0.0,0.019421232223716424,0.011961081300551542,0.0006333455042184973,"[0.08598723046892474, 1.8326696538711715, -1.1338971639109656, 0.057380649876320404, 1.400496103041158, 1.0882700836001566, -0.16541369653729393, 1.7394400770306573, 1.161956443414544]"
prism3,456,/home/humanoid/Programs/hand/results/phase1/run_20260413_pollard_multiscene_500_cem/prism3/generated_mjcf/scene_prism3_tn0d0040p0d0123p0d0003_ip0d0092n0d0065p0d0071_mp0d0134p0d0052p0d0000.xml,prism_y0d0350,True,0.03,1.0,1.0,1.0,2.1075236823843215,0.03959183069470983,2.0,0.014743642222406853,0.32468738323805946,-0.004036233379079683,0.01228166921896134,0.0003371369671329571,0.009179435430101485,-0.006514778638218343,0.007092787816219352,0.01344244043374698,0.005212812531370138,0.0,"[0.08598723046892474, 1.8326696538711715, -1.1338971639109656, 0.057380649876320404, 1.400496103041158, 1.0882700836001566, -0.16541369653729393, 1.7394400770306573, 1.161956443414544]"
prism3,457,/home/humanoid/Programs/hand/results/phase1/run_20260413_pollard_multiscene_500_cem/prism3/generated_mjcf/scene_prism3_tn0d0077p0d0092p0d0053_ip0d0059n0d0119p0d0000_mp0d0084p0d0256p0d0009.xml,prism_y0d0350,True,0.03,1.0,1.0,1.0,2.927842746914628,0.05125181118451741,3.0,0.00858400065852473,0.32535095484288135,-0.0077221560129722205,0.009241343482545189,0.005305268489148921,0.005934026353985964,-0.01189567654957444,0.0,0.008416652191713826,0.02558215821274215,0.0008878869964164988,"[0.08598723046892474, 1.8326696538711715, -1.1338971639109656, 0.057380649876320404, 1.400496103041158, 1.0882700836001566, -0.16541369653729393, 1.7394400770306573, 1.161956443414544]"
prism3,458,/home/humanoid/Programs/hand/results/phase1/run_20260413_pollard_multiscene_500_cem/prism3/generated_mjcf/scene_prism3_tn0d0087p0d0102p0d0000_ip0d0007n0d0098p0d0001_mp0d0183p0d0189p0d0098.xml,prism_y0d0350,True,0.03,1.0,1.0,1.0,2.9253586747458966,0.04982995432614502,3.0,0.008772559751963432,0.0076307144350169585,-0.008684111063004037,0.010177429826163853,0.0,0.0006950654730162355,-0.009834574943168922,9.944646366308318e-05,0.018299039648385917,0.01888504637861417,0.00980088854210293,"[0.08598723046892474, 1.8326696538711715, -1.1338971639109656, 0.057380649876320404, 1.400496103041158, 1.0882700836001566, -0.16541369653729393, 1.7394400770306573, 1.161956443414544]"
prism3,459,/home/humanoid/Programs/hand/results/phase1/run_20260413_pollard_multiscene_500_cem/prism3/generated_mjcf/scene_prism3_tp0d0038p0d0277p0d0015_ip0d0094n0d0050p0d0087_mp0d0111p0d0248p0d0007.xml,prism_y0d0350,True,0.03,1.0,1.0,1.0,2.4878959608193933,0.04967239878890027,2.0,0.010875664738270221,0.1925777821038376,0.0038372290418067397,0.027679147460744107,0.00146902495111516,0.009444239676410551,-0.005007706588113394,0.008700653976734352,0.01105983181184128,0.024784398737338946,0.0006566282614868125,"[0.08598723046892474, 1.8326696538711715, -1.1338971639109656, 0.057380649876320404, 1.400496103041158, 1.0882700836001566, -0.16541369653729393, 1.7394400770306573, 1.161956443414544]"
prism3,460,/home/humanoid/Programs/hand/results/phase1/run_20260413_pollard_multiscene_500_cem/prism3/generated_mjcf/scene_prism3_tp0d0051p0d0151p0d0076_in0d0005n0d0087p0d0083_mp0d0021p0d0071p0d0000.xml,prism_y0d0350,True,0.03,1.0,1.0,1.0,2.0667322095767706,0.043238703668025055,2.0,0.013064619427673431,1.4699545329917314,0.005070275558583852,0.015144088267443812,0.0076441035634370325,-0.0004886669091993274,-0.008682677275442627,0.008332307329351672,0.0020755398598146044,0.007136235813742821,0.0,"[0.08598723046892474, 1.8326696538711715, -1.1338971639109656, 0.057380649876320404, 1.400496103041158, 1.0882700836001566, -0.16541369653729393, 1.7394400770306573, 1.161956443414544]"
prism3,461,/home/humanoid/Programs/hand/results/phase1/run_20260413_pollard_multiscene_500_cem/prism3/generated_mjcf/scene_prism3_tn0d0027p0d0160p0d0096_ip0d0197n0d0084p0d0031_mp0d0191p0d0191p0d0000.xml,prism_y0d0350,True,0.03,1.0,1.0,1.0,2.882448288574146,0.048729404295871026,3.0,0.009170598798805399,0.03159776122485991,-0.0027418946600591115,0.015962260923850703,0.009641864745706736,0.019737998008139197,-0.008400394671306056,0.003105569813784431,0.019108178305188572,0.01911854850404001,0.0,"[0.08598723046892474, 1.8326696538711715, -1.1338971639109656, 0.057380649876320404, 1.400496103041158, 1.0882700836001566, -0.16541369653729393, 1.7394400770306573, 1.161956443414544]"
prism3,462,/home/humanoid/Programs/hand/results/phase1/run_20260413_pollard_multiscene_500_cem/prism3/generated_mjcf/scene_prism3_tn0d0074p0d0158p0d0080_ip0d0193n0d0065p0d0068_mp0d0003p0d0179p0d0022.xml,prism_y0d0350,True,0.03,1.0,1.0,1.0,2.310433931380738,0.045557758682257136,2.0,0.011129731866432064,0.41218772510265267,-0.007404738332604117,0.015765543940939562,0.007990530901553664,0.019324819285983626,-0.006543558792698018,0.006772267263960373,0.0002677811277845294,0.017936383260698505,0.0021669874134804725,"[0.08598723046892474, 1.8326696538711715, -1.1338971639109656, 0.057380649876320404, 1.400496103041158, 1.0882700836001566, -0.16541369653729393, 1.7394400770306573, 1.161956443414544]"
prism3,463,/home/humanoid/Programs/hand/results/phase1/run_20260413_pollard_multiscene_500_cem/prism3/generated_mjcf/scene_prism3_tn0d0051p0d0300p0d0000_ip0d0060n0d0056p0d0000_mn0d0001p0d0189p0d0000.xml,prism_y0d0350,True,0.03,1.0,1.0,1.0,2.4843226855326455,0.04941469278261959,2.0,0.011393073259751222,0.14936943559691793,-0.005099808976157512,0.03,0.0,0.005961773689922919,-0.005637245574518971,0.0,-0.00013024896387718067,0.018937237793003735,0.0,"[0.08598723046892474, 1.8326696538711715, -1.1338971639109656, 0.057380649876320404, 1.400496103041158, 1.0882700836001566, -0.16541369653729393, 1.7394400770306573, 1.161956443414544]"
prism3,464,/home/humanoid/Programs/hand/results/phase1/run_20260413_pollard_multiscene_500_cem/prism3/generated_mjcf/scene_prism3_tn0d0054p0d0109p0d0107_ip0d0147n0d0019p0d0104_mp0d0043p0d0052p0d0098.xml,prism_y0d0350,True,0.03,1.0,1.0,1.0,2.1855901468891816,0.041142685423146336,2.0,0.01900475820785273,0.10929551003489983,-0.005388295655969974,0.010895009566350942,0.010705614806808997,0.014669172889080135,-0.0018880941279286554,0.010449585597510806,0.004269540828584654,0.005219547507113649,0.009837767568049896,"[0.08598723046892474, 1.8326696538711715, -1.1338971639109656, 0.057380649876320404, 1.400496103041158, 1.0882700836001566, -0.16541369653729393, 1.7394400770306573, 1.161956443414544]"
prism3,465,/home/humanoid/Programs/hand/results/phase1/run_20260413_pollard_multiscene_500_cem/prism3/generated_mjcf/scene_prism3_tp0d0032p0d0149p0d0000_ip0d0097n0d0096p0d0000_mp0d0036p0d0065p0d0091.xml,prism_y0d0350,True,0.03,1.0,1.0,1.0,2.509124927843009,0.04983771117913112,2.0,0.010782931335096493,0.09086067170925043,0.0031694280086304993,0.014940037139802399,0.0,0.009734840540635576,-0.009609581632785089,0.0,0.0036017896508224985,0.006460760873302428,0.009061009487349163,"[0.08598723046892474, 1.8326696538711715, -1.1338971639109656, 0.057380649876320404, 1.400496103041158, 1.0882700836001566, -0.16541369653729393, 1.7394400770306573, 1.161956443414544]"
prism3,466,/home/humanoid/Programs/hand/results/phase1/run_20260413_pollard_multiscene_500_cem/prism3/generated_mjcf/scene_prism3_tn0d0008p0d0260p0d0051_ip0d0026n0d0104p0d0000_mp0d0041p0d0208p0d0000.xml,prism_y0d0350,True,0.03,1.0,1.0,1.0,2.8229905883795956,0.04870823084256593,3.0,0.009121444058586378,0.4236973532869298,-0.00081991629980422,0.026034750194938505,0.005062310391965544,0.0025952577325081662,-0.010359114817091094,0.0,0.0040665430258067965,0.020832864965785874,0.0,"[0.08598723046892474, 1.8326696538711715, -1.1338971639109656, 0.057380649876320404, 1.400496103041158, 1.0882700836001566, -0.16541369653729393, 1.7394400770306573, 1.161956443414544]"
prism3,467,/home/humanoid/Programs/hand/results/phase1/run_20260413_pollard_multiscene_500_cem/prism3/generated_mjcf/scene_prism3_tp0d0054p0d0136p0d0082_ip0d0144n0d0058p0d0089_mp0d0113p0d0095p0d0000.xml,prism_y0d0350,True,0.03,1.0,1.0,1.0,2.4367505101049955,0.04818487745767033,2.0,0.013871450506951892,0.14651533266374794,0.005381576913038623,0.013579279121502625,0.008177907166183992,0.014367376935843145,-0.0058438262028245504,0.008891983580539647,0.011325897271811802,0.00948655199872318,0.0,"[0.08598723046892474, 1.8326696538711715, -1.1338971639109656, 0.057380649876320404, 1.400496103041158, 1.0882700836001566, -0.16541369653729393, 1.7394400770306573, 1.161956443414544]"
prism3,468,/home/humanoid/Programs/hand/results/phase1/run_20260413_pollard_multiscene_500_cem/prism3/generated_mjcf/scene_prism3_tn0d0114p0d0187p0d0000_in0d0008n0d0220p0d0034_mn0d0007p0d0127p0d0000.xml,prism_y0d0350,True,0.03,1.0,1.0,1.0,2.9332942047533064,0.050029550555533694,3.0,0.00869076361212434,0.0023902497741655365,-0.011409274767089164,0.0186899836045733,0.0,-0.0008462088297067905,-0.021983896864782655,0.0034054610646400817,-0.0006828656042447961,0.012675653524392668,0.0,"[0.08598723046892474, 1.8326696538711715, -1.1338971639109656, 0.057380649876320404, 1.400496103041158, 1.0882700836001566, -0.16541369653729393, 1.7394400770306573, 1.161956443414544]"
prism3,469,/home/humanoid/Programs/hand/results/phase1/run_20260413_pollard_multiscene_500_cem/prism3/generated_mjcf/scene_prism3_tn0d0118p0d0098p0d0078_ip0d0157n0d0179p0d0052_mp0d0014p0d0208p0d0000.xml,prism_y0d0350,True,0.03,1.0,1.0,1.0,2.546262110424733,0.05051012734189313,2.0,0.009238020559875453,0.02077536947850381,-0.011765599472505791,0.009785349809807487,0.007848847332914674,0.015698333536894954,-0.017885917142791793,0.005184286748598808,0.001352126037304658,0.020801664430839015,0.0,"[0.08598723046892474, 1.8326696538711715, -1.1338971639109656, 0.057380649876320404, 1.400496103041158, 1.0882700836001566, -0.16541369653729393, 1.7394400770306573, 1.161956443414544]"
prism3,470,/home/humanoid/Programs/hand/results/phase1/run_20260413_pollard_multiscene_500_cem/prism3/generated_mjcf/scene_prism3_tp0d0022p0d0300p0d0106_in0d0001n0d0100p0d0000_mn0d0008p0d0202p0d0001.xml,prism_y0d0350,True,0.03,1.0,1.0,1.0,2.796732697150247,0.047041249994425965,3.0,0.009440534367321333,0.20553322613346206,0.00222650229601605,0.03,0.010567096174962709,-5.7014551148235754e-05,-0.010043033904746949,0.0,-0.0007655641616628912,0.020205489345903757,0.0001371397360768658,"[0.08598723046892474, 1.8326696538711715, -1.1338971639109656, 0.057380649876320404, 1.400496103041158, 1.0882700836001566, -0.16541369653729393, 1.7394400770306573, 1.161956443414544]"
prism3,471,/home/humanoid/Programs/hand/results/phase1/run_20260413_pollard_multiscene_500_cem/prism3/generated_mjcf/scene_prism3_tp0d0030p0d0113p0d0000_ip0d0151n0d0021p0d0000_mp0d0216p0d0086p0d0000.xml,prism_y0d0350,True,0.03,1.0,1.0,1.0,2.14689764833281,0.04002864923325524,2.0,0.015281856919833739,0.1569424066097048,0.003032211930165382,0.011261223420214555,0.0,0.015117565516981355,-0.0020649879170627477,0.0,0.021614954396179616,0.008557351577785258,0.0,"[0.08598723046892474, 1.8326696538711715, -1.1338971639109656, 0.057380649876320404, 1.400496103041158, 1.0882700836001566, -0.16541369653729393, 1.7394400770306573, 1.161956443414544]"
prism3,472,/home/humanoid/Programs/hand/results/phase1/run_20260413_pollard_multiscene_500_cem/prism3/generated_mjcf/scene_prism3_tp0d0055p0d0142p0d0109_in0d0009n0d0107p0d0073_mp0d0158p0d0263p0d0000.xml,prism_y0d0350,True,0.03,1.0,1.0,1.0,2.927814040579588,0.049860717568195496,3.0,0.008471527099112619,0.0024534673935286645,0.005482028692666837,0.014177397811001843,0.010903324251496305,-0.0008679015118163037,-0.010667320474653916,0.00725789014008766,0.015787351380811068,0.02633354953180985,0.0,"[0.08598723046892474, 1.8326696538711715, -1.1338971639109656, 0.057380649876320404, 1.400496103041158, 1.0882700836001566, -0.16541369653729393, 1.7394400770306573, 1.161956443414544]"
prism3,473,/home/humanoid/Programs/hand/results/phase1/run_20260413_pollard_multiscene_500_cem/prism3/generated_mjcf/scene_prism3_tp0d0028p0d0111p0d0000_ip0d0158n0d0076p0d0066_mp0d0190p0d0078p0d0052.xml,prism_y0d0350,True,0.03,1.0,1.0,1.0,1.6844266848097798,0.04409685835750253,2.0,0.010702569483754065,4.250388124902005,0.002787428416073051,0.011124309693084186,0.0,0.015762279253828677,-0.007609730635977962,0.006600435282516717,0.01895273993524628,0.007783232773671751,0.005163729948006412,"[0.08598723046892474, 1.8326696538711715, -1.1338971639109656, 0.057380649876320404, 1.400496103041158, 1.0882700836001566, -0.16541369653729393, 1.7394400770306573, 1.161956443414544]"
prism3,474,/home/humanoid/Programs/hand/results/phase1/run_20260413_pollard_multiscene_500_cem/prism3/generated_mjcf/scene_prism3_tp0d0075p0d0138p0d0000_ip0d0057n0d0219p0d0086_mp0d0161p0d0036p0d0000.xml,prism_y0d0350,True,0.03,1.0,1.0,1.0,2.3183213582586326,0.049582925679488826,2.0,0.014431223203403528,1.2547906274444651,0.007473701560144725,0.013832646818040854,0.0,0.005676260346304213,-0.021940866096397726,0.008647108538634853,0.016052627074017313,0.0035593571489968313,0.0,"[0.08598723046892474, 1.8326696538711715, -1.1338971639109656, 0.057380649876320404, 1.400496103041158, 1.0882700836001566, -0.16541369653729393, 1.7394400770306573, 1.161956443414544]"
prism3,475,/home/humanoid/Programs/hand/results/phase1/run_20260413_pollard_multiscene_500_cem/prism3/generated_mjcf/scene_prism3_tp0d0076p0d0300p0d0000_ip0d0208n0d0131p0d0000_mn0d0016p0d0056p0d0012.xml,prism_y0d0350,True,0.03,1.0,1.0,1.0,1.824599236246672,0.04367757712937656,1.0,0.013121509559162898,0.5191529610878779,0.007629969449959299,0.03,0.0,0.02084695203995446,-0.013079106497613992,0.0,-0.0016474320179972243,0.005604879919699405,0.0012319919719836047,"[0.08598723046892474, 1.8326696538711715, -1.1338971639109656, 0.057380649876320404, 1.400496103041158, 1.0882700836001566, -0.16541369653729393, 1.7394400770306573, 1.161956443414544]"
prism3,476,/home/humanoid/Programs/hand/results/phase1/run_20260413_pollard_multiscene_500_cem/prism3/generated_mjcf/scene_prism3_tp0d0118p0d0279p0d0112_ip0d0203n0d0028p0d0075_mp0d0128p0d0199p0d0107.xml,prism_y0d0350,True,0.03,1.0,1.0,1.0,2.402487700677755,0.047532464223833545,2.0,0.011608583837988325,0.2528758632029498,0.011840430954169388,0.027935950600095887,0.01118669848282157,0.020329158687063302,-0.002805143197382407,0.007519427185789622,0.01275148782269786,0.019934227857964906,0.010702847419610532,"[0.08598723046892474, 1.8326696538711715, -1.1338971639109656, 0.057380649876320404, 1.400496103041158, 1.0882700836001566, -0.16541369653729393, 1.7394400770306573, 1.161956443414544]"
prism3,477,/home/humanoid/Programs/hand/results/phase1/run_20260413_pollard_multiscene_500_cem/prism3/generated_mjcf/scene_prism3_tp0d0035p0d0101p0d0008_ip0d0170n0d0216p0d0000_mp0d0184p0d0054p0d0000.xml,prism_y0d0350,True,0.03,1.0,1.0,1.0,2.009546842972823,0.048978350220979225,2.0,0.009479287404027039,3.238245599689305,0.003532706305282232,0.010064409176203722,0.0007671164180321852,0.016983686550221457,-0.02158511885854595,0.0,0.018377546113442306,0.0054433989863529875,0.0,"[0.08598723046892474, 1.8326696538711715, -1.1338971639109656, 0.057380649876320404, 1.400496103041158, 1.0882700836001566, -0.16541369653729393, 1.7394400770306573, 1.161956443414544]"
prism3,478,/home/humanoid/Programs/hand/results/phase1/run_20260413_pollard_multiscene_500_cem/prism3/generated_mjcf/scene_prism3_tp0d0004p0d0216p0d0069_ip0d0154n0d0225p0d0015_mp0d0145p0d0270p0d0071.xml,prism_y0d0350,True,0.03,1.0,1.0,1.0,2.9232971362550604,0.049746459853269684,3.0,0.008777850512000243,0.0018217172358546275,0.0004021373010342118,0.021570085370465064,0.006861995303780965,0.015395232114689744,-0.022512682614668177,0.0014686024647519863,0.014504301258655013,0.027042155239312353,0.007146943895862106,"[0.08598723046892474, 1.8326696538711715, -1.1338971639109656, 0.057380649876320404, 1.400496103041158, 1.0882700836001566, -0.16541369653729393, 1.7394400770306573, 1.161956443414544]"
prism3,479,/home/humanoid/Programs/hand/results/phase1/run_20260413_pollard_multiscene_500_cem/prism3/generated_mjcf/scene_prism3_tp0d0096p0d0159p0d0005_in0d0007n0d0051p0d0022_mp0d0147p0d0272p0d0076.xml,prism_y0d0350,True,0.03,1.0,1.0,1.0,2.9439068227428216,0.050313691609780734,3.0,0.008265599597701428,0.003607896027341609,0.009594060715247866,0.015874209928032755,0.0005246555194527141,-0.0006892630481953044,-0.005095977938302259,0.002235288648113707,0.01474634968078216,0.027241851348343935,0.007604286297816443,"[0.08598723046892474, 1.8326696538711715, -1.1338971639109656, 0.057380649876320404, 1.400496103041158, 1.0882700836001566, -0.16541369653729393, 1.7394400770306573, 1.161956443414544]"
prism3,480,/home/humanoid/Programs/hand/results/phase1/run_20260413_pollard_multiscene_500_cem/prism3/generated_mjcf/scene_prism3_tn0d0066p0d0101p0d0000_ip0d0142n0d0234p0d0072_mp0d0124p0d0232p0d0000.xml,prism_y0d0350,True,0.03,1.0,1.0,1.0,2.9197384852384842,0.04966562623429416,3.0,0.008650481485088622,0.008383133277561801,-0.006594381918308316,0.010115788867042789,0.0,0.014238195089008763,-0.023356292142754483,0.007217844165074538,0.012374884987691043,0.02323082678296967,0.0,"[0.08598723046892474, 1.8326696538711715, -1.1338971639109656, 0.057380649876320404, 1.400496103041158, 1.0882700836001566, -0.16541369653729393, 1.7394400770306573, 1.161956443414544]"
prism3,481,/home/humanoid/Programs/hand/results/phase1/run_20260413_pollard_multiscene_500_cem/prism3/generated_mjcf/scene_prism3_tn0d0042p0d0108p0d0000_ip0d0050n0d0165p0d0000_mp0d0091p0d0259p0d0100.xml,prism_y0d0350,True,0.03,1.0,1.0,1.0,2.933170081971436,0.0500300187013643,3.0,0.008532914946607897,0.005431617887327807,-0.0042281149078721115,0.01083128765777069,0.0,0.004986767634672156,-0.016452708630349696,0.0,0.00910392439192348,0.02593147672649057,0.009987862840108785,"[0.08598723046892474, 1.8326696538711715, -1.1338971639109656, 0.057380649876320404, 1.400496103041158, 1.0882700836001566, -0.16541369653729393, 1.7394400770306573, 1.161956443414544]"
prism3,482,/home/humanoid/Programs/hand/results/phase1/run_20260413_pollard_multiscene_500_cem/prism3/generated_mjcf/scene_prism3_tn0d0098p0d0121p0d0012_ip0d0047n0d0163p0d0119_mp0d0210p0d0054p0d0039.xml,prism_y0d0350,True,0.03,1.0,1.0,1.0,2.7511495192729245,0.045061998485297156,3.0,0.009366236090963301,0.048586370203661224,-0.009785904135380658,0.012145531883004285,0.0011952640352207375,0.004714135885396038,-0.01625831757918936,0.011942494800905243,0.021011383902793244,0.00537992948582189,0.003885434767348487,"[0.08598723046892474, 1.8326696538711715, -1.1338971639109656, 0.057380649876320404, 1.400496103041158, 1.0882700836001566, -0.16541369653729393, 1.7394400770306573, 1.161956443414544]"
prism3,483,/home/humanoid/Programs/hand/results/phase1/run_20260413_pollard_multiscene_500_cem/prism3/generated_mjcf/scene_prism3_tp0d0109p0d0127p0d0019_ip0d0088n0d0202p0d0065_mp0d0187p0d0240p0d0000.xml,prism_y0d0350,True,0.03,1.0,1.0,1.0,2.9314150065743125,0.04999003827244099,3.0,0.008356767612959259,0.010151984901357582,0.010894348867085565,0.012710075306302046,0.0018722219357900777,0.008848358440154708,-0.020194848826237767,0.006485100261905189,0.018678946417392296,0.024026488161248492,4.530683727942651e-05,"[0.08598723046892474, 1.8326696538711715, -1.1338971639109656, 0.057380649876320404, 1.400496103041158, 1.0882700836001566, -0.16541369653729393, 1.7394400770306573, 1.161956443414544]"
prism3,484,/home/humanoid/Programs/hand/results/phase1/run_20260413_pollard_multiscene_500_cem/prism3/generated_mjcf/scene_prism3_tn0d0052p0d0171p0d0000_ip0d0114n0d0080p0d0001_mp0d0184p0d0173p0d0101.xml,prism_y0d0350,True,0.03,1.0,1.0,1.0,1.622313387830798,0.050241467354684426,2.0,0.009741889021990644,6.111027943594505,-0.005160010769570534,0.017119655572404743,0.0,0.011431032996217559,-0.008025402495112839,6.745440736844431e-05,0.018422271121277062,0.017256367578312053,0.010058918050668147,"[0.08598723046892474, 1.8326696538711715, -1.1338971639109656, 0.057380649876320404, 1.400496103041158, 1.0882700836001566, -0.16541369653729393, 1.7394400770306573, 1.161956443414544]"
prism3,485,/home/humanoid/Programs/hand/results/phase1/run_20260413_pollard_multiscene_500_cem/prism3/generated_mjcf/scene_prism3_tp0d0088p0d0135p0d0000_ip0d0118n0d0067p0d0000_mp0d0202p0d0130p0d0000.xml,prism_y0d0350,True,0.03,1.0,1.0,1.0,2.9615095257077186,0.051152117391501675,3.0,0.009199518283931596,0.06943697617984473,0.008772642373253814,0.013473487068065018,0.0,0.011840300635021877,-0.0066831136960992295,0.0,0.020173904665329145,0.012994021296588502,0.0,"[0.08598723046892474, 1.8326696538711715, -1.1338971639109656, 0.057380649876320404, 1.400496103041158, 1.0882700836001566, -0.16541369653729393, 1.7394400770306573, 1.161956443414544]"
prism3,486,/home/humanoid/Programs/hand/results/phase1/run_20260413_pollard_multiscene_500_cem/prism3/generated_mjcf/scene_prism3_tp0d0076p0d0110p0d0119_ip0d0205n0d0031p0d0000_mp0d0192p0d0140p0d0000.xml,prism_y0d0350,True,0.03,1.0,1.0,1.0,2.4600439211408154,0.04850843459333269,2.0,0.010648880162034087,0.1096901953450684,0.007581525711751653,0.010985390094024649,0.01190669299281387,0.020533639884696864,-0.00312243768418328,0.0,0.019226256050701995,0.014038426579401892,0.0,"[0.08598723046892474, 1.8326696538711715, -1.1338971639109656, 0.057380649876320404, 1.400496103041158, 1.0882700836001566, -0.16541369653729393, 1.7394400770306573, 1.161956443414544]"
prism3,487,/home/humanoid/Programs/hand/results/phase1/run_20260413_pollard_multiscene_500_cem/prism3/generated_mjcf/scene_prism3_tp0d0088p0d0220p0d0000_ip0d0041n0d0100p0d0000_mp0d0023p0d0105p0d0000.xml,prism_y0d0350,True,0.03,1.0,1.0,1.0,0.9988476277721121,0.04877867528115393,3.0,0.008285582651609157,12.612232278433714,0.008751521139274309,0.02195813433495425,0.0,0.004088112811065856,-0.010035573251982316,0.0,0.0022695589478362553,0.010519856420060628,0.0,"[0.08598723046892474, 1.8326696538711715, -1.1338971639109656, 0.057380649876320404, 1.400496103041158, 1.0882700836001566, -0.16541369653729393, 1.7394400770306573, 1.161956443414544]"
prism3,488,/home/humanoid/Programs/hand/results/phase1/run_20260413_pollard_multiscene_500_cem/prism3/generated_mjcf/scene_prism3_tp0d0040p0d0252p0d0000_ip0d0175n0d0024p0d0099_mp0d0139p0d0140p0d0000.xml,prism_y0d0350,True,0.03,1.0,1.0,1.0,2.3637091766207954,0.04709276186542336,2.0,0.014224603307191615,0.3739218803642599,0.0040151865912417435,0.02517965433679476,0.0,0.017472318988795123,-0.0023861769190015748,0.009858527470894534,0.013947603886014506,0.014000716894325091,0.0,"[0.08598723046892474, 1.8326696538711715, -1.1338971639109656, 0.057380649876320404, 1.400496103041158, 1.0882700836001566, -0.16541369653729393, 1.7394400770306573, 1.161956443414544]"
prism3,489,/home/humanoid/Programs/hand/results/phase1/run_20260413_pollard_multiscene_500_cem/prism3/generated_mjcf/scene_prism3_tp0d0115p0d0273p0d0000_ip0d0172n0d0229p0d0117_mp0d0010p0d0058p0d0081.xml,prism_y0d0350,True,0.03,1.0,1.0,1.0,2.4590543168029892,0.04989280228401757,2.0,0.013016601944574527,0.4077370616565125,0.011498811694675162,0.02730715923601008,0.0,0.01719954964271813,-0.02291522830305808,0.011660194511019378,0.000951591731001138,0.005777731413406928,0.008084415280346147,"[0.08598723046892474, 1.8326696538711715, -1.1338971639109656, 0.057380649876320404, 1.400496103041158, 1.0882700836001566, -0.16541369653729393, 1.7394400770306573, 1.161956443414544]"
prism3,490,/home/humanoid/Programs/hand/results/phase1/run_20260413_pollard_multiscene_500_cem/prism3/generated_mjcf/scene_prism3_tn0d0103p0d0157p0d0000_ip0d0039n0d0154p0d0024_mp0d0106p0d0269p0d0095.xml,prism_y0d0350,True,0.03,1.0,1.0,1.0,2.9287654882265026,0.049900739086848264,3.0,0.008719339382243584,0.002144673658000133,-0.01033819147763369,0.015694722108475882,0.0,0.0038626213160662783,-0.01540010741443225,0.002371286748752201,0.010604854281785482,0.02690137877281787,0.009546302702118915,"[0.08598723046892474, 1.8326696538711715, -1.1338971639109656, 0.057380649876320404, 1.400496103041158, 1.0882700836001566, -0.16541369653729393, 1.7394400770306573, 1.161956443414544]"
prism3,491,/home/humanoid/Programs/hand/results/phase1/run_20260413_pollard_multiscene_500_cem/prism3/generated_mjcf/scene_prism3_tn0d0023p0d0233p0d0063_ip0d0006n0d0094p0d0055_mp0d0146p0d0041p0d0107.xml,prism_y0d0350,True,0.03,1.0,1.0,1.0,2.4467293306053994,0.05992826688962872,2.0,0.014278181194010123,2.8146909876239046,-0.002329973913256801,0.023270871193499486,0.006282828895953191,0.0005698282814026179,-0.00942041051014574,0.005458426041261531,0.014598589441035268,0.00405319105217238,0.010694641674625756,"[0.08598723046892474, 1.8326696538711715, -1.1338971639109656, 0.057380649876320404, 1.400496103041158, 1.0882700836001566, -0.16541369653729393, 1.7394400770306573, 1.161956443414544]"
prism3,492,/home/humanoid/Programs/hand/results/phase1/run_20260413_pollard_multiscene_500_cem/prism3/generated_mjcf/scene_prism3_tn0d0120p0d0103p0d0000_ip0d0137n0d0123p0d0000_mp0d0054p0d0081p0d0045.xml,prism_y0d0350,True,0.03,1.0,1.0,1.0,2.072797431041133,0.03707436155965935,2.0,0.01162173954803084,0.010411629672552627,-0.011976922786092133,0.010296461513639622,0.0,0.013723523804438831,-0.01225337989012358,0.0,0.005424176997103532,0.008063687818109542,0.004537319127635171,"[0.08598723046892474, 1.8326696538711715, -1.1338971639109656, 0.057380649876320404, 1.400496103041158, 1.0882700836001566, -0.16541369653729393, 1.7394400770306573, 1.161956443414544]"
prism3,493,/home/humanoid/Programs/hand/results/phase1/run_20260413_pollard_multiscene_500_cem/prism3/generated_mjcf/scene_prism3_tp0d0088p0d0282p0d0000_ip0d0061n0d0212p0d0086_mp0d0193p0d0217p0d0044.xml,prism_y0d0350,True,0.03,1.0,1.0,1.0,2.9325918588032347,0.05000114117215797,3.0,0.008676678328860675,0.0006315037638208553,0.008810582318479962,0.02823864594716607,0.0,0.006079133984940187,-0.021190124465350433,0.008551471268848924,0.0193094866325604,0.021664834753422582,0.004377443391571888,"[0.08598723046892474, 1.8326696538711715, -1.1338971639109656, 0.057380649876320404, 1.400496103041158, 1.0882700836001566, -0.16541369653729393, 1.7394400770306573, 1.161956443414544]"
prism3,494,/home/humanoid/Programs/hand/results/phase1/run_20260413_pollard_multiscene_500_cem/prism3/generated_mjcf/scene_prism3_tp0d0006p0d0298p0d0000_ip0d0182n0d0143p0d0033_mp0d0144p0d0134p0d0000.xml,prism_y0d0350,True,0.03,1.0,1.0,1.0,2.9017812800650704,0.04958513475507678,3.0,0.009284332967217222,0.10086513618788227,0.0006423515573065076,0.029804859421237912,0.0,0.01822084788801706,-0.014321454506167038,0.0032808942086269676,0.0143580323783207,0.013396258077430756,0.0,"[0.08598723046892474, 1.8326696538711715, -1.1338971639109656, 0.057380649876320404, 1.400496103041158, 1.0882700836001566, -0.16541369653729393, 1.7394400770306573, 1.161956443414544]"
prism3,495,/home/humanoid/Programs/hand/results/phase1/run_20260413_pollard_multiscene_500_cem/prism3/generated_mjcf/scene_prism3_tp0d0045p0d0202p0d0000_ip0d0187n0d0027p0d0000_mp0d0092p0d0076p0d0019.xml,prism_y0d0350,True,0.03,1.0,1.0,1.0,2.3039001651460933,0.046142545237226024,2.0,0.016387103136341057,0.5220980792275683,0.004459944146623599,0.020157888414723962,0.0,0.018738071733546885,-0.002711925195349201,0.0,0.0092276115898702,0.0075653226688972225,0.0018619001808148194,"[0.08598723046892474, 1.8326696538711715, -1.1338971639109656, 0.057380649876320404, 1.400496103041158, 1.0882700836001566, -0.16541369653729393, 1.7394400770306573, 1.161956443414544]"
prism3,496,/home/humanoid/Programs/hand/results/phase1/run_20260413_pollard_multiscene_500_cem/prism3/generated_mjcf/scene_prism3_tn0d0009p0d0248p0d0099_ip0d0088n0d0012p0d0000_mp0d0184p0d0181p0d0000.xml,prism_y0d0350,True,0.03,1.0,1.0,1.0,2.4695351446308047,0.04848407346800438,2.0,0.009450131094670099,0.056714430400057685,-0.0008933137833174749,0.024786767158425156,0.009864986063080061,0.008841727231664482,-0.0012339940763756874,0.0,0.018411304301340338,0.01808062999647958,0.0,"[0.08598723046892474, 1.8326696538711715, -1.1338971639109656, 0.057380649876320404, 1.400496103041158, 1.0882700836001566, -0.16541369653729393, 1.7394400770306573, 1.161956443414544]"
prism3,497,/home/humanoid/Programs/hand/results/phase1/run_20260413_pollard_multiscene_500_cem/prism3/generated_mjcf/scene_prism3_tn0d0097p0d0212p0d0092_ip0d0104n0d0190p0d0000_mp0d0216p0d0200p0d0095.xml,prism_y0d0350,True,0.03,1.0,1.0,1.0,2.920711045367882,0.04969926714077315,3.0,0.009094966820700188,0.003822472785186771,-0.009713218372601893,0.021152490188781035,0.009228060343378315,0.010391589576232495,-0.019031929684336403,0.0,0.02163107469634539,0.020045375014204635,0.009475648985567953,"[0.08598723046892474, 1.8326696538711715, -1.1338971639109656, 0.057380649876320404, 1.400496103041158, 1.0882700836001566, -0.16541369653729393, 1.7394400770306573, 1.161956443414544]"
prism3,498,/home/humanoid/Programs/hand/results/phase1/run_20260413_pollard_multiscene_500_cem/prism3/generated_mjcf/scene_prism3_tn0d0119p0d0090p0d0017_ip0d0053n0d0047p0d0038_mp0d0079p0d0177p0d0074.xml,prism_y0d0350,True,0.03,1.0,1.0,1.0,1.9504259226537026,0.06329439761786343,3.0,0.008940844835185957,9.646642028674306,-0.011909862353567426,0.008988565285749352,0.001733493470553472,0.005262883245504537,-0.00472709212620471,0.003801006143391579,0.00789349564076763,0.01765195848887168,0.0073960258272467334,"[0.08598723046892474, 1.8326696538711715, -1.1338971639109656, 0.057380649876320404, 1.400496103041158, 1.0882700836001566, -0.16541369653729393, 1.7394400770306573, 1.161956443414544]"
prism3,499,/home/humanoid/Programs/hand/results/phase1/run_20260413_pollard_multiscene_500_cem/prism3/generated_mjcf/scene_prism3_tp0d0014p0d0095p0d0000_ip0d0084n0d0171p0d0015_mp0d0149p0d0186p0d0000.xml,prism_y0d0350,True,0.03,1.0,1.0,1.0,2.9297457822294772,0.04993186219549793,3.0,0.008472909784749598,0.006157166956342597,0.0013764715164408785,0.00947601429432269,0.0,0.008399100002780555,-0.017066066196626872,0.0014972733179993147,0.014912960203866244,0.018649016434409443,0.0,"[0.08598723046892474, 1.8326696538711715, -1.1338971639109656, 0.057380649876320404, 1.400496103041158, 1.0882700836001566, -0.16541369653729393, 1.7394400770306573, 1.161956443414544]"
