scene_key,candidate_id,scene_xml,selected_foundational_pose,feasible,feasibility_max_mean_tip_distance,feasibility_min_contacts,feasibility_min_finger_contact_persistence,feasibility_max_finger_yaw_drift,feasible_pose_count,foundational_pose_count,score,cube_lift,cube_tip_contacts,mean_tip_distance,cube_vel_norm,cube_xy_drift,cube_z_drop_from_peak,contact_persistence,thumb_contact_persistence,index_contact_persistence,middle_contact_persistence,all_finger_contact_persistence,min_finger_contact_persistence,finger_persistence_imbalance,finger_yaw_drift,finger_flex_drift,thumb_x,thumb_y,thumb_len,index_x,index_y,index_len,middle_x,middle_y,middle_len,chosen_ctrl_json
cube,0,/home/humanoid/Programs/hand/results/phase1/run_20260413_pollard_multiscene_500_run3/cube/generated_mjcf/scene_cube_tp0d0000p0d0200p0d0000_ip0d0100n0d0123p0d0000_mp0d0100p0d0153p0d0000.xml,cube_s2,True,0.012,4.0,0.55,0.3,3.0,3.0,7.287530437780698,0.052322123078772015,6.0,0.005508057405263987,0.22025056026457504,0.004123085890067734,0.0,1.0,1.0,1.0,1.0,1.0,1.0,0.0,0.048511257082259694,0.05288079740688625,0.0,0.02,0.0,0.01,-0.0123,0.0,0.01,0.0153,0.0,"[0.017223146151747647, 1.459904436214625, -1.196363758888488, -0.16288070789033632, 1.4786822661138344, 0.8783849268062217, 0.14840284864208186, 1.4237321528457243, 1.0573572983017683]"
cube,2,/home/humanoid/Programs/hand/results/phase1/run_20260413_pollard_multiscene_500_run3/cube/generated_mjcf/scene_cube_tp0d0104p0d0276p0d0000_ip0d0186n0d0235p0d0055_mp0d0022p0d0240p0d0010.xml,cube_s2,True,0.012,4.0,0.55,0.3,1.0,3.0,6.608767331833849,0.04862696761065503,6.0,0.0070686765071971925,3.4339537357420555,0.011243700981773621,0.0010377913970819053,1.0,1.0,1.0,1.0,1.0,1.0,0.0,0.05267329635666745,0.06271424430216505,0.010441738170906437,0.02758048529891677,0.0,0.018577702638101663,-0.023493946192668855,0.005511730714318659,0.002215734894461416,0.024016294136397276,0.0009950692859782007,"[0.017223146151747647, 1.459904436214625, -1.196363758888488, -0.16288070789033632, 1.4786822661138344, 0.8783849268062217, 0.14840284864208186, 1.4237321528457243, 1.0573572983017683]"
cube,3,/home/humanoid/Programs/hand/results/phase1/run_20260413_pollard_multiscene_500_run3/cube/generated_mjcf/scene_cube_tn0d0048p0d0181p0d0000_ip0d0010n0d0082p0d0035_mp0d0128p0d0125p0d0119.xml,cube_s2,True,0.012,4.0,0.55,0.3,3.0,3.0,7.259791728493745,0.049371190335928544,6.0,0.006872974613895708,0.11892124466974054,0.0021490832074042617,0.0007675358369018948,1.0,1.0,1.0,1.0,1.0,1.0,0.0,0.0054504924680118284,0.01812075116048284,-0.004806914627102765,0.018144493308743802,0.0,0.0009827986359895336,-0.008205014047352873,0.003532548277782002,0.012769242675550093,0.012508261302285202,0.011933038458941066,"[0.017223146151747647, 1.459904436214625, -1.196363758888488, -0.16288070789033632, 1.4786822661138344, 0.8783849268062217, 0.14840284864208186, 1.4237321528457243, 1.0573572983017683]"
cube,4,/home/humanoid/Programs/hand/results/phase1/run_20260413_pollard_multiscene_500_run3/cube/generated_mjcf/scene_cube_tp0d0115p0d0245p0d0036_ip0d0145n0d0150p0d0000_mp0d0153p0d0159p0d0000.xml,cube_s2,True,0.012,4.0,0.55,0.3,1.0,3.0,7.406194947834102,0.050433327419704944,7.0,0.004929043918118111,1.0394808465900995,0.007384121915929523,0.0,1.0,1.0,1.0,1.0,1.0,1.0,0.0,0.12133557425508196,0.055101982560321915,0.011540048130629522,0.024453007627536674,0.0036110226304275905,0.014522721533702562,-0.014965885824501509,0.0,0.01531572016465796,0.01590850373941742,0.0,"[0.017223146151747647, 1.459904436214625, -1.196363758888488, -0.16288070789033632, 1.4786822661138344, 0.8783849268062217, 0.14840284864208186, 1.4237321528457243, 1.0573572983017683]"
cube,5,/home/humanoid/Programs/hand/results/phase1/run_20260413_pollard_multiscene_500_run3/cube/generated_mjcf/scene_cube_tn0d0003p0d0293p0d0104_ip0d0066n0d0106p0d0000_mp0d0123p0d0114p0d0000.xml,cube_s2,True,0.012,4.0,0.55,0.3,1.0,3.0,7.136802060307639,0.049842347822973615,6.0,0.005099456414584183,0.724869051261541,0.0032852236364329015,0.0,1.0,1.0,1.0,1.0,1.0,1.0,0.0,0.0607031209176113,0.016672760483655607,-0.00033995138803706235,0.02934770802437601,0.010417044382949991,0.006587084721017685,-0.010583284062485737,0.0,0.012263200724792723,0.011409869412171198,0.0,"[0.017223146151747647, 1.459904436214625, -1.196363758888488, -0.16288070789033632, 1.4786822661138344, 0.8783849268062217, 0.14840284864208186, 1.4237321528457243, 1.0573572983017683]"
cube,7,/home/humanoid/Programs/hand/results/phase1/run_20260413_pollard_multiscene_500_run3/cube/generated_mjcf/scene_cube_tn0d0039p0d0116p0d0000_ip0d0171n0d0188p0d0000_mp0d0077p0d0081p0d0000.xml,cube_s0,True,0.012,4.0,0.55,0.3,3.0,3.0,7.173755115372747,0.049744192519324736,6.0,0.004997988080099888,0.4488175799038062,0.004828627378012506,0.0,1.0,1.0,1.0,1.0,1.0,1.0,0.0,0.05493194255364383,0.012138605672257071,-0.003933190546904152,0.011606707205476137,0.0,0.017111782486895065,-0.01876458698415006,0.0,0.007709244155716676,0.008064313068222126,0.0,"[0.05678979513303625, 1.2676084262416583, -0.9349968107595399, -0.13036683479999123, 1.4833706545479408, 1.0112688435157549, 0.05156688663574824, 1.5118083532294129, 0.9140770810808272]"
cube,8,/home/humanoid/Programs/hand/results/phase1/run_20260413_pollard_multiscene_500_run3/cube/generated_mjcf/scene_cube_tp0d0019p0d0152p0d0041_ip0d0028n0d0017p0d0000_mp0d0005p0d0184p0d0103.xml,cube_s2,True,0.012,4.0,0.55,0.3,1.0,3.0,7.29471441248268,0.04972519132566233,6.0,0.007806633810940661,0.03776986646923714,0.0020752860549808367,0.0002553156444737026,1.0,1.0,1.0,1.0,1.0,1.0,0.0,0.0006962042333794697,0.016353656052570997,0.0019279772636844154,0.015168707187654142,0.004127877070952624,0.002788370655237119,-0.0016892853478440526,0.0,0.0005318867096855088,0.018398595636953022,0.010251709273628819,"[0.017223146151747647, 1.459904436214625, -1.196363758888488, -0.16288070789033632, 1.4786822661138344, 0.8783849268062217, 0.14840284864208186, 1.4237321528457243, 1.0573572983017683]"
cube,9,/home/humanoid/Programs/hand/results/phase1/run_20260413_pollard_multiscene_500_run3/cube/generated_mjcf/scene_cube_tn0d0014p0d0300p0d0000_ip0d0082n0d0094p0d0119_mp0d0208p0d0143p0d0062.xml,cube_s2,True,0.012,4.0,0.55,0.3,1.0,3.0,7.628210869290727,0.04740124400361351,7.0,0.004973118788258862,0.01343249838098067,0.0025396178125521064,5.6643916856266574e-05,1.0,1.0,1.0,1.0,1.0,1.0,0.0,0.00029917117715131417,0.005309906894684986,-0.0014309482868211845,0.03,0.0,0.008205486996377813,-0.009414877151630932,0.011882316125647777,0.02077464819850637,0.014341083343418305,0.006185492287398994,"[0.017223146151747647, 1.459904436214625, -1.196363758888488, -0.16288070789033632, 1.4786822661138344, 0.8783849268062217, 0.14840284864208186, 1.4237321528457243, 1.0573572983017683]"
cube,10,/home/humanoid/Programs/hand/results/phase1/run_20260413_pollard_multiscene_500_run3/cube/generated_mjcf/scene_cube_tn0d0001p0d0207p0d0069_ip0d0080n0d0067p0d0051_mp0d0204p0d0061p0d0055.xml,cube_s2,True,0.012,4.0,0.55,0.3,3.0,3.0,7.2309467109182615,0.050897480309004095,6.0,0.0060452937164564916,0.5480589962372895,0.0029138997315024846,0.0,1.0,1.0,1.0,1.0,1.0,1.0,0.0,0.01693295532197873,0.04349861863476536,-6.185530829714431e-05,0.02070349184472249,0.00685885681713138,0.0079517403845361,-0.006672394277070495,0.005067429071753997,0.020369432478721076,0.006058383198741723,0.005496362809831425,"[0.017223146151747647, 1.459904436214625, -1.196363758888488, -0.16288070789033632, 1.4786822661138344, 0.8783849268062217, 0.14840284864208186, 1.4237321528457243, 1.0573572983017683]"
cube,11,/home/humanoid/Programs/hand/results/phase1/run_20260413_pollard_multiscene_500_run3/cube/generated_mjcf/scene_cube_tp0d0103p0d0300p0d0000_ip0d0187n0d0008p0d0110_mp0d0016p0d0266p0d0094.xml,cube_s0,True,0.012,4.0,0.55,0.3,2.0,3.0,5.599663523283548,0.05215047083402362,6.0,0.005038681300138023,1.8372024613369724,0.018902303399497677,0.0038769219450520975,1.0,0.7416666666666667,1.0,0.6583333333333333,0.4,0.6583333333333333,0.3416666666666667,0.07046087057417788,0.15909493958933724,0.010258174286989438,0.03,0.0,0.018727362165893817,-0.0007513190384077374,0.010973044310663125,0.0015703362935799488,0.026643091531750922,0.009358453337292495,"[0.05678979513303625, 1.2676084262416583, -0.9349968107595399, -0.13036683479999123, 1.4833706545479408, 1.0112688435157549, 0.05156688663574824, 1.5118083532294129, 0.9140770810808272]"
cube,12,/home/humanoid/Programs/hand/results/phase1/run_20260413_pollard_multiscene_500_run3/cube/generated_mjcf/scene_cube_tp0d0077p0d0195p0d0000_ip0d0172n0d0021p0d0000_mp0d0109p0d0139p0d0103.xml,cube_s0,True,0.012,4.0,0.55,0.3,3.0,3.0,6.916724761217644,0.0534407110777337,7.0,0.005095643456088598,0.7559384584687635,0.019806389413969255,0.0007502651547175998,1.0,1.0,0.8611111111111112,1.0,0.8611111111111112,0.8611111111111112,0.13888888888888884,0.12694873018789576,0.15065564458444286,0.007736971861033691,0.019519710171387972,0.0,0.017245133889239386,-0.0021352761651967315,0.0,0.010934425782932486,0.013926067895388755,0.01034441558354772,"[0.05678979513303625, 1.2676084262416583, -0.9349968107595399, -0.13036683479999123, 1.4833706545479408, 1.0112688435157549, 0.05156688663574824, 1.5118083532294129, 0.9140770810808272]"
cube,13,/home/humanoid/Programs/hand/results/phase1/run_20260413_pollard_multiscene_500_run3/cube/generated_mjcf/scene_cube_tn0d0110p0d0256p0d0027_in0d0013n0d0070p0d0000_mp0d0162p0d0156p0d0103.xml,cube_s1,True,0.012,4.0,0.55,0.3,3.0,3.0,7.332747953583917,0.052194481587602384,6.0,0.005738963209376657,0.11453762335932614,0.0004859413822081755,0.0,1.0,1.0,1.0,1.0,1.0,1.0,0.0,0.028057884715024628,0.06885359810248441,-0.011027742931477569,0.025568148695757457,0.002744957926775919,-0.001319231237275495,-0.007038725452158232,0.0,0.016190824056554275,0.015606209358289873,0.010298501299128147,"[0.06036170920245503, 1.2993465425771293, -1.1345514683028701, -0.1383249921310328, 1.4780464267210218, 1.1128198085346774, 0.0768344744793424, 1.5414267067782164, 1.0540476209430327]"
cube,14,/home/humanoid/Programs/hand/results/phase1/run_20260413_pollard_multiscene_500_run3/cube/generated_mjcf/scene_cube_tn0d0104p0d0282p0d0000_ip0d0063n0d0140p0d0112_mp0d0115p0d0095p0d0000.xml,cube_s2,True,0.012,4.0,0.55,0.3,3.0,3.0,7.227762450093568,0.04997789718034529,6.0,0.005370607298304606,0.20423627850827705,0.0013683403469577687,1.4909724412176528e-06,1.0,1.0,1.0,1.0,1.0,1.0,0.0,0.05952252331900517,0.024673675551238745,-0.010414020078622207,0.0281916147106972,0.0,0.006263439491299004,-0.013972830433252,0.011185489938817683,0.011493564213482969,0.009512750236102374,0.0,"[0.017223146151747647, 1.459904436214625, -1.196363758888488, -0.16288070789033632, 1.4786822661138344, 0.8783849268062217, 0.14840284864208186, 1.4237321528457243, 1.0573572983017683]"
cube,15,/home/humanoid/Programs/hand/results/phase1/run_20260413_pollard_multiscene_500_run3/cube/generated_mjcf/scene_cube_tp0d0093p0d0134p0d0000_ip0d0049n0d0102p0d0013_mp0d0174p0d0168p0d0000.xml,cube_s2,True,0.012,4.0,0.55,0.3,1.0,3.0,6.880041603001839,0.04947441874564456,5.0,0.007101160793602314,0.07267966127634475,0.0005221572314751413,0.0009090917586556807,1.0,1.0,1.0,1.0,1.0,1.0,0.0,0.004950002820257174,0.014933470008176667,0.009314839695820316,0.013420866282015786,0.0,0.004919938168181862,-0.010233046444494413,0.001298172052158427,0.017433058621906666,0.01675142284814846,0.0,"[0.017223146151747647, 1.459904436214625, -1.196363758888488, -0.16288070789033632, 1.4786822661138344, 0.8783849268062217, 0.14840284864208186, 1.4237321528457243, 1.0573572983017683]"
cube,16,/home/humanoid/Programs/hand/results/phase1/run_20260413_pollard_multiscene_500_run3/cube/generated_mjcf/scene_cube_tn0d0021p0d0276p0d0030_ip0d0210n0d0154p0d0013_mp0d0123p0d0237p0d0000.xml,cube_s2,True,0.012,4.0,0.55,0.3,3.0,3.0,6.891574538082985,0.05008605050123369,5.0,0.005261581132714587,0.15470220998296258,0.0007096099807075801,0.0,1.0,1.0,1.0,1.0,1.0,1.0,0.0,0.021281985234038226,0.004338181158074957,-0.002090487775658576,0.02763490330330185,0.003036155098074084,0.021017863424738617,-0.01543429413379966,0.0012626762525108932,0.01225418083871604,0.023658988998601437,0.0,"[0.017223146151747647, 1.459904436214625, -1.196363758888488, -0.16288070789033632, 1.4786822661138344, 0.8783849268062217, 0.14840284864208186, 1.4237321528457243, 1.0573572983017683]"
cube,17,/home/humanoid/Programs/hand/results/phase1/run_20260413_pollard_multiscene_500_run3/cube/generated_mjcf/scene_cube_tn0d0022p0d0298p0d0000_ip0d0177n0d0143p0d0079_mn0d0018p0d0121p0d0000.xml,cube_s2,True,0.012,4.0,0.55,0.3,1.0,3.0,7.2681660531348395,0.049515101225634454,6.0,0.00673195319779853,0.10116210388843393,0.0023808338982222897,0.0006714378963041945,1.0,1.0,1.0,1.0,1.0,1.0,0.0,0.005336875474984171,0.017090268327072815,-0.00224375191804496,0.02983901507989513,0.0,0.01774495072435605,-0.014330783103090609,0.007915295646674467,-0.0017610905406249926,0.012061107786198495,0.0,"[0.017223146151747647, 1.459904436214625, -1.196363758888488, -0.16288070789033632, 1.4786822661138344, 0.8783849268062217, 0.14840284864208186, 1.4237321528457243, 1.0573572983017683]"
cube,19,/home/humanoid/Programs/hand/results/phase1/run_20260413_pollard_multiscene_500_run3/cube/generated_mjcf/scene_cube_tn0d0003p0d0300p0d0066_ip0d0054n0d0178p0d0087_mp0d0192p0d0156p0d0000.xml,cube_s2,True,0.012,4.0,0.55,0.3,1.0,3.0,7.185869715621773,0.05100525035483121,6.0,0.005146797267410677,0.1890494554897273,0.00473631640422405,0.0,1.0,1.0,1.0,1.0,1.0,1.0,0.0,0.11063048572214705,0.0432292995830952,-0.0002676108759968581,0.03,0.0066165885144438795,0.005412576705262264,-0.017823917147980796,0.008714884900543628,0.01915137214570456,0.015556956133047486,0.0,"[0.017223146151747647, 1.459904436214625, -1.196363758888488, -0.16288070789033632, 1.4786822661138344, 0.8783849268062217, 0.14840284864208186, 1.4237321528457243, 1.0573572983017683]"
cube,20,/home/humanoid/Programs/hand/results/phase1/run_20260413_pollard_multiscene_500_run3/cube/generated_mjcf/scene_cube_tp0d0119p0d0156p0d0000_ip0d0191n0d0048p0d0040_mp0d0210p0d0255p0d0060.xml,cube_s2,True,0.012,4.0,0.55,0.3,1.0,3.0,6.058793043003259,0.04853821952837976,4.0,0.008181670184983078,0.23112966159301654,0.002981740370116744,0.0004903901275085804,1.0,1.0,0.9083333333333333,1.0,0.9083333333333333,0.9083333333333333,0.09166666666666667,0.02421919053258706,0.022035073195444694,0.011878016355862029,0.015582645088824804,0.0,0.01912235491129767,-0.0048039504453299044,0.004029345733712431,0.021001927162670846,0.02551714985314605,0.005957964079242099,"[0.017223146151747647, 1.459904436214625, -1.196363758888488, -0.16288070789033632, 1.4786822661138344, 0.8783849268062217, 0.14840284864208186, 1.4237321528457243, 1.0573572983017683]"
cube,22,/home/humanoid/Programs/hand/results/phase1/run_20260413_pollard_multiscene_500_run3/cube/generated_mjcf/scene_cube_tp0d0019p0d0127p0d0006_ip0d0106n0d0222p0d0116_mp0d0117p0d0035p0d0065.xml,cube_s0,True,0.012,4.0,0.55,0.3,3.0,3.0,7.330955040085891,0.05626412375665189,6.0,0.005389893566758948,0.2788692309773722,0.007808624787052731,0.0,1.0,1.0,1.0,1.0,1.0,1.0,0.0,0.08787780934996098,0.10189912308904621,0.001880061958230544,0.012659114549379047,0.000624533966829004,0.010562433457478078,-0.02216554463408947,0.011566624635040951,0.011713494410938587,0.003453813183943444,0.006543580829409326,"[0.05678979513303625, 1.2676084262416583, -0.9349968107595399, -0.13036683479999123, 1.4833706545479408, 1.0112688435157549, 0.05156688663574824, 1.5118083532294129, 0.9140770810808272]"
cube,23,/home/humanoid/Programs/hand/results/phase1/run_20260413_pollard_multiscene_500_run3/cube/generated_mjcf/scene_cube_tp0d0115p0d0222p0d0000_ip0d0025n0d0082p0d0000_mp0d0119p0d0178p0d0111.xml,cube_s2,True,0.012,4.0,0.55,0.3,2.0,3.0,6.7678700459802625,0.047290665866133355,5.0,0.007902856261915241,0.22166589153264082,0.0023776454877235263,0.000869451740778765,1.0,1.0,1.0,1.0,1.0,1.0,0.0,0.003375908592906851,0.02034492134417217,0.011478377132163497,0.02215688067970281,0.0,0.0025001851774668375,-0.008159360785995136,0.0,0.011864509420428621,0.017753740233111017,0.011098154234985145,"[0.017223146151747647, 1.459904436214625, -1.196363758888488, -0.16288070789033632, 1.4786822661138344, 0.8783849268062217, 0.14840284864208186, 1.4237321528457243, 1.0573572983017683]"
cube,24,/home/humanoid/Programs/hand/results/phase1/run_20260413_pollard_multiscene_500_run3/cube/generated_mjcf/scene_cube_tn0d0103p0d0200p0d0059_ip0d0023n0d0150p0d0000_mp0d0154p0d0054p0d0000.xml,cube_s2,True,0.012,4.0,0.55,0.3,2.0,3.0,7.286187734060242,0.05014434882878137,6.0,0.005477869181966032,0.1256667525204154,0.0012824657471000674,0.0,1.0,1.0,1.0,1.0,1.0,1.0,0.0,0.026601737325678724,0.009524383793664992,-0.010265633627282958,0.019999347767806847,0.0058583395027835584,0.0022534417713918117,-0.014986398437171538,0.0,0.015421140730618644,0.005406429282227681,0.0,"[0.017223146151747647, 1.459904436214625, -1.196363758888488, -0.16288070789033632, 1.4786822661138344, 0.8783849268062217, 0.14840284864208186, 1.4237321528457243, 1.0573572983017683]"
cube,26,/home/humanoid/Programs/hand/results/phase1/run_20260413_pollard_multiscene_500_run3/cube/generated_mjcf/scene_cube_tp0d0032p0d0199p0d0000_ip0d0142n0d0167p0d0051_mp0d0090p0d0155p0d0070.xml,cube_s2,True,0.012,4.0,0.55,0.3,2.0,3.0,7.36373324724948,0.04885753253841974,7.0,0.004938188971839177,0.9126305993750429,0.006942176739490051,0.0,1.0,1.0,1.0,1.0,1.0,1.0,0.0,0.13237973498287597,0.050953256650921354,0.003217679504338638,0.019917720651172473,0.0,0.014169602505454569,-0.01666758269170085,0.005061116718382677,0.009048527892815794,0.015479276653068651,0.006951977579036889,"[0.017223146151747647, 1.459904436214625, -1.196363758888488, -0.16288070789033632, 1.4786822661138344, 0.8783849268062217, 0.14840284864208186, 1.4237321528457243, 1.0573572983017683]"
cube,27,/home/humanoid/Programs/hand/results/phase1/run_20260413_pollard_multiscene_500_run3/cube/generated_mjcf/scene_cube_tn0d0098p0d0219p0d0000_ip0d0174n0d0126p0d0117_mp0d0024p0d0264p0d0072.xml,cube_s1,True,0.012,4.0,0.55,0.3,2.0,3.0,7.093773850623313,0.05403206431788254,7.0,0.005413897226826649,0.5138210307105279,0.010651983848014213,0.0,1.0,1.0,1.0,0.8888888888888888,0.8888888888888888,0.8888888888888888,0.11111111111111116,0.18921005604391974,0.11265098462067458,-0.009774108587438862,0.02189020407976406,0.0,0.017395282043525633,-0.012567695132897762,0.011728688000827672,0.0023906397922172492,0.026412459362982414,0.0072220088786066165,"[0.06036170920245503, 1.2993465425771293, -1.1345514683028701, -0.1383249921310328, 1.4780464267210218, 1.1128198085346774, 0.0768344744793424, 1.5414267067782164, 1.0540476209430327]"
cube,28,/home/humanoid/Programs/hand/results/phase1/run_20260413_pollard_multiscene_500_run3/cube/generated_mjcf/scene_cube_tn0d0004p0d0275p0d0025_ip0d0137n0d0024p0d0000_mp0d0180p0d0125p0d0000.xml,cube_s2,True,0.012,4.0,0.55,0.3,2.0,3.0,7.2817066868161655,0.05010185197737619,6.0,0.005427391161428312,0.13588477486214387,0.0007503011574499453,0.0,1.0,1.0,1.0,1.0,1.0,1.0,0.0,0.02945993915438048,0.013317775481484181,-0.00044974808219355386,0.02752481754031125,0.002468373725786793,0.013722905535793127,-0.0023714216950226647,0.0,0.018039716895001612,0.01246355471918973,0.0,"[0.017223146151747647, 1.459904436214625, -1.196363758888488, -0.16288070789033632, 1.4786822661138344, 0.8783849268062217, 0.14840284864208186, 1.4237321528457243, 1.0573572983017683]"
cube,29,/home/humanoid/Programs/hand/results/phase1/run_20260413_pollard_multiscene_500_run3/cube/generated_mjcf/scene_cube_tp0d0119p0d0267p0d0000_ip0d0081n0d0032p0d0000_mp0d0150p0d0222p0d0072.xml,cube_s1,True,0.012,4.0,0.55,0.3,3.0,3.0,7.534008944325883,0.052613749209300925,7.0,0.005155992303580641,0.3874514343042978,0.008358643641489577,0.0,1.0,1.0,1.0,1.0,1.0,1.0,0.0,0.12978047498770187,0.11822048282040765,0.011856642509039624,0.026748572049833077,0.0,0.00814308151419475,-0.0032393062590768944,0.0,0.015002050165932786,0.022239710968923507,0.007180713113186753,"[0.06036170920245503, 1.2993465425771293, -1.1345514683028701, -0.1383249921310328, 1.4780464267210218, 1.1128198085346774, 0.0768344744793424, 1.5414267067782164, 1.0540476209430327]"
cube,30,/home/humanoid/Programs/hand/results/phase1/run_20260413_pollard_multiscene_500_run3/cube/generated_mjcf/scene_cube_tn0d0043p0d0271p0d0000_ip0d0067n0d0143p0d0010_mp0d0007p0d0131p0d0000.xml,cube_s2,True,0.012,4.0,0.55,0.3,1.0,3.0,7.233060169857879,0.0524924706771442,6.0,0.004944684193947412,0.2197998868327796,0.00436922570173058,0.0,1.0,1.0,1.0,1.0,1.0,1.0,0.0,0.10279616920971839,0.06461085801851028,-0.004265118606244038,0.02711934038590531,0.0,0.006695390811629658,-0.014281245307094884,0.00099383960712395,0.0007027279729733722,0.013066747215343347,0.0,"[0.017223146151747647, 1.459904436214625, -1.196363758888488, -0.16288070789033632, 1.4786822661138344, 0.8783849268062217, 0.14840284864208186, 1.4237321528457243, 1.0573572983017683]"
cube,31,/home/humanoid/Programs/hand/results/phase1/run_20260413_pollard_multiscene_500_run3/cube/generated_mjcf/scene_cube_tp0d0059p0d0284p0d0000_ip0d0149n0d0046p0d0116_mp0d0183p0d0135p0d0115.xml,cube_s2,True,0.012,4.0,0.55,0.3,1.0,3.0,7.43857008603515,0.04722724410337651,7.0,0.004814421453533582,0.4456349070450676,0.005423033498393203,0.0,1.0,1.0,1.0,1.0,1.0,1.0,0.0,0.09042416139730887,0.029894032463067304,0.005865137432337578,0.028445021893622167,0.0,0.014890858462403149,-0.004593525878528669,0.011563879748923051,0.01825097349684944,0.013478555650656308,0.011512529004231758,"[0.017223146151747647, 1.459904436214625, -1.196363758888488, -0.16288070789033632, 1.4786822661138344, 0.8783849268062217, 0.14840284864208186, 1.4237321528457243, 1.0573572983017683]"
cube,32,/home/humanoid/Programs/hand/results/phase1/run_20260413_pollard_multiscene_500_run3/cube/generated_mjcf/scene_cube_tp0d0114p0d0201p0d0061_ip0d0199n0d0129p0d0087_mp0d0148p0d0104p0d0064.xml,cube_s1,True,0.012,4.0,0.55,0.3,3.0,3.0,7.895275940239079,0.05031755140831763,8.0,0.00552934764978856,0.8337462548761335,0.008362885236112776,0.0010360508459816425,1.0,1.0,1.0,1.0,1.0,1.0,0.0,0.0523657966177668,0.02948401466963683,0.011375625716456523,0.020088247500813894,0.006082716926013726,0.019932104024155912,-0.012872470272749927,0.008730869786330038,0.014837645585484947,0.010354182143389382,0.006423654479603365,"[0.06036170920245503, 1.2993465425771293, -1.1345514683028701, -0.1383249921310328, 1.4780464267210218, 1.1128198085346774, 0.0768344744793424, 1.5414267067782164, 1.0540476209430327]"
cube,33,/home/humanoid/Programs/hand/results/phase1/run_20260413_pollard_multiscene_500_run3/cube/generated_mjcf/scene_cube_tp0d0017p0d0103p0d0000_in0d0002n0d0129p0d0000_mp0d0082p0d0174p0d0000.xml,cube_s2,True,0.012,4.0,0.55,0.3,2.0,3.0,5.777089230385199,0.04995173998294127,4.0,0.00838124107942033,0.04581397636809374,0.001300197810541881,0.0004443999861059589,1.0,1.0,0.8055555555555556,1.0,0.8055555555555556,0.8055555555555556,0.19444444444444442,0.024295469638897133,0.02031526813654272,0.0016964348606279787,0.01025228368239935,0.0,-0.00023021567845265753,-0.012871992882792106,0.0,0.008169698631290736,0.017371208486178825,0.0,"[0.017223146151747647, 1.459904436214625, -1.196363758888488, -0.16288070789033632, 1.4786822661138344, 0.8783849268062217, 0.14840284864208186, 1.4237321528457243, 1.0573572983017683]"
cube,34,/home/humanoid/Programs/hand/results/phase1/run_20260413_pollard_multiscene_500_run3/cube/generated_mjcf/scene_cube_tp0d0104p0d0244p0d0078_ip0d0195n0d0103p0d0000_mp0d0151p0d0170p0d0078.xml,cube_s2,True,0.012,4.0,0.55,0.3,2.0,3.0,7.2814348957796975,0.05336486928987932,6.0,0.005379312179953362,0.0621454802004457,0.0059950697563962594,0.0,1.0,1.0,1.0,1.0,1.0,1.0,0.0,0.08769175209829916,0.08518582467885844,0.010410453838964225,0.024417210753800794,0.0077707526014265185,0.01952322957433024,-0.010300318873836577,0.0,0.015075683778826192,0.016956620502320593,0.007822973332089582,"[0.017223146151747647, 1.459904436214625, -1.196363758888488, -0.16288070789033632, 1.4786822661138344, 0.8783849268062217, 0.14840284864208186, 1.4237321528457243, 1.0573572983017683]"
cube,35,/home/humanoid/Programs/hand/results/phase1/run_20260413_pollard_multiscene_500_run3/cube/generated_mjcf/scene_cube_tp0d0008p0d0275p0d0119_ip0d0064n0d0202p0d0000_mp0d0161p0d0138p0d0021.xml,cube_s2,True,0.012,4.0,0.55,0.3,1.0,3.0,7.255279356310416,0.049483898482279076,6.0,0.005256827791850833,0.2088461331095818,0.001785813566295028,6.385383189662364e-05,1.0,1.0,1.0,1.0,1.0,1.0,0.0,0.020218531436727402,0.0062337124039117215,0.0007718513633842589,0.027517858288740617,0.011928247033739802,0.006413315472829315,-0.02019548543950382,0.0,0.016073199756776235,0.013841494364599355,0.0021211226263011564,"[0.017223146151747647, 1.459904436214625, -1.196363758888488, -0.16288070789033632, 1.4786822661138344, 0.8783849268062217, 0.14840284864208186, 1.4237321528457243, 1.0573572983017683]"
cube,36,/home/humanoid/Programs/hand/results/phase1/run_20260413_pollard_multiscene_500_run3/cube/generated_mjcf/scene_cube_tn0d0089p0d0254p0d0000_ip0d0026n0d0036p0d0015_mp0d0096p0d0249p0d0000.xml,cube_s2,True,0.012,4.0,0.55,0.3,1.0,3.0,7.317348864714196,0.05112716648208277,6.0,0.005977237520722178,0.04936574393797575,0.0021944310989124374,0.0,1.0,1.0,1.0,1.0,1.0,1.0,0.0,0.025079971655907803,0.028992134554354548,-0.008943396673879896,0.025426964262415527,0.0,0.0025748214496964378,-0.0035892000340033304,0.0015459077068942575,0.00962797461631001,0.02487177036596363,0.0,"[0.017223146151747647, 1.459904436214625, -1.196363758888488, -0.16288070789033632, 1.4786822661138344, 0.8783849268062217, 0.14840284864208186, 1.4237321528457243, 1.0573572983017683]"
cube,37,/home/humanoid/Programs/hand/results/phase1/run_20260413_pollard_multiscene_500_run3/cube/generated_mjcf/scene_cube_tp0d0047p0d0159p0d0000_ip0d0142n0d0156p0d0000_mp0d0206p0d0081p0d0003.xml,cube_s2,True,0.012,4.0,0.55,0.3,3.0,3.0,7.255683435584727,0.052165577531077645,6.0,0.005490377756497959,0.36994849033707766,0.004288481368984055,0.0,1.0,1.0,1.0,1.0,1.0,1.0,0.0,0.04049788874370053,0.07481994396365514,0.004707706808181427,0.01587157495435046,0.0,0.014195167599214695,-0.015592273179289533,0.0,0.02064826636550051,0.008083160176307667,0.00029216778810564094,"[0.017223146151747647, 1.459904436214625, -1.196363758888488, -0.16288070789033632, 1.4786822661138344, 0.8783849268062217, 0.14840284864208186, 1.4237321528457243, 1.0573572983017683]"
cube,38,/home/humanoid/Programs/hand/results/phase1/run_20260413_pollard_multiscene_500_run3/cube/generated_mjcf/scene_cube_tn0d0114p0d0119p0d0092_ip0d0169n0d0109p0d0000_mp0d0114p0d0036p0d0051.xml,cube_s0,True,0.012,4.0,0.55,0.3,3.0,3.0,6.902366946614939,0.05324850824291061,5.0,0.006963769207805541,0.5697045893870732,0.004313808573957292,0.0,1.0,1.0,1.0,1.0,1.0,1.0,0.0,0.024066454504456613,0.023996618230120188,-0.011423683183887617,0.011920834187286948,0.009202049607205488,0.01694194115806423,-0.010935948238704234,0.0,0.011385941982911355,0.0035915166267267012,0.005111847142510097,"[0.05678979513303625, 1.2676084262416583, -0.9349968107595399, -0.13036683479999123, 1.4833706545479408, 1.0112688435157549, 0.05156688663574824, 1.5118083532294129, 0.9140770810808272]"
cube,39,/home/humanoid/Programs/hand/results/phase1/run_20260413_pollard_multiscene_500_run3/cube/generated_mjcf/scene_cube_tp0d0052p0d0235p0d0027_in0d0002n0d0184p0d0018_mp0d0075p0d0271p0d0102.xml,cube_s2,True,0.012,4.0,0.55,0.3,1.0,3.0,6.728080804223446,0.046821137395835835,5.0,0.007639133362905638,0.29486935172481954,0.0013719832713066649,0.0012501067040858876,1.0,1.0,1.0,1.0,1.0,1.0,0.0,0.011632005246460136,0.03257029964588537,0.005202016333529475,0.023505080565592515,0.002672128422604829,-0.00023080561701109906,-0.018386256742776587,0.0017850731543503657,0.007460482384693542,0.027108557485954678,0.010169888577004349,"[0.017223146151747647, 1.459904436214625, -1.196363758888488, -0.16288070789033632, 1.4786822661138344, 0.8783849268062217, 0.14840284864208186, 1.4237321528457243, 1.0573572983017683]"
cube,40,/home/humanoid/Programs/hand/results/phase1/run_20260413_pollard_multiscene_500_run3/cube/generated_mjcf/scene_cube_tn0d0084p0d0222p0d0047_ip0d0013n0d0168p0d0052_mp0d0196p0d0115p0d0000.xml,cube_s2,True,0.012,4.0,0.55,0.3,2.0,3.0,7.229816314180081,0.0500011258949516,6.0,0.005386614970348517,0.28680578437101134,0.00160188281763005,0.0,1.0,1.0,1.0,1.0,1.0,1.0,0.0,0.048230949902900465,0.017173495476390466,-0.008351810339459111,0.022159054223588735,0.004709162546482959,0.0012770419432212663,-0.016797704469571892,0.005182028326211865,0.019626594242148077,0.011501823604947245,0.0,"[0.017223146151747647, 1.459904436214625, -1.196363758888488, -0.16288070789033632, 1.4786822661138344, 0.8783849268062217, 0.14840284864208186, 1.4237321528457243, 1.0573572983017683]"
cube,41,/home/humanoid/Programs/hand/results/phase1/run_20260413_pollard_multiscene_500_run3/cube/generated_mjcf/scene_cube_tp0d0077p0d0220p0d0000_ip0d0041n0d0226p0d0000_mp0d0119p0d0079p0d0114.xml,cube_s2,True,0.012,4.0,0.55,0.3,1.0,3.0,7.544217126907697,0.04875633733893209,7.0,0.004971725760419012,0.4323243138863504,0.004671113256307971,0.0,1.0,1.0,1.0,1.0,1.0,1.0,0.0,0.053066799184356465,0.01273820525786081,0.007723008065525151,0.022039584325416278,0.0,0.0041476005142694165,-0.022556199632440297,0.0,0.011919284333538276,0.007886646563041794,0.011412791482243691,"[0.017223146151747647, 1.459904436214625, -1.196363758888488, -0.16288070789033632, 1.4786822661138344, 0.8783849268062217, 0.14840284864208186, 1.4237321528457243, 1.0573572983017683]"
cube,42,/home/humanoid/Programs/hand/results/phase1/run_20260413_pollard_multiscene_500_run3/cube/generated_mjcf/scene_cube_tn0d0094p0d0189p0d0000_ip0d0036n0d0063p0d0034_mp0d0154p0d0053p0d0000.xml,cube_s2,True,0.012,4.0,0.55,0.3,3.0,3.0,7.301191084894888,0.050139747319995195,6.0,0.0057425978423184,0.05137548490724146,0.0015987460927222056,0.0,1.0,1.0,1.0,1.0,1.0,1.0,0.0,0.018373306224841197,0.01308554020609289,-0.009420546518732465,0.0188501309198506,0.0,0.003575475406852743,-0.00632986259990556,0.003448914289927449,0.015418184441244877,0.005287405821515873,0.0,"[0.017223146151747647, 1.459904436214625, -1.196363758888488, -0.16288070789033632, 1.4786822661138344, 0.8783849268062217, 0.14840284864208186, 1.4237321528457243, 1.0573572983017683]"
cube,43,/home/humanoid/Programs/hand/results/phase1/run_20260413_pollard_multiscene_500_run3/cube/generated_mjcf/scene_cube_tp0d0005p0d0182p0d0000_ip0d0027n0d0016p0d0000_mp0d0184p0d0230p0d0000.xml,cube_s2,True,0.012,4.0,0.55,0.3,3.0,3.0,7.316568151683078,0.0499988372756376,6.0,0.006896231792154764,0.025171743424602874,0.0006883561162641087,0.00030531819105436564,1.0,1.0,1.0,1.0,1.0,1.0,0.0,0.004146305456931784,0.007765334838137017,0.00047599378402156216,0.018241307449525786,0.0,0.0026566589176190373,-0.001619408440688962,0.0,0.018449255979106606,0.02303129181754656,0.0,"[0.017223146151747647, 1.459904436214625, -1.196363758888488, -0.16288070789033632, 1.4786822661138344, 0.8783849268062217, 0.14840284864208186, 1.4237321528457243, 1.0573572983017683]"
cube,44,/home/humanoid/Programs/hand/results/phase1/run_20260413_pollard_multiscene_500_run3/cube/generated_mjcf/scene_cube_tn0d0008p0d0278p0d0043_ip0d0181n0d0061p0d0046_mp0d0199p0d0230p0d0000.xml,cube_s1,True,0.012,4.0,0.55,0.3,3.0,3.0,7.083161708519116,0.050765647323581506,7.0,0.004946283445171405,2.9797930456785027,0.0101602790111169,0.0,1.0,1.0,1.0,1.0,1.0,1.0,0.0,0.14625905253143692,0.05910739493195886,-0.000797195523737677,0.027776043383598063,0.0043364718136851,0.018086649674297704,-0.006117681940029028,0.004590515506574511,0.019911378544165075,0.023047371194270132,0.0,"[0.06036170920245503, 1.2993465425771293, -1.1345514683028701, -0.1383249921310328, 1.4780464267210218, 1.1128198085346774, 0.0768344744793424, 1.5414267067782164, 1.0540476209430327]"
cube,45,/home/humanoid/Programs/hand/results/phase1/run_20260413_pollard_multiscene_500_run3/cube/generated_mjcf/scene_cube_tp0d0060p0d0101p0d0000_ip0d0075n0d0194p0d0105_mp0d0003p0d0034p0d0000.xml,cube_s1,True,0.012,4.0,0.55,0.3,2.0,3.0,6.825336918779364,0.05282359832558883,5.0,0.006356483937730119,0.27516161372850995,0.012512224050394965,0.0,1.0,1.0,1.0,1.0,1.0,1.0,0.0,0.05288564801825411,0.08308564072177027,0.005957382601949876,0.010080351754749027,0.0,0.007522045291682206,-0.019447965744588368,0.010509722607263742,0.00027464028066800754,0.0034175859597258135,0.0,"[0.06036170920245503, 1.2993465425771293, -1.1345514683028701, -0.1383249921310328, 1.4780464267210218, 1.1128198085346774, 0.0768344744793424, 1.5414267067782164, 1.0540476209430327]"
cube,47,/home/humanoid/Programs/hand/results/phase1/run_20260413_pollard_multiscene_500_run3/cube/generated_mjcf/scene_cube_tp0d0116p0d0281p0d0067_ip0d0193n0d0091p0d0000_mp0d0107p0d0087p0d0067.xml,cube_s2,True,0.012,4.0,0.55,0.3,1.0,3.0,7.218681503209647,0.051935032776125344,6.0,0.0051858514249695275,0.27441191410939125,0.005209821550272596,0.0,1.0,1.0,1.0,1.0,1.0,1.0,0.0,0.08651098374906246,0.0594824818753892,0.011600032957282114,0.028089128761280092,0.006677957426446279,0.019323757285876007,-0.0091442035857212,0.0,0.010678778561367832,0.008736009496376724,0.006661058973160928,"[0.017223146151747647, 1.459904436214625, -1.196363758888488, -0.16288070789033632, 1.4786822661138344, 0.8783849268062217, 0.14840284864208186, 1.4237321528457243, 1.0573572983017683]"
cube,48,/home/humanoid/Programs/hand/results/phase1/run_20260413_pollard_multiscene_500_run3/cube/generated_mjcf/scene_cube_tn0d0079p0d0219p0d0009_ip0d0141n0d0060p0d0000_mp0d0130p0d0132p0d0027.xml,cube_s2,True,0.012,4.0,0.55,0.3,3.0,3.0,7.294728332568169,0.05031983004900464,6.0,0.0057323147820902256,0.08504931156240716,0.0011209549205243128,0.0,1.0,1.0,1.0,1.0,1.0,1.0,0.0,0.028128330404146733,0.014779265842317535,-0.007918115961243205,0.02185275077567818,0.0008615743098987442,0.014125667283464571,-0.006048321632033999,0.0,0.012998583080031604,0.013234941179164626,0.0027408344560308894,"[0.017223146151747647, 1.459904436214625, -1.196363758888488, -0.16288070789033632, 1.4786822661138344, 0.8783849268062217, 0.14840284864208186, 1.4237321528457243, 1.0573572983017683]"
cube,49,/home/humanoid/Programs/hand/results/phase1/run_20260413_pollard_multiscene_500_run3/cube/generated_mjcf/scene_cube_tp0d0047p0d0221p0d0056_ip0d0105n0d0132p0d0000_mp0d0035p0d0200p0d0047.xml,cube_s1,True,0.012,4.0,0.55,0.3,3.0,3.0,7.246070882090909,0.05028032187267211,7.0,0.004970456701128088,2.1251624724351643,0.008021225227093866,0.0,1.0,1.0,1.0,1.0,1.0,1.0,0.0,0.11451191840561263,0.04477165883381625,0.004655629035515887,0.022051510058254925,0.005589265844609163,0.010480606172911551,-0.013191172580897479,0.0,0.003499640079920957,0.019987250546203643,0.004697072467498984,"[0.06036170920245503, 1.2993465425771293, -1.1345514683028701, -0.1383249921310328, 1.4780464267210218, 1.1128198085346774, 0.0768344744793424, 1.5414267067782164, 1.0540476209430327]"
cube,50,/home/humanoid/Programs/hand/results/phase1/run_20260413_pollard_multiscene_500_run3/cube/generated_mjcf/scene_cube_tn0d0073p0d0300p0d0041_ip0d0107n0d0041p0d0000_mp0d0094p0d0095p0d0000.xml,cube_s2,True,0.012,4.0,0.55,0.3,3.0,3.0,7.27079544150205,0.05005412751658348,6.0,0.005064536709449994,0.1801288472934312,0.0012494974454190868,0.0,1.0,1.0,1.0,1.0,1.0,1.0,0.0,0.03269058354211195,0.007526105701661419,-0.007308419688561688,0.03,0.004107618726945504,0.01074918695703583,-0.004111791562920778,0.0,0.009422676882407844,0.009498585601860884,0.0,"[0.017223146151747647, 1.459904436214625, -1.196363758888488, -0.16288070789033632, 1.4786822661138344, 0.8783849268062217, 0.14840284864208186, 1.4237321528457243, 1.0573572983017683]"
cube,51,/home/humanoid/Programs/hand/results/phase1/run_20260413_pollard_multiscene_500_run3/cube/generated_mjcf/scene_cube_tp0d0051p0d0283p0d0043_ip0d0069n0d0105p0d0015_mp0d0205p0d0126p0d0000.xml,cube_s2,True,0.012,4.0,0.55,0.3,1.0,3.0,7.106172805096265,0.05014150759819165,6.0,0.004961265329639672,0.8118107944042461,0.004118555462392917,0.0,1.0,1.0,1.0,1.0,1.0,1.0,0.0,0.07936865787357582,0.026011640745184788,0.00507889389314202,0.02825866323773702,0.004267170674303017,0.006851716400702805,-0.010482669810742749,0.0015218993681757591,0.020477586003383057,0.012604181086936542,0.0,"[0.017223146151747647, 1.459904436214625, -1.196363758888488, -0.16288070789033632, 1.4786822661138344, 0.8783849268062217, 0.14840284864208186, 1.4237321528457243, 1.0573572983017683]"
cube,52,/home/humanoid/Programs/hand/results/phase1/run_20260413_pollard_multiscene_500_run3/cube/generated_mjcf/scene_cube_tp0d0090p0d0295p0d0000_ip0d0028n0d0090p0d0069_mp0d0126p0d0079p0d0000.xml,cube_s2,True,0.012,4.0,0.55,0.3,1.0,3.0,6.53106792069,0.0509886911683473,6.0,0.004942991455346146,1.2375621515376547,0.011617206249034184,0.0,1.0,1.0,1.0,0.8944444444444445,0.8944444444444445,0.8944444444444445,0.10555555555555551,0.15747836883265123,0.10166871646791738,0.00904638943989626,0.029473483925284844,0.0,0.0027573767401475767,-0.009029192313612964,0.006932283735236109,0.012560620161773211,0.007898140707037397,0.0,"[0.017223146151747647, 1.459904436214625, -1.196363758888488, -0.16288070789033632, 1.4786822661138344, 0.8783849268062217, 0.14840284864208186, 1.4237321528457243, 1.0573572983017683]"
cube,53,/home/humanoid/Programs/hand/results/phase1/run_20260413_pollard_multiscene_500_run3/cube/generated_mjcf/scene_cube_tp0d0001p0d0276p0d0000_in0d0002n0d0111p0d0000_mn0d0004p0d0219p0d0077.xml,cube_s2,True,0.012,4.0,0.55,0.3,3.0,3.0,7.121717167923958,0.051449342664543894,6.0,0.0049035157186043616,0.4448593980289947,0.0038498519961268616,0.0006864245967435068,1.0,1.0,1.0,1.0,1.0,1.0,0.0,0.11344965050652626,0.11537605309862276,0.00014334321756440463,0.027572249759816276,0.0,-0.00019681532305319306,-0.011074920100960688,0.0,-0.0003818307083775299,0.021858350352990434,0.00770943854587014,"[0.017223146151747647, 1.459904436214625, -1.196363758888488, -0.16288070789033632, 1.4786822661138344, 0.8783849268062217, 0.14840284864208186, 1.4237321528457243, 1.0573572983017683]"
cube,54,/home/humanoid/Programs/hand/results/phase1/run_20260413_pollard_multiscene_500_run3/cube/generated_mjcf/scene_cube_tn0d0024p0d0151p0d0000_ip0d0067n0d0105p0d0007_mp0d0065p0d0186p0d0042.xml,cube_s2,True,0.012,4.0,0.55,0.3,1.0,3.0,6.8991044388791165,0.050439599036480695,5.0,0.006817524080829138,0.050706512074793895,0.0012405927174683295,0.0005382577812856476,1.0,1.0,1.0,1.0,1.0,1.0,0.0,0.018368923165004377,0.025537859159177296,-0.0024399467736423517,0.015057832644038826,0.0,0.006663314219880421,-0.01045421656520971,0.0006676818746994568,0.006528380348144711,0.018598103501716354,0.004218418606739039,"[0.017223146151747647, 1.459904436214625, -1.196363758888488, -0.16288070789033632, 1.4786822661138344, 0.8783849268062217, 0.14840284864208186, 1.4237321528457243, 1.0573572983017683]"
cube,55,/home/humanoid/Programs/hand/results/phase1/run_20260413_pollard_multiscene_500_run3/cube/generated_mjcf/scene_cube_tp0d0014p0d0173p0d0030_ip0d0122n0d0161p0d0000_mp0d0111p0d0180p0d0027.xml,cube_s1,True,0.012,4.0,0.55,0.3,3.0,3.0,7.296005256647733,0.049898496309447725,6.0,0.004931321510669465,0.1330954532699271,0.0006321014672510866,9.094018169150675e-05,1.0,1.0,1.0,1.0,1.0,1.0,0.0,0.01334946773939763,0.004763588895812372,0.0013986947514008224,0.017295077961244975,0.0029736667665392225,0.012205666797138652,-0.016132227422864007,0.0,0.011097973096462878,0.017996201736044416,0.00265916253412341,"[0.06036170920245503, 1.2993465425771293, -1.1345514683028701, -0.1383249921310328, 1.4780464267210218, 1.1128198085346774, 0.0768344744793424, 1.5414267067782164, 1.0540476209430327]"
cube,56,/home/humanoid/Programs/hand/results/phase1/run_20260413_pollard_multiscene_500_run3/cube/generated_mjcf/scene_cube_tn0d0028p0d0216p0d0117_ip0d0083n0d0041p0d0000_mp0d0190p0d0259p0d0000.xml,cube_s2,True,0.012,4.0,0.55,0.3,2.0,3.0,7.320894017870845,0.05106749059163715,6.0,0.0066506919218164385,0.06051234495740864,0.0021230348111337207,0.0,1.0,1.0,1.0,1.0,1.0,1.0,0.0,0.020141373444541852,0.02242066987573149,-0.002811887786451483,0.021578573773190127,0.011658471244714058,0.008272588457054841,-0.004067646849840225,0.0,0.019005478088847325,0.02590094773271727,0.0,"[0.017223146151747647, 1.459904436214625, -1.196363758888488, -0.16288070789033632, 1.4786822661138344, 0.8783849268062217, 0.14840284864208186, 1.4237321528457243, 1.0573572983017683]"
cube,57,/home/humanoid/Programs/hand/results/phase1/run_20260413_pollard_multiscene_500_run3/cube/generated_mjcf/scene_cube_tn0d0117p0d0196p0d0000_ip0d0213n0d0028p0d0111_mp0d0125p0d0157p0d0080.xml,cube_s1,True,0.012,4.0,0.55,0.3,3.0,3.0,7.079221767674057,0.050364224730016935,6.0,0.004799248781313816,0.536683753061681,0.006405685357746609,0.0,1.0,1.0,1.0,1.0,1.0,1.0,0.0,0.12683521722117494,0.056311415974004984,-0.011709566023867376,0.019592201922411186,0.0,0.021319150102846428,-0.00275523755717884,0.01105595726232652,0.012492871785778067,0.015663848805663412,0.00798522838512554,"[0.06036170920245503, 1.2993465425771293, -1.1345514683028701, -0.1383249921310328, 1.4780464267210218, 1.1128198085346774, 0.0768344744793424, 1.5414267067782164, 1.0540476209430327]"
cube,58,/home/humanoid/Programs/hand/results/phase1/run_20260413_pollard_multiscene_500_run3/cube/generated_mjcf/scene_cube_tp0d0037p0d0140p0d0104_ip0d0086n0d0057p0d0000_mp0d0024p0d0104p0d0018.xml,cube_s2,True,0.012,4.0,0.55,0.3,1.0,3.0,5.251191258258987,0.04883799242232098,5.0,0.006974448707887893,0.7584837986689599,0.015084986017021962,0.0,1.0,0.6194444444444445,1.0,1.0,0.6194444444444445,0.6194444444444445,0.38055555555555554,0.05535210754006889,0.0291099713278537,0.0036563751765365075,0.013965384232813884,0.010422864918188692,0.008552786799172752,-0.005734650520576824,2.251096772368233e-05,0.002400549834523061,0.010402244328225918,0.0017858584512676114,"[0.017223146151747647, 1.459904436214625, -1.196363758888488, -0.16288070789033632, 1.4786822661138344, 0.8783849268062217, 0.14840284864208186, 1.4237321528457243, 1.0573572983017683]"
cube,59,/home/humanoid/Programs/hand/results/phase1/run_20260413_pollard_multiscene_500_run3/cube/generated_mjcf/scene_cube_tn0d0086p0d0083p0d0000_ip0d0163n0d0096p0d0000_mp0d0152p0d0149p0d0120.xml,cube_s2,True,0.012,4.0,0.55,0.3,3.0,3.0,7.269733095869934,0.04935488854351594,6.0,0.006802802870084018,0.07235618806719854,0.0013673314287311852,4.251172281903581e-05,1.0,1.0,1.0,1.0,1.0,1.0,0.0,0.015724579198742487,0.01758052151583367,-0.008567949977657268,0.008329708606795487,0.0,0.01629273212462127,-0.00956022543017069,0.0,0.01521378254309184,0.014928351194636959,0.011988032454168646,"[0.017223146151747647, 1.459904436214625, -1.196363758888488, -0.16288070789033632, 1.4786822661138344, 0.8783849268062217, 0.14840284864208186, 1.4237321528457243, 1.0573572983017683]"
cube,62,/home/humanoid/Programs/hand/results/phase1/run_20260413_pollard_multiscene_500_run3/cube/generated_mjcf/scene_cube_tp0d0096p0d0187p0d0000_ip0d0054n0d0187p0d0036_mp0d0044p0d0240p0d0000.xml,cube_s1,True,0.012,4.0,0.55,0.3,2.0,3.0,7.31006623234194,0.04990421139256169,6.0,0.004884946648044189,0.08805290420499283,0.0004516851835461178,9.162954770082499e-05,1.0,1.0,1.0,1.0,1.0,1.0,0.0,0.008240167962106915,0.003107007670172912,0.009598699042534763,0.018748600687729843,0.0,0.005356173220736853,-0.018747058256286107,0.0036183920343215593,0.004352464043744693,0.023994612495433137,0.0,"[0.06036170920245503, 1.2993465425771293, -1.1345514683028701, -0.1383249921310328, 1.4780464267210218, 1.1128198085346774, 0.0768344744793424, 1.5414267067782164, 1.0540476209430327]"
cube,63,/home/humanoid/Programs/hand/results/phase1/run_20260413_pollard_multiscene_500_run3/cube/generated_mjcf/scene_cube_tp0d0042p0d0216p0d0031_ip0d0195n0d0202p0d0000_mp0d0009p0d0051p0d0008.xml,cube_s2,True,0.012,4.0,0.55,0.3,1.0,3.0,7.272428043323054,0.05006780920565453,6.0,0.005987979584735881,0.07700781925903115,0.0018553186357627676,0.00041695890918135026,1.0,1.0,1.0,1.0,1.0,1.0,0.0,0.02036391028840868,0.03983763560673328,0.0041606311494035465,0.021636419405641566,0.0030830111490938,0.019490002615164113,-0.020220277164734096,0.0,0.00092565331204735,0.005134536502037207,0.0008215445664897757,"[0.017223146151747647, 1.459904436214625, -1.196363758888488, -0.16288070789033632, 1.4786822661138344, 0.8783849268062217, 0.14840284864208186, 1.4237321528457243, 1.0573572983017683]"
cube,64,/home/humanoid/Programs/hand/results/phase1/run_20260413_pollard_multiscene_500_run3/cube/generated_mjcf/scene_cube_tn0d0080p0d0274p0d0000_ip0d0070n0d0129p0d0000_mp0d0065p0d0086p0d0000.xml,cube_s2,True,0.012,4.0,0.55,0.3,1.0,3.0,7.224944904767177,0.05128285716554054,6.0,0.005049557445940346,0.23538355396305694,0.0031527135279374187,0.0,1.0,1.0,1.0,1.0,1.0,1.0,0.0,0.08722575865363465,0.03681281643828843,-0.008022452353145467,0.027372030322243758,0.0,0.006990567321636585,-0.012943104686674348,0.0,0.006541749268414972,0.008646994452682851,0.0,"[0.017223146151747647, 1.459904436214625, -1.196363758888488, -0.16288070789033632, 1.4786822661138344, 0.8783849268062217, 0.14840284864208186, 1.4237321528457243, 1.0573572983017683]"
cube,65,/home/humanoid/Programs/hand/results/phase1/run_20260413_pollard_multiscene_500_run3/cube/generated_mjcf/scene_cube_tp0d0102p0d0180p0d0000_ip0d0127n0d0084p0d0038_mp0d0000p0d0173p0d0057.xml,cube_s0,True,0.012,4.0,0.55,0.3,2.0,3.0,7.069191874527864,0.048600720105400244,6.0,0.005038610820497257,0.955810514635646,0.002275233634641712,0.00014242750674774152,1.0,1.0,1.0,1.0,1.0,1.0,0.0,0.05441993728999043,0.017208122291977435,0.010244905457486197,0.01801220879143583,0.0,0.012668186858420182,-0.008360595438035868,0.003846637078264433,3.421521337633286e-05,0.01726566189683254,0.005662166397551415,"[0.05678979513303625, 1.2676084262416583, -0.9349968107595399, -0.13036683479999123, 1.4833706545479408, 1.0112688435157549, 0.05156688663574824, 1.5118083532294129, 0.9140770810808272]"
cube,66,/home/humanoid/Programs/hand/results/phase1/run_20260413_pollard_multiscene_500_run3/cube/generated_mjcf/scene_cube_tp0d0071p0d0221p0d0000_ip0d0000n0d0165p0d0103_mp0d0093p0d0248p0d0000.xml,cube_s1,True,0.012,4.0,0.55,0.3,2.0,3.0,6.421106592137676,0.0498639335805027,7.0,0.004874670399858418,1.6773738358655292,0.02445395363877667,0.0,1.0,1.0,0.8055555555555556,1.0,0.8055555555555556,0.8055555555555556,0.19444444444444442,0.1604892046642772,0.1111254810068688,0.00709364078744279,0.022124822046544465,0.0,9.767773522696352e-06,-0.01654671136546037,0.010261411427183106,0.009342820692003578,0.024791373771543557,0.0,"[0.06036170920245503, 1.2993465425771293, -1.1345514683028701, -0.1383249921310328, 1.4780464267210218, 1.1128198085346774, 0.0768344744793424, 1.5414267067782164, 1.0540476209430327]"
cube,67,/home/humanoid/Programs/hand/results/phase1/run_20260413_pollard_multiscene_500_run3/cube/generated_mjcf/scene_cube_tp0d0061p0d0196p0d0050_ip0d0056n0d0029p0d0000_mn0d0019p0d0206p0d0042.xml,cube_s2,True,0.012,4.0,0.55,0.3,1.0,3.0,4.848975753887496,0.049313611058295584,4.0,0.00822391782811639,0.056111396712099804,0.0006419729702006885,0.00045495116559680915,1.0,1.0,0.55,1.0,0.55,0.55,0.44999999999999996,0.012572615882352504,0.020504440598169176,0.006122834557443047,0.019643052216551368,0.005008854274377212,0.00561230264001231,-0.002943233672719108,0.0,-0.0018517561091773247,0.02060797886680421,0.004238507117869911,"[0.017223146151747647, 1.459904436214625, -1.196363758888488, -0.16288070789033632, 1.4786822661138344, 0.8783849268062217, 0.14840284864208186, 1.4237321528457243, 1.0573572983017683]"
cube,68,/home/humanoid/Programs/hand/results/phase1/run_20260413_pollard_multiscene_500_run3/cube/generated_mjcf/scene_cube_tp0d0038p0d0245p0d0021_ip0d0008n0d0082p0d0000_mp0d0024p0d0134p0d0000.xml,cube_s2,True,0.012,4.0,0.55,0.3,1.0,3.0,6.882042617683465,0.05212134405232348,5.0,0.005669519054084426,0.182895928798468,0.004817422766185581,0.0,1.0,1.0,1.0,1.0,1.0,1.0,0.0,0.041929425119379415,0.06519407000684802,0.0037656347982162504,0.024497960055519838,0.002070341064443596,0.0007666948738843469,-0.008239110662878768,0.0,0.002388229094912815,0.013401081724688357,0.0,"[0.017223146151747647, 1.459904436214625, -1.196363758888488, -0.16288070789033632, 1.4786822661138344, 0.8783849268062217, 0.14840284864208186, 1.4237321528457243, 1.0573572983017683]"
cube,69,/home/humanoid/Programs/hand/results/phase1/run_20260413_pollard_multiscene_500_run3/cube/generated_mjcf/scene_cube_tn0d0091p0d0182p0d0030_ip0d0071n0d0073p0d0000_mp0d0015p0d0213p0d0040.xml,cube_s2,True,0.012,4.0,0.55,0.3,1.0,3.0,6.901852125064901,0.05143055766075048,5.0,0.006614452395718097,0.1580760940181135,0.0026069274408513227,0.0,1.0,1.0,1.0,1.0,1.0,1.0,0.0,0.028254573831482402,0.034761871381243516,-0.009144836102051577,0.018246982496957297,0.0029668138469602177,0.007059122356778417,-0.007296012401118981,0.0,0.001451806534502163,0.021273596267723675,0.004049475114289318,"[0.017223146151747647, 1.459904436214625, -1.196363758888488, -0.16288070789033632, 1.4786822661138344, 0.8783849268062217, 0.14840284864208186, 1.4237321528457243, 1.0573572983017683]"
cube,70,/home/humanoid/Programs/hand/results/phase1/run_20260413_pollard_multiscene_500_run3/cube/generated_mjcf/scene_cube_tn0d0017p0d0113p0d0039_ip0d0160n0d0204p0d0045_mp0d0065p0d0253p0d0060.xml,cube_s0,True,0.012,4.0,0.55,0.3,1.0,3.0,4.806365068865779,0.04913491587124291,6.0,0.005876032403652094,3.815650270692253,0.020071164721280208,0.0,1.0,1.0,0.5583333333333333,1.0,0.5583333333333333,0.5583333333333333,0.44166666666666665,0.1579473197110595,0.12176614635567995,-0.001695103360925699,0.011282414835625114,0.003928409743895453,0.015998937998229143,-0.020365376323012177,0.004543241686324421,0.006535290073162862,0.025262846757352395,0.006036952502601393,"[0.05678979513303625, 1.2676084262416583, -0.9349968107595399, -0.13036683479999123, 1.4833706545479408, 1.0112688435157549, 0.05156688663574824, 1.5118083532294129, 0.9140770810808272]"
cube,71,/home/humanoid/Programs/hand/results/phase1/run_20260413_pollard_multiscene_500_run3/cube/generated_mjcf/scene_cube_tn0d0054p0d0300p0d0000_ip0d0024n0d0185p0d0056_mp0d0106p0d0144p0d0000.xml,cube_s2,True,0.012,4.0,0.55,0.3,1.0,3.0,7.167326812602066,0.05064642039953743,6.0,0.004995956157556916,0.2730505503069542,0.004237074828034152,0.0,1.0,1.0,1.0,1.0,1.0,1.0,0.0,0.10414252678731963,0.049566861530123296,-0.0054304519143984886,0.03,0.0,0.002435776347481558,-0.01849432869246876,0.005569922000877223,0.010628032732038916,0.01444500978945759,0.0,"[0.017223146151747647, 1.459904436214625, -1.196363758888488, -0.16288070789033632, 1.4786822661138344, 0.8783849268062217, 0.14840284864208186, 1.4237321528457243, 1.0573572983017683]"
cube,73,/home/humanoid/Programs/hand/results/phase1/run_20260413_pollard_multiscene_500_run3/cube/generated_mjcf/scene_cube_tn0d0044p0d0170p0d0000_ip0d0093n0d0046p0d0000_mp0d0184p0d0246p0d0000.xml,cube_s2,True,0.012,4.0,0.55,0.3,2.0,3.0,7.322258313729464,0.05086571051964319,6.0,0.006672131043882919,0.09528217457373647,0.0010205772693879817,0.0,1.0,1.0,1.0,1.0,1.0,1.0,0.0,0.01594296600332026,0.016677073129144643,-0.004410675175764798,0.017040945243216383,0.0,0.009339208587460731,-0.004560812218020674,0.0,0.018435661951111647,0.02463711105944183,0.0,"[0.017223146151747647, 1.459904436214625, -1.196363758888488, -0.16288070789033632, 1.4786822661138344, 0.8783849268062217, 0.14840284864208186, 1.4237321528457243, 1.0573572983017683]"
cube,74,/home/humanoid/Programs/hand/results/phase1/run_20260413_pollard_multiscene_500_run3/cube/generated_mjcf/scene_cube_tn0d0118p0d0150p0d0000_ip0d0213n0d0226p0d0068_mp0d0094p0d0064p0d0000.xml,cube_s0,True,0.012,4.0,0.55,0.3,3.0,3.0,7.307990304133184,0.050697430683586044,6.0,0.006235614642537762,0.037175890296615534,0.001567073330187401,0.00030910501870007323,1.0,1.0,1.0,1.0,1.0,1.0,0.0,0.018046843131896525,0.034427227250675485,-0.011774631129091623,0.015026071347668844,0.0,0.021290785761964172,-0.022586193670716414,0.006751326365479232,0.00941019888610549,0.00641696459455523,0.0,"[0.05678979513303625, 1.2676084262416583, -0.9349968107595399, -0.13036683479999123, 1.4833706545479408, 1.0112688435157549, 0.05156688663574824, 1.5118083532294129, 0.9140770810808272]"
cube,75,/home/humanoid/Programs/hand/results/phase1/run_20260413_pollard_multiscene_500_run3/cube/generated_mjcf/scene_cube_tn0d0029p0d0138p0d0000_ip0d0081n0d0012p0d0000_mp0d0208p0d0040p0d0000.xml,cube_s1,True,0.012,4.0,0.55,0.3,3.0,3.0,6.910259082653779,0.05268773730531619,5.0,0.007253087262991908,0.2539183478914926,0.009032653780223759,0.0,1.0,1.0,1.0,1.0,1.0,1.0,0.0,0.014654955046313168,0.024733837189848007,-0.0028583662300581437,0.0138457400072515,0.0,0.008078051948861801,-0.0012057265220458985,0.0,0.02080324029069562,0.0040327697180053326,0.0,"[0.06036170920245503, 1.2993465425771293, -1.1345514683028701, -0.1383249921310328, 1.4780464267210218, 1.1128198085346774, 0.0768344744793424, 1.5414267067782164, 1.0540476209430327]"
cube,76,/home/humanoid/Programs/hand/results/phase1/run_20260413_pollard_multiscene_500_run3/cube/generated_mjcf/scene_cube_tn0d0113p0d0240p0d0000_ip0d0118n0d0052p0d0000_mp0d0039p0d0207p0d0000.xml,cube_s1,True,0.012,4.0,0.55,0.3,3.0,3.0,7.681257604324872,0.05002653028733024,7.0,0.004890478512891564,0.15991904239029717,0.001075057827255804,0.0,1.0,1.0,1.0,1.0,1.0,1.0,0.0,0.02753654432186047,0.00383050212392629,-0.011332418251265538,0.023982671318296504,0.0,0.011834084351033164,-0.005211212745469809,0.0,0.0038962598250180834,0.020709806091373795,0.0,"[0.06036170920245503, 1.2993465425771293, -1.1345514683028701, -0.1383249921310328, 1.4780464267210218, 1.1128198085346774, 0.0768344744793424, 1.5414267067782164, 1.0540476209430327]"
cube,77,/home/humanoid/Programs/hand/results/phase1/run_20260413_pollard_multiscene_500_run3/cube/generated_mjcf/scene_cube_tn0d0084p0d0101p0d0057_ip0d0186n0d0029p0d0002_mp0d0017p0d0087p0d0000.xml,cube_s0,True,0.012,4.0,0.55,0.3,1.0,3.0,5.139823994009206,0.053058002445971475,4.0,0.005547097082923824,1.1657012670669447,0.005230131677162958,0.0,1.0,0.6666666666666666,1.0,1.0,0.6666666666666666,0.6666666666666666,0.33333333333333337,0.047392802968625226,0.1049662286846063,-0.008418956494816787,0.010098682819272528,0.005692020027346097,0.018649896037094195,-0.00293131012119569,0.00024213617963288712,0.0016829095927515317,0.00871577789468347,0.0,"[0.05678979513303625, 1.2676084262416583, -0.9349968107595399, -0.13036683479999123, 1.4833706545479408, 1.0112688435157549, 0.05156688663574824, 1.5118083532294129, 0.9140770810808272]"
cube,78,/home/humanoid/Programs/hand/results/phase1/run_20260413_pollard_multiscene_500_run3/cube/generated_mjcf/scene_cube_tp0d0084p0d0236p0d0000_ip0d0161n0d0138p0d0116_mp0d0083p0d0234p0d0000.xml,cube_s0,True,0.012,4.0,0.55,0.3,1.0,3.0,6.528151405141619,0.05436214086778021,6.0,0.005081256815652599,1.5729192316459903,0.02576169054440399,0.0009243582713905074,1.0,1.0,1.0,0.9055555555555556,0.9055555555555556,0.9055555555555556,0.09444444444444444,0.1422208864006094,0.1610795958575291,0.008444576966534726,0.02360473805204645,0.0,0.016142527397372305,-0.013849435792305355,0.011586334684659968,0.008289451299635327,0.023392712373685107,0.0,"[0.05678979513303625, 1.2676084262416583, -0.9349968107595399, -0.13036683479999123, 1.4833706545479408, 1.0112688435157549, 0.05156688663574824, 1.5118083532294129, 0.9140770810808272]"
cube,79,/home/humanoid/Programs/hand/results/phase1/run_20260413_pollard_multiscene_500_run3/cube/generated_mjcf/scene_cube_tp0d0052p0d0176p0d0000_ip0d0028n0d0020p0d0000_mp0d0115p0d0176p0d0086.xml,cube_s2,True,0.012,4.0,0.55,0.3,2.0,3.0,7.287341185937695,0.04960547969590763,6.0,0.007597708160617588,0.06564034001925673,0.002115292956358223,0.00014647204241106937,1.0,1.0,1.0,1.0,1.0,1.0,0.0,0.0025585528129288527,0.013602322069873274,0.005237310362236038,0.017563482626837892,0.0,0.0027718192087738923,-0.0019917236705522656,0.0,0.011478080897803443,0.017636294965843274,0.008602642255188277,"[0.017223146151747647, 1.459904436214625, -1.196363758888488, -0.16288070789033632, 1.4786822661138344, 0.8783849268062217, 0.14840284864208186, 1.4237321528457243, 1.0573572983017683]"
cube,80,/home/humanoid/Programs/hand/results/phase1/run_20260413_pollard_multiscene_500_run3/cube/generated_mjcf/scene_cube_tn0d0008p0d0279p0d0006_ip0d0210n0d0071p0d0099_mp0d0206p0d0226p0d0000.xml,cube_s0,True,0.012,4.0,0.55,0.3,3.0,3.0,7.5960570988382425,0.05501800043057638,7.0,0.0051052480877142176,0.2901889799377484,0.011438756769985617,0.0,1.0,1.0,1.0,1.0,1.0,1.0,0.0,0.1539426926959788,0.10651767949989598,-0.0008000030475453623,0.027917390747862772,0.000573517541445712,0.02095203182614285,-0.007101411990425551,0.009890526263616365,0.02061665277540771,0.022553907751633406,0.0,"[0.05678979513303625, 1.2676084262416583, -0.9349968107595399, -0.13036683479999123, 1.4833706545479408, 1.0112688435157549, 0.05156688663574824, 1.5118083532294129, 0.9140770810808272]"
cube,81,/home/humanoid/Programs/hand/results/phase1/run_20260413_pollard_multiscene_500_run3/cube/generated_mjcf/scene_cube_tn0d0090p0d0228p0d0000_ip0d0072n0d0201p0d0063_mp0d0185p0d0065p0d0004.xml,cube_s2,True,0.012,4.0,0.55,0.3,1.0,3.0,7.243046954561308,0.048814125188487684,6.0,0.005214366186625875,0.10146461443433903,0.0022765925483120785,0.0,1.0,1.0,1.0,1.0,1.0,1.0,0.0,0.023000735580525556,0.0062774232539205554,-0.009013713642375616,0.02278980200712923,0.0,0.007243655781430538,-0.020128123761032943,0.006292119913449305,0.018507944887493133,0.006487311049542916,0.0004040384823368326,"[0.017223146151747647, 1.459904436214625, -1.196363758888488, -0.16288070789033632, 1.4786822661138344, 0.8783849268062217, 0.14840284864208186, 1.4237321528457243, 1.0573572983017683]"
cube,82,/home/humanoid/Programs/hand/results/phase1/run_20260413_pollard_multiscene_500_run3/cube/generated_mjcf/scene_cube_tn0d0025p0d0270p0d0000_ip0d0155n0d0107p0d0115_mp0d0081p0d0270p0d0000.xml,cube_s2,True,0.012,4.0,0.55,0.3,3.0,3.0,7.590384998363111,0.04995246017330557,7.0,0.005091545442941151,0.30113096349140134,0.0026595472785619716,0.0,1.0,1.0,1.0,1.0,1.0,1.0,0.0,0.07686222201515978,0.01955773321292124,-0.002519689680057913,0.0269603676315392,0.0,0.015539417179556146,-0.010713506962094235,0.011477954736469145,0.00807119382275073,0.027004100871841748,0.0,"[0.017223146151747647, 1.459904436214625, -1.196363758888488, -0.16288070789033632, 1.4786822661138344, 0.8783849268062217, 0.14840284864208186, 1.4237321528457243, 1.0573572983017683]"
cube,83,/home/humanoid/Programs/hand/results/phase1/run_20260413_pollard_multiscene_500_run3/cube/generated_mjcf/scene_cube_tn0d0076p0d0268p0d0000_ip0d0116n0d0088p0d0000_mn0d0012p0d0270p0d0076.xml,cube_s2,True,0.012,4.0,0.55,0.3,3.0,3.0,7.417114114352658,0.05014215458725847,7.0,0.0051765304977437225,1.1981710272056845,0.004727276873044334,0.0,1.0,1.0,1.0,1.0,1.0,1.0,0.0,0.10242792498105224,0.03398198981146059,-0.007615952366620589,0.02676994545049784,0.0,0.011578113540041342,-0.00879563808260816,0.0,-0.0011742335437274105,0.026988800245438982,0.007617363433869751,"[0.017223146151747647, 1.459904436214625, -1.196363758888488, -0.16288070789033632, 1.4786822661138344, 0.8783849268062217, 0.14840284864208186, 1.4237321528457243, 1.0573572983017683]"
cube,84,/home/humanoid/Programs/hand/results/phase1/run_20260413_pollard_multiscene_500_run3/cube/generated_mjcf/scene_cube_tn0d0090p0d0284p0d0000_ip0d0039n0d0058p0d0062_mp0d0183p0d0066p0d0059.xml,cube_s2,True,0.012,4.0,0.55,0.3,1.0,3.0,7.281389007990522,0.04882563391267205,6.0,0.005203866786012771,0.027759674486640212,0.0008549508212811907,7.057407211898126e-05,1.0,1.0,1.0,1.0,1.0,1.0,0.0,0.005968710385998705,0.001982380057729697,-0.00903107388097255,0.0283512663229558,0.0,0.003934833769319825,-0.005757207590804102,0.006176688296570931,0.018302976254368976,0.006579648189279809,0.005942068205402055,"[0.017223146151747647, 1.459904436214625, -1.196363758888488, -0.16288070789033632, 1.4786822661138344, 0.8783849268062217, 0.14840284864208186, 1.4237321528457243, 1.0573572983017683]"
cube,85,/home/humanoid/Programs/hand/results/phase1/run_20260413_pollard_multiscene_500_run3/cube/generated_mjcf/scene_cube_tn0d0007p0d0158p0d0056_ip0d0183n0d0166p0d0000_mp0d0218p0d0254p0d0000.xml,cube_s2,True,0.012,4.0,0.55,0.3,2.0,3.0,7.2541798979642245,0.05176934847119942,6.0,0.006371900838555431,0.5108929275225719,0.0033307447309722494,0.0,1.0,1.0,1.0,1.0,1.0,1.0,0.0,0.029558563536009694,0.03765305160083345,-0.0007242270174430531,0.01582120179505725,0.005623269061173778,0.018283433942996835,-0.01656094181848386,0.0,0.021800433240013316,0.025360559741709553,0.0,"[0.017223146151747647, 1.459904436214625, -1.196363758888488, -0.16288070789033632, 1.4786822661138344, 0.8783849268062217, 0.14840284864208186, 1.4237321528457243, 1.0573572983017683]"
cube,87,/home/humanoid/Programs/hand/results/phase1/run_20260413_pollard_multiscene_500_run3/cube/generated_mjcf/scene_cube_tp0d0022p0d0130p0d0026_in0d0017n0d0216p0d0000_mp0d0065p0d0036p0d0103.xml,cube_s2,True,0.012,4.0,0.55,0.3,1.0,3.0,7.211567777955449,0.05002438873681484,6.0,0.006804914837992158,0.5550753670858634,0.003006913213107502,6.691610401166059e-05,1.0,1.0,1.0,1.0,1.0,1.0,0.0,0.003950124283340384,0.03924019256816408,0.002216708864255847,0.012968687661631752,0.002642628237215415,-0.0016625819564261152,-0.021618052432726936,0.0,0.006488265088465934,0.003585833720184428,0.01031778056792828,"[0.017223146151747647, 1.459904436214625, -1.196363758888488, -0.16288070789033632, 1.4786822661138344, 0.8783849268062217, 0.14840284864208186, 1.4237321528457243, 1.0573572983017683]"
cube,88,/home/humanoid/Programs/hand/results/phase1/run_20260413_pollard_multiscene_500_run3/cube/generated_mjcf/scene_cube_tn0d0063p0d0145p0d0000_ip0d0206n0d0159p0d0000_mp0d0052p0d0267p0d0000.xml,cube_s2,True,0.012,4.0,0.55,0.3,3.0,3.0,6.758890279038474,0.05012144689861394,5.0,0.0074849286223524535,0.0710198553562236,0.008801257978989827,0.0,1.0,1.0,1.0,1.0,1.0,1.0,0.0,0.10658500952681188,0.02068993892824722,-0.006251785068665728,0.014495325210681365,0.0,0.020577729177482608,-0.015856336100447087,0.0,0.00516417454005876,0.026729880841243052,0.0,"[0.017223146151747647, 1.459904436214625, -1.196363758888488, -0.16288070789033632, 1.4786822661138344, 0.8783849268062217, 0.14840284864208186, 1.4237321528457243, 1.0573572983017683]"
cube,89,/home/humanoid/Programs/hand/results/phase1/run_20260413_pollard_multiscene_500_run3/cube/generated_mjcf/scene_cube_tn0d0100p0d0238p0d0052_ip0d0069n0d0192p0d0000_mp0d0085p0d0272p0d0086.xml,cube_s2,True,0.012,4.0,0.55,0.3,3.0,3.0,7.318208513034855,0.051586063028267334,6.0,0.006067223359964298,0.05327334552303333,0.0017570363561238676,0.00017475977582671887,1.0,1.0,1.0,1.0,1.0,1.0,0.0,0.03484590087561865,0.039386016167669534,-0.009995101896248837,0.02379157746173784,0.005198518097171433,0.0069337845806804535,-0.0192267562692027,0.0,0.00853763705229673,0.027187195281308668,0.008602447813300492,"[0.017223146151747647, 1.459904436214625, -1.196363758888488, -0.16288070789033632, 1.4786822661138344, 0.8783849268062217, 0.14840284864208186, 1.4237321528457243, 1.0573572983017683]"
cube,90,/home/humanoid/Programs/hand/results/phase1/run_20260413_pollard_multiscene_500_run3/cube/generated_mjcf/scene_cube_tp0d0029p0d0127p0d0045_ip0d0162n0d0225p0d0000_mp0d0058p0d0170p0d0037.xml,cube_s1,True,0.012,4.0,0.55,0.3,2.0,3.0,7.264607967392962,0.04999609763299058,6.0,0.005079892396686352,0.21993439265285397,0.0016746368085664575,2.3077708894134186e-05,1.0,1.0,1.0,1.0,1.0,1.0,0.0,0.029849900088751314,0.0038617052470553137,0.0029018135620788327,0.012654030748838113,0.004509948513336814,0.016215976054769522,-0.022490670271335656,0.0,0.005844347141099411,0.0169903517426752,0.0036732772408389104,"[0.06036170920245503, 1.2993465425771293, -1.1345514683028701, -0.1383249921310328, 1.4780464267210218, 1.1128198085346774, 0.0768344744793424, 1.5414267067782164, 1.0540476209430327]"
cube,91,/home/humanoid/Programs/hand/results/phase1/run_20260413_pollard_multiscene_500_run3/cube/generated_mjcf/scene_cube_tn0d0076p0d0193p0d0118_in0d0016n0d0154p0d0000_mp0d0077p0d0242p0d0000.xml,cube_s2,True,0.012,4.0,0.55,0.3,2.0,3.0,7.285492925351317,0.05109701932000992,6.0,0.00646370349165909,0.15561245329765128,0.003638859573866372,0.0,1.0,1.0,1.0,1.0,1.0,1.0,0.0,0.030127568609422162,0.029345499636886745,-0.007646693078679328,0.019271826466729144,0.01181202927686147,-0.0016195366585430217,-0.015396153316103115,0.0,0.007733992480541187,0.024160649172592356,0.0,"[0.017223146151747647, 1.459904436214625, -1.196363758888488, -0.16288070789033632, 1.4786822661138344, 0.8783849268062217, 0.14840284864208186, 1.4237321528457243, 1.0573572983017683]"
cube,92,/home/humanoid/Programs/hand/results/phase1/run_20260413_pollard_multiscene_500_run3/cube/generated_mjcf/scene_cube_tp0d0092p0d0218p0d0000_ip0d0041n0d0045p0d0035_mp0d0031p0d0064p0d0000.xml,cube_s1,True,0.012,4.0,0.55,0.3,2.0,3.0,7.2784588406256105,0.051591517379483136,6.0,0.005277255711265086,0.14504693810462108,0.0036422651799770858,0.00019013138913573369,1.0,1.0,1.0,1.0,1.0,1.0,0.0,0.03004169999534691,0.08151169554647576,0.009193872035903945,0.02181295623272573,0.0,0.0040552741037858985,-0.0045332674722808695,0.003460812432078599,0.0030934256771718233,0.006421691842922003,0.0,"[0.06036170920245503, 1.2993465425771293, -1.1345514683028701, -0.1383249921310328, 1.4780464267210218, 1.1128198085346774, 0.0768344744793424, 1.5414267067782164, 1.0540476209430327]"
cube,93,/home/humanoid/Programs/hand/results/phase1/run_20260413_pollard_multiscene_500_run3/cube/generated_mjcf/scene_cube_tp0d0098p0d0177p0d0077_ip0d0195n0d0189p0d0000_mp0d0023p0d0219p0d0000.xml,cube_s2,True,0.012,4.0,0.55,0.3,3.0,3.0,7.203652823445353,0.04826260517923951,6.0,0.0074633554791845745,0.15447496385336748,0.0012031967740521363,0.0008466381598120076,1.0,1.0,1.0,1.0,1.0,1.0,0.0,0.016460849450037632,0.027201428559121,0.009817727108383325,0.0176813969023054,0.007687387064662939,0.019488690226234645,-0.01886800685293718,0.0,0.0023280660770963867,0.021851488935866546,0.0,"[0.017223146151747647, 1.459904436214625, -1.196363758888488, -0.16288070789033632, 1.4786822661138344, 0.8783849268062217, 0.14840284864208186, 1.4237321528457243, 1.0573572983017683]"
cube,94,/home/humanoid/Programs/hand/results/phase1/run_20260413_pollard_multiscene_500_run3/cube/generated_mjcf/scene_cube_tp0d0015p0d0126p0d0064_ip0d0095n0d0111p0d0000_mp0d0090p0d0044p0d0074.xml,cube_s2,True,0.012,4.0,0.55,0.3,1.0,3.0,6.217931924634426,0.053235738013309476,5.0,0.0069601744313874956,0.5322362212617087,0.007377573749718546,0.0,1.0,0.8138888888888889,1.0,1.0,0.8138888888888889,0.8138888888888889,0.18611111111111112,0.023239333930484062,0.02811669470115798,0.001539169440428645,0.012590402374113123,0.006399856377125625,0.009505016714306917,-0.011122081462157587,0.0,0.008957884088755294,0.004397102470699158,0.007428471529678085,"[0.017223146151747647, 1.459904436214625, -1.196363758888488, -0.16288070789033632, 1.4786822661138344, 0.8783849268062217, 0.14840284864208186, 1.4237321528457243, 1.0573572983017683]"
cube,95,/home/humanoid/Programs/hand/results/phase1/run_20260413_pollard_multiscene_500_run3/cube/generated_mjcf/scene_cube_tp0d0098p0d0261p0d0000_ip0d0183n0d0242p0d0040_mp0d0164p0d0111p0d0086.xml,cube_s2,True,0.012,4.0,0.55,0.3,1.0,3.0,6.779885960693634,0.05028270651802717,5.0,0.005159620101362608,0.15803496171505582,0.005624187045330264,0.0,1.0,1.0,1.0,1.0,1.0,1.0,0.0,0.08496426034217436,0.054549800726351905,0.009779974161027216,0.026063540473240793,0.0,0.018250824386656643,-0.024208298980820234,0.003982977767717059,0.016417262015573204,0.011139749692614482,0.00855772058265547,"[0.017223146151747647, 1.459904436214625, -1.196363758888488, -0.16288070789033632, 1.4786822661138344, 0.8783849268062217, 0.14840284864208186, 1.4237321528457243, 1.0573572983017683]"
cube,96,/home/humanoid/Programs/hand/results/phase1/run_20260413_pollard_multiscene_500_run3/cube/generated_mjcf/scene_cube_tn0d0120p0d0232p0d0000_ip0d0131n0d0183p0d0000_mp0d0130p0d0152p0d0000.xml,cube_s1,True,0.012,4.0,0.55,0.3,3.0,3.0,6.9336955596310785,0.053675795809426885,5.0,0.005442318818167369,0.21945869776950783,0.003419402063581536,0.0,1.0,1.0,1.0,1.0,1.0,1.0,0.0,0.04934736839923731,0.06258014123274842,-0.011995439961423757,0.023170885074527296,0.0,0.013087070170243659,-0.01826739217079296,0.0,0.01302784928333284,0.015226435694788317,0.0,"[0.06036170920245503, 1.2993465425771293, -1.1345514683028701, -0.1383249921310328, 1.4780464267210218, 1.1128198085346774, 0.0768344744793424, 1.5414267067782164, 1.0540476209430327]"
cube,97,/home/humanoid/Programs/hand/results/phase1/run_20260413_pollard_multiscene_500_run3/cube/generated_mjcf/scene_cube_tp0d0093p0d0292p0d0012_ip0d0149n0d0135p0d0072_mp0d0180p0d0216p0d0000.xml,cube_s2,True,0.012,4.0,0.55,0.3,1.0,3.0,6.8399358879937715,0.0485712038647655,5.0,0.004953799347767911,0.07001094319190393,0.0038543286387894005,6.344210352003665e-05,1.0,1.0,1.0,1.0,1.0,1.0,0.0,0.010962652635651049,0.009594154776141117,0.009268198317895226,0.029177279887696635,0.001189641720707622,0.014946304660889418,-0.013466718358715133,0.007234640744900829,0.018012549910744587,0.02163983278281282,0.0,"[0.017223146151747647, 1.459904436214625, -1.196363758888488, -0.16288070789033632, 1.4786822661138344, 0.8783849268062217, 0.14840284864208186, 1.4237321528457243, 1.0573572983017683]"
cube,98,/home/humanoid/Programs/hand/results/phase1/run_20260413_pollard_multiscene_500_run3/cube/generated_mjcf/scene_cube_tn0d0114p0d0238p0d0000_ip0d0195n0d0037p0d0008_mp0d0071p0d0204p0d0050.xml,cube_s1,True,0.012,4.0,0.55,0.3,3.0,3.0,7.700973635962755,0.049827171060052834,7.0,0.004897799442283307,0.09364628981348397,0.0005725095008444107,1.0418448569984862e-05,1.0,1.0,1.0,1.0,1.0,1.0,0.0,0.014678550237375229,0.0017923603144447409,-0.011412276955248405,0.02379807387899146,0.0,0.019462260282733714,-0.0036636593388789888,0.0008100502558857133,0.0070586596157323,0.02041174898220853,0.005024872692297698,"[0.06036170920245503, 1.2993465425771293, -1.1345514683028701, -0.1383249921310328, 1.4780464267210218, 1.1128198085346774, 0.0768344744793424, 1.5414267067782164, 1.0540476209430327]"
cube,99,/home/humanoid/Programs/hand/results/phase1/run_20260413_pollard_multiscene_500_run3/cube/generated_mjcf/scene_cube_tp0d0044p0d0282p0d0019_ip0d0104n0d0119p0d0093_mp0d0068p0d0235p0d0001.xml,cube_s2,True,0.012,4.0,0.55,0.3,3.0,3.0,7.655009907286011,0.049774263468336084,7.0,0.004959947233769707,0.21133266240722703,0.0014522891210198517,6.529007272361442e-05,1.0,1.0,1.0,1.0,1.0,1.0,0.0,0.03278419287667434,0.006376223603304772,0.004374789435312346,0.028218177304168056,0.0018556460458758403,0.010385043516164927,-0.011894204793422361,0.009335535792464315,0.006802027202263075,0.023505980635449716,0.00011734953019630276,"[0.017223146151747647, 1.459904436214625, -1.196363758888488, -0.16288070789033632, 1.4786822661138344, 0.8783849268062217, 0.14840284864208186, 1.4237321528457243, 1.0573572983017683]"
cube,100,/home/humanoid/Programs/hand/results/phase1/run_20260413_pollard_multiscene_500_run3/cube/generated_mjcf/scene_cube_tn0d0100p0d0188p0d0000_ip0d0107n0d0038p0d0000_mp0d0094p0d0173p0d0065.xml,cube_s2,True,0.012,4.0,0.55,0.3,3.0,3.0,7.322622993925121,0.05062762232248357,6.0,0.0063518688255188764,0.05964258007534981,0.000819511428108274,0.0,1.0,1.0,1.0,1.0,1.0,1.0,0.0,0.01497730978822881,0.015598568685169937,-0.009951865181536158,0.018775567695502312,0.0,0.010669241071932166,-0.003820563471950528,0.0,0.009405390983008566,0.017280054041644587,0.0064756874760196585,"[0.017223146151747647, 1.459904436214625, -1.196363758888488, -0.16288070789033632, 1.4786822661138344, 0.8783849268062217, 0.14840284864208186, 1.4237321528457243, 1.0573572983017683]"
cube,101,/home/humanoid/Programs/hand/results/phase1/run_20260413_pollard_multiscene_500_run3/cube/generated_mjcf/scene_cube_tp0d0106p0d0212p0d0101_ip0d0061n0d0060p0d0063_mp0d0112p0d0075p0d0000.xml,cube_s2,True,0.012,4.0,0.55,0.3,2.0,3.0,6.290601523347503,0.04712082792677901,5.0,0.006156216609324143,0.5745955620973524,0.012534897167615085,0.00012150234205700328,1.0,0.925,1.0,1.0,0.925,0.925,0.07499999999999996,0.08451293866812952,0.05789067355601888,0.010583447100032992,0.021214589149641843,0.010118832452697093,0.006077415096292973,-0.005956325488376159,0.006329410999625626,0.011230695538510659,0.007470929249459784,0.0,"[0.017223146151747647, 1.459904436214625, -1.196363758888488, -0.16288070789033632, 1.4786822661138344, 0.8783849268062217, 0.14840284864208186, 1.4237321528457243, 1.0573572983017683]"
cube,102,/home/humanoid/Programs/hand/results/phase1/run_20260413_pollard_multiscene_500_run3/cube/generated_mjcf/scene_cube_tn0d0050p0d0300p0d0035_ip0d0198n0d0172p0d0000_mp0d0116p0d0118p0d0000.xml,cube_s2,True,0.012,4.0,0.55,0.3,2.0,3.0,7.319513045304608,0.05086395839665621,6.0,0.006002253717736174,0.036861118426835926,0.0013454324676614034,0.0,1.0,1.0,1.0,1.0,1.0,1.0,0.0,0.02573040823633598,0.018777640673117473,-0.00501959716225856,0.03,0.0034709390634110604,0.019816908082287803,-0.017192165528774707,0.0,0.01161693581676551,0.011813476401367424,0.0,"[0.017223146151747647, 1.459904436214625, -1.196363758888488, -0.16288070789033632, 1.4786822661138344, 0.8783849268062217, 0.14840284864208186, 1.4237321528457243, 1.0573572983017683]"
cube,103,/home/humanoid/Programs/hand/results/phase1/run_20260413_pollard_multiscene_500_run3/cube/generated_mjcf/scene_cube_tp0d0024p0d0087p0d0000_in0d0020n0d0127p0d0026_mp0d0002p0d0091p0d0073.xml,cube_s2,True,0.012,4.0,0.55,0.3,1.0,3.0,6.750785355160911,0.04807315412193553,5.0,0.007713201739135877,0.4548446903242869,0.0034148609597163954,0.0005875757204246018,1.0,1.0,1.0,1.0,1.0,1.0,0.0,0.009295471911657775,0.02257277152973018,0.002383369372827144,0.008678863384413857,0.0,-0.0019946792069528447,-0.01271909707195985,0.002592015961930566,0.00023177104157602255,0.00911026565147512,0.0072958037054163295,"[0.017223146151747647, 1.459904436214625, -1.196363758888488, -0.16288070789033632, 1.4786822661138344, 0.8783849268062217, 0.14840284864208186, 1.4237321528457243, 1.0573572983017683]"
cube,104,/home/humanoid/Programs/hand/results/phase1/run_20260413_pollard_multiscene_500_run3/cube/generated_mjcf/scene_cube_tp0d0082p0d0173p0d0075_ip0d0047n0d0074p0d0011_mp0d0086p0d0191p0d0000.xml,cube_s2,True,0.012,4.0,0.55,0.3,1.0,3.0,5.7894311951978485,0.049619103272669884,4.0,0.007575274839103671,0.12537873872325211,0.0028406074109676984,0.000224791462754656,1.0,1.0,0.8138888888888889,1.0,0.8138888888888889,0.8138888888888889,0.18611111111111112,0.013714537607106161,0.01964875846586774,0.008166757436390344,0.017305598102488752,0.007541369532989443,0.004651366072771426,-0.007353402664476439,0.0010909589677707467,0.008562377893663898,0.019054614628170638,0.0,"[0.017223146151747647, 1.459904436214625, -1.196363758888488, -0.16288070789033632, 1.4786822661138344, 0.8783849268062217, 0.14840284864208186, 1.4237321528457243, 1.0573572983017683]"
cube,105,/home/humanoid/Programs/hand/results/phase1/run_20260413_pollard_multiscene_500_run3/cube/generated_mjcf/scene_cube_tn0d0081p0d0151p0d0043_ip0d0149n0d0080p0d0064_mn0d0001p0d0058p0d0085.xml,cube_s2,True,0.012,4.0,0.55,0.3,1.0,3.0,6.809231189347819,0.05520552590017726,5.0,0.005968749200831728,1.317405313937227,0.005927744448919744,0.0,1.0,1.0,1.0,1.0,1.0,1.0,0.0,0.039539485784388415,0.07661593837646447,-0.008101357374999472,0.015051763145310957,0.004333502634470354,0.014949647520672982,-0.007961740219535359,0.0064228105575298185,-9.076253567036861e-05,0.005841333801968511,0.008528427846290734,"[0.017223146151747647, 1.459904436214625, -1.196363758888488, -0.16288070789033632, 1.4786822661138344, 0.8783849268062217, 0.14840284864208186, 1.4237321528457243, 1.0573572983017683]"
cube,106,/home/humanoid/Programs/hand/results/phase1/run_20260413_pollard_multiscene_500_run3/cube/generated_mjcf/scene_cube_tn0d0034p0d0216p0d0001_ip0d0130n0d0225p0d0065_mp0d0010p0d0197p0d0000.xml,cube_s2,True,0.012,4.0,0.55,0.3,2.0,3.0,7.2523814280232894,0.052199466282867896,6.0,0.005279076963005991,0.23368997761614038,0.0013454836663087423,0.000683660052635815,1.0,1.0,1.0,1.0,1.0,1.0,0.0,0.07615391073176055,0.07311501589482351,-0.003435893928932775,0.021640910971604234,8.406733760194136e-05,0.01303990171210299,-0.022453278930529147,0.006474965432793946,0.0009616558759156877,0.019652987084016846,0.0,"[0.017223146151747647, 1.459904436214625, -1.196363758888488, -0.16288070789033632, 1.4786822661138344, 0.8783849268062217, 0.14840284864208186, 1.4237321528457243, 1.0573572983017683]"
cube,107,/home/humanoid/Programs/hand/results/phase1/run_20260413_pollard_multiscene_500_run3/cube/generated_mjcf/scene_cube_tn0d0002p0d0241p0d0000_in0d0009n0d0012p0d0005_mp0d0158p0d0161p0d0077.xml,cube_s2,True,0.012,4.0,0.55,0.3,2.0,3.0,7.286959083219987,0.04948476022357268,6.0,0.006879977202444873,0.047223825470738334,0.0015510662733455225,0.0005029549869350336,1.0,1.0,1.0,1.0,1.0,1.0,0.0,0.0028371177141257122,0.011970042364276309,-0.0001857207345086799,0.024120649624657868,0.0,-0.0008951006875646678,-0.0011589227586814663,0.000544245585789983,0.015811471385460664,0.01605107600938014,0.007672485664079333,"[0.017223146151747647, 1.459904436214625, -1.196363758888488, -0.16288070789033632, 1.4786822661138344, 0.8783849268062217, 0.14840284864208186, 1.4237321528457243, 1.0573572983017683]"
cube,108,/home/humanoid/Programs/hand/results/phase1/run_20260413_pollard_multiscene_500_run3/cube/generated_mjcf/scene_cube_tp0d0016p0d0109p0d0034_ip0d0021n0d0045p0d0043_mp0d0206p0d0184p0d0000.xml,cube_s2,True,0.012,4.0,0.55,0.3,1.0,3.0,7.333623582524938,0.05094953682062232,6.0,0.007003170532921543,0.04575561908441974,0.0007420107464483678,0.0,1.0,1.0,1.0,1.0,1.0,1.0,0.0,0.01598037853338416,0.016616158512524404,0.0015507882981054214,0.010946165081292702,0.0034057575517393284,0.002145776066487623,-0.004532300759600939,0.00434547841134757,0.020555407315434586,0.018397938948996252,0.0,"[0.017223146151747647, 1.459904436214625, -1.196363758888488, -0.16288070789033632, 1.4786822661138344, 0.8783849268062217, 0.14840284864208186, 1.4237321528457243, 1.0573572983017683]"
cube,109,/home/humanoid/Programs/hand/results/phase1/run_20260413_pollard_multiscene_500_run3/cube/generated_mjcf/scene_cube_tp0d0014p0d0265p0d0051_ip0d0062n0d0086p0d0104_mp0d0144p0d0121p0d0099.xml,cube_s2,True,0.012,4.0,0.55,0.3,1.0,3.0,7.1772984578695285,0.05066296920483374,6.0,0.005227349521961304,0.4327558499679425,0.002566927712303944,0.0,1.0,1.0,1.0,1.0,1.0,1.0,0.0,0.08003974631375017,0.05019215034592811,0.0013713010998067932,0.026522534647037528,0.00508531914060183,0.006215120944035642,-0.0085715723855087,0.010446457471225783,0.014435441034388851,0.012115233654059249,0.009858199929202283,"[0.017223146151747647, 1.459904436214625, -1.196363758888488, -0.16288070789033632, 1.4786822661138344, 0.8783849268062217, 0.14840284864208186, 1.4237321528457243, 1.0573572983017683]"
cube,110,/home/humanoid/Programs/hand/results/phase1/run_20260413_pollard_multiscene_500_run3/cube/generated_mjcf/scene_cube_tp0d0079p0d0285p0d0000_ip0d0050n0d0053p0d0000_mn0d0002p0d0197p0d0072.xml,cube_s2,True,0.012,4.0,0.55,0.3,3.0,3.0,6.833299505076489,0.05075645752429583,5.0,0.0056126455333560905,0.15423912823873065,0.0011034206342057848,0.00031580050997155606,1.0,1.0,1.0,1.0,1.0,1.0,0.0,0.05517541323640048,0.08645960962009767,0.007862980625476145,0.028524410246412026,0.0,0.004979892007376512,-0.005336932736155145,0.0,-0.0002310575466114538,0.019698384299342057,0.007182478955496934,"[0.017223146151747647, 1.459904436214625, -1.196363758888488, -0.16288070789033632, 1.4786822661138344, 0.8783849268062217, 0.14840284864208186, 1.4237321528457243, 1.0573572983017683]"
cube,112,/home/humanoid/Programs/hand/results/phase1/run_20260413_pollard_multiscene_500_run3/cube/generated_mjcf/scene_cube_tn0d0029p0d0083p0d0079_ip0d0099n0d0138p0d0024_mp0d0184p0d0103p0d0000.xml,cube_s2,True,0.012,4.0,0.55,0.3,1.0,3.0,6.822293838678715,0.04900463840432889,5.0,0.007207924328079626,0.24482415992290604,0.004934576330108093,0.0,1.0,1.0,1.0,1.0,1.0,1.0,0.0,0.004916619683993696,0.014409910327117062,-0.0028798104808018445,0.008312184160997247,0.00786631007594749,0.00990983944819043,-0.01383796642650531,0.00244307317527483,0.018400676902117614,0.010290257395785304,0.0,"[0.017223146151747647, 1.459904436214625, -1.196363758888488, -0.16288070789033632, 1.4786822661138344, 0.8783849268062217, 0.14840284864208186, 1.4237321528457243, 1.0573572983017683]"
cube,114,/home/humanoid/Programs/hand/results/phase1/run_20260413_pollard_multiscene_500_run3/cube/generated_mjcf/scene_cube_tn0d0097p0d0300p0d0040_ip0d0154n0d0108p0d0000_mp0d0182p0d0133p0d0000.xml,cube_s0,True,0.012,4.0,0.55,0.3,2.0,3.0,6.936193072266474,0.05162308154867018,5.0,0.006497689545675631,0.07146936258247415,0.0022911261689374544,0.0,1.0,1.0,1.0,1.0,1.0,1.0,0.0,0.018415774039431634,0.029472934810407397,-0.009724061022624773,0.03,0.0040072071336392685,0.015418097000075947,-0.010783104100315308,0.0,0.018205053769901072,0.013332696100926186,0.0,"[0.05678979513303625, 1.2676084262416583, -0.9349968107595399, -0.13036683479999123, 1.4833706545479408, 1.0112688435157549, 0.05156688663574824, 1.5118083532294129, 0.9140770810808272]"
cube,115,/home/humanoid/Programs/hand/results/phase1/run_20260413_pollard_multiscene_500_run3/cube/generated_mjcf/scene_cube_tn0d0088p0d0107p0d0005_ip0d0116n0d0119p0d0027_mp0d0191p0d0154p0d0000.xml,cube_s2,True,0.012,4.0,0.55,0.3,1.0,3.0,7.322399515013967,0.05100431795582601,6.0,0.006374995539114453,0.09522373345811755,0.0018514813990215943,0.0,1.0,1.0,1.0,1.0,1.0,1.0,0.0,0.016281998129424966,0.016654351638883735,-0.008752578143894657,0.010717277259950732,0.0005339023898471625,0.011649846149658704,-0.011851546974094098,0.0027149922709011447,0.019063443114098563,0.015400916278669291,0.0,"[0.017223146151747647, 1.459904436214625, -1.196363758888488, -0.16288070789033632, 1.4786822661138344, 0.8783849268062217, 0.14840284864208186, 1.4237321528457243, 1.0573572983017683]"
cube,116,/home/humanoid/Programs/hand/results/phase1/run_20260413_pollard_multiscene_500_run3/cube/generated_mjcf/scene_cube_tn0d0058p0d0154p0d0015_ip0d0171n0d0137p0d0000_mp0d0025p0d0055p0d0000.xml,cube_s2,True,0.012,4.0,0.55,0.3,1.0,3.0,7.082884053828734,0.04998585160573199,6.0,0.005108684305871699,1.045962607152763,0.0042894654194643245,0.0,1.0,1.0,1.0,1.0,1.0,1.0,0.0,0.06373333199742451,0.02007773634603771,-0.005842255138069734,0.015364319418918195,0.0014593692806168217,0.01708893618799274,-0.01371309528163105,0.0,0.002515708089826485,0.00547565360219901,0.0,"[0.017223146151747647, 1.459904436214625, -1.196363758888488, -0.16288070789033632, 1.4786822661138344, 0.8783849268062217, 0.14840284864208186, 1.4237321528457243, 1.0573572983017683]"
cube,117,/home/humanoid/Programs/hand/results/phase1/run_20260413_pollard_multiscene_500_run3/cube/generated_mjcf/scene_cube_tp0d0044p0d0222p0d0039_ip0d0089n0d0217p0d0000_mp0d0103p0d0152p0d0000.xml,cube_s2,True,0.012,4.0,0.55,0.3,1.0,3.0,7.536241176318584,0.049966872451566106,7.0,0.004881912477122631,0.7943728917633334,0.002777365007561452,0.0,1.0,1.0,1.0,1.0,1.0,1.0,0.0,0.05871359331062073,0.016603634822991337,0.004425039793702623,0.022177153565716874,0.0038910621589977774,0.00891028314209102,-0.02166526711317343,0.0,0.010263051494114807,0.015231959161743686,0.0,"[0.017223146151747647, 1.459904436214625, -1.196363758888488, -0.16288070789033632, 1.4786822661138344, 0.8783849268062217, 0.14840284864208186, 1.4237321528457243, 1.0573572983017683]"
cube,118,/home/humanoid/Programs/hand/results/phase1/run_20260413_pollard_multiscene_500_run3/cube/generated_mjcf/scene_cube_tp0d0078p0d0184p0d0083_ip0d0044n0d0017p0d0000_mp0d0165p0d0038p0d0000.xml,cube_s2,True,0.012,4.0,0.55,0.3,2.0,3.0,6.834989257319107,0.05032060604639847,5.0,0.006985278746081212,0.34199917636931004,0.007825809645906455,0.0,1.0,1.0,1.0,1.0,1.0,1.0,0.0,0.003712666584949701,0.020587991793783362,0.007807237396004606,0.01839952006368896,0.008290947003856325,0.004371823127956276,-0.0016934499390448814,0.0,0.016460379772354136,0.0037844748722332625,0.0,"[0.017223146151747647, 1.459904436214625, -1.196363758888488, -0.16288070789033632, 1.4786822661138344, 0.8783849268062217, 0.14840284864208186, 1.4237321528457243, 1.0573572983017683]"
cube,119,/home/humanoid/Programs/hand/results/phase1/run_20260413_pollard_multiscene_500_run3/cube/generated_mjcf/scene_cube_tp0d0089p0d0164p0d0104_ip0d0203n0d0051p0d0000_mp0d0186p0d0143p0d0000.xml,cube_s2,True,0.012,4.0,0.55,0.3,1.0,3.0,6.1781666339973125,0.05009939388605916,5.0,0.006927335206222845,0.9216608239840955,0.009786594579674035,0.0,1.0,0.8555555555555555,1.0,1.0,0.8555555555555555,0.8555555555555555,0.1444444444444445,0.03251465098105527,0.023948279091194662,0.008893279303444638,0.01640251999547089,0.010379507833410868,0.020306008014948564,-0.005095378154555871,0.0,0.01859844408246346,0.014270504086291665,0.0,"[0.017223146151747647, 1.459904436214625, -1.196363758888488, -0.16288070789033632, 1.4786822661138344, 0.8783849268062217, 0.14840284864208186, 1.4237321528457243, 1.0573572983017683]"
cube,120,/home/humanoid/Programs/hand/results/phase1/run_20260413_pollard_multiscene_500_run3/cube/generated_mjcf/scene_cube_tp0d0084p0d0276p0d0000_ip0d0188n0d0118p0d0058_mp0d0044p0d0085p0d0084.xml,cube_s2,True,0.012,4.0,0.55,0.3,1.0,3.0,7.212211952976963,0.050807294228800606,6.0,0.005540415419020628,0.3800238233951074,0.0015721063008618424,0.0,1.0,1.0,1.0,1.0,1.0,1.0,0.0,0.05455345375084165,0.06794569825547792,0.00844700085406028,0.0275899209061255,0.0,0.01879663640748299,-0.01184488672550997,0.005846178204292226,0.004436224499191826,0.00847107561171959,0.008359507557784272,"[0.017223146151747647, 1.459904436214625, -1.196363758888488, -0.16288070789033632, 1.4786822661138344, 0.8783849268062217, 0.14840284864208186, 1.4237321528457243, 1.0573572983017683]"
cube,123,/home/humanoid/Programs/hand/results/phase1/run_20260413_pollard_multiscene_500_run3/cube/generated_mjcf/scene_cube_tn0d0043p0d0196p0d0000_ip0d0116n0d0220p0d0000_mp0d0172p0d0092p0d0000.xml,cube_s2,True,0.012,4.0,0.55,0.3,1.0,3.0,7.257576326739675,0.04923526283010752,6.0,0.005079005081017816,0.14369052099087976,0.0007583938543048774,2.904743276577193e-06,1.0,1.0,1.0,1.0,1.0,1.0,0.0,0.0264756848926692,0.005770758131209919,-0.004260038967681772,0.01960461298881959,0.0,0.011600278864472048,-0.0219961311853588,0.0,0.017223337484585828,0.009153846869822672,0.0,"[0.017223146151747647, 1.459904436214625, -1.196363758888488, -0.16288070789033632, 1.4786822661138344, 0.8783849268062217, 0.14840284864208186, 1.4237321528457243, 1.0573572983017683]"
cube,124,/home/humanoid/Programs/hand/results/phase1/run_20260413_pollard_multiscene_500_run3/cube/generated_mjcf/scene_cube_tp0d0024p0d0115p0d0000_ip0d0179n0d0148p0d0088_mp0d0159p0d0081p0d0000.xml,cube_s2,True,0.012,4.0,0.55,0.3,3.0,3.0,6.918959325521469,0.05131420075371587,5.0,0.0060494197693201955,0.09354566749007942,0.0018998161762931766,0.0,1.0,1.0,1.0,1.0,1.0,1.0,0.0,0.029464903812329413,0.020086420652689507,0.00244379712564664,0.011516003744496317,0.0,0.017933255596691573,-0.014767612297100151,0.008771401825721701,0.01585675523326934,0.008123136719758773,0.0,"[0.017223146151747647, 1.459904436214625, -1.196363758888488, -0.16288070789033632, 1.4786822661138344, 0.8783849268062217, 0.14840284864208186, 1.4237321528457243, 1.0573572983017683]"
cube,125,/home/humanoid/Programs/hand/results/phase1/run_20260413_pollard_multiscene_500_run3/cube/generated_mjcf/scene_cube_tn0d0079p0d0199p0d0000_ip0d0180n0d0130p0d0013_mp0d0073p0d0214p0d0045.xml,cube_s1,True,0.012,4.0,0.55,0.3,3.0,3.0,7.25211560033408,0.049855601665059465,6.0,0.004938973256002114,0.2310908427875707,0.0015795062654371556,0.0,1.0,1.0,1.0,1.0,1.0,1.0,0.0,0.03584401805087354,0.005935658738730661,-0.007887425942232639,0.019869923947212237,0.0,0.01796756903605752,-0.01303821976671418,0.0013139928106517436,0.0072988538669776434,0.021417608120759872,0.004534554990868175,"[0.06036170920245503, 1.2993465425771293, -1.1345514683028701, -0.1383249921310328, 1.4780464267210218, 1.1128198085346774, 0.0768344744793424, 1.5414267067782164, 1.0540476209430327]"
cube,126,/home/humanoid/Programs/hand/results/phase1/run_20260413_pollard_multiscene_500_run3/cube/generated_mjcf/scene_cube_tp0d0045p0d0265p0d0000_ip0d0009n0d0047p0d0000_mp0d0146p0d0270p0d0048.xml,cube_s2,True,0.012,4.0,0.55,0.3,1.0,3.0,7.1687920670907355,0.04881271285232523,6.0,0.007274215102870387,0.5467453735197748,0.0011227834330650608,0.0017118316460801447,1.0,1.0,1.0,1.0,1.0,1.0,0.0,0.0072483466826846685,0.017131238945809535,0.004458536017805364,0.02651826532165731,0.0,0.0008580601897542929,-0.004669597340441882,0.0,0.014602302785354992,0.02702318182498961,0.004842281650674841,"[0.017223146151747647, 1.459904436214625, -1.196363758888488, -0.16288070789033632, 1.4786822661138344, 0.8783849268062217, 0.14840284864208186, 1.4237321528457243, 1.0573572983017683]"
cube,128,/home/humanoid/Programs/hand/results/phase1/run_20260413_pollard_multiscene_500_run3/cube/generated_mjcf/scene_cube_tp0d0045p0d0300p0d0062_ip0d0123n0d0114p0d0000_mp0d0168p0d0125p0d0000.xml,cube_s2,True,0.012,4.0,0.55,0.3,1.0,3.0,7.076928047192767,0.05047350923842829,6.0,0.0050650243011024125,0.8447091133369763,0.00506919139064513,0.0,1.0,1.0,1.0,1.0,1.0,1.0,0.0,0.10461965662089827,0.03554711116940725,0.004485274247750803,0.03,0.006156220676458435,0.012260561788589615,-0.011358161911042592,0.0,0.016811552901191067,0.012516042873784501,0.0,"[0.017223146151747647, 1.459904436214625, -1.196363758888488, -0.16288070789033632, 1.4786822661138344, 0.8783849268062217, 0.14840284864208186, 1.4237321528457243, 1.0573572983017683]"
cube,129,/home/humanoid/Programs/hand/results/phase1/run_20260413_pollard_multiscene_500_run3/cube/generated_mjcf/scene_cube_tp0d0011p0d0169p0d0025_in0d0016n0d0203p0d0010_mp0d0126p0d0053p0d0033.xml,cube_s2,True,0.012,4.0,0.55,0.3,3.0,3.0,7.272329190113767,0.05296538570304508,6.0,0.005254925640241329,0.09095250410269169,0.006328105903542348,0.0005483644874718641,1.0,1.0,1.0,1.0,1.0,1.0,0.0,0.07073700598573655,0.08404113468053732,0.001124035130705775,0.016879105762682,0.002540590918859706,-0.0015998689586662306,-0.020340573322197117,0.0009559423156456498,0.012637777989375407,0.0052731398225478055,0.003273069010678602,"[0.017223146151747647, 1.459904436214625, -1.196363758888488, -0.16288070789033632, 1.4786822661138344, 0.8783849268062217, 0.14840284864208186, 1.4237321528457243, 1.0573572983017683]"
cube,130,/home/humanoid/Programs/hand/results/phase1/run_20260413_pollard_multiscene_500_run3/cube/generated_mjcf/scene_cube_tp0d0082p0d0149p0d0005_ip0d0197n0d0074p0d0000_mp0d0212p0d0115p0d0078.xml,cube_s2,True,0.012,4.0,0.55,0.3,3.0,3.0,7.2962652468226405,0.050053929945985245,6.0,0.006614258828420557,0.02447658401717481,0.0008008439289685768,0.00011319344575554113,1.0,1.0,1.0,1.0,1.0,1.0,0.0,0.01749375527811339,0.03013031165286878,0.008189307560810648,0.014882807021886352,0.0005119386873650589,0.01974686259815555,-0.007428967554101598,0.0,0.02119582419996409,0.011509801055097127,0.007780858579894308,"[0.017223146151747647, 1.459904436214625, -1.196363758888488, -0.16288070789033632, 1.4786822661138344, 0.8783849268062217, 0.14840284864208186, 1.4237321528457243, 1.0573572983017683]"
cube,131,/home/humanoid/Programs/hand/results/phase1/run_20260413_pollard_multiscene_500_run3/cube/generated_mjcf/scene_cube_tn0d0011p0d0270p0d0101_ip0d0197n0d0050p0d0000_mp0d0199p0d0070p0d0000.xml,cube_s2,True,0.012,4.0,0.55,0.3,3.0,3.0,6.924871025550782,0.04994834507141095,5.0,0.005355324699232261,0.02534497443128361,0.00025324132637036506,4.5640179955341864e-05,1.0,1.0,1.0,1.0,1.0,1.0,0.0,0.006243407958147301,0.0009962366192203993,-0.0011395805826361627,0.026954421492883872,0.010102144179137976,0.019665360013878683,-0.004989540944297587,0.0,0.019903111947131187,0.00698015457820993,0.0,"[0.017223146151747647, 1.459904436214625, -1.196363758888488, -0.16288070789033632, 1.4786822661138344, 0.8783849268062217, 0.14840284864208186, 1.4237321528457243, 1.0573572983017683]"
cube,132,/home/humanoid/Programs/hand/results/phase1/run_20260413_pollard_multiscene_500_run3/cube/generated_mjcf/scene_cube_tp0d0035p0d0260p0d0000_ip0d0045n0d0154p0d0083_mn0d0020p0d0247p0d0000.xml,cube_s2,True,0.012,4.0,0.55,0.3,1.0,3.0,6.998743744235557,0.049950256816037125,6.0,0.004875336870326249,1.3852866748104047,0.004566346380183109,0.0,1.0,1.0,1.0,1.0,1.0,1.0,0.0,0.09097044793539888,0.027206086294064142,0.003512477377717779,0.02595634688580678,0.0,0.004452740128532561,-0.015443202872165433,0.008333916584662072,-0.001953983419333517,0.024659893923409178,0.0,"[0.017223146151747647, 1.459904436214625, -1.196363758888488, -0.16288070789033632, 1.4786822661138344, 0.8783849268062217, 0.14840284864208186, 1.4237321528457243, 1.0573572983017683]"
cube,133,/home/humanoid/Programs/hand/results/phase1/run_20260413_pollard_multiscene_500_run3/cube/generated_mjcf/scene_cube_tp0d0028p0d0300p0d0000_ip0d0111n0d0190p0d0049_mp0d0176p0d0092p0d0086.xml,cube_s2,True,0.012,4.0,0.55,0.3,1.0,3.0,7.498344531952302,0.049201612500284944,7.0,0.0053511203027460435,0.2957199533766423,0.0068989000998666,0.0,1.0,1.0,1.0,1.0,1.0,1.0,0.0,0.10338398516493467,0.04774857236309595,0.0027977652898282263,0.03,0.0,0.011086082907261777,-0.018966780190806512,0.004853939664313668,0.01762763991258995,0.009209986654092634,0.008637469710466666,"[0.017223146151747647, 1.459904436214625, -1.196363758888488, -0.16288070789033632, 1.4786822661138344, 0.8783849268062217, 0.14840284864208186, 1.4237321528457243, 1.0573572983017683]"
cube,134,/home/humanoid/Programs/hand/results/phase1/run_20260413_pollard_multiscene_500_run3/cube/generated_mjcf/scene_cube_tn0d0077p0d0195p0d0000_ip0d0054n0d0153p0d0047_mp0d0056p0d0160p0d0036.xml,cube_s2,True,0.012,4.0,0.55,0.3,3.0,3.0,7.251364115955609,0.051746945146126336,6.0,0.005396065473155719,0.3072540500383315,0.0036530338542455866,0.0,1.0,1.0,1.0,1.0,1.0,1.0,0.0,0.058842420922065757,0.04427620331842721,-0.007742076707245167,0.019521734459900235,0.0,0.005380400973209519,-0.015320954689492202,0.004686405960974107,0.00560440286082812,0.016011727803561176,0.0036316851150580594,"[0.017223146151747647, 1.459904436214625, -1.196363758888488, -0.16288070789033632, 1.4786822661138344, 0.8783849268062217, 0.14840284864208186, 1.4237321528457243, 1.0573572983017683]"
cube,136,/home/humanoid/Programs/hand/results/phase1/run_20260413_pollard_multiscene_500_run3/cube/generated_mjcf/scene_cube_tn0d0000p0d0159p0d0000_ip0d0210n0d0204p0d0000_mp0d0053p0d0187p0d0000.xml,cube_s0,True,0.012,4.0,0.55,0.3,2.0,3.0,7.221469275286417,0.05463739183212629,6.0,0.005130469513577465,0.10559433968847942,0.012930193486556198,0.0,1.0,1.0,1.0,1.0,1.0,1.0,0.0,0.13745668805959046,0.09940299975729698,-4.7116339295641754e-05,0.015941643153524383,0.0,0.02102531309204351,-0.02037678228072287,0.0,0.005322139856231826,0.01872476021489625,0.0,"[0.05678979513303625, 1.2676084262416583, -0.9349968107595399, -0.13036683479999123, 1.4833706545479408, 1.0112688435157549, 0.05156688663574824, 1.5118083532294129, 0.9140770810808272]"
cube,137,/home/humanoid/Programs/hand/results/phase1/run_20260413_pollard_multiscene_500_run3/cube/generated_mjcf/scene_cube_tp0d0049p0d0247p0d0000_ip0d0180n0d0165p0d0030_mp0d0110p0d0050p0d0000.xml,cube_s2,True,0.012,4.0,0.55,0.3,1.0,3.0,7.228317089472799,0.05062558119767291,6.0,0.005515722646540175,0.3066310466365679,0.0008679207881929111,0.0,1.0,1.0,1.0,1.0,1.0,1.0,0.0,0.054242369245425186,0.05420451236521049,0.004939700650079103,0.024682204869321503,0.0,0.018032783027366765,-0.016529194989133536,0.0029566510456937745,0.010960551337871752,0.005020658944108913,0.0,"[0.017223146151747647, 1.459904436214625, -1.196363758888488, -0.16288070789033632, 1.4786822661138344, 0.8783849268062217, 0.14840284864208186, 1.4237321528457243, 1.0573572983017683]"
cube,138,/home/humanoid/Programs/hand/results/phase1/run_20260413_pollard_multiscene_500_run3/cube/generated_mjcf/scene_cube_tp0d0015p0d0300p0d0068_ip0d0095n0d0196p0d0000_mn0d0010p0d0173p0d0000.xml,cube_s2,True,0.012,4.0,0.55,0.3,1.0,3.0,7.294433408414965,0.050793636214111426,6.0,0.006259506997970512,0.06604618509852735,0.0027804688527646197,0.00010929699247168301,1.0,1.0,1.0,1.0,1.0,1.0,0.0,0.025672850372217556,0.03450137983949936,0.001515325259618382,0.03,0.006807639524938257,0.009541767906657332,-0.019584708658321362,0.0,-0.000981823473950495,0.01725793949067561,0.0,"[0.017223146151747647, 1.459904436214625, -1.196363758888488, -0.16288070789033632, 1.4786822661138344, 0.8783849268062217, 0.14840284864208186, 1.4237321528457243, 1.0573572983017683]"
cube,139,/home/humanoid/Programs/hand/results/phase1/run_20260413_pollard_multiscene_500_run3/cube/generated_mjcf/scene_cube_tp0d0038p0d0208p0d0000_ip0d0064n0d0233p0d0116_mn0d0002p0d0039p0d0000.xml,cube_s2,True,0.012,4.0,0.55,0.3,1.0,3.0,6.877270833281648,0.04660594881777046,6.0,0.006102513811311039,1.3400037863447147,0.005659462421244623,0.0026497434055188784,1.0,1.0,1.0,1.0,1.0,1.0,0.0,0.032531512526794364,0.08489314369100061,0.0038050259348188786,0.020755100794810622,0.0,0.006448623398971592,-0.023325066083498283,0.011591209693892372,-0.00019526507632723449,0.0039111861558529856,0.0,"[0.017223146151747647, 1.459904436214625, -1.196363758888488, -0.16288070789033632, 1.4786822661138344, 0.8783849268062217, 0.14840284864208186, 1.4237321528457243, 1.0573572983017683]"
cube,140,/home/humanoid/Programs/hand/results/phase1/run_20260413_pollard_multiscene_500_run3/cube/generated_mjcf/scene_cube_tn0d0087p0d0271p0d0000_ip0d0062n0d0240p0d0104_mp0d0057p0d0235p0d0111.xml,cube_s2,True,0.012,4.0,0.55,0.3,1.0,3.0,7.189975628585692,0.04829678363211634,6.0,0.004952266163656392,0.2859685207326035,0.0015501476312967698,0.0,1.0,1.0,1.0,1.0,1.0,1.0,0.0,0.03446462090378559,0.007692962819217997,-0.008731530079981356,0.027066388090933438,0.0,0.0061588016073141905,-0.023982038856395667,0.010357658104953149,0.005704969469548151,0.02352908190489477,0.011086436192306204,"[0.017223146151747647, 1.459904436214625, -1.196363758888488, -0.16288070789033632, 1.4786822661138344, 0.8783849268062217, 0.14840284864208186, 1.4237321528457243, 1.0573572983017683]"
cube,142,/home/humanoid/Programs/hand/results/phase1/run_20260413_pollard_multiscene_500_run3/cube/generated_mjcf/scene_cube_tn0d0074p0d0247p0d0000_ip0d0168n0d0241p0d0028_mp0d0123p0d0058p0d0022.xml,cube_s2,True,0.012,4.0,0.55,0.3,2.0,3.0,7.310246254846538,0.05050823946799888,6.0,0.005969998706578744,0.03217977383432951,0.0006507671798473953,0.0,1.0,1.0,1.0,1.0,1.0,1.0,0.0,0.02727191994807131,0.019197280035919417,-0.007406249106069644,0.024733766378574083,0.0,0.01681314259118548,-0.024126402710446332,0.002803222095158712,0.01227073241585616,0.005832298099170255,0.0022128550031997474,"[0.017223146151747647, 1.459904436214625, -1.196363758888488, -0.16288070789033632, 1.4786822661138344, 0.8783849268062217, 0.14840284864208186, 1.4237321528457243, 1.0573572983017683]"
cube,143,/home/humanoid/Programs/hand/results/phase1/run_20260413_pollard_multiscene_500_run3/cube/generated_mjcf/scene_cube_tp0d0062p0d0209p0d0041_ip0d0150n0d0194p0d0102_mp0d0059p0d0173p0d0000.xml,cube_s2,True,0.012,4.0,0.55,0.3,1.0,3.0,7.680923705968439,0.0498996858582876,7.0,0.005004590233792784,0.13856014596684152,0.0009822989904756966,4.728366507986137e-05,1.0,1.0,1.0,1.0,1.0,1.0,0.0,0.026475116603620247,0.00367156436316605,0.006188329518560347,0.020863806997200564,0.0041462532147777224,0.015008121104932009,-0.019358162822748666,0.010238796153919451,0.005860994776989337,0.017308846946232706,0.0,"[0.017223146151747647, 1.459904436214625, -1.196363758888488, -0.16288070789033632, 1.4786822661138344, 0.8783849268062217, 0.14840284864208186, 1.4237321528457243, 1.0573572983017683]"
cube,144,/home/humanoid/Programs/hand/results/phase1/run_20260413_pollard_multiscene_500_run3/cube/generated_mjcf/scene_cube_tp0d0119p0d0237p0d0000_ip0d0116n0d0236p0d0000_mp0d0214p0d0052p0d0000.xml,cube_s2,True,0.012,4.0,0.55,0.3,1.0,3.0,7.032541279230769,0.05101816399960838,6.0,0.005117286984714346,0.6175009463492321,0.012497634679123083,0.0,1.0,1.0,1.0,1.0,1.0,1.0,0.0,0.1398167694025931,0.07086433471275809,0.011913720408939114,0.023699386605017154,0.0,0.011586873910987512,-0.02364748026497579,0.0,0.021392537358011006,0.005244756480698892,0.0,"[0.017223146151747647, 1.459904436214625, -1.196363758888488, -0.16288070789033632, 1.4786822661138344, 0.8783849268062217, 0.14840284864208186, 1.4237321528457243, 1.0573572983017683]"
cube,145,/home/humanoid/Programs/hand/results/phase1/run_20260413_pollard_multiscene_500_run3/cube/generated_mjcf/scene_cube_tp0d0018p0d0266p0d0085_ip0d0187n0d0061p0d0000_mp0d0120p0d0228p0d0000.xml,cube_s0,True,0.012,4.0,0.55,0.3,3.0,3.0,6.899547357385823,0.04936998848901386,6.0,0.005117814276128558,1.6886955552957814,0.006989933212161733,0.0,1.0,1.0,1.0,1.0,1.0,1.0,0.0,0.10641964420201305,0.033006068816108125,0.0017538542680252782,0.026575331008186886,0.008468955846821315,0.01866947878821324,-0.00605466824628304,0.0,0.011957947693719377,0.02281495484257566,0.0,"[0.05678979513303625, 1.2676084262416583, -0.9349968107595399, -0.13036683479999123, 1.4833706545479408, 1.0112688435157549, 0.05156688663574824, 1.5118083532294129, 0.9140770810808272]"
cube,146,/home/humanoid/Programs/hand/results/phase1/run_20260413_pollard_multiscene_500_run3/cube/generated_mjcf/scene_cube_tn0d0100p0d0190p0d0000_in0d0019n0d0119p0d0000_mp0d0192p0d0113p0d0039.xml,cube_s2,True,0.012,4.0,0.55,0.3,3.0,3.0,7.329699820858937,0.050902727291624934,6.0,0.0061073637835674195,0.07177205191154616,0.00021278051373162097,0.0,1.0,1.0,1.0,1.0,1.0,1.0,0.0,0.01601971549928403,0.02323740082479094,-0.010045906244288014,0.019006044700280358,0.0,-0.001910366479366826,-0.011895275575458145,0.0,0.019195229064207682,0.011320224616773731,0.0039041055259550206,"[0.017223146151747647, 1.459904436214625, -1.196363758888488, -0.16288070789033632, 1.4786822661138344, 0.8783849268062217, 0.14840284864208186, 1.4237321528457243, 1.0573572983017683]"
cube,148,/home/humanoid/Programs/hand/results/phase1/run_20260413_pollard_multiscene_500_run3/cube/generated_mjcf/scene_cube_tn0d0084p0d0110p0d0000_ip0d0037n0d0242p0d0000_mp0d0218p0d0092p0d0000.xml,cube_s2,True,0.012,4.0,0.55,0.3,3.0,3.0,6.891741246346625,0.05021256046006625,5.0,0.00722237272621377,0.15804297208509285,0.0021782668777958368,0.00013855974105898838,1.0,1.0,1.0,1.0,1.0,1.0,0.0,0.00536296807643268,0.014903784509171495,-0.008384850114827124,0.010998077251796115,0.0,0.0037161724242142525,-0.024194187208261365,0.0,0.021761286768522584,0.009183467605082948,0.0,"[0.017223146151747647, 1.459904436214625, -1.196363758888488, -0.16288070789033632, 1.4786822661138344, 0.8783849268062217, 0.14840284864208186, 1.4237321528457243, 1.0573572983017683]"
cube,149,/home/humanoid/Programs/hand/results/phase1/run_20260413_pollard_multiscene_500_run3/cube/generated_mjcf/scene_cube_tp0d0030p0d0212p0d0000_ip0d0156n0d0018p0d0000_mp0d0070p0d0156p0d0000.xml,cube_s1,True,0.012,4.0,0.55,0.3,3.0,3.0,7.7059965111192374,0.04992753512214734,7.0,0.004931583821743111,0.07515642266556556,0.0005998909752856052,7.67442779194133e-05,1.0,1.0,1.0,1.0,1.0,1.0,0.0,0.014161790762648665,0.003297038326404267,0.0030242349553947154,0.02123938513737227,0.0,0.015599964008212794,-0.0018124103626753294,0.0,0.007007819845969626,0.01564040034937387,0.0,"[0.06036170920245503, 1.2993465425771293, -1.1345514683028701, -0.1383249921310328, 1.4780464267210218, 1.1128198085346774, 0.0768344744793424, 1.5414267067782164, 1.0540476209430327]"
cube,150,/home/humanoid/Programs/hand/results/phase1/run_20260413_pollard_multiscene_500_run3/cube/generated_mjcf/scene_cube_tn0d0078p0d0173p0d0042_in0d0016n0d0210p0d0074_mp0d0060p0d0167p0d0000.xml,cube_s1,True,0.012,4.0,0.55,0.3,3.0,3.0,7.66373745828074,0.04995558767731462,7.0,0.004889023616100523,0.24829685903862334,0.0012434583934227451,1.7889793320902125e-06,1.0,1.0,1.0,1.0,1.0,1.0,0.0,0.027891214229869368,0.004624203989773108,-0.007824626139829111,0.01732834438676897,0.004248456658127203,-0.0016455198819331964,-0.020978514055772536,0.007394594912894001,0.0059714869993543855,0.016719741941420785,0.0,"[0.06036170920245503, 1.2993465425771293, -1.1345514683028701, -0.1383249921310328, 1.4780464267210218, 1.1128198085346774, 0.0768344744793424, 1.5414267067782164, 1.0540476209430327]"
cube,152,/home/humanoid/Programs/hand/results/phase1/run_20260413_pollard_multiscene_500_run3/cube/generated_mjcf/scene_cube_tn0d0031p0d0199p0d0072_ip0d0043n0d0209p0d0113_mp0d0190p0d0243p0d0000.xml,cube_s2,True,0.012,4.0,0.55,0.3,1.0,3.0,7.292141667626426,0.05099242212319125,6.0,0.005810491363232764,0.19519812662079097,0.0020307784116115153,0.0,1.0,1.0,1.0,1.0,1.0,1.0,0.0,0.02926722354785007,0.02048102189632924,-0.0031420885393652637,0.019907472351036487,0.007176067022170336,0.004316225501834821,-0.020934708518782652,0.01125617333642238,0.018952176361857136,0.024280508339097374,0.0,"[0.017223146151747647, 1.459904436214625, -1.196363758888488, -0.16288070789033632, 1.4786822661138344, 0.8783849268062217, 0.14840284864208186, 1.4237321528457243, 1.0573572983017683]"
cube,153,/home/humanoid/Programs/hand/results/phase1/run_20260413_pollard_multiscene_500_run3/cube/generated_mjcf/scene_cube_tn0d0112p0d0258p0d0070_ip0d0212n0d0234p0d0075_mp0d0061p0d0193p0d0096.xml,cube_s2,True,0.012,4.0,0.55,0.3,3.0,3.0,7.326501958245014,0.05028520108026861,6.0,0.006072674439387381,0.023074461764427404,0.00017147554137142727,0.0,1.0,1.0,1.0,1.0,1.0,1.0,0.0,0.013225435030280236,0.007238546284878171,-0.011151549883476946,0.02583112419855533,0.0069637886035893125,0.021163138926686795,-0.023441266575308213,0.00750747979912832,0.006083154920940297,0.01929815313027885,0.009613447105348082,"[0.017223146151747647, 1.459904436214625, -1.196363758888488, -0.16288070789033632, 1.4786822661138344, 0.8783849268062217, 0.14840284864208186, 1.4237321528457243, 1.0573572983017683]"
cube,154,/home/humanoid/Programs/hand/results/phase1/run_20260413_pollard_multiscene_500_run3/cube/generated_mjcf/scene_cube_tn0d0060p0d0300p0d0000_ip0d0008n0d0128p0d0053_mp0d0202p0d0236p0d0113.xml,cube_s2,True,0.012,4.0,0.55,0.3,3.0,3.0,7.202271684586387,0.04909617927884763,6.0,0.005882043690184733,0.15700533074800171,0.0023244949874691055,0.0010334215388793921,1.0,1.0,1.0,1.0,1.0,1.0,0.0,0.03593384244923462,0.03699566468021372,-0.005961165487680037,0.03,0.0,0.0007531740575051921,-0.012763734213142173,0.005254819597036012,0.020235854375230844,0.023634514741201866,0.011292320198183152,"[0.017223146151747647, 1.459904436214625, -1.196363758888488, -0.16288070789033632, 1.4786822661138344, 0.8783849268062217, 0.14840284864208186, 1.4237321528457243, 1.0573572983017683]"
cube,155,/home/humanoid/Programs/hand/results/phase1/run_20260413_pollard_multiscene_500_run3/cube/generated_mjcf/scene_cube_tn0d0014p0d0178p0d0021_ip0d0146n0d0026p0d0022_mp0d0197p0d0133p0d0065.xml,cube_s2,True,0.012,4.0,0.55,0.3,2.0,3.0,7.328148560954749,0.050465084768811286,6.0,0.006437128501090096,0.04094590361412708,0.0004964730162661312,0.0,1.0,1.0,1.0,1.0,1.0,1.0,0.0,0.009897817181358397,0.012473216260783163,-0.0014073926538075085,0.01775156940829652,0.00214680221506695,0.014606775448273735,-0.0026308522758124574,0.0022085622184445826,0.019743230789970055,0.013276280780333086,0.006512602441148773,"[0.017223146151747647, 1.459904436214625, -1.196363758888488, -0.16288070789033632, 1.4786822661138344, 0.8783849268062217, 0.14840284864208186, 1.4237321528457243, 1.0573572983017683]"
cube,157,/home/humanoid/Programs/hand/results/phase1/run_20260413_pollard_multiscene_500_run3/cube/generated_mjcf/scene_cube_tp0d0113p0d0144p0d0039_ip0d0162n0d0208p0d0089_mp0d0101p0d0263p0d0094.xml,cube_s1,True,0.012,4.0,0.55,0.3,2.0,3.0,7.651482193736924,0.04980999599275299,7.0,0.005098586764258572,0.24269899294401334,0.001600628600365706,0.00015096732117290956,1.0,1.0,1.0,1.0,1.0,1.0,0.0,0.029323632981278658,0.009053262203530624,0.011272147501967051,0.014373501696804333,0.003851906420196817,0.01623469939494379,-0.0207794824341704,0.008888251116506849,0.01012549654790459,0.02625110103573041,0.00935258777511349,"[0.06036170920245503, 1.2993465425771293, -1.1345514683028701, -0.1383249921310328, 1.4780464267210218, 1.1128198085346774, 0.0768344744793424, 1.5414267067782164, 1.0540476209430327]"
cube,159,/home/humanoid/Programs/hand/results/phase1/run_20260413_pollard_multiscene_500_run3/cube/generated_mjcf/scene_cube_tp0d0119p0d0253p0d0000_ip0d0201n0d0072p0d0000_mp0d0203p0d0111p0d0000.xml,cube_s2,True,0.012,4.0,0.55,0.3,1.0,3.0,7.156138822727062,0.05064179005025941,6.0,0.004933571681359247,0.43122436000439746,0.004254839855657826,0.0,1.0,1.0,1.0,1.0,1.0,1.0,0.0,0.09266108517736665,0.04716581471464879,0.011908468213914038,0.025333279743847862,0.0,0.02005299318962482,-0.007202619005446663,0.0,0.02030522813099945,0.01108420496281693,0.0,"[0.017223146151747647, 1.459904436214625, -1.196363758888488, -0.16288070789033632, 1.4786822661138344, 0.8783849268062217, 0.14840284864208186, 1.4237321528457243, 1.0573572983017683]"
cube,160,/home/humanoid/Programs/hand/results/phase1/run_20260413_pollard_multiscene_500_run3/cube/generated_mjcf/scene_cube_tn0d0113p0d0248p0d0000_in0d0008n0d0086p0d0112_mn0d0005p0d0215p0d0000.xml,cube_s2,True,0.012,4.0,0.55,0.3,3.0,3.0,6.907116656507096,0.051727771317906755,5.0,0.005588726972858878,0.10749235846600225,0.0025692843594356737,0.0,1.0,1.0,1.0,1.0,1.0,1.0,0.0,0.04646426811118171,0.02834811527245364,-0.01128660729865892,0.024821794228799127,0.0,-0.00083186608066977,-0.008554373849221279,0.01124052496537592,-0.00045976902830612704,0.02153632241141243,0.0,"[0.017223146151747647, 1.459904436214625, -1.196363758888488, -0.16288070789033632, 1.4786822661138344, 0.8783849268062217, 0.14840284864208186, 1.4237321528457243, 1.0573572983017683]"
cube,162,/home/humanoid/Programs/hand/results/phase1/run_20260413_pollard_multiscene_500_run3/cube/generated_mjcf/scene_cube_tp0d0008p0d0243p0d0000_ip0d0056n0d0230p0d0119_mp0d0082p0d0196p0d0000.xml,cube_s2,True,0.012,4.0,0.55,0.3,1.0,3.0,6.843954959749078,0.04875338720264746,5.0,0.004759348496658639,0.11587250594167293,0.002131829967839233,4.825305964045734e-06,1.0,1.0,1.0,1.0,1.0,1.0,0.0,0.020010557858259146,0.005309156244304299,0.0007872815147419634,0.024339149896880262,0.0,0.005640705116096214,-0.02302834268353677,0.01191609277025579,0.008172407472881515,0.01958364266529724,0.0,"[0.017223146151747647, 1.459904436214625, -1.196363758888488, -0.16288070789033632, 1.4786822661138344, 0.8783849268062217, 0.14840284864208186, 1.4237321528457243, 1.0573572983017683]"
cube,164,/home/humanoid/Programs/hand/results/phase1/run_20260413_pollard_multiscene_500_run3/cube/generated_mjcf/scene_cube_tp0d0107p0d0168p0d0000_ip0d0049n0d0050p0d0000_mp0d0071p0d0191p0d0099.xml,cube_s2,True,0.012,4.0,0.55,0.3,1.0,3.0,7.2101999178676754,0.04836977927994643,6.0,0.007969210036948423,0.14227014409180716,0.003087943634672422,0.0010400412788468122,1.0,1.0,1.0,1.0,1.0,1.0,0.0,0.004266337846124746,0.020377840484921805,0.010747195468850355,0.01675308957305969,0.0,0.00487366060525649,-0.004994659363875083,0.0,0.007115221286644597,0.01912555289909626,0.009921219314163253,"[0.017223146151747647, 1.459904436214625, -1.196363758888488, -0.16288070789033632, 1.4786822661138344, 0.8783849268062217, 0.14840284864208186, 1.4237321528457243, 1.0573572983017683]"
cube,165,/home/humanoid/Programs/hand/results/phase1/run_20260413_pollard_multiscene_500_run3/cube/generated_mjcf/scene_cube_tp0d0075p0d0100p0d0087_ip0d0170n0d0130p0d0013_mp0d0086p0d0046p0d0000.xml,cube_s1,True,0.012,4.0,0.55,0.3,2.0,3.0,5.725713822593967,0.048455028249081426,5.0,0.0073181421529459265,2.84317721640356,0.00643289985309491,0.0,1.0,0.8305555555555556,1.0,1.0,0.8305555555555556,0.8305555555555556,0.1694444444444444,0.051286129397447006,0.058431541682883004,0.007507910790054063,0.010039102780949638,0.008737907867536678,0.016991815976954282,-0.013002375180709125,0.0012906382131382538,0.008637117703904192,0.004631095879577326,0.0,"[0.06036170920245503, 1.2993465425771293, -1.1345514683028701, -0.1383249921310328, 1.4780464267210218, 1.1128198085346774, 0.0768344744793424, 1.5414267067782164, 1.0540476209430327]"
cube,166,/home/humanoid/Programs/hand/results/phase1/run_20260413_pollard_multiscene_500_run3/cube/generated_mjcf/scene_cube_tp0d0099p0d0224p0d0000_ip0d0112n0d0095p0d0075_mp0d0120p0d0081p0d0113.xml,cube_s2,True,0.012,4.0,0.55,0.3,1.0,3.0,6.729739857188708,0.05215278799652952,6.0,0.004956106055047548,0.09616300567857472,0.006876466946891617,0.00019877190927999888,1.0,1.0,0.8638888888888889,1.0,0.8638888888888889,0.8638888888888889,0.13611111111111107,0.08991596925850005,0.09542205175346936,0.009914028604362819,0.02236731891349133,0.0,0.011234581749742536,-0.009457652688120629,0.007469727117063573,0.011958058295655653,0.008132251114838226,0.011278282523067704,"[0.017223146151747647, 1.459904436214625, -1.196363758888488, -0.16288070789033632, 1.4786822661138344, 0.8783849268062217, 0.14840284864208186, 1.4237321528457243, 1.0573572983017683]"
cube,167,/home/humanoid/Programs/hand/results/phase1/run_20260413_pollard_multiscene_500_run3/cube/generated_mjcf/scene_cube_tn0d0049p0d0254p0d0045_ip0d0202n0d0059p0d0000_mn0d0008p0d0191p0d0000.xml,cube_s2,True,0.012,4.0,0.55,0.3,3.0,3.0,7.628640869501772,0.04995210901459926,7.0,0.005157060293389641,0.30785048707519747,0.0019702783817986853,0.0,1.0,1.0,1.0,1.0,1.0,1.0,0.0,0.046524869610907384,0.00968942491888832,-0.00488964265872333,0.02540873439896553,0.004505410724312587,0.020158641957999573,-0.005939355777245107,0.0,-0.0008475818379703112,0.019052107364078294,0.0,"[0.017223146151747647, 1.459904436214625, -1.196363758888488, -0.16288070789033632, 1.4786822661138344, 0.8783849268062217, 0.14840284864208186, 1.4237321528457243, 1.0573572983017683]"
cube,169,/home/humanoid/Programs/hand/results/phase1/run_20260413_pollard_multiscene_500_run3/cube/generated_mjcf/scene_cube_tn0d0023p0d0300p0d0045_ip0d0141n0d0072p0d0010_mp0d0092p0d0266p0d0017.xml,cube_s2,True,0.012,4.0,0.55,0.3,3.0,3.0,7.100449634403687,0.050259826283867035,6.0,0.005067255313874913,0.7728966548616238,0.004875276771043196,0.0,1.0,1.0,1.0,1.0,1.0,1.0,0.0,0.08876071016450231,0.029125811767810834,-0.0022859760465189123,0.03,0.004491148993976263,0.014133915252692657,-0.00720976135270515,0.0010038693069339966,0.009219964776903154,0.026639798958592052,0.0017238483621419484,"[0.017223146151747647, 1.459904436214625, -1.196363758888488, -0.16288070789033632, 1.4786822661138344, 0.8783849268062217, 0.14840284864208186, 1.4237321528457243, 1.0573572983017683]"
cube,172,/home/humanoid/Programs/hand/results/phase1/run_20260413_pollard_multiscene_500_run3/cube/generated_mjcf/scene_cube_tp0d0095p0d0117p0d0000_ip0d0216n0d0232p0d0081_mp0d0019p0d0158p0d0110.xml,cube_s0,True,0.012,4.0,0.55,0.3,2.0,3.0,5.47554678793876,0.05017371063445254,5.0,0.0050468649839881105,2.6198492466756402,0.019178243972711416,0.0,1.0,1.0,1.0,0.7944444444444444,0.7944444444444444,0.7944444444444444,0.2055555555555556,0.16385398036928636,0.1170770461844005,0.009478466612064692,0.01168372526952211,0.0,0.02160887059855398,-0.023164369430652178,0.008119067766142584,0.0019284014760311882,0.015758297922973116,0.01099679951817091,"[0.05678979513303625, 1.2676084262416583, -0.9349968107595399, -0.13036683479999123, 1.4833706545479408, 1.0112688435157549, 0.05156688663574824, 1.5118083532294129, 0.9140770810808272]"
cube,173,/home/humanoid/Programs/hand/results/phase1/run_20260413_pollard_multiscene_500_run3/cube/generated_mjcf/scene_cube_tn0d0091p0d0170p0d0002_ip0d0137n0d0162p0d0000_mp0d0198p0d0035p0d0115.xml,cube_s1,True,0.012,4.0,0.55,0.3,3.0,3.0,8.287393863680665,0.0616908601986908,8.0,0.005536374543244887,0.12518261224687766,0.004514481925804878,0.0,1.0,1.0,1.0,1.0,1.0,1.0,0.0,0.1638730209836506,0.10195237962302295,-0.009145682503664064,0.017045684283200635,0.00019631914511307816,0.013653580327099199,-0.01623028555312832,0.0,0.019787687411714293,0.0034936345899613894,0.011549356045366811,"[0.06036170920245503, 1.2993465425771293, -1.1345514683028701, -0.1383249921310328, 1.4780464267210218, 1.1128198085346774, 0.0768344744793424, 1.5414267067782164, 1.0540476209430327]"
cube,174,/home/humanoid/Programs/hand/results/phase1/run_20260413_pollard_multiscene_500_run3/cube/generated_mjcf/scene_cube_tn0d0084p0d0135p0d0056_ip0d0161n0d0120p0d0000_mp0d0033p0d0083p0d0094.xml,cube_s1,True,0.012,4.0,0.55,0.3,3.0,3.0,7.723151303724081,0.050117414424108386,7.0,0.005010606055499978,0.05414488524224794,0.0002510663077882383,0.00010778948455843207,1.0,1.0,1.0,1.0,1.0,1.0,0.0,0.00901331380763383,0.0020041415066234247,-0.008416704660400457,0.013544724004021461,0.0055591496449118975,0.01607346868467647,-0.011987541353118166,0.0,0.003343847788665107,0.00829167228915013,0.009415614975348773,"[0.06036170920245503, 1.2993465425771293, -1.1345514683028701, -0.1383249921310328, 1.4780464267210218, 1.1128198085346774, 0.0768344744793424, 1.5414267067782164, 1.0540476209430327]"
cube,175,/home/humanoid/Programs/hand/results/phase1/run_20260413_pollard_multiscene_500_run3/cube/generated_mjcf/scene_cube_tn0d0010p0d0264p0d0097_ip0d0074n0d0021p0d0043_mp0d0125p0d0141p0d0000.xml,cube_s2,True,0.012,4.0,0.55,0.3,3.0,3.0,7.295919673933061,0.050899960315663656,6.0,0.005776550292501023,0.13295750468059575,0.0018875890435632982,0.0,1.0,1.0,1.0,1.0,1.0,1.0,0.0,0.029925246958619225,0.025662859216153466,-0.000987966722941342,0.02641863323770267,0.009749655067213505,0.007435624649495688,-0.002126774060817691,0.004329946350058643,0.012516638434641977,0.014116350948087338,0.0,"[0.017223146151747647, 1.459904436214625, -1.196363758888488, -0.16288070789033632, 1.4786822661138344, 0.8783849268062217, 0.14840284864208186, 1.4237321528457243, 1.0573572983017683]"
cube,176,/home/humanoid/Programs/hand/results/phase1/run_20260413_pollard_multiscene_500_run3/cube/generated_mjcf/scene_cube_tn0d0042p0d0147p0d0000_ip0d0078n0d0180p0d0000_mp0d0214p0d0170p0d0000.xml,cube_s0,True,0.012,4.0,0.55,0.3,2.0,3.0,6.880261695392439,0.05153721050648567,5.0,0.006376528775201275,0.2759108266678786,0.0029349589778629335,0.00038325414902509736,1.0,1.0,1.0,1.0,1.0,1.0,0.0,0.01943886697084,0.055506640315311086,-0.004224321255218628,0.014693684350748644,0.0,0.007783851825736274,-0.018004387774481902,0.0,0.021358462961561187,0.017045554947876396,0.0,"[0.05678979513303625, 1.2676084262416583, -0.9349968107595399, -0.13036683479999123, 1.4833706545479408, 1.0112688435157549, 0.05156688663574824, 1.5118083532294129, 0.9140770810808272]"
cube,177,/home/humanoid/Programs/hand/results/phase1/run_20260413_pollard_multiscene_500_run3/cube/generated_mjcf/scene_cube_tp0d0082p0d0197p0d0081_ip0d0020n0d0208p0d0000_mp0d0186p0d0217p0d0000.xml,cube_s2,True,0.012,4.0,0.55,0.3,1.0,3.0,6.690576701303915,0.04754081603365619,5.0,0.006960383986028123,0.3703321539563838,0.006434444554769741,0.001541360548301493,1.0,1.0,1.0,1.0,1.0,1.0,0.0,0.027189975023388973,0.03917659975382496,0.008167387550689544,0.01968914444390417,0.008060320464359848,0.0019543986615473425,-0.02080566383837565,0.0,0.018645458933625167,0.021650883133752408,0.0,"[0.017223146151747647, 1.459904436214625, -1.196363758888488, -0.16288070789033632, 1.4786822661138344, 0.8783849268062217, 0.14840284864208186, 1.4237321528457243, 1.0573572983017683]"
cube,178,/home/humanoid/Programs/hand/results/phase1/run_20260413_pollard_multiscene_500_run3/cube/generated_mjcf/scene_cube_tp0d0104p0d0286p0d0000_ip0d0124n0d0007p0d0050_mp0d0027p0d0177p0d0094.xml,cube_s2,True,0.012,4.0,0.55,0.3,1.0,3.0,5.170610005166591,0.049581934638873046,5.0,0.005904347478311863,0.1467112796804992,0.0027070382937018633,0.0005911682830998521,1.0,1.0,0.55,1.0,0.55,0.55,0.44999999999999996,0.046863619584435544,0.08148490308284534,0.010404850160773957,0.02864850095402521,0.0,0.012396573576992977,-0.0006640127032650541,0.004951171989004948,0.0027457737026305084,0.01766712406835367,0.00939002581709478,"[0.017223146151747647, 1.459904436214625, -1.196363758888488, -0.16288070789033632, 1.4786822661138344, 0.8783849268062217, 0.14840284864208186, 1.4237321528457243, 1.0573572983017683]"
cube,179,/home/humanoid/Programs/hand/results/phase1/run_20260413_pollard_multiscene_500_run3/cube/generated_mjcf/scene_cube_tp0d0008p0d0192p0d0059_ip0d0089n0d0091p0d0000_mp0d0163p0d0264p0d0083.xml,cube_s2,True,0.012,4.0,0.55,0.3,2.0,3.0,7.316802961903186,0.04988354367166526,6.0,0.007162926820686046,0.004651593789861744,0.0002895207699765429,0.00022812518980931673,1.0,1.0,1.0,1.0,1.0,1.0,0.0,0.004010735957754572,0.01122422207984225,0.000775856375392953,0.019217011949822636,0.005889455773125243,0.008897061470780695,-0.009104554451179199,0.0,0.01630746355080402,0.026364703453000786,0.008285323912689182,"[0.017223146151747647, 1.459904436214625, -1.196363758888488, -0.16288070789033632, 1.4786822661138344, 0.8783849268062217, 0.14840284864208186, 1.4237321528457243, 1.0573572983017683]"
cube,180,/home/humanoid/Programs/hand/results/phase1/run_20260413_pollard_multiscene_500_run3/cube/generated_mjcf/scene_cube_tp0d0076p0d0194p0d0056_ip0d0097n0d0216p0d0000_mp0d0064p0d0234p0d0000.xml,cube_s2,True,0.012,4.0,0.55,0.3,3.0,3.0,7.239457567877548,0.053696212941047664,6.0,0.00514458610518298,0.15499424842010262,0.009507887846514972,0.0,1.0,1.0,1.0,1.0,1.0,1.0,0.0,0.10319476067806588,0.09225897565716734,0.007601073351175328,0.019366103985973,0.005648628398581976,0.009739818482690336,-0.021574981248505112,0.0,0.006356703445989577,0.02337913098547223,0.0,"[0.017223146151747647, 1.459904436214625, -1.196363758888488, -0.16288070789033632, 1.4786822661138344, 0.8783849268062217, 0.14840284864208186, 1.4237321528457243, 1.0573572983017683]"
cube,181,/home/humanoid/Programs/hand/results/phase1/run_20260413_pollard_multiscene_500_run3/cube/generated_mjcf/scene_cube_tn0d0093p0d0088p0d0007_ip0d0040n0d0090p0d0000_mp0d0086p0d0067p0d0000.xml,cube_s2,True,0.012,4.0,0.55,0.3,1.0,3.0,6.765531845462912,0.050107031601100936,5.0,0.006717724146884569,0.1365627087029149,0.009538237844022102,0.0,1.0,1.0,1.0,1.0,1.0,1.0,0.0,0.08142469710938173,0.03128056360579914,-0.00933543154492234,0.008805327185990803,0.000668602678969548,0.003961819525625501,-0.008970762740116253,0.0,0.008646250009056356,0.006693370993602678,0.0,"[0.017223146151747647, 1.459904436214625, -1.196363758888488, -0.16288070789033632, 1.4786822661138344, 0.8783849268062217, 0.14840284864208186, 1.4237321528457243, 1.0573572983017683]"
cube,182,/home/humanoid/Programs/hand/results/phase1/run_20260413_pollard_multiscene_500_run3/cube/generated_mjcf/scene_cube_tp0d0016p0d0207p0d0000_ip0d0186n0d0072p0d0000_mp0d0006p0d0075p0d0000.xml,cube_s2,True,0.012,4.0,0.55,0.3,2.0,3.0,7.678904386081454,0.0497295216399228,7.0,0.00494547418272888,0.13612231225864305,0.0008922155874912757,0.0001396479999375283,1.0,1.0,1.0,1.0,1.0,1.0,0.0,0.022460458717114024,0.003660095740555591,0.0016470894595621167,0.02073131030867892,0.0,0.018640972661330295,-0.007166913517253069,0.0,0.0006460636272721757,0.00746074094995392,0.0,"[0.017223146151747647, 1.459904436214625, -1.196363758888488, -0.16288070789033632, 1.4786822661138344, 0.8783849268062217, 0.14840284864208186, 1.4237321528457243, 1.0573572983017683]"
cube,183,/home/humanoid/Programs/hand/results/phase1/run_20260413_pollard_multiscene_500_run3/cube/generated_mjcf/scene_cube_tn0d0061p0d0135p0d0031_ip0d0009n0d0192p0d0099_mp0d0008p0d0086p0d0098.xml,cube_s2,True,0.012,4.0,0.55,0.3,3.0,3.0,6.882239963344931,0.05793853468493772,5.0,0.005966141994395403,0.35627758823944194,0.005013891484285162,0.0,1.0,1.0,0.9472222222222222,1.0,0.9472222222222222,0.9472222222222222,0.05277777777777781,0.02524507945219673,0.06981280009054862,-0.006124041163500725,0.01348762563825465,0.003063555658450347,0.0008658191334914387,-0.019187756292742966,0.009946785525691476,0.0008247528584014556,0.008646561502834105,0.009803886638379881,"[0.017223146151747647, 1.459904436214625, -1.196363758888488, -0.16288070789033632, 1.4786822661138344, 0.8783849268062217, 0.14840284864208186, 1.4237321528457243, 1.0573572983017683]"
cube,184,/home/humanoid/Programs/hand/results/phase1/run_20260413_pollard_multiscene_500_run3/cube/generated_mjcf/scene_cube_tp0d0067p0d0188p0d0113_ip0d0058n0d0101p0d0000_mp0d0090p0d0092p0d0053.xml,cube_s1,True,0.012,4.0,0.55,0.3,3.0,3.0,6.809518249847649,0.049924375995139776,5.0,0.004959926631168785,0.3784355512499311,0.00271246139788152,0.0,1.0,1.0,1.0,1.0,1.0,1.0,0.0,0.05090990140081093,0.007930108488633477,0.00674552063868359,0.01875844570534435,0.011269136853523525,0.00584627774575262,-0.010051085845152196,0.0,0.009021495589241701,0.009187286818277404,0.005298283897151278,"[0.06036170920245503, 1.2993465425771293, -1.1345514683028701, -0.1383249921310328, 1.4780464267210218, 1.1128198085346774, 0.0768344744793424, 1.5414267067782164, 1.0540476209430327]"
cube,185,/home/humanoid/Programs/hand/results/phase1/run_20260413_pollard_multiscene_500_run3/cube/generated_mjcf/scene_cube_tn0d0076p0d0293p0d0095_ip0d0164n0d0030p0d0000_mn0d0008p0d0251p0d0018.xml,cube_s2,True,0.012,4.0,0.55,0.3,3.0,3.0,7.606377867210457,0.05009091888841895,7.0,0.005398930477450224,0.4108671979318537,0.0026155071811928676,0.0,1.0,1.0,1.0,1.0,1.0,1.0,0.0,0.05191051550864164,0.01354558928745525,-0.007579144053407563,0.02926402140053649,0.009526551407758252,0.016445449506548186,-0.0030376445306050295,0.0,-0.000757042771043057,0.025099540621265633,0.0018448931286065753,"[0.017223146151747647, 1.459904436214625, -1.196363758888488, -0.16288070789033632, 1.4786822661138344, 0.8783849268062217, 0.14840284864208186, 1.4237321528457243, 1.0573572983017683]"
cube,186,/home/humanoid/Programs/hand/results/phase1/run_20260413_pollard_multiscene_500_run3/cube/generated_mjcf/scene_cube_tn0d0109p0d0266p0d0000_ip0d0208n0d0007p0d0025_mp0d0198p0d0119p0d0000.xml,cube_s1,True,0.012,4.0,0.55,0.3,3.0,3.0,7.289433371170644,0.053766050491060965,6.0,0.0049511579255917,0.1483102348803522,0.004858285055845314,0.0,1.0,1.0,1.0,1.0,1.0,1.0,0.0,0.10198103558797772,0.05819759802040806,-0.01094530967303526,0.026622520374406416,0.0,0.02084817749367661,-0.0006692405604083445,0.0024633831944326275,0.019788114268166283,0.011869035729068184,0.0,"[0.06036170920245503, 1.2993465425771293, -1.1345514683028701, -0.1383249921310328, 1.4780464267210218, 1.1128198085346774, 0.0768344744793424, 1.5414267067782164, 1.0540476209430327]"
cube,187,/home/humanoid/Programs/hand/results/phase1/run_20260413_pollard_multiscene_500_run3/cube/generated_mjcf/scene_cube_tp0d0055p0d0214p0d0000_ip0d0064n0d0241p0d0000_mp0d0092p0d0120p0d0006.xml,cube_s2,True,0.012,4.0,0.55,0.3,1.0,3.0,7.294686985132283,0.049205461624316896,6.0,0.004876035282899311,0.03230087270736712,0.0014488054486036293,9.84094152021997e-05,1.0,1.0,1.0,1.0,1.0,1.0,0.0,0.0013709224717815395,0.003324604202152137,0.005524128560409666,0.021412513004040876,0.0,0.006369495553362655,-0.02409273098003277,0.0,0.0092245498650162,0.011986839827390296,0.0005794426517732355,"[0.017223146151747647, 1.459904436214625, -1.196363758888488, -0.16288070789033632, 1.4786822661138344, 0.8783849268062217, 0.14840284864208186, 1.4237321528457243, 1.0573572983017683]"
cube,188,/home/humanoid/Programs/hand/results/phase1/run_20260413_pollard_multiscene_500_run3/cube/generated_mjcf/scene_cube_tn0d0113p0d0300p0d0000_ip0d0000n0d0098p0d0041_mp0d0057p0d0253p0d0000.xml,cube_s1,True,0.012,4.0,0.55,0.3,3.0,3.0,7.330742298208947,0.05709454873577814,7.0,0.00491092773960658,1.6000359982271488,0.005668052888740583,0.0,1.0,0.9361111111111111,1.0,1.0,0.9361111111111111,0.9361111111111111,0.06388888888888888,0.09468303706584809,0.1180965958634204,-0.011292589471460104,0.03,0.0,1.896314324718526e-05,-0.009754604433349351,0.004105129779418168,0.0057010780266160835,0.025270931042320165,0.0,"[0.06036170920245503, 1.2993465425771293, -1.1345514683028701, -0.1383249921310328, 1.4780464267210218, 1.1128198085346774, 0.0768344744793424, 1.5414267067782164, 1.0540476209430327]"
cube,189,/home/humanoid/Programs/hand/results/phase1/run_20260413_pollard_multiscene_500_run3/cube/generated_mjcf/scene_cube_tn0d0079p0d0282p0d0000_ip0d0114n0d0059p0d0000_mp0d0194p0d0087p0d0000.xml,cube_s2,True,0.012,4.0,0.55,0.3,1.0,3.0,7.3164086857642765,0.049696828656543034,6.0,0.005211740773698822,0.01936491274178512,0.0006051032183491466,6.258329898785331e-05,1.0,1.0,1.0,1.0,1.0,1.0,0.0,0.004564892138965228,0.0014111754382998831,-0.007871923122523284,0.02824721477700434,0.0,0.011434791023358513,-0.005873051273154057,0.0,0.019370976136729598,0.00867365001472788,0.0,"[0.017223146151747647, 1.459904436214625, -1.196363758888488, -0.16288070789033632, 1.4786822661138344, 0.8783849268062217, 0.14840284864208186, 1.4237321528457243, 1.0573572983017683]"
cube,190,/home/humanoid/Programs/hand/results/phase1/run_20260413_pollard_multiscene_500_run3/cube/generated_mjcf/scene_cube_tn0d0079p0d0137p0d0027_ip0d0124n0d0151p0d0000_mp0d0088p0d0098p0d0119.xml,cube_s0,True,0.012,4.0,0.55,0.3,3.0,3.0,7.583617153711829,0.05586201646877132,7.0,0.005063349692840678,0.3697789564679881,0.01600002447449061,0.0,1.0,1.0,1.0,1.0,1.0,1.0,0.0,0.14649703129659203,0.1269254033915034,-0.007922255873662335,0.01371029600381386,0.002721329818083271,0.012447962530512873,-0.01514861068170811,0.0,0.008759742605920662,0.009773312969026872,0.011886714086111382,"[0.05678979513303625, 1.2676084262416583, -0.9349968107595399, -0.13036683479999123, 1.4833706545479408, 1.0112688435157549, 0.05156688663574824, 1.5118083532294129, 0.9140770810808272]"
cube,191,/home/humanoid/Programs/hand/results/phase1/run_20260413_pollard_multiscene_500_run3/cube/generated_mjcf/scene_cube_tp0d0019p0d0293p0d0046_ip0d0002n0d0125p0d0108_mp0d0108p0d0067p0d0063.xml,cube_s2,True,0.012,4.0,0.55,0.3,1.0,3.0,6.717174982726736,0.050778153409213204,5.0,0.005063644351185313,0.6073915458315519,0.003511334792147073,0.0,1.0,1.0,1.0,1.0,1.0,1.0,0.0,0.10400745030731902,0.0674978139168403,0.0018830516039466342,0.029256296294360287,0.004590055672901827,0.00019418877198786565,-0.012523302376143691,0.010792955576711082,0.010752739267010073,0.006693250662758721,0.006299504218256629,"[0.017223146151747647, 1.459904436214625, -1.196363758888488, -0.16288070789033632, 1.4786822661138344, 0.8783849268062217, 0.14840284864208186, 1.4237321528457243, 1.0573572983017683]"
cube,192,/home/humanoid/Programs/hand/results/phase1/run_20260413_pollard_multiscene_500_run3/cube/generated_mjcf/scene_cube_tp0d0067p0d0256p0d0039_ip0d0184n0d0140p0d0000_mp0d0195p0d0054p0d0113.xml,cube_s2,True,0.012,4.0,0.55,0.3,1.0,3.0,7.194669937774887,0.04945689181123622,6.0,0.005149684966311042,0.24443824608105075,0.0031485566673445965,0.0,1.0,1.0,1.0,1.0,1.0,1.0,0.0,0.06146213237610146,0.018005392786863084,0.006672177446761959,0.025628884167786206,0.0038572142634211992,0.01842128999050232,-0.01397234999711339,0.0,0.019494678344776084,0.00535814621895145,0.011258684809489543,"[0.017223146151747647, 1.459904436214625, -1.196363758888488, -0.16288070789033632, 1.4786822661138344, 0.8783849268062217, 0.14840284864208186, 1.4237321528457243, 1.0573572983017683]"
cube,193,/home/humanoid/Programs/hand/results/phase1/run_20260413_pollard_multiscene_500_run3/cube/generated_mjcf/scene_cube_tn0d0077p0d0160p0d0072_ip0d0010n0d0154p0d0036_mp0d0059p0d0236p0d0000.xml,cube_s2,True,0.012,4.0,0.55,0.3,1.0,3.0,6.905480302708758,0.05135810878930752,5.0,0.006587885503730428,0.19565490777510872,0.002826011703577293,0.0,1.0,1.0,1.0,1.0,1.0,1.0,0.0,0.018745602008160844,0.027655651027306993,-0.00771825165600488,0.016023573175587044,0.007244651236789669,0.0009979894119062204,-0.015350633875943372,0.0035716783631282913,0.005934109057548915,0.023579488684636142,0.0,"[0.017223146151747647, 1.459904436214625, -1.196363758888488, -0.16288070789033632, 1.4786822661138344, 0.8783849268062217, 0.14840284864208186, 1.4237321528457243, 1.0573572983017683]"
cube,194,/home/humanoid/Programs/hand/results/phase1/run_20260413_pollard_multiscene_500_run3/cube/generated_mjcf/scene_cube_tp0d0022p0d0165p0d0000_ip0d0047n0d0047p0d0000_mp0d0063p0d0246p0d0100.xml,cube_s2,True,0.012,4.0,0.55,0.3,2.0,3.0,7.265796052754352,0.0491299754190595,6.0,0.007696483983580901,0.06028048513889568,0.001959347749976329,0.00041449947097249584,1.0,1.0,1.0,1.0,1.0,1.0,0.0,0.006904532777996065,0.011366866490419921,0.002155875607059588,0.016463019431581197,0.0,0.004682261512893564,-0.004712124701702984,0.0,0.0062873914158132205,0.024625541596942857,0.00997814352824699,"[0.017223146151747647, 1.459904436214625, -1.196363758888488, -0.16288070789033632, 1.4786822661138344, 0.8783849268062217, 0.14840284864208186, 1.4237321528457243, 1.0573572983017683]"
cube,196,/home/humanoid/Programs/hand/results/phase1/run_20260413_pollard_multiscene_500_run3/cube/generated_mjcf/scene_cube_tn0d0053p0d0211p0d0072_ip0d0040n0d0172p0d0000_mp0d0067p0d0258p0d0035.xml,cube_s2,True,0.012,4.0,0.55,0.3,3.0,3.0,7.3315382124928306,0.05232488982221255,6.0,0.006086461918626353,0.05346254258191713,0.002951957521397593,0.0,1.0,1.0,1.0,1.0,1.0,1.0,0.0,0.036883819640593715,0.05009012258217451,-0.0053098841582090335,0.021132674117052504,0.007208012367465232,0.003956516461473281,-0.017214401410508604,0.0,0.006708835529898857,0.025847389121555535,0.0035319824742441833,"[0.017223146151747647, 1.459904436214625, -1.196363758888488, -0.16288070789033632, 1.4786822661138344, 0.8783849268062217, 0.14840284864208186, 1.4237321528457243, 1.0573572983017683]"
cube,197,/home/humanoid/Programs/hand/results/phase1/run_20260413_pollard_multiscene_500_run3/cube/generated_mjcf/scene_cube_tp0d0022p0d0300p0d0000_ip0d0145n0d0203p0d0080_mp0d0059p0d0148p0d0000.xml,cube_s2,True,0.012,4.0,0.55,0.3,1.0,3.0,7.239617811900037,0.04939105656674338,6.0,0.00657579980786747,0.12562943777107305,0.0025951687456703424,0.0005914057233003811,1.0,1.0,1.0,1.0,1.0,1.0,0.0,0.0182626422196135,0.032285258562690676,0.0021564249091571043,0.03,0.0,0.014468781203926235,-0.020254798853280895,0.008013052781932012,0.0058755062034899115,0.014774526273414537,0.0,"[0.017223146151747647, 1.459904436214625, -1.196363758888488, -0.16288070789033632, 1.4786822661138344, 0.8783849268062217, 0.14840284864208186, 1.4237321528457243, 1.0573572983017683]"
cube,198,/home/humanoid/Programs/hand/results/phase1/run_20260413_pollard_multiscene_500_run3/cube/generated_mjcf/scene_cube_tn0d0085p0d0275p0d0042_in0d0019n0d0060p0d0030_mp0d0208p0d0256p0d0000.xml,cube_s0,True,0.012,4.0,0.55,0.3,3.0,3.0,7.3080462970143705,0.05071648137543999,6.0,0.006330758352704095,0.12007394764343228,0.0018245098841553592,0.0003000073264948361,1.0,1.0,1.0,1.0,1.0,1.0,0.0,0.009110944501244755,0.025399701099980132,-0.008474962952994883,0.027544844041051023,0.0042187069829906915,-0.001881759480586151,-0.006017930301457348,0.0030434827684328956,0.020751674831435835,0.025630698873934675,0.0,"[0.05678979513303625, 1.2676084262416583, -0.9349968107595399, -0.13036683479999123, 1.4833706545479408, 1.0112688435157549, 0.05156688663574824, 1.5118083532294129, 0.9140770810808272]"
cube,199,/home/humanoid/Programs/hand/results/phase1/run_20260413_pollard_multiscene_500_run3/cube/generated_mjcf/scene_cube_tn0d0093p0d0181p0d0000_ip0d0100n0d0183p0d0000_mn0d0005p0d0214p0d0000.xml,cube_s1,True,0.012,4.0,0.55,0.3,2.0,3.0,7.311762990622292,0.05082306291079055,7.0,0.0049454828759148564,1.3176754974201,0.013097592750453687,0.0,1.0,1.0,1.0,1.0,1.0,1.0,0.0,0.14241426440807248,0.07700419995947512,-0.009332624553411184,0.01806849608943887,0.0,0.010000531041565066,-0.018317445898405317,0.0,-0.00046335726395006424,0.021357809487047297,0.0,"[0.06036170920245503, 1.2993465425771293, -1.1345514683028701, -0.1383249921310328, 1.4780464267210218, 1.1128198085346774, 0.0768344744793424, 1.5414267067782164, 1.0540476209430327]"
cube,200,/home/humanoid/Programs/hand/results/phase1/run_20260413_pollard_multiscene_500_run3/cube/generated_mjcf/scene_cube_tp0d0043p0d0146p0d0082_ip0d0037n0d0214p0d0067_mp0d0035p0d0075p0d0017.xml,cube_s2,True,0.012,4.0,0.55,0.3,2.0,3.0,6.511092362720181,0.046946691983589306,5.0,0.005196930536301621,0.8640174118046775,0.01044800950939402,0.0006897022005241255,1.0,1.0,1.0,1.0,1.0,1.0,0.0,0.06698019823183267,0.10820140433530939,0.00433975812341485,0.014641479233585792,0.00819268659890612,0.0037178996504195006,-0.021405517517139025,0.006744157953358632,0.003474166052851514,0.0074895616345749694,0.0017029246504212722,"[0.017223146151747647, 1.459904436214625, -1.196363758888488, -0.16288070789033632, 1.4786822661138344, 0.8783849268062217, 0.14840284864208186, 1.4237321528457243, 1.0573572983017683]"
cube,201,/home/humanoid/Programs/hand/results/phase1/run_20260413_pollard_multiscene_500_run3/cube/generated_mjcf/scene_cube_tn0d0105p0d0214p0d0000_ip0d0083n0d0143p0d0000_mn0d0000p0d0174p0d0000.xml,cube_s2,True,0.012,4.0,0.55,0.3,3.0,3.0,7.537796710491161,0.05035791106228219,7.0,0.004969515761277638,0.6248330522005393,0.004003477699941628,0.0,1.0,1.0,1.0,1.0,1.0,1.0,0.0,0.0841609380384109,0.025768766196036297,-0.010500790107284589,0.02140432770793027,0.0,0.008281450060615545,-0.014333063935340966,0.0,-3.0320783561186768e-05,0.017389064274110563,0.0,"[0.017223146151747647, 1.459904436214625, -1.196363758888488, -0.16288070789033632, 1.4786822661138344, 0.8783849268062217, 0.14840284864208186, 1.4237321528457243, 1.0573572983017683]"
cube,202,/home/humanoid/Programs/hand/results/phase1/run_20260413_pollard_multiscene_500_run3/cube/generated_mjcf/scene_cube_tp0d0056p0d0168p0d0000_ip0d0208n0d0238p0d0030_mn0d0016p0d0125p0d0000.xml,cube_s2,True,0.012,4.0,0.55,0.3,1.0,3.0,7.13455161942366,0.05106804305320417,6.0,0.005027729271899169,0.577891835125761,0.0023014636068769963,0.0008225846912387202,1.0,1.0,1.0,1.0,1.0,1.0,0.0,0.08487529387024768,0.09507112363889719,0.005561306286262741,0.01684537198761257,0.0,0.02082503109106207,-0.0237630864305896,0.0030471449279324964,-0.0015712075422167678,0.012468062242123311,0.0,"[0.017223146151747647, 1.459904436214625, -1.196363758888488, -0.16288070789033632, 1.4786822661138344, 0.8783849268062217, 0.14840284864208186, 1.4237321528457243, 1.0573572983017683]"
cube,203,/home/humanoid/Programs/hand/results/phase1/run_20260413_pollard_multiscene_500_run3/cube/generated_mjcf/scene_cube_tn0d0101p0d0268p0d0017_in0d0001n0d0008p0d0000_mp0d0098p0d0040p0d0000.xml,cube_s2,True,0.012,4.0,0.55,0.3,3.0,3.0,7.299389087769298,0.05259297208070989,6.0,0.005860218944978024,0.12914690858890335,0.008386568797118715,0.0,1.0,1.0,1.0,1.0,1.0,1.0,0.0,0.050136160945987905,0.019633774297113032,-0.010071792123051598,0.026796554965191104,0.0017246215799356143,-0.00014392769721268718,-0.0008479304860448244,0.0,0.009809882367594778,0.004032230339763861,0.0,"[0.017223146151747647, 1.459904436214625, -1.196363758888488, -0.16288070789033632, 1.4786822661138344, 0.8783849268062217, 0.14840284864208186, 1.4237321528457243, 1.0573572983017683]"
cube,204,/home/humanoid/Programs/hand/results/phase1/run_20260413_pollard_multiscene_500_run3/cube/generated_mjcf/scene_cube_tn0d0002p0d0286p0d0043_ip0d0065n0d0199p0d0000_mp0d0059p0d0048p0d0000.xml,cube_s2,True,0.012,4.0,0.55,0.3,1.0,3.0,6.893100253119596,0.049952737678036055,5.0,0.006527270988170484,0.10457442862080327,0.000304135059990287,0.0,1.0,1.0,1.0,1.0,1.0,1.0,0.0,0.013386117425484784,0.02258786311355539,-0.0002021810662841579,0.028551378760065353,0.004261095795399832,0.006454661361814582,-0.019876773530676677,0.0,0.005884300171022228,0.00480782853712527,0.0,"[0.017223146151747647, 1.459904436214625, -1.196363758888488, -0.16288070789033632, 1.4786822661138344, 0.8783849268062217, 0.14840284864208186, 1.4237321528457243, 1.0573572983017683]"
cube,206,/home/humanoid/Programs/hand/results/phase1/run_20260413_pollard_multiscene_500_run3/cube/generated_mjcf/scene_cube_tp0d0077p0d0123p0d0000_ip0d0209n0d0193p0d0000_mp0d0020p0d0111p0d0000.xml,cube_s0,True,0.012,4.0,0.55,0.3,2.0,3.0,6.676843062762358,0.050025394557911336,6.0,0.005073303651569771,1.990399716175256,0.02328819368528489,0.0,1.0,1.0,1.0,1.0,1.0,1.0,0.0,0.17847133636563792,0.0942773671155297,0.007725404707774584,0.012289821737621096,0.0,0.02089606498753578,-0.019301676188381724,0.0,0.00201339210259017,0.011099656579559913,0.0,"[0.05678979513303625, 1.2676084262416583, -0.9349968107595399, -0.13036683479999123, 1.4833706545479408, 1.0112688435157549, 0.05156688663574824, 1.5118083532294129, 0.9140770810808272]"
cube,207,/home/humanoid/Programs/hand/results/phase1/run_20260413_pollard_multiscene_500_run3/cube/generated_mjcf/scene_cube_tp0d0026p0d0207p0d0110_ip0d0174n0d0065p0d0000_mp0d0053p0d0143p0d0000.xml,cube_s1,True,0.012,4.0,0.55,0.3,2.0,3.0,7.385539480963669,0.05180505503221344,7.0,0.005093870472180312,0.5717542034059167,0.020383506657313123,0.0,1.0,1.0,1.0,1.0,1.0,1.0,0.0,0.15802979171578435,0.10271148409778137,0.00258495564686813,0.02069911329584996,0.010962643851090574,0.01738795186372892,-0.006457234525400016,0.0,0.005268949493629474,0.014280105921970699,0.0,"[0.06036170920245503, 1.2993465425771293, -1.1345514683028701, -0.1383249921310328, 1.4780464267210218, 1.1128198085346774, 0.0768344744793424, 1.5414267067782164, 1.0540476209430327]"
cube,208,/home/humanoid/Programs/hand/results/phase1/run_20260413_pollard_multiscene_500_run3/cube/generated_mjcf/scene_cube_tn0d0075p0d0127p0d0000_ip0d0061n0d0017p0d0025_mp0d0189p0d0057p0d0000.xml,cube_s1,True,0.012,4.0,0.55,0.3,3.0,3.0,6.915699203219357,0.05303456804626917,5.0,0.007294629189824192,0.2875142420635881,0.009177392366154617,0.0,1.0,1.0,1.0,1.0,1.0,1.0,0.0,0.01571726862266198,0.0240253217825764,-0.007541185456607181,0.012720330103871616,0.0,0.006068945183136646,-0.0017135969398752223,0.002520631410691936,0.018875773155536048,0.005666852414929724,0.0,"[0.06036170920245503, 1.2993465425771293, -1.1345514683028701, -0.1383249921310328, 1.4780464267210218, 1.1128198085346774, 0.0768344744793424, 1.5414267067782164, 1.0540476209430327]"
cube,209,/home/humanoid/Programs/hand/results/phase1/run_20260413_pollard_multiscene_500_run3/cube/generated_mjcf/scene_cube_tp0d0080p0d0185p0d0012_ip0d0045n0d0139p0d0000_mp0d0218p0d0165p0d0000.xml,cube_s2,True,0.012,4.0,0.55,0.3,3.0,3.0,7.280347315668309,0.04972825210748007,6.0,0.006494797617047014,0.08409538395883777,0.0006114627820491854,0.0007651185912646435,1.0,1.0,1.0,1.0,1.0,1.0,0.0,0.009749105304097628,0.023876600348012072,0.008009543041537861,0.01849580852523615,0.0012160635687190995,0.004545161135832775,-0.013902840430843947,0.0,0.021799144081568696,0.01649161773793147,0.0,"[0.017223146151747647, 1.459904436214625, -1.196363758888488, -0.16288070789033632, 1.4786822661138344, 0.8783849268062217, 0.14840284864208186, 1.4237321528457243, 1.0573572983017683]"
cube,210,/home/humanoid/Programs/hand/results/phase1/run_20260413_pollard_multiscene_500_run3/cube/generated_mjcf/scene_cube_tp0d0084p0d0183p0d0032_ip0d0018n0d0148p0d0000_mp0d0099p0d0230p0d0000.xml,cube_s2,True,0.012,4.0,0.55,0.3,1.0,3.0,6.875363831504435,0.049928316135508945,5.0,0.006946946975677128,0.08127828832762182,0.0008412741288207655,0.001044197183264317,1.0,1.0,1.0,1.0,1.0,1.0,0.0,0.01704591773116974,0.02283533466923049,0.008437855756050418,0.018321910618821588,0.0032447348294870563,0.001774035165684324,-0.014805875470069332,0.0,0.009934062318164237,0.02297414626775439,0.0,"[0.017223146151747647, 1.459904436214625, -1.196363758888488, -0.16288070789033632, 1.4786822661138344, 0.8783849268062217, 0.14840284864208186, 1.4237321528457243, 1.0573572983017683]"
cube,211,/home/humanoid/Programs/hand/results/phase1/run_20260413_pollard_multiscene_500_run3/cube/generated_mjcf/scene_cube_tn0d0047p0d0144p0d0000_ip0d0093n0d0180p0d0000_mp0d0028p0d0172p0d0000.xml,cube_s1,True,0.012,4.0,0.55,0.3,2.0,3.0,7.710301712375848,0.049885996025782996,7.0,0.004942414561328361,0.07952003669628639,0.0004827740212672648,0.00011273428345209835,1.0,1.0,1.0,1.0,1.0,1.0,0.0,0.007904640989018346,0.0034824347628191754,-0.004740005191379473,0.014426123005675029,0.0,0.009336022162219368,-0.01795692563587443,0.0,0.0027816673199039963,0.017175738094334703,0.0,"[0.06036170920245503, 1.2993465425771293, -1.1345514683028701, -0.1383249921310328, 1.4780464267210218, 1.1128198085346774, 0.0768344744793424, 1.5414267067782164, 1.0540476209430327]"
cube,213,/home/humanoid/Programs/hand/results/phase1/run_20260413_pollard_multiscene_500_run3/cube/generated_mjcf/scene_cube_tp0d0114p0d0261p0d0000_ip0d0206n0d0041p0d0000_mp0d0084p0d0040p0d0000.xml,cube_s2,True,0.012,4.0,0.55,0.3,1.0,3.0,7.187771496679884,0.05145545607947978,6.0,0.005509103347525665,0.39137587915077504,0.011318196010505606,0.0,1.0,1.0,1.0,1.0,1.0,1.0,0.0,0.05711069702071551,0.0368500089009838,0.011383068446832144,0.026086163461476453,0.0,0.020561026075589607,-0.004089729095602563,0.0,0.008406134637600387,0.004042902804046244,0.0,"[0.017223146151747647, 1.459904436214625, -1.196363758888488, -0.16288070789033632, 1.4786822661138344, 0.8783849268062217, 0.14840284864208186, 1.4237321528457243, 1.0573572983017683]"
cube,214,/home/humanoid/Programs/hand/results/phase1/run_20260413_pollard_multiscene_500_run3/cube/generated_mjcf/scene_cube_tp0d0052p0d0107p0d0118_in0d0015n0d0005p0d0000_mp0d0091p0d0164p0d0000.xml,cube_s2,True,0.012,4.0,0.55,0.3,1.0,3.0,7.28091701581079,0.0493556905853501,6.0,0.007560958244295584,0.09308430091807907,0.0004121447983143136,0.0006272957005974134,1.0,1.0,1.0,1.0,1.0,1.0,0.0,0.0030608412653440747,0.00877266917552281,0.005157266769256267,0.010652643185760103,0.01180187743075043,-0.0014796206306259777,-0.0005166369421601685,0.0,0.009060765136741021,0.016391314855483393,0.0,"[0.017223146151747647, 1.459904436214625, -1.196363758888488, -0.16288070789033632, 1.4786822661138344, 0.8783849268062217, 0.14840284864208186, 1.4237321528457243, 1.0573572983017683]"
cube,215,/home/humanoid/Programs/hand/results/phase1/run_20260413_pollard_multiscene_500_run3/cube/generated_mjcf/scene_cube_tn0d0067p0d0092p0d0078_ip0d0213n0d0213p0d0086_mp0d0153p0d0213p0d0000.xml,cube_s2,True,0.012,4.0,0.55,0.3,1.0,3.0,6.915596677923344,0.05060966384186627,5.0,0.006602501978149248,0.07406888573350409,0.001106107705075444,0.00032420248300407684,1.0,1.0,1.0,1.0,1.0,1.0,0.0,0.014372073669754072,0.013054140058791372,-0.006708058313022306,0.009213660685445347,0.007762392106353707,0.0213354249050623,-0.021286620578137176,0.008635940125201812,0.015292946730816092,0.021305408188239255,0.0,"[0.017223146151747647, 1.459904436214625, -1.196363758888488, -0.16288070789033632, 1.4786822661138344, 0.8783849268062217, 0.14840284864208186, 1.4237321528457243, 1.0573572983017683]"
cube,216,/home/humanoid/Programs/hand/results/phase1/run_20260413_pollard_multiscene_500_run3/cube/generated_mjcf/scene_cube_tn0d0106p0d0246p0d0111_ip0d0138n0d0187p0d0009_mp0d0009p0d0205p0d0041.xml,cube_s2,True,0.012,4.0,0.55,0.3,3.0,3.0,6.87213616954889,0.05031684281051403,5.0,0.005564110806011748,0.19458661321176043,0.0012658192928673825,0.0,1.0,1.0,1.0,1.0,1.0,1.0,0.0,0.03553296039232982,0.01101847815155784,-0.010618202159571382,0.024570154966587918,0.011091034286356438,0.013810197920546557,-0.018682744474052514,0.0008816463383836057,0.000920203433224737,0.020529085107590155,0.004148740653331526,"[0.017223146151747647, 1.459904436214625, -1.196363758888488, -0.16288070789033632, 1.4786822661138344, 0.8783849268062217, 0.14840284864208186, 1.4237321528457243, 1.0573572983017683]"
cube,218,/home/humanoid/Programs/hand/results/phase1/run_20260413_pollard_multiscene_500_run3/cube/generated_mjcf/scene_cube_tp0d0031p0d0217p0d0000_ip0d0033n0d0069p0d0000_mp0d0018p0d0185p0d0039.xml,cube_s2,True,0.012,4.0,0.55,0.3,1.0,3.0,6.8972104530557905,0.05005377048770594,5.0,0.006804369109466606,0.04617844091007422,0.0011860588428863862,0.0006518098721059878,1.0,1.0,1.0,1.0,1.0,1.0,0.0,0.008475158862958312,0.021445558545850358,0.0030643337970542965,0.021735629790901958,0.0,0.003259984998778856,-0.006910015120126513,0.0,0.0017765117936147622,0.018486338857577528,0.003854988740890814,"[0.017223146151747647, 1.459904436214625, -1.196363758888488, -0.16288070789033632, 1.4786822661138344, 0.8783849268062217, 0.14840284864208186, 1.4237321528457243, 1.0573572983017683]"
cube,219,/home/humanoid/Programs/hand/results/phase1/run_20260413_pollard_multiscene_500_run3/cube/generated_mjcf/scene_cube_tn0d0096p0d0143p0d0000_ip0d0199n0d0241p0d0000_mp0d0018p0d0145p0d0098.xml,cube_s2,True,0.012,4.0,0.55,0.3,3.0,3.0,7.628756855378855,0.048603586409099814,7.0,0.005644074912482355,0.1594178438459487,0.0016788754391759268,0.00018653867782779388,1.0,1.0,1.0,1.0,1.0,1.0,0.0,0.01910265500242588,0.01150694153273324,-0.009552741642320943,0.014294919368854606,0.0,0.019931955097158255,-0.024098723637486875,0.0,0.001763704178351715,0.014507877048380777,0.009764096577343173,"[0.017223146151747647, 1.459904436214625, -1.196363758888488, -0.16288070789033632, 1.4786822661138344, 0.8783849268062217, 0.14840284864208186, 1.4237321528457243, 1.0573572983017683]"
cube,221,/home/humanoid/Programs/hand/results/phase1/run_20260413_pollard_multiscene_500_run3/cube/generated_mjcf/scene_cube_tn0d0008p0d0217p0d0015_ip0d0110n0d0107p0d0000_mp0d0047p0d0157p0d0000.xml,cube_s0,True,0.012,4.0,0.55,0.3,3.0,3.0,7.347543990748757,0.05068356852670142,7.0,0.005000692652653772,0.723979783062457,0.016755892647610852,0.0,1.0,1.0,1.0,1.0,1.0,1.0,0.0,0.16301857635186812,0.08845724536716489,-0.0008031192769778952,0.02166670448785033,0.001490255873888683,0.011029975886306324,-0.010713207814525373,0.0,0.004691508371224975,0.015735108981150926,0.0,"[0.05678979513303625, 1.2676084262416583, -0.9349968107595399, -0.13036683479999123, 1.4833706545479408, 1.0112688435157549, 0.05156688663574824, 1.5118083532294129, 0.9140770810808272]"
cube,222,/home/humanoid/Programs/hand/results/phase1/run_20260413_pollard_multiscene_500_run3/cube/generated_mjcf/scene_cube_tp0d0060p0d0300p0d0000_ip0d0168n0d0189p0d0000_mn0d0012p0d0266p0d0015.xml,cube_s2,True,0.012,4.0,0.55,0.3,1.0,3.0,7.1570695816793455,0.04943806378239584,6.0,0.006245338746985612,0.5758600198810533,0.0044470150750105086,0.000465519442365378,1.0,1.0,1.0,1.0,1.0,1.0,0.0,0.01524450278270272,0.0537602873744624,0.005982512874455746,0.03,0.0,0.01677585138666949,-0.01892801061196864,0.0,-0.001195083786028438,0.026558059126059096,0.0014902945294227848,"[0.017223146151747647, 1.459904436214625, -1.196363758888488, -0.16288070789033632, 1.4786822661138344, 0.8783849268062217, 0.14840284864208186, 1.4237321528457243, 1.0573572983017683]"
cube,223,/home/humanoid/Programs/hand/results/phase1/run_20260413_pollard_multiscene_500_run3/cube/generated_mjcf/scene_cube_tn0d0100p0d0157p0d0115_in0d0006n0d0023p0d0000_mn0d0001p0d0183p0d0095.xml,cube_s2,True,0.012,4.0,0.55,0.3,2.0,3.0,7.3248625991686325,0.04999100298259092,6.0,0.007400506068210429,0.010223581737014499,0.00048227053339163834,0.00011848335234890262,1.0,1.0,1.0,1.0,1.0,1.0,0.0,0.0019518619887976308,0.004441340815485084,-0.010042045626139749,0.01571733522921598,0.011454745589257506,-0.0005590098185030423,-0.0022702534687448223,0.0,-0.0001307095736232007,0.018291499373159582,0.009509675286206443,"[0.017223146151747647, 1.459904436214625, -1.196363758888488, -0.16288070789033632, 1.4786822661138344, 0.8783849268062217, 0.14840284864208186, 1.4237321528457243, 1.0573572983017683]"
cube,224,/home/humanoid/Programs/hand/results/phase1/run_20260413_pollard_multiscene_500_run3/cube/generated_mjcf/scene_cube_tn0d0032p0d0163p0d0000_ip0d0055n0d0227p0d0001_mp0d0062p0d0073p0d0053.xml,cube_s2,True,0.012,4.0,0.55,0.3,1.0,3.0,7.54471442906125,0.05179942502279128,7.0,0.004723433145902344,0.21641985356828752,0.009567447964908693,0.0,1.0,1.0,1.0,1.0,1.0,1.0,0.0,0.12194136740551087,0.09401909442886769,-0.003206023096601387,0.016318901566531582,0.0,0.005469932523932257,-0.022679238364403775,0.00012650587897891467,0.0061976339362588805,0.007287415170120487,0.005336885494463008,"[0.017223146151747647, 1.459904436214625, -1.196363758888488, -0.16288070789033632, 1.4786822661138344, 0.8783849268062217, 0.14840284864208186, 1.4237321528457243, 1.0573572983017683]"
cube,225,/home/humanoid/Programs/hand/results/phase1/run_20260413_pollard_multiscene_500_run3/cube/generated_mjcf/scene_cube_tp0d0094p0d0274p0d0000_ip0d0199n0d0145p0d0100_mp0d0000p0d0269p0d0000.xml,cube_s2,True,0.012,4.0,0.55,0.3,1.0,3.0,6.230495894723606,0.05123222402830271,6.0,0.007347243482747499,0.9834928300702626,0.014565107690440764,0.0,1.0,1.0,0.8166666666666667,1.0,0.8166666666666667,0.8166666666666667,0.18333333333333335,0.1975853540533805,0.11087506918985868,0.009437691326738953,0.02737170570873626,0.0,0.019924961742623107,-0.014488606505171338,0.009950090735285678,7.2792667555523355e-06,0.026910958156789684,0.0,"[0.017223146151747647, 1.459904436214625, -1.196363758888488, -0.16288070789033632, 1.4786822661138344, 0.8783849268062217, 0.14840284864208186, 1.4237321528457243, 1.0573572983017683]"
cube,226,/home/humanoid/Programs/hand/results/phase1/run_20260413_pollard_multiscene_500_run3/cube/generated_mjcf/scene_cube_tp0d0059p0d0251p0d0062_ip0d0039n0d0063p0d0003_mn0d0009p0d0056p0d0000.xml,cube_s2,True,0.012,4.0,0.55,0.3,1.0,3.0,6.552502139686182,0.05085621352687974,6.0,0.00609148153814469,0.7302616190845704,0.01040717595054902,0.0,1.0,0.8305555555555556,1.0,1.0,0.8305555555555556,0.8305555555555556,0.1694444444444444,0.01869074501036549,0.029218654203950034,0.005890195392200037,0.025145911494812493,0.006172020864999916,0.0038719373070722294,-0.006349688358739556,0.00030962863382305236,-0.0008708134120405647,0.005640698307909073,0.0,"[0.017223146151747647, 1.459904436214625, -1.196363758888488, -0.16288070789033632, 1.4786822661138344, 0.8783849268062217, 0.14840284864208186, 1.4237321528457243, 1.0573572983017683]"
cube,228,/home/humanoid/Programs/hand/results/phase1/run_20260413_pollard_multiscene_500_run3/cube/generated_mjcf/scene_cube_tp0d0018p0d0170p0d0000_ip0d0032n0d0128p0d0000_mp0d0192p0d0047p0d0036.xml,cube_s2,True,0.012,4.0,0.55,0.3,3.0,3.0,6.755883730385304,0.0485928688509536,5.0,0.006965703871032466,0.30009654843632927,0.007031905639131768,0.0,1.0,1.0,1.0,1.0,1.0,1.0,0.0,0.02969601188217848,0.02806668734717625,0.0017785008989475558,0.017044118735223775,0.0,0.003186891827523349,-0.012818094553557719,0.0,0.01917602235967445,0.004697717154899158,0.0035502383157635774,"[0.017223146151747647, 1.459904436214625, -1.196363758888488, -0.16288070789033632, 1.4786822661138344, 0.8783849268062217, 0.14840284864208186, 1.4237321528457243, 1.0573572983017683]"
cube,230,/home/humanoid/Programs/hand/results/phase1/run_20260413_pollard_multiscene_500_run3/cube/generated_mjcf/scene_cube_tn0d0007p0d0119p0d0014_ip0d0090n0d0004p0d0000_mp0d0132p0d0081p0d0000.xml,cube_s2,True,0.012,4.0,0.55,0.3,2.0,3.0,6.915566271964458,0.049970380202355086,5.0,0.006757835085203708,0.04973989304710897,0.0001737590057972385,0.00024354902915123267,1.0,1.0,1.0,1.0,1.0,1.0,0.0,0.00441136808392896,0.008087741043937724,-0.0007050571053624031,0.011895647447555467,0.0013904247007412648,0.00896790547894913,-0.00042462582777189235,0.0,0.013245101911400738,0.008085967284082467,0.0,"[0.017223146151747647, 1.459904436214625, -1.196363758888488, -0.16288070789033632, 1.4786822661138344, 0.8783849268062217, 0.14840284864208186, 1.4237321528457243, 1.0573572983017683]"
cube,231,/home/humanoid/Programs/hand/results/phase1/run_20260413_pollard_multiscene_500_run3/cube/generated_mjcf/scene_cube_tp0d0059p0d0199p0d0000_ip0d0193n0d0034p0d0000_mp0d0003p0d0115p0d0000.xml,cube_s0,True,0.012,4.0,0.55,0.3,2.0,3.0,6.931496205445092,0.05147352341860804,6.0,0.00502119577190829,0.8703411195082627,0.018842675468801758,0.0,1.0,1.0,1.0,1.0,1.0,1.0,0.0,0.1618075634814409,0.10923987688376392,0.005938507318874558,0.01993184206212525,0.0,0.019339198063758577,-0.003368889853459343,0.0,0.0002719119063459754,0.011528792962369609,0.0,"[0.05678979513303625, 1.2676084262416583, -0.9349968107595399, -0.13036683479999123, 1.4833706545479408, 1.0112688435157549, 0.05156688663574824, 1.5118083532294129, 0.9140770810808272]"
cube,232,/home/humanoid/Programs/hand/results/phase1/run_20260413_pollard_multiscene_500_run3/cube/generated_mjcf/scene_cube_tp0d0059p0d0233p0d0001_in0d0016n0d0011p0d0000_mp0d0107p0d0137p0d0000.xml,cube_s2,True,0.012,4.0,0.55,0.3,2.0,3.0,7.284843107782092,0.05009500073191059,6.0,0.006725069054098039,0.21331850622381962,0.0013415662926590007,0.00018682421608003097,1.0,1.0,1.0,1.0,1.0,1.0,0.0,0.0024812308388959072,0.0205229692103987,0.005876933990951735,0.023325437825919636,0.00012344175559970104,-0.001607011923027096,-0.0011137859434267924,0.0,0.010658788458287707,0.013659464988546774,0.0,"[0.017223146151747647, 1.459904436214625, -1.196363758888488, -0.16288070789033632, 1.4786822661138344, 0.8783849268062217, 0.14840284864208186, 1.4237321528457243, 1.0573572983017683]"
cube,233,/home/humanoid/Programs/hand/results/phase1/run_20260413_pollard_multiscene_500_run3/cube/generated_mjcf/scene_cube_tp0d0094p0d0162p0d0016_ip0d0011n0d0230p0d0082_mp0d0011p0d0065p0d0038.xml,cube_s2,True,0.012,4.0,0.55,0.3,1.0,3.0,6.804533138313245,0.04945288685762463,5.0,0.004793733780493779,0.35283453652088226,0.002311452093810531,0.00015770405870207949,1.0,1.0,1.0,1.0,1.0,1.0,0.0,0.042596121943959044,0.010895940906499016,0.009359930196395066,0.01623345201084577,0.0015625808053520377,0.00113350242596077,-0.023041464841855624,0.008165409870575673,0.0010928609572240285,0.006546084912352737,0.0037641457449223113,"[0.017223146151747647, 1.459904436214625, -1.196363758888488, -0.16288070789033632, 1.4786822661138344, 0.8783849268062217, 0.14840284864208186, 1.4237321528457243, 1.0573572983017683]"
cube,234,/home/humanoid/Programs/hand/results/phase1/run_20260413_pollard_multiscene_500_run3/cube/generated_mjcf/scene_cube_tn0d0068p0d0267p0d0000_in0d0013n0d0152p0d0088_mp0d0012p0d0034p0d0000.xml,cube_s2,True,0.012,4.0,0.55,0.3,1.0,3.0,7.1188556525641316,0.049740554236355816,6.0,0.0061380305178698235,0.9009711283244421,0.001482201281252215,0.0,1.0,1.0,1.0,1.0,1.0,1.0,0.0,0.034475104420028636,0.06254740663274676,-0.006842359440174668,0.02674095924071578,0.0,-0.0012516321530277128,-0.01519729557625085,0.008807048636422697,0.0012271340009776168,0.0034269346338305414,0.0,"[0.017223146151747647, 1.459904436214625, -1.196363758888488, -0.16288070789033632, 1.4786822661138344, 0.8783849268062217, 0.14840284864208186, 1.4237321528457243, 1.0573572983017683]"
cube,235,/home/humanoid/Programs/hand/results/phase1/run_20260413_pollard_multiscene_500_run3/cube/generated_mjcf/scene_cube_tn0d0012p0d0185p0d0000_ip0d0150n0d0039p0d0000_mp0d0202p0d0205p0d0000.xml,cube_s2,True,0.012,4.0,0.55,0.3,2.0,3.0,7.327235905110511,0.05092155536950836,6.0,0.006307571797035379,0.06064671210448645,0.001196969420143498,0.0,1.0,1.0,1.0,1.0,1.0,1.0,0.0,0.016726758687046466,0.018795614409262307,-0.0012267169129464937,0.018511203439005447,0.0,0.015046761440901129,-0.003860181566608679,0.0,0.0202218044453141,0.02050055310976201,0.0,"[0.017223146151747647, 1.459904436214625, -1.196363758888488, -0.16288070789033632, 1.4786822661138344, 0.8783849268062217, 0.14840284864208186, 1.4237321528457243, 1.0573572983017683]"
cube,236,/home/humanoid/Programs/hand/results/phase1/run_20260413_pollard_multiscene_500_run3/cube/generated_mjcf/scene_cube_tp0d0106p0d0174p0d0031_ip0d0022n0d0118p0d0000_mp0d0137p0d0106p0d0119.xml,cube_s2,True,0.012,4.0,0.55,0.3,1.0,3.0,7.236435069216919,0.048945402647895264,6.0,0.007353093828800443,0.13247255527898102,0.0022051808135890496,0.0007904371415469319,1.0,1.0,1.0,1.0,1.0,1.0,0.0,0.003921285940648478,0.03087867197844346,0.010570503563294312,0.01742935650204407,0.0030783737719845897,0.0022113929704491346,-0.01179028890874476,0.0,0.013715263425300493,0.010640660788541539,0.011923749986019395,"[0.017223146151747647, 1.459904436214625, -1.196363758888488, -0.16288070789033632, 1.4786822661138344, 0.8783849268062217, 0.14840284864208186, 1.4237321528457243, 1.0573572983017683]"
cube,237,/home/humanoid/Programs/hand/results/phase1/run_20260413_pollard_multiscene_500_run3/cube/generated_mjcf/scene_cube_tn0d0094p0d0215p0d0000_ip0d0051n0d0037p0d0000_mp0d0001p0d0208p0d0000.xml,cube_s2,True,0.012,4.0,0.55,0.3,1.0,3.0,6.918859258018532,0.05122967266450562,5.0,0.006371571916803082,0.10177001420530692,0.0020288053367018295,0.0,1.0,1.0,1.0,1.0,1.0,1.0,0.0,0.020176696590739087,0.02764222132762704,-0.009386577061587999,0.021536170750964603,0.0,0.005090603042090099,-0.0036513302603408664,3.0621962382121684e-05,0.0001362800775741909,0.02078669139942211,0.0,"[0.017223146151747647, 1.459904436214625, -1.196363758888488, -0.16288070789033632, 1.4786822661138344, 0.8783849268062217, 0.14840284864208186, 1.4237321528457243, 1.0573572983017683]"
cube,238,/home/humanoid/Programs/hand/results/phase1/run_20260413_pollard_multiscene_500_run3/cube/generated_mjcf/scene_cube_tn0d0100p0d0196p0d0000_ip0d0120n0d0139p0d0024_mp0d0149p0d0270p0d0014.xml,cube_s0,True,0.012,4.0,0.55,0.3,2.0,3.0,7.33496568552151,0.05325532796712605,6.0,0.005558631268782727,0.07879987318095576,0.0032900402835549804,0.0,1.0,1.0,1.0,1.0,1.0,1.0,0.0,0.04698766884990252,0.07861127852392037,-0.010015544394671703,0.01962936837177262,0.0,0.012010903863657144,-0.013874930609055808,0.002421640382254354,0.014892154831109993,0.027047093881184453,0.0013830002601442452,"[0.05678979513303625, 1.2676084262416583, -0.9349968107595399, -0.13036683479999123, 1.4833706545479408, 1.0112688435157549, 0.05156688663574824, 1.5118083532294129, 0.9140770810808272]"
cube,239,/home/humanoid/Programs/hand/results/phase1/run_20260413_pollard_multiscene_500_run3/cube/generated_mjcf/scene_cube_tn0d0014p0d0251p0d0099_in0d0014n0d0234p0d0115_mp0d0111p0d0045p0d0038.xml,cube_s2,True,0.012,4.0,0.55,0.3,1.0,3.0,6.829052795063974,0.049702663333520525,5.0,0.006535509144632781,0.1552726895908975,0.002051952847562947,0.00041349621406419623,1.0,1.0,1.0,1.0,1.0,1.0,0.0,0.038328569462820254,0.03715251752875102,-0.0014251822600559235,0.025089114689550506,0.009932616401398968,-0.0014478035283586408,-0.023434549415482668,0.011455759744305048,0.011104205335508101,0.004542639825632416,0.00384895126918975,"[0.017223146151747647, 1.459904436214625, -1.196363758888488, -0.16288070789033632, 1.4786822661138344, 0.8783849268062217, 0.14840284864208186, 1.4237321528457243, 1.0573572983017683]"
cube,241,/home/humanoid/Programs/hand/results/phase1/run_20260413_pollard_multiscene_500_run3/cube/generated_mjcf/scene_cube_tp0d0041p0d0136p0d0050_ip0d0093n0d0236p0d0000_mp0d0051p0d0056p0d0045.xml,cube_s0,True,0.012,4.0,0.55,0.3,2.0,3.0,6.118163748796329,0.048391364333029006,8.0,0.00562223556906524,4.637700379231709,0.03068236713243316,0.0003812772563896727,1.0,1.0,1.0,0.7583333333333333,0.7583333333333333,0.7583333333333333,0.2416666666666667,0.17176174166511793,0.076406406600814,0.0040971277273271905,0.013559094872586892,0.0049975779635624,0.00926415941715049,-0.023572964220321315,0.0,0.0051016658072987634,0.005637990037219874,0.004513815243508565,"[0.05678979513303625, 1.2676084262416583, -0.9349968107595399, -0.13036683479999123, 1.4833706545479408, 1.0112688435157549, 0.05156688663574824, 1.5118083532294129, 0.9140770810808272]"
cube,242,/home/humanoid/Programs/hand/results/phase1/run_20260413_pollard_multiscene_500_run3/cube/generated_mjcf/scene_cube_tn0d0009p0d0235p0d0040_in0d0009n0d0143p0d0044_mp0d0197p0d0260p0d0000.xml,cube_s2,True,0.012,4.0,0.55,0.3,2.0,3.0,7.296443463076149,0.05005255908204021,6.0,0.006384794445695505,0.04693011573939668,0.00029173346408741495,0.00028813617231764066,1.0,1.0,1.0,1.0,1.0,1.0,0.0,0.016349724677257156,0.02805847802672991,-0.0009419216668431589,0.0234563829052057,0.003998428193652388,-0.0008600754512623002,-0.0143499624967743,0.0043891962311728185,0.019674774011803155,0.026003968495236028,0.0,"[0.017223146151747647, 1.459904436214625, -1.196363758888488, -0.16288070789033632, 1.4786822661138344, 0.8783849268062217, 0.14840284864208186, 1.4237321528457243, 1.0573572983017683]"
cube,243,/home/humanoid/Programs/hand/results/phase1/run_20260413_pollard_multiscene_500_run3/cube/generated_mjcf/scene_cube_tp0d0018p0d0300p0d0000_ip0d0214n0d0134p0d0084_mp0d0020p0d0258p0d0066.xml,cube_s2,True,0.012,4.0,0.55,0.3,2.0,3.0,6.703278396478538,0.05438290601828384,6.0,0.007874072721413569,0.5440753249201962,0.0051813968470979825,0.0,1.0,1.0,0.8666666666666667,1.0,0.8666666666666667,0.8666666666666667,0.1333333333333333,0.14139535847583484,0.1005602608442334,0.0018323263906544832,0.03,0.0,0.02142851497409419,-0.01338505726791449,0.008384359098383674,0.002027946052017301,0.025760241751164238,0.0065869486941198575,"[0.017223146151747647, 1.459904436214625, -1.196363758888488, -0.16288070789033632, 1.4786822661138344, 0.8783849268062217, 0.14840284864208186, 1.4237321528457243, 1.0573572983017683]"
cube,244,/home/humanoid/Programs/hand/results/phase1/run_20260413_pollard_multiscene_500_run3/cube/generated_mjcf/scene_cube_tp0d0037p0d0122p0d0000_ip0d0121n0d0147p0d0094_mp0d0112p0d0054p0d0090.xml,cube_s2,True,0.012,4.0,0.55,0.3,3.0,3.0,6.385111032885313,0.04965897968638882,5.0,0.006201912734164298,1.3501777950694698,0.013297091542272916,0.0,0.9972222222222222,0.9916666666666667,0.9527777777777777,0.9777777777777777,0.925,0.9527777777777777,0.03888888888888897,0.06368109137749056,0.06467379711239174,0.003670300442267238,0.012153499062564917,0.0,0.012056547044241235,-0.014653213065510083,0.009428885664088973,0.011218889531032318,0.005437278898803643,0.009008074998322603,"[0.017223146151747647, 1.459904436214625, -1.196363758888488, -0.16288070789033632, 1.4786822661138344, 0.8783849268062217, 0.14840284864208186, 1.4237321528457243, 1.0573572983017683]"
cube,245,/home/humanoid/Programs/hand/results/phase1/run_20260413_pollard_multiscene_500_run3/cube/generated_mjcf/scene_cube_tn0d0045p0d0121p0d0034_ip0d0174n0d0173p0d0000_mp0d0212p0d0139p0d0000.xml,cube_s2,True,0.012,4.0,0.55,0.3,3.0,3.0,7.334261699084986,0.052444292322716704,6.0,0.006165493516449523,0.07123531087202561,0.004025999322609139,0.0,1.0,1.0,1.0,1.0,1.0,1.0,0.0,0.025584702329025544,0.057063100563431036,-0.004528621663971532,0.012117700999274032,0.0034291248847927273,0.01739136599231956,-0.017332691788016226,0.0,0.0212315535462329,0.013907077695475889,0.0,"[0.017223146151747647, 1.459904436214625, -1.196363758888488, -0.16288070789033632, 1.4786822661138344, 0.8783849268062217, 0.14840284864208186, 1.4237321528457243, 1.0573572983017683]"
cube,246,/home/humanoid/Programs/hand/results/phase1/run_20260413_pollard_multiscene_500_run3/cube/generated_mjcf/scene_cube_tp0d0012p0d0250p0d0034_in0d0012n0d0017p0d0000_mp0d0149p0d0177p0d0000.xml,cube_s2,True,0.012,4.0,0.55,0.3,2.0,3.0,7.294495096055976,0.05050196087996829,6.0,0.006473845189702742,0.15308361055642766,0.003036115608630326,0.0,1.0,1.0,1.0,1.0,1.0,1.0,0.0,0.010257029412509402,0.017379159431508678,0.0012101250122180784,0.02496992892325642,0.0034375336049794307,-0.001203292251601781,-0.0017480540872589299,0.0,0.014901303193678607,0.0176678851782694,0.0,"[0.017223146151747647, 1.459904436214625, -1.196363758888488, -0.16288070789033632, 1.4786822661138344, 0.8783849268062217, 0.14840284864208186, 1.4237321528457243, 1.0573572983017683]"
cube,248,/home/humanoid/Programs/hand/results/phase1/run_20260413_pollard_multiscene_500_run3/cube/generated_mjcf/scene_cube_tp0d0063p0d0226p0d0000_ip0d0002n0d0169p0d0000_mp0d0111p0d0134p0d0000.xml,cube_s2,True,0.012,4.0,0.55,0.3,2.0,3.0,7.209973940058681,0.053470115288499716,6.0,0.004937206581472786,0.20183830864920546,0.009556174497887886,0.0,1.0,1.0,1.0,1.0,1.0,1.0,0.0,0.11077502941678811,0.10643571834873289,0.00626516238663433,0.02255765916802214,0.0,0.0002281577052011246,-0.016903768045336977,0.0,0.011086386382717419,0.013437684407545863,0.0,"[0.017223146151747647, 1.459904436214625, -1.196363758888488, -0.16288070789033632, 1.4786822661138344, 0.8783849268062217, 0.14840284864208186, 1.4237321528457243, 1.0573572983017683]"
cube,249,/home/humanoid/Programs/hand/results/phase1/run_20260413_pollard_multiscene_500_run3/cube/generated_mjcf/scene_cube_tn0d0027p0d0178p0d0000_ip0d0059n0d0061p0d0007_mn0d0017p0d0132p0d0000.xml,cube_s1,True,0.012,4.0,0.55,0.3,3.0,3.0,7.237392663758957,0.04983556919416621,6.0,0.004954402059299055,0.3516533867612997,0.0015063662905308824,0.00014548710876301219,1.0,1.0,1.0,1.0,1.0,1.0,0.0,0.02891125171103111,0.009000302289387233,-0.0027271212917241126,0.017791811356062115,0.0,0.005851197812612485,-0.006067555870810265,0.0007001297377480752,-0.001728987071853835,0.013155750839536167,0.0,"[0.06036170920245503, 1.2993465425771293, -1.1345514683028701, -0.1383249921310328, 1.4780464267210218, 1.1128198085346774, 0.0768344744793424, 1.5414267067782164, 1.0540476209430327]"
cube,250,/home/humanoid/Programs/hand/results/phase1/run_20260413_pollard_multiscene_500_run3/cube/generated_mjcf/scene_cube_tp0d0023p0d0281p0d0058_ip0d0010n0d0123p0d0000_mp0d0086p0d0122p0d0045.xml,cube_s2,True,0.012,4.0,0.55,0.3,1.0,3.0,7.328708465252303,0.04990092815680274,6.0,0.004995835476477491,0.023656179561908085,0.00010498754680834114,6.552817944008305e-05,1.0,1.0,1.0,1.0,1.0,1.0,0.0,0.002674408033050723,0.0003865017627378564,0.0022906939710439344,0.028145105487248016,0.005840805083924282,0.0009521715037869721,-0.012287952266811692,0.0,0.008550085922758204,0.012157418500970765,0.004480712380297534,"[0.017223146151747647, 1.459904436214625, -1.196363758888488, -0.16288070789033632, 1.4786822661138344, 0.8783849268062217, 0.14840284864208186, 1.4237321528457243, 1.0573572983017683]"
cube,252,/home/humanoid/Programs/hand/results/phase1/run_20260413_pollard_multiscene_500_run3/cube/generated_mjcf/scene_cube_tn0d0074p0d0300p0d0026_ip0d0033n0d0060p0d0000_mp0d0108p0d0119p0d0000.xml,cube_s2,True,0.012,4.0,0.55,0.3,1.0,3.0,7.311907477271444,0.04994824171627263,6.0,0.004914526216728137,0.07175188113420038,0.0004999035081996402,1.1953340756529207e-05,1.0,1.0,1.0,1.0,1.0,1.0,0.0,0.01144463664460474,0.002203300823259443,-0.007398159794487176,0.03,0.002583933856100673,0.0033336936479035455,-0.005978032145131569,0.0,0.010774200359585784,0.011857555922792454,0.0,"[0.017223146151747647, 1.459904436214625, -1.196363758888488, -0.16288070789033632, 1.4786822661138344, 0.8783849268062217, 0.14840284864208186, 1.4237321528457243, 1.0573572983017683]"
cube,253,/home/humanoid/Programs/hand/results/phase1/run_20260413_pollard_multiscene_500_run3/cube/generated_mjcf/scene_cube_tp0d0079p0d0250p0d0000_ip0d0107n0d0240p0d0083_mp0d0033p0d0107p0d0094.xml,cube_s2,True,0.012,4.0,0.55,0.3,1.0,3.0,5.88132593683049,0.04851304531199748,6.0,0.006147485334287497,0.39568010276334786,0.0008923954429996369,0.0010181892949839844,1.0,1.0,1.0,0.65,0.65,0.65,0.35,0.03282428075291805,0.06917347611124158,0.007870746006714398,0.024959633130747148,0.0,0.010664501866031857,-0.023994387640275894,0.008275887682406585,0.003335989644740088,0.01068451411033549,0.009375497810093482,"[0.017223146151747647, 1.459904436214625, -1.196363758888488, -0.16288070789033632, 1.4786822661138344, 0.8783849268062217, 0.14840284864208186, 1.4237321528457243, 1.0573572983017683]"
cube,254,/home/humanoid/Programs/hand/results/phase1/run_20260413_pollard_multiscene_500_run3/cube/generated_mjcf/scene_cube_tn0d0073p0d0242p0d0000_ip0d0117n0d0058p0d0016_mp0d0219p0d0175p0d0000.xml,cube_s1,True,0.012,4.0,0.55,0.3,3.0,3.0,7.6150476245165395,0.04994868924043726,7.0,0.004868258887451952,0.46829895188009557,0.002063977998123164,0.0,1.0,1.0,1.0,1.0,1.0,1.0,0.0,0.03536916573040981,0.010844209245393865,-0.0072830278711218015,0.024233399005324837,0.0,0.01173289864241775,-0.005816682189977438,0.0015985477456331616,0.02187070698869189,0.017479901290416364,0.0,"[0.06036170920245503, 1.2993465425771293, -1.1345514683028701, -0.1383249921310328, 1.4780464267210218, 1.1128198085346774, 0.0768344744793424, 1.5414267067782164, 1.0540476209430327]"
cube,255,/home/humanoid/Programs/hand/results/phase1/run_20260413_pollard_multiscene_500_run3/cube/generated_mjcf/scene_cube_tn0d0049p0d0232p0d0053_ip0d0078n0d0015p0d0045_mp0d0126p0d0103p0d0116.xml,cube_s2,True,0.012,4.0,0.55,0.3,3.0,3.0,7.322398201988972,0.050655065652597954,6.0,0.006216453944360426,0.07514020202230294,0.0004361752128966129,0.0,1.0,1.0,1.0,1.0,1.0,1.0,0.0,0.014964023778022835,0.0184881652089746,-0.0048957756328571024,0.023204282559035286,0.005285964347256648,0.007791052812038457,-0.0014875992639632445,0.004507628719607793,0.01263096632514772,0.010252368200474794,0.011605232571004556,"[0.017223146151747647, 1.459904436214625, -1.196363758888488, -0.16288070789033632, 1.4786822661138344, 0.8783849268062217, 0.14840284864208186, 1.4237321528457243, 1.0573572983017683]"
cube,256,/home/humanoid/Programs/hand/results/phase1/run_20260413_pollard_multiscene_500_run3/cube/generated_mjcf/scene_cube_tn0d0062p0d0198p0d0000_ip0d0093n0d0156p0d0051_mp0d0176p0d0066p0d0000.xml,cube_s2,True,0.012,4.0,0.55,0.3,2.0,3.0,7.275069143322463,0.049213380952900246,6.0,0.0050740284238714566,0.06739162219102472,0.0007508905043340176,3.0489094376584536e-05,1.0,1.0,1.0,1.0,1.0,1.0,0.0,0.019919027134215974,0.0047043011198220075,-0.00617936078977491,0.019845889106613626,0.0,0.009283838582036968,-0.01564231250230316,0.005108479275818825,0.01755878893107922,0.006553664356555156,0.0,"[0.017223146151747647, 1.459904436214625, -1.196363758888488, -0.16288070789033632, 1.4786822661138344, 0.8783849268062217, 0.14840284864208186, 1.4237321528457243, 1.0573572983017683]"
cube,257,/home/humanoid/Programs/hand/results/phase1/run_20260413_pollard_multiscene_500_run3/cube/generated_mjcf/scene_cube_tn0d0013p0d0300p0d0040_ip0d0126n0d0136p0d0071_mn0d0004p0d0181p0d0075.xml,cube_s2,True,0.012,4.0,0.55,0.3,1.0,3.0,7.270935741228952,0.051249093204821,6.0,0.005893591708951248,0.24660169682349448,0.002296774467360048,0.00029510586747399925,1.0,1.0,1.0,1.0,1.0,1.0,0.0,0.033411181491271154,0.046543968586476546,-0.0013310279746045726,0.03,0.004007304669342297,0.01263270996685188,-0.013573404996832647,0.007133344311976011,-0.0004286670847191455,0.018119654315755226,0.007547655475809524,"[0.017223146151747647, 1.459904436214625, -1.196363758888488, -0.16288070789033632, 1.4786822661138344, 0.8783849268062217, 0.14840284864208186, 1.4237321528457243, 1.0573572983017683]"
cube,258,/home/humanoid/Programs/hand/results/phase1/run_20260413_pollard_multiscene_500_run3/cube/generated_mjcf/scene_cube_tn0d0033p0d0188p0d0000_ip0d0089n0d0085p0d0000_mn0d0010p0d0158p0d0000.xml,cube_s1,True,0.012,4.0,0.55,0.3,2.0,3.0,7.708312665037708,0.049940537473663296,7.0,0.004925158931162581,0.06204763025469534,0.0005459159765187307,4.755200555661698e-05,1.0,1.0,1.0,1.0,1.0,1.0,0.0,0.015324805068338018,0.002555518291694573,-0.003284192562390034,0.018810799604056093,0.0,0.008948602806368519,-0.008508505563111826,0.0,-0.0009937541860331883,0.015830482276668337,0.0,"[0.06036170920245503, 1.2993465425771293, -1.1345514683028701, -0.1383249921310328, 1.4780464267210218, 1.1128198085346774, 0.0768344744793424, 1.5414267067782164, 1.0540476209430327]"
cube,259,/home/humanoid/Programs/hand/results/phase1/run_20260413_pollard_multiscene_500_run3/cube/generated_mjcf/scene_cube_tn0d0066p0d0185p0d0013_ip0d0158n0d0195p0d0088_mp0d0183p0d0172p0d0000.xml,cube_s1,True,0.012,4.0,0.55,0.3,3.0,3.0,7.56163802667544,0.054709113306374894,7.0,0.004913576379255886,0.39683131995671594,0.010978268136828048,0.0,1.0,1.0,1.0,1.0,1.0,1.0,0.0,0.1674591673717256,0.10100062420593732,-0.0066485374175960146,0.018518010205694397,0.0012982978667973911,0.015818160059360285,-0.019498654578332945,0.008823394787387792,0.01834265960575579,0.01719139738609474,0.0,"[0.06036170920245503, 1.2993465425771293, -1.1345514683028701, -0.1383249921310328, 1.4780464267210218, 1.1128198085346774, 0.0768344744793424, 1.5414267067782164, 1.0540476209430327]"
cube,260,/home/humanoid/Programs/hand/results/phase1/run_20260413_pollard_multiscene_500_run3/cube/generated_mjcf/scene_cube_tn0d0016p0d0096p0d0112_ip0d0017n0d0032p0d0006_mp0d0056p0d0052p0d0016.xml,cube_s2,True,0.012,4.0,0.55,0.3,1.0,3.0,5.715799540510329,0.04999366753897974,5.0,0.007278116026069156,0.34469351170865997,0.0112060933851489,0.0,1.0,0.7083333333333334,1.0,1.0,0.7083333333333334,0.7083333333333334,0.29166666666666663,0.038507911680564444,0.023948185108135584,-0.0015968470266755248,0.00957306995643702,0.011202290221894236,0.001675734744234568,-0.0032206306161261574,0.0006071599036956091,0.00558793585213605,0.005223797450431731,0.0015580406341598792,"[0.017223146151747647, 1.459904436214625, -1.196363758888488, -0.16288070789033632, 1.4786822661138344, 0.8783849268062217, 0.14840284864208186, 1.4237321528457243, 1.0573572983017683]"
cube,261,/home/humanoid/Programs/hand/results/phase1/run_20260413_pollard_multiscene_500_run3/cube/generated_mjcf/scene_cube_tn0d0026p0d0108p0d0000_ip0d0093n0d0210p0d0000_mp0d0215p0d0203p0d0054.xml,cube_s2,True,0.012,4.0,0.55,0.3,1.0,3.0,6.898265869264909,0.0504233054379265,5.0,0.007273644198841114,0.13533476330107205,0.0030766794309011873,2.004600419251712e-05,1.0,1.0,1.0,1.0,1.0,1.0,0.0,0.006535750135278702,0.01293187879735839,-0.002559148442306267,0.010844582132139265,0.0,0.009274960074603024,-0.02103734073064305,0.0,0.021537173868519506,0.02026458374004725,0.005359570246667743,"[0.017223146151747647, 1.459904436214625, -1.196363758888488, -0.16288070789033632, 1.4786822661138344, 0.8783849268062217, 0.14840284864208186, 1.4237321528457243, 1.0573572983017683]"
cube,262,/home/humanoid/Programs/hand/results/phase1/run_20260413_pollard_multiscene_500_run3/cube/generated_mjcf/scene_cube_tp0d0114p0d0124p0d0096_in0d0000n0d0080p0d0000_mp0d0182p0d0250p0d0006.xml,cube_s2,True,0.012,4.0,0.55,0.3,2.0,3.0,7.273838937505117,0.049219045096403714,6.0,0.007896248113878365,0.09362596198902133,0.0011539580465037217,0.0002565711580985591,1.0,1.0,1.0,1.0,1.0,1.0,0.0,0.002490566929408943,0.012996162474576503,0.011434726863572546,0.012431631671534318,0.009574165085641077,-3.2197229452727086e-05,-0.008030768084860739,0.0,0.01818011496386108,0.025010610894033593,0.0006060223705221992,"[0.017223146151747647, 1.459904436214625, -1.196363758888488, -0.16288070789033632, 1.4786822661138344, 0.8783849268062217, 0.14840284864208186, 1.4237321528457243, 1.0573572983017683]"
cube,263,/home/humanoid/Programs/hand/results/phase1/run_20260413_pollard_multiscene_500_run3/cube/generated_mjcf/scene_cube_tn0d0026p0d0166p0d0106_ip0d0186n0d0034p0d0042_mn0d0016p0d0137p0d0101.xml,cube_s0,True,0.012,4.0,0.55,0.3,2.0,3.0,7.523332782966195,0.049287174869136516,7.0,0.005242152133340262,0.8410111833362525,0.002559356131994074,0.0,1.0,1.0,1.0,1.0,1.0,1.0,0.0,0.042752888359429565,0.013946661070141345,-0.002617680223593528,0.01656557626298818,0.010573775539080708,0.018619421669964137,-0.0033545673340663,0.004216081429168201,-0.0015522505578777837,0.01372870559258928,0.010117600342834106,"[0.05678979513303625, 1.2676084262416583, -0.9349968107595399, -0.13036683479999123, 1.4833706545479408, 1.0112688435157549, 0.05156688663574824, 1.5118083532294129, 0.9140770810808272]"
cube,264,/home/humanoid/Programs/hand/results/phase1/run_20260413_pollard_multiscene_500_run3/cube/generated_mjcf/scene_cube_tn0d0098p0d0167p0d0098_ip0d0048n0d0056p0d0000_mp0d0081p0d0076p0d0092.xml,cube_s2,True,0.012,4.0,0.55,0.3,3.0,3.0,7.325489745286675,0.050476714271278075,6.0,0.006532756877237485,0.053162643725685105,0.0006175809989243668,0.0,1.0,1.0,1.0,1.0,1.0,1.0,0.0,0.008925624566298357,0.015048466669769093,-0.0098174312859883,0.016710597855835244,0.009785136624631905,0.0047505379522936875,-0.00558731996764574,0.0,0.008118077130715488,0.007604253555346375,0.009153488997293208,"[0.017223146151747647, 1.459904436214625, -1.196363758888488, -0.16288070789033632, 1.4786822661138344, 0.8783849268062217, 0.14840284864208186, 1.4237321528457243, 1.0573572983017683]"
cube,265,/home/humanoid/Programs/hand/results/phase1/run_20260413_pollard_multiscene_500_run3/cube/generated_mjcf/scene_cube_tp0d0104p0d0234p0d0093_ip0d0069n0d0004p0d0081_mp0d0154p0d0049p0d0096.xml,cube_s2,True,0.012,4.0,0.55,0.3,1.0,3.0,6.903539477689309,0.0518679603753342,5.0,0.006928336402656998,0.24824487136613707,0.006182184035495903,0.0,1.0,1.0,1.0,1.0,1.0,1.0,0.0,0.011922165218177641,0.02346092501199733,0.010405971119882437,0.023402318434891774,0.009318597065959895,0.006870174315362881,-0.0003758602573515988,0.008054351980537874,0.01539809898290241,0.004941483542359303,0.009625898391971525,"[0.017223146151747647, 1.459904436214625, -1.196363758888488, -0.16288070789033632, 1.4786822661138344, 0.8783849268062217, 0.14840284864208186, 1.4237321528457243, 1.0573572983017683]"
cube,266,/home/humanoid/Programs/hand/results/phase1/run_20260413_pollard_multiscene_500_run3/cube/generated_mjcf/scene_cube_tp0d0080p0d0162p0d0000_in0d0002n0d0171p0d0000_mp0d0071p0d0218p0d0095.xml,cube_s2,True,0.012,4.0,0.55,0.3,1.0,3.0,6.7317809594181135,0.047342047020452124,5.0,0.007917286002183785,0.2869761400142321,0.002865990521231275,0.0018892373410315938,1.0,1.0,1.0,1.0,1.0,1.0,0.0,0.013301155876165906,0.026283492390551073,0.008007112781741085,0.016238264649913087,0.0,-0.00016892381827874302,-0.01712363596371593,0.0,0.0070856367373131526,0.021809635629245268,0.009472099338838351,"[0.017223146151747647, 1.459904436214625, -1.196363758888488, -0.16288070789033632, 1.4786822661138344, 0.8783849268062217, 0.14840284864208186, 1.4237321528457243, 1.0573572983017683]"
cube,267,/home/humanoid/Programs/hand/results/phase1/run_20260413_pollard_multiscene_500_run3/cube/generated_mjcf/scene_cube_tn0d0019p0d0119p0d0097_ip0d0014n0d0097p0d0004_mp0d0076p0d0068p0d0027.xml,cube_s2,True,0.012,4.0,0.55,0.3,1.0,3.0,6.618735770547826,0.047857723727419976,5.0,0.0070683022549088495,0.5682896839949986,0.01181657692776165,0.0,1.0,1.0,1.0,1.0,1.0,1.0,0.0,0.0742794541297961,0.023451174212879844,-0.0019033786639038597,0.011918802303719365,0.009742141364256777,0.001446421396381646,-0.009701845637100453,0.0004247947514453253,0.007597777885475282,0.006785559441029652,0.0026801896733662112,"[0.017223146151747647, 1.459904436214625, -1.196363758888488, -0.16288070789033632, 1.4786822661138344, 0.8783849268062217, 0.14840284864208186, 1.4237321528457243, 1.0573572983017683]"
cube,268,/home/humanoid/Programs/hand/results/phase1/run_20260413_pollard_multiscene_500_run3/cube/generated_mjcf/scene_cube_tp0d0102p0d0138p0d0107_ip0d0106n0d0072p0d0004_mp0d0019p0d0053p0d0000.xml,cube_s0,True,0.012,4.0,0.55,0.3,1.0,3.0,5.641661037832364,0.04804798864491084,5.0,0.007446857386655396,1.875823066701069,0.009238233594052767,0.0,1.0,0.7722222222222223,1.0,1.0,0.7722222222222223,0.7722222222222223,0.22777777777777775,0.045879283610777845,0.04488540957190096,0.010192050973665118,0.013796870560345172,0.01073217435091527,0.010556599209052135,-0.0072346864002176565,0.00041095213145756447,0.001934188977885925,0.0052613143908337,0.0,"[0.05678979513303625, 1.2676084262416583, -0.9349968107595399, -0.13036683479999123, 1.4833706545479408, 1.0112688435157549, 0.05156688663574824, 1.5118083532294129, 0.9140770810808272]"
cube,269,/home/humanoid/Programs/hand/results/phase1/run_20260413_pollard_multiscene_500_run3/cube/generated_mjcf/scene_cube_tn0d0109p0d0188p0d0000_ip0d0152n0d0147p0d0000_mp0d0012p0d0206p0d0000.xml,cube_s0,True,0.012,4.0,0.55,0.3,2.0,3.0,7.118897627750072,0.04963145902207301,6.0,0.005075603774076045,0.6928902387889184,0.004041852978045375,0.0,1.0,1.0,1.0,1.0,1.0,1.0,0.0,0.07128629780029049,0.017162557974859865,-0.010892479043909305,0.018761057623916402,0.0,0.015191856500809777,-0.0146572238066505,0.0,0.0012429278075790622,0.02056014077460063,0.0,"[0.05678979513303625, 1.2676084262416583, -0.9349968107595399, -0.13036683479999123, 1.4833706545479408, 1.0112688435157549, 0.05156688663574824, 1.5118083532294129, 0.9140770810808272]"
cube,271,/home/humanoid/Programs/hand/results/phase1/run_20260413_pollard_multiscene_500_run3/cube/generated_mjcf/scene_cube_tp0d0022p0d0300p0d0079_ip0d0201n0d0117p0d0000_mp0d0139p0d0232p0d0000.xml,cube_s2,True,0.012,4.0,0.55,0.3,2.0,3.0,7.245593279394181,0.04992431827665749,6.0,0.005092926058755131,0.2959436052851574,0.0015141660838327987,0.0,1.0,1.0,1.0,1.0,1.0,1.0,0.0,0.03508430543891871,0.0060223308732650915,0.002245291327922347,0.03,0.007914847084908486,0.020077243035357552,-0.01173371425264643,0.0,0.013901697245508137,0.023176085596049063,0.0,"[0.017223146151747647, 1.459904436214625, -1.196363758888488, -0.16288070789033632, 1.4786822661138344, 0.8783849268062217, 0.14840284864208186, 1.4237321528457243, 1.0573572983017683]"
cube,272,/home/humanoid/Programs/hand/results/phase1/run_20260413_pollard_multiscene_500_run3/cube/generated_mjcf/scene_cube_tn0d0009p0d0148p0d0000_ip0d0185n0d0080p0d0009_mp0d0179p0d0092p0d0042.xml,cube_s2,True,0.012,4.0,0.55,0.3,2.0,3.0,7.295628219848589,0.05048351632416845,6.0,0.005982554429549372,0.07544875524142394,0.002089433202340513,0.0,1.0,1.0,1.0,1.0,1.0,1.0,0.0,0.024638732580648196,0.02167419511460794,-0.0009488846215536303,0.014802931966176474,0.0,0.01846619001000817,-0.008015341938986174,0.0008936013470664285,0.01788502974286396,0.009203218882619397,0.0041798237366650025,"[0.017223146151747647, 1.459904436214625, -1.196363758888488, -0.16288070789033632, 1.4786822661138344, 0.8783849268062217, 0.14840284864208186, 1.4237321528457243, 1.0573572983017683]"
cube,273,/home/humanoid/Programs/hand/results/phase1/run_20260413_pollard_multiscene_500_run3/cube/generated_mjcf/scene_cube_tp0d0108p0d0274p0d0048_ip0d0186n0d0162p0d0000_mn0d0018p0d0200p0d0087.xml,cube_s2,True,0.012,4.0,0.55,0.3,1.0,3.0,7.224283950825238,0.05232564317407154,6.0,0.0051431629148246776,0.30209340310221966,0.00634941943088719,0.0,1.0,1.0,1.0,1.0,1.0,1.0,0.0,0.07594225651477911,0.0749489017443613,0.010793172744159973,0.027385637090943743,0.004834036143599344,0.01858721372341072,-0.016209668619703015,0.0,-0.001767901577034518,0.0199563224460901,0.00869297932588134,"[0.017223146151747647, 1.459904436214625, -1.196363758888488, -0.16288070789033632, 1.4786822661138344, 0.8783849268062217, 0.14840284864208186, 1.4237321528457243, 1.0573572983017683]"
cube,274,/home/humanoid/Programs/hand/results/phase1/run_20260413_pollard_multiscene_500_run3/cube/generated_mjcf/scene_cube_tn0d0019p0d0292p0d0078_ip0d0164n0d0156p0d0069_mp0d0127p0d0262p0d0000.xml,cube_s0,True,0.012,4.0,0.55,0.3,3.0,3.0,7.247710508287388,0.050174091111094006,6.0,0.006934348026925944,0.2148510665378628,0.0017841523773516593,0.0006558569074444076,1.0,1.0,1.0,1.0,1.0,1.0,0.0,0.018368855988147303,0.05068454284956018,-0.001916376052160879,0.029220051372745175,0.007795485310387259,0.016412015641354603,-0.015575520612575037,0.006911623253098489,0.012731054858623922,0.026173867771679467,0.0,"[0.05678979513303625, 1.2676084262416583, -0.9349968107595399, -0.13036683479999123, 1.4833706545479408, 1.0112688435157549, 0.05156688663574824, 1.5118083532294129, 0.9140770810808272]"
cube,275,/home/humanoid/Programs/hand/results/phase1/run_20260413_pollard_multiscene_500_run3/cube/generated_mjcf/scene_cube_tp0d0071p0d0185p0d0000_in0d0012n0d0020p0d0000_mp0d0187p0d0125p0d0095.xml,cube_s2,True,0.012,4.0,0.55,0.3,1.0,3.0,7.283442820627083,0.0494665715975076,6.0,0.007293368995552259,0.053219421811156006,0.00202112919585445,0.0002531231194467798,1.0,1.0,1.0,1.0,1.0,1.0,0.0,0.0025898188284011517,0.015126925172031735,0.007096762773567841,0.018535196712838996,0.0,-0.0012487005109433433,-0.0020060342785642327,0.0,0.018711648686793855,0.012456268016773565,0.009485944431065776,"[0.017223146151747647, 1.459904436214625, -1.196363758888488, -0.16288070789033632, 1.4786822661138344, 0.8783849268062217, 0.14840284864208186, 1.4237321528457243, 1.0573572983017683]"
cube,276,/home/humanoid/Programs/hand/results/phase1/run_20260413_pollard_multiscene_500_run3/cube/generated_mjcf/scene_cube_tn0d0045p0d0240p0d0000_ip0d0060n0d0088p0d0066_mp0d0014p0d0053p0d0000.xml,cube_s2,True,0.012,4.0,0.55,0.3,2.0,3.0,7.534976401572542,0.05131699973169772,7.0,0.004834987249654798,0.5425121652205455,0.00554088063121538,0.0,1.0,1.0,1.0,1.0,1.0,1.0,0.0,0.11632326458237337,0.04100648276964355,-0.004471530539230569,0.02395252102903216,0.0,0.006041774072952371,-0.008778636947116529,0.006612827788071422,0.0013904042544706126,0.005326566761932524,0.0,"[0.017223146151747647, 1.459904436214625, -1.196363758888488, -0.16288070789033632, 1.4786822661138344, 0.8783849268062217, 0.14840284864208186, 1.4237321528457243, 1.0573572983017683]"
cube,277,/home/humanoid/Programs/hand/results/phase1/run_20260413_pollard_multiscene_500_run3/cube/generated_mjcf/scene_cube_tn0d0085p0d0138p0d0102_ip0d0198n0d0095p0d0098_mp0d0050p0d0056p0d0000.xml,cube_s2,True,0.012,4.0,0.55,0.3,2.0,3.0,6.754625514783941,0.04870564268247844,5.0,0.005981499540058822,0.31075343882580747,0.003548715449175256,0.0017835173533763266,1.0,1.0,1.0,1.0,1.0,1.0,0.0,0.041786085728066025,0.014030755070363499,-0.00849020040187634,0.013832043402543716,0.010161341910743568,0.019754372950554135,-0.009469899963966253,0.009754122039431785,0.005023702370497475,0.005560181100361002,0.0,"[0.017223146151747647, 1.459904436214625, -1.196363758888488, -0.16288070789033632, 1.4786822661138344, 0.8783849268062217, 0.14840284864208186, 1.4237321528457243, 1.0573572983017683]"
cube,279,/home/humanoid/Programs/hand/results/phase1/run_20260413_pollard_multiscene_500_run3/cube/generated_mjcf/scene_cube_tp0d0107p0d0203p0d0035_in0d0017n0d0210p0d0076_mn0d0006p0d0043p0d0000.xml,cube_s2,True,0.012,4.0,0.55,0.3,1.0,3.0,7.159054205514662,0.04534863895210196,7.0,0.005118381189458648,0.9179082372708468,0.017890515254814835,0.0,1.0,1.0,1.0,1.0,1.0,1.0,0.0,0.12442803040084442,0.09690807581925755,0.010680652573989403,0.02028025196755389,0.0034878590242971314,-0.001651941370340004,-0.021006328028755378,0.007617746444018626,-0.0006043381044495855,0.004307480844639333,0.0,"[0.017223146151747647, 1.459904436214625, -1.196363758888488, -0.16288070789033632, 1.4786822661138344, 0.8783849268062217, 0.14840284864208186, 1.4237321528457243, 1.0573572983017683]"
cube,280,/home/humanoid/Programs/hand/results/phase1/run_20260413_pollard_multiscene_500_run3/cube/generated_mjcf/scene_cube_tn0d0078p0d0260p0d0040_ip0d0170n0d0060p0d0000_mp0d0039p0d0256p0d0009.xml,cube_s0,True,0.012,4.0,0.55,0.3,2.0,3.0,7.1147148708304275,0.04911745848021988,6.0,0.005138027908604262,0.627943240850329,0.0038058143214187525,0.0,1.0,1.0,1.0,1.0,1.0,1.0,0.0,0.0689102854550461,0.016366925297904084,-0.007815997886244007,0.026014632824952713,0.003963593641860802,0.01697867174625963,-0.006016436256747587,0.0,0.0039335958645995905,0.025588962022507003,0.0008507281091946969,"[0.05678979513303625, 1.2676084262416583, -0.9349968107595399, -0.13036683479999123, 1.4833706545479408, 1.0112688435157549, 0.05156688663574824, 1.5118083532294129, 0.9140770810808272]"
cube,281,/home/humanoid/Programs/hand/results/phase1/run_20260413_pollard_multiscene_500_run3/cube/generated_mjcf/scene_cube_tp0d0049p0d0300p0d0102_ip0d0202n0d0145p0d0009_mn0d0004p0d0044p0d0008.xml,cube_s2,True,0.012,4.0,0.55,0.3,2.0,3.0,7.308507831576564,0.049909055020948986,6.0,0.006951016668696225,0.0617406878645962,0.0011440954850362138,8.683414930311939e-05,1.0,1.0,1.0,1.0,1.0,1.0,0.0,0.002487795643856939,0.009503158587714925,0.0048956966144989775,0.03,0.01024569696703537,0.02024412345182712,-0.01445113637154469,0.0008572589896428326,-0.00038753717582618377,0.004445373004833839,0.0008281454690186804,"[0.017223146151747647, 1.459904436214625, -1.196363758888488, -0.16288070789033632, 1.4786822661138344, 0.8783849268062217, 0.14840284864208186, 1.4237321528457243, 1.0573572983017683]"
cube,283,/home/humanoid/Programs/hand/results/phase1/run_20260413_pollard_multiscene_500_run3/cube/generated_mjcf/scene_cube_tn0d0031p0d0201p0d0000_ip0d0055n0d0234p0d0000_mp0d0094p0d0053p0d0000.xml,cube_s2,True,0.012,4.0,0.55,0.3,1.0,3.0,7.045713644030109,0.050036423622302054,6.0,0.0048950691705935264,1.1031188030434729,0.006131456202374172,0.0,1.0,1.0,1.0,1.0,1.0,1.0,0.0,0.08134020884434967,0.024348555788318904,-0.0031127119824599214,0.02006981702162479,0.0,0.005466174877173833,-0.02337288165376357,0.0,0.009384004791361464,0.005280066378183639,0.0,"[0.017223146151747647, 1.459904436214625, -1.196363758888488, -0.16288070789033632, 1.4786822661138344, 0.8783849268062217, 0.14840284864208186, 1.4237321528457243, 1.0573572983017683]"
cube,284,/home/humanoid/Programs/hand/results/phase1/run_20260413_pollard_multiscene_500_run3/cube/generated_mjcf/scene_cube_tp0d0022p0d0287p0d0000_ip0d0067n0d0176p0d0000_mp0d0210p0d0137p0d0074.xml,cube_s2,True,0.012,4.0,0.55,0.3,1.0,3.0,7.253040990105106,0.04892577411094409,6.0,0.005122296801652301,0.12165260201798654,0.002800584462758397,5.5697691469347443e-05,1.0,1.0,1.0,1.0,1.0,1.0,0.0,0.009974508298928824,0.00684446499765029,0.002212310947044818,0.02869211517064582,0.0,0.006708244949966628,-0.01764560311344707,0.0,0.021043563899319072,0.01369403107788724,0.007426207120405568,"[0.017223146151747647, 1.459904436214625, -1.196363758888488, -0.16288070789033632, 1.4786822661138344, 0.8783849268062217, 0.14840284864208186, 1.4237321528457243, 1.0573572983017683]"
cube,286,/home/humanoid/Programs/hand/results/phase1/run_20260413_pollard_multiscene_500_run3/cube/generated_mjcf/scene_cube_tn0d0090p0d0210p0d0000_ip0d0172n0d0077p0d0024_mn0d0016p0d0134p0d0013.xml,cube_s1,True,0.012,4.0,0.55,0.3,3.0,3.0,7.344444684939566,0.0532444505615563,6.0,0.005551143036318667,0.13354954965532026,0.002751970530963956,0.00017641670105621177,1.0,1.0,1.0,1.0,1.0,1.0,0.0,0.03496322980952248,0.06876862557197423,-0.009001236509937414,0.02100112448579263,0.0,0.01721810354913557,-0.0077228019599049815,0.0023983580415141703,-0.0016289059240286,0.013441268146257172,0.0012518988941378137,"[0.06036170920245503, 1.2993465425771293, -1.1345514683028701, -0.1383249921310328, 1.4780464267210218, 1.1128198085346774, 0.0768344744793424, 1.5414267067782164, 1.0540476209430327]"
cube,287,/home/humanoid/Programs/hand/results/phase1/run_20260413_pollard_multiscene_500_run3/cube/generated_mjcf/scene_cube_tp0d0063p0d0162p0d0105_ip0d0087n0d0222p0d0000_mp0d0182p0d0078p0d0000.xml,cube_s2,True,0.012,4.0,0.55,0.3,2.0,3.0,6.668939390669812,0.04838333485458839,5.0,0.006708488131356084,0.9950278521497081,0.006197209197840111,0.0,1.0,1.0,1.0,1.0,1.0,1.0,0.0,0.012193072941312466,0.024859694054520636,0.00633181775487205,0.016181871156262087,0.010455111243500573,0.008714684321061249,-0.022231677971918745,0.0,0.018187127618197026,0.007814269022686898,0.0,"[0.017223146151747647, 1.459904436214625, -1.196363758888488, -0.16288070789033632, 1.4786822661138344, 0.8783849268062217, 0.14840284864208186, 1.4237321528457243, 1.0573572983017683]"
cube,289,/home/humanoid/Programs/hand/results/phase1/run_20260413_pollard_multiscene_500_run3/cube/generated_mjcf/scene_cube_tn0d0039p0d0085p0d0000_ip0d0189n0d0223p0d0000_mp0d0199p0d0232p0d0057.xml,cube_s2,True,0.012,4.0,0.55,0.3,2.0,3.0,7.365110914602602,0.052912800609572694,6.0,0.006483867750081109,0.1708347809127001,0.003992434123045836,0.0,1.0,1.0,1.0,1.0,1.0,1.0,0.0,0.008251596428318048,0.03207590585756539,-0.003870887941646299,0.008510068425696645,2.147707110125921e-05,0.01885922406736481,-0.022279129763833748,0.0,0.01991354447765125,0.02322728882972728,0.005719401483067134,"[0.017223146151747647, 1.459904436214625, -1.196363758888488, -0.16288070789033632, 1.4786822661138344, 0.8783849268062217, 0.14840284864208186, 1.4237321528457243, 1.0573572983017683]"
cube,291,/home/humanoid/Programs/hand/results/phase1/run_20260413_pollard_multiscene_500_run3/cube/generated_mjcf/scene_cube_tp0d0012p0d0285p0d0057_ip0d0219n0d0161p0d0004_mp0d0131p0d0037p0d0009.xml,cube_s2,True,0.012,4.0,0.55,0.3,2.0,3.0,7.32038317678884,0.05079030000195441,6.0,0.006118496002152096,0.047151215543495224,0.0012019412060793745,0.0,1.0,1.0,1.0,1.0,1.0,1.0,0.0,0.020409364026480872,0.02069327536155663,0.0011675607980005179,0.028504627364427576,0.005683773219259367,0.021921120502234,-0.0161110624862868,0.0003764815038989691,0.013144409882243904,0.003657131779178981,0.0009398724230132525,"[0.017223146151747647, 1.459904436214625, -1.196363758888488, -0.16288070789033632, 1.4786822661138344, 0.8783849268062217, 0.14840284864208186, 1.4237321528457243, 1.0573572983017683]"
cube,294,/home/humanoid/Programs/hand/results/phase1/run_20260413_pollard_multiscene_500_run3/cube/generated_mjcf/scene_cube_tn0d0035p0d0255p0d0092_ip0d0220n0d0182p0d0069_mp0d0073p0d0049p0d0000.xml,cube_s2,True,0.012,4.0,0.55,0.3,3.0,3.0,7.320284016899951,0.05079249999788253,6.0,0.006303315779792811,0.05631577979994825,0.0005791916094471658,0.0,1.0,1.0,1.0,1.0,1.0,1.0,0.0,0.020089298026036442,0.025670073627277985,-0.00351831237667977,0.025495617737661246,0.009156647508028078,0.021974611422218154,-0.01821873944673156,0.006935634176224802,0.007288732641296144,0.00493313314308352,0.0,"[0.017223146151747647, 1.459904436214625, -1.196363758888488, -0.16288070789033632, 1.4786822661138344, 0.8783849268062217, 0.14840284864208186, 1.4237321528457243, 1.0573572983017683]"
cube,295,/home/humanoid/Programs/hand/results/phase1/run_20260413_pollard_multiscene_500_run3/cube/generated_mjcf/scene_cube_tn0d0082p0d0253p0d0011_ip0d0016n0d0098p0d0000_mp0d0117p0d0116p0d0062.xml,cube_s2,True,0.012,4.0,0.55,0.3,1.0,3.0,7.222046017938085,0.05123291889617937,6.0,0.005319626984503366,0.31460892813910574,0.002451727154121752,0.0,1.0,1.0,1.0,1.0,1.0,1.0,0.0,0.07540626733492957,0.04631783995731995,-0.008178759147431179,0.025331847446003544,0.001087236685787342,0.0016476684369086982,-0.009787920706200234,0.0,0.011729520074112366,0.011553854061680871,0.006205224653234687,"[0.017223146151747647, 1.459904436214625, -1.196363758888488, -0.16288070789033632, 1.4786822661138344, 0.8783849268062217, 0.14840284864208186, 1.4237321528457243, 1.0573572983017683]"
cube,296,/home/humanoid/Programs/hand/results/phase1/run_20260413_pollard_multiscene_500_run3/cube/generated_mjcf/scene_cube_tn0d0002p0d0278p0d0000_ip0d0077n0d0177p0d0046_mp0d0203p0d0050p0d0020.xml,cube_s2,True,0.012,4.0,0.55,0.3,1.0,3.0,6.783688994208491,0.05034667533168627,5.0,0.005384253484397709,0.32168522658842313,0.0035032476780715413,0.0,1.0,1.0,1.0,1.0,1.0,1.0,0.0,0.07790921147937739,0.04098930779132596,-0.00015416017301602032,0.027773560750257678,0.0,0.007718942933178331,-0.017747004977604473,0.004648640008873196,0.02026589269461712,0.0049933181981731065,0.0020139967953742392,"[0.017223146151747647, 1.459904436214625, -1.196363758888488, -0.16288070789033632, 1.4786822661138344, 0.8783849268062217, 0.14840284864208186, 1.4237321528457243, 1.0573572983017683]"
cube,297,/home/humanoid/Programs/hand/results/phase1/run_20260413_pollard_multiscene_500_run3/cube/generated_mjcf/scene_cube_tp0d0008p0d0282p0d0000_ip0d0131n0d0171p0d0028_mp0d0177p0d0061p0d0041.xml,cube_s2,True,0.012,4.0,0.55,0.3,1.0,3.0,6.809655871987502,0.050424380700299434,5.0,0.005341466512472804,0.17264724544837476,0.0036133555681361544,0.0,1.0,1.0,1.0,1.0,1.0,1.0,0.0,0.07657679295001711,0.040721012643886965,0.000815779144444511,0.028211465826351836,0.0,0.013139347840734162,-0.01714673167083658,0.002803141927126355,0.0176961014806665,0.00614913157120987,0.0041202523988489136,"[0.017223146151747647, 1.459904436214625, -1.196363758888488, -0.16288070789033632, 1.4786822661138344, 0.8783849268062217, 0.14840284864208186, 1.4237321528457243, 1.0573572983017683]"
cube,298,/home/humanoid/Programs/hand/results/phase1/run_20260413_pollard_multiscene_500_run3/cube/generated_mjcf/scene_cube_tn0d0092p0d0267p0d0005_ip0d0126n0d0147p0d0000_mp0d0023p0d0230p0d0000.xml,cube_s0,True,0.012,4.0,0.55,0.3,3.0,3.0,6.903735269152802,0.05353233488164179,5.0,0.005802611217416158,0.20306237386786385,0.005719038859425826,0.0006863582601550344,1.0,1.0,1.0,1.0,1.0,1.0,0.0,0.047086412918001086,0.07638985598646708,-0.009185210927350775,0.0267390675875718,0.0005237638250960661,0.012588960759808959,-0.014729614321042037,0.0,0.0022573238581196304,0.022973699460279016,0.0,"[0.05678979513303625, 1.2676084262416583, -0.9349968107595399, -0.13036683479999123, 1.4833706545479408, 1.0112688435157549, 0.05156688663574824, 1.5118083532294129, 0.9140770810808272]"
cube,299,/home/humanoid/Programs/hand/results/phase1/run_20260413_pollard_multiscene_500_run3/cube/generated_mjcf/scene_cube_tp0d0025p0d0244p0d0000_ip0d0009n0d0205p0d0000_mp0d0095p0d0115p0d0000.xml,cube_s2,True,0.012,4.0,0.55,0.3,1.0,3.0,7.672170699313798,0.0493098054097388,7.0,0.004891346546360462,0.12064123427348257,0.0012467579134851229,2.1362566892585422e-05,1.0,1.0,1.0,1.0,1.0,1.0,0.0,0.01618314949106827,0.003747128037253078,0.0024576653184970546,0.02444624310989508,0.0,0.0008936360140304918,-0.02048514239956397,0.0,0.009460658705404006,0.011545983898964985,0.0,"[0.017223146151747647, 1.459904436214625, -1.196363758888488, -0.16288070789033632, 1.4786822661138344, 0.8783849268062217, 0.14840284864208186, 1.4237321528457243, 1.0573572983017683]"
cube,300,/home/humanoid/Programs/hand/results/phase1/run_20260413_pollard_multiscene_500_run3/cube/generated_mjcf/scene_cube_tp0d0094p0d0142p0d0000_ip0d0056n0d0181p0d0000_mp0d0037p0d0114p0d0014.xml,cube_s0,True,0.012,4.0,0.55,0.3,2.0,3.0,6.90371906614765,0.049562740312016976,5.0,0.0048699981216686365,0.0656170891954868,0.00035102635064026123,0.0001504723917104822,1.0,1.0,1.0,1.0,1.0,1.0,0.0,0.006872997413253718,0.0012189218653266276,0.009431031573822978,0.014164555004429542,0.0,0.00556078548670369,-0.018113495420479627,0.0,0.0036790674553866948,0.011413671818710076,0.0013515823514384066,"[0.05678979513303625, 1.2676084262416583, -0.9349968107595399, -0.13036683479999123, 1.4833706545479408, 1.0112688435157549, 0.05156688663574824, 1.5118083532294129, 0.9140770810808272]"
cube,302,/home/humanoid/Programs/hand/results/phase1/run_20260413_pollard_multiscene_500_run3/cube/generated_mjcf/scene_cube_tp0d0000p0d0103p0d0000_ip0d0142n0d0186p0d0027_mp0d0106p0d0161p0d0096.xml,cube_s2,True,0.012,4.0,0.55,0.3,1.0,3.0,5.022971762941438,0.04518218467574653,4.0,0.007962478910670185,0.3128200318989,0.006247986450822048,0.0017316098170634259,1.0,1.0,0.6694444444444444,1.0,0.6694444444444444,0.6694444444444444,0.3305555555555556,0.025261190599352373,0.044056621988938095,1.52762690730536e-05,0.010318728597676494,0.0,0.014179465942471577,-0.018579129172113917,0.0026778249323777814,0.010603298595188203,0.01606071650706425,0.009598355773355983,"[0.017223146151747647, 1.459904436214625, -1.196363758888488, -0.16288070789033632, 1.4786822661138344, 0.8783849268062217, 0.14840284864208186, 1.4237321528457243, 1.0573572983017683]"
cube,303,/home/humanoid/Programs/hand/results/phase1/run_20260413_pollard_multiscene_500_run3/cube/generated_mjcf/scene_cube_tn0d0006p0d0299p0d0024_ip0d0158n0d0130p0d0032_mp0d0196p0d0175p0d0047.xml,cube_s2,True,0.012,4.0,0.55,0.3,1.0,3.0,7.244169114943445,0.04839073266230424,6.0,0.0051523691452108325,0.07433102193764105,0.002815485989350951,6.619267095456238e-05,1.0,1.0,1.0,1.0,1.0,1.0,0.0,0.007773331200195416,0.005183154936759045,-0.0006492769847098907,0.02993058211149897,0.0024320889008549503,0.015814892357657186,-0.012996192315159852,0.0032236038815142646,0.01957732412686703,0.017459229331558596,0.004744712311283861,"[0.017223146151747647, 1.459904436214625, -1.196363758888488, -0.16288070789033632, 1.4786822661138344, 0.8783849268062217, 0.14840284864208186, 1.4237321528457243, 1.0573572983017683]"
cube,304,/home/humanoid/Programs/hand/results/phase1/run_20260413_pollard_multiscene_500_run3/cube/generated_mjcf/scene_cube_tn0d0073p0d0099p0d0109_ip0d0024n0d0168p0d0000_mp0d0176p0d0104p0d0000.xml,cube_s2,True,0.012,4.0,0.55,0.3,1.0,3.0,7.24239557785714,0.050176822500779025,6.0,0.006404206818177763,0.03620455219008228,0.005043643134381542,0.00041788313047783077,1.0,1.0,1.0,1.0,1.0,1.0,0.0,0.04187348106416697,0.0368083515381348,-0.007345071008401084,0.009886281658711714,0.010869095264022344,0.0023958161156247305,-0.016778462015203797,0.0,0.017608854890141502,0.010419729150589387,0.0,"[0.017223146151747647, 1.459904436214625, -1.196363758888488, -0.16288070789033632, 1.4786822661138344, 0.8783849268062217, 0.14840284864208186, 1.4237321528457243, 1.0573572983017683]"
cube,305,/home/humanoid/Programs/hand/results/phase1/run_20260413_pollard_multiscene_500_run3/cube/generated_mjcf/scene_cube_tn0d0017p0d0278p0d0000_ip0d0108n0d0074p0d0000_mp0d0189p0d0124p0d0050.xml,cube_s2,True,0.012,4.0,0.55,0.3,1.0,3.0,7.561030435173778,0.04936239684847615,7.0,0.005055492697520577,0.4479532301069064,0.0025225510920440113,0.0,1.0,1.0,1.0,1.0,1.0,1.0,0.0,0.06456738705217659,0.019293582014740147,-0.0017408261094735249,0.02780418736313567,0.0,0.010806585740967002,-0.007403030916256078,0.0,0.018940815263508597,0.012449759166334423,0.004967160545407856,"[0.017223146151747647, 1.459904436214625, -1.196363758888488, -0.16288070789033632, 1.4786822661138344, 0.8783849268062217, 0.14840284864208186, 1.4237321528457243, 1.0573572983017683]"
cube,306,/home/humanoid/Programs/hand/results/phase1/run_20260413_pollard_multiscene_500_run3/cube/generated_mjcf/scene_cube_tn0d0079p0d0113p0d0032_ip0d0083n0d0113p0d0028_mp0d0048p0d0150p0d0082.xml,cube_s2,True,0.012,4.0,0.55,0.3,1.0,3.0,6.9048668047057165,0.051289944808146304,5.0,0.006883513862600582,0.09405544190568502,0.0028986104572910052,0.0002674319513756296,1.0,1.0,1.0,1.0,1.0,1.0,0.0,0.025699497028382243,0.032211152759427764,-0.007949520028345206,0.011271730882256381,0.0032166078755245537,0.008321369537602857,-0.011341325591897251,0.002798662953598284,0.004750780215009746,0.015028930993629836,0.008184510983442563,"[0.017223146151747647, 1.459904436214625, -1.196363758888488, -0.16288070789033632, 1.4786822661138344, 0.8783849268062217, 0.14840284864208186, 1.4237321528457243, 1.0573572983017683]"
cube,307,/home/humanoid/Programs/hand/results/phase1/run_20260413_pollard_multiscene_500_run3/cube/generated_mjcf/scene_cube_tn0d0098p0d0217p0d0079_in0d0015n0d0071p0d0000_mp0d0060p0d0034p0d0000.xml,cube_s2,True,0.012,4.0,0.55,0.3,3.0,3.0,7.258396564480809,0.0506168706856122,6.0,0.005485315391112122,0.18649508552467456,0.0025100172806481824,0.0,1.0,1.0,1.0,1.0,1.0,1.0,0.0,0.04512963037147663,0.028118563698652843,-0.009827285635849593,0.02170943168948314,0.007877523590710374,-0.0015025136139426767,-0.007128947369585482,0.0,0.005975776518227791,0.0033902886812089104,0.0,"[0.017223146151747647, 1.459904436214625, -1.196363758888488, -0.16288070789033632, 1.4786822661138344, 0.8783849268062217, 0.14840284864208186, 1.4237321528457243, 1.0573572983017683]"
cube,308,/home/humanoid/Programs/hand/results/phase1/run_20260413_pollard_multiscene_500_run3/cube/generated_mjcf/scene_cube_tp0d0080p0d0099p0d0100_ip0d0083n0d0124p0d0000_mp0d0204p0d0081p0d0067.xml,cube_s2,True,0.012,4.0,0.55,0.3,1.0,3.0,5.937832287412576,0.05113869985234784,5.0,0.007585335171569071,0.3139200349488814,0.005215556795828559,0.0,1.0,0.7388888888888889,1.0,1.0,0.7388888888888889,0.7388888888888889,0.26111111111111107,0.011376348324183572,0.014187685469944736,0.008045744352287637,0.009924409482811916,0.010004463148808145,0.008321769141601697,-0.012432880866341435,0.0,0.020448835772659782,0.008050915200431705,0.006698114743253256,"[0.017223146151747647, 1.459904436214625, -1.196363758888488, -0.16288070789033632, 1.4786822661138344, 0.8783849268062217, 0.14840284864208186, 1.4237321528457243, 1.0573572983017683]"
cube,309,/home/humanoid/Programs/hand/results/phase1/run_20260413_pollard_multiscene_500_run3/cube/generated_mjcf/scene_cube_tp0d0006p0d0156p0d0043_ip0d0170n0d0032p0d0000_mn0d0016p0d0098p0d0000.xml,cube_s1,True,0.012,4.0,0.55,0.3,2.0,3.0,7.303952438665124,0.049993652153288215,6.0,0.0050460997294452335,0.0833712122741759,0.0008141863785658527,4.421787419657541e-05,1.0,1.0,1.0,1.0,1.0,1.0,0.0,0.016388254157013327,0.0028470369623577,0.0006324874825023377,0.015565669750556,0.004280500788737374,0.01702967036535663,-0.003212690244973523,0.0,-0.0015568809700233412,0.009816366677282138,0.0,"[0.06036170920245503, 1.2993465425771293, -1.1345514683028701, -0.1383249921310328, 1.4780464267210218, 1.1128198085346774, 0.0768344744793424, 1.5414267067782164, 1.0540476209430327]"
cube,311,/home/humanoid/Programs/hand/results/phase1/run_20260413_pollard_multiscene_500_run3/cube/generated_mjcf/scene_cube_tp0d0077p0d0213p0d0000_ip0d0067n0d0177p0d0000_mp0d0136p0d0232p0d0066.xml,cube_s2,True,0.012,4.0,0.55,0.3,2.0,3.0,6.819165246742172,0.04872459034592411,5.0,0.007147697177882744,0.18258839681056732,0.0009513413937460092,0.0009785142992181917,1.0,1.0,1.0,1.0,1.0,1.0,0.0,0.011560815297659163,0.03100145247413209,0.007722806132150154,0.0212672107537325,0.0,0.006708439125286188,-0.01768278883160991,0.0,0.013597774653776856,0.02318175674415248,0.006585795630331487,"[0.017223146151747647, 1.459904436214625, -1.196363758888488, -0.16288070789033632, 1.4786822661138344, 0.8783849268062217, 0.14840284864208186, 1.4237321528457243, 1.0573572983017683]"
cube,312,/home/humanoid/Programs/hand/results/phase1/run_20260413_pollard_multiscene_500_run3/cube/generated_mjcf/scene_cube_tn0d0047p0d0189p0d0000_ip0d0068n0d0135p0d0117_mn0d0001p0d0131p0d0100.xml,cube_s2,True,0.012,4.0,0.55,0.3,2.0,3.0,6.800836671412863,0.05146454997986091,5.0,0.005155328275671815,0.37485411435096483,0.004849991944060907,0.0,1.0,1.0,1.0,1.0,1.0,1.0,0.0,0.07822698736375877,0.05311373030031232,-0.004651619836714396,0.01889458981639476,0.0,0.006801718080759659,-0.013513747501689115,0.011741231741499061,-6.2609699756749e-05,0.013108661014776889,0.009980013606161506,"[0.017223146151747647, 1.459904436214625, -1.196363758888488, -0.16288070789033632, 1.4786822661138344, 0.8783849268062217, 0.14840284864208186, 1.4237321528457243, 1.0573572983017683]"
cube,313,/home/humanoid/Programs/hand/results/phase1/run_20260413_pollard_multiscene_500_run3/cube/generated_mjcf/scene_cube_tp0d0019p0d0166p0d0062_ip0d0215n0d0063p0d0099_mp0d0115p0d0105p0d0000.xml,cube_s0,True,0.012,4.0,0.55,0.3,3.0,3.0,7.178367719856857,0.04949069981106821,6.0,0.0051336048234813456,0.4385507348713496,0.0036170424568260176,0.0,1.0,1.0,1.0,1.0,1.0,1.0,0.0,0.0500755248522086,0.011958348119400608,0.00188150996737463,0.016611986811592466,0.006167499459807459,0.021545797553132913,-0.0062979771976450025,0.009870655241977857,0.011538791927578068,0.010523092295829746,0.0,"[0.05678979513303625, 1.2676084262416583, -0.9349968107595399, -0.13036683479999123, 1.4833706545479408, 1.0112688435157549, 0.05156688663574824, 1.5118083532294129, 0.9140770810808272]"
cube,315,/home/humanoid/Programs/hand/results/phase1/run_20260413_pollard_multiscene_500_run3/cube/generated_mjcf/scene_cube_tp0d0064p0d0238p0d0094_ip0d0005n0d0077p0d0049_mp0d0093p0d0079p0d0000.xml,cube_s2,True,0.012,4.0,0.55,0.3,1.0,3.0,7.267433385157692,0.05106987366845457,6.0,0.005620410795244587,0.14793264044703758,0.004077162554779963,0.00025933089416646515,1.0,1.0,1.0,1.0,1.0,1.0,0.0,0.035594591668195556,0.046823875707601416,0.0064418262025862545,0.02382512857639519,0.00940930945286447,0.00048046698538742154,-0.007686655858078829,0.0048819928150873465,0.009300887477728203,0.007930482920113783,0.0,"[0.017223146151747647, 1.459904436214625, -1.196363758888488, -0.16288070789033632, 1.4786822661138344, 0.8783849268062217, 0.14840284864208186, 1.4237321528457243, 1.0573572983017683]"
cube,316,/home/humanoid/Programs/hand/results/phase1/run_20260413_pollard_multiscene_500_run3/cube/generated_mjcf/scene_cube_tn0d0115p0d0253p0d0117_ip0d0184n0d0124p0d0051_mp0d0057p0d0116p0d0000.xml,cube_s1,True,0.012,4.0,0.55,0.3,3.0,3.0,7.315418441937377,0.050460159762030776,6.0,0.006855695123443231,0.04641295595244897,0.0026864550038168487,0.0,1.0,1.0,1.0,1.0,1.0,1.0,0.0,0.005612518712608758,0.016565134716872598,-0.01153915658107725,0.02525757396028391,0.011696646168133377,0.01838982063075531,-0.012416862666044394,0.0051363310784403,0.005702156030744071,0.011579754501194703,0.0,"[0.06036170920245503, 1.2993465425771293, -1.1345514683028701, -0.1383249921310328, 1.4780464267210218, 1.1128198085346774, 0.0768344744793424, 1.5414267067782164, 1.0540476209430327]"
cube,318,/home/humanoid/Programs/hand/results/phase1/run_20260413_pollard_multiscene_500_run3/cube/generated_mjcf/scene_cube_tn0d0008p0d0285p0d0000_ip0d0181n0d0055p0d0113_mp0d0049p0d0175p0d0094.xml,cube_s2,True,0.012,4.0,0.55,0.3,1.0,3.0,7.663812330781202,0.04820158517218371,7.0,0.00488672251873738,0.0073280582346468975,0.0015884744306217883,4.6444302883058564e-05,1.0,1.0,1.0,1.0,1.0,1.0,0.0,0.0005855226849733932,0.003393591138510584,-0.0007991071536155043,0.028521730512058856,0.0,0.018104248858999188,-0.0055495038070125634,0.011304519771684587,0.004939634569660372,0.01750550322546427,0.00944290843747896,"[0.017223146151747647, 1.459904436214625, -1.196363758888488, -0.16288070789033632, 1.4786822661138344, 0.8783849268062217, 0.14840284864208186, 1.4237321528457243, 1.0573572983017683]"
cube,319,/home/humanoid/Programs/hand/results/phase1/run_20260413_pollard_multiscene_500_run3/cube/generated_mjcf/scene_cube_tn0d0114p0d0278p0d0076_ip0d0136n0d0104p0d0110_mp0d0075p0d0127p0d0000.xml,cube_s1,True,0.012,4.0,0.55,0.3,3.0,3.0,7.320205268827006,0.05059185314500446,6.0,0.007189620683618957,0.1119884557470333,0.00022171537380578183,0.0,1.0,1.0,1.0,1.0,1.0,1.0,0.0,0.006361011258305432,0.023281556035435025,-0.011445896831030486,0.027757158118331206,0.007576657359126732,0.013615579827387526,-0.010422462196609672,0.010966467574557982,0.007487582063668523,0.012685536033825195,0.0,"[0.06036170920245503, 1.2993465425771293, -1.1345514683028701, -0.1383249921310328, 1.4780464267210218, 1.1128198085346774, 0.0768344744793424, 1.5414267067782164, 1.0540476209430327]"
cube,320,/home/humanoid/Programs/hand/results/phase1/run_20260413_pollard_multiscene_500_run3/cube/generated_mjcf/scene_cube_tp0d0001p0d0249p0d0000_ip0d0084n0d0198p0d0012_mp0d0031p0d0182p0d0115.xml,cube_s2,True,0.012,4.0,0.55,0.3,1.0,3.0,6.784626843212091,0.04878560182365338,5.0,0.004772085832521551,0.35791048199952125,0.002977297474781431,0.0,1.0,1.0,1.0,1.0,1.0,1.0,0.0,0.03687346585749407,0.009802451889247369,8.954728212805067e-05,0.024914219423403595,0.0,0.008395253473563848,-0.019782085431134792,0.001188773655904564,0.003118490355633805,0.01823278586840313,0.011516234631798659,"[0.017223146151747647, 1.459904436214625, -1.196363758888488, -0.16288070789033632, 1.4786822661138344, 0.8783849268062217, 0.14840284864208186, 1.4237321528457243, 1.0573572983017683]"
cube,321,/home/humanoid/Programs/hand/results/phase1/run_20260413_pollard_multiscene_500_run3/cube/generated_mjcf/scene_cube_tn0d0013p0d0117p0d0118_ip0d0074n0d0123p0d0090_mp0d0150p0d0145p0d0087.xml,cube_s2,True,0.012,4.0,0.55,0.3,1.0,3.0,7.3354059129684615,0.05188797082374631,6.0,0.006845546418324582,0.17302765886371058,0.0016419494214086538,0.0,1.0,1.0,1.0,1.0,1.0,1.0,0.0,0.017764537664051883,0.026823180007902143,-0.001308658303988297,0.011653899807619073,0.011821212937761724,0.007362602192389317,-0.012304450227773395,0.008964639002801485,0.015002142222784778,0.014468169728742031,0.008710735090992145,"[0.017223146151747647, 1.459904436214625, -1.196363758888488, -0.16288070789033632, 1.4786822661138344, 0.8783849268062217, 0.14840284864208186, 1.4237321528457243, 1.0573572983017683]"
cube,323,/home/humanoid/Programs/hand/results/phase1/run_20260413_pollard_multiscene_500_run3/cube/generated_mjcf/scene_cube_tp0d0081p0d0269p0d0000_ip0d0112n0d0055p0d0000_mp0d0096p0d0212p0d0087.xml,cube_s2,True,0.012,4.0,0.55,0.3,3.0,3.0,7.250657545557331,0.05033148434798917,6.0,0.0059425154203662555,0.049468820067873155,0.001174248823010936,0.0005230509373835152,1.0,1.0,1.0,1.0,1.0,1.0,0.0,0.045294836239574955,0.06604422469026854,0.00813622723758739,0.02693502410071081,0.0,0.01122972183519072,-0.005485220463176647,0.0,0.009644899104903461,0.021191839480777783,0.008677349853667724,"[0.017223146151747647, 1.459904436214625, -1.196363758888488, -0.16288070789033632, 1.4786822661138344, 0.8783849268062217, 0.14840284864208186, 1.4237321528457243, 1.0573572983017683]"
cube,324,/home/humanoid/Programs/hand/results/phase1/run_20260413_pollard_multiscene_500_run3/cube/generated_mjcf/scene_cube_tn0d0026p0d0281p0d0075_ip0d0008n0d0082p0d0078_mp0d0181p0d0133p0d0000.xml,cube_s2,True,0.012,4.0,0.55,0.3,1.0,3.0,7.248719613056049,0.050564948586310735,6.0,0.005381832026397751,0.21033699423092886,0.0019057016028031567,0.0,1.0,1.0,1.0,1.0,1.0,1.0,0.0,0.053308374957524364,0.027993579406098035,-0.0025535037194383426,0.028090796303613122,0.007496013422198744,0.0008469494520518955,-0.008247890943094081,0.007770600095958501,0.018089058927950784,0.013335725450952287,0.0,"[0.017223146151747647, 1.459904436214625, -1.196363758888488, -0.16288070789033632, 1.4786822661138344, 0.8783849268062217, 0.14840284864208186, 1.4237321528457243, 1.0573572983017683]"
cube,325,/home/humanoid/Programs/hand/results/phase1/run_20260413_pollard_multiscene_500_run3/cube/generated_mjcf/scene_cube_tn0d0079p0d0285p0d0000_ip0d0173n0d0097p0d0000_mp0d0081p0d0227p0d0089.xml,cube_s2,True,0.012,4.0,0.55,0.3,3.0,3.0,7.640011090244776,0.04890489757872231,7.0,0.00513837091819809,0.16575398328445098,0.0020308925158632634,9.342967247735756e-06,1.0,1.0,1.0,1.0,1.0,1.0,0.0,0.021248989017598165,0.005948051923378883,-0.007900998183171592,0.028461975548615688,0.0,0.0173396267945565,-0.009702377578495812,0.0,0.008072663714616258,0.022662028751065037,0.00888291847390046,"[0.017223146151747647, 1.459904436214625, -1.196363758888488, -0.16288070789033632, 1.4786822661138344, 0.8783849268062217, 0.14840284864208186, 1.4237321528457243, 1.0573572983017683]"
cube,326,/home/humanoid/Programs/hand/results/phase1/run_20260413_pollard_multiscene_500_run3/cube/generated_mjcf/scene_cube_tn0d0035p0d0267p0d0000_ip0d0107n0d0210p0d0111_mp0d0148p0d0118p0d0111.xml,cube_s2,True,0.012,4.0,0.55,0.3,1.0,3.0,7.477945000312965,0.04750941353755944,7.0,0.005113502103767365,0.5000152924691613,0.004277945571731592,0.0,1.0,1.0,1.0,1.0,1.0,1.0,0.0,0.06455049277946044,0.018874018427714467,-0.003533623127589605,0.026731347887872518,0.0,0.010690380991547288,-0.020978203527313694,0.011098976169596233,0.014760888567753044,0.011807899356923335,0.011073309227867714,"[0.017223146151747647, 1.459904436214625, -1.196363758888488, -0.16288070789033632, 1.4786822661138344, 0.8783849268062217, 0.14840284864208186, 1.4237321528457243, 1.0573572983017683]"
cube,327,/home/humanoid/Programs/hand/results/phase1/run_20260413_pollard_multiscene_500_run3/cube/generated_mjcf/scene_cube_tn0d0096p0d0188p0d0000_ip0d0218n0d0222p0d0007_mp0d0033p0d0200p0d0000.xml,cube_s1,True,0.012,4.0,0.55,0.3,2.0,3.0,7.287591619291407,0.05125881460121322,6.0,0.005609450207457854,0.1297947855315601,0.0016560354584339624,0.00036153844379961664,1.0,1.0,1.0,1.0,1.0,1.0,0.0,0.032695404721494084,0.05761738941742567,-0.009595366623260122,0.01878011746178313,0.0,0.021818345211544216,-0.022176840567284622,0.0006623215727734454,0.003348031358619709,0.0199913049273912,0.0,"[0.06036170920245503, 1.2993465425771293, -1.1345514683028701, -0.1383249921310328, 1.4780464267210218, 1.1128198085346774, 0.0768344744793424, 1.5414267067782164, 1.0540476209430327]"
cube,330,/home/humanoid/Programs/hand/results/phase1/run_20260413_pollard_multiscene_500_run3/cube/generated_mjcf/scene_cube_tp0d0012p0d0220p0d0000_ip0d0100n0d0063p0d0000_mp0d0203p0d0048p0d0067.xml,cube_s1,True,0.012,4.0,0.55,0.3,3.0,3.0,7.321025947067688,0.053989328878545656,6.0,0.005412619523437783,0.2510303954912949,0.010768485404813719,0.0,1.0,1.0,1.0,1.0,1.0,1.0,0.0,0.016318467268466436,0.0783827712269846,0.0011619052935394787,0.02198154952224422,0.0,0.010006750836922313,-0.00630390758965616,0.0,0.020289449585461555,0.00482267330029755,0.0067198073775174595,"[0.06036170920245503, 1.2993465425771293, -1.1345514683028701, -0.1383249921310328, 1.4780464267210218, 1.1128198085346774, 0.0768344744793424, 1.5414267067782164, 1.0540476209430327]"
cube,331,/home/humanoid/Programs/hand/results/phase1/run_20260413_pollard_multiscene_500_run3/cube/generated_mjcf/scene_cube_tn0d0027p0d0150p0d0084_ip0d0177n0d0097p0d0000_mp0d0170p0d0069p0d0000.xml,cube_s2,True,0.012,4.0,0.55,0.3,2.0,3.0,6.884291928939826,0.0504674012591569,5.0,0.00664785088204702,0.09964427688143093,0.005690585445265004,0.0,1.0,1.0,1.0,1.0,1.0,1.0,0.0,0.010253486257239616,0.018855545811057955,-0.002713056137300246,0.015047473530995125,0.008388906810753879,0.017701611177966994,-0.009731410258570987,0.0,0.016950502084496825,0.006916460763485068,0.0,"[0.017223146151747647, 1.459904436214625, -1.196363758888488, -0.16288070789033632, 1.4786822661138344, 0.8783849268062217, 0.14840284864208186, 1.4237321528457243, 1.0573572983017683]"
cube,332,/home/humanoid/Programs/hand/results/phase1/run_20260413_pollard_multiscene_500_run3/cube/generated_mjcf/scene_cube_tn0d0019p0d0118p0d0000_ip0d0068n0d0209p0d0000_mp0d0212p0d0050p0d0000.xml,cube_s2,True,0.012,4.0,0.55,0.3,2.0,3.0,6.87393270857455,0.05056266267667441,5.0,0.006979439774000103,0.1361928972023535,0.004230693628596401,0.0,1.0,1.0,1.0,1.0,1.0,1.0,0.0,0.02384138116761562,0.024294256083014054,-0.001889452119322092,0.01181647096069391,0.0,0.006823353134024076,-0.02085869245877052,0.0,0.02117244026049945,0.004950164100262918,0.0,"[0.017223146151747647, 1.459904436214625, -1.196363758888488, -0.16288070789033632, 1.4786822661138344, 0.8783849268062217, 0.14840284864208186, 1.4237321528457243, 1.0573572983017683]"
cube,333,/home/humanoid/Programs/hand/results/phase1/run_20260413_pollard_multiscene_500_run3/cube/generated_mjcf/scene_cube_tp0d0112p0d0300p0d0000_ip0d0005n0d0097p0d0000_mp0d0208p0d0064p0d0067.xml,cube_s2,True,0.012,4.0,0.55,0.3,1.0,3.0,7.670763765485519,0.04949150732016236,7.0,0.004967763720971647,0.145104348240362,0.0008076166856359527,0.00010618748028097535,1.0,1.0,1.0,1.0,1.0,1.0,0.0,0.022181837618216432,0.002872047093525306,0.011202755167296092,0.03,0.0,0.0004669455567414202,-0.009692153771668413,0.0,0.020849368803635138,0.006380048934200433,0.00667720340698667,"[0.017223146151747647, 1.459904436214625, -1.196363758888488, -0.16288070789033632, 1.4786822661138344, 0.8783849268062217, 0.14840284864208186, 1.4237321528457243, 1.0573572983017683]"
cube,334,/home/humanoid/Programs/hand/results/phase1/run_20260413_pollard_multiscene_500_run3/cube/generated_mjcf/scene_cube_tn0d0114p0d0130p0d0000_ip0d0019n0d0052p0d0000_mp0d0091p0d0064p0d0066.xml,cube_s1,True,0.012,4.0,0.55,0.3,3.0,3.0,7.42610791920371,0.05542196005448105,6.0,0.00679107297503857,0.20243511951668847,0.00874282242032009,0.0,1.0,1.0,1.0,1.0,1.0,1.0,0.0,0.0031627469879876844,0.02818717463127914,-0.01140397248650568,0.012983670777011624,0.0,0.0019462550481140154,-0.005220710672423688,0.0,0.009057911829031907,0.006404210442186477,0.006624372677912969,"[0.06036170920245503, 1.2993465425771293, -1.1345514683028701, -0.1383249921310328, 1.4780464267210218, 1.1128198085346774, 0.0768344744793424, 1.5414267067782164, 1.0540476209430327]"
cube,336,/home/humanoid/Programs/hand/results/phase1/run_20260413_pollard_multiscene_500_run3/cube/generated_mjcf/scene_cube_tn0d0066p0d0208p0d0023_ip0d0030n0d0067p0d0010_mp0d0138p0d0142p0d0000.xml,cube_s2,True,0.012,4.0,0.55,0.3,2.0,3.0,7.332510634431328,0.051028863703519944,6.0,0.00599321501474289,0.04703221986581248,0.0010245769120991802,0.0,1.0,1.0,1.0,1.0,1.0,1.0,0.0,0.017563737835089,0.021494265749657238,-0.006642095641111072,0.02081411063117996,0.002308337593864543,0.0030298237844472537,-0.0067284737315375116,0.0010158043909346739,0.013761813687847584,0.014173649887952638,0.0,"[0.017223146151747647, 1.459904436214625, -1.196363758888488, -0.16288070789033632, 1.4786822661138344, 0.8783849268062217, 0.14840284864208186, 1.4237321528457243, 1.0573572983017683]"
cube,337,/home/humanoid/Programs/hand/results/phase1/run_20260413_pollard_multiscene_500_run3/cube/generated_mjcf/scene_cube_tn0d0070p0d0294p0d0000_ip0d0040n0d0156p0d0114_mp0d0112p0d0068p0d0081.xml,cube_s2,True,0.012,4.0,0.55,0.3,1.0,3.0,6.773088025396196,0.049201386114785944,5.0,0.0054261902498318375,0.3137310209867633,0.001101228737369349,0.0,1.0,1.0,1.0,1.0,1.0,1.0,0.0,0.06660156438521637,0.0356790363284053,-0.006956747186821582,0.029398900065403025,0.0,0.003984885547102787,-0.015574913925978328,0.01135327078186936,0.0112451678372824,0.00680799543957882,0.00814876798180321,"[0.017223146151747647, 1.459904436214625, -1.196363758888488, -0.16288070789033632, 1.4786822661138344, 0.8783849268062217, 0.14840284864208186, 1.4237321528457243, 1.0573572983017683]"
cube,339,/home/humanoid/Programs/hand/results/phase1/run_20260413_pollard_multiscene_500_run3/cube/generated_mjcf/scene_cube_tn0d0075p0d0268p0d0000_ip0d0212n0d0117p0d0017_mp0d0169p0d0196p0d0087.xml,cube_s1,True,0.012,4.0,0.55,0.3,3.0,3.0,7.283395470529285,0.05410664198654851,6.0,0.004957945578083979,0.1399545341229696,0.006443767562349512,0.0,1.0,1.0,1.0,1.0,1.0,1.0,0.0,0.10728679127274014,0.06695706215692399,-0.007505012447623186,0.026817010391516204,0.0,0.021180726780211788,-0.011701865470623995,0.0017297003294388935,0.01690814857663346,0.019635980232701793,0.008694664916698357,"[0.06036170920245503, 1.2993465425771293, -1.1345514683028701, -0.1383249921310328, 1.4780464267210218, 1.1128198085346774, 0.0768344744793424, 1.5414267067782164, 1.0540476209430327]"
cube,340,/home/humanoid/Programs/hand/results/phase1/run_20260413_pollard_multiscene_500_run3/cube/generated_mjcf/scene_cube_tn0d0089p0d0199p0d0011_ip0d0006n0d0067p0d0000_mp0d0129p0d0240p0d0050.xml,cube_s2,True,0.012,4.0,0.55,0.3,3.0,3.0,7.290440592750644,0.04964242649311724,6.0,0.006751110898363188,0.049057367420779076,0.0006576084360563252,0.0004758616271236804,1.0,1.0,1.0,1.0,1.0,1.0,0.0,0.00889664912724505,0.015261736659099486,-0.008943930668215156,0.019893443515087306,0.0011394523105425092,0.0006194110623995754,-0.0067171175287213895,0.0,0.0128836743692138,0.024020869251295048,0.005002433427568752,"[0.017223146151747647, 1.459904436214625, -1.196363758888488, -0.16288070789033632, 1.4786822661138344, 0.8783849268062217, 0.14840284864208186, 1.4237321528457243, 1.0573572983017683]"
cube,341,/home/humanoid/Programs/hand/results/phase1/run_20260413_pollard_multiscene_500_run3/cube/generated_mjcf/scene_cube_tp0d0065p0d0150p0d0000_ip0d0202n0d0150p0d0000_mp0d0011p0d0194p0d0000.xml,cube_s1,True,0.012,4.0,0.55,0.3,3.0,3.0,7.711503052175342,0.0498585917575054,7.0,0.005183545533203839,0.05359802760618737,0.0003963304793761474,0.00011309295146186282,1.0,1.0,1.0,1.0,1.0,1.0,0.0,0.010911766200283482,0.00098799927185661,0.006507212909486602,0.015027581047463462,0.0,0.020156862280520417,-0.01496351955724431,0.0,0.0011219360405519772,0.01935862038652124,0.0,"[0.06036170920245503, 1.2993465425771293, -1.1345514683028701, -0.1383249921310328, 1.4780464267210218, 1.1128198085346774, 0.0768344744793424, 1.5414267067782164, 1.0540476209430327]"
cube,342,/home/humanoid/Programs/hand/results/phase1/run_20260413_pollard_multiscene_500_run3/cube/generated_mjcf/scene_cube_tn0d0081p0d0289p0d0000_ip0d0121n0d0179p0d0000_mp0d0200p0d0219p0d0064.xml,cube_s2,True,0.012,4.0,0.55,0.3,1.0,3.0,6.879892425195006,0.04934236397243029,5.0,0.005612262719367455,0.07675389493699622,0.0005123719431707435,0.0,1.0,1.0,1.0,1.0,1.0,1.0,0.0,0.018800223715692444,0.00495649757210459,-0.008051427805028825,0.02886692052460529,0.0,0.012141767184511945,-0.01791190965341013,0.0,0.020017298166074934,0.021877670546203383,0.006426175172369965,"[0.017223146151747647, 1.459904436214625, -1.196363758888488, -0.16288070789033632, 1.4786822661138344, 0.8783849268062217, 0.14840284864208186, 1.4237321528457243, 1.0573572983017683]"
cube,343,/home/humanoid/Programs/hand/results/phase1/run_20260413_pollard_multiscene_500_run3/cube/generated_mjcf/scene_cube_tn0d0098p0d0106p0d0065_ip0d0095n0d0040p0d0000_mp0d0131p0d0097p0d0000.xml,cube_s2,True,0.012,4.0,0.55,0.3,1.0,3.0,7.325347469324493,0.0500553056922056,6.0,0.006653463685705008,0.020807155959137017,0.000335164904724596,7.099858711004381e-05,1.0,1.0,1.0,1.0,1.0,1.0,0.0,0.004871807727799669,0.0048508978719095834,-0.009778413672119911,0.010568644417599148,0.0065004416383117325,0.00948534701199422,-0.003980168261011845,0.0,0.013100657311756773,0.00972194969587966,0.0,"[0.017223146151747647, 1.459904436214625, -1.196363758888488, -0.16288070789033632, 1.4786822661138344, 0.8783849268062217, 0.14840284864208186, 1.4237321528457243, 1.0573572983017683]"
cube,344,/home/humanoid/Programs/hand/results/phase1/run_20260413_pollard_multiscene_500_run3/cube/generated_mjcf/scene_cube_tn0d0000p0d0122p0d0000_ip0d0065n0d0185p0d0062_mp0d0126p0d0137p0d0018.xml,cube_s2,True,0.012,4.0,0.55,0.3,2.0,3.0,6.908133663251061,0.052081103637851456,5.0,0.006309864512158402,0.25396503160366757,0.0034876091344175435,0.0,1.0,1.0,1.0,1.0,1.0,1.0,0.0,0.024091727873877856,0.03794619525697993,-4.1296306355530915e-05,0.012194623068909824,0.0,0.006539719483005546,-0.01852327542668413,0.0062211469891701315,0.012556622190267035,0.013698973120376162,0.0017805247967015853,"[0.017223146151747647, 1.459904436214625, -1.196363758888488, -0.16288070789033632, 1.4786822661138344, 0.8783849268062217, 0.14840284864208186, 1.4237321528457243, 1.0573572983017683]"
cube,345,/home/humanoid/Programs/hand/results/phase1/run_20260413_pollard_multiscene_500_run3/cube/generated_mjcf/scene_cube_tn0d0013p0d0160p0d0000_ip0d0148n0d0240p0d0000_mp0d0116p0d0102p0d0000.xml,cube_s2,True,0.012,4.0,0.55,0.3,1.0,3.0,7.555808602756292,0.04930751252169854,7.0,0.004851886044582699,0.5191207993250665,0.0026702211217655724,0.0,1.0,1.0,1.0,1.0,1.0,1.0,0.0,0.0585337768624645,0.01565467984434954,-0.0012615306168578533,0.015970756130802254,0.0,0.014786075546288061,-0.023980082850206946,0.0,0.01161430962842994,0.010241296432524284,0.0,"[0.017223146151747647, 1.459904436214625, -1.196363758888488, -0.16288070789033632, 1.4786822661138344, 0.8783849268062217, 0.14840284864208186, 1.4237321528457243, 1.0573572983017683]"
cube,347,/home/humanoid/Programs/hand/results/phase1/run_20260413_pollard_multiscene_500_run3/cube/generated_mjcf/scene_cube_tp0d0068p0d0300p0d0073_ip0d0072n0d0056p0d0011_mp0d0078p0d0143p0d0000.xml,cube_s2,True,0.012,4.0,0.55,0.3,1.0,3.0,7.686880410942818,0.04980768511524027,7.0,0.004926958766498897,0.14364471224776765,0.000983246371511684,1.4309346421131908e-05,1.0,1.0,1.0,1.0,1.0,1.0,0.0,0.017143903666702192,0.003545699335203841,0.0068204408858062796,0.03,0.007260725067047551,0.007212293445335222,-0.005553531717368195,0.0010993236469706603,0.007833087650129099,0.014253336241066424,0.0,"[0.017223146151747647, 1.459904436214625, -1.196363758888488, -0.16288070789033632, 1.4786822661138344, 0.8783849268062217, 0.14840284864208186, 1.4237321528457243, 1.0573572983017683]"
cube,348,/home/humanoid/Programs/hand/results/phase1/run_20260413_pollard_multiscene_500_run3/cube/generated_mjcf/scene_cube_tp0d0113p0d0278p0d0000_ip0d0135n0d0218p0d0000_mp0d0015p0d0170p0d0000.xml,cube_s2,True,0.012,4.0,0.55,0.3,1.0,3.0,6.825434453447765,0.050193398141893365,5.0,0.006545618791440306,0.32188796330032965,0.0002191799501567663,0.0018005099487137383,1.0,1.0,1.0,1.0,1.0,1.0,0.0,0.02523201656564464,0.04361366757884597,0.011322535224134667,0.027764327805852942,0.0,0.013477941205283455,-0.021774686806814398,0.0,0.0015174161105352604,0.01698721858932449,0.0,"[0.017223146151747647, 1.459904436214625, -1.196363758888488, -0.16288070789033632, 1.4786822661138344, 0.8783849268062217, 0.14840284864208186, 1.4237321528457243, 1.0573572983017683]"
cube,349,/home/humanoid/Programs/hand/results/phase1/run_20260413_pollard_multiscene_500_run3/cube/generated_mjcf/scene_cube_tp0d0081p0d0226p0d0085_ip0d0211n0d0216p0d0000_mp0d0076p0d0121p0d0000.xml,cube_s2,True,0.012,4.0,0.55,0.3,1.0,3.0,7.28133702053872,0.05129943484227287,6.0,0.005819374782173754,0.25490455833118536,0.002448386708622012,0.0,1.0,1.0,1.0,1.0,1.0,1.0,0.0,0.028774406754466825,0.041608077241213924,0.008073792792765176,0.022586335006661292,0.008547471202648944,0.021117014049145004,-0.021585046307989013,0.0,0.007602631380494447,0.012080451574431939,0.0,"[0.017223146151747647, 1.459904436214625, -1.196363758888488, -0.16288070789033632, 1.4786822661138344, 0.8783849268062217, 0.14840284864208186, 1.4237321528457243, 1.0573572983017683]"
cube,350,/home/humanoid/Programs/hand/results/phase1/run_20260413_pollard_multiscene_500_run3/cube/generated_mjcf/scene_cube_tp0d0050p0d0123p0d0049_ip0d0073n0d0116p0d0038_mp0d0136p0d0091p0d0000.xml,cube_s2,True,0.012,4.0,0.55,0.3,1.0,3.0,6.30058847282563,0.04853830297404752,5.0,0.007140375695909206,0.33273084188124213,0.010465476267352648,0.0,1.0,0.8833333333333333,1.0,1.0,0.8833333333333333,0.8833333333333333,0.1166666666666667,0.04017497480097693,0.02218784237387278,0.004973546412611628,0.012294721280264032,0.004905264142987729,0.007331516406347443,-0.011583437920894857,0.003754449056024657,0.013559791274911331,0.009078488971220607,0.0,"[0.017223146151747647, 1.459904436214625, -1.196363758888488, -0.16288070789033632, 1.4786822661138344, 0.8783849268062217, 0.14840284864208186, 1.4237321528457243, 1.0573572983017683]"
cube,351,/home/humanoid/Programs/hand/results/phase1/run_20260413_pollard_multiscene_500_run3/cube/generated_mjcf/scene_cube_tn0d0039p0d0300p0d0031_ip0d0059n0d0183p0d0000_mn0d0001p0d0228p0d0000.xml,cube_s2,True,0.012,4.0,0.55,0.3,1.0,3.0,7.280835851786883,0.05267964619051779,6.0,0.005404428162058674,0.15901218855820604,0.004708502333019708,0.0,1.0,1.0,1.0,1.0,1.0,1.0,0.0,0.06474168633358336,0.07059675988337755,-0.0039166529420677654,0.03,0.0030983018076305748,0.005948787222563647,-0.01830520319058511,0.0,-8.798364502618158e-05,0.022791051162759063,0.0,"[0.017223146151747647, 1.459904436214625, -1.196363758888488, -0.16288070789033632, 1.4786822661138344, 0.8783849268062217, 0.14840284864208186, 1.4237321528457243, 1.0573572983017683]"
cube,352,/home/humanoid/Programs/hand/results/phase1/run_20260413_pollard_multiscene_500_run3/cube/generated_mjcf/scene_cube_tp0d0034p0d0300p0d0000_ip0d0204n0d0197p0d0092_mp0d0155p0d0230p0d0000.xml,cube_s2,True,0.012,4.0,0.55,0.3,3.0,3.0,7.218146625972542,0.05131476415691384,6.0,0.005503970300706008,0.29524055397245325,0.0033355135798077903,0.0,1.0,1.0,1.0,1.0,1.0,1.0,0.0,0.07130384661734605,0.06251833545193874,0.003412975582055045,0.03,0.0,0.02042065736538831,-0.019749759999292973,0.009245880066049521,0.015487406880309437,0.023006546913343175,0.0,"[0.017223146151747647, 1.459904436214625, -1.196363758888488, -0.16288070789033632, 1.4786822661138344, 0.8783849268062217, 0.14840284864208186, 1.4237321528457243, 1.0573572983017683]"
cube,353,/home/humanoid/Programs/hand/results/phase1/run_20260413_pollard_multiscene_500_run3/cube/generated_mjcf/scene_cube_tn0d0050p0d0222p0d0028_ip0d0186n0d0214p0d0000_mp0d0034p0d0119p0d0000.xml,cube_s2,True,0.012,4.0,0.55,0.3,2.0,3.0,7.302746053092762,0.05135850032317073,6.0,0.00567229219806991,0.1340976212463968,0.0017174192618824515,0.0,1.0,1.0,1.0,1.0,1.0,1.0,0.0,0.038008499063881096,0.030058431999878232,-0.005047223917157493,0.022200789717896637,0.0028366476511519825,0.018635731232781283,-0.021376923278164504,0.0,0.003401259195152824,0.011868629062635739,0.0,"[0.017223146151747647, 1.459904436214625, -1.196363758888488, -0.16288070789033632, 1.4786822661138344, 0.8783849268062217, 0.14840284864208186, 1.4237321528457243, 1.0573572983017683]"
cube,354,/home/humanoid/Programs/hand/results/phase1/run_20260413_pollard_multiscene_500_run3/cube/generated_mjcf/scene_cube_tn0d0091p0d0153p0d0119_ip0d0146n0d0101p0d0072_mp0d0135p0d0144p0d0004.xml,cube_s2,True,0.012,4.0,0.55,0.3,2.0,3.0,6.918867553690537,0.05053734034905388,5.0,0.0064010300401644545,0.057644970011767965,0.0013721194238349396,0.0,1.0,1.0,1.0,1.0,1.0,1.0,0.0,0.015528184089360395,0.009459304623768797,-0.009122841531660764,0.015328829962151869,0.011877526740116384,0.014612756735501714,-0.010136883345936687,0.00720381312614379,0.013454718008685671,0.014437668626407232,0.0003923962344445347,"[0.017223146151747647, 1.459904436214625, -1.196363758888488, -0.16288070789033632, 1.4786822661138344, 0.8783849268062217, 0.14840284864208186, 1.4237321528457243, 1.0573572983017683]"
cube,355,/home/humanoid/Programs/hand/results/phase1/run_20260413_pollard_multiscene_500_run3/cube/generated_mjcf/scene_cube_tn0d0108p0d0258p0d0000_ip0d0180n0d0144p0d0044_mp0d0085p0d0070p0d0005.xml,cube_s0,True,0.012,4.0,0.55,0.3,3.0,3.0,7.319029964668401,0.05036024464106655,6.0,0.0068961648294776435,0.03483880008749459,0.0014390408527785383,5.897127497653254e-05,1.0,1.0,1.0,1.0,1.0,1.0,0.0,0.0061961366159780555,0.018044822128960674,-0.010837836256156828,0.02584706010196519,0.0,0.017996213602326824,-0.014394856503673016,0.004360530785069212,0.00846710719667944,0.0070305058966985655,0.0004610260596799032,"[0.05678979513303625, 1.2676084262416583, -0.9349968107595399, -0.13036683479999123, 1.4833706545479408, 1.0112688435157549, 0.05156688663574824, 1.5118083532294129, 0.9140770810808272]"
cube,357,/home/humanoid/Programs/hand/results/phase1/run_20260413_pollard_multiscene_500_run3/cube/generated_mjcf/scene_cube_tn0d0022p0d0202p0d0000_ip0d0190n0d0081p0d0000_mp0d0023p0d0160p0d0000.xml,cube_s1,True,0.012,4.0,0.55,0.3,3.0,3.0,6.994015619371479,0.05187069186193061,6.0,0.004947159040960312,0.6281358670379449,0.01659557727353426,0.0,1.0,1.0,1.0,1.0,1.0,1.0,0.0,0.16433062365241913,0.10687962072971009,-0.0022114211001733417,0.02015239016423227,0.0,0.019037892298739346,-0.008147344233290962,0.0,0.0022584008568622242,0.01599825880223124,0.0,"[0.06036170920245503, 1.2993465425771293, -1.1345514683028701, -0.1383249921310328, 1.4780464267210218, 1.1128198085346774, 0.0768344744793424, 1.5414267067782164, 1.0540476209430327]"
cube,358,/home/humanoid/Programs/hand/results/phase1/run_20260413_pollard_multiscene_500_run3/cube/generated_mjcf/scene_cube_tn0d0032p0d0212p0d0000_ip0d0113n0d0003p0d0000_mp0d0087p0d0046p0d0074.xml,cube_s2,True,0.012,4.0,0.55,0.3,2.0,3.0,7.303372238015274,0.05111832467646625,6.0,0.005681134635083578,0.07459287925343724,0.002002914060968358,0.0,1.0,1.0,1.0,1.0,1.0,1.0,0.0,0.03599981833615692,0.030401243601793193,-0.0032261315123318663,0.0211871862183576,0.0,0.011311302439958055,-0.00033666258881834797,0.0,0.008688902469951895,0.004588963809888574,0.007431512844343829,"[0.017223146151747647, 1.459904436214625, -1.196363758888488, -0.16288070789033632, 1.4786822661138344, 0.8783849268062217, 0.14840284864208186, 1.4237321528457243, 1.0573572983017683]"
cube,359,/home/humanoid/Programs/hand/results/phase1/run_20260413_pollard_multiscene_500_run3/cube/generated_mjcf/scene_cube_tp0d0021p0d0300p0d0038_ip0d0094n0d0116p0d0000_mp0d0060p0d0178p0d0000.xml,cube_s2,True,0.012,4.0,0.55,0.3,1.0,3.0,7.406682248133188,0.05024116521340592,7.0,0.004906454413228608,1.1203004959973855,0.006190128964484645,0.0,1.0,1.0,1.0,1.0,1.0,1.0,0.0,0.11668693017363409,0.04014569429882795,0.002053449878073278,0.03,0.003783683303278742,0.009426483925576358,-0.011583913748456132,0.0,0.006011042113765158,0.017809019608174263,0.0,"[0.017223146151747647, 1.459904436214625, -1.196363758888488, -0.16288070789033632, 1.4786822661138344, 0.8783849268062217, 0.14840284864208186, 1.4237321528457243, 1.0573572983017683]"
cube,360,/home/humanoid/Programs/hand/results/phase1/run_20260413_pollard_multiscene_500_run3/cube/generated_mjcf/scene_cube_tp0d0077p0d0288p0d0000_ip0d0146n0d0140p0d0000_mp0d0217p0d0090p0d0038.xml,cube_s2,True,0.012,4.0,0.55,0.3,1.0,3.0,7.109940530705866,0.049769516982631545,6.0,0.005060196999172716,0.37464140544044244,0.006532773519572739,0.0,1.0,1.0,1.0,1.0,1.0,1.0,0.0,0.10685689997550761,0.03924483555776478,0.007692612643866344,0.028837691525292333,0.0,0.014600800689397628,-0.013961397513764087,0.0,0.02174568502353339,0.009014776072522324,0.003847079872144152,"[0.017223146151747647, 1.459904436214625, -1.196363758888488, -0.16288070789033632, 1.4786822661138344, 0.8783849268062217, 0.14840284864208186, 1.4237321528457243, 1.0573572983017683]"
cube,361,/home/humanoid/Programs/hand/results/phase1/run_20260413_pollard_multiscene_500_run3/cube/generated_mjcf/scene_cube_tp0d0063p0d0247p0d0000_ip0d0049n0d0079p0d0000_mp0d0212p0d0139p0d0013.xml,cube_s2,True,0.012,4.0,0.55,0.3,3.0,3.0,7.337559451087318,0.05137365590443803,6.0,0.0059613683041171385,0.036698635173570984,0.0007542568404092681,0.0002068799411058253,1.0,1.0,1.0,1.0,1.0,1.0,0.0,0.02005910476567711,0.03204753716468071,0.006298885232914844,0.024677701527575972,0.0,0.004865482952478182,-0.007899234012555876,0.0,0.021239068743524485,0.013910428198081467,0.0012518095585489566,"[0.017223146151747647, 1.459904436214625, -1.196363758888488, -0.16288070789033632, 1.4786822661138344, 0.8783849268062217, 0.14840284864208186, 1.4237321528457243, 1.0573572983017683]"
cube,362,/home/humanoid/Programs/hand/results/phase1/run_20260413_pollard_multiscene_500_run3/cube/generated_mjcf/scene_cube_tp0d0001p0d0184p0d0000_ip0d0200n0d0237p0d0113_mp0d0008p0d0136p0d0046.xml,cube_s2,True,0.012,4.0,0.55,0.3,1.0,3.0,7.206190811075681,0.049972646033655296,6.0,0.005660021155866799,0.12299523994320277,0.0024548215559447397,0.001095598757328689,1.0,1.0,1.0,1.0,1.0,1.0,0.0,0.056552774668405026,0.05730716541404605,9.038651703096798e-05,0.01835541066897918,0.0,0.02001264994905546,-0.023737975227585074,0.011274612962096212,0.000750582854815959,0.013632312421630632,0.004622285063949041,"[0.017223146151747647, 1.459904436214625, -1.196363758888488, -0.16288070789033632, 1.4786822661138344, 0.8783849268062217, 0.14840284864208186, 1.4237321528457243, 1.0573572983017683]"
cube,363,/home/humanoid/Programs/hand/results/phase1/run_20260413_pollard_multiscene_500_run3/cube/generated_mjcf/scene_cube_tp0d0072p0d0238p0d0000_ip0d0194n0d0139p0d0000_mp0d0167p0d0168p0d0000.xml,cube_s2,True,0.012,4.0,0.55,0.3,1.0,3.0,7.076397407170206,0.049555816590974834,6.0,0.004958692969502146,0.6709792451376562,0.005023528884114948,0.0,1.0,1.0,1.0,1.0,1.0,1.0,0.0,0.10010058083389761,0.03450029333134571,0.007206458439634005,0.02379163141151473,0.0,0.019368293958761447,-0.013866451305668421,0.0,0.01674031164559555,0.016847650557893175,0.0,"[0.017223146151747647, 1.459904436214625, -1.196363758888488, -0.16288070789033632, 1.4786822661138344, 0.8783849268062217, 0.14840284864208186, 1.4237321528457243, 1.0573572983017683]"
cube,364,/home/humanoid/Programs/hand/results/phase1/run_20260413_pollard_multiscene_500_run3/cube/generated_mjcf/scene_cube_tn0d0041p0d0101p0d0010_ip0d0016n0d0071p0d0013_mp0d0213p0d0036p0d0052.xml,cube_s2,True,0.012,4.0,0.55,0.3,3.0,3.0,6.823355805839661,0.04876124923106785,5.0,0.007664756894425757,0.13530264687902935,0.0053711366567251485,0.0,1.0,1.0,1.0,1.0,1.0,1.0,0.0,0.008972823293003168,0.012926726387306834,-0.004084384463942093,0.010142883921641723,0.000990451667586002,0.0015985144586338831,-0.007118649794417934,0.0013321773609604407,0.02130587540881341,0.003579389141666148,0.0051866735559624386,"[0.017223146151747647, 1.459904436214625, -1.196363758888488, -0.16288070789033632, 1.4786822661138344, 0.8783849268062217, 0.14840284864208186, 1.4237321528457243, 1.0573572983017683]"
cube,366,/home/humanoid/Programs/hand/results/phase1/run_20260413_pollard_multiscene_500_run3/cube/generated_mjcf/scene_cube_tp0d0090p0d0283p0d0071_ip0d0201n0d0143p0d0000_mn0d0018p0d0143p0d0002.xml,cube_s2,True,0.012,4.0,0.55,0.3,2.0,3.0,7.27344022336471,0.05058676857182623,6.0,0.006318956994247636,0.21333482794274813,0.002453187788717798,0.0002500478628900127,1.0,1.0,1.0,1.0,1.0,1.0,0.0,0.017896473050771664,0.03368472866308362,0.008993048384683937,0.028332332885572582,0.007133172031471843,0.0201278457978318,-0.014265996985525718,0.0,-0.0017792897870281283,0.014276096134759242,0.00021827326428465292,"[0.017223146151747647, 1.459904436214625, -1.196363758888488, -0.16288070789033632, 1.4786822661138344, 0.8783849268062217, 0.14840284864208186, 1.4237321528457243, 1.0573572983017683]"
cube,367,/home/humanoid/Programs/hand/results/phase1/run_20260413_pollard_multiscene_500_run3/cube/generated_mjcf/scene_cube_tp0d0013p0d0300p0d0000_ip0d0055n0d0141p0d0078_mp0d0137p0d0226p0d0000.xml,cube_s2,True,0.012,4.0,0.55,0.3,1.0,3.0,7.257865184197233,0.04874094016670617,6.0,0.004812854499524621,0.055099309634906585,0.002407304446345999,5.740984688494544e-05,1.0,1.0,1.0,1.0,1.0,1.0,0.0,0.012022770069998556,0.006043202565007992,0.0013243586582645864,0.03,0.0,0.005454282046486432,-0.014076684522502887,0.007848994918644388,0.013675916096374986,0.022612653700813792,0.0,"[0.017223146151747647, 1.459904436214625, -1.196363758888488, -0.16288070789033632, 1.4786822661138344, 0.8783849268062217, 0.14840284864208186, 1.4237321528457243, 1.0573572983017683]"
cube,369,/home/humanoid/Programs/hand/results/phase1/run_20260413_pollard_multiscene_500_run3/cube/generated_mjcf/scene_cube_tn0d0058p0d0248p0d0003_ip0d0140n0d0106p0d0006_mp0d0122p0d0059p0d0000.xml,cube_s2,True,0.012,4.0,0.55,0.3,2.0,3.0,7.263359289427353,0.049928964478895985,6.0,0.005015184191157551,0.17520330354746605,0.0014118520247551247,0.0,1.0,1.0,1.0,1.0,1.0,1.0,0.0,0.035229859788202166,0.008285262965678997,-0.0058268376677013956,0.024841286858219992,0.0002982599472535624,0.014002525851861946,-0.010559997507252046,0.0006057673427742397,0.012179493967528118,0.005867447662353625,0.0,"[0.017223146151747647, 1.459904436214625, -1.196363758888488, -0.16288070789033632, 1.4786822661138344, 0.8783849268062217, 0.14840284864208186, 1.4237321528457243, 1.0573572983017683]"
cube,371,/home/humanoid/Programs/hand/results/phase1/run_20260413_pollard_multiscene_500_run3/cube/generated_mjcf/scene_cube_tp0d0060p0d0272p0d0000_ip0d0076n0d0158p0d0033_mp0d0058p0d0188p0d0080.xml,cube_s2,True,0.012,4.0,0.55,0.3,1.0,3.0,6.864144067024295,0.0485833974836207,5.0,0.004820686491193191,0.05004924904359761,0.0018117573154658615,4.557803846998165e-05,1.0,1.0,1.0,1.0,1.0,1.0,0.0,0.00524245587702421,0.004932296664090637,0.006042441969243088,0.027228365459574227,0.0,0.007593758980041379,-0.015792569411251185,0.0033017785952277386,0.005776874706348101,0.01882102030819338,0.007980643465284785,"[0.017223146151747647, 1.459904436214625, -1.196363758888488, -0.16288070789033632, 1.4786822661138344, 0.8783849268062217, 0.14840284864208186, 1.4237321528457243, 1.0573572983017683]"
cube,372,/home/humanoid/Programs/hand/results/phase1/run_20260413_pollard_multiscene_500_run3/cube/generated_mjcf/scene_cube_tn0d0039p0d0221p0d0076_ip0d0216n0d0035p0d0114_mp0d0217p0d0048p0d0023.xml,cube_s2,True,0.012,4.0,0.55,0.3,2.0,3.0,7.105323589264692,0.0472026780352861,6.0,0.006529709484290647,0.18129868874611277,0.00902889473489595,0.000872493904795768,1.0,1.0,1.0,1.0,1.0,1.0,0.0,0.026814840202386937,0.03011556844102122,-0.0039367057456346135,0.022129036276644528,0.00759938668754058,0.021600388888547803,-0.003458654995397466,0.011387362033031666,0.021716500944982772,0.004846232690389937,0.0023329764739651176,"[0.017223146151747647, 1.459904436214625, -1.196363758888488, -0.16288070789033632, 1.4786822661138344, 0.8783849268062217, 0.14840284864208186, 1.4237321528457243, 1.0573572983017683]"
cube,374,/home/humanoid/Programs/hand/results/phase1/run_20260413_pollard_multiscene_500_run3/cube/generated_mjcf/scene_cube_tn0d0012p0d0088p0d0000_in0d0013n0d0179p0d0087_mp0d0149p0d0097p0d0012.xml,cube_s2,True,0.012,4.0,0.55,0.3,1.0,3.0,6.82877257775198,0.051974413037011405,5.0,0.006478533935666944,0.7863835328581981,0.002821125334634368,0.0,1.0,1.0,1.0,1.0,1.0,1.0,0.0,0.024033434762771023,0.036914187945555954,-0.0011870628156485583,0.008785765256269625,0.0,-0.0012845129532466984,-0.01790627764087028,0.008705030224436333,0.014947856117084853,0.009691392927035278,0.001202015562066389,"[0.017223146151747647, 1.459904436214625, -1.196363758888488, -0.16288070789033632, 1.4786822661138344, 0.8783849268062217, 0.14840284864208186, 1.4237321528457243, 1.0573572983017683]"
cube,375,/home/humanoid/Programs/hand/results/phase1/run_20260413_pollard_multiscene_500_run3/cube/generated_mjcf/scene_cube_tn0d0024p0d0249p0d0000_ip0d0189n0d0020p0d0086_mp0d0011p0d0101p0d0097.xml,cube_s2,True,0.012,4.0,0.55,0.3,1.0,3.0,7.674980469402951,0.04929169679521475,7.0,0.004881930696898265,0.1271903182945699,0.00030582187846392325,3.3892099176896506e-05,1.0,1.0,1.0,1.0,1.0,1.0,0.0,0.017709336260626946,0.002871073140098731,-0.002364992455036838,0.02485474196775472,0.0,0.0189458288206348,-0.0020460735160279016,0.008558192589777455,0.0010822010446346324,0.010070902748129561,0.009711010137673462,"[0.017223146151747647, 1.459904436214625, -1.196363758888488, -0.16288070789033632, 1.4786822661138344, 0.8783849268062217, 0.14840284864208186, 1.4237321528457243, 1.0573572983017683]"
cube,377,/home/humanoid/Programs/hand/results/phase1/run_20260413_pollard_multiscene_500_run3/cube/generated_mjcf/scene_cube_tp0d0098p0d0111p0d0000_ip0d0151n0d0201p0d0000_mp0d0220p0d0245p0d0000.xml,cube_s2,True,0.012,4.0,0.55,0.3,1.0,3.0,6.7425690323582,0.0505251502120823,5.0,0.0075700470592599475,0.2502615531365134,0.006414452852057352,0.0,1.0,0.9694444444444444,1.0,1.0,0.9694444444444444,0.9694444444444444,0.030555555555555558,0.01714927910011584,0.014991803526445302,0.00981687253429277,0.011120275617783176,0.0,0.015080426789617232,-0.020071235905748067,0.0,0.02197541611441125,0.024494177142076932,0.0,"[0.017223146151747647, 1.459904436214625, -1.196363758888488, -0.16288070789033632, 1.4786822661138344, 0.8783849268062217, 0.14840284864208186, 1.4237321528457243, 1.0573572983017683]"
cube,378,/home/humanoid/Programs/hand/results/phase1/run_20260413_pollard_multiscene_500_run3/cube/generated_mjcf/scene_cube_tn0d0031p0d0178p0d0000_ip0d0097n0d0197p0d0076_mp0d0193p0d0182p0d0000.xml,cube_s1,True,0.012,4.0,0.55,0.3,3.0,3.0,7.611347835994419,0.049466888258020224,7.0,0.004864355818096314,0.40696900776088607,0.0015565751008193877,0.0,1.0,1.0,1.0,1.0,1.0,1.0,0.0,0.03463679430511516,0.01048589065186493,-0.003080000567103787,0.01777371674284665,0.0,0.009742211201763528,-0.0197073930433107,0.007610088691735812,0.0192940940515098,0.01819294307398065,0.0,"[0.06036170920245503, 1.2993465425771293, -1.1345514683028701, -0.1383249921310328, 1.4780464267210218, 1.1128198085346774, 0.0768344744793424, 1.5414267067782164, 1.0540476209430327]"
cube,379,/home/humanoid/Programs/hand/results/phase1/run_20260413_pollard_multiscene_500_run3/cube/generated_mjcf/scene_cube_tp0d0005p0d0181p0d0102_ip0d0204n0d0113p0d0000_mp0d0040p0d0080p0d0000.xml,cube_s2,True,0.012,4.0,0.55,0.3,2.0,3.0,7.14526962031364,0.04956175026342009,6.0,0.005162015814355612,0.49112609239153787,0.004163427803273299,0.0,1.0,1.0,1.0,1.0,1.0,1.0,0.0,0.07137220061784742,0.01809185196226735,0.0005063580441945943,0.018121217785754797,0.010185928300256861,0.020406265641012875,-0.011317239845225827,0.0,0.003969351811511051,0.00798329334682274,0.0,"[0.017223146151747647, 1.459904436214625, -1.196363758888488, -0.16288070789033632, 1.4786822661138344, 0.8783849268062217, 0.14840284864208186, 1.4237321528457243, 1.0573572983017683]"
cube,381,/home/humanoid/Programs/hand/results/phase1/run_20260413_pollard_multiscene_500_run3/cube/generated_mjcf/scene_cube_tp0d0088p0d0272p0d0000_in0d0018n0d0006p0d0118_mp0d0039p0d0093p0d0065.xml,cube_s2,True,0.012,4.0,0.55,0.3,3.0,3.0,7.710039867772133,0.05183864672483317,8.0,0.005438862791585307,1.6829002914572593,0.007178872248699014,0.0,1.0,1.0,1.0,1.0,1.0,1.0,0.0,0.1542679545603768,0.08731762048539284,0.00883521132348538,0.02723552528533489,0.0,-0.0017554778323576065,-0.0005744690308488714,0.011781042137225497,0.0038637391976680735,0.009288167528081906,0.006509256874247228,"[0.017223146151747647, 1.459904436214625, -1.196363758888488, -0.16288070789033632, 1.4786822661138344, 0.8783849268062217, 0.14840284864208186, 1.4237321528457243, 1.0573572983017683]"
cube,382,/home/humanoid/Programs/hand/results/phase1/run_20260413_pollard_multiscene_500_run3/cube/generated_mjcf/scene_cube_tp0d0073p0d0185p0d0056_ip0d0209n0d0050p0d0000_mp0d0188p0d0110p0d0000.xml,cube_s2,True,0.012,4.0,0.55,0.3,3.0,3.0,7.318872246316489,0.050986557280615644,6.0,0.006188977975358824,0.07951974348020815,0.0017094801666936068,0.0,1.0,1.0,1.0,1.0,1.0,1.0,0.0,0.019814887276089908,0.022559145512116296,0.007305359803473289,0.01853133851136897,0.005595346364554953,0.020921363985685365,-0.0049934306565185185,0.0,0.01877336898563437,0.011049691809589724,0.0,"[0.017223146151747647, 1.459904436214625, -1.196363758888488, -0.16288070789033632, 1.4786822661138344, 0.8783849268062217, 0.14840284864208186, 1.4237321528457243, 1.0573572983017683]"
cube,383,/home/humanoid/Programs/hand/results/phase1/run_20260413_pollard_multiscene_500_run3/cube/generated_mjcf/scene_cube_tn0d0118p0d0271p0d0000_ip0d0077n0d0076p0d0000_mp0d0104p0d0062p0d0000.xml,cube_s2,True,0.012,4.0,0.55,0.3,1.0,3.0,7.298038292651775,0.04997815188717569,6.0,0.005090011860336152,0.07851142169060099,0.0008851110650425276,0.0,1.0,1.0,1.0,1.0,1.0,1.0,0.0,0.0217227611345281,0.0044137178006561735,-0.011835445780551481,0.02708227762575327,0.0,0.00774784304588942,-0.007563727153970494,0.0,0.010352447859135416,0.00620925942575782,0.0,"[0.017223146151747647, 1.459904436214625, -1.196363758888488, -0.16288070789033632, 1.4786822661138344, 0.8783849268062217, 0.14840284864208186, 1.4237321528457243, 1.0573572983017683]"
cube,384,/home/humanoid/Programs/hand/results/phase1/run_20260413_pollard_multiscene_500_run3/cube/generated_mjcf/scene_cube_tp0d0017p0d0255p0d0000_ip0d0031n0d0131p0d0000_mp0d0099p0d0257p0d0033.xml,cube_s0,True,0.012,4.0,0.55,0.3,2.0,3.0,7.383122235400065,0.05094594771323602,7.0,0.004979950512764178,0.48824842243020095,0.018764821397360486,0.0,1.0,1.0,1.0,1.0,1.0,1.0,0.0,0.14911657838373513,0.11016652681047855,0.0016914948769208415,0.025535338406468797,0.0,0.0031439657404761087,-0.0130591830163866,0.0,0.009858869067842405,0.02571102656057945,0.0032954859455089983,"[0.05678979513303625, 1.2676084262416583, -0.9349968107595399, -0.13036683479999123, 1.4833706545479408, 1.0112688435157549, 0.05156688663574824, 1.5118083532294129, 0.9140770810808272]"
cube,386,/home/humanoid/Programs/hand/results/phase1/run_20260413_pollard_multiscene_500_run3/cube/generated_mjcf/scene_cube_tp0d0112p0d0234p0d0078_ip0d0165n0d0031p0d0000_mp0d0057p0d0176p0d0000.xml,cube_s0,True,0.012,4.0,0.55,0.3,2.0,3.0,7.018017163892536,0.0485492716335199,6.0,0.005110807222691949,1.0754325961963622,0.004376436126999245,0.0,1.0,1.0,1.0,1.0,1.0,1.0,0.0,0.07315638221796815,0.02051168085171647,0.011221352133399164,0.023400693629328326,0.007817550025673033,0.016469362116625613,-0.0030606096441238902,0.0,0.0056810241222650226,0.017649806992087,0.0,"[0.05678979513303625, 1.2676084262416583, -0.9349968107595399, -0.13036683479999123, 1.4833706545479408, 1.0112688435157549, 0.05156688663574824, 1.5118083532294129, 0.9140770810808272]"
cube,387,/home/humanoid/Programs/hand/results/phase1/run_20260413_pollard_multiscene_500_run3/cube/generated_mjcf/scene_cube_tp0d0022p0d0296p0d0042_in0d0005n0d0213p0d0114_mn0d0003p0d0235p0d0117.xml,cube_s2,True,0.012,4.0,0.55,0.3,1.0,3.0,7.048399911226196,0.05015263398167075,6.0,0.004956583056522965,0.6019539737419897,0.007411064907442229,0.0,1.0,1.0,1.0,1.0,1.0,1.0,0.0,0.13243736370230805,0.05966452562195088,0.0022174444709567916,0.02962539332540697,0.004156687339348996,-0.0005198644936682765,-0.02134521506551034,0.011364295824339798,-0.0003092501664925997,0.02351928518610475,0.011679372772733076,"[0.017223146151747647, 1.459904436214625, -1.196363758888488, -0.16288070789033632, 1.4786822661138344, 0.8783849268062217, 0.14840284864208186, 1.4237321528457243, 1.0573572983017683]"
cube,388,/home/humanoid/Programs/hand/results/phase1/run_20260413_pollard_multiscene_500_run3/cube/generated_mjcf/scene_cube_tn0d0081p0d0249p0d0074_ip0d0208n0d0041p0d0060_mp0d0165p0d0220p0d0000.xml,cube_s1,True,0.012,4.0,0.55,0.3,3.0,3.0,7.681583436253515,0.05000341665978717,7.0,0.005029635158116983,0.16625440387457024,0.001107352840656288,0.0,1.0,1.0,1.0,1.0,1.0,1.0,0.0,0.02526336865716679,0.0032624604810225963,-0.008107505421219302,0.024897468565151633,0.007392595337002955,0.020834492113102794,-0.004065712382739778,0.005970238289425941,0.01648862815479199,0.021974727226854895,0.0,"[0.06036170920245503, 1.2993465425771293, -1.1345514683028701, -0.1383249921310328, 1.4780464267210218, 1.1128198085346774, 0.0768344744793424, 1.5414267067782164, 1.0540476209430327]"
cube,389,/home/humanoid/Programs/hand/results/phase1/run_20260413_pollard_multiscene_500_run3/cube/generated_mjcf/scene_cube_tn0d0039p0d0285p0d0057_ip0d0208n0d0041p0d0036_mp0d0108p0d0059p0d0000.xml,cube_s2,True,0.012,4.0,0.55,0.3,3.0,3.0,7.295372075197869,0.050401894446131475,6.0,0.005608630075761757,0.10888191404652069,0.0008769655177950449,0.0,1.0,1.0,1.0,1.0,1.0,1.0,0.0,0.030376522055430455,0.011012735992059708,-0.0038931974279779093,0.02852385064265748,0.005709619844043064,0.020838318228018286,-0.0041099736522949,0.003648895908196892,0.0108003713735257,0.005888130359499352,0.0,"[0.017223146151747647, 1.459904436214625, -1.196363758888488, -0.16288070789033632, 1.4786822661138344, 0.8783849268062217, 0.14840284864208186, 1.4237321528457243, 1.0573572983017683]"
cube,391,/home/humanoid/Programs/hand/results/phase1/run_20260413_pollard_multiscene_500_run3/cube/generated_mjcf/scene_cube_tp0d0086p0d0123p0d0089_ip0d0070n0d0226p0d0091_mp0d0164p0d0140p0d0037.xml,cube_s2,True,0.012,4.0,0.55,0.3,1.0,3.0,5.263406238866366,0.04943373677158827,5.0,0.007327317903062157,0.29492209432198385,0.008175735847676845,0.0018577305432437297,1.0,0.5805555555555556,1.0,1.0,0.5805555555555556,0.5805555555555556,0.4194444444444444,0.015439559852692636,0.022189713454246973,0.008609555327129374,0.012341154397680697,0.008912346989687733,0.007000500798774553,-0.022583043905803016,0.009075589409086891,0.016411278947240843,0.014031523004441703,0.003694186370186217,"[0.017223146151747647, 1.459904436214625, -1.196363758888488, -0.16288070789033632, 1.4786822661138344, 0.8783849268062217, 0.14840284864208186, 1.4237321528457243, 1.0573572983017683]"
cube,392,/home/humanoid/Programs/hand/results/phase1/run_20260413_pollard_multiscene_500_run3/cube/generated_mjcf/scene_cube_tp0d0043p0d0176p0d0012_ip0d0077n0d0128p0d0049_mp0d0080p0d0130p0d0065.xml,cube_s1,True,0.012,4.0,0.55,0.3,3.0,3.0,7.303553937385117,0.049616842807768465,6.0,0.004852481800112856,0.06995908414326117,0.00043799552021606613,5.712260913547096e-05,1.0,1.0,1.0,1.0,1.0,1.0,0.0,0.00881814685348322,0.0014102867613164187,0.004254000457927461,0.01759718261799633,0.0011591161610298387,0.007690670392919728,-0.012804244452743358,0.0048799535306744725,0.007961258183951048,0.01299761563100522,0.006523599200057,"[0.06036170920245503, 1.2993465425771293, -1.1345514683028701, -0.1383249921310328, 1.4780464267210218, 1.1128198085346774, 0.0768344744793424, 1.5414267067782164, 1.0540476209430327]"
cube,393,/home/humanoid/Programs/hand/results/phase1/run_20260413_pollard_multiscene_500_run3/cube/generated_mjcf/scene_cube_tn0d0050p0d0163p0d0000_ip0d0035n0d0034p0d0000_mp0d0059p0d0048p0d0000.xml,cube_s2,True,0.012,4.0,0.55,0.3,3.0,3.0,7.330537133210063,0.05081367558074611,6.0,0.006214702007588135,0.057174923763036734,0.0008586290719996931,0.0,1.0,1.0,1.0,1.0,1.0,1.0,0.0,0.011680611511879699,0.02020696718508293,-0.004985988495398425,0.016300216267685623,0.0,0.0034683806033389258,-0.003396272985994214,0.0,0.005879648740595553,0.004792153550523294,0.0,"[0.017223146151747647, 1.459904436214625, -1.196363758888488, -0.16288070789033632, 1.4786822661138344, 0.8783849268062217, 0.14840284864208186, 1.4237321528457243, 1.0573572983017683]"
cube,394,/home/humanoid/Programs/hand/results/phase1/run_20260413_pollard_multiscene_500_run3/cube/generated_mjcf/scene_cube_tp0d0025p0d0092p0d0113_ip0d0219n0d0209p0d0000_mp0d0081p0d0097p0d0000.xml,cube_s1,True,0.012,4.0,0.55,0.3,1.0,3.0,4.369081698708313,0.046892780837311125,6.0,0.005380484387464263,2.842508171712528,0.035111327826851974,0.049539934617607695,0.7416666666666667,0.7416666666666667,0.575,0.775,0.575,0.575,0.20000000000000007,0.09628580480251768,0.13385756444836003,0.002490598221685335,0.00915709564276886,0.011311791537951966,0.021897171626930806,-0.020911052181316225,0.0,0.008075035345848846,0.009678888052115298,0.0,"[0.06036170920245503, 1.2993465425771293, -1.1345514683028701, -0.1383249921310328, 1.4780464267210218, 1.1128198085346774, 0.0768344744793424, 1.5414267067782164, 1.0540476209430327]"
cube,395,/home/humanoid/Programs/hand/results/phase1/run_20260413_pollard_multiscene_500_run3/cube/generated_mjcf/scene_cube_tn0d0095p0d0197p0d0090_ip0d0217n0d0162p0d0000_mp0d0137p0d0125p0d0097.xml,cube_s1,True,0.012,4.0,0.55,0.3,3.0,3.0,7.2811917256448275,0.05275456575976602,6.0,0.005320515443545493,0.15966453797397992,0.005519170621412653,0.0,1.0,1.0,1.0,1.0,1.0,1.0,0.0,0.07333593491294789,0.04835281144474161,-0.00953061315295389,0.01970784975786273,0.009043612848737722,0.02166338004553322,-0.01616864958747996,0.0,0.01367630035117491,0.012518278257087605,0.009730640697078064,"[0.06036170920245503, 1.2993465425771293, -1.1345514683028701, -0.1383249921310328, 1.4780464267210218, 1.1128198085346774, 0.0768344744793424, 1.5414267067782164, 1.0540476209430327]"
cube,396,/home/humanoid/Programs/hand/results/phase1/run_20260413_pollard_multiscene_500_run3/cube/generated_mjcf/scene_cube_tp0d0070p0d0222p0d0038_ip0d0151n0d0084p0d0000_mp0d0110p0d0104p0d0000.xml,cube_s2,True,0.012,4.0,0.55,0.3,2.0,3.0,7.238286623747582,0.05214838317260653,6.0,0.0051766455486460874,0.2992375382238752,0.005230455238373493,0.0,1.0,1.0,1.0,1.0,1.0,1.0,0.0,0.07097596062751649,0.05861834681003092,0.007035811052865017,0.02218081977592099,0.003815341310432256,0.01510725445699214,-0.008439512570922078,0.0,0.010976962247331351,0.01039287020671183,0.0,"[0.017223146151747647, 1.459904436214625, -1.196363758888488, -0.16288070789033632, 1.4786822661138344, 0.8783849268062217, 0.14840284864208186, 1.4237321528457243, 1.0573572983017683]"
cube,398,/home/humanoid/Programs/hand/results/phase1/run_20260413_pollard_multiscene_500_run3/cube/generated_mjcf/scene_cube_tp0d0086p0d0213p0d0009_ip0d0108n0d0199p0d0066_mp0d0077p0d0183p0d0034.xml,cube_s2,True,0.012,4.0,0.55,0.3,1.0,3.0,7.4428139736825365,0.04932818675348856,7.0,0.004925304931884389,0.9892434598271388,0.004377456937093853,0.0,1.0,1.0,1.0,1.0,1.0,1.0,0.0,0.08544527071104385,0.02745084303623248,0.008571605710506466,0.021259249860929377,0.0008803123529353071,0.010802095205575884,-0.019921780238881113,0.006613136719011141,0.007685854373764274,0.0183301494512482,0.003400613466890816,"[0.017223146151747647, 1.459904436214625, -1.196363758888488, -0.16288070789033632, 1.4786822661138344, 0.8783849268062217, 0.14840284864208186, 1.4237321528457243, 1.0573572983017683]"
cube,401,/home/humanoid/Programs/hand/results/phase1/run_20260413_pollard_multiscene_500_run3/cube/generated_mjcf/scene_cube_tn0d0066p0d0138p0d0000_ip0d0011n0d0196p0d0076_mp0d0043p0d0047p0d0000.xml,cube_s1,True,0.012,4.0,0.55,0.3,3.0,3.0,7.24239238332747,0.055424345094948424,6.0,0.0051616842616010695,0.374424783712719,0.014771142439714797,0.0,1.0,1.0,1.0,1.0,1.0,1.0,0.0,0.09073775452295545,0.10321599950874043,-0.006568166016017537,0.013757574947577381,0.0,0.001065966599342636,-0.01962445671424908,0.0076232278739171815,0.004307982889677852,0.004710504044540714,0.0,"[0.06036170920245503, 1.2993465425771293, -1.1345514683028701, -0.1383249921310328, 1.4780464267210218, 1.1128198085346774, 0.0768344744793424, 1.5414267067782164, 1.0540476209430327]"
cube,402,/home/humanoid/Programs/hand/results/phase1/run_20260413_pollard_multiscene_500_run3/cube/generated_mjcf/scene_cube_tn0d0061p0d0117p0d0000_ip0d0051n0d0055p0d0000_mp0d0162p0d0205p0d0000.xml,cube_s2,True,0.012,4.0,0.55,0.3,2.0,3.0,7.324131574045875,0.05056377616977831,6.0,0.006915430362563593,0.07065373909200381,0.0007617168272698346,0.0,1.0,1.0,1.0,1.0,1.0,1.0,0.0,0.010809409681753465,0.011583919324132053,-0.006070162506608994,0.011700464662166754,0.0,0.005108954427857113,-0.005521412233569041,0.0,0.0161877500683167,0.020471673403065584,0.0,"[0.017223146151747647, 1.459904436214625, -1.196363758888488, -0.16288070789033632, 1.4786822661138344, 0.8783849268062217, 0.14840284864208186, 1.4237321528457243, 1.0573572983017683]"
cube,403,/home/humanoid/Programs/hand/results/phase1/run_20260413_pollard_multiscene_500_run3/cube/generated_mjcf/scene_cube_tn0d0060p0d0300p0d0038_ip0d0005n0d0059p0d0000_mp0d0128p0d0242p0d0000.xml,cube_s2,True,0.012,4.0,0.55,0.3,3.0,3.0,7.289038658126908,0.051408961579748565,6.0,0.005761691991981582,0.12076270948144091,0.00301841877821385,0.0,1.0,1.0,1.0,1.0,1.0,1.0,0.0,0.0391187248997645,0.046815938378126976,-0.006013261280368498,0.03,0.0037994320888812723,0.0004817540822769067,-0.005867111497752016,0.0,0.01282047936393451,0.024198128950756195,0.0,"[0.017223146151747647, 1.459904436214625, -1.196363758888488, -0.16288070789033632, 1.4786822661138344, 0.8783849268062217, 0.14840284864208186, 1.4237321528457243, 1.0573572983017683]"
cube,404,/home/humanoid/Programs/hand/results/phase1/run_20260413_pollard_multiscene_500_run3/cube/generated_mjcf/scene_cube_tp0d0014p0d0095p0d0078_ip0d0166n0d0207p0d0000_mp0d0045p0d0151p0d0008.xml,cube_s1,True,0.012,4.0,0.55,0.3,2.0,3.0,7.632015183405754,0.04957011877866183,7.0,0.005334079540369616,0.34709167437791105,0.0012259307015762212,0.00019965764003525288,1.0,1.0,1.0,1.0,1.0,1.0,0.0,0.02441559867289934,0.012079978094411895,0.001414445381986533,0.009486985216727615,0.007769364107765152,0.01657461588220816,-0.020718033407936723,0.0,0.004544141871500557,0.01511193721917458,0.0007559026465335395,"[0.06036170920245503, 1.2993465425771293, -1.1345514683028701, -0.1383249921310328, 1.4780464267210218, 1.1128198085346774, 0.0768344744793424, 1.5414267067782164, 1.0540476209430327]"
cube,405,/home/humanoid/Programs/hand/results/phase1/run_20260413_pollard_multiscene_500_run3/cube/generated_mjcf/scene_cube_tn0d0054p0d0250p0d0000_in0d0008n0d0049p0d0000_mp0d0209p0d0196p0d0000.xml,cube_s2,True,0.012,4.0,0.55,0.3,3.0,3.0,7.317947437848572,0.050766020433832576,6.0,0.006123652006102628,0.09935434395519456,0.0006625106932775466,0.0,1.0,1.0,1.0,1.0,1.0,1.0,0.0,0.016259951854114864,0.02295561143260581,-0.005358389402565853,0.025047091820678522,0.0,-0.0007916345280545387,-0.004914922017206636,0.0,0.020890783474579788,0.019618085441763078,0.0,"[0.017223146151747647, 1.459904436214625, -1.196363758888488, -0.16288070789033632, 1.4786822661138344, 0.8783849268062217, 0.14840284864208186, 1.4237321528457243, 1.0573572983017683]"
cube,406,/home/humanoid/Programs/hand/results/phase1/run_20260413_pollard_multiscene_500_run3/cube/generated_mjcf/scene_cube_tn0d0060p0d0184p0d0000_ip0d0056n0d0197p0d0000_mp0d0095p0d0212p0d0075.xml,cube_s2,True,0.012,4.0,0.55,0.3,3.0,3.0,7.2676858340236,0.05033750625039646,6.0,0.006197284390787705,0.13219581487260806,0.0024712555437231545,0.00047188985824569984,1.0,1.0,1.0,1.0,1.0,1.0,0.0,0.020803005861535908,0.04121945260997469,-0.005993677595785198,0.018350511114540634,0.0,0.005583373121617044,-0.019703464659717004,0.0,0.009452975904973352,0.021158879065359362,0.007512942109960084,"[0.017223146151747647, 1.459904436214625, -1.196363758888488, -0.16288070789033632, 1.4786822661138344, 0.8783849268062217, 0.14840284864208186, 1.4237321528457243, 1.0573572983017683]"
cube,407,/home/humanoid/Programs/hand/results/phase1/run_20260413_pollard_multiscene_500_run3/cube/generated_mjcf/scene_cube_tn0d0051p0d0279p0d0054_ip0d0150n0d0131p0d0007_mp0d0011p0d0239p0d0037.xml,cube_s0,True,0.012,4.0,0.55,0.3,2.0,3.0,7.259735435904718,0.05369859975119612,6.0,0.0055820787614893575,0.18888846935769693,0.011272949968321521,6.874806447113024e-05,1.0,1.0,1.0,1.0,1.0,1.0,0.0,0.06693135860888762,0.08964818453608321,-0.005140192786809574,0.027934052286104214,0.0054220926649164,0.01495389301596657,-0.013107166884916394,0.0007151348632215403,0.0010701092854143394,0.023868681030051596,0.003737171765941818,"[0.05678979513303625, 1.2676084262416583, -0.9349968107595399, -0.13036683479999123, 1.4833706545479408, 1.0112688435157549, 0.05156688663574824, 1.5118083532294129, 0.9140770810808272]"
cube,408,/home/humanoid/Programs/hand/results/phase1/run_20260413_pollard_multiscene_500_run3/cube/generated_mjcf/scene_cube_tn0d0031p0d0175p0d0000_ip0d0080n0d0202p0d0000_mp0d0019p0d0207p0d0000.xml,cube_s0,True,0.012,4.0,0.55,0.3,3.0,3.0,7.122123319024752,0.049669781595575974,6.0,0.004986510658921299,0.6844621393215302,0.003972296165298043,0.0,1.0,1.0,1.0,1.0,1.0,1.0,0.0,0.07136297493804218,0.016959885349009624,-0.0031305004524421823,0.017539118084760424,0.0,0.008034582351909472,-0.02018176662419567,0.0,0.0019428792417899906,0.020656344238335456,0.0,"[0.05678979513303625, 1.2676084262416583, -0.9349968107595399, -0.13036683479999123, 1.4833706545479408, 1.0112688435157549, 0.05156688663574824, 1.5118083532294129, 0.9140770810808272]"
cube,409,/home/humanoid/Programs/hand/results/phase1/run_20260413_pollard_multiscene_500_run3/cube/generated_mjcf/scene_cube_tn0d0016p0d0090p0d0000_ip0d0077n0d0186p0d0000_mp0d0089p0d0119p0d0000.xml,cube_s2,True,0.012,4.0,0.55,0.3,1.0,3.0,5.963507314566961,0.04914961147699716,4.0,0.00702421439689796,0.2925040312732217,0.005548444599127194,0.0,1.0,1.0,0.8833333333333333,1.0,0.8833333333333333,0.8833333333333333,0.1166666666666667,0.02566903909238676,0.039690693912024066,-0.0016323170947495774,0.009036595485457571,0.0,0.007686997919964198,-0.018553378636850654,0.0,0.00890338183766952,0.011899722188182634,0.0,"[0.017223146151747647, 1.459904436214625, -1.196363758888488, -0.16288070789033632, 1.4786822661138344, 0.8783849268062217, 0.14840284864208186, 1.4237321528457243, 1.0573572983017683]"
cube,410,/home/humanoid/Programs/hand/results/phase1/run_20260413_pollard_multiscene_500_run3/cube/generated_mjcf/scene_cube_tn0d0053p0d0114p0d0023_ip0d0085n0d0114p0d0018_mp0d0188p0d0116p0d0014.xml,cube_s2,True,0.012,4.0,0.55,0.3,2.0,3.0,7.192687812406944,0.0513254135099011,6.0,0.006444362851183536,0.9781959129168809,0.002079930817560307,0.0,1.0,1.0,1.0,1.0,1.0,1.0,0.0,0.018730967026677644,0.025745991735310208,-0.005293281935177009,0.011409198503569133,0.0023185881529035456,0.008519201573778543,-0.011410397534888745,0.0017575752571704177,0.01881142883562955,0.011645587587469603,0.00142551727874291,"[0.017223146151747647, 1.459904436214625, -1.196363758888488, -0.16288070789033632, 1.4786822661138344, 0.8783849268062217, 0.14840284864208186, 1.4237321528457243, 1.0573572983017683]"
cube,411,/home/humanoid/Programs/hand/results/phase1/run_20260413_pollard_multiscene_500_run3/cube/generated_mjcf/scene_cube_tn0d0048p0d0150p0d0000_ip0d0065n0d0078p0d0000_mn0d0008p0d0033p0d0000.xml,cube_s0,True,0.012,4.0,0.55,0.3,3.0,3.0,6.797989060602833,0.05216388234971338,5.0,0.0069849087890534005,0.7573397754341276,0.008435218194724594,0.0,1.0,1.0,1.0,1.0,1.0,1.0,0.0,0.035415106128239865,0.028299244894642916,-0.00483454322046063,0.0150354995281941,0.0,0.006463405685212573,-0.007794424323765136,0.0,-0.0007991368204927872,0.003305963248475482,0.0,"[0.05678979513303625, 1.2676084262416583, -0.9349968107595399, -0.13036683479999123, 1.4833706545479408, 1.0112688435157549, 0.05156688663574824, 1.5118083532294129, 0.9140770810808272]"
cube,412,/home/humanoid/Programs/hand/results/phase1/run_20260413_pollard_multiscene_500_run3/cube/generated_mjcf/scene_cube_tn0d0022p0d0223p0d0000_ip0d0189n0d0096p0d0055_mp0d0016p0d0090p0d0000.xml,cube_s2,True,0.012,4.0,0.55,0.3,3.0,3.0,7.092558091236137,0.05069015935091464,6.0,0.0048653577071891075,1.0069909077456503,0.003872759800735529,0.0,1.0,1.0,1.0,1.0,1.0,1.0,0.0,0.08549855006268259,0.02416605120510673,-0.0021633292292821196,0.02230517427223252,0.0,0.018897786349753608,-0.009618802295454976,0.005502816790046914,0.0016095316072317848,0.009027481605026609,0.0,"[0.017223146151747647, 1.459904436214625, -1.196363758888488, -0.16288070789033632, 1.4786822661138344, 0.8783849268062217, 0.14840284864208186, 1.4237321528457243, 1.0573572983017683]"
cube,414,/home/humanoid/Programs/hand/results/phase1/run_20260413_pollard_multiscene_500_run3/cube/generated_mjcf/scene_cube_tp0d0119p0d0161p0d0000_ip0d0066n0d0103p0d0010_mn0d0012p0d0040p0d0000.xml,cube_s0,True,0.012,4.0,0.55,0.3,2.0,3.0,6.664200000287215,0.04865160726813785,5.0,0.007385040520769777,0.6679538793194393,0.006932677431656172,0.0012812962320341154,1.0,1.0,1.0,1.0,1.0,1.0,0.0,0.05027470247521757,0.03279353861718135,0.011926975172027825,0.016136097000490002,0.0,0.006603760238197899,-0.010256639026435648,0.000980959618551415,-0.0012493701764418955,0.004048123202399532,0.0,"[0.05678979513303625, 1.2676084262416583, -0.9349968107595399, -0.13036683479999123, 1.4833706545479408, 1.0112688435157549, 0.05156688663574824, 1.5118083532294129, 0.9140770810808272]"
cube,415,/home/humanoid/Programs/hand/results/phase1/run_20260413_pollard_multiscene_500_run3/cube/generated_mjcf/scene_cube_tp0d0091p0d0097p0d0079_ip0d0109n0d0031p0d0000_mp0d0176p0d0167p0d0000.xml,cube_s2,True,0.012,4.0,0.55,0.3,1.0,3.0,5.756246652309851,0.0497895416181416,5.0,0.007714402668471859,0.24333048337658303,0.00934127984217612,0.0,1.0,0.7111111111111111,1.0,1.0,0.7111111111111111,0.7111111111111111,0.28888888888888886,0.02986333285302971,0.01709582915117369,0.00906606741877758,0.009713425617874147,0.00791014140138167,0.010867190352182917,-0.003114253838119847,0.0,0.017584104657214175,0.01666546351720368,0.0,"[0.017223146151747647, 1.459904436214625, -1.196363758888488, -0.16288070789033632, 1.4786822661138344, 0.8783849268062217, 0.14840284864208186, 1.4237321528457243, 1.0573572983017683]"
cube,416,/home/humanoid/Programs/hand/results/phase1/run_20260413_pollard_multiscene_500_run3/cube/generated_mjcf/scene_cube_tn0d0072p0d0300p0d0000_in0d0010n0d0137p0d0020_mp0d0146p0d0033p0d0000.xml,cube_s2,True,0.012,4.0,0.55,0.3,1.0,3.0,6.8466918088145725,0.05139580018016167,5.0,0.005574942026497824,0.20151937730009586,0.0037951239874519354,0.0,1.0,1.0,1.0,1.0,1.0,1.0,0.0,0.06820769597709725,0.039609933882534844,-0.007174041971646325,0.03,0.0,-0.0009581709355264475,-0.013714458911787292,0.0019873955854658922,0.014588047567082667,0.0033140840490026857,0.0,"[0.017223146151747647, 1.459904436214625, -1.196363758888488, -0.16288070789033632, 1.4786822661138344, 0.8783849268062217, 0.14840284864208186, 1.4237321528457243, 1.0573572983017683]"
cube,417,/home/humanoid/Programs/hand/results/phase1/run_20260413_pollard_multiscene_500_run3/cube/generated_mjcf/scene_cube_tn0d0119p0d0130p0d0033_ip0d0053n0d0196p0d0063_mp0d0108p0d0186p0d0073.xml,cube_s2,True,0.012,4.0,0.55,0.3,1.0,3.0,7.2378049710797745,0.051709455813430186,6.0,0.006367580686027154,0.6464556153451594,0.003783102078082272,0.0,1.0,1.0,1.0,1.0,1.0,1.0,0.0,0.02261218953271214,0.03402335343049758,-0.011856844397496631,0.01301493444648736,0.0033127292805139857,0.005330779465385114,-0.019633635020686522,0.006301068543077583,0.01080103995901315,0.018606390761993538,0.007283380888463132,"[0.017223146151747647, 1.459904436214625, -1.196363758888488, -0.16288070789033632, 1.4786822661138344, 0.8783849268062217, 0.14840284864208186, 1.4237321528457243, 1.0573572983017683]"
cube,418,/home/humanoid/Programs/hand/results/phase1/run_20260413_pollard_multiscene_500_run3/cube/generated_mjcf/scene_cube_tn0d0063p0d0094p0d0039_ip0d0171n0d0119p0d0074_mp0d0067p0d0205p0d0006.xml,cube_s1,True,0.012,4.0,0.55,0.3,1.0,3.0,4.9225369456063675,0.04991894576581092,4.0,0.011313994627953324,0.15016752288518942,0.004799796009620462,0.00039975544009868136,1.0,0.7055555555555556,0.5916666666666667,1.0,0.2972222222222222,0.5916666666666667,0.4083333333333333,0.06195417813584384,0.02784603806715665,-0.006296620053095982,0.009416219417424817,0.003924512405020338,0.01710157573507877,-0.01187522612800575,0.007410642288759425,0.006671445387090337,0.020463784667246666,0.0006463969782932299,"[0.06036170920245503, 1.2993465425771293, -1.1345514683028701, -0.1383249921310328, 1.4780464267210218, 1.1128198085346774, 0.0768344744793424, 1.5414267067782164, 1.0540476209430327]"
cube,419,/home/humanoid/Programs/hand/results/phase1/run_20260413_pollard_multiscene_500_run3/cube/generated_mjcf/scene_cube_tn0d0041p0d0241p0d0000_ip0d0099n0d0077p0d0052_mp0d0009p0d0211p0d0000.xml,cube_s1,True,0.012,4.0,0.55,0.3,2.0,3.0,6.6571397244601656,0.05084417371136414,6.0,0.0049265545951916985,1.4424419122976195,0.019101645489364383,0.0,1.0,1.0,1.0,0.9611111111111111,0.9611111111111111,0.9611111111111111,0.03888888888888886,0.18720353321458727,0.10874710650355916,-0.0041412976865153744,0.02409152225526526,0.0,0.009925318078709394,-0.0076590425951469,0.005194099965976872,0.0008881900785973618,0.021141476289865326,0.0,"[0.06036170920245503, 1.2993465425771293, -1.1345514683028701, -0.1383249921310328, 1.4780464267210218, 1.1128198085346774, 0.0768344744793424, 1.5414267067782164, 1.0540476209430327]"
cube,420,/home/humanoid/Programs/hand/results/phase1/run_20260413_pollard_multiscene_500_run3/cube/generated_mjcf/scene_cube_tp0d0071p0d0239p0d0000_ip0d0117n0d0022p0d0000_mp0d0151p0d0196p0d0030.xml,cube_s2,True,0.012,4.0,0.55,0.3,1.0,3.0,7.333366184692051,0.05087056387859691,6.0,0.0065428690226687035,0.05618126026626903,0.00036492694310297967,8.859310958021782e-05,1.0,1.0,1.0,1.0,1.0,1.0,0.0,0.012238060114756873,0.020199769770452996,0.007137772626772659,0.023857670287552885,0.0,0.011669115350941957,-0.002227125826247416,0.0,0.015091260244914308,0.019558435737760817,0.0029842274549594285,"[0.017223146151747647, 1.459904436214625, -1.196363758888488, -0.16288070789033632, 1.4786822661138344, 0.8783849268062217, 0.14840284864208186, 1.4237321528457243, 1.0573572983017683]"
cube,423,/home/humanoid/Programs/hand/results/phase1/run_20260413_pollard_multiscene_500_run3/cube/generated_mjcf/scene_cube_tp0d0012p0d0181p0d0075_ip0d0212n0d0045p0d0015_mp0d0201p0d0059p0d0019.xml,cube_s2,True,0.012,4.0,0.55,0.3,3.0,3.0,6.941572691781281,0.052194834770010995,5.0,0.006716583311424408,0.10643039637170935,0.005569007068195477,0.0,1.0,1.0,1.0,1.0,1.0,1.0,0.0,0.012845504920630227,0.01917850352138974,0.001238563357003111,0.018056065507205808,0.007519693428228502,0.021206132398409232,-0.004470630085174411,0.001547317764403448,0.020053196267056254,0.005944634302786423,0.0019053686702290105,"[0.017223146151747647, 1.459904436214625, -1.196363758888488, -0.16288070789033632, 1.4786822661138344, 0.8783849268062217, 0.14840284864208186, 1.4237321528457243, 1.0573572983017683]"
cube,424,/home/humanoid/Programs/hand/results/phase1/run_20260413_pollard_multiscene_500_run3/cube/generated_mjcf/scene_cube_tp0d0094p0d0236p0d0023_ip0d0102n0d0222p0d0000_mp0d0161p0d0091p0d0072.xml,cube_s2,True,0.012,4.0,0.55,0.3,1.0,3.0,7.511097880243231,0.0490816548462962,7.0,0.005067731339925603,0.6393392647846945,0.005741042146340838,0.0,1.0,1.0,1.0,1.0,1.0,1.0,0.0,0.05804759945912721,0.016459669284818252,0.009439976988392936,0.0235887609771427,0.0023219766442525783,0.010182597409066308,-0.022214054731901495,0.0,0.01607133661999266,0.00907854784007011,0.007199720664709967,"[0.017223146151747647, 1.459904436214625, -1.196363758888488, -0.16288070789033632, 1.4786822661138344, 0.8783849268062217, 0.14840284864208186, 1.4237321528457243, 1.0573572983017683]"
cube,425,/home/humanoid/Programs/hand/results/phase1/run_20260413_pollard_multiscene_500_run3/cube/generated_mjcf/scene_cube_tn0d0097p0d0265p0d0000_ip0d0173n0d0239p0d0060_mp0d0079p0d0266p0d0000.xml,cube_s2,True,0.012,4.0,0.55,0.3,3.0,3.0,7.298720300028413,0.05157949756253858,6.0,0.005769172885629235,0.18499209430258123,0.0017419961677766851,1.6827537320962538e-05,1.0,1.0,1.0,1.0,1.0,1.0,0.0,0.04009876103060972,0.033044572517339145,-0.009735946968143526,0.026515306910265567,0.0,0.017292401019917678,-0.023949163087233355,0.0060141306694627104,0.00787056582813915,0.026566998527488665,0.0,"[0.017223146151747647, 1.459904436214625, -1.196363758888488, -0.16288070789033632, 1.4786822661138344, 0.8783849268062217, 0.14840284864208186, 1.4237321528457243, 1.0573572983017683]"
cube,426,/home/humanoid/Programs/hand/results/phase1/run_20260413_pollard_multiscene_500_run3/cube/generated_mjcf/scene_cube_tn0d0023p0d0240p0d0049_ip0d0145n0d0043p0d0105_mp0d0153p0d0156p0d0059.xml,cube_s2,True,0.012,4.0,0.55,0.3,3.0,3.0,7.280382442282594,0.05033385612253692,6.0,0.005695743474103025,0.13893962766089085,0.0011261395783468187,0.0,1.0,1.0,1.0,1.0,1.0,1.0,0.0,0.03356004733218645,0.01750641221318272,-0.002251750389289927,0.023967651029735318,0.004939390703879207,0.014508762345518499,-0.004347934226913543,0.010485183735368647,0.015342193193272654,0.015622395217333425,0.005919397109665846,"[0.017223146151747647, 1.459904436214625, -1.196363758888488, -0.16288070789033632, 1.4786822661138344, 0.8783849268062217, 0.14840284864208186, 1.4237321528457243, 1.0573572983017683]"
cube,428,/home/humanoid/Programs/hand/results/phase1/run_20260413_pollard_multiscene_500_run3/cube/generated_mjcf/scene_cube_tp0d0039p0d0091p0d0000_ip0d0043n0d0228p0d0000_mp0d0132p0d0109p0d0085.xml,cube_s2,True,0.012,4.0,0.55,0.3,1.0,3.0,5.793520174337204,0.051189793960509614,5.0,0.007329286330038432,0.30789888203712057,0.00945553116549722,0.0,1.0,0.7083333333333334,1.0,1.0,0.7083333333333334,0.7083333333333334,0.29166666666666663,0.022133209062690857,0.01682562651862855,0.003934916242328907,0.009055660371116435,0.0,0.0042966683546525174,-0.022817310905164527,0.0,0.013238842010290162,0.010876905015767713,0.008523745451003876,"[0.017223146151747647, 1.459904436214625, -1.196363758888488, -0.16288070789033632, 1.4786822661138344, 0.8783849268062217, 0.14840284864208186, 1.4237321528457243, 1.0573572983017683]"
cube,429,/home/humanoid/Programs/hand/results/phase1/run_20260413_pollard_multiscene_500_run3/cube/generated_mjcf/scene_cube_tp0d0051p0d0136p0d0089_in0d0006n0d0155p0d0015_mp0d0118p0d0055p0d0053.xml,cube_s2,True,0.012,4.0,0.55,0.3,1.0,3.0,5.999048896425701,0.048088125473042975,5.0,0.0072450486541986705,0.6423427468872214,0.011254934306017232,0.0,1.0,0.8222222222222222,1.0,1.0,0.8222222222222222,0.8222222222222222,0.1777777777777778,0.05117994587990312,0.028968868146634186,0.005125087482668465,0.013563331531296553,0.008941585970417887,-0.0005944345291723756,-0.015549005861688751,0.0015394288276203757,0.011795680983158995,0.005463134066536002,0.00529108644876362,"[0.017223146151747647, 1.459904436214625, -1.196363758888488, -0.16288070789033632, 1.4786822661138344, 0.8783849268062217, 0.14840284864208186, 1.4237321528457243, 1.0573572983017683]"
cube,430,/home/humanoid/Programs/hand/results/phase1/run_20260413_pollard_multiscene_500_run3/cube/generated_mjcf/scene_cube_tp0d0108p0d0253p0d0023_ip0d0047n0d0158p0d0000_mp0d0045p0d0174p0d0005.xml,cube_s2,True,0.012,4.0,0.55,0.3,1.0,3.0,7.103926076922647,0.049937581373047435,6.0,0.004842215485064467,0.9232242376741752,0.0032692456038257507,0.0,1.0,1.0,1.0,1.0,1.0,1.0,0.0,0.06644640967595823,0.01931864242769173,0.010755727203491484,0.025319041018740367,0.0023424459642572733,0.004681210473767024,-0.0158168109349753,0.0,0.004522423977653443,0.01743127013831674,0.00046354652795747506,"[0.017223146151747647, 1.459904436214625, -1.196363758888488, -0.16288070789033632, 1.4786822661138344, 0.8783849268062217, 0.14840284864208186, 1.4237321528457243, 1.0573572983017683]"
cube,431,/home/humanoid/Programs/hand/results/phase1/run_20260413_pollard_multiscene_500_run3/cube/generated_mjcf/scene_cube_tn0d0090p0d0163p0d0012_ip0d0106n0d0210p0d0079_mp0d0186p0d0239p0d0033.xml,cube_s2,True,0.012,4.0,0.55,0.3,2.0,3.0,7.2656513034231205,0.05053235395711887,6.0,0.005991965271743356,0.2428737780529085,0.001802924357321746,0.0,1.0,1.0,1.0,1.0,1.0,1.0,0.0,0.03255729590351858,0.022382491554334933,-0.009045069329629866,0.016286414078574243,0.001232079353439438,0.010607776781234562,-0.021005149767894388,0.007941771113298229,0.018568443556381972,0.023899946224055856,0.0033294426360466443,"[0.017223146151747647, 1.459904436214625, -1.196363758888488, -0.16288070789033632, 1.4786822661138344, 0.8783849268062217, 0.14840284864208186, 1.4237321528457243, 1.0573572983017683]"
cube,432,/home/humanoid/Programs/hand/results/phase1/run_20260413_pollard_multiscene_500_run3/cube/generated_mjcf/scene_cube_tp0d0063p0d0270p0d0000_ip0d0020n0d0149p0d0044_mp0d0158p0d0060p0d0000.xml,cube_s2,True,0.012,4.0,0.55,0.3,1.0,3.0,6.976592694163101,0.05012372580176182,6.0,0.004989767172310095,0.9786865074214589,0.008580178551086672,0.0,1.0,1.0,1.0,1.0,1.0,1.0,0.0,0.14120645131045603,0.05653535164749449,0.0063085193443046805,0.02696360007822303,0.0,0.001961325675993948,-0.014902927055320836,0.00437067189933418,0.015768154956900225,0.005974865905798616,0.0,"[0.017223146151747647, 1.459904436214625, -1.196363758888488, -0.16288070789033632, 1.4786822661138344, 0.8783849268062217, 0.14840284864208186, 1.4237321528457243, 1.0573572983017683]"
cube,434,/home/humanoid/Programs/hand/results/phase1/run_20260413_pollard_multiscene_500_run3/cube/generated_mjcf/scene_cube_tp0d0061p0d0184p0d0000_ip0d0176n0d0215p0d0000_mp0d0035p0d0238p0d0000.xml,cube_s0,True,0.012,4.0,0.55,0.3,2.0,3.0,5.360681556243074,0.054063625665682485,6.0,0.0051534691089726355,3.89734955226049,0.03312287611239121,0.0,1.0,1.0,1.0,0.6833333333333333,0.6833333333333333,0.6833333333333333,0.31666666666666665,0.10670361094295598,0.18239020676298248,0.006131997720201,0.018435290362744716,0.0,0.017619931956625062,-0.021477761725560728,0.0,0.0035011270404651136,0.02378280003369332,0.0,"[0.05678979513303625, 1.2676084262416583, -0.9349968107595399, -0.13036683479999123, 1.4833706545479408, 1.0112688435157549, 0.05156688663574824, 1.5118083532294129, 0.9140770810808272]"
cube,435,/home/humanoid/Programs/hand/results/phase1/run_20260413_pollard_multiscene_500_run3/cube/generated_mjcf/scene_cube_tp0d0106p0d0242p0d0000_ip0d0096n0d0043p0d0000_mp0d0168p0d0273p0d0000.xml,cube_s2,True,0.012,4.0,0.55,0.3,1.0,3.0,6.862962138151697,0.04998439830517071,5.0,0.006782874592956589,0.09854362379614946,0.0018365418238034527,0.0013249601410977585,1.0,1.0,1.0,1.0,1.0,1.0,0.0,0.019869863108798385,0.022711748058301062,0.01063084908390945,0.024171536197284713,0.0,0.009551757925849768,-0.004272562894365733,0.0,0.01678767899884418,0.02727275818868951,0.0,"[0.017223146151747647, 1.459904436214625, -1.196363758888488, -0.16288070789033632, 1.4786822661138344, 0.8783849268062217, 0.14840284864208186, 1.4237321528457243, 1.0573572983017683]"
cube,436,/home/humanoid/Programs/hand/results/phase1/run_20260413_pollard_multiscene_500_run3/cube/generated_mjcf/scene_cube_tn0d0076p0d0236p0d0000_ip0d0170n0d0200p0d0017_mn0d0013p0d0079p0d0047.xml,cube_s2,True,0.012,4.0,0.55,0.3,1.0,3.0,7.284198434617616,0.05046318677095764,6.0,0.005744823603530465,0.11446567032558985,0.0011498481212552005,6.842752046301581e-05,1.0,1.0,1.0,1.0,1.0,1.0,0.0,0.031734676888286954,0.027797417497258115,-0.007610571290414185,0.023550381931943205,0.0,0.016999661265836574,-0.019983140800411376,0.0017189998139261614,-0.0013349599660444859,0.007934704045173926,0.004699890575137328,"[0.017223146151747647, 1.459904436214625, -1.196363758888488, -0.16288070789033632, 1.4786822661138344, 0.8783849268062217, 0.14840284864208186, 1.4237321528457243, 1.0573572983017683]"
cube,437,/home/humanoid/Programs/hand/results/phase1/run_20260413_pollard_multiscene_500_run3/cube/generated_mjcf/scene_cube_tp0d0026p0d0114p0d0000_ip0d0156n0d0003p0d0000_mp0d0170p0d0047p0d0000.xml,cube_s2,True,0.012,4.0,0.55,0.3,2.0,3.0,6.734476421155073,0.052109205857490515,5.0,0.007113307335335589,1.0354161759024891,0.010481805368125931,0.0,1.0,1.0,1.0,1.0,1.0,1.0,0.0,0.042686720434170634,0.028458380316246885,0.0026176839625111185,0.011391178484980292,0.0,0.015624984481607816,-0.0003278282907494979,0.0,0.01703328899292387,0.004654251325363892,0.0,"[0.017223146151747647, 1.459904436214625, -1.196363758888488, -0.16288070789033632, 1.4786822661138344, 0.8783849268062217, 0.14840284864208186, 1.4237321528457243, 1.0573572983017683]"
cube,438,/home/humanoid/Programs/hand/results/phase1/run_20260413_pollard_multiscene_500_run3/cube/generated_mjcf/scene_cube_tp0d0102p0d0223p0d0000_ip0d0153n0d0106p0d0001_mp0d0175p0d0220p0d0000.xml,cube_s1,True,0.012,4.0,0.55,0.3,3.0,3.0,7.012349270265902,0.04987835529433016,6.0,0.004869711576491212,1.4964144682758769,0.0038102360097779257,0.0,1.0,1.0,1.0,1.0,1.0,1.0,0.0,0.06515944343274167,0.0223414242997609,0.01018342807798086,0.02234125613906514,0.0,0.015265627310635044,-0.01062878129420388,0.0001183555941337601,0.017501498305174445,0.02201449786772612,0.0,"[0.06036170920245503, 1.2993465425771293, -1.1345514683028701, -0.1383249921310328, 1.4780464267210218, 1.1128198085346774, 0.0768344744793424, 1.5414267067782164, 1.0540476209430327]"
cube,439,/home/humanoid/Programs/hand/results/phase1/run_20260413_pollard_multiscene_500_run3/cube/generated_mjcf/scene_cube_tp0d0041p0d0221p0d0000_ip0d0023n0d0110p0d0000_mp0d0163p0d0236p0d0038.xml,cube_s2,True,0.012,4.0,0.55,0.3,2.0,3.0,7.245573881201176,0.04869929667772219,6.0,0.007168756347520073,0.0830138565826739,0.00032640574837384693,0.0009312237708361121,1.0,1.0,1.0,1.0,1.0,1.0,0.0,0.00856868367549086,0.020820215841782213,0.004055396234236862,0.02212583123867185,0.0,0.002321135574197007,-0.011019493156771299,0.0,0.016328507377646455,0.0235699176351113,0.0038354519921154837,"[0.017223146151747647, 1.459904436214625, -1.196363758888488, -0.16288070789033632, 1.4786822661138344, 0.8783849268062217, 0.14840284864208186, 1.4237321528457243, 1.0573572983017683]"
cube,440,/home/humanoid/Programs/hand/results/phase1/run_20260413_pollard_multiscene_500_run3/cube/generated_mjcf/scene_cube_tn0d0057p0d0197p0d0105_ip0d0083n0d0174p0d0070_mp0d0210p0d0172p0d0027.xml,cube_s2,True,0.012,4.0,0.55,0.3,3.0,3.0,7.288975353011877,0.051372467243402345,6.0,0.006058219823594325,0.08391901505306243,0.0023680265946805267,2.22981397889066e-05,1.0,1.0,1.0,1.0,1.0,1.0,0.0,0.03921517615333778,0.061331590406338767,-0.0057197918777049635,0.019696955628222775,0.010458688009170419,0.008337152167123458,-0.01735205375378309,0.007023605683724916,0.02102385264600795,0.017152563023836435,0.002682832330421164,"[0.017223146151747647, 1.459904436214625, -1.196363758888488, -0.16288070789033632, 1.4786822661138344, 0.8783849268062217, 0.14840284864208186, 1.4237321528457243, 1.0573572983017683]"
cube,441,/home/humanoid/Programs/hand/results/phase1/run_20260413_pollard_multiscene_500_run3/cube/generated_mjcf/scene_cube_tp0d0019p0d0226p0d0066_ip0d0082n0d0120p0d0000_mp0d0103p0d0238p0d0000.xml,cube_s1,True,0.012,4.0,0.55,0.3,3.0,3.0,7.130106993022253,0.04948231588375403,6.0,0.004982004205595341,0.8025720759570346,0.0031439613521079567,7.218186427791762e-05,1.0,1.0,1.0,1.0,1.0,1.0,0.0,0.04424086592187664,0.0149068533970661,0.0019416655371988813,0.02259363229947895,0.006594002727760957,0.008215286594117186,-0.01202021011361221,0.0,0.010305003915128633,0.023819476571518408,0.0,"[0.06036170920245503, 1.2993465425771293, -1.1345514683028701, -0.1383249921310328, 1.4780464267210218, 1.1128198085346774, 0.0768344744793424, 1.5414267067782164, 1.0540476209430327]"
cube,443,/home/humanoid/Programs/hand/results/phase1/run_20260413_pollard_multiscene_500_run3/cube/generated_mjcf/scene_cube_tp0d0113p0d0300p0d0000_in0d0006n0d0191p0d0000_mp0d0187p0d0119p0d0095.xml,cube_s2,True,0.012,4.0,0.55,0.3,1.0,3.0,5.963277120571467,0.04988093711180454,7.0,0.005430487779673229,1.0770957611815992,0.013470691069588167,0.0,1.0,1.0,1.0,0.6416666666666667,0.6416666666666667,0.6416666666666667,0.3583333333333333,0.19655315914924254,0.08550606607666883,0.011258075666834896,0.03,0.0,-0.0006457849871351617,-0.019081365910640965,0.0,0.018655235429646706,0.01185682668301296,0.009518651544530462,"[0.017223146151747647, 1.459904436214625, -1.196363758888488, -0.16288070789033632, 1.4786822661138344, 0.8783849268062217, 0.14840284864208186, 1.4237321528457243, 1.0573572983017683]"
cube,445,/home/humanoid/Programs/hand/results/phase1/run_20260413_pollard_multiscene_500_run3/cube/generated_mjcf/scene_cube_tp0d0077p0d0300p0d0000_ip0d0026n0d0098p0d0003_mp0d0090p0d0242p0d0073.xml,cube_s2,True,0.012,4.0,0.55,0.3,3.0,3.0,7.048988717426427,0.0503986103019816,6.0,0.005549073409422502,1.0551868764284122,0.0010379674121183183,0.00279785875651406,1.0,1.0,1.0,1.0,1.0,1.0,0.0,0.06025050103472848,0.09106770854843393,0.00768753876739613,0.03,0.0,0.0025976512521246773,-0.009816610602493132,0.00029591957992342564,0.009017485474437894,0.024158653166428484,0.007259589915213454,"[0.017223146151747647, 1.459904436214625, -1.196363758888488, -0.16288070789033632, 1.4786822661138344, 0.8783849268062217, 0.14840284864208186, 1.4237321528457243, 1.0573572983017683]"
cube,446,/home/humanoid/Programs/hand/results/phase1/run_20260413_pollard_multiscene_500_run3/cube/generated_mjcf/scene_cube_tn0d0011p0d0133p0d0000_ip0d0064n0d0056p0d0000_mp0d0169p0d0078p0d0097.xml,cube_s1,True,0.012,4.0,0.55,0.3,3.0,3.0,6.908860437847138,0.052445797235945814,5.0,0.007143108995638814,0.14597348281880715,0.01224231933491889,0.0,1.0,1.0,1.0,1.0,1.0,1.0,0.0,0.006301207240218679,0.021610203494270525,-0.0011360838082298663,0.01325824991429327,0.0,0.006370644463462772,-0.005629206754397946,0.0,0.016873785784942086,0.00783212339710345,0.009701247693015839,"[0.06036170920245503, 1.2993465425771293, -1.1345514683028701, -0.1383249921310328, 1.4780464267210218, 1.1128198085346774, 0.0768344744793424, 1.5414267067782164, 1.0540476209430327]"
cube,447,/home/humanoid/Programs/hand/results/phase1/run_20260413_pollard_multiscene_500_run3/cube/generated_mjcf/scene_cube_tn0d0090p0d0157p0d0000_ip0d0219n0d0157p0d0059_mp0d0063p0d0143p0d0034.xml,cube_s1,True,0.012,4.0,0.55,0.3,2.0,3.0,7.5897305241097826,0.05464975246663715,7.0,0.004886528818791641,0.3148724512212168,0.010397901463927942,0.0,1.0,1.0,1.0,1.0,1.0,1.0,0.0,0.15434421708717458,0.09855052206201649,-0.00904278167422818,0.015719803582083764,0.0,0.02194357027748288,-0.01567893837806663,0.005854617823766374,0.006262715532870271,0.0143171905155444,0.00339523737421424,"[0.06036170920245503, 1.2993465425771293, -1.1345514683028701, -0.1383249921310328, 1.4780464267210218, 1.1128198085346774, 0.0768344744793424, 1.5414267067782164, 1.0540476209430327]"
cube,449,/home/humanoid/Programs/hand/results/phase1/run_20260413_pollard_multiscene_500_run3/cube/generated_mjcf/scene_cube_tn0d0067p0d0251p0d0000_ip0d0118n0d0189p0d0103_mp0d0178p0d0230p0d0000.xml,cube_s2,True,0.012,4.0,0.55,0.3,3.0,3.0,7.260578025065551,0.048637960835375055,6.0,0.005218555098798265,0.02982533603966027,0.0015362526699786985,3.749409494556433e-05,1.0,1.0,1.0,1.0,1.0,1.0,0.0,0.015566403699556019,0.0032116894205109214,-0.006688079787446489,0.025055041151438993,0.0,0.011787691163478548,-0.018857419838083388,0.010269059958378499,0.017802052151034024,0.02298066643960671,0.0,"[0.017223146151747647, 1.459904436214625, -1.196363758888488, -0.16288070789033632, 1.4786822661138344, 0.8783849268062217, 0.14840284864208186, 1.4237321528457243, 1.0573572983017683]"
cube,450,/home/humanoid/Programs/hand/results/phase1/run_20260413_pollard_multiscene_500_run3/cube/generated_mjcf/scene_cube_tn0d0115p0d0097p0d0000_ip0d0058n0d0039p0d0082_mp0d0180p0d0149p0d0014.xml,cube_s2,True,0.012,4.0,0.55,0.3,3.0,3.0,7.33336818483871,0.05023600137812806,6.0,0.006706865991312603,0.024748099524198316,0.00047498646022908785,0.0,1.0,1.0,1.0,1.0,1.0,1.0,0.0,0.002321157528351795,0.005189680389580564,-0.011498837979600898,0.009706578963080024,0.0,0.005800274182427564,-0.003875181551276056,0.008213794678798934,0.018034952841468985,0.014892628460001858,0.0014142894425570804,"[0.017223146151747647, 1.459904436214625, -1.196363758888488, -0.16288070789033632, 1.4786822661138344, 0.8783849268062217, 0.14840284864208186, 1.4237321528457243, 1.0573572983017683]"
cube,451,/home/humanoid/Programs/hand/results/phase1/run_20260413_pollard_multiscene_500_run3/cube/generated_mjcf/scene_cube_tn0d0015p0d0169p0d0000_ip0d0172n0d0104p0d0011_mp0d0107p0d0072p0d0079.xml,cube_s1,True,0.012,4.0,0.55,0.3,3.0,3.0,7.3552529607624715,0.05041075293764222,7.0,0.004857605982778917,1.2110002776246571,0.010648411038681145,0.0,1.0,1.0,1.0,1.0,1.0,1.0,0.0,0.12675301782370096,0.054229308779925635,-0.0015262415059165927,0.016865296197385568,0.0,0.01723625189913445,-0.010377268605681585,0.0010902005619215262,0.010692937551189264,0.007170400093331903,0.007890693852559163,"[0.06036170920245503, 1.2993465425771293, -1.1345514683028701, -0.1383249921310328, 1.4780464267210218, 1.1128198085346774, 0.0768344744793424, 1.5414267067782164, 1.0540476209430327]"
cube,452,/home/humanoid/Programs/hand/results/phase1/run_20260413_pollard_multiscene_500_run3/cube/generated_mjcf/scene_cube_tp0d0042p0d0187p0d0000_in0d0003n0d0036p0d0030_mp0d0164p0d0240p0d0000.xml,cube_s2,True,0.012,4.0,0.55,0.3,1.0,3.0,7.295364940467647,0.050182905825187626,6.0,0.006887730167533117,0.11231452517951637,0.0015477828913434274,9.687376291882266e-05,1.0,1.0,1.0,1.0,1.0,1.0,0.0,0.01182247873950662,0.016284926118664705,0.004224288169672047,0.018713736538135094,0.0,-0.0002762932500023751,-0.0035924675596602177,0.0029657756018682153,0.016360768858148723,0.02400119577539169,0.0,"[0.017223146151747647, 1.459904436214625, -1.196363758888488, -0.16288070789033632, 1.4786822661138344, 0.8783849268062217, 0.14840284864208186, 1.4237321528457243, 1.0573572983017683]"
cube,453,/home/humanoid/Programs/hand/results/phase1/run_20260413_pollard_multiscene_500_run3/cube/generated_mjcf/scene_cube_tn0d0023p0d0300p0d0000_ip0d0087n0d0088p0d0000_mp0d0061p0d0096p0d0107.xml,cube_s2,True,0.012,4.0,0.55,0.3,1.0,3.0,7.21869408639749,0.050454372515544715,6.0,0.004918791085380506,0.2326158489471214,0.0024853106473631784,0.0,1.0,1.0,1.0,1.0,1.0,1.0,0.0,0.07342767402114726,0.028278908456838187,-0.002253257700280441,0.02996832043086915,0.0,0.008742601393709004,-0.008847917458295534,0.0,0.006059896220482771,0.009636807884215167,0.010725091745554787,"[0.017223146151747647, 1.459904436214625, -1.196363758888488, -0.16288070789033632, 1.4786822661138344, 0.8783849268062217, 0.14840284864208186, 1.4237321528457243, 1.0573572983017683]"
cube,454,/home/humanoid/Programs/hand/results/phase1/run_20260413_pollard_multiscene_500_run3/cube/generated_mjcf/scene_cube_tn0d0120p0d0128p0d0116_ip0d0050n0d0194p0d0076_mp0d0166p0d0127p0d0000.xml,cube_s1,True,0.012,4.0,0.55,0.3,3.0,3.0,7.063317775927255,0.050134834550012025,6.0,0.0052322570930483136,0.32542795651112744,0.005097951061572097,0.0008188151202980359,1.0,1.0,0.9805555555555555,1.0,0.9805555555555555,0.9805555555555555,0.019444444444444486,0.07534973038032049,0.09271901493413848,-0.011972388872996056,0.01282487263656613,0.011611864056680684,0.005026344630147989,-0.019399767209179065,0.007643009671431975,0.01662868765354221,0.01269309732471084,0.0,"[0.06036170920245503, 1.2993465425771293, -1.1345514683028701, -0.1383249921310328, 1.4780464267210218, 1.1128198085346774, 0.0768344744793424, 1.5414267067782164, 1.0540476209430327]"
cube,455,/home/humanoid/Programs/hand/results/phase1/run_20260413_pollard_multiscene_500_run3/cube/generated_mjcf/scene_cube_tn0d0042p0d0280p0d0000_ip0d0104n0d0162p0d0000_mp0d0194p0d0120p0d0006.xml,cube_s2,True,0.012,4.0,0.55,0.3,1.0,3.0,7.636487920474368,0.04913573740012964,7.0,0.005102660139863098,0.18487514867022595,0.0020724264738819446,0.0,1.0,1.0,1.0,1.0,1.0,1.0,0.0,0.029199206638236996,0.007385060936758929,-0.004184508743415265,0.027977910545990033,0.0,0.010384936074195428,-0.016192820587361226,0.0,0.019421232223716424,0.011961081300551542,0.0006333455042184973,"[0.017223146151747647, 1.459904436214625, -1.196363758888488, -0.16288070789033632, 1.4786822661138344, 0.8783849268062217, 0.14840284864208186, 1.4237321528457243, 1.0573572983017683]"
cube,456,/home/humanoid/Programs/hand/results/phase1/run_20260413_pollard_multiscene_500_run3/cube/generated_mjcf/scene_cube_tn0d0040p0d0123p0d0003_ip0d0092n0d0065p0d0071_mp0d0134p0d0052p0d0000.xml,cube_s2,True,0.012,4.0,0.55,0.3,2.0,3.0,7.15959164688055,0.04986941188394202,6.0,0.006189409696043115,0.23534512356434778,0.0067501184394242785,0.0005832154400559897,1.0,1.0,1.0,1.0,1.0,1.0,0.0,0.06113808879343093,0.05903959284006446,-0.004036233379079683,0.01228166921896134,0.0003371369671329571,0.009179435430101485,-0.006514778638218343,0.007092787816219352,0.01344244043374698,0.005212812531370138,0.0,"[0.017223146151747647, 1.459904436214625, -1.196363758888488, -0.16288070789033632, 1.4786822661138344, 0.8783849268062217, 0.14840284864208186, 1.4237321528457243, 1.0573572983017683]"
cube,457,/home/humanoid/Programs/hand/results/phase1/run_20260413_pollard_multiscene_500_run3/cube/generated_mjcf/scene_cube_tn0d0077p0d0092p0d0053_ip0d0059n0d0119p0d0000_mp0d0084p0d0256p0d0009.xml,cube_s2,True,0.012,4.0,0.55,0.3,1.0,3.0,5.282685928435502,0.04912512319865908,4.0,0.008947228307491527,0.35740676373575914,0.0031343543986782373,0.0,1.0,1.0,0.6916666666666667,1.0,0.6916666666666667,0.6916666666666667,0.30833333333333335,0.024653485160385204,0.023456601579530594,-0.0077221560129722205,0.009241343482545189,0.005305268489148921,0.005934026353985964,-0.01189567654957444,0.0,0.008416652191713826,0.02558215821274215,0.0008878869964164988,"[0.017223146151747647, 1.459904436214625, -1.196363758888488, -0.16288070789033632, 1.4786822661138344, 0.8783849268062217, 0.14840284864208186, 1.4237321528457243, 1.0573572983017683]"
cube,458,/home/humanoid/Programs/hand/results/phase1/run_20260413_pollard_multiscene_500_run3/cube/generated_mjcf/scene_cube_tn0d0087p0d0102p0d0000_ip0d0007n0d0098p0d0001_mp0d0183p0d0189p0d0098.xml,cube_s2,True,0.012,4.0,0.55,0.3,3.0,3.0,7.286043230667773,0.04962511226773174,6.0,0.007320628899510903,0.1555887103655783,0.0006628599091272239,0.00043339724958753323,1.0,1.0,1.0,1.0,1.0,1.0,0.0,0.0011244494958341765,0.0051075168066630665,-0.008684111063004037,0.010177429826163853,0.0,0.0006950654730162355,-0.009834574943168922,9.944646366308318e-05,0.018299039648385917,0.01888504637861417,0.00980088854210293,"[0.017223146151747647, 1.459904436214625, -1.196363758888488, -0.16288070789033632, 1.4786822661138344, 0.8783849268062217, 0.14840284864208186, 1.4237321528457243, 1.0573572983017683]"
cube,459,/home/humanoid/Programs/hand/results/phase1/run_20260413_pollard_multiscene_500_run3/cube/generated_mjcf/scene_cube_tp0d0038p0d0277p0d0015_ip0d0094n0d0050p0d0087_mp0d0111p0d0248p0d0007.xml,cube_s1,True,0.012,4.0,0.55,0.3,2.0,3.0,7.2091193610333635,0.050016751990724195,6.0,0.0048604995887798945,0.4193283845059833,0.00222174604149704,0.0,1.0,1.0,1.0,1.0,1.0,1.0,0.0,0.05132826360277761,0.00837592387353355,0.0038372290418067397,0.027679147460744107,0.00146902495111516,0.009444239676410551,-0.005007706588113394,0.008700653976734352,0.01105983181184128,0.024784398737338946,0.0006566282614868125,"[0.06036170920245503, 1.2993465425771293, -1.1345514683028701, -0.1383249921310328, 1.4780464267210218, 1.1128198085346774, 0.0768344744793424, 1.5414267067782164, 1.0540476209430327]"
cube,461,/home/humanoid/Programs/hand/results/phase1/run_20260413_pollard_multiscene_500_run3/cube/generated_mjcf/scene_cube_tn0d0027p0d0160p0d0096_ip0d0197n0d0084p0d0031_mp0d0191p0d0191p0d0000.xml,cube_s2,True,0.012,4.0,0.55,0.3,1.0,3.0,6.912097657748762,0.05098614051034678,5.0,0.006575409339561032,0.1247568833196989,0.0023792821442709055,0.0,1.0,1.0,1.0,1.0,1.0,1.0,0.0,0.017345661332469984,0.017863109476403793,-0.0027418946600591115,0.015962260923850703,0.009641864745706736,0.019737998008139197,-0.008400394671306056,0.003105569813784431,0.019108178305188572,0.01911854850404001,0.0,"[0.017223146151747647, 1.459904436214625, -1.196363758888488, -0.16288070789033632, 1.4786822661138344, 0.8783849268062217, 0.14840284864208186, 1.4237321528457243, 1.0573572983017683]"
cube,462,/home/humanoid/Programs/hand/results/phase1/run_20260413_pollard_multiscene_500_run3/cube/generated_mjcf/scene_cube_tn0d0074p0d0158p0d0080_ip0d0193n0d0065p0d0068_mp0d0003p0d0179p0d0022.xml,cube_s0,True,0.012,4.0,0.55,0.3,1.0,3.0,5.921993203416373,0.04835306080670407,6.0,0.005383803326451141,2.1003560653701894,0.016792138102083142,0.0,1.0,1.0,0.7944444444444444,1.0,0.7944444444444444,0.7944444444444444,0.2055555555555556,0.1671699841043388,0.07324019128600016,-0.007404738332604117,0.015765543940939562,0.007990530901553664,0.019324819285983626,-0.006543558792698018,0.006772267263960373,0.0002677811277845294,0.017936383260698505,0.0021669874134804725,"[0.05678979513303625, 1.2676084262416583, -0.9349968107595399, -0.13036683479999123, 1.4833706545479408, 1.0112688435157549, 0.05156688663574824, 1.5118083532294129, 0.9140770810808272]"
cube,463,/home/humanoid/Programs/hand/results/phase1/run_20260413_pollard_multiscene_500_run3/cube/generated_mjcf/scene_cube_tn0d0051p0d0300p0d0000_ip0d0060n0d0056p0d0000_mn0d0001p0d0189p0d0000.xml,cube_s2,True,0.012,4.0,0.55,0.3,1.0,3.0,7.222748883192259,0.049943235843732156,6.0,0.004823435962295407,0.4143128341526735,0.0017271439495709585,0.0,1.0,1.0,1.0,1.0,1.0,1.0,0.0,0.03853796920624111,0.009139482774414731,-0.005099808976157512,0.03,0.0,0.005961773689922919,-0.005637245574518971,0.0,-0.00013024896387718067,0.018937237793003735,0.0,"[0.017223146151747647, 1.459904436214625, -1.196363758888488, -0.16288070789033632, 1.4786822661138344, 0.8783849268062217, 0.14840284864208186, 1.4237321528457243, 1.0573572983017683]"
cube,465,/home/humanoid/Programs/hand/results/phase1/run_20260413_pollard_multiscene_500_run3/cube/generated_mjcf/scene_cube_tp0d0032p0d0149p0d0000_ip0d0097n0d0096p0d0000_mp0d0036p0d0065p0d0091.xml,cube_s1,True,0.012,4.0,0.55,0.3,3.0,3.0,7.769530549484113,0.057424008009474635,7.0,0.0063910003426954146,0.39681389862039834,0.011320016317948193,0.0,1.0,0.9833333333333333,1.0,1.0,0.9833333333333333,0.9833333333333333,0.01666666666666672,0.017793978769847656,0.044583137383022164,0.0031694280086304993,0.014940037139802399,0.0,0.009734840540635576,-0.009609581632785089,0.0,0.0036017896508224985,0.006460760873302428,0.009061009487349163,"[0.06036170920245503, 1.2993465425771293, -1.1345514683028701, -0.1383249921310328, 1.4780464267210218, 1.1128198085346774, 0.0768344744793424, 1.5414267067782164, 1.0540476209430327]"
cube,466,/home/humanoid/Programs/hand/results/phase1/run_20260413_pollard_multiscene_500_run3/cube/generated_mjcf/scene_cube_tn0d0008p0d0260p0d0051_ip0d0026n0d0104p0d0000_mp0d0041p0d0208p0d0000.xml,cube_s2,True,0.012,4.0,0.55,0.3,3.0,3.0,7.261652852539174,0.05276034603539708,6.0,0.00527718025418143,0.20869171892041397,0.005859859642142606,0.0,1.0,1.0,1.0,1.0,1.0,1.0,0.0,0.0692870431675473,0.07730987866579236,-0.00081991629980422,0.026034750194938505,0.005062310391965544,0.0025952577325081662,-0.010359114817091094,0.0,0.0040665430258067965,0.020832864965785874,0.0,"[0.017223146151747647, 1.459904436214625, -1.196363758888488, -0.16288070789033632, 1.4786822661138344, 0.8783849268062217, 0.14840284864208186, 1.4237321528457243, 1.0573572983017683]"
cube,467,/home/humanoid/Programs/hand/results/phase1/run_20260413_pollard_multiscene_500_run3/cube/generated_mjcf/scene_cube_tp0d0054p0d0136p0d0082_ip0d0144n0d0058p0d0089_mp0d0113p0d0095p0d0000.xml,cube_s2,True,0.012,4.0,0.55,0.3,1.0,3.0,5.4736201272113645,0.046498323639982755,5.0,0.006841897630120319,1.7883066462874744,0.012461806777851143,0.0010352798442247457,1.0,0.7416666666666667,1.0,1.0,0.7416666666666667,0.7416666666666667,0.2583333333333333,0.039757955636091635,0.029878507101547918,0.005381576913038623,0.013579279121502625,0.008177907166183992,0.014367376935843145,-0.0058438262028245504,0.008891983580539647,0.011325897271811802,0.00948655199872318,0.0,"[0.017223146151747647, 1.459904436214625, -1.196363758888488, -0.16288070789033632, 1.4786822661138344, 0.8783849268062217, 0.14840284864208186, 1.4237321528457243, 1.0573572983017683]"
cube,468,/home/humanoid/Programs/hand/results/phase1/run_20260413_pollard_multiscene_500_run3/cube/generated_mjcf/scene_cube_tn0d0114p0d0187p0d0000_in0d0008n0d0220p0d0034_mn0d0007p0d0127p0d0000.xml,cube_s0,True,0.012,4.0,0.55,0.3,2.0,3.0,7.197504035662805,0.052920514678366094,6.0,0.005348321979120126,0.36934318041660597,0.007989089529126579,0.000688617212884754,1.0,1.0,1.0,1.0,1.0,1.0,0.0,0.08431751789166986,0.09620079087646265,-0.011409274767089164,0.0186899836045733,0.0,-0.0008462088297067905,-0.021983896864782655,0.0034054610646400817,-0.0006828656042447961,0.012675653524392668,0.0,"[0.05678979513303625, 1.2676084262416583, -0.9349968107595399, -0.13036683479999123, 1.4833706545479408, 1.0112688435157549, 0.05156688663574824, 1.5118083532294129, 0.9140770810808272]"
cube,469,/home/humanoid/Programs/hand/results/phase1/run_20260413_pollard_multiscene_500_run3/cube/generated_mjcf/scene_cube_tn0d0118p0d0098p0d0078_ip0d0157n0d0179p0d0052_mp0d0014p0d0208p0d0000.xml,cube_s0,True,0.012,4.0,0.55,0.3,1.0,3.0,4.934115265617454,0.04967416568112432,4.0,0.010463809010727776,0.4415862571107949,0.003179026817221455,0.0003946951844720492,1.0,1.0,0.6055555555555555,1.0,0.6055555555555555,0.6055555555555555,0.3944444444444445,0.05174957000315597,0.04350980702734597,-0.011765599472505791,0.009785349809807487,0.007848847332914674,0.015698333536894954,-0.017885917142791793,0.005184286748598808,0.001352126037304658,0.020801664430839015,0.0,"[0.05678979513303625, 1.2676084262416583, -0.9349968107595399, -0.13036683479999123, 1.4833706545479408, 1.0112688435157549, 0.05156688663574824, 1.5118083532294129, 0.9140770810808272]"
cube,470,/home/humanoid/Programs/hand/results/phase1/run_20260413_pollard_multiscene_500_run3/cube/generated_mjcf/scene_cube_tp0d0022p0d0300p0d0106_in0d0001n0d0100p0d0000_mn0d0008p0d0202p0d0001.xml,cube_s2,True,0.012,4.0,0.55,0.3,1.0,3.0,7.168489824567558,0.049794711157490616,6.0,0.004962361840123434,0.5902154278372185,0.003074683838957242,0.0,1.0,1.0,1.0,1.0,1.0,1.0,0.0,0.05087922332151847,0.013081403467043414,0.00222650229601605,0.03,0.010567096174962709,-5.7014551148235754e-05,-0.010043033904746949,0.0,-0.0007655641616628912,0.020205489345903757,0.0001371397360768658,"[0.017223146151747647, 1.459904436214625, -1.196363758888488, -0.16288070789033632, 1.4786822661138344, 0.8783849268062217, 0.14840284864208186, 1.4237321528457243, 1.0573572983017683]"
cube,471,/home/humanoid/Programs/hand/results/phase1/run_20260413_pollard_multiscene_500_run3/cube/generated_mjcf/scene_cube_tp0d0030p0d0113p0d0000_ip0d0151n0d0021p0d0000_mp0d0216p0d0086p0d0000.xml,cube_s2,True,0.012,4.0,0.55,0.3,2.0,3.0,7.3240718071323165,0.05009542815661214,6.0,0.0066444347684908875,0.03046904717909314,0.0002343678883951201,8.359750317853132e-05,1.0,1.0,1.0,1.0,1.0,1.0,0.0,0.004976123011114909,0.00804690271126853,0.003032211930165382,0.011261223420214555,0.0,0.015117565516981355,-0.0020649879170627477,0.0,0.021614954396179616,0.008557351577785258,0.0,"[0.017223146151747647, 1.459904436214625, -1.196363758888488, -0.16288070789033632, 1.4786822661138344, 0.8783849268062217, 0.14840284864208186, 1.4237321528457243, 1.0573572983017683]"
cube,473,/home/humanoid/Programs/hand/results/phase1/run_20260413_pollard_multiscene_500_run3/cube/generated_mjcf/scene_cube_tp0d0028p0d0111p0d0000_ip0d0158n0d0076p0d0066_mp0d0190p0d0078p0d0052.xml,cube_s2,True,0.012,4.0,0.55,0.3,2.0,3.0,7.314683061699118,0.050422693519712805,6.0,0.006465097699855946,0.061036479915700645,0.0011578514252292775,2.5917727615842878e-05,1.0,1.0,1.0,1.0,1.0,1.0,0.0,0.011366677869542792,0.018801489902911233,0.002787428416073051,0.011124309693084186,0.0,0.015762279253828677,-0.007609730635977962,0.006600435282516717,0.01895273993524628,0.007783232773671751,0.005163729948006412,"[0.017223146151747647, 1.459904436214625, -1.196363758888488, -0.16288070789033632, 1.4786822661138344, 0.8783849268062217, 0.14840284864208186, 1.4237321528457243, 1.0573572983017683]"
cube,474,/home/humanoid/Programs/hand/results/phase1/run_20260413_pollard_multiscene_500_run3/cube/generated_mjcf/scene_cube_tp0d0075p0d0138p0d0000_ip0d0057n0d0219p0d0086_mp0d0161p0d0036p0d0000.xml,cube_s2,True,0.012,4.0,0.55,0.3,2.0,3.0,6.654294801202646,0.049390153342323474,5.0,0.0046935212273556655,0.6541854862277239,0.010449753405909219,0.0,1.0,1.0,1.0,1.0,1.0,1.0,0.0,0.046876917063592254,0.11454052578151803,0.007473701560144725,0.013832646818040854,0.0,0.005676260346304213,-0.021940866096397726,0.008647108538634853,0.016052627074017313,0.0035593571489968313,0.0,"[0.017223146151747647, 1.459904436214625, -1.196363758888488, -0.16288070789033632, 1.4786822661138344, 0.8783849268062217, 0.14840284864208186, 1.4237321528457243, 1.0573572983017683]"
cube,475,/home/humanoid/Programs/hand/results/phase1/run_20260413_pollard_multiscene_500_run3/cube/generated_mjcf/scene_cube_tp0d0076p0d0300p0d0000_ip0d0208n0d0131p0d0000_mn0d0016p0d0056p0d0012.xml,cube_s2,True,0.012,4.0,0.55,0.3,1.0,3.0,7.292017443174691,0.04972545202703975,6.0,0.0067808713977485675,0.08270189461779269,0.0011959061503730318,0.0003647187645303279,1.0,1.0,1.0,1.0,1.0,1.0,0.0,0.005046203350707907,0.011616170712448933,0.007629969449959299,0.03,0.0,0.02084695203995446,-0.013079106497613992,0.0,-0.0016474320179972243,0.005604879919699405,0.0012319919719836047,"[0.017223146151747647, 1.459904436214625, -1.196363758888488, -0.16288070789033632, 1.4786822661138344, 0.8783849268062217, 0.14840284864208186, 1.4237321528457243, 1.0573572983017683]"
cube,476,/home/humanoid/Programs/hand/results/phase1/run_20260413_pollard_multiscene_500_run3/cube/generated_mjcf/scene_cube_tp0d0118p0d0279p0d0112_ip0d0203n0d0028p0d0075_mp0d0128p0d0199p0d0107.xml,cube_s2,True,0.012,4.0,0.55,0.3,1.0,3.0,6.861842565224355,0.05062532686432748,5.0,0.006086020191417174,0.11555661648470344,0.0019651642091339837,0.0,1.0,1.0,1.0,1.0,1.0,1.0,0.0,0.04078358380183029,0.05592754622986634,0.011840430954169388,0.027935950600095887,0.01118669848282157,0.020329158687063302,-0.002805143197382407,0.007519427185789622,0.01275148782269786,0.019934227857964906,0.010702847419610532,"[0.017223146151747647, 1.459904436214625, -1.196363758888488, -0.16288070789033632, 1.4786822661138344, 0.8783849268062217, 0.14840284864208186, 1.4237321528457243, 1.0573572983017683]"
cube,477,/home/humanoid/Programs/hand/results/phase1/run_20260413_pollard_multiscene_500_run3/cube/generated_mjcf/scene_cube_tp0d0035p0d0101p0d0008_ip0d0170n0d0216p0d0000_mp0d0184p0d0054p0d0000.xml,cube_s2,True,0.012,4.0,0.55,0.3,1.0,3.0,6.269433858556488,0.050745200398103193,5.0,0.006698110690248984,2.8255590426704407,0.010108637557646148,0.0,1.0,0.9555555555555556,1.0,1.0,0.9555555555555556,0.9555555555555556,0.0444444444444444,0.03805481049391841,0.021422883512529117,0.003532706305282232,0.010064409176203722,0.0007671164180321852,0.016983686550221457,-0.02158511885854595,0.0,0.018377546113442306,0.0054433989863529875,0.0,"[0.017223146151747647, 1.459904436214625, -1.196363758888488, -0.16288070789033632, 1.4786822661138344, 0.8783849268062217, 0.14840284864208186, 1.4237321528457243, 1.0573572983017683]"
cube,478,/home/humanoid/Programs/hand/results/phase1/run_20260413_pollard_multiscene_500_run3/cube/generated_mjcf/scene_cube_tp0d0004p0d0216p0d0069_ip0d0154n0d0225p0d0015_mp0d0145p0d0270p0d0071.xml,cube_s0,True,0.012,4.0,0.55,0.3,3.0,3.0,7.45225675591844,0.052216401733423345,7.0,0.005114543188949789,0.39144600344680275,0.016374009429661426,0.0,1.0,1.0,1.0,1.0,1.0,1.0,0.0,0.16161196633293284,0.09303058989111256,0.0004021373010342118,0.021570085370465064,0.006861995303780965,0.015395232114689744,-0.022512682614668177,0.0014686024647519863,0.014504301258655013,0.027042155239312353,0.007146943895862106,"[0.05678979513303625, 1.2676084262416583, -0.9349968107595399, -0.13036683479999123, 1.4833706545479408, 1.0112688435157549, 0.05156688663574824, 1.5118083532294129, 0.9140770810808272]"
cube,479,/home/humanoid/Programs/hand/results/phase1/run_20260413_pollard_multiscene_500_run3/cube/generated_mjcf/scene_cube_tp0d0096p0d0159p0d0005_in0d0007n0d0051p0d0022_mp0d0147p0d0272p0d0076.xml,cube_s2,True,0.012,4.0,0.55,0.3,1.0,3.0,6.398465986314935,0.048292598597483145,4.0,0.008257948931840474,0.18252913629264808,0.0012000726283550587,0.0019087076649807605,1.0,1.0,1.0,1.0,1.0,1.0,0.0,0.008958159488456184,0.01763321810208479,0.009594060715247866,0.015874209928032755,0.0005246555194527141,-0.0006892630481953044,-0.005095977938302259,0.002235288648113707,0.01474634968078216,0.027241851348343935,0.007604286297816443,"[0.017223146151747647, 1.459904436214625, -1.196363758888488, -0.16288070789033632, 1.4786822661138344, 0.8783849268062217, 0.14840284864208186, 1.4237321528457243, 1.0573572983017683]"
cube,480,/home/humanoid/Programs/hand/results/phase1/run_20260413_pollard_multiscene_500_run3/cube/generated_mjcf/scene_cube_tn0d0066p0d0101p0d0000_ip0d0142n0d0234p0d0072_mp0d0124p0d0232p0d0000.xml,cube_s2,True,0.012,4.0,0.55,0.3,2.0,3.0,7.334847352020218,0.05070205106588749,6.0,0.006262421304993676,0.028833447461352323,0.0009923074351979551,0.0,1.0,1.0,1.0,1.0,1.0,1.0,0.0,0.011220763653705423,0.011399934583520436,-0.006594381918308316,0.010115788867042789,0.0,0.014238195089008763,-0.023356292142754483,0.007217844165074538,0.012374884987691043,0.02323082678296967,0.0,"[0.017223146151747647, 1.459904436214625, -1.196363758888488, -0.16288070789033632, 1.4786822661138344, 0.8783849268062217, 0.14840284864208186, 1.4237321528457243, 1.0573572983017683]"
cube,481,/home/humanoid/Programs/hand/results/phase1/run_20260413_pollard_multiscene_500_run3/cube/generated_mjcf/scene_cube_tn0d0042p0d0108p0d0000_ip0d0050n0d0165p0d0000_mp0d0091p0d0259p0d0100.xml,cube_s2,True,0.012,4.0,0.55,0.3,3.0,3.0,6.83614290297561,0.048348683130685285,5.0,0.007577460853173085,0.06145994254119567,0.0011822417099845248,0.0009865187485687404,1.0,1.0,1.0,1.0,1.0,1.0,0.0,0.007254538087621482,0.011001760360991689,-0.0042281149078721115,0.01083128765777069,0.0,0.004986767634672156,-0.016452708630349696,0.0,0.00910392439192348,0.02593147672649057,0.009987862840108785,"[0.017223146151747647, 1.459904436214625, -1.196363758888488, -0.16288070789033632, 1.4786822661138344, 0.8783849268062217, 0.14840284864208186, 1.4237321528457243, 1.0573572983017683]"
cube,482,/home/humanoid/Programs/hand/results/phase1/run_20260413_pollard_multiscene_500_run3/cube/generated_mjcf/scene_cube_tn0d0098p0d0121p0d0012_ip0d0047n0d0163p0d0119_mp0d0210p0d0054p0d0039.xml,cube_s2,True,0.012,4.0,0.55,0.3,2.0,3.0,7.225333145961545,0.05004985328487887,6.0,0.00588396383973256,0.16249584815167878,0.004360242097791493,0.0,1.0,1.0,1.0,1.0,1.0,1.0,0.0,0.03765402548269273,0.05290787207511569,-0.009785904135380658,0.012145531883004285,0.0011952640352207375,0.004714135885396038,-0.01625831757918936,0.011942494800905243,0.021011383902793244,0.00537992948582189,0.003885434767348487,"[0.017223146151747647, 1.459904436214625, -1.196363758888488, -0.16288070789033632, 1.4786822661138344, 0.8783849268062217, 0.14840284864208186, 1.4237321528457243, 1.0573572983017683]"
cube,484,/home/humanoid/Programs/hand/results/phase1/run_20260413_pollard_multiscene_500_run3/cube/generated_mjcf/scene_cube_tn0d0052p0d0171p0d0000_ip0d0114n0d0080p0d0001_mp0d0184p0d0173p0d0101.xml,cube_s2,True,0.012,4.0,0.55,0.3,3.0,3.0,7.3191461517699565,0.050673069856521424,6.0,0.006507594419557334,0.06315636124800053,0.0007748146581536704,0.0,1.0,1.0,1.0,1.0,1.0,1.0,0.0,0.016617908521152885,0.021311707423811405,-0.005160010769570534,0.017119655572404743,0.0,0.011431032996217559,-0.008025402495112839,6.745440736844431e-05,0.018422271121277062,0.017256367578312053,0.010058918050668147,"[0.017223146151747647, 1.459904436214625, -1.196363758888488, -0.16288070789033632, 1.4786822661138344, 0.8783849268062217, 0.14840284864208186, 1.4237321528457243, 1.0573572983017683]"
cube,485,/home/humanoid/Programs/hand/results/phase1/run_20260413_pollard_multiscene_500_run3/cube/generated_mjcf/scene_cube_tp0d0088p0d0135p0d0000_ip0d0118n0d0067p0d0000_mp0d0202p0d0130p0d0000.xml,cube_s2,True,0.012,4.0,0.55,0.3,1.0,3.0,6.92153427801247,0.05040714257886465,5.0,0.006732613286898633,0.08018400195499266,0.00027639864182281486,0.0,1.0,1.0,1.0,1.0,1.0,1.0,0.0,0.008163606973520534,0.014801773112576097,0.008772642373253814,0.013473487068065018,0.0,0.011840300635021877,-0.0066831136960992295,0.0,0.020173904665329145,0.012994021296588502,0.0,"[0.017223146151747647, 1.459904436214625, -1.196363758888488, -0.16288070789033632, 1.4786822661138344, 0.8783849268062217, 0.14840284864208186, 1.4237321528457243, 1.0573572983017683]"
cube,486,/home/humanoid/Programs/hand/results/phase1/run_20260413_pollard_multiscene_500_run3/cube/generated_mjcf/scene_cube_tp0d0076p0d0110p0d0119_ip0d0205n0d0031p0d0000_mp0d0192p0d0140p0d0000.xml,cube_s2,True,0.012,4.0,0.55,0.3,1.0,3.0,5.517402856670734,0.050578757055882426,5.0,0.007278530182976477,0.6458735135215977,0.00947573368563349,0.0,1.0,0.6527777777777778,1.0,1.0,0.6527777777777778,0.6527777777777778,0.3472222222222222,0.02509479264869301,0.018932716256928533,0.007581525711751653,0.010985390094024649,0.01190669299281387,0.020533639884696864,-0.00312243768418328,0.0,0.019226256050701995,0.014038426579401892,0.0,"[0.017223146151747647, 1.459904436214625, -1.196363758888488, -0.16288070789033632, 1.4786822661138344, 0.8783849268062217, 0.14840284864208186, 1.4237321528457243, 1.0573572983017683]"
cube,488,/home/humanoid/Programs/hand/results/phase1/run_20260413_pollard_multiscene_500_run3/cube/generated_mjcf/scene_cube_tp0d0040p0d0252p0d0000_ip0d0175n0d0024p0d0099_mp0d0139p0d0140p0d0000.xml,cube_s2,True,0.012,4.0,0.55,0.3,3.0,3.0,7.284427607994463,0.05058334501779277,6.0,0.005296812298456334,0.11076908880011149,0.001130228186319509,0.0,1.0,1.0,1.0,1.0,1.0,1.0,0.0,0.04131823764726577,0.02136174589234548,0.0040151865912417435,0.02517965433679476,0.0,0.017472318988795123,-0.0023861769190015748,0.009858527470894534,0.013947603886014506,0.014000716894325091,0.0,"[0.017223146151747647, 1.459904436214625, -1.196363758888488, -0.16288070789033632, 1.4786822661138344, 0.8783849268062217, 0.14840284864208186, 1.4237321528457243, 1.0573572983017683]"
cube,490,/home/humanoid/Programs/hand/results/phase1/run_20260413_pollard_multiscene_500_run3/cube/generated_mjcf/scene_cube_tn0d0103p0d0157p0d0000_ip0d0039n0d0154p0d0024_mp0d0106p0d0269p0d0095.xml,cube_s2,True,0.012,4.0,0.55,0.3,3.0,3.0,7.261531687961339,0.049281754099198175,6.0,0.007058946317861325,0.14592154464823925,0.0009077108275230397,0.000755997648481388,1.0,1.0,1.0,1.0,1.0,1.0,0.0,0.006289798407893318,0.0130310920456617,-0.01033819147763369,0.015694722108475882,0.0,0.0038626213160662783,-0.01540010741443225,0.002371286748752201,0.010604854281785482,0.02690137877281787,0.009546302702118915,"[0.017223146151747647, 1.459904436214625, -1.196363758888488, -0.16288070789033632, 1.4786822661138344, 0.8783849268062217, 0.14840284864208186, 1.4237321528457243, 1.0573572983017683]"
cube,491,/home/humanoid/Programs/hand/results/phase1/run_20260413_pollard_multiscene_500_run3/cube/generated_mjcf/scene_cube_tn0d0023p0d0233p0d0063_ip0d0006n0d0094p0d0055_mp0d0146p0d0041p0d0107.xml,cube_s2,True,0.012,4.0,0.55,0.3,3.0,3.0,7.312929989025905,0.051721131161502704,6.0,0.005842071379098719,0.06487829079423253,0.002662521132886075,0.0,1.0,1.0,1.0,1.0,1.0,1.0,0.0,0.03527037835614277,0.049296420191796066,-0.002329973913256801,0.023270871193499486,0.006282828895953191,0.0005698282814026179,-0.00942041051014574,0.005458426041261531,0.014598589441035268,0.00405319105217238,0.010694641674625756,"[0.017223146151747647, 1.459904436214625, -1.196363758888488, -0.16288070789033632, 1.4786822661138344, 0.8783849268062217, 0.14840284864208186, 1.4237321528457243, 1.0573572983017683]"
cube,492,/home/humanoid/Programs/hand/results/phase1/run_20260413_pollard_multiscene_500_run3/cube/generated_mjcf/scene_cube_tn0d0120p0d0103p0d0000_ip0d0137n0d0123p0d0000_mp0d0054p0d0081p0d0045.xml,cube_s2,True,0.012,4.0,0.55,0.3,3.0,3.0,6.886090238611268,0.05467932580879717,5.0,0.006251484215149439,0.8838243408308374,0.004958462569648735,0.0,1.0,1.0,1.0,1.0,1.0,1.0,0.0,0.025141649974726076,0.05543423949818207,-0.011976922786092133,0.010296461513639622,0.0,0.013723523804438831,-0.01225337989012358,0.0,0.005424176997103532,0.008063687818109542,0.004537319127635171,"[0.017223146151747647, 1.459904436214625, -1.196363758888488, -0.16288070789033632, 1.4786822661138344, 0.8783849268062217, 0.14840284864208186, 1.4237321528457243, 1.0573572983017683]"
cube,493,/home/humanoid/Programs/hand/results/phase1/run_20260413_pollard_multiscene_500_run3/cube/generated_mjcf/scene_cube_tp0d0088p0d0282p0d0000_ip0d0061n0d0212p0d0086_mp0d0193p0d0217p0d0044.xml,cube_s2,True,0.012,4.0,0.55,0.3,1.0,3.0,6.974308582073281,0.04760270564263651,6.0,0.004982135620983114,1.0489985035361626,0.006353190193193078,0.0,1.0,1.0,1.0,1.0,1.0,1.0,0.0,0.07437403523097157,0.02395778451295329,0.008810582318479962,0.02823864594716607,0.0,0.006079133984940187,-0.021190124465350433,0.008551471268848924,0.0193094866325604,0.021664834753422582,0.004377443391571888,"[0.017223146151747647, 1.459904436214625, -1.196363758888488, -0.16288070789033632, 1.4786822661138344, 0.8783849268062217, 0.14840284864208186, 1.4237321528457243, 1.0573572983017683]"
cube,494,/home/humanoid/Programs/hand/results/phase1/run_20260413_pollard_multiscene_500_run3/cube/generated_mjcf/scene_cube_tp0d0006p0d0298p0d0000_ip0d0182n0d0143p0d0033_mp0d0144p0d0134p0d0000.xml,cube_s2,True,0.012,4.0,0.55,0.3,3.0,3.0,7.23783289342632,0.05095403525894433,6.0,0.005430063350370114,0.13721836474815,0.002815213391368812,0.0,1.0,1.0,1.0,1.0,1.0,1.0,0.0,0.07359147742656098,0.04726540289799075,0.0006423515573065076,0.029804859421237912,0.0,0.01822084788801706,-0.014321454506167038,0.0032808942086269676,0.0143580323783207,0.013396258077430756,0.0,"[0.017223146151747647, 1.459904436214625, -1.196363758888488, -0.16288070789033632, 1.4786822661138344, 0.8783849268062217, 0.14840284864208186, 1.4237321528457243, 1.0573572983017683]"
cube,495,/home/humanoid/Programs/hand/results/phase1/run_20260413_pollard_multiscene_500_run3/cube/generated_mjcf/scene_cube_tp0d0045p0d0202p0d0000_ip0d0187n0d0027p0d0000_mp0d0092p0d0076p0d0019.xml,cube_s0,True,0.012,4.0,0.55,0.3,3.0,3.0,7.586098880755978,0.04973031073895702,7.0,0.004974913930468473,0.4320962367495503,0.003243663643036476,0.0,1.0,1.0,1.0,1.0,1.0,1.0,0.0,0.05167066125652505,0.017130177238808164,0.004459944146623599,0.020157888414723962,0.0,0.018738071733546885,-0.002711925195349201,0.0,0.0092276115898702,0.0075653226688972225,0.0018619001808148194,"[0.05678979513303625, 1.2676084262416583, -0.9349968107595399, -0.13036683479999123, 1.4833706545479408, 1.0112688435157549, 0.05156688663574824, 1.5118083532294129, 0.9140770810808272]"
cube,496,/home/humanoid/Programs/hand/results/phase1/run_20260413_pollard_multiscene_500_run3/cube/generated_mjcf/scene_cube_tn0d0009p0d0248p0d0099_ip0d0088n0d0012p0d0000_mp0d0184p0d0181p0d0000.xml,cube_s2,True,0.012,4.0,0.55,0.3,3.0,3.0,7.329418426576569,0.050787121841074145,6.0,0.006250766865739353,0.04077599842196526,0.001134141475611454,0.0,1.0,1.0,1.0,1.0,1.0,1.0,0.0,0.013361132020391209,0.018693846984386142,-0.0008933137833174749,0.024786767158425156,0.009864986063080061,0.008841727231664482,-0.0012339940763756874,0.0,0.018411304301340338,0.01808062999647958,0.0,"[0.017223146151747647, 1.459904436214625, -1.196363758888488, -0.16288070789033632, 1.4786822661138344, 0.8783849268062217, 0.14840284864208186, 1.4237321528457243, 1.0573572983017683]"
cube,497,/home/humanoid/Programs/hand/results/phase1/run_20260413_pollard_multiscene_500_run3/cube/generated_mjcf/scene_cube_tn0d0097p0d0212p0d0092_ip0d0104n0d0190p0d0000_mp0d0216p0d0200p0d0095.xml,cube_s2,True,0.012,4.0,0.55,0.3,3.0,3.0,7.294825514376612,0.050764771089212055,6.0,0.006355265078143118,0.12785514324721028,0.0018278649268389563,0.0,1.0,1.0,1.0,1.0,1.0,1.0,0.0,0.028293087390748917,0.021584790301321526,-0.009713218372601893,0.021152490188781035,0.009228060343378315,0.010391589576232495,-0.019031929684336403,0.0,0.02163107469634539,0.020045375014204635,0.009475648985567953,"[0.017223146151747647, 1.459904436214625, -1.196363758888488, -0.16288070789033632, 1.4786822661138344, 0.8783849268062217, 0.14840284864208186, 1.4237321528457243, 1.0573572983017683]"
cube,498,/home/humanoid/Programs/hand/results/phase1/run_20260413_pollard_multiscene_500_run3/cube/generated_mjcf/scene_cube_tn0d0119p0d0090p0d0017_ip0d0053n0d0047p0d0038_mp0d0079p0d0177p0d0074.xml,cube_s2,True,0.012,4.0,0.55,0.3,1.0,3.0,7.313743494992416,0.05049851469157286,6.0,0.007082261638024681,0.09732019317521319,0.000998983715098191,5.20874585005493e-07,1.0,1.0,1.0,1.0,1.0,1.0,0.0,0.012283769063793108,0.013316090221800617,-0.011909862353567426,0.008988565285749352,0.001733493470553472,0.005262883245504537,-0.00472709212620471,0.003801006143391579,0.00789349564076763,0.01765195848887168,0.0073960258272467334,"[0.017223146151747647, 1.459904436214625, -1.196363758888488, -0.16288070789033632, 1.4786822661138344, 0.8783849268062217, 0.14840284864208186, 1.4237321528457243, 1.0573572983017683]"
cube,499,/home/humanoid/Programs/hand/results/phase1/run_20260413_pollard_multiscene_500_run3/cube/generated_mjcf/scene_cube_tp0d0014p0d0095p0d0000_ip0d0084n0d0171p0d0015_mp0d0149p0d0186p0d0000.xml,cube_s2,True,0.012,4.0,0.55,0.3,1.0,3.0,6.90791451801543,0.05109532171831041,5.0,0.006850649748782948,0.07367438871391671,0.0027418126000381938,0.0004844164891522895,1.0,1.0,1.0,1.0,1.0,1.0,0.0,0.02077673601548336,0.025257349670479084,0.0013764715164408785,0.00947601429432269,0.0,0.008399100002780555,-0.017066066196626872,0.0014972733179993147,0.014912960203866244,0.018649016434409443,0.0,"[0.017223146151747647, 1.459904436214625, -1.196363758888488, -0.16288070789033632, 1.4786822661138344, 0.8783849268062217, 0.14840284864208186, 1.4237321528457243, 1.0573572983017683]"
