scene_key,candidate_id,scene_xml,selected_foundational_pose,feasible,feasibility_max_mean_tip_distance,feasibility_min_contacts,feasible_pose_count,foundational_pose_count,score,cube_lift,cube_tip_contacts,mean_tip_distance,cube_vel_norm,thumb_x,thumb_y,thumb_len,index_x,index_y,index_len,middle_x,middle_y,middle_len,chosen_ctrl_json
cube,0,/home/humanoid/Programs/hand/results/phase1/run_20260413_pollard_multiscene_500_cem/cube/generated_mjcf/scene_cube_tp0d0000p0d0200p0d0000_ip0d0100n0d0123p0d0000_mp0d0100p0d0153p0d0000.xml,phase1_generated_scene,True,0.012,2.0,2.0,2.0,3.420744010616641,0.06419757608917984,3.0,0.009298558239746813,0.05049357350106538,0.0,0.02,0.0,0.01,-0.0123,0.0,0.01,0.0153,0.0,"[-0.08337202103895916, 1.8605319144286032, -0.7166528214956971, -0.20232549634829014, 1.3752276270028914, 1.0099071845942287, -0.027513999795058437, 1.4670317022980226, 0.9865984519932638]"
cube,1,/home/humanoid/Programs/hand/results/phase1/run_20260413_pollard_multiscene_500_cem/cube/generated_mjcf/scene_cube_tp0d0033p0d0145p0d0000_in0d0016n0d0048p0d0099_mp0d0126p0d0208p0d0010.xml,sanity_phase1,True,0.012,2.0,2.0,2.0,2.941224199799632,0.050544507117049255,3.0,0.00897957220613622,0.06582936589879947,0.0032870804957149027,0.014474881130332889,0.0,-0.001603336747315302,-0.004781514259193461,0.009906133854665322,0.012559258618412316,0.02080791746361596,0.0010469997951701483,"[-0.04001940470092851, 1.927054644440314, -1.1594855537432496, -0.34162688701139093, 1.2769689729243838, 1.204786572892837, -0.06035565691833135, 1.4686096214874043, 1.0077210834958208]"
cube,2,/home/humanoid/Programs/hand/results/phase1/run_20260413_pollard_multiscene_500_cem/cube/generated_mjcf/scene_cube_tp0d0104p0d0276p0d0000_ip0d0186n0d0235p0d0055_mp0d0022p0d0240p0d0010.xml,phase1_generated_scene,False,0.012,2.0,0.0,2.0,0.9115472820014641,0.04621106287886226,2.0,0.014979283791065197,9.839209007843897,0.010441738170906437,0.02758048529891677,0.0,0.018577702638101663,-0.023493946192668855,0.005511730714318659,0.002215734894461416,0.024016294136397276,0.0009950692859782007,"[-0.08337202103895916, 1.8605319144286032, -0.7166528214956971, -0.20232549634829014, 1.3752276270028914, 1.0099071845942287, -0.027513999795058437, 1.4670317022980226, 0.9865984519932638]"
cube,3,/home/humanoid/Programs/hand/results/phase1/run_20260413_pollard_multiscene_500_cem/cube/generated_mjcf/scene_cube_tn0d0048p0d0181p0d0000_ip0d0010n0d0082p0d0035_mp0d0128p0d0125p0d0119.xml,sanity_phase1,True,0.012,2.0,2.0,2.0,2.9144288606078073,0.04976565906723785,3.0,0.00925279494623073,0.059090779020377994,-0.004806914627102765,0.018144493308743802,0.0,0.0009827986359895336,-0.008205014047352873,0.003532548277782002,0.012769242675550093,0.012508261302285202,0.011933038458941066,"[-0.04001940470092851, 1.927054644440314, -1.1594855537432496, -0.34162688701139093, 1.2769689729243838, 1.204786572892837, -0.06035565691833135, 1.4686096214874043, 1.0077210834958208]"
cube,4,/home/humanoid/Programs/hand/results/phase1/run_20260413_pollard_multiscene_500_cem/cube/generated_mjcf/scene_cube_tp0d0115p0d0245p0d0036_ip0d0145n0d0150p0d0000_mp0d0153p0d0159p0d0000.xml,sanity_phase1,True,0.012,2.0,2.0,2.0,2.8822661279200728,0.049051938896539166,3.0,0.009064060935480574,0.10949074391891155,0.011540048130629522,0.024453007627536674,0.0036110226304275905,0.014522721533702562,-0.014965885824501509,0.0,0.01531572016465796,0.01590850373941742,0.0,"[-0.04001940470092851, 1.927054644440314, -1.1594855537432496, -0.34162688701139093, 1.2769689729243838, 1.204786572892837, -0.06035565691833135, 1.4686096214874043, 1.0077210834958208]"
cube,5,/home/humanoid/Programs/hand/results/phase1/run_20260413_pollard_multiscene_500_cem/cube/generated_mjcf/scene_cube_tn0d0003p0d0293p0d0104_ip0d0066n0d0106p0d0000_mp0d0123p0d0114p0d0000.xml,sanity_phase1,True,0.012,2.0,2.0,2.0,2.9851674227104903,0.05211032602359679,3.0,0.009377759773940767,0.1329231237834416,-0.00033995138803706235,0.02934770802437601,0.010417044382949991,0.006587084721017685,-0.010583284062485737,0.0,0.012263200724792723,0.011409869412171198,0.0,"[-0.04001940470092851, 1.927054644440314, -1.1594855537432496, -0.34162688701139093, 1.2769689729243838, 1.204786572892837, -0.06035565691833135, 1.4686096214874043, 1.0077210834958208]"
cube,6,/home/humanoid/Programs/hand/results/phase1/run_20260413_pollard_multiscene_500_cem/cube/generated_mjcf/scene_cube_tp0d0094p0d0135p0d0030_ip0d0000n0d0043p0d0069_mp0d0037p0d0243p0d0000.xml,sanity_phase1,True,0.012,2.0,2.0,2.0,2.977957548805158,0.05158782929566118,3.0,0.008584719632300649,0.06964691518921215,0.009366584448115015,0.013451782244801112,0.002956491472465019,1.6368245977236087e-05,-0.004316540456318454,0.0068903593797284,0.003744866631830852,0.02433562153945689,0.0,"[-0.04001940470092851, 1.927054644440314, -1.1594855537432496, -0.34162688701139093, 1.2769689729243838, 1.204786572892837, -0.06035565691833135, 1.4686096214874043, 1.0077210834958208]"
cube,7,/home/humanoid/Programs/hand/results/phase1/run_20260413_pollard_multiscene_500_cem/cube/generated_mjcf/scene_cube_tn0d0039p0d0116p0d0000_ip0d0171n0d0188p0d0000_mp0d0077p0d0081p0d0000.xml,phase1_generated_scene,False,0.012,2.0,0.0,2.0,1.0002475935968376,0.018075065162234585,1.0,0.01618984354068496,1.8752696511369688e-14,-0.003933190546904152,0.011606707205476137,0.0,0.017111782486895065,-0.01876458698415006,0.0,0.007709244155716676,0.008064313068222126,0.0,"[-0.08337202103895916, 1.8605319144286032, -0.7166528214956971, -0.20232549634829014, 1.3752276270028914, 1.0099071845942287, -0.027513999795058437, 1.4670317022980226, 0.9865984519932638]"
cube,8,/home/humanoid/Programs/hand/results/phase1/run_20260413_pollard_multiscene_500_cem/cube/generated_mjcf/scene_cube_tp0d0019p0d0152p0d0041_ip0d0028n0d0017p0d0000_mp0d0005p0d0184p0d0103.xml,sanity_phase1,True,0.012,2.0,2.0,2.0,2.8685237387859917,0.048542553180674415,3.0,0.008915370065704902,0.08423254937468683,0.0019279772636844154,0.015168707187654142,0.004127877070952624,0.002788370655237119,-0.0016892853478440526,0.0,0.0005318867096855088,0.018398595636953022,0.010251709273628819,"[-0.04001940470092851, 1.927054644440314, -1.1594855537432496, -0.34162688701139093, 1.2769689729243838, 1.204786572892837, -0.06035565691833135, 1.4686096214874043, 1.0077210834958208]"
cube,9,/home/humanoid/Programs/hand/results/phase1/run_20260413_pollard_multiscene_500_cem/cube/generated_mjcf/scene_cube_tn0d0014p0d0300p0d0000_ip0d0082n0d0094p0d0119_mp0d0208p0d0143p0d0062.xml,sanity_phase1,True,0.012,2.0,2.0,2.0,3.1259407008731253,0.05631970219142382,3.0,0.009631267908145833,0.17324226673611384,-0.0014309482868211845,0.03,0.0,0.008205486996377813,-0.009414877151630932,0.011882316125647777,0.02077464819850637,0.014341083343418305,0.006185492287398994,"[-0.04001940470092851, 1.927054644440314, -1.1594855537432496, -0.34162688701139093, 1.2769689729243838, 1.204786572892837, -0.06035565691833135, 1.4686096214874043, 1.0077210834958208]"
cube,10,/home/humanoid/Programs/hand/results/phase1/run_20260413_pollard_multiscene_500_cem/cube/generated_mjcf/scene_cube_tn0d0001p0d0207p0d0069_ip0d0080n0d0067p0d0051_mp0d0204p0d0061p0d0055.xml,sanity_phase1,True,0.012,2.0,2.0,2.0,3.1393076617869564,0.056882776925527456,3.0,0.00960519384688052,0.21586095275162462,-6.185530829714431e-05,0.02070349184472249,0.00685885681713138,0.0079517403845361,-0.006672394277070495,0.005067429071753997,0.020369432478721076,0.006058383198741723,0.005496362809831425,"[-0.04001940470092851, 1.927054644440314, -1.1594855537432496, -0.34162688701139093, 1.2769689729243838, 1.204786572892837, -0.06035565691833135, 1.4686096214874043, 1.0077210834958208]"
cube,11,/home/humanoid/Programs/hand/results/phase1/run_20260413_pollard_multiscene_500_cem/cube/generated_mjcf/scene_cube_tp0d0103p0d0300p0d0000_ip0d0187n0d0008p0d0110_mp0d0016p0d0266p0d0094.xml,sanity_phase1,True,0.012,2.0,1.0,2.0,2.0109690304045778,0.04883642554222861,2.0,0.011243659893796413,3.1721236252388714,0.010258174286989438,0.03,0.0,0.018727362165893817,-0.0007513190384077374,0.010973044310663125,0.0015703362935799488,0.026643091531750922,0.009358453337292495,"[-0.04001940470092851, 1.927054644440314, -1.1594855537432496, -0.34162688701139093, 1.2769689729243838, 1.204786572892837, -0.06035565691833135, 1.4686096214874043, 1.0077210834958208]"
cube,12,/home/humanoid/Programs/hand/results/phase1/run_20260413_pollard_multiscene_500_cem/cube/generated_mjcf/scene_cube_tp0d0077p0d0195p0d0000_ip0d0172n0d0021p0d0000_mp0d0109p0d0139p0d0103.xml,sanity_phase1,True,0.012,2.0,2.0,2.0,2.8980499001322717,0.049379185512879564,3.0,0.009069140223800525,0.08055541580608062,0.007736971861033691,0.019519710171387972,0.0,0.017245133889239386,-0.0021352761651967315,0.0,0.010934425782932486,0.013926067895388755,0.01034441558354772,"[-0.04001940470092851, 1.927054644440314, -1.1594855537432496, -0.34162688701139093, 1.2769689729243838, 1.204786572892837, -0.06035565691833135, 1.4686096214874043, 1.0077210834958208]"
cube,13,/home/humanoid/Programs/hand/results/phase1/run_20260413_pollard_multiscene_500_cem/cube/generated_mjcf/scene_cube_tn0d0110p0d0256p0d0027_in0d0013n0d0070p0d0000_mp0d0162p0d0156p0d0103.xml,phase1_generated_scene,False,0.012,2.0,0.0,2.0,-0.0639895323399212,2.535645304835299e-13,0.0,0.031994766174397934,6.600077837193226e-16,-0.011027742931477569,0.025568148695757457,0.002744957926775919,-0.001319231237275495,-0.007038725452158232,0.0,0.016190824056554275,0.015606209358289873,0.010298501299128147,"[-0.08337202103895916, 1.8605319144286032, -0.7166528214956971, -0.20232549634829014, 1.3752276270028914, 1.0099071845942287, -0.027513999795058437, 1.4670317022980226, 0.9865984519932638]"
cube,14,/home/humanoid/Programs/hand/results/phase1/run_20260413_pollard_multiscene_500_cem/cube/generated_mjcf/scene_cube_tn0d0104p0d0282p0d0000_ip0d0063n0d0140p0d0112_mp0d0115p0d0095p0d0000.xml,phase1_generated_scene,True,0.012,2.0,2.0,2.0,2.496331924979294,0.03889927675546913,3.0,0.009629164794169934,0.30589621249190335,-0.010414020078622207,0.0281916147106972,0.0,0.006263439491299004,-0.013972830433252,0.011185489938817683,0.011493564213482969,0.009512750236102374,0.0,"[-0.08337202103895916, 1.8605319144286032, -0.7166528214956971, -0.20232549634829014, 1.3752276270028914, 1.0099071845942287, -0.027513999795058437, 1.4670317022980226, 0.9865984519932638]"
cube,15,/home/humanoid/Programs/hand/results/phase1/run_20260413_pollard_multiscene_500_cem/cube/generated_mjcf/scene_cube_tp0d0093p0d0134p0d0000_ip0d0049n0d0102p0d0013_mp0d0174p0d0168p0d0000.xml,sanity_phase1,True,0.012,2.0,2.0,2.0,2.896331637391461,0.049398269672429856,3.0,0.008908754539391562,0.09860194709867304,0.009314839695820316,0.013420866282015786,0.0,0.004919938168181862,-0.010233046444494413,0.001298172052158427,0.017433058621906666,0.01675142284814846,0.0,"[-0.04001940470092851, 1.927054644440314, -1.1594855537432496, -0.34162688701139093, 1.2769689729243838, 1.204786572892837, -0.06035565691833135, 1.4686096214874043, 1.0077210834958208]"
cube,16,/home/humanoid/Programs/hand/results/phase1/run_20260413_pollard_multiscene_500_cem/cube/generated_mjcf/scene_cube_tn0d0021p0d0276p0d0030_ip0d0210n0d0154p0d0013_mp0d0123p0d0237p0d0000.xml,sanity_phase1,False,0.012,2.0,0.0,2.0,2.0889398503562138,0.04366435910410824,2.0,0.015309732828502287,1.391288350870466,-0.002090487775658576,0.02763490330330185,0.003036155098074084,0.021017863424738617,-0.01543429413379966,0.0012626762525108932,0.01225418083871604,0.023658988998601437,0.0,"[-0.04001940470092851, 1.927054644440314, -1.1594855537432496, -0.34162688701139093, 1.2769689729243838, 1.204786572892837, -0.06035565691833135, 1.4686096214874043, 1.0077210834958208]"
cube,17,/home/humanoid/Programs/hand/results/phase1/run_20260413_pollard_multiscene_500_cem/cube/generated_mjcf/scene_cube_tn0d0022p0d0298p0d0000_ip0d0177n0d0143p0d0079_mn0d0018p0d0121p0d0000.xml,phase1_generated_scene,False,0.012,2.0,0.0,2.0,2.191030896146153,0.04045121896173627,2.0,0.012380830767927046,7.065250825090609e-07,-0.00224375191804496,0.02983901507989513,0.0,0.01774495072435605,-0.014330783103090609,0.007915295646674467,-0.0017610905406249926,0.012061107786198495,0.0,"[-0.08337202103895916, 1.8605319144286032, -0.7166528214956971, -0.20232549634829014, 1.3752276270028914, 1.0099071845942287, -0.027513999795058437, 1.4670317022980226, 0.9865984519932638]"
cube,18,/home/humanoid/Programs/hand/results/phase1/run_20260413_pollard_multiscene_500_cem/cube/generated_mjcf/scene_cube_tp0d0037p0d0146p0d0049_ip0d0207n0d0213p0d0088_mn0d0006p0d0124p0d0000.xml,sanity_phase1,False,0.012,2.0,0.0,2.0,2.12349762796677,0.03876456099109558,2.0,0.016631001050551642,3.0803146364789325e-08,0.003662749832079322,0.014572378366389374,0.00486364969583487,0.02065123424661018,-0.021256389545730052,0.008754679089618578,-0.0005728603615918777,0.012438492199461346,0.0,"[-0.04001940470092851, 1.927054644440314, -1.1594855537432496, -0.34162688701139093, 1.2769689729243838, 1.204786572892837, -0.06035565691833135, 1.4686096214874043, 1.0077210834958208]"
cube,19,/home/humanoid/Programs/hand/results/phase1/run_20260413_pollard_multiscene_500_cem/cube/generated_mjcf/scene_cube_tn0d0003p0d0300p0d0066_ip0d0054n0d0178p0d0087_mp0d0192p0d0156p0d0000.xml,sanity_phase1,True,0.012,2.0,2.0,2.0,3.068683235044411,0.0559130248568063,3.0,0.009524458862514233,0.4614914481252061,-0.0002676108759968581,0.03,0.0066165885144438795,0.005412576705262264,-0.017823917147980796,0.008714884900543628,0.01915137214570456,0.015556956133047486,0.0,"[-0.04001940470092851, 1.927054644440314, -1.1594855537432496, -0.34162688701139093, 1.2769689729243838, 1.204786572892837, -0.06035565691833135, 1.4686096214874043, 1.0077210834958208]"
cube,20,/home/humanoid/Programs/hand/results/phase1/run_20260413_pollard_multiscene_500_cem/cube/generated_mjcf/scene_cube_tp0d0119p0d0156p0d0000_ip0d0191n0d0048p0d0040_mp0d0210p0d0255p0d0060.xml,sanity_phase1,True,0.012,2.0,2.0,2.0,2.647144435572549,0.042870447712610824,3.0,0.00917957648756036,0.23308054262472808,0.011878016355862029,0.015582645088824804,0.0,0.01912235491129767,-0.0048039504453299044,0.004029345733712431,0.021001927162670846,0.02551714985314605,0.005957964079242099,"[-0.04001940470092851, 1.927054644440314, -1.1594855537432496, -0.34162688701139093, 1.2769689729243838, 1.204786572892837, -0.06035565691833135, 1.4686096214874043, 1.0077210834958208]"
cube,21,/home/humanoid/Programs/hand/results/phase1/run_20260413_pollard_multiscene_500_cem/cube/generated_mjcf/scene_cube_tp0d0087p0d0139p0d0000_ip0d0141n0d0071p0d0000_mp0d0075p0d0251p0d0015.xml,sanity_phase1,True,0.012,2.0,1.0,2.0,1.1366305815185647,0.0398861315543708,2.0,0.009976919197080927,6.929534563268343,0.008656833829144266,0.01393152176773058,0.0,0.014081484383558463,-0.007149155120285933,0.0,0.007493374554517023,0.025146138389185314,0.0014736184212053513,"[-0.04001940470092851, 1.927054644440314, -1.1594855537432496, -0.34162688701139093, 1.2769689729243838, 1.204786572892837, -0.06035565691833135, 1.4686096214874043, 1.0077210834958208]"
cube,22,/home/humanoid/Programs/hand/results/phase1/run_20260413_pollard_multiscene_500_cem/cube/generated_mjcf/scene_cube_tp0d0019p0d0127p0d0006_ip0d0106n0d0222p0d0116_mp0d0117p0d0035p0d0065.xml,phase1_generated_scene,True,0.012,2.0,1.0,2.0,2.9697531755111273,0.051109881532832635,3.0,0.009546339068716547,3.8808448260839946e-12,0.001880061958230544,0.012659114549379047,0.000624533966829004,0.010562433457478078,-0.02216554463408947,0.011566624635040951,0.011713494410938587,0.003453813183943444,0.006543580829409326,"[-0.08337202103895916, 1.8605319144286032, -0.7166528214956971, -0.20232549634829014, 1.3752276270028914, 1.0099071845942287, -0.027513999795058437, 1.4670317022980226, 0.9865984519932638]"
cube,23,/home/humanoid/Programs/hand/results/phase1/run_20260413_pollard_multiscene_500_cem/cube/generated_mjcf/scene_cube_tp0d0115p0d0222p0d0000_ip0d0025n0d0082p0d0000_mp0d0119p0d0178p0d0111.xml,sanity_phase1,True,0.012,2.0,2.0,2.0,2.929252744888273,0.04994086118841948,3.0,0.008769810196791268,0.007585175418843093,0.011478377132163497,0.02215688067970281,0.0,0.0025001851774668375,-0.008159360785995136,0.0,0.011864509420428621,0.017753740233111017,0.011098154234985145,"[-0.04001940470092851, 1.927054644440314, -1.1594855537432496, -0.34162688701139093, 1.2769689729243838, 1.204786572892837, -0.06035565691833135, 1.4686096214874043, 1.0077210834958208]"
cube,24,/home/humanoid/Programs/hand/results/phase1/run_20260413_pollard_multiscene_500_cem/cube/generated_mjcf/scene_cube_tn0d0103p0d0200p0d0059_ip0d0023n0d0150p0d0000_mp0d0154p0d0054p0d0000.xml,sanity_phase1,True,0.012,2.0,2.0,2.0,3.1043687247945186,0.05585195547686158,3.0,0.009618231653561592,0.20808835725676056,-0.010265633627282958,0.019999347767806847,0.0058583395027835584,0.0022534417713918117,-0.014986398437171538,0.0,0.015421140730618644,0.005406429282227681,0.0,"[-0.04001940470092851, 1.927054644440314, -1.1594855537432496, -0.34162688701139093, 1.2769689729243838, 1.204786572892837, -0.06035565691833135, 1.4686096214874043, 1.0077210834958208]"
cube,25,/home/humanoid/Programs/hand/results/phase1/run_20260413_pollard_multiscene_500_cem/cube/generated_mjcf/scene_cube_tp0d0090p0d0193p0d0099_ip0d0164n0d0023p0d0000_mn0d0002p0d0050p0d0089.xml,phase1_generated_scene,False,0.012,2.0,0.0,2.0,-0.05418125297677903,4.0033948378592754e-13,0.0,0.027090626495395412,6.150385870550823e-16,0.008964543146897572,0.019335208082000274,0.009902926407381257,0.016382010825732936,-0.00233222495731762,0.0,-0.00023449027206483113,0.004987830085661232,0.008852503064335663,"[-0.08337202103895916, 1.8605319144286032, -0.7166528214956971, -0.20232549634829014, 1.3752276270028914, 1.0099071845942287, -0.027513999795058437, 1.4670317022980226, 0.9865984519932638]"
cube,26,/home/humanoid/Programs/hand/results/phase1/run_20260413_pollard_multiscene_500_cem/cube/generated_mjcf/scene_cube_tp0d0032p0d0199p0d0000_ip0d0142n0d0167p0d0051_mp0d0090p0d0155p0d0070.xml,phase1_generated_scene,True,0.012,2.0,2.0,2.0,1.6375394148799383,0.024526121986300116,2.0,0.010437427319359288,1.231503780565701e-11,0.003217679504338638,0.019917720651172473,0.0,0.014169602505454569,-0.01666758269170085,0.005061116718382677,0.009048527892815794,0.015479276653068651,0.006951977579036889,"[-0.08337202103895916, 1.8605319144286032, -0.7166528214956971, -0.20232549634829014, 1.3752276270028914, 1.0099071845942287, -0.027513999795058437, 1.4670317022980226, 0.9865984519932638]"
cube,27,/home/humanoid/Programs/hand/results/phase1/run_20260413_pollard_multiscene_500_cem/cube/generated_mjcf/scene_cube_tn0d0098p0d0219p0d0000_ip0d0174n0d0126p0d0117_mp0d0024p0d0264p0d0072.xml,sanity_phase1,False,0.012,2.0,0.0,2.0,0.5664519308085134,0.04092770807639902,2.0,0.016804525392128473,10.882725340541302,-0.009774108587438862,0.02189020407976406,0.0,0.017395282043525633,-0.012567695132897762,0.011728688000827672,0.0023906397922172492,0.026412459362982414,0.0072220088786066165,"[-0.04001940470092851, 1.927054644440314, -1.1594855537432496, -0.34162688701139093, 1.2769689729243838, 1.204786572892837, -0.06035565691833135, 1.4686096214874043, 1.0077210834958208]"
cube,28,/home/humanoid/Programs/hand/results/phase1/run_20260413_pollard_multiscene_500_cem/cube/generated_mjcf/scene_cube_tn0d0004p0d0275p0d0025_ip0d0137n0d0024p0d0000_mp0d0180p0d0125p0d0000.xml,phase1_generated_scene,True,0.012,2.0,2.0,2.0,2.9068059573270237,0.0496614562383928,3.0,0.009400597889089361,0.08362543492363797,-0.00044974808219355386,0.02752481754031125,0.002468373725786793,0.013722905535793127,-0.0023714216950226647,0.0,0.018039716895001612,0.01246355471918973,0.0,"[-0.08337202103895916, 1.8605319144286032, -0.7166528214956971, -0.20232549634829014, 1.3752276270028914, 1.0099071845942287, -0.027513999795058437, 1.4670317022980226, 0.9865984519932638]"
cube,29,/home/humanoid/Programs/hand/results/phase1/run_20260413_pollard_multiscene_500_cem/cube/generated_mjcf/scene_cube_tp0d0119p0d0267p0d0000_ip0d0081n0d0032p0d0000_mp0d0150p0d0222p0d0072.xml,sanity_phase1,True,0.012,2.0,2.0,2.0,2.927621121827979,0.0499272616822525,3.0,0.008881363144789335,0.013802071741863335,0.011856642509039624,0.026748572049833077,0.0,0.00814308151419475,-0.0032393062590768944,0.0,0.015002050165932786,0.022239710968923507,0.007180713113186753,"[-0.04001940470092851, 1.927054644440314, -1.1594855537432496, -0.34162688701139093, 1.2769689729243838, 1.204786572892837, -0.06035565691833135, 1.4686096214874043, 1.0077210834958208]"
cube,30,/home/humanoid/Programs/hand/results/phase1/run_20260413_pollard_multiscene_500_cem/cube/generated_mjcf/scene_cube_tn0d0043p0d0271p0d0000_ip0d0067n0d0143p0d0010_mp0d0007p0d0131p0d0000.xml,phase1_generated_scene,True,0.012,2.0,2.0,2.0,3.1755169575083735,0.058085899822878054,3.0,0.009262609762797542,0.2597621117784235,-0.004265118606244038,0.02711934038590531,0.0,0.006695390811629658,-0.014281245307094884,0.00099383960712395,0.0007027279729733722,0.013066747215343347,0.0,"[-0.08337202103895916, 1.8605319144286032, -0.7166528214956971, -0.20232549634829014, 1.3752276270028914, 1.0099071845942287, -0.027513999795058437, 1.4670317022980226, 0.9865984519932638]"
cube,31,/home/humanoid/Programs/hand/results/phase1/run_20260413_pollard_multiscene_500_cem/cube/generated_mjcf/scene_cube_tp0d0059p0d0284p0d0000_ip0d0149n0d0046p0d0116_mp0d0183p0d0135p0d0115.xml,phase1_generated_scene,True,0.012,2.0,2.0,2.0,2.88186601968799,0.048938994177514746,3.0,0.009294299840829206,0.08273451228911849,0.005865137432337578,0.028445021893622167,0.0,0.014890858462403149,-0.004593525878528669,0.011563879748923051,0.01825097349684944,0.013478555650656308,0.011512529004231758,"[-0.08337202103895916, 1.8605319144286032, -0.7166528214956971, -0.20232549634829014, 1.3752276270028914, 1.0099071845942287, -0.027513999795058437, 1.4670317022980226, 0.9865984519932638]"
cube,32,/home/humanoid/Programs/hand/results/phase1/run_20260413_pollard_multiscene_500_cem/cube/generated_mjcf/scene_cube_tp0d0114p0d0201p0d0061_ip0d0199n0d0129p0d0087_mp0d0148p0d0104p0d0064.xml,phase1_generated_scene,True,0.012,2.0,1.0,2.0,3.1532233018796587,0.05659913558379806,3.0,0.009526767853972535,0.0579527189688589,0.011375625716456523,0.020088247500813894,0.006082716926013726,0.019932104024155912,-0.012872470272749927,0.008730869786330038,0.014837645585484947,0.010354182143389382,0.006423654479603365,"[-0.08337202103895916, 1.8605319144286032, -0.7166528214956971, -0.20232549634829014, 1.3752276270028914, 1.0099071845942287, -0.027513999795058437, 1.4670317022980226, 0.9865984519932638]"
cube,33,/home/humanoid/Programs/hand/results/phase1/run_20260413_pollard_multiscene_500_cem/cube/generated_mjcf/scene_cube_tp0d0017p0d0103p0d0000_in0d0002n0d0129p0d0000_mp0d0082p0d0174p0d0000.xml,phase1_generated_scene,True,0.012,2.0,2.0,2.0,2.902459014054228,0.049496136607790384,3.0,0.009094019153960164,0.07811819273676857,0.0016964348606279787,0.01025228368239935,0.0,-0.00023021567845265753,-0.012871992882792106,0.0,0.008169698631290736,0.017371208486178825,0.0,"[-0.08337202103895916, 1.8605319144286032, -0.7166528214956971, -0.20232549634829014, 1.3752276270028914, 1.0099071845942287, -0.027513999795058437, 1.4670317022980226, 0.9865984519932638]"
cube,34,/home/humanoid/Programs/hand/results/phase1/run_20260413_pollard_multiscene_500_cem/cube/generated_mjcf/scene_cube_tp0d0104p0d0244p0d0078_ip0d0195n0d0103p0d0000_mp0d0151p0d0170p0d0078.xml,sanity_phase1,True,0.012,2.0,2.0,2.0,2.8237329451738304,0.04733895875932699,3.0,0.009280885350896469,0.09712560467214292,0.010410453838964225,0.024417210753800794,0.0077707526014265185,0.01952322957433024,-0.010300318873836577,0.0,0.015075683778826192,0.016956620502320593,0.007822973332089582,"[-0.04001940470092851, 1.927054644440314, -1.1594855537432496, -0.34162688701139093, 1.2769689729243838, 1.204786572892837, -0.06035565691833135, 1.4686096214874043, 1.0077210834958208]"
cube,35,/home/humanoid/Programs/hand/results/phase1/run_20260413_pollard_multiscene_500_cem/cube/generated_mjcf/scene_cube_tp0d0008p0d0275p0d0119_ip0d0064n0d0202p0d0000_mp0d0161p0d0138p0d0021.xml,sanity_phase1,True,0.012,2.0,2.0,2.0,2.9676641345294463,0.051881710070867205,3.0,0.009481441656918272,0.19488556424713155,0.0007718513633842589,0.027517858288740617,0.011928247033739802,0.006413315472829315,-0.02019548543950382,0.0,0.016073199756776235,0.013841494364599355,0.0021211226263011564,"[-0.04001940470092851, 1.927054644440314, -1.1594855537432496, -0.34162688701139093, 1.2769689729243838, 1.204786572892837, -0.06035565691833135, 1.4686096214874043, 1.0077210834958208]"
cube,36,/home/humanoid/Programs/hand/results/phase1/run_20260413_pollard_multiscene_500_cem/cube/generated_mjcf/scene_cube_tn0d0089p0d0254p0d0000_ip0d0026n0d0036p0d0015_mp0d0096p0d0249p0d0000.xml,sanity_phase1,True,0.012,2.0,2.0,2.0,2.9471975354076783,0.05075828567635825,3.0,0.009359042310447022,0.07082919095977909,-0.008943396673879896,0.025426964262415527,0.0,0.0025748214496964378,-0.0035892000340033304,0.0015459077068942575,0.00962797461631001,0.02487177036596363,0.0,"[-0.04001940470092851, 1.927054644440314, -1.1594855537432496, -0.34162688701139093, 1.2769689729243838, 1.204786572892837, -0.06035565691833135, 1.4686096214874043, 1.0077210834958208]"
cube,37,/home/humanoid/Programs/hand/results/phase1/run_20260413_pollard_multiscene_500_cem/cube/generated_mjcf/scene_cube_tp0d0047p0d0159p0d0000_ip0d0142n0d0156p0d0000_mp0d0206p0d0081p0d0003.xml,sanity_phase1,True,0.012,2.0,2.0,2.0,2.93556578695063,0.0621212767950725,2.0,0.01022006125679034,0.12159185575550811,0.004707706808181427,0.01587157495435046,0.0,0.014195167599214695,-0.015592273179289533,0.0,0.02064826636550051,0.008083160176307667,0.00029216778810564094,"[-0.04001940470092851, 1.927054644440314, -1.1594855537432496, -0.34162688701139093, 1.2769689729243838, 1.204786572892837, -0.06035565691833135, 1.4686096214874043, 1.0077210834958208]"
cube,38,/home/humanoid/Programs/hand/results/phase1/run_20260413_pollard_multiscene_500_cem/cube/generated_mjcf/scene_cube_tn0d0114p0d0119p0d0092_ip0d0169n0d0109p0d0000_mp0d0114p0d0036p0d0051.xml,phase1_generated_scene,False,0.012,2.0,0.0,2.0,1.0592201617609451,0.019624170950082235,1.0,0.013812910724150277,2.9088507754699555e-10,-0.011423683183887617,0.011920834187286948,0.009202049607205488,0.01694194115806423,-0.010935948238704234,0.0,0.011385941982911355,0.0035915166267267012,0.005111847142510097,"[-0.08337202103895916, 1.8605319144286032, -0.7166528214956971, -0.20232549634829014, 1.3752276270028914, 1.0099071845942287, -0.027513999795058437, 1.4670317022980226, 0.9865984519932638]"
cube,39,/home/humanoid/Programs/hand/results/phase1/run_20260413_pollard_multiscene_500_cem/cube/generated_mjcf/scene_cube_tp0d0052p0d0235p0d0027_in0d0002n0d0184p0d0018_mp0d0075p0d0271p0d0102.xml,sanity_phase1,True,0.012,2.0,2.0,2.0,2.928839041257864,0.049964935165284025,3.0,0.008874074128722058,0.014570275130884788,0.005202016333529475,0.023505080565592515,0.002672128422604829,-0.00023080561701109906,-0.018386256742776587,0.0017850731543503657,0.007460482384693542,0.027108557485954678,0.010169888577004349,"[-0.04001940470092851, 1.927054644440314, -1.1594855537432496, -0.34162688701139093, 1.2769689729243838, 1.204786572892837, -0.06035565691833135, 1.4686096214874043, 1.0077210834958208]"
cube,40,/home/humanoid/Programs/hand/results/phase1/run_20260413_pollard_multiscene_500_cem/cube/generated_mjcf/scene_cube_tn0d0084p0d0222p0d0047_ip0d0013n0d0168p0d0052_mp0d0196p0d0115p0d0000.xml,sanity_phase1,True,0.012,2.0,2.0,2.0,2.0048095567613093,0.04711314181054934,2.0,0.011522040181372825,2.8073755083011456,-0.008351810339459111,0.022159054223588735,0.004709162546482959,0.0012770419432212663,-0.016797704469571892,0.005182028326211865,0.019626594242148077,0.011501823604947245,0.0,"[-0.04001940470092851, 1.927054644440314, -1.1594855537432496, -0.34162688701139093, 1.2769689729243838, 1.204786572892837, -0.06035565691833135, 1.4686096214874043, 1.0077210834958208]"
cube,41,/home/humanoid/Programs/hand/results/phase1/run_20260413_pollard_multiscene_500_cem/cube/generated_mjcf/scene_cube_tp0d0077p0d0220p0d0000_ip0d0041n0d0226p0d0000_mp0d0119p0d0079p0d0114.xml,sanity_phase1,True,0.012,2.0,2.0,2.0,3.237790239439726,0.05884407261475057,3.0,0.009229568647190968,0.02195443188107929,0.007723008065525151,0.022039584325416278,0.0,0.0041476005142694165,-0.022556199632440297,0.0,0.011919284333538276,0.007886646563041794,0.011412791482243691,"[-0.04001940470092851, 1.927054644440314, -1.1594855537432496, -0.34162688701139093, 1.2769689729243838, 1.204786572892837, -0.06035565691833135, 1.4686096214874043, 1.0077210834958208]"
cube,42,/home/humanoid/Programs/hand/results/phase1/run_20260413_pollard_multiscene_500_cem/cube/generated_mjcf/scene_cube_tn0d0094p0d0189p0d0000_ip0d0036n0d0063p0d0034_mp0d0154p0d0053p0d0000.xml,sanity_phase1,True,0.012,2.0,2.0,2.0,3.2616296410777075,0.06005983159841302,3.0,0.009640209723063464,0.14122696947080776,-0.009420546518732465,0.0188501309198506,0.0,0.003575475406852743,-0.00632986259990556,0.003448914289927449,0.015418184441244877,0.005287405821515873,0.0,"[-0.04001940470092851, 1.927054644440314, -1.1594855537432496, -0.34162688701139093, 1.2769689729243838, 1.204786572892837, -0.06035565691833135, 1.4686096214874043, 1.0077210834958208]"
cube,43,/home/humanoid/Programs/hand/results/phase1/run_20260413_pollard_multiscene_500_cem/cube/generated_mjcf/scene_cube_tp0d0005p0d0182p0d0000_ip0d0027n0d0016p0d0000_mp0d0184p0d0230p0d0000.xml,phase1_generated_scene,True,0.012,2.0,2.0,2.0,2.9141309805161155,0.049628703067414716,3.0,0.009276159458137034,0.028808719514171386,0.00047599378402156216,0.018241307449525786,0.0,0.0026566589176190373,-0.001619408440688962,0.0,0.018449255979106606,0.02303129181754656,0.0,"[-0.08337202103895916, 1.8605319144286032, -0.7166528214956971, -0.20232549634829014, 1.3752276270028914, 1.0099071845942287, -0.027513999795058437, 1.4670317022980226, 0.9865984519932638]"
cube,44,/home/humanoid/Programs/hand/results/phase1/run_20260413_pollard_multiscene_500_cem/cube/generated_mjcf/scene_cube_tn0d0008p0d0278p0d0043_ip0d0181n0d0061p0d0046_mp0d0199p0d0230p0d0000.xml,phase1_generated_scene,True,0.012,2.0,1.0,2.0,0.3433676420203484,0.03899467520076942,2.0,0.01156651227341452,11.988753103065017,-0.000797195523737677,0.027776043383598063,0.0043364718136851,0.018086649674297704,-0.006117681940029028,0.004590515506574511,0.019911378544165075,0.023047371194270132,0.0,"[-0.08337202103895916, 1.8605319144286032, -0.7166528214956971, -0.20232549634829014, 1.3752276270028914, 1.0099071845942287, -0.027513999795058437, 1.4670317022980226, 0.9865984519932638]"
cube,45,/home/humanoid/Programs/hand/results/phase1/run_20260413_pollard_multiscene_500_cem/cube/generated_mjcf/scene_cube_tp0d0060p0d0101p0d0000_ip0d0075n0d0194p0d0105_mp0d0003p0d0034p0d0000.xml,phase1_generated_scene,False,0.012,2.0,0.0,2.0,1.0273014323425558,0.0186513784936077,1.0,0.012748407466853082,5.079140586139692e-14,0.005957382601949876,0.010080351754749027,0.0,0.007522045291682206,-0.019447965744588368,0.010509722607263742,0.00027464028066800754,0.0034175859597258135,0.0,"[-0.08337202103895916, 1.8605319144286032, -0.7166528214956971, -0.20232549634829014, 1.3752276270028914, 1.0099071845942287, -0.027513999795058437, 1.4670317022980226, 0.9865984519932638]"
cube,46,/home/humanoid/Programs/hand/results/phase1/run_20260413_pollard_multiscene_500_cem/cube/generated_mjcf/scene_cube_tp0d0118p0d0144p0d0079_ip0d0022n0d0102p0d0110_mp0d0152p0d0268p0d0018.xml,sanity_phase1,True,0.012,2.0,2.0,2.0,2.89315093704911,0.049377592989614735,3.0,0.00894750387690352,0.11446539889065757,0.011777873237789328,0.014352683081322558,0.007936662372425542,0.0021547272884911706,-0.010226919484838934,0.011001824044305407,0.01519631762957937,0.026832191404283674,0.0017893595781369523,"[-0.04001940470092851, 1.927054644440314, -1.1594855537432496, -0.34162688701139093, 1.2769689729243838, 1.204786572892837, -0.06035565691833135, 1.4686096214874043, 1.0077210834958208]"
cube,47,/home/humanoid/Programs/hand/results/phase1/run_20260413_pollard_multiscene_500_cem/cube/generated_mjcf/scene_cube_tp0d0116p0d0281p0d0067_ip0d0193n0d0091p0d0000_mp0d0107p0d0087p0d0067.xml,phase1_generated_scene,True,0.012,2.0,2.0,2.0,2.887637093339954,0.04898033001384981,3.0,0.009149811948061254,0.055832221657777736,0.011600032957282114,0.028089128761280092,0.006677957426446279,0.019323757285876007,-0.0091442035857212,0.0,0.010678778561367832,0.008736009496376724,0.006661058973160928,"[-0.08337202103895916, 1.8605319144286032, -0.7166528214956971, -0.20232549634829014, 1.3752276270028914, 1.0099071845942287, -0.027513999795058437, 1.4670317022980226, 0.9865984519932638]"
cube,48,/home/humanoid/Programs/hand/results/phase1/run_20260413_pollard_multiscene_500_cem/cube/generated_mjcf/scene_cube_tn0d0079p0d0219p0d0009_ip0d0141n0d0060p0d0000_mp0d0130p0d0132p0d0027.xml,phase1_generated_scene,True,0.012,2.0,2.0,2.0,2.1501782922026003,0.039199684132056795,2.0,0.010905326128501473,1.0825643832869669e-09,-0.007918115961243205,0.02185275077567818,0.0008615743098987442,0.014125667283464571,-0.006048321632033999,0.0,0.012998583080031604,0.013234941179164626,0.0027408344560308894,"[-0.08337202103895916, 1.8605319144286032, -0.7166528214956971, -0.20232549634829014, 1.3752276270028914, 1.0099071845942287, -0.027513999795058437, 1.4670317022980226, 0.9865984519932638]"
cube,49,/home/humanoid/Programs/hand/results/phase1/run_20260413_pollard_multiscene_500_cem/cube/generated_mjcf/scene_cube_tp0d0047p0d0221p0d0056_ip0d0105n0d0132p0d0000_mp0d0035p0d0200p0d0047.xml,sanity_phase1,True,0.012,2.0,2.0,2.0,2.9649770537344287,0.05116519257544343,3.0,0.009040699638596031,0.05148858085933044,0.004655629035515887,0.022051510058254925,0.005589265844609163,0.010480606172911551,-0.013191172580897479,0.0,0.003499640079920957,0.019987250546203643,0.004697072467498984,"[-0.04001940470092851, 1.927054644440314, -1.1594855537432496, -0.34162688701139093, 1.2769689729243838, 1.204786572892837, -0.06035565691833135, 1.4686096214874043, 1.0077210834958208]"
cube,50,/home/humanoid/Programs/hand/results/phase1/run_20260413_pollard_multiscene_500_cem/cube/generated_mjcf/scene_cube_tn0d0073p0d0300p0d0041_ip0d0107n0d0041p0d0000_mp0d0094p0d0095p0d0000.xml,phase1_generated_scene,True,0.012,2.0,1.0,2.0,3.291042086482774,0.06052468509186054,3.0,0.00947812545682138,0.055770938791350075,-0.007308419688561688,0.03,0.004107618726945504,0.01074918695703583,-0.004111791562920778,0.0,0.009422676882407844,0.009498585601860884,0.0,"[-0.08337202103895916, 1.8605319144286032, -0.7166528214956971, -0.20232549634829014, 1.3752276270028914, 1.0099071845942287, -0.027513999795058437, 1.4670317022980226, 0.9865984519932638]"
cube,51,/home/humanoid/Programs/hand/results/phase1/run_20260413_pollard_multiscene_500_cem/cube/generated_mjcf/scene_cube_tp0d0051p0d0283p0d0043_ip0d0069n0d0105p0d0015_mp0d0205p0d0126p0d0000.xml,phase1_generated_scene,True,0.012,2.0,2.0,2.0,2.9037219709805346,0.04941103713354891,3.0,0.009231364335286632,0.04801066682069475,0.00507889389314202,0.02825866323773702,0.004267170674303017,0.006851716400702805,-0.010482669810742749,0.0015218993681757591,0.020477586003383057,0.012604181086936542,0.0,"[-0.08337202103895916, 1.8605319144286032, -0.7166528214956971, -0.20232549634829014, 1.3752276270028914, 1.0099071845942287, -0.027513999795058437, 1.4670317022980226, 0.9865984519932638]"
cube,52,/home/humanoid/Programs/hand/results/phase1/run_20260413_pollard_multiscene_500_cem/cube/generated_mjcf/scene_cube_tp0d0090p0d0295p0d0000_ip0d0028n0d0090p0d0069_mp0d0126p0d0079p0d0000.xml,sanity_phase1,True,0.012,2.0,2.0,2.0,2.9245238297092055,0.049919691975897254,3.0,0.008996282950425503,0.031152156975650106,0.00904638943989626,0.029473483925284844,0.0,0.0027573767401475767,-0.009029192313612964,0.006932283735236109,0.012560620161773211,0.007898140707037397,0.0,"[-0.04001940470092851, 1.927054644440314, -1.1594855537432496, -0.34162688701139093, 1.2769689729243838, 1.204786572892837, -0.06035565691833135, 1.4686096214874043, 1.0077210834958208]"
cube,53,/home/humanoid/Programs/hand/results/phase1/run_20260413_pollard_multiscene_500_cem/cube/generated_mjcf/scene_cube_tp0d0001p0d0276p0d0000_in0d0002n0d0111p0d0000_mn0d0004p0d0219p0d0077.xml,phase1_generated_scene,True,0.012,2.0,2.0,2.0,2.928393405576137,0.049920995831368206,3.0,0.008943866146766224,0.006358108188120132,0.00014334321756440463,0.027572249759816276,0.0,-0.00019681532305319306,-0.011074920100960688,0.0,-0.0003818307083775299,0.021858350352990434,0.00770943854587014,"[-0.08337202103895916, 1.8605319144286032, -0.7166528214956971, -0.20232549634829014, 1.3752276270028914, 1.0099071845942287, -0.027513999795058437, 1.4670317022980226, 0.9865984519932638]"
cube,54,/home/humanoid/Programs/hand/results/phase1/run_20260413_pollard_multiscene_500_cem/cube/generated_mjcf/scene_cube_tn0d0024p0d0151p0d0000_ip0d0067n0d0105p0d0007_mp0d0065p0d0186p0d0042.xml,sanity_phase1,True,0.012,2.0,2.0,2.0,2.918759422756272,0.05019261806019787,3.0,0.009162900332515893,0.13104272457081445,-0.0024399467736423517,0.015057832644038826,0.0,0.006663314219880421,-0.01045421656520971,0.0006676818746994568,0.006528380348144711,0.018598103501716354,0.004218418606739039,"[-0.04001940470092851, 1.927054644440314, -1.1594855537432496, -0.34162688701139093, 1.2769689729243838, 1.204786572892837, -0.06035565691833135, 1.4686096214874043, 1.0077210834958208]"
cube,55,/home/humanoid/Programs/hand/results/phase1/run_20260413_pollard_multiscene_500_cem/cube/generated_mjcf/scene_cube_tp0d0014p0d0173p0d0030_ip0d0122n0d0161p0d0000_mp0d0111p0d0180p0d0027.xml,sanity_phase1,True,0.012,2.0,2.0,2.0,2.743756999978069,0.04536375435847835,3.0,0.009285250899846978,0.1693593384598627,0.0013986947514008224,0.017295077961244975,0.0029736667665392225,0.012205666797138652,-0.016132227422864007,0.0,0.011097973096462878,0.017996201736044416,0.00265916253412341,"[-0.04001940470092851, 1.927054644440314, -1.1594855537432496, -0.34162688701139093, 1.2769689729243838, 1.204786572892837, -0.06035565691833135, 1.4686096214874043, 1.0077210834958208]"
cube,56,/home/humanoid/Programs/hand/results/phase1/run_20260413_pollard_multiscene_500_cem/cube/generated_mjcf/scene_cube_tn0d0028p0d0216p0d0117_ip0d0083n0d0041p0d0000_mp0d0190p0d0259p0d0000.xml,phase1_generated_scene,True,0.012,2.0,2.0,2.0,2.9184043584549095,0.049951152819924696,3.0,0.00969076883404904,0.07002968382904709,-0.002811887786451483,0.021578573773190127,0.011658471244714058,0.008272588457054841,-0.004067646849840225,0.0,0.019005478088847325,0.02590094773271727,0.0,"[-0.08337202103895916, 1.8605319144286032, -0.7166528214956971, -0.20232549634829014, 1.3752276270028914, 1.0099071845942287, -0.027513999795058437, 1.4670317022980226, 0.9865984519932638]"
cube,57,/home/humanoid/Programs/hand/results/phase1/run_20260413_pollard_multiscene_500_cem/cube/generated_mjcf/scene_cube_tn0d0117p0d0196p0d0000_ip0d0213n0d0028p0d0111_mp0d0125p0d0157p0d0080.xml,phase1_generated_scene,False,0.012,2.0,0.0,2.0,2.2240431773261173,0.041511398825464105,2.0,0.01442788313596186,1.019546838111111e-07,-0.011709566023867376,0.019592201922411186,0.0,0.021319150102846428,-0.00275523755717884,0.01105595726232652,0.012492871785778067,0.015663848805663412,0.00798522838512554,"[-0.08337202103895916, 1.8605319144286032, -0.7166528214956971, -0.20232549634829014, 1.3752276270028914, 1.0099071845942287, -0.027513999795058437, 1.4670317022980226, 0.9865984519932638]"
cube,58,/home/humanoid/Programs/hand/results/phase1/run_20260413_pollard_multiscene_500_cem/cube/generated_mjcf/scene_cube_tp0d0037p0d0140p0d0104_ip0d0086n0d0057p0d0000_mp0d0024p0d0104p0d0018.xml,sanity_phase1,False,0.012,2.0,0.0,2.0,-0.030670585697738634,1.5474399227277669e-09,0.0,0.015335319929067918,6.248413785499606e-16,0.0036563751765365075,0.013965384232813884,0.010422864918188692,0.008552786799172752,-0.005734650520576824,2.251096772368233e-05,0.002400549834523061,0.010402244328225918,0.0017858584512676114,"[-0.04001940470092851, 1.927054644440314, -1.1594855537432496, -0.34162688701139093, 1.2769689729243838, 1.204786572892837, -0.06035565691833135, 1.4686096214874043, 1.0077210834958208]"
cube,59,/home/humanoid/Programs/hand/results/phase1/run_20260413_pollard_multiscene_500_cem/cube/generated_mjcf/scene_cube_tn0d0086p0d0083p0d0000_ip0d0163n0d0096p0d0000_mp0d0152p0d0149p0d0120.xml,phase1_generated_scene,False,0.012,2.0,0.0,2.0,1.0792343652286487,0.02017563928174653,1.0,0.013456504812372492,5.156643982423739e-11,-0.008567949977657268,0.008329708606795487,0.0,0.01629273212462127,-0.00956022543017069,0.0,0.01521378254309184,0.014928351194636959,0.011988032454168646,"[-0.08337202103895916, 1.8605319144286032, -0.7166528214956971, -0.20232549634829014, 1.3752276270028914, 1.0099071845942287, -0.027513999795058437, 1.4670317022980226, 0.9865984519932638]"
cube,60,/home/humanoid/Programs/hand/results/phase1/run_20260413_pollard_multiscene_500_cem/cube/generated_mjcf/scene_cube_tp0d0066p0d0279p0d0000_ip0d0017n0d0195p0d0000_mp0d0103p0d0080p0d0067.xml,sanity_phase1,True,0.012,2.0,2.0,2.0,2.921053518542517,0.04985360594782086,3.0,0.009036465594250967,0.03833172295140833,0.006624759658674734,0.027935154590522218,0.0,0.0016550791083715342,-0.019516706181432,0.0,0.010291578870901609,0.007970624345573628,0.006718674503725958,"[-0.04001940470092851, 1.927054644440314, -1.1594855537432496, -0.34162688701139093, 1.2769689729243838, 1.204786572892837, -0.06035565691833135, 1.4686096214874043, 1.0077210834958208]"
cube,61,/home/humanoid/Programs/hand/results/phase1/run_20260413_pollard_multiscene_500_cem/cube/generated_mjcf/scene_cube_tp0d0088p0d0156p0d0002_ip0d0123n0d0070p0d0000_mp0d0047p0d0208p0d0016.xml,sanity_phase1,True,0.012,2.0,2.0,2.0,2.8385853137160924,0.047858155383701306,3.0,0.008787406818698898,0.1258354071737073,0.008842347706013512,0.015584119658245781,0.00019354072215095955,0.012264990460306213,-0.006962923825653033,0.0,0.004740905473675754,0.020836943900601666,0.001636615543023039,"[-0.04001940470092851, 1.927054644440314, -1.1594855537432496, -0.34162688701139093, 1.2769689729243838, 1.204786572892837, -0.06035565691833135, 1.4686096214874043, 1.0077210834958208]"
cube,62,/home/humanoid/Programs/hand/results/phase1/run_20260413_pollard_multiscene_500_cem/cube/generated_mjcf/scene_cube_tp0d0096p0d0187p0d0000_ip0d0054n0d0187p0d0036_mp0d0044p0d0240p0d0000.xml,sanity_phase1,True,0.012,2.0,2.0,2.0,2.985808907111089,0.0519917268851757,3.0,0.008583958854433374,0.1115574410746278,0.009598699042534763,0.018748600687729843,0.0,0.005356173220736853,-0.018747058256286107,0.0036183920343215593,0.004352464043744693,0.023994612495433137,0.0,"[-0.04001940470092851, 1.927054644440314, -1.1594855537432496, -0.34162688701139093, 1.2769689729243838, 1.204786572892837, -0.06035565691833135, 1.4686096214874043, 1.0077210834958208]"
cube,63,/home/humanoid/Programs/hand/results/phase1/run_20260413_pollard_multiscene_500_cem/cube/generated_mjcf/scene_cube_tp0d0042p0d0216p0d0031_ip0d0195n0d0202p0d0000_mp0d0009p0d0051p0d0008.xml,phase1_generated_scene,False,0.012,2.0,0.0,2.0,-0.06902736388949653,1.3865419229430742e-11,0.0,0.034513682187393056,6.003882680529527e-16,0.0041606311494035465,0.021636419405641566,0.0030830111490938,0.019490002615164113,-0.020220277164734096,0.0,0.00092565331204735,0.005134536502037207,0.0008215445664897757,"[-0.08337202103895916, 1.8605319144286032, -0.7166528214956971, -0.20232549634829014, 1.3752276270028914, 1.0099071845942287, -0.027513999795058437, 1.4670317022980226, 0.9865984519932638]"
cube,64,/home/humanoid/Programs/hand/results/phase1/run_20260413_pollard_multiscene_500_cem/cube/generated_mjcf/scene_cube_tn0d0080p0d0274p0d0000_ip0d0070n0d0129p0d0000_mp0d0065p0d0086p0d0000.xml,sanity_phase1,True,0.012,2.0,2.0,2.0,2.914065854174202,0.06174554296460916,2.0,0.010183367089254085,0.17774276939073275,-0.008022452353145467,0.027372030322243758,0.0,0.006990567321636585,-0.012943104686674348,0.0,0.006541749268414972,0.008646994452682851,0.0,"[-0.04001940470092851, 1.927054644440314, -1.1594855537432496, -0.34162688701139093, 1.2769689729243838, 1.204786572892837, -0.06035565691833135, 1.4686096214874043, 1.0077210834958208]"
cube,65,/home/humanoid/Programs/hand/results/phase1/run_20260413_pollard_multiscene_500_cem/cube/generated_mjcf/scene_cube_tp0d0102p0d0180p0d0000_ip0d0127n0d0084p0d0038_mp0d0000p0d0173p0d0057.xml,sanity_phase1,True,0.012,2.0,2.0,2.0,2.83908409347473,0.047832996245402465,3.0,0.008661699864105256,0.11831583590763947,0.010244905457486197,0.01801220879143583,0.0,0.012668186858420182,-0.008360595438035868,0.003846637078264433,3.421521337633286e-05,0.01726566189683254,0.005662166397551415,"[-0.04001940470092851, 1.927054644440314, -1.1594855537432496, -0.34162688701139093, 1.2769689729243838, 1.204786572892837, -0.06035565691833135, 1.4686096214874043, 1.0077210834958208]"
cube,66,/home/humanoid/Programs/hand/results/phase1/run_20260413_pollard_multiscene_500_cem/cube/generated_mjcf/scene_cube_tp0d0071p0d0221p0d0000_ip0d0000n0d0165p0d0103_mp0d0093p0d0248p0d0000.xml,sanity_phase1,True,0.012,2.0,2.0,2.0,2.9168611514649725,0.04981977600307655,3.0,0.008849381157053617,0.06088164219066532,0.00709364078744279,0.022124822046544465,0.0,9.767773522696352e-06,-0.01654671136546037,0.010261411427183106,0.009342820692003578,0.024791373771543557,0.0,"[-0.04001940470092851, 1.927054644440314, -1.1594855537432496, -0.34162688701139093, 1.2769689729243838, 1.204786572892837, -0.06035565691833135, 1.4686096214874043, 1.0077210834958208]"
cube,67,/home/humanoid/Programs/hand/results/phase1/run_20260413_pollard_multiscene_500_cem/cube/generated_mjcf/scene_cube_tp0d0061p0d0196p0d0050_ip0d0056n0d0029p0d0000_mn0d0019p0d0206p0d0042.xml,sanity_phase1,True,0.012,2.0,2.0,2.0,2.96850571305005,0.05130219209824554,3.0,0.008716642853635425,0.06425149787515491,0.006122834557443047,0.019643052216551368,0.005008854274377212,0.00561230264001231,-0.002943233672719108,0.0,-0.0018517561091773247,0.02060797886680421,0.004238507117869911,"[-0.04001940470092851, 1.927054644440314, -1.1594855537432496, -0.34162688701139093, 1.2769689729243838, 1.204786572892837, -0.06035565691833135, 1.4686096214874043, 1.0077210834958208]"
cube,68,/home/humanoid/Programs/hand/results/phase1/run_20260413_pollard_multiscene_500_cem/cube/generated_mjcf/scene_cube_tp0d0038p0d0245p0d0021_ip0d0008n0d0082p0d0000_mp0d0024p0d0134p0d0000.xml,sanity_phase1,True,0.012,2.0,2.0,2.0,2.9206626584452895,0.04982764245181029,3.0,0.008817076622716146,0.03780449415092185,0.0037656347982162504,0.024497960055519838,0.002070341064443596,0.0007666948738843469,-0.008239110662878768,0.0,0.002388229094912815,0.013401081724688357,0.0,"[-0.04001940470092851, 1.927054644440314, -1.1594855537432496, -0.34162688701139093, 1.2769689729243838, 1.204786572892837, -0.06035565691833135, 1.4686096214874043, 1.0077210834958208]"
cube,69,/home/humanoid/Programs/hand/results/phase1/run_20260413_pollard_multiscene_500_cem/cube/generated_mjcf/scene_cube_tn0d0091p0d0182p0d0030_ip0d0071n0d0073p0d0000_mp0d0015p0d0213p0d0040.xml,sanity_phase1,True,0.012,2.0,1.0,2.0,0.5424298317991427,0.0384949187434101,2.0,0.011197634204742303,10.54998037207151,-0.009144836102051577,0.018246982496957297,0.0029668138469602177,0.007059122356778417,-0.007296012401118981,0.0,0.001451806534502163,0.021273596267723675,0.004049475114289318,"[-0.04001940470092851, 1.927054644440314, -1.1594855537432496, -0.34162688701139093, 1.2769689729243838, 1.204786572892837, -0.06035565691833135, 1.4686096214874043, 1.0077210834958208]"
cube,70,/home/humanoid/Programs/hand/results/phase1/run_20260413_pollard_multiscene_500_cem/cube/generated_mjcf/scene_cube_tn0d0017p0d0113p0d0039_ip0d0160n0d0204p0d0045_mp0d0065p0d0253p0d0060.xml,sanity_phase1,False,0.012,2.0,0.0,2.0,2.169515171479223,0.040021208349072496,2.0,0.015613560368007186,1.5334031618164904e-11,-0.001695103360925699,0.011282414835625114,0.003928409743895453,0.015998937998229143,-0.020365376323012177,0.004543241686324421,0.006535290073162862,0.025262846757352395,0.006036952502601393,"[-0.04001940470092851, 1.927054644440314, -1.1594855537432496, -0.34162688701139093, 1.2769689729243838, 1.204786572892837, -0.06035565691833135, 1.4686096214874043, 1.0077210834958208]"
cube,71,/home/humanoid/Programs/hand/results/phase1/run_20260413_pollard_multiscene_500_cem/cube/generated_mjcf/scene_cube_tn0d0054p0d0300p0d0000_ip0d0024n0d0185p0d0056_mp0d0106p0d0144p0d0000.xml,sanity_phase1,True,0.012,2.0,2.0,2.0,2.926457223591268,0.050578513193569846,3.0,0.009379037543034471,0.1668844206507194,-0.0054304519143984886,0.03,0.0,0.002435776347481558,-0.01849432869246876,0.005569922000877223,0.010628032732038916,0.01444500978945759,0.0,"[-0.04001940470092851, 1.927054644440314, -1.1594855537432496, -0.34162688701139093, 1.2769689729243838, 1.204786572892837, -0.06035565691833135, 1.4686096214874043, 1.0077210834958208]"
cube,72,/home/humanoid/Programs/hand/results/phase1/run_20260413_pollard_multiscene_500_cem/cube/generated_mjcf/scene_cube_tp0d0062p0d0108p0d0000_ip0d0174n0d0135p0d0090_mp0d0124p0d0222p0d0000.xml,sanity_phase1,False,0.012,2.0,0.0,2.0,1.797264477469784,0.029426184150382895,2.0,0.016325983896804692,5.3290257654071547e-14,0.006155210648630671,0.010810553793238229,0.0,0.01735264766979943,-0.013474860852813792,0.009043625678390614,0.012439938501574144,0.022249071527001167,0.0,"[-0.04001940470092851, 1.927054644440314, -1.1594855537432496, -0.34162688701139093, 1.2769689729243838, 1.204786572892837, -0.06035565691833135, 1.4686096214874043, 1.0077210834958208]"
cube,73,/home/humanoid/Programs/hand/results/phase1/run_20260413_pollard_multiscene_500_cem/cube/generated_mjcf/scene_cube_tn0d0044p0d0170p0d0000_ip0d0093n0d0046p0d0000_mp0d0184p0d0246p0d0000.xml,phase1_generated_scene,True,0.012,2.0,2.0,2.0,2.965776893644552,0.05225744502872201,3.0,0.009552338255877318,0.29419337232642484,-0.004410675175764798,0.017040945243216383,0.0,0.009339208587460731,-0.004560812218020674,0.0,0.018435661951111647,0.02463711105944183,0.0,"[-0.08337202103895916, 1.8605319144286032, -0.7166528214956971, -0.20232549634829014, 1.3752276270028914, 1.0099071845942287, -0.027513999795058437, 1.4670317022980226, 0.9865984519932638]"
cube,74,/home/humanoid/Programs/hand/results/phase1/run_20260413_pollard_multiscene_500_cem/cube/generated_mjcf/scene_cube_tn0d0118p0d0150p0d0000_ip0d0213n0d0226p0d0068_mp0d0094p0d0064p0d0000.xml,phase1_generated_scene,False,0.012,2.0,0.0,2.0,1.1979640224115384,0.023726055605093978,1.0,0.01621701080578993,9.268103447216306e-05,-0.011774631129091623,0.015026071347668844,0.0,0.021290785761964172,-0.022586193670716414,0.006751326365479232,0.00941019888610549,0.00641696459455523,0.0,"[-0.08337202103895916, 1.8605319144286032, -0.7166528214956971, -0.20232549634829014, 1.3752276270028914, 1.0099071845942287, -0.027513999795058437, 1.4670317022980226, 0.9865984519932638]"
cube,75,/home/humanoid/Programs/hand/results/phase1/run_20260413_pollard_multiscene_500_cem/cube/generated_mjcf/scene_cube_tn0d0029p0d0138p0d0000_ip0d0081n0d0012p0d0000_mp0d0208p0d0040p0d0000.xml,sanity_phase1,True,0.012,2.0,2.0,2.0,2.6345823243609847,0.05336093184285473,2.0,0.010970986252419409,0.07405545089394647,-0.0028583662300581437,0.0138457400072515,0.0,0.008078051948861801,-0.0012057265220458985,0.0,0.02080324029069562,0.0040327697180053326,0.0,"[-0.04001940470092851, 1.927054644440314, -1.1594855537432496, -0.34162688701139093, 1.2769689729243838, 1.204786572892837, -0.06035565691833135, 1.4686096214874043, 1.0077210834958208]"
cube,76,/home/humanoid/Programs/hand/results/phase1/run_20260413_pollard_multiscene_500_cem/cube/generated_mjcf/scene_cube_tn0d0113p0d0240p0d0000_ip0d0118n0d0052p0d0000_mp0d0039p0d0207p0d0000.xml,sanity_phase1,False,0.012,2.0,0.0,2.0,1.6717696718152906,0.04037005658902157,2.0,0.013207417774862056,3.4317831550049345,-0.011332418251265538,0.023982671318296504,0.0,0.011834084351033164,-0.005211212745469809,0.0,0.0038962598250180834,0.020709806091373795,0.0,"[-0.04001940470092851, 1.927054644440314, -1.1594855537432496, -0.34162688701139093, 1.2769689729243838, 1.204786572892837, -0.06035565691833135, 1.4686096214874043, 1.0077210834958208]"
cube,77,/home/humanoid/Programs/hand/results/phase1/run_20260413_pollard_multiscene_500_cem/cube/generated_mjcf/scene_cube_tn0d0084p0d0101p0d0057_ip0d0186n0d0029p0d0002_mp0d0017p0d0087p0d0000.xml,phase1_generated_scene,False,0.012,2.0,0.0,2.0,0.9440204566758128,0.016509556232762214,1.0,0.016907005731586974,5.1271374972509085e-11,-0.008418956494816787,0.010098682819272528,0.005692020027346097,0.018649896037094195,-0.00293131012119569,0.00024213617963288712,0.0016829095927515317,0.00871577789468347,0.0,"[-0.08337202103895916, 1.8605319144286032, -0.7166528214956971, -0.20232549634829014, 1.3752276270028914, 1.0099071845942287, -0.027513999795058437, 1.4670317022980226, 0.9865984519932638]"
cube,78,/home/humanoid/Programs/hand/results/phase1/run_20260413_pollard_multiscene_500_cem/cube/generated_mjcf/scene_cube_tp0d0084p0d0236p0d0000_ip0d0161n0d0138p0d0116_mp0d0083p0d0234p0d0000.xml,sanity_phase1,False,0.012,2.0,0.0,2.0,1.6961352768174978,0.046416862308675574,2.0,0.01555939079282572,4.648907482669974,0.008444576966534726,0.02360473805204645,0.0,0.016142527397372305,-0.013849435792305355,0.011586334684659968,0.008289451299635327,0.023392712373685107,0.0,"[-0.04001940470092851, 1.927054644440314, -1.1594855537432496, -0.34162688701139093, 1.2769689729243838, 1.204786572892837, -0.06035565691833135, 1.4686096214874043, 1.0077210834958208]"
cube,79,/home/humanoid/Programs/hand/results/phase1/run_20260413_pollard_multiscene_500_cem/cube/generated_mjcf/scene_cube_tp0d0052p0d0176p0d0000_ip0d0028n0d0020p0d0000_mp0d0115p0d0176p0d0086.xml,sanity_phase1,True,0.012,2.0,2.0,2.0,2.917613020118359,0.049752705042970365,3.0,0.00893988992897902,0.03901251018430581,0.005237310362236038,0.017563482626837892,0.0,0.0027718192087738923,-0.0019917236705522656,0.0,0.011478080897803443,0.017636294965843274,0.008602642255188277,"[-0.04001940470092851, 1.927054644440314, -1.1594855537432496, -0.34162688701139093, 1.2769689729243838, 1.204786572892837, -0.06035565691833135, 1.4686096214874043, 1.0077210834958208]"
cube,80,/home/humanoid/Programs/hand/results/phase1/run_20260413_pollard_multiscene_500_cem/cube/generated_mjcf/scene_cube_tn0d0008p0d0279p0d0006_ip0d0210n0d0071p0d0099_mp0d0206p0d0226p0d0000.xml,sanity_phase1,False,0.012,2.0,0.0,2.0,2.179530772171291,0.044330044218744064,2.0,0.014910594636468648,0.9479972414120941,-0.0008000030475453623,0.027917390747862772,0.000573517541445712,0.02095203182614285,-0.007101411990425551,0.009890526263616365,0.02061665277540771,0.022553907751633406,0.0,"[-0.04001940470092851, 1.927054644440314, -1.1594855537432496, -0.34162688701139093, 1.2769689729243838, 1.204786572892837, -0.06035565691833135, 1.4686096214874043, 1.0077210834958208]"
cube,81,/home/humanoid/Programs/hand/results/phase1/run_20260413_pollard_multiscene_500_cem/cube/generated_mjcf/scene_cube_tn0d0090p0d0228p0d0000_ip0d0072n0d0201p0d0063_mp0d0185p0d0065p0d0004.xml,phase1_generated_scene,True,0.012,2.0,1.0,2.0,2.346666889389579,0.04567820197745518,2.0,0.010247603147581394,0.2104998235079281,-0.009013713642375616,0.02278980200712923,0.0,0.007243655781430538,-0.020128123761032943,0.006292119913449305,0.018507944887493133,0.006487311049542916,0.0004040384823368326,"[-0.08337202103895916, 1.8605319144286032, -0.7166528214956971, -0.20232549634829014, 1.3752276270028914, 1.0099071845942287, -0.027513999795058437, 1.4670317022980226, 0.9865984519932638]"
cube,82,/home/humanoid/Programs/hand/results/phase1/run_20260413_pollard_multiscene_500_cem/cube/generated_mjcf/scene_cube_tn0d0025p0d0270p0d0000_ip0d0155n0d0107p0d0115_mp0d0081p0d0270p0d0000.xml,sanity_phase1,False,0.012,2.0,0.0,2.0,1.5270619038186477,0.048611109740898904,2.0,0.016590674258375866,6.274303923973748,-0.002519689680057913,0.0269603676315392,0.0,0.015539417179556146,-0.010713506962094235,0.011477954736469145,0.00807119382275073,0.027004100871841748,0.0,"[-0.04001940470092851, 1.927054644440314, -1.1594855537432496, -0.34162688701139093, 1.2769689729243838, 1.204786572892837, -0.06035565691833135, 1.4686096214874043, 1.0077210834958208]"
cube,83,/home/humanoid/Programs/hand/results/phase1/run_20260413_pollard_multiscene_500_cem/cube/generated_mjcf/scene_cube_tn0d0076p0d0268p0d0000_ip0d0116n0d0088p0d0000_mn0d0012p0d0270p0d0076.xml,sanity_phase1,True,0.012,2.0,1.0,2.0,0.6137640463951257,0.0444788770206086,2.0,0.010757424138872299,11.476545340322874,-0.007615952366620589,0.02676994545049784,0.0,0.011578113540041342,-0.00879563808260816,0.0,-0.0011742335437274105,0.026988800245438982,0.007617363433869751,"[-0.04001940470092851, 1.927054644440314, -1.1594855537432496, -0.34162688701139093, 1.2769689729243838, 1.204786572892837, -0.06035565691833135, 1.4686096214874043, 1.0077210834958208]"
cube,84,/home/humanoid/Programs/hand/results/phase1/run_20260413_pollard_multiscene_500_cem/cube/generated_mjcf/scene_cube_tn0d0090p0d0284p0d0000_ip0d0039n0d0058p0d0062_mp0d0183p0d0066p0d0059.xml,phase1_generated_scene,True,0.012,2.0,2.0,2.0,2.8996144041473,0.04922178899669594,3.0,0.009539822145346336,0.027123776309100976,-0.00903107388097255,0.0283512663229558,0.0,0.003934833769319825,-0.005757207590804102,0.006176688296570931,0.018302976254368976,0.006579648189279809,0.005942068205402055,"[-0.08337202103895916, 1.8605319144286032, -0.7166528214956971, -0.20232549634829014, 1.3752276270028914, 1.0099071845942287, -0.027513999795058437, 1.4670317022980226, 0.9865984519932638]"
cube,85,/home/humanoid/Programs/hand/results/phase1/run_20260413_pollard_multiscene_500_cem/cube/generated_mjcf/scene_cube_tn0d0007p0d0158p0d0056_ip0d0183n0d0166p0d0000_mp0d0218p0d0254p0d0000.xml,sanity_phase1,True,0.012,2.0,2.0,2.0,2.213758296919244,0.04104667146907007,2.0,0.011437165177864915,5.827616521838634e-06,-0.0007242270174430531,0.01582120179505725,0.005623269061173778,0.018283433942996835,-0.01656094181848386,0.0,0.021800433240013316,0.025360559741709553,0.0,"[-0.04001940470092851, 1.927054644440314, -1.1594855537432496, -0.34162688701139093, 1.2769689729243838, 1.204786572892837, -0.06035565691833135, 1.4686096214874043, 1.0077210834958208]"
cube,86,/home/humanoid/Programs/hand/results/phase1/run_20260413_pollard_multiscene_500_cem/cube/generated_mjcf/scene_cube_tp0d0075p0d0102p0d0099_ip0d0166n0d0196p0d0000_mp0d0123p0d0118p0d0057.xml,phase1_generated_scene,False,0.012,2.0,0.0,2.0,-0.03223050111593812,3.0014185581350716e-14,0.0,0.016115250558494245,8.573386277202674e-16,0.007545943391991963,0.010152637333193278,0.009901101778887714,0.016591653646360095,-0.019575285245747365,0.0,0.012293316516183985,0.011838183941553431,0.005669611582738907,"[-0.08337202103895916, 1.8605319144286032, -0.7166528214956971, -0.20232549634829014, 1.3752276270028914, 1.0099071845942287, -0.027513999795058437, 1.4670317022980226, 0.9865984519932638]"
cube,87,/home/humanoid/Programs/hand/results/phase1/run_20260413_pollard_multiscene_500_cem/cube/generated_mjcf/scene_cube_tp0d0022p0d0130p0d0026_in0d0017n0d0216p0d0000_mp0d0065p0d0036p0d0103.xml,sanity_phase1,True,0.012,2.0,2.0,2.0,2.92426307404048,0.04994069178529014,3.0,0.00897835150692818,0.03802956953879189,0.002216708864255847,0.012968687661631752,0.002642628237215415,-0.0016625819564261152,-0.021618052432726936,0.0,0.006488265088465934,0.003585833720184428,0.01031778056792828,"[-0.04001940470092851, 1.927054644440314, -1.1594855537432496, -0.34162688701139093, 1.2769689729243838, 1.204786572892837, -0.06035565691833135, 1.4686096214874043, 1.0077210834958208]"
cube,88,/home/humanoid/Programs/hand/results/phase1/run_20260413_pollard_multiscene_500_cem/cube/generated_mjcf/scene_cube_tn0d0063p0d0145p0d0000_ip0d0206n0d0159p0d0000_mp0d0052p0d0267p0d0000.xml,sanity_phase1,False,0.012,2.0,0.0,2.0,1.6690470239867525,0.040449170067854257,2.0,0.01955468063958777,3.383763780726476,-0.006251785068665728,0.014495325210681365,0.0,0.020577729177482608,-0.015856336100447087,0.0,0.00516417454005876,0.026729880841243052,0.0,"[-0.04001940470092851, 1.927054644440314, -1.1594855537432496, -0.34162688701139093, 1.2769689729243838, 1.204786572892837, -0.06035565691833135, 1.4686096214874043, 1.0077210834958208]"
cube,89,/home/humanoid/Programs/hand/results/phase1/run_20260413_pollard_multiscene_500_cem/cube/generated_mjcf/scene_cube_tn0d0100p0d0238p0d0052_ip0d0069n0d0192p0d0000_mp0d0085p0d0272p0d0086.xml,phase1_generated_scene,True,0.012,2.0,2.0,2.0,0.9144123477195616,0.03886954605650997,2.0,0.010277000528718513,8.169785088005671,-0.009995101896248837,0.02379157746173784,0.005198518097171433,0.0069337845806804535,-0.0192267562692027,0.0,0.00853763705229673,0.027187195281308668,0.008602447813300492,"[-0.08337202103895916, 1.8605319144286032, -0.7166528214956971, -0.20232549634829014, 1.3752276270028914, 1.0099071845942287, -0.027513999795058437, 1.4670317022980226, 0.9865984519932638]"
cube,90,/home/humanoid/Programs/hand/results/phase1/run_20260413_pollard_multiscene_500_cem/cube/generated_mjcf/scene_cube_tp0d0029p0d0127p0d0045_ip0d0162n0d0225p0d0000_mp0d0058p0d0170p0d0037.xml,sanity_phase1,False,0.012,2.0,0.0,2.0,2.127629400698815,0.03862807855074345,2.0,0.012176674288555718,6.31530023435221e-13,0.0029018135620788327,0.012654030748838113,0.004509948513336814,0.016215976054769522,-0.022490670271335656,0.0,0.005844347141099411,0.0169903517426752,0.0036732772408389104,"[-0.04001940470092851, 1.927054644440314, -1.1594855537432496, -0.34162688701139093, 1.2769689729243838, 1.204786572892837, -0.06035565691833135, 1.4686096214874043, 1.0077210834958208]"
cube,91,/home/humanoid/Programs/hand/results/phase1/run_20260413_pollard_multiscene_500_cem/cube/generated_mjcf/scene_cube_tn0d0076p0d0193p0d0118_in0d0016n0d0154p0d0000_mp0d0077p0d0242p0d0000.xml,phase1_generated_scene,True,0.012,2.0,1.0,2.0,5.240597839016803,0.11599226836504063,3.0,0.009564134895174227,2.1893128473064962e-05,-0.007646693078679328,0.019271826466729144,0.01181202927686147,-0.0016195366585430217,-0.015396153316103115,0.0,0.007733992480541187,0.024160649172592356,0.0,"[-0.08337202103895916, 1.8605319144286032, -0.7166528214956971, -0.20232549634829014, 1.3752276270028914, 1.0099071845942287, -0.027513999795058437, 1.4670317022980226, 0.9865984519932638]"
cube,92,/home/humanoid/Programs/hand/results/phase1/run_20260413_pollard_multiscene_500_cem/cube/generated_mjcf/scene_cube_tp0d0092p0d0218p0d0000_ip0d0041n0d0045p0d0035_mp0d0031p0d0064p0d0000.xml,sanity_phase1,True,0.012,2.0,2.0,2.0,2.9061248094874137,0.049915187040554504,3.0,0.009174564265066671,0.1503840560124064,0.009193872035903945,0.02181295623272573,0.0,0.0040552741037858985,-0.0045332674722808695,0.003460812432078599,0.0030934256771718233,0.006421691842922003,0.0,"[-0.04001940470092851, 1.927054644440314, -1.1594855537432496, -0.34162688701139093, 1.2769689729243838, 1.204786572892837, -0.06035565691833135, 1.4686096214874043, 1.0077210834958208]"
cube,93,/home/humanoid/Programs/hand/results/phase1/run_20260413_pollard_multiscene_500_cem/cube/generated_mjcf/scene_cube_tp0d0098p0d0177p0d0077_ip0d0195n0d0189p0d0000_mp0d0023p0d0219p0d0000.xml,phase1_generated_scene,False,0.012,2.0,0.0,2.0,1.8606919868168181,0.0313132253927841,2.0,0.015889990031603702,0.023272812449452066,0.009817727108383325,0.0176813969023054,0.007687387064662939,0.019488690226234645,-0.01886800685293718,0.0,0.0023280660770963867,0.021851488935866546,0.0,"[-0.08337202103895916, 1.8605319144286032, -0.7166528214956971, -0.20232549634829014, 1.3752276270028914, 1.0099071845942287, -0.027513999795058437, 1.4670317022980226, 0.9865984519932638]"
cube,94,/home/humanoid/Programs/hand/results/phase1/run_20260413_pollard_multiscene_500_cem/cube/generated_mjcf/scene_cube_tp0d0015p0d0126p0d0064_ip0d0095n0d0111p0d0000_mp0d0090p0d0044p0d0074.xml,sanity_phase1,True,0.012,2.0,2.0,2.0,3.163334937366443,0.06854410129618203,2.0,0.010490662526954422,0.09818188630679534,0.001539169440428645,0.012590402374113123,0.006399856377125625,0.009505016714306917,-0.011122081462157587,0.0,0.008957884088755294,0.004397102470699158,0.007428471529678085,"[-0.04001940470092851, 1.927054644440314, -1.1594855537432496, -0.34162688701139093, 1.2769689729243838, 1.204786572892837, -0.06035565691833135, 1.4686096214874043, 1.0077210834958208]"
cube,95,/home/humanoid/Programs/hand/results/phase1/run_20260413_pollard_multiscene_500_cem/cube/generated_mjcf/scene_cube_tp0d0098p0d0261p0d0000_ip0d0183n0d0242p0d0040_mp0d0164p0d0111p0d0086.xml,phase1_generated_scene,True,0.012,2.0,2.0,2.0,2.906569626551589,0.051010612283164114,3.0,0.00939215814874665,0.4001165804110795,0.009779974161027216,0.026063540473240793,0.0,0.018250824386656643,-0.024208298980820234,0.003982977767717059,0.016417262015573204,0.011139749692614482,0.00855772058265547,"[-0.08337202103895916, 1.8605319144286032, -0.7166528214956971, -0.20232549634829014, 1.3752276270028914, 1.0099071845942287, -0.027513999795058437, 1.4670317022980226, 0.9865984519932638]"
cube,96,/home/humanoid/Programs/hand/results/phase1/run_20260413_pollard_multiscene_500_cem/cube/generated_mjcf/scene_cube_tn0d0120p0d0232p0d0000_ip0d0131n0d0183p0d0000_mp0d0130p0d0152p0d0000.xml,phase1_generated_scene,False,0.012,2.0,0.0,2.0,2.1086301241369494,0.038075404703978126,2.0,0.012004520233198762,2.392508270213472e-10,-0.011995439961423757,0.023170885074527296,0.0,0.013087070170243659,-0.01826739217079296,0.0,0.01302784928333284,0.015226435694788317,0.0,"[-0.08337202103895916, 1.8605319144286032, -0.7166528214956971, -0.20232549634829014, 1.3752276270028914, 1.0099071845942287, -0.027513999795058437, 1.4670317022980226, 0.9865984519932638]"
cube,97,/home/humanoid/Programs/hand/results/phase1/run_20260413_pollard_multiscene_500_cem/cube/generated_mjcf/scene_cube_tp0d0093p0d0292p0d0012_ip0d0149n0d0135p0d0072_mp0d0180p0d0216p0d0000.xml,phase1_generated_scene,True,0.012,2.0,2.0,2.0,2.913763279247711,0.04964949025822249,3.0,0.009196366885781364,0.03717430679009156,0.009268198317895226,0.029177279887696635,0.001189641720707622,0.014946304660889418,-0.013466718358715133,0.007234640744900829,0.018012549910744587,0.02163983278281282,0.0,"[-0.08337202103895916, 1.8605319144286032, -0.7166528214956971, -0.20232549634829014, 1.3752276270028914, 1.0099071845942287, -0.027513999795058437, 1.4670317022980226, 0.9865984519932638]"
cube,98,/home/humanoid/Programs/hand/results/phase1/run_20260413_pollard_multiscene_500_cem/cube/generated_mjcf/scene_cube_tn0d0114p0d0238p0d0000_ip0d0195n0d0037p0d0008_mp0d0071p0d0204p0d0050.xml,sanity_phase1,False,0.012,2.0,0.0,2.0,0.8486852824177207,0.038210224945989635,2.0,0.014417129100756503,8.398922216602692,-0.011412276955248405,0.02379807387899146,0.0,0.019462260282733714,-0.0036636593388789888,0.0008100502558857133,0.0070586596157323,0.02041174898220853,0.005024872692297698,"[-0.04001940470092851, 1.927054644440314, -1.1594855537432496, -0.34162688701139093, 1.2769689729243838, 1.204786572892837, -0.06035565691833135, 1.4686096214874043, 1.0077210834958208]"
cube,99,/home/humanoid/Programs/hand/results/phase1/run_20260413_pollard_multiscene_500_cem/cube/generated_mjcf/scene_cube_tp0d0044p0d0282p0d0019_ip0d0104n0d0119p0d0093_mp0d0068p0d0235p0d0001.xml,phase1_generated_scene,True,0.012,2.0,1.0,2.0,0.9204747356370326,0.04318379034064631,2.0,0.010802058474905554,9.12902539557185,0.004374789435312346,0.028218177304168056,0.0018556460458758403,0.010385043516164927,-0.011894204793422361,0.009335535792464315,0.006802027202263075,0.023505980635449716,0.00011734953019630276,"[-0.08337202103895916, 1.8605319144286032, -0.7166528214956971, -0.20232549634829014, 1.3752276270028914, 1.0099071845942287, -0.027513999795058437, 1.4670317022980226, 0.9865984519932638]"
cube,100,/home/humanoid/Programs/hand/results/phase1/run_20260413_pollard_multiscene_500_cem/cube/generated_mjcf/scene_cube_tn0d0100p0d0188p0d0000_ip0d0107n0d0038p0d0000_mp0d0094p0d0173p0d0065.xml,sanity_phase1,True,0.012,2.0,1.0,2.0,2.0880138701988074,0.037412294328633244,2.0,0.010702393177054013,7.763299498861432e-05,-0.009951865181536158,0.018775567695502312,0.0,0.010669241071932166,-0.003820563471950528,0.0,0.009405390983008566,0.017280054041644587,0.0064756874760196585,"[-0.04001940470092851, 1.927054644440314, -1.1594855537432496, -0.34162688701139093, 1.2769689729243838, 1.204786572892837, -0.06035565691833135, 1.4686096214874043, 1.0077210834958208]"
cube,101,/home/humanoid/Programs/hand/results/phase1/run_20260413_pollard_multiscene_500_cem/cube/generated_mjcf/scene_cube_tp0d0106p0d0212p0d0101_ip0d0061n0d0060p0d0063_mp0d0112p0d0075p0d0000.xml,sanity_phase1,True,0.012,2.0,2.0,2.0,2.9072608562623303,0.050705875609920334,3.0,0.009315202859717013,0.3254292291029843,0.010583447100032992,0.021214589149641843,0.010118832452697093,0.006077415096292973,-0.005956325488376159,0.006329410999625626,0.011230695538510659,0.007470929249459784,0.0,"[-0.04001940470092851, 1.927054644440314, -1.1594855537432496, -0.34162688701139093, 1.2769689729243838, 1.204786572892837, -0.06035565691833135, 1.4686096214874043, 1.0077210834958208]"
cube,102,/home/humanoid/Programs/hand/results/phase1/run_20260413_pollard_multiscene_500_cem/cube/generated_mjcf/scene_cube_tn0d0050p0d0300p0d0035_ip0d0198n0d0172p0d0000_mp0d0116p0d0118p0d0000.xml,sanity_phase1,False,0.012,2.0,0.0,2.0,1.3727523512876993,0.03836571245796488,2.0,0.013281528296710607,4.956563520984336,-0.00501959716225856,0.03,0.0034709390634110604,0.019816908082287803,-0.017192165528774707,0.0,0.01161693581676551,0.011813476401367424,0.0,"[-0.04001940470092851, 1.927054644440314, -1.1594855537432496, -0.34162688701139093, 1.2769689729243838, 1.204786572892837, -0.06035565691833135, 1.4686096214874043, 1.0077210834958208]"
cube,103,/home/humanoid/Programs/hand/results/phase1/run_20260413_pollard_multiscene_500_cem/cube/generated_mjcf/scene_cube_tp0d0024p0d0087p0d0000_in0d0020n0d0127p0d0026_mp0d0002p0d0091p0d0073.xml,sanity_phase1,True,0.012,2.0,2.0,2.0,2.9173271972319954,0.04981109726246412,3.0,0.008751376522735003,0.057056359391858054,0.002383369372827144,0.008678863384413857,0.0,-0.0019946792069528447,-0.01271909707195985,0.002592015961930566,0.00023177104157602255,0.00911026565147512,0.0072958037054163295,"[-0.04001940470092851, 1.927054644440314, -1.1594855537432496, -0.34162688701139093, 1.2769689729243838, 1.204786572892837, -0.06035565691833135, 1.4686096214874043, 1.0077210834958208]"
cube,104,/home/humanoid/Programs/hand/results/phase1/run_20260413_pollard_multiscene_500_cem/cube/generated_mjcf/scene_cube_tp0d0082p0d0173p0d0075_ip0d0047n0d0074p0d0011_mp0d0086p0d0191p0d0000.xml,sanity_phase1,True,0.012,2.0,2.0,2.0,2.8900775176179496,0.04922557217964947,3.0,0.008880931425973893,0.10037097211889283,0.008166757436390344,0.017305598102488752,0.007541369532989443,0.004651366072771426,-0.007353402664476439,0.0010909589677707467,0.008562377893663898,0.019054614628170638,0.0,"[-0.04001940470092851, 1.927054644440314, -1.1594855537432496, -0.34162688701139093, 1.2769689729243838, 1.204786572892837, -0.06035565691833135, 1.4686096214874043, 1.0077210834958208]"
cube,105,/home/humanoid/Programs/hand/results/phase1/run_20260413_pollard_multiscene_500_cem/cube/generated_mjcf/scene_cube_tn0d0081p0d0151p0d0043_ip0d0149n0d0080p0d0064_mn0d0001p0d0058p0d0085.xml,sanity_phase1,False,0.012,2.0,0.0,2.0,-0.03189188646444157,1.797173521111972e-15,0.0,0.01594594323225219,6.216686385022775e-16,-0.008101357374999472,0.015051763145310957,0.004333502634470354,0.014949647520672982,-0.007961740219535359,0.0064228105575298185,-9.076253567036861e-05,0.005841333801968511,0.008528427846290734,"[-0.04001940470092851, 1.927054644440314, -1.1594855537432496, -0.34162688701139093, 1.2769689729243838, 1.204786572892837, -0.06035565691833135, 1.4686096214874043, 1.0077210834958208]"
cube,106,/home/humanoid/Programs/hand/results/phase1/run_20260413_pollard_multiscene_500_cem/cube/generated_mjcf/scene_cube_tn0d0034p0d0216p0d0001_ip0d0130n0d0225p0d0065_mp0d0010p0d0197p0d0000.xml,sanity_phase1,False,0.012,2.0,0.0,2.0,1.7798264546345508,0.04169010145880794,2.0,0.016617174679843846,2.973951647093598,-0.003435893928932775,0.021640910971604234,8.406733760194136e-05,0.01303990171210299,-0.022453278930529147,0.006474965432793946,0.0009616558759156877,0.019652987084016846,0.0,"[-0.04001940470092851, 1.927054644440314, -1.1594855537432496, -0.34162688701139093, 1.2769689729243838, 1.204786572892837, -0.06035565691833135, 1.4686096214874043, 1.0077210834958208]"
cube,107,/home/humanoid/Programs/hand/results/phase1/run_20260413_pollard_multiscene_500_cem/cube/generated_mjcf/scene_cube_tn0d0002p0d0241p0d0000_in0d0009n0d0012p0d0005_mp0d0158p0d0161p0d0077.xml,sanity_phase1,True,0.012,2.0,2.0,2.0,2.921576258600874,0.04980421091978896,3.0,0.009113993035423514,0.022287583472616477,-0.0001857207345086799,0.024120649624657868,0.0,-0.0008951006875646678,-0.0011589227586814663,0.000544245585789983,0.015811471385460664,0.01605107600938014,0.007672485664079333,"[-0.04001940470092851, 1.927054644440314, -1.1594855537432496, -0.34162688701139093, 1.2769689729243838, 1.204786572892837, -0.06035565691833135, 1.4686096214874043, 1.0077210834958208]"
cube,108,/home/humanoid/Programs/hand/results/phase1/run_20260413_pollard_multiscene_500_cem/cube/generated_mjcf/scene_cube_tp0d0016p0d0109p0d0034_ip0d0021n0d0045p0d0043_mp0d0206p0d0184p0d0000.xml,sanity_phase1,True,0.012,2.0,2.0,2.0,2.933478931963009,0.051382486478783795,3.0,0.00926821753977903,0.30914439809910593,0.0015507882981054214,0.010946165081292702,0.0034057575517393284,0.002145776066487623,-0.004532300759600939,0.00434547841134757,0.020555407315434586,0.018397938948996252,0.0,"[-0.04001940470092851, 1.927054644440314, -1.1594855537432496, -0.34162688701139093, 1.2769689729243838, 1.204786572892837, -0.06035565691833135, 1.4686096214874043, 1.0077210834958208]"
cube,109,/home/humanoid/Programs/hand/results/phase1/run_20260413_pollard_multiscene_500_cem/cube/generated_mjcf/scene_cube_tp0d0014p0d0265p0d0051_ip0d0062n0d0086p0d0104_mp0d0144p0d0121p0d0099.xml,phase1_generated_scene,True,0.012,2.0,2.0,2.0,2.8883147588305516,0.049250156046969876,3.0,0.009274298139933447,0.11261404355684847,0.0013713010998067932,0.026522534647037528,0.00508531914060183,0.006215120944035642,-0.0085715723855087,0.010446457471225783,0.014435441034388851,0.012115233654059249,0.009858199929202283,"[-0.08337202103895916, 1.8605319144286032, -0.7166528214956971, -0.20232549634829014, 1.3752276270028914, 1.0099071845942287, -0.027513999795058437, 1.4670317022980226, 0.9865984519932638]"
cube,110,/home/humanoid/Programs/hand/results/phase1/run_20260413_pollard_multiscene_500_cem/cube/generated_mjcf/scene_cube_tp0d0079p0d0285p0d0000_ip0d0050n0d0053p0d0000_mn0d0002p0d0197p0d0072.xml,sanity_phase1,True,0.012,2.0,2.0,2.0,2.9345169416762356,0.05006716953953306,3.0,0.008699232600046703,0.0029035133821890156,0.007862980625476145,0.028524410246412026,0.0,0.004979892007376512,-0.005336932736155145,0.0,-0.0002310575466114538,0.019698384299342057,0.007182478955496934,"[-0.04001940470092851, 1.927054644440314, -1.1594855537432496, -0.34162688701139093, 1.2769689729243838, 1.204786572892837, -0.06035565691833135, 1.4686096214874043, 1.0077210834958208]"
cube,111,/home/humanoid/Programs/hand/results/phase1/run_20260413_pollard_multiscene_500_cem/cube/generated_mjcf/scene_cube_tp0d0034p0d0163p0d0014_in0d0015n0d0108p0d0086_mn0d0001p0d0125p0d0000.xml,sanity_phase1,True,0.012,2.0,2.0,2.0,2.920034005317272,0.050313933524843965,3.0,0.00868510020400344,0.15722311762839686,0.003402427395368751,0.01627624007420011,0.0014345596552211674,-0.0014835211652609488,-0.010796120261926605,0.008563228193161875,-0.00012672235965031746,0.012499665517147967,0.0,"[-0.04001940470092851, 1.927054644440314, -1.1594855537432496, -0.34162688701139093, 1.2769689729243838, 1.204786572892837, -0.06035565691833135, 1.4686096214874043, 1.0077210834958208]"
cube,112,/home/humanoid/Programs/hand/results/phase1/run_20260413_pollard_multiscene_500_cem/cube/generated_mjcf/scene_cube_tn0d0029p0d0083p0d0079_ip0d0099n0d0138p0d0024_mp0d0184p0d0103p0d0000.xml,sanity_phase1,True,0.012,2.0,1.0,2.0,2.3168461274514627,0.043968334076624885,2.0,0.01102278261308884,2.8201709902934687e-11,-0.0028798104808018445,0.008312184160997247,0.00786631007594749,0.00990983944819043,-0.01383796642650531,0.00244307317527483,0.018400676902117614,0.010290257395785304,0.0,"[-0.04001940470092851, 1.927054644440314, -1.1594855537432496, -0.34162688701139093, 1.2769689729243838, 1.204786572892837, -0.06035565691833135, 1.4686096214874043, 1.0077210834958208]"
cube,113,/home/humanoid/Programs/hand/results/phase1/run_20260413_pollard_multiscene_500_cem/cube/generated_mjcf/scene_cube_tn0d0108p0d0144p0d0000_in0d0010n0d0110p0d0000_mn0d0002p0d0253p0d0000.xml,sanity_phase1,True,0.012,2.0,2.0,2.0,1.2746732576737185,0.040471853536094324,2.0,0.009676783355180053,6.149920329194818,-0.010812139014908118,0.014393578249598981,0.0,-0.0010025963078267048,-0.011034466506951189,0.0,-0.00021781467042988716,0.025301153793920166,0.0,"[-0.04001940470092851, 1.927054644440314, -1.1594855537432496, -0.34162688701139093, 1.2769689729243838, 1.204786572892837, -0.06035565691833135, 1.4686096214874043, 1.0077210834958208]"
cube,114,/home/humanoid/Programs/hand/results/phase1/run_20260413_pollard_multiscene_500_cem/cube/generated_mjcf/scene_cube_tn0d0097p0d0300p0d0040_ip0d0154n0d0108p0d0000_mp0d0182p0d0133p0d0000.xml,phase1_generated_scene,True,0.012,2.0,1.0,2.0,2.2653899692835306,0.042772348691668696,2.0,0.011531003264178023,0.05720152264345367,-0.009724061022624773,0.03,0.0040072071336392685,0.015418097000075947,-0.010783104100315308,0.0,0.018205053769901072,0.013332696100926186,0.0,"[-0.08337202103895916, 1.8605319144286032, -0.7166528214956971, -0.20232549634829014, 1.3752276270028914, 1.0099071845942287, -0.027513999795058437, 1.4670317022980226, 0.9865984519932638]"
cube,115,/home/humanoid/Programs/hand/results/phase1/run_20260413_pollard_multiscene_500_cem/cube/generated_mjcf/scene_cube_tn0d0088p0d0107p0d0005_ip0d0116n0d0119p0d0027_mp0d0191p0d0154p0d0000.xml,sanity_phase1,True,0.012,2.0,1.0,2.0,2.1589006760279053,0.03946863805539352,2.0,0.011250827784544963,2.2785201937192045e-09,-0.008752578143894657,0.010717277259950732,0.0005339023898471625,0.011649846149658704,-0.011851546974094098,0.0027149922709011447,0.019063443114098563,0.015400916278669291,0.0,"[-0.04001940470092851, 1.927054644440314, -1.1594855537432496, -0.34162688701139093, 1.2769689729243838, 1.204786572892837, -0.06035565691833135, 1.4686096214874043, 1.0077210834958208]"
cube,116,/home/humanoid/Programs/hand/results/phase1/run_20260413_pollard_multiscene_500_cem/cube/generated_mjcf/scene_cube_tn0d0058p0d0154p0d0015_ip0d0171n0d0137p0d0000_mp0d0025p0d0055p0d0000.xml,phase1_generated_scene,False,0.012,2.0,0.0,2.0,-0.0343731501953054,6.019490461639521e-15,0.0,0.017186575097757974,9.051548097513458e-16,-0.005842255138069734,0.015364319418918195,0.0014593692806168217,0.01708893618799274,-0.01371309528163105,0.0,0.002515708089826485,0.00547565360219901,0.0,"[-0.08337202103895916, 1.8605319144286032, -0.7166528214956971, -0.20232549634829014, 1.3752276270028914, 1.0099071845942287, -0.027513999795058437, 1.4670317022980226, 0.9865984519932638]"
cube,117,/home/humanoid/Programs/hand/results/phase1/run_20260413_pollard_multiscene_500_cem/cube/generated_mjcf/scene_cube_tp0d0044p0d0222p0d0039_ip0d0089n0d0217p0d0000_mp0d0103p0d0152p0d0000.xml,sanity_phase1,True,0.012,2.0,2.0,2.0,2.8789872460131023,0.049010310367087896,3.0,0.009145050887506717,0.12055676706640599,0.004425039793702623,0.022177153565716874,0.0038910621589977774,0.00891028314209102,-0.02166526711317343,0.0,0.010263051494114807,0.015231959161743686,0.0,"[-0.04001940470092851, 1.927054644440314, -1.1594855537432496, -0.34162688701139093, 1.2769689729243838, 1.204786572892837, -0.06035565691833135, 1.4686096214874043, 1.0077210834958208]"
cube,118,/home/humanoid/Programs/hand/results/phase1/run_20260413_pollard_multiscene_500_cem/cube/generated_mjcf/scene_cube_tp0d0078p0d0184p0d0083_ip0d0044n0d0017p0d0000_mp0d0165p0d0038p0d0000.xml,sanity_phase1,True,0.012,2.0,2.0,2.0,2.8876805252167284,0.049094252400351014,3.0,0.009417795205316173,0.07855145589949905,0.007807237396004606,0.01839952006368896,0.008290947003856325,0.004371823127956276,-0.0016934499390448814,0.0,0.016460379772354136,0.0037844748722332625,0.0,"[-0.04001940470092851, 1.927054644440314, -1.1594855537432496, -0.34162688701139093, 1.2769689729243838, 1.204786572892837, -0.06035565691833135, 1.4686096214874043, 1.0077210834958208]"
cube,119,/home/humanoid/Programs/hand/results/phase1/run_20260413_pollard_multiscene_500_cem/cube/generated_mjcf/scene_cube_tp0d0089p0d0164p0d0104_ip0d0203n0d0051p0d0000_mp0d0186p0d0143p0d0000.xml,phase1_generated_scene,True,0.012,2.0,1.0,2.0,2.076535845585121,0.03712708277588851,2.0,0.011456025648385873,1.8280366043108863e-09,0.008893279303444638,0.01640251999547089,0.010379507833410868,0.020306008014948564,-0.005095378154555871,0.0,0.01859844408246346,0.014270504086291665,0.0,"[-0.08337202103895916, 1.8605319144286032, -0.7166528214956971, -0.20232549634829014, 1.3752276270028914, 1.0099071845942287, -0.027513999795058437, 1.4670317022980226, 0.9865984519932638]"
cube,120,/home/humanoid/Programs/hand/results/phase1/run_20260413_pollard_multiscene_500_cem/cube/generated_mjcf/scene_cube_tp0d0084p0d0276p0d0000_ip0d0188n0d0118p0d0058_mp0d0044p0d0085p0d0084.xml,phase1_generated_scene,True,0.012,2.0,2.0,2.0,2.7627084679729363,0.04557543867132364,3.0,0.00906775631644526,0.0953091526033385,0.00844700085406028,0.0275899209061255,0.0,0.01879663640748299,-0.01184488672550997,0.005846178204292226,0.004436224499191826,0.00847107561171959,0.008359507557784272,"[-0.08337202103895916, 1.8605319144286032, -0.7166528214956971, -0.20232549634829014, 1.3752276270028914, 1.0099071845942287, -0.027513999795058437, 1.4670317022980226, 0.9865984519932638]"
cube,121,/home/humanoid/Programs/hand/results/phase1/run_20260413_pollard_multiscene_500_cem/cube/generated_mjcf/scene_cube_tp0d0024p0d0115p0d0000_ip0d0186n0d0131p0d0000_mp0d0062p0d0231p0d0000.xml,phase1_generated_scene,False,0.012,2.0,0.0,2.0,1.8488372709531278,0.030863884975734567,2.0,0.01569935152716458,9.550195901453783e-10,0.0024051311534063324,0.011544931174607635,0.0,0.01861685963731509,-0.013061194038860484,0.0,0.006182892757216741,0.02309146085361523,0.0,"[-0.08337202103895916, 1.8605319144286032, -0.7166528214956971, -0.20232549634829014, 1.3752276270028914, 1.0099071845942287, -0.027513999795058437, 1.4670317022980226, 0.9865984519932638]"
cube,122,/home/humanoid/Programs/hand/results/phase1/run_20260413_pollard_multiscene_500_cem/cube/generated_mjcf/scene_cube_tp0d0108p0d0155p0d0062_ip0d0049n0d0059p0d0000_mp0d0011p0d0095p0d0089.xml,phase1_generated_scene,True,0.012,2.0,2.0,2.0,3.104183091713752,0.05596858276654158,3.0,0.009326179060017216,0.2404329799677951,0.01076048406563343,0.015492803621637762,0.006155527900058046,0.00485693182457647,-0.00587186875258037,0.0,0.0011157035574780073,0.009522165756708695,0.008882207151154464,"[-0.08337202103895916, 1.8605319144286032, -0.7166528214956971, -0.20232549634829014, 1.3752276270028914, 1.0099071845942287, -0.027513999795058437, 1.4670317022980226, 0.9865984519932638]"
cube,123,/home/humanoid/Programs/hand/results/phase1/run_20260413_pollard_multiscene_500_cem/cube/generated_mjcf/scene_cube_tn0d0043p0d0196p0d0000_ip0d0116n0d0220p0d0000_mp0d0172p0d0092p0d0000.xml,phase1_generated_scene,True,0.012,2.0,2.0,2.0,2.764522422935619,0.057868692351524476,2.0,0.009695869209556545,0.2766004729908328,-0.004260038967681772,0.01960461298881959,0.0,0.011600278864472048,-0.0219961311853588,0.0,0.017223337484585828,0.009153846869822672,0.0,"[-0.08337202103895916, 1.8605319144286032, -0.7166528214956971, -0.20232549634829014, 1.3752276270028914, 1.0099071845942287, -0.027513999795058437, 1.4670317022980226, 0.9865984519932638]"
cube,124,/home/humanoid/Programs/hand/results/phase1/run_20260413_pollard_multiscene_500_cem/cube/generated_mjcf/scene_cube_tp0d0024p0d0115p0d0000_ip0d0179n0d0148p0d0088_mp0d0159p0d0081p0d0000.xml,sanity_phase1,False,0.012,2.0,0.0,2.0,1.0583177197830944,0.01954950207081703,1.0,0.012957426342441646,7.078903231336385e-11,0.00244379712564664,0.011516003744496317,0.0,0.017933255596691573,-0.014767612297100151,0.008771401825721701,0.01585675523326934,0.008123136719758773,0.0,"[-0.04001940470092851, 1.927054644440314, -1.1594855537432496, -0.34162688701139093, 1.2769689729243838, 1.204786572892837, -0.06035565691833135, 1.4686096214874043, 1.0077210834958208]"
cube,125,/home/humanoid/Programs/hand/results/phase1/run_20260413_pollard_multiscene_500_cem/cube/generated_mjcf/scene_cube_tn0d0079p0d0199p0d0000_ip0d0180n0d0130p0d0013_mp0d0073p0d0214p0d0045.xml,sanity_phase1,False,0.012,2.0,0.0,2.0,0.814327407789575,0.038340958289159024,2.0,0.01382727082582482,8.666343937862274,-0.007887425942232639,0.019869923947212237,0.0,0.01796756903605752,-0.01303821976671418,0.0013139928106517436,0.0072988538669776434,0.021417608120759872,0.004534554990868175,"[-0.04001940470092851, 1.927054644440314, -1.1594855537432496, -0.34162688701139093, 1.2769689729243838, 1.204786572892837, -0.06035565691833135, 1.4686096214874043, 1.0077210834958208]"
cube,126,/home/humanoid/Programs/hand/results/phase1/run_20260413_pollard_multiscene_500_cem/cube/generated_mjcf/scene_cube_tp0d0045p0d0265p0d0000_ip0d0009n0d0047p0d0000_mp0d0146p0d0270p0d0048.xml,sanity_phase1,True,0.012,2.0,2.0,2.0,2.9274394548356426,0.049906780821689506,3.0,0.008966164741396077,0.009103629604655335,0.004458536017805364,0.02651826532165731,0.0,0.0008580601897542929,-0.004669597340441882,0.0,0.014602302785354992,0.02702318182498961,0.004842281650674841,"[-0.04001940470092851, 1.927054644440314, -1.1594855537432496, -0.34162688701139093, 1.2769689729243838, 1.204786572892837, -0.06035565691833135, 1.4686096214874043, 1.0077210834958208]"
cube,127,/home/humanoid/Programs/hand/results/phase1/run_20260413_pollard_multiscene_500_cem/cube/generated_mjcf/scene_cube_tp0d0098p0d0083p0d0025_ip0d0003n0d0034p0d0110_mn0d0012p0d0065p0d0080.xml,phase1_generated_scene,False,0.012,2.0,0.0,2.0,-0.044516871734248606,7.384683142763748e-13,0.0,0.022258435880047448,6.582578637905243e-16,0.009760457547150138,0.008320518767227713,0.002489219276482083,0.00033574461251641846,-0.003359888860213432,0.011045946072750848,-0.0011803141391436098,0.006498272408853792,0.007986264843585493,"[-0.08337202103895916, 1.8605319144286032, -0.7166528214956971, -0.20232549634829014, 1.3752276270028914, 1.0099071845942287, -0.027513999795058437, 1.4670317022980226, 0.9865984519932638]"
cube,128,/home/humanoid/Programs/hand/results/phase1/run_20260413_pollard_multiscene_500_cem/cube/generated_mjcf/scene_cube_tp0d0045p0d0300p0d0062_ip0d0123n0d0114p0d0000_mp0d0168p0d0125p0d0000.xml,sanity_phase1,True,0.012,2.0,2.0,2.0,2.89123500985545,0.0492552008277047,3.0,0.009325121330809755,0.09364517635063571,0.004485274247750803,0.03,0.006156220676458435,0.012260561788589615,-0.011358161911042592,0.0,0.016811552901191067,0.012516042873784501,0.0,"[-0.04001940470092851, 1.927054644440314, -1.1594855537432496, -0.34162688701139093, 1.2769689729243838, 1.204786572892837, -0.06035565691833135, 1.4686096214874043, 1.0077210834958208]"
cube,129,/home/humanoid/Programs/hand/results/phase1/run_20260413_pollard_multiscene_500_cem/cube/generated_mjcf/scene_cube_tp0d0011p0d0169p0d0025_in0d0016n0d0203p0d0010_mp0d0126p0d0053p0d0033.xml,sanity_phase1,True,0.012,2.0,2.0,2.0,2.9233528027872215,0.04992252273445347,3.0,0.009100616583054333,0.03822839835027407,0.001124035130705775,0.016879105762682,0.002540590918859706,-0.0015998689586662306,-0.020340573322197117,0.0009559423156456498,0.012637777989375407,0.0052731398225478055,0.003273069010678602,"[-0.04001940470092851, 1.927054644440314, -1.1594855537432496, -0.34162688701139093, 1.2769689729243838, 1.204786572892837, -0.06035565691833135, 1.4686096214874043, 1.0077210834958208]"
cube,130,/home/humanoid/Programs/hand/results/phase1/run_20260413_pollard_multiscene_500_cem/cube/generated_mjcf/scene_cube_tp0d0082p0d0149p0d0005_ip0d0197n0d0074p0d0000_mp0d0212p0d0115p0d0078.xml,sanity_phase1,True,0.012,2.0,2.0,2.0,3.2285583802032853,0.07035017772871585,2.0,0.010021087165985194,0.09103777313199576,0.008189307560810648,0.014882807021886352,0.0005119386873650589,0.01974686259815555,-0.007428967554101598,0.0,0.02119582419996409,0.011509801055097127,0.007780858579894308,"[-0.04001940470092851, 1.927054644440314, -1.1594855537432496, -0.34162688701139093, 1.2769689729243838, 1.204786572892837, -0.06035565691833135, 1.4686096214874043, 1.0077210834958208]"
cube,131,/home/humanoid/Programs/hand/results/phase1/run_20260413_pollard_multiscene_500_cem/cube/generated_mjcf/scene_cube_tn0d0011p0d0270p0d0101_ip0d0197n0d0050p0d0000_mp0d0199p0d0070p0d0000.xml,phase1_generated_scene,True,0.012,2.0,1.0,2.0,1.8940147095483186,0.03189873161062816,2.0,0.011220448411528671,4.064154554658091e-12,-0.0011395805826361627,0.026954421492883872,0.010102144179137976,0.019665360013878683,-0.004989540944297587,0.0,0.019903111947131187,0.00698015457820993,0.0,"[-0.08337202103895916, 1.8605319144286032, -0.7166528214956971, -0.20232549634829014, 1.3752276270028914, 1.0099071845942287, -0.027513999795058437, 1.4670317022980226, 0.9865984519932638]"
cube,132,/home/humanoid/Programs/hand/results/phase1/run_20260413_pollard_multiscene_500_cem/cube/generated_mjcf/scene_cube_tp0d0035p0d0260p0d0000_ip0d0045n0d0154p0d0083_mn0d0020p0d0247p0d0000.xml,phase1_generated_scene,True,0.012,2.0,2.0,2.0,1.5772288758267292,0.0435303574087939,2.0,0.010726948468032793,4.832531576966611,0.003512477377717779,0.02595634688580678,0.0,0.004452740128532561,-0.015443202872165433,0.008333916584662072,-0.001953983419333517,0.024659893923409178,0.0,"[-0.08337202103895916, 1.8605319144286032, -0.7166528214956971, -0.20232549634829014, 1.3752276270028914, 1.0099071845942287, -0.027513999795058437, 1.4670317022980226, 0.9865984519932638]"
cube,133,/home/humanoid/Programs/hand/results/phase1/run_20260413_pollard_multiscene_500_cem/cube/generated_mjcf/scene_cube_tp0d0028p0d0300p0d0000_ip0d0111n0d0190p0d0049_mp0d0176p0d0092p0d0086.xml,sanity_phase1,True,0.012,2.0,2.0,2.0,3.0615338834086936,0.0549912669592634,3.0,0.009500812480032183,0.29439223470307496,0.0027977652898282263,0.03,0.0,0.011086082907261777,-0.018966780190806512,0.004853939664313668,0.01762763991258995,0.009209986654092634,0.008637469710466666,"[-0.04001940470092851, 1.927054644440314, -1.1594855537432496, -0.34162688701139093, 1.2769689729243838, 1.204786572892837, -0.06035565691833135, 1.4686096214874043, 1.0077210834958208]"
cube,134,/home/humanoid/Programs/hand/results/phase1/run_20260413_pollard_multiscene_500_cem/cube/generated_mjcf/scene_cube_tn0d0077p0d0195p0d0000_ip0d0054n0d0153p0d0047_mp0d0056p0d0160p0d0036.xml,sanity_phase1,True,0.012,2.0,1.0,2.0,2.0724054049175926,0.0369145983261351,2.0,0.009797324528779681,7.258293051050047e-05,-0.007742076707245167,0.019521734459900235,0.0,0.005380400973209519,-0.015320954689492202,0.004686405960974107,0.00560440286082812,0.016011727803561176,0.0036316851150580594,"[-0.04001940470092851, 1.927054644440314, -1.1594855537432496, -0.34162688701139093, 1.2769689729243838, 1.204786572892837, -0.06035565691833135, 1.4686096214874043, 1.0077210834958208]"
cube,135,/home/humanoid/Programs/hand/results/phase1/run_20260413_pollard_multiscene_500_cem/cube/generated_mjcf/scene_cube_tp0d0069p0d0150p0d0000_ip0d0037n0d0112p0d0091_mp0d0138p0d0179p0d0000.xml,sanity_phase1,True,0.012,2.0,2.0,2.0,2.9143252809588898,0.05009108671650998,3.0,0.008919287047409461,0.14016120016094138,0.006857647735637552,0.01504492230118383,0.0,0.0036892498449809796,-0.011197272548679756,0.009064254186342637,0.01378107685401934,0.017874691451246903,0.0,"[-0.04001940470092851, 1.927054644440314, -1.1594855537432496, -0.34162688701139093, 1.2769689729243838, 1.204786572892837, -0.06035565691833135, 1.4686096214874043, 1.0077210834958208]"
cube,136,/home/humanoid/Programs/hand/results/phase1/run_20260413_pollard_multiscene_500_cem/cube/generated_mjcf/scene_cube_tn0d0000p0d0159p0d0000_ip0d0210n0d0204p0d0000_mp0d0053p0d0187p0d0000.xml,phase1_generated_scene,False,0.012,2.0,0.0,2.0,2.159980546347372,0.03978760582735283,2.0,0.016292828148802303,8.749149453506619e-09,-4.7116339295641754e-05,0.015941643153524383,0.0,0.02102531309204351,-0.02037678228072287,0.0,0.005322139856231826,0.01872476021489625,0.0,"[-0.08337202103895916, 1.8605319144286032, -0.7166528214956971, -0.20232549634829014, 1.3752276270028914, 1.0099071845942287, -0.027513999795058437, 1.4670317022980226, 0.9865984519932638]"
cube,137,/home/humanoid/Programs/hand/results/phase1/run_20260413_pollard_multiscene_500_cem/cube/generated_mjcf/scene_cube_tp0d0049p0d0247p0d0000_ip0d0180n0d0165p0d0030_mp0d0110p0d0050p0d0000.xml,phase1_generated_scene,True,0.012,2.0,2.0,2.0,2.6796595105185803,0.05506064056715578,2.0,0.010033754599583418,0.18263600088469975,0.004939700650079103,0.024682204869321503,0.0,0.018032783027366765,-0.016529194989133536,0.0029566510456937745,0.010960551337871752,0.005020658944108913,0.0,"[-0.08337202103895916, 1.8605319144286032, -0.7166528214956971, -0.20232549634829014, 1.3752276270028914, 1.0099071845942287, -0.027513999795058437, 1.4670317022980226, 0.9865984519932638]"
cube,138,/home/humanoid/Programs/hand/results/phase1/run_20260413_pollard_multiscene_500_cem/cube/generated_mjcf/scene_cube_tp0d0015p0d0300p0d0068_ip0d0095n0d0196p0d0000_mn0d0010p0d0173p0d0000.xml,sanity_phase1,True,0.012,2.0,2.0,2.0,0.7535373935109566,0.03764948300842742,2.0,0.010715093630706262,8.951762163483941,0.001515325259618382,0.03,0.006807639524938257,0.009541767906657332,-0.019584708658321362,0.0,-0.000981823473950495,0.01725793949067561,0.0,"[-0.04001940470092851, 1.927054644440314, -1.1594855537432496, -0.34162688701139093, 1.2769689729243838, 1.204786572892837, -0.06035565691833135, 1.4686096214874043, 1.0077210834958208]"
cube,139,/home/humanoid/Programs/hand/results/phase1/run_20260413_pollard_multiscene_500_cem/cube/generated_mjcf/scene_cube_tp0d0038p0d0208p0d0000_ip0d0064n0d0233p0d0116_mn0d0002p0d0039p0d0000.xml,phase1_generated_scene,False,0.012,2.0,0.0,2.0,-0.030623665061872387,2.1701390684469857e-14,0.0,0.01531183253131592,6.522998219034769e-16,0.0038050259348188786,0.020755100794810622,0.0,0.006448623398971592,-0.023325066083498283,0.011591209693892372,-0.00019526507632723449,0.0039111861558529856,0.0,"[-0.08337202103895916, 1.8605319144286032, -0.7166528214956971, -0.20232549634829014, 1.3752276270028914, 1.0099071845942287, -0.027513999795058437, 1.4670317022980226, 0.9865984519932638]"
cube,140,/home/humanoid/Programs/hand/results/phase1/run_20260413_pollard_multiscene_500_cem/cube/generated_mjcf/scene_cube_tn0d0087p0d0271p0d0000_ip0d0062n0d0240p0d0104_mp0d0057p0d0235p0d0111.xml,sanity_phase1,True,0.012,2.0,2.0,2.0,2.099772521818878,0.037735674903349975,2.0,0.010440421192076306,0.0006350494281213503,-0.008731530079981356,0.027066388090933438,0.0,0.0061588016073141905,-0.023982038856395667,0.010357658104953149,0.005704969469548151,0.02352908190489477,0.011086436192306204,"[-0.04001940470092851, 1.927054644440314, -1.1594855537432496, -0.34162688701139093, 1.2769689729243838, 1.204786572892837, -0.06035565691833135, 1.4686096214874043, 1.0077210834958208]"
cube,141,/home/humanoid/Programs/hand/results/phase1/run_20260413_pollard_multiscene_500_cem/cube/generated_mjcf/scene_cube_tp0d0055p0d0143p0d0000_ip0d0168n0d0075p0d0079_mp0d0111p0d0191p0d0000.xml,phase1_generated_scene,False,0.012,2.0,0.0,2.0,2.1524365195645303,0.03936762217274845,2.0,0.012713630783970704,1.9966091493356753e-05,0.00545884849963154,0.014257804502089013,0.0,0.016783646536371433,-0.007532492230778167,0.007861720757539256,0.011069781825323213,0.019080062523594087,0.0,"[-0.08337202103895916, 1.8605319144286032, -0.7166528214956971, -0.20232549634829014, 1.3752276270028914, 1.0099071845942287, -0.027513999795058437, 1.4670317022980226, 0.9865984519932638]"
cube,142,/home/humanoid/Programs/hand/results/phase1/run_20260413_pollard_multiscene_500_cem/cube/generated_mjcf/scene_cube_tn0d0074p0d0247p0d0000_ip0d0168n0d0241p0d0028_mp0d0123p0d0058p0d0022.xml,sanity_phase1,False,0.012,2.0,0.0,2.0,1.1987304022076324,0.02369969654152039,1.0,0.015379488372786682,5.2777372767101133e-14,-0.007406249106069644,0.024733766378574083,0.0,0.01681314259118548,-0.024126402710446332,0.002803222095158712,0.01227073241585616,0.005832298099170255,0.0022128550031997474,"[-0.04001940470092851, 1.927054644440314, -1.1594855537432496, -0.34162688701139093, 1.2769689729243838, 1.204786572892837, -0.06035565691833135, 1.4686096214874043, 1.0077210834958208]"
cube,143,/home/humanoid/Programs/hand/results/phase1/run_20260413_pollard_multiscene_500_cem/cube/generated_mjcf/scene_cube_tp0d0062p0d0209p0d0041_ip0d0150n0d0194p0d0102_mp0d0059p0d0173p0d0000.xml,sanity_phase1,False,0.012,2.0,0.0,2.0,1.1516701925115334,0.03932960202519302,2.0,0.015905780571468905,6.620362114848567,0.006188329518560347,0.020863806997200564,0.0041462532147777224,0.015008121104932009,-0.019358162822748666,0.010238796153919451,0.005860994776989337,0.017308846946232706,0.0,"[-0.04001940470092851, 1.927054644440314, -1.1594855537432496, -0.34162688701139093, 1.2769689729243838, 1.204786572892837, -0.06035565691833135, 1.4686096214874043, 1.0077210834958208]"
cube,144,/home/humanoid/Programs/hand/results/phase1/run_20260413_pollard_multiscene_500_cem/cube/generated_mjcf/scene_cube_tp0d0119p0d0237p0d0000_ip0d0116n0d0236p0d0000_mp0d0214p0d0052p0d0000.xml,phase1_generated_scene,True,0.012,2.0,2.0,2.0,2.85999298625656,0.04931671757151605,3.0,0.009207477177667482,0.3178478292744468,0.011913720408939114,0.023699386605017154,0.0,0.011586873910987512,-0.02364748026497579,0.0,0.021392537358011006,0.005244756480698892,0.0,"[-0.08337202103895916, 1.8605319144286032, -0.7166528214956971, -0.20232549634829014, 1.3752276270028914, 1.0099071845942287, -0.027513999795058437, 1.4670317022980226, 0.9865984519932638]"
cube,145,/home/humanoid/Programs/hand/results/phase1/run_20260413_pollard_multiscene_500_cem/cube/generated_mjcf/scene_cube_tp0d0018p0d0266p0d0085_ip0d0187n0d0061p0d0000_mp0d0120p0d0228p0d0000.xml,sanity_phase1,False,0.012,2.0,0.0,2.0,1.1471148856455182,0.04177464983829821,2.0,0.012871903967360565,7.261693671734654,0.0017538542680252782,0.026575331008186886,0.008468955846821315,0.01866947878821324,-0.00605466824628304,0.0,0.011957947693719377,0.02281495484257566,0.0,"[-0.04001940470092851, 1.927054644440314, -1.1594855537432496, -0.34162688701139093, 1.2769689729243838, 1.204786572892837, -0.06035565691833135, 1.4686096214874043, 1.0077210834958208]"
cube,146,/home/humanoid/Programs/hand/results/phase1/run_20260413_pollard_multiscene_500_cem/cube/generated_mjcf/scene_cube_tn0d0100p0d0190p0d0000_in0d0019n0d0119p0d0000_mp0d0192p0d0113p0d0039.xml,phase1_generated_scene,True,0.012,2.0,2.0,2.0,2.4374905689382187,0.04742674161177389,2.0,0.011222693003827486,9.77475056407087e-09,-0.010045906244288014,0.019006044700280358,0.0,-0.001910366479366826,-0.011895275575458145,0.0,0.019195229064207682,0.011320224616773731,0.0039041055259550206,"[-0.08337202103895916, 1.8605319144286032, -0.7166528214956971, -0.20232549634829014, 1.3752276270028914, 1.0099071845942287, -0.027513999795058437, 1.4670317022980226, 0.9865984519932638]"
cube,147,/home/humanoid/Programs/hand/results/phase1/run_20260413_pollard_multiscene_500_cem/cube/generated_mjcf/scene_cube_tp0d0016p0d0152p0d0000_ip0d0068n0d0186p0d0000_mn0d0007p0d0086p0d0000.xml,phase1_generated_scene,False,0.012,2.0,0.0,2.0,-0.07235095131200314,2.4441212942427626e-13,0.0,0.03617547566027873,6.364699849590321e-16,0.0016338811302797802,0.01519199864331583,0.0,0.0068238390588518626,-0.0185979348006101,0.0,-0.0007490881804916184,0.008644874935491244,0.0,"[-0.08337202103895916, 1.8605319144286032, -0.7166528214956971, -0.20232549634829014, 1.3752276270028914, 1.0099071845942287, -0.027513999795058437, 1.4670317022980226, 0.9865984519932638]"
cube,148,/home/humanoid/Programs/hand/results/phase1/run_20260413_pollard_multiscene_500_cem/cube/generated_mjcf/scene_cube_tn0d0084p0d0110p0d0000_ip0d0037n0d0242p0d0000_mp0d0218p0d0092p0d0000.xml,sanity_phase1,False,0.012,2.0,0.0,2.0,1.5424383267115966,0.03352889155451399,1.0,0.015536438833867697,1.910507042210946e-10,-0.008384850114827124,0.010998077251796115,0.0,0.0037161724242142525,-0.024194187208261365,0.0,0.021761286768522584,0.009183467605082948,0.0,"[-0.04001940470092851, 1.927054644440314, -1.1594855537432496, -0.34162688701139093, 1.2769689729243838, 1.204786572892837, -0.06035565691833135, 1.4686096214874043, 1.0077210834958208]"
cube,149,/home/humanoid/Programs/hand/results/phase1/run_20260413_pollard_multiscene_500_cem/cube/generated_mjcf/scene_cube_tp0d0030p0d0212p0d0000_ip0d0156n0d0018p0d0000_mp0d0070p0d0156p0d0000.xml,sanity_phase1,True,0.012,2.0,2.0,2.0,1.8165656944901314,0.029638059855110383,2.0,0.010383200098469847,1.6119494935117e-09,0.0030242349553947154,0.02123938513737227,0.0,0.015599964008212794,-0.0018124103626753294,0.0,0.007007819845969626,0.01564040034937387,0.0,"[-0.04001940470092851, 1.927054644440314, -1.1594855537432496, -0.34162688701139093, 1.2769689729243838, 1.204786572892837, -0.06035565691833135, 1.4686096214874043, 1.0077210834958208]"
cube,150,/home/humanoid/Programs/hand/results/phase1/run_20260413_pollard_multiscene_500_cem/cube/generated_mjcf/scene_cube_tn0d0078p0d0173p0d0042_in0d0016n0d0210p0d0074_mp0d0060p0d0167p0d0000.xml,phase1_generated_scene,True,0.012,2.0,2.0,2.0,2.895664003923593,0.049348423597515026,3.0,0.009279834790938593,0.08647434938370482,-0.007824626139829111,0.01732834438676897,0.004248456658127203,-0.0016455198819331964,-0.020978514055772536,0.007394594912894001,0.0059714869993543855,0.016719741941420785,0.0,"[-0.08337202103895916, 1.8605319144286032, -0.7166528214956971, -0.20232549634829014, 1.3752276270028914, 1.0099071845942287, -0.027513999795058437, 1.4670317022980226, 0.9865984519932638]"
cube,151,/home/humanoid/Programs/hand/results/phase1/run_20260413_pollard_multiscene_500_cem/cube/generated_mjcf/scene_cube_tp0d0012p0d0087p0d0000_ip0d0087n0d0117p0d0000_mp0d0090p0d0220p0d0049.xml,sanity_phase1,False,0.012,2.0,0.0,2.0,-0.024379449605941846,1.708185676241314e-11,0.0,0.012189725101903354,8.213929030207996e-16,0.001218564240804446,0.00866571424061289,0.0,0.008749523164934754,-0.011728504763940096,0.0,0.009016880749428276,0.0220316040367717,0.0049388979727751255,"[-0.04001940470092851, 1.927054644440314, -1.1594855537432496, -0.34162688701139093, 1.2769689729243838, 1.204786572892837, -0.06035565691833135, 1.4686096214874043, 1.0077210834958208]"
cube,152,/home/humanoid/Programs/hand/results/phase1/run_20260413_pollard_multiscene_500_cem/cube/generated_mjcf/scene_cube_tn0d0031p0d0199p0d0072_ip0d0043n0d0209p0d0113_mp0d0190p0d0243p0d0000.xml,phase1_generated_scene,True,0.012,2.0,1.0,2.0,1.1933319712013635,0.04424391970829983,2.0,0.009948145700307255,7.568726181256776,-0.0031420885393652637,0.019907472351036487,0.007176067022170336,0.004316225501834821,-0.020934708518782652,0.01125617333642238,0.018952176361857136,0.024280508339097374,0.0,"[-0.08337202103895916, 1.8605319144286032, -0.7166528214956971, -0.20232549634829014, 1.3752276270028914, 1.0099071845942287, -0.027513999795058437, 1.4670317022980226, 0.9865984519932638]"
cube,153,/home/humanoid/Programs/hand/results/phase1/run_20260413_pollard_multiscene_500_cem/cube/generated_mjcf/scene_cube_tn0d0112p0d0258p0d0070_ip0d0212n0d0234p0d0075_mp0d0061p0d0193p0d0096.xml,phase1_generated_scene,False,0.012,2.0,0.0,2.0,2.0915346893773585,0.03987948270122415,2.0,0.01799749267693634,0.4550147987440948,-0.011151549883476946,0.02583112419855533,0.0069637886035893125,0.021163138926686795,-0.023441266575308213,0.00750747979912832,0.006083154920940297,0.01929815313027885,0.009613447105348082,"[-0.08337202103895916, 1.8605319144286032, -0.7166528214956971, -0.20232549634829014, 1.3752276270028914, 1.0099071845942287, -0.027513999795058437, 1.4670317022980226, 0.9865984519932638]"
cube,154,/home/humanoid/Programs/hand/results/phase1/run_20260413_pollard_multiscene_500_cem/cube/generated_mjcf/scene_cube_tn0d0060p0d0300p0d0000_ip0d0008n0d0128p0d0053_mp0d0202p0d0236p0d0113.xml,sanity_phase1,False,0.012,2.0,0.0,2.0,2.5066206674011338,0.04970800418594048,2.0,0.013826477401429565,0.03671016202615944,-0.005961165487680037,0.03,0.0,0.0007531740575051921,-0.012763734213142173,0.005254819597036012,0.020235854375230844,0.023634514741201866,0.011292320198183152,"[-0.04001940470092851, 1.927054644440314, -1.1594855537432496, -0.34162688701139093, 1.2769689729243838, 1.204786572892837, -0.06035565691833135, 1.4686096214874043, 1.0077210834958208]"
cube,155,/home/humanoid/Programs/hand/results/phase1/run_20260413_pollard_multiscene_500_cem/cube/generated_mjcf/scene_cube_tn0d0014p0d0178p0d0021_ip0d0146n0d0026p0d0022_mp0d0197p0d0133p0d0065.xml,sanity_phase1,True,0.012,2.0,2.0,2.0,2.6274180133697835,0.05280533720863662,2.0,0.010384394464877352,1.8290629629698176e-11,-0.0014073926538075085,0.01775156940829652,0.00214680221506695,0.014606775448273735,-0.0026308522758124574,0.0022085622184445826,0.019743230789970055,0.013276280780333086,0.006512602441148773,"[-0.04001940470092851, 1.927054644440314, -1.1594855537432496, -0.34162688701139093, 1.2769689729243838, 1.204786572892837, -0.06035565691833135, 1.4686096214874043, 1.0077210834958208]"
cube,156,/home/humanoid/Programs/hand/results/phase1/run_20260413_pollard_multiscene_500_cem/cube/generated_mjcf/scene_cube_tp0d0120p0d0099p0d0050_ip0d0197n0d0028p0d0089_mp0d0047p0d0131p0d0002.xml,phase1_generated_scene,False,0.012,2.0,0.0,2.0,-0.23822520624634316,5.367647417126031e-06,0.0,0.11920653695296816,4.1633049688958514e-14,0.011953618961592274,0.009890472913476396,0.004973856886651324,0.019675836613181563,-0.0028322182956766213,0.008946206172153887,0.0046899317603590635,0.013051221715934756,0.00019432070821016716,"[-0.08337202103895916, 1.8605319144286032, -0.7166528214956971, -0.20232549634829014, 1.3752276270028914, 1.0099071845942287, -0.027513999795058437, 1.4670317022980226, 0.9865984519932638]"
cube,157,/home/humanoid/Programs/hand/results/phase1/run_20260413_pollard_multiscene_500_cem/cube/generated_mjcf/scene_cube_tp0d0113p0d0144p0d0039_ip0d0162n0d0208p0d0089_mp0d0101p0d0263p0d0094.xml,sanity_phase1,True,0.012,2.0,1.0,2.0,2.1007954404728566,0.0378124211415867,2.0,0.011319649246416439,6.598968359957436e-09,0.011272147501967051,0.014373501696804333,0.003851906420196817,0.01623469939494379,-0.0207794824341704,0.008888251116506849,0.01012549654790459,0.02625110103573041,0.00935258777511349,"[-0.04001940470092851, 1.927054644440314, -1.1594855537432496, -0.34162688701139093, 1.2769689729243838, 1.204786572892837, -0.06035565691833135, 1.4686096214874043, 1.0077210834958208]"
cube,158,/home/humanoid/Programs/hand/results/phase1/run_20260413_pollard_multiscene_500_cem/cube/generated_mjcf/scene_cube_tp0d0107p0d0124p0d0080_ip0d0187n0d0016p0d0036_mp0d0068p0d0174p0d0000.xml,sanity_phase1,False,0.012,2.0,0.0,2.0,2.206725810693086,0.040943227326587034,2.0,0.01300989917609164,0.001782315901846456,0.01073853532475701,0.012387630681511006,0.008031577607341533,0.018707664354787955,-0.0015653204796709976,0.0035891289918922806,0.006844769507781586,0.017385410079520693,0.0,"[-0.04001940470092851, 1.927054644440314, -1.1594855537432496, -0.34162688701139093, 1.2769689729243838, 1.204786572892837, -0.06035565691833135, 1.4686096214874043, 1.0077210834958208]"
cube,159,/home/humanoid/Programs/hand/results/phase1/run_20260413_pollard_multiscene_500_cem/cube/generated_mjcf/scene_cube_tp0d0119p0d0253p0d0000_ip0d0201n0d0072p0d0000_mp0d0203p0d0111p0d0000.xml,sanity_phase1,True,0.012,2.0,2.0,2.0,3.0701886099655114,0.06585850094138714,2.0,0.010888557331285407,0.08721205546978414,0.011908468213914038,0.025333279743847862,0.0,0.02005299318962482,-0.007202619005446663,0.0,0.02030522813099945,0.01108420496281693,0.0,"[-0.04001940470092851, 1.927054644440314, -1.1594855537432496, -0.34162688701139093, 1.2769689729243838, 1.204786572892837, -0.06035565691833135, 1.4686096214874043, 1.0077210834958208]"
cube,160,/home/humanoid/Programs/hand/results/phase1/run_20260413_pollard_multiscene_500_cem/cube/generated_mjcf/scene_cube_tn0d0113p0d0248p0d0000_in0d0008n0d0086p0d0112_mn0d0005p0d0215p0d0000.xml,phase1_generated_scene,True,0.012,2.0,1.0,2.0,2.2226300017566682,0.04125239270762035,2.0,0.010481493755937885,0.0016050366544548022,-0.01128660729865892,0.024821794228799127,0.0,-0.00083186608066977,-0.008554373849221279,0.01124052496537592,-0.00045976902830612704,0.02153632241141243,0.0,"[-0.08337202103895916, 1.8605319144286032, -0.7166528214956971, -0.20232549634829014, 1.3752276270028914, 1.0099071845942287, -0.027513999795058437, 1.4670317022980226, 0.9865984519932638]"
cube,161,/home/humanoid/Programs/hand/results/phase1/run_20260413_pollard_multiscene_500_cem/cube/generated_mjcf/scene_cube_tp0d0087p0d0083p0d0000_ip0d0214n0d0105p0d0000_mn0d0019p0d0131p0d0000.xml,phase1_generated_scene,False,0.012,2.0,0.0,2.0,-0.09468892868232444,1.2707024582826049e-05,0.0,0.047566837271357874,5.0724262144116216e-14,0.008669593171338762,0.00829146285729023,0.0,0.021403486505120473,-0.010490628603991449,0.0,-0.0018867354281598952,0.013116773146138423,0.0,"[-0.08337202103895916, 1.8605319144286032, -0.7166528214956971, -0.20232549634829014, 1.3752276270028914, 1.0099071845942287, -0.027513999795058437, 1.4670317022980226, 0.9865984519932638]"
cube,162,/home/humanoid/Programs/hand/results/phase1/run_20260413_pollard_multiscene_500_cem/cube/generated_mjcf/scene_cube_tp0d0008p0d0243p0d0000_ip0d0056n0d0230p0d0119_mp0d0082p0d0196p0d0000.xml,phase1_generated_scene,True,0.012,2.0,2.0,2.0,2.8723840221253316,0.04879183214175781,3.0,0.009156631899115834,0.11344559358640294,0.0007872815147419634,0.024339149896880262,0.0,0.005640705116096214,-0.02302834268353677,0.01191609277025579,0.008172407472881515,0.01958364266529724,0.0,"[-0.08337202103895916, 1.8605319144286032, -0.7166528214956971, -0.20232549634829014, 1.3752276270028914, 1.0099071845942287, -0.027513999795058437, 1.4670317022980226, 0.9865984519932638]"
cube,163,/home/humanoid/Programs/hand/results/phase1/run_20260413_pollard_multiscene_500_cem/cube/generated_mjcf/scene_cube_tn0d0086p0d0126p0d0000_ip0d0145n0d0005p0d0000_mp0d0020p0d0225p0d0033.xml,phase1_generated_scene,False,0.012,2.0,0.0,2.0,1.0301577522989596,0.018886281321068076,1.0,0.015431046964749279,5.949541712470698e-11,-0.008586770952238532,0.012644829297614164,0.0,0.014518686427156752,-0.0005474510000305095,0.0,0.001965759771380771,0.022540723821144228,0.003273335117701349,"[-0.08337202103895916, 1.8605319144286032, -0.7166528214956971, -0.20232549634829014, 1.3752276270028914, 1.0099071845942287, -0.027513999795058437, 1.4670317022980226, 0.9865984519932638]"
cube,164,/home/humanoid/Programs/hand/results/phase1/run_20260413_pollard_multiscene_500_cem/cube/generated_mjcf/scene_cube_tp0d0107p0d0168p0d0000_ip0d0049n0d0050p0d0000_mp0d0071p0d0191p0d0099.xml,sanity_phase1,True,0.012,2.0,2.0,2.0,2.9281597763290685,0.05003584307681573,3.0,0.008706622083338052,0.037876581285375646,0.010747195468850355,0.01675308957305969,0.0,0.00487366060525649,-0.004994659363875083,0.0,0.007115221286644597,0.01912555289909626,0.009921219314163253,"[-0.04001940470092851, 1.927054644440314, -1.1594855537432496, -0.34162688701139093, 1.2769689729243838, 1.204786572892837, -0.06035565691833135, 1.4686096214874043, 1.0077210834958208]"
cube,165,/home/humanoid/Programs/hand/results/phase1/run_20260413_pollard_multiscene_500_cem/cube/generated_mjcf/scene_cube_tp0d0075p0d0100p0d0087_ip0d0170n0d0130p0d0013_mp0d0086p0d0046p0d0000.xml,sanity_phase1,True,0.012,2.0,1.0,2.0,2.7433328722308494,0.056186445574243814,2.0,0.011596361424503121,1.245192978536067e-10,0.007507910790054063,0.010039102780949638,0.008737907867536678,0.016991815976954282,-0.013002375180709125,0.0012906382131382538,0.008637117703904192,0.004631095879577326,0.0,"[-0.04001940470092851, 1.927054644440314, -1.1594855537432496, -0.34162688701139093, 1.2769689729243838, 1.204786572892837, -0.06035565691833135, 1.4686096214874043, 1.0077210834958208]"
cube,166,/home/humanoid/Programs/hand/results/phase1/run_20260413_pollard_multiscene_500_cem/cube/generated_mjcf/scene_cube_tp0d0099p0d0224p0d0000_ip0d0112n0d0095p0d0075_mp0d0120p0d0081p0d0113.xml,phase1_generated_scene,True,0.012,2.0,2.0,2.0,2.9440286765737818,0.05142637523959022,3.0,0.009339538298127925,0.2481025347708006,0.009914028604362819,0.02236731891349133,0.0,0.011234581749742536,-0.009457652688120629,0.007469727117063573,0.011958058295655653,0.008132251114838226,0.011278282523067704,"[-0.08337202103895916, 1.8605319144286032, -0.7166528214956971, -0.20232549634829014, 1.3752276270028914, 1.0099071845942287, -0.027513999795058437, 1.4670317022980226, 0.9865984519932638]"
cube,167,/home/humanoid/Programs/hand/results/phase1/run_20260413_pollard_multiscene_500_cem/cube/generated_mjcf/scene_cube_tn0d0049p0d0254p0d0045_ip0d0202n0d0059p0d0000_mn0d0008p0d0191p0d0000.xml,phase1_generated_scene,False,0.012,2.0,0.0,2.0,2.213171630681857,0.041273303984962297,2.0,0.01535500147713015,0.004560038917086297,-0.00488964265872333,0.02540873439896553,0.004505410724312587,0.020158641957999573,-0.005939355777245107,0.0,-0.0008475818379703112,0.019052107364078294,0.0,"[-0.08337202103895916, 1.8605319144286032, -0.7166528214956971, -0.20232549634829014, 1.3752276270028914, 1.0099071845942287, -0.027513999795058437, 1.4670317022980226, 0.9865984519932638]"
cube,168,/home/humanoid/Programs/hand/results/phase1/run_20260413_pollard_multiscene_500_cem/cube/generated_mjcf/scene_cube_tn0d0107p0d0086p0d0018_ip0d0169n0d0226p0d0000_mp0d0071p0d0249p0d0035.xml,sanity_phase1,False,0.012,2.0,0.0,2.0,-0.04934345953256217,7.490535969267853e-15,0.0,0.024671729766412118,6.549014915626473e-16,-0.010742330134104312,0.008555869754555611,0.0017551315816082304,0.016898620275038925,-0.022613950580024002,0.0,0.007100308119039354,0.024886353180967997,0.0035120658990042738,"[-0.04001940470092851, 1.927054644440314, -1.1594855537432496, -0.34162688701139093, 1.2769689729243838, 1.204786572892837, -0.06035565691833135, 1.4686096214874043, 1.0077210834958208]"
cube,169,/home/humanoid/Programs/hand/results/phase1/run_20260413_pollard_multiscene_500_cem/cube/generated_mjcf/scene_cube_tn0d0023p0d0300p0d0045_ip0d0141n0d0072p0d0010_mp0d0092p0d0266p0d0017.xml,sanity_phase1,True,0.012,2.0,1.0,2.0,0.8617685096208072,0.04649974844628844,2.0,0.011812223643508537,10.280654924748472,-0.0022859760465189123,0.03,0.004491148993976263,0.014133915252692657,-0.00720976135270515,0.0010038693069339966,0.009219964776903154,0.026639798958592052,0.0017238483621419484,"[-0.04001940470092851, 1.927054644440314, -1.1594855537432496, -0.34162688701139093, 1.2769689729243838, 1.204786572892837, -0.06035565691833135, 1.4686096214874043, 1.0077210834958208]"
cube,170,/home/humanoid/Programs/hand/results/phase1/run_20260413_pollard_multiscene_500_cem/cube/generated_mjcf/scene_cube_tn0d0023p0d0102p0d0000_ip0d0216n0d0012p0d0000_mn0d0001p0d0196p0d0000.xml,phase1_generated_scene,False,0.012,2.0,0.0,2.0,-0.05448448982044678,2.6501092986741526e-12,0.0,0.027242244956600253,6.281468717419687e-16,-0.0022512569426476337,0.010245824732785286,0.0,0.021598950036595156,-0.0012190901501439397,0.0,-0.000132916285661977,0.019593371151241823,0.0,"[-0.08337202103895916, 1.8605319144286032, -0.7166528214956971, -0.20232549634829014, 1.3752276270028914, 1.0099071845942287, -0.027513999795058437, 1.4670317022980226, 0.9865984519932638]"
cube,171,/home/humanoid/Programs/hand/results/phase1/run_20260413_pollard_multiscene_500_cem/cube/generated_mjcf/scene_cube_tp0d0039p0d0130p0d0000_ip0d0058n0d0184p0d0066_mp0d0053p0d0253p0d0000.xml,phase1_generated_scene,True,0.012,2.0,2.0,2.0,2.161189370261611,0.039438411438255855,2.0,0.009577138846749102,5.015892307089946e-06,0.003927672446135566,0.013035727953339283,0.0,0.005821268678713911,-0.018384392421899758,0.006602746162043826,0.005291531853126817,0.025251723655812762,0.0,"[-0.08337202103895916, 1.8605319144286032, -0.7166528214956971, -0.20232549634829014, 1.3752276270028914, 1.0099071845942287, -0.027513999795058437, 1.4670317022980226, 0.9865984519932638]"
cube,172,/home/humanoid/Programs/hand/results/phase1/run_20260413_pollard_multiscene_500_cem/cube/generated_mjcf/scene_cube_tp0d0095p0d0117p0d0000_ip0d0216n0d0232p0d0081_mp0d0019p0d0158p0d0110.xml,phase1_generated_scene,False,0.012,2.0,0.0,2.0,2.166674635237084,0.03994437235603508,2.0,0.015689198611874292,2.636331350794488e-12,0.009478466612064692,0.01168372526952211,0.0,0.02160887059855398,-0.023164369430652178,0.008119067766142584,0.0019284014760311882,0.015758297922973116,0.01099679951817091,"[-0.08337202103895916, 1.8605319144286032, -0.7166528214956971, -0.20232549634829014, 1.3752276270028914, 1.0099071845942287, -0.027513999795058437, 1.4670317022980226, 0.9865984519932638]"
cube,173,/home/humanoid/Programs/hand/results/phase1/run_20260413_pollard_multiscene_500_cem/cube/generated_mjcf/scene_cube_tn0d0091p0d0170p0d0002_ip0d0137n0d0162p0d0000_mp0d0198p0d0035p0d0115.xml,phase1_generated_scene,False,0.012,2.0,0.0,2.0,1.384628428031724,0.02877493782150798,1.0,0.011247197860323922,2.717175729224208e-12,-0.009145682503664064,0.017045684283200635,0.00019631914511307816,0.013653580327099199,-0.01623028555312832,0.0,0.019787687411714293,0.0034936345899613894,0.011549356045366811,"[-0.08337202103895916, 1.8605319144286032, -0.7166528214956971, -0.20232549634829014, 1.3752276270028914, 1.0099071845942287, -0.027513999795058437, 1.4670317022980226, 0.9865984519932638]"
cube,174,/home/humanoid/Programs/hand/results/phase1/run_20260413_pollard_multiscene_500_cem/cube/generated_mjcf/scene_cube_tn0d0084p0d0135p0d0056_ip0d0161n0d0120p0d0000_mp0d0033p0d0083p0d0094.xml,phase1_generated_scene,False,0.012,2.0,0.0,2.0,1.2339126705763654,0.02476220194843018,1.0,0.016382198809152183,2.577181019069745e-12,-0.008416704660400457,0.013544724004021461,0.0055591496449118975,0.01607346868467647,-0.011987541353118166,0.0,0.003343847788665107,0.00829167228915013,0.009415614975348773,"[-0.08337202103895916, 1.8605319144286032, -0.7166528214956971, -0.20232549634829014, 1.3752276270028914, 1.0099071845942287, -0.027513999795058437, 1.4670317022980226, 0.9865984519932638]"
cube,175,/home/humanoid/Programs/hand/results/phase1/run_20260413_pollard_multiscene_500_cem/cube/generated_mjcf/scene_cube_tn0d0010p0d0264p0d0097_ip0d0074n0d0021p0d0043_mp0d0125p0d0141p0d0000.xml,phase1_generated_scene,True,0.012,2.0,2.0,2.0,3.1139061506950734,0.05542771805727709,3.0,0.009361847868137327,0.04893523715566615,-0.000987966722941342,0.02641863323770267,0.009749655067213505,0.007435624649495688,-0.002126774060817691,0.004329946350058643,0.012516638434641977,0.014116350948087338,0.0,"[-0.08337202103895916, 1.8605319144286032, -0.7166528214956971, -0.20232549634829014, 1.3752276270028914, 1.0099071845942287, -0.027513999795058437, 1.4670317022980226, 0.9865984519932638]"
cube,176,/home/humanoid/Programs/hand/results/phase1/run_20260413_pollard_multiscene_500_cem/cube/generated_mjcf/scene_cube_tn0d0042p0d0147p0d0000_ip0d0078n0d0180p0d0000_mp0d0214p0d0170p0d0000.xml,sanity_phase1,True,0.012,2.0,2.0,2.0,2.2092313538953667,0.041534172825828206,2.0,0.011134055615972133,0.14797722517784392,-0.004224321255218628,0.014693684350748644,0.0,0.007783851825736274,-0.018004387774481902,0.0,0.021358462961561187,0.017045554947876396,0.0,"[-0.04001940470092851, 1.927054644440314, -1.1594855537432496, -0.34162688701139093, 1.2769689729243838, 1.204786572892837, -0.06035565691833135, 1.4686096214874043, 1.0077210834958208]"
cube,177,/home/humanoid/Programs/hand/results/phase1/run_20260413_pollard_multiscene_500_cem/cube/generated_mjcf/scene_cube_tp0d0082p0d0197p0d0081_ip0d0020n0d0208p0d0000_mp0d0186p0d0217p0d0000.xml,phase1_generated_scene,True,0.012,2.0,1.0,2.0,2.306553425348276,0.043804636571766795,2.0,0.01040264680334944,0.03869040704575707,0.008167387550689544,0.01968914444390417,0.008060320464359848,0.0019543986615473425,-0.02080566383837565,0.0,0.018645458933625167,0.021650883133752408,0.0,"[-0.08337202103895916, 1.8605319144286032, -0.7166528214956971, -0.20232549634829014, 1.3752276270028914, 1.0099071845942287, -0.027513999795058437, 1.4670317022980226, 0.9865984519932638]"
cube,178,/home/humanoid/Programs/hand/results/phase1/run_20260413_pollard_multiscene_500_cem/cube/generated_mjcf/scene_cube_tp0d0104p0d0286p0d0000_ip0d0124n0d0007p0d0050_mp0d0027p0d0177p0d0094.xml,sanity_phase1,True,0.012,2.0,2.0,2.0,2.928516094085419,0.04995756809690481,3.0,0.008778769164766359,0.016275006511442616,0.010404850160773957,0.02864850095402521,0.0,0.012396573576992977,-0.0006640127032650541,0.004951171989004948,0.0027457737026305084,0.01766712406835367,0.00939002581709478,"[-0.04001940470092851, 1.927054644440314, -1.1594855537432496, -0.34162688701139093, 1.2769689729243838, 1.204786572892837, -0.06035565691833135, 1.4686096214874043, 1.0077210834958208]"
cube,179,/home/humanoid/Programs/hand/results/phase1/run_20260413_pollard_multiscene_500_cem/cube/generated_mjcf/scene_cube_tp0d0008p0d0192p0d0059_ip0d0089n0d0091p0d0000_mp0d0163p0d0264p0d0083.xml,phase1_generated_scene,True,0.012,2.0,2.0,2.0,2.9242681217942694,0.05040958435772117,3.0,0.009366571777547824,0.1422279144725069,0.000775856375392953,0.019217011949822636,0.005889455773125243,0.008897061470780695,-0.009104554451179199,0.0,0.01630746355080402,0.026364703453000786,0.008285323912689182,"[-0.08337202103895916, 1.8605319144286032, -0.7166528214956971, -0.20232549634829014, 1.3752276270028914, 1.0099071845942287, -0.027513999795058437, 1.4670317022980226, 0.9865984519932638]"
cube,180,/home/humanoid/Programs/hand/results/phase1/run_20260413_pollard_multiscene_500_cem/cube/generated_mjcf/scene_cube_tp0d0076p0d0194p0d0056_ip0d0097n0d0216p0d0000_mp0d0064p0d0234p0d0000.xml,phase1_generated_scene,True,0.012,2.0,2.0,2.0,2.1786718337134596,0.040070226811911636,2.0,0.009936498610976155,0.026087383209970064,0.007601073351175328,0.019366103985973,0.005648628398581976,0.009739818482690336,-0.021574981248505112,0.0,0.006356703445989577,0.02337913098547223,0.0,"[-0.08337202103895916, 1.8605319144286032, -0.7166528214956971, -0.20232549634829014, 1.3752276270028914, 1.0099071845942287, -0.027513999795058437, 1.4670317022980226, 0.9865984519932638]"
cube,181,/home/humanoid/Programs/hand/results/phase1/run_20260413_pollard_multiscene_500_cem/cube/generated_mjcf/scene_cube_tn0d0093p0d0088p0d0007_ip0d0040n0d0090p0d0000_mp0d0086p0d0067p0d0000.xml,sanity_phase1,True,0.012,2.0,1.0,2.0,2.511121908187005,0.04953973157382237,2.0,0.011384348366544355,1.0912644963285289e-09,-0.00933543154492234,0.008805327185990803,0.000668602678969548,0.003961819525625501,-0.008970762740116253,0.0,0.008646250009056356,0.006693370993602678,0.0,"[-0.04001940470092851, 1.927054644440314, -1.1594855537432496, -0.34162688701139093, 1.2769689729243838, 1.204786572892837, -0.06035565691833135, 1.4686096214874043, 1.0077210834958208]"
cube,182,/home/humanoid/Programs/hand/results/phase1/run_20260413_pollard_multiscene_500_cem/cube/generated_mjcf/scene_cube_tp0d0016p0d0207p0d0000_ip0d0186n0d0072p0d0000_mp0d0006p0d0075p0d0000.xml,phase1_generated_scene,True,0.012,2.0,2.0,2.0,2.03216494820522,0.035834753197371574,2.0,0.011025706851353553,5.225309509105732e-13,0.0016470894595621167,0.02073131030867892,0.0,0.018640972661330295,-0.007166913517253069,0.0,0.0006460636272721757,0.00746074094995392,0.0,"[-0.08337202103895916, 1.8605319144286032, -0.7166528214956971, -0.20232549634829014, 1.3752276270028914, 1.0099071845942287, -0.027513999795058437, 1.4670317022980226, 0.9865984519932638]"
cube,183,/home/humanoid/Programs/hand/results/phase1/run_20260413_pollard_multiscene_500_cem/cube/generated_mjcf/scene_cube_tn0d0061p0d0135p0d0031_ip0d0009n0d0192p0d0099_mp0d0008p0d0086p0d0098.xml,phase1_generated_scene,False,0.012,2.0,0.0,2.0,-0.04236742492441176,6.167288901792745e-14,0.0,0.021183712463284956,2.669087760691473e-15,-0.006124041163500725,0.01348762563825465,0.003063555658450347,0.0008658191334914387,-0.019187756292742966,0.009946785525691476,0.0008247528584014556,0.008646561502834105,0.009803886638379881,"[-0.08337202103895916, 1.8605319144286032, -0.7166528214956971, -0.20232549634829014, 1.3752276270028914, 1.0099071845942287, -0.027513999795058437, 1.4670317022980226, 0.9865984519932638]"
cube,184,/home/humanoid/Programs/hand/results/phase1/run_20260413_pollard_multiscene_500_cem/cube/generated_mjcf/scene_cube_tp0d0067p0d0188p0d0113_ip0d0058n0d0101p0d0000_mp0d0090p0d0092p0d0053.xml,sanity_phase1,True,0.012,2.0,2.0,2.0,2.9248261258351294,0.0616577040517359,2.0,0.009999938760221915,0.08795758970121983,0.00674552063868359,0.01875844570534435,0.011269136853523525,0.00584627774575262,-0.010051085845152196,0.0,0.009021495589241701,0.009187286818277404,0.005298283897151278,"[-0.04001940470092851, 1.927054644440314, -1.1594855537432496, -0.34162688701139093, 1.2769689729243838, 1.204786572892837, -0.06035565691833135, 1.4686096214874043, 1.0077210834958208]"
cube,185,/home/humanoid/Programs/hand/results/phase1/run_20260413_pollard_multiscene_500_cem/cube/generated_mjcf/scene_cube_tn0d0076p0d0293p0d0095_ip0d0164n0d0030p0d0000_mn0d0008p0d0251p0d0018.xml,phase1_generated_scene,False,0.012,2.0,0.0,2.0,2.0304418237155972,0.04611520753940762,2.0,0.015500754343474485,2.350592876511471,-0.007579144053407563,0.02926402140053649,0.009526551407758252,0.016445449506548186,-0.0030376445306050295,0.0,-0.000757042771043057,0.025099540621265633,0.0018448931286065753,"[-0.08337202103895916, 1.8605319144286032, -0.7166528214956971, -0.20232549634829014, 1.3752276270028914, 1.0099071845942287, -0.027513999795058437, 1.4670317022980226, 0.9865984519932638]"
cube,186,/home/humanoid/Programs/hand/results/phase1/run_20260413_pollard_multiscene_500_cem/cube/generated_mjcf/scene_cube_tn0d0109p0d0266p0d0000_ip0d0208n0d0007p0d0025_mp0d0198p0d0119p0d0000.xml,sanity_phase1,False,0.012,2.0,0.0,2.0,2.451454623966884,0.048034977879736,2.0,0.014884800903811618,1.0835290304721786e-10,-0.01094530967303526,0.026622520374406416,0.0,0.02084817749367661,-0.0006692405604083445,0.0024633831944326275,0.019788114268166283,0.011869035729068184,0.0,"[-0.04001940470092851, 1.927054644440314, -1.1594855537432496, -0.34162688701139093, 1.2769689729243838, 1.204786572892837, -0.06035565691833135, 1.4686096214874043, 1.0077210834958208]"
cube,187,/home/humanoid/Programs/hand/results/phase1/run_20260413_pollard_multiscene_500_cem/cube/generated_mjcf/scene_cube_tp0d0055p0d0214p0d0000_ip0d0064n0d0241p0d0000_mp0d0092p0d0120p0d0006.xml,phase1_generated_scene,True,0.012,2.0,2.0,2.0,2.878736847739678,0.04895644324003805,3.0,0.008999657603606616,0.11159566969626922,0.005524128560409666,0.021412513004040876,0.0,0.006369495553362655,-0.02409273098003277,0.0,0.0092245498650162,0.011986839827390296,0.0005794426517732355,"[-0.08337202103895916, 1.8605319144286032, -0.7166528214956971, -0.20232549634829014, 1.3752276270028914, 1.0099071845942287, -0.027513999795058437, 1.4670317022980226, 0.9865984519932638]"
cube,188,/home/humanoid/Programs/hand/results/phase1/run_20260413_pollard_multiscene_500_cem/cube/generated_mjcf/scene_cube_tn0d0113p0d0300p0d0000_ip0d0000n0d0098p0d0041_mp0d0057p0d0253p0d0000.xml,phase1_generated_scene,True,0.012,2.0,2.0,2.0,2.900547184539422,0.04949435859023857,3.0,0.009334763857542673,0.08723892269228252,-0.011292589471460104,0.03,0.0,1.896314324718526e-05,-0.009754604433349351,0.004105129779418168,0.0057010780266160835,0.025270931042320165,0.0,"[-0.08337202103895916, 1.8605319144286032, -0.7166528214956971, -0.20232549634829014, 1.3752276270028914, 1.0099071845942287, -0.027513999795058437, 1.4670317022980226, 0.9865984519932638]"
cube,189,/home/humanoid/Programs/hand/results/phase1/run_20260413_pollard_multiscene_500_cem/cube/generated_mjcf/scene_cube_tn0d0079p0d0282p0d0000_ip0d0114n0d0059p0d0000_mp0d0194p0d0087p0d0000.xml,phase1_generated_scene,True,0.012,2.0,2.0,2.0,3.029124632537934,0.05413271016975307,3.0,0.009723585478368596,0.30715368297791,-0.007871923122523284,0.02824721477700434,0.0,0.011434791023358513,-0.005873051273154057,0.0,0.019370976136729598,0.00867365001472788,0.0,"[-0.08337202103895916, 1.8605319144286032, -0.7166528214956971, -0.20232549634829014, 1.3752276270028914, 1.0099071845942287, -0.027513999795058437, 1.4670317022980226, 0.9865984519932638]"
cube,190,/home/humanoid/Programs/hand/results/phase1/run_20260413_pollard_multiscene_500_cem/cube/generated_mjcf/scene_cube_tn0d0079p0d0137p0d0027_ip0d0124n0d0151p0d0000_mp0d0088p0d0098p0d0119.xml,sanity_phase1,False,0.012,2.0,0.0,2.0,1.5409248180296704,0.03326901482988433,1.0,0.01174535050812616,1.9108530406558972e-13,-0.007922255873662335,0.01371029600381386,0.002721329818083271,0.012447962530512873,-0.01514861068170811,0.0,0.008759742605920662,0.009773312969026872,0.011886714086111382,"[-0.04001940470092851, 1.927054644440314, -1.1594855537432496, -0.34162688701139093, 1.2769689729243838, 1.204786572892837, -0.06035565691833135, 1.4686096214874043, 1.0077210834958208]"
cube,191,/home/humanoid/Programs/hand/results/phase1/run_20260413_pollard_multiscene_500_cem/cube/generated_mjcf/scene_cube_tp0d0019p0d0293p0d0046_ip0d0002n0d0125p0d0108_mp0d0108p0d0067p0d0063.xml,phase1_generated_scene,True,0.012,2.0,2.0,2.0,2.921862987997463,0.04988366143814078,3.0,0.009176664649891607,0.03807888691787681,0.0018830516039466342,0.029256296294360287,0.004590055672901827,0.00019418877198786565,-0.012523302376143691,0.010792955576711082,0.010752739267010073,0.006693250662758721,0.006299504218256629,"[-0.08337202103895916, 1.8605319144286032, -0.7166528214956971, -0.20232549634829014, 1.3752276270028914, 1.0099071845942287, -0.027513999795058437, 1.4670317022980226, 0.9865984519932638]"
cube,192,/home/humanoid/Programs/hand/results/phase1/run_20260413_pollard_multiscene_500_cem/cube/generated_mjcf/scene_cube_tp0d0067p0d0256p0d0039_ip0d0184n0d0140p0d0000_mp0d0195p0d0054p0d0113.xml,sanity_phase1,True,0.012,2.0,2.0,2.0,3.3651176726950434,0.06264373774800266,3.0,0.009636577837996188,0.054266618727052594,0.006672177446761959,0.025628884167786206,0.0038572142634211992,0.01842128999050232,-0.01397234999711339,0.0,0.019494678344776084,0.00535814621895145,0.011258684809489543,"[-0.04001940470092851, 1.927054644440314, -1.1594855537432496, -0.34162688701139093, 1.2769689729243838, 1.204786572892837, -0.06035565691833135, 1.4686096214874043, 1.0077210834958208]"
cube,193,/home/humanoid/Programs/hand/results/phase1/run_20260413_pollard_multiscene_500_cem/cube/generated_mjcf/scene_cube_tn0d0077p0d0160p0d0072_ip0d0010n0d0154p0d0036_mp0d0059p0d0236p0d0000.xml,phase1_generated_scene,True,0.012,2.0,2.0,2.0,2.6073953200850974,0.05724026738158651,2.0,0.009496989204318866,1.18013373241195,-0.00771825165600488,0.016023573175587044,0.007244651236789669,0.0009979894119062204,-0.015350633875943372,0.0035716783631282913,0.005934109057548915,0.023579488684636142,0.0,"[-0.08337202103895916, 1.8605319144286032, -0.7166528214956971, -0.20232549634829014, 1.3752276270028914, 1.0099071845942287, -0.027513999795058437, 1.4670317022980226, 0.9865984519932638]"
cube,194,/home/humanoid/Programs/hand/results/phase1/run_20260413_pollard_multiscene_500_cem/cube/generated_mjcf/scene_cube_tp0d0022p0d0165p0d0000_ip0d0047n0d0047p0d0000_mp0d0063p0d0246p0d0100.xml,sanity_phase1,True,0.012,2.0,2.0,2.0,2.921460910779558,0.049910605360207805,3.0,0.008992906567617419,0.049496424616535535,0.002155875607059588,0.016463019431581197,0.0,0.004682261512893564,-0.004712124701702984,0.0,0.0062873914158132205,0.024625541596942857,0.00997814352824699,"[-0.04001940470092851, 1.927054644440314, -1.1594855537432496, -0.34162688701139093, 1.2769689729243838, 1.204786572892837, -0.06035565691833135, 1.4686096214874043, 1.0077210834958208]"
cube,195,/home/humanoid/Programs/hand/results/phase1/run_20260413_pollard_multiscene_500_cem/cube/generated_mjcf/scene_cube_tp0d0018p0d0106p0d0000_ip0d0170n0d0152p0d0103_mp0d0071p0d0270p0d0037.xml,phase1_generated_scene,False,0.012,2.0,0.0,2.0,2.1495637749368695,0.039478054750688205,2.0,0.016083890750734544,2.3989049887184173e-06,0.0017769351336203425,0.010649600421908078,0.0,0.01699612895829177,-0.015198481678962258,0.010277068222255922,0.007100374659333967,0.026988793720779093,0.0037334332006010336,"[-0.08337202103895916, 1.8605319144286032, -0.7166528214956971, -0.20232549634829014, 1.3752276270028914, 1.0099071845942287, -0.027513999795058437, 1.4670317022980226, 0.9865984519932638]"
cube,196,/home/humanoid/Programs/hand/results/phase1/run_20260413_pollard_multiscene_500_cem/cube/generated_mjcf/scene_cube_tn0d0053p0d0211p0d0072_ip0d0040n0d0172p0d0000_mp0d0067p0d0258p0d0035.xml,phase1_generated_scene,True,0.012,2.0,2.0,2.0,2.91659351622391,0.05005338617840369,3.0,0.009384876794966674,0.11003497620190529,-0.0053098841582090335,0.021132674117052504,0.007208012367465232,0.003956516461473281,-0.017214401410508604,0.0,0.006708835529898857,0.025847389121555535,0.0035319824742441833,"[-0.08337202103895916, 1.8605319144286032, -0.7166528214956971, -0.20232549634829014, 1.3752276270028914, 1.0099071845942287, -0.027513999795058437, 1.4670317022980226, 0.9865984519932638]"
cube,197,/home/humanoid/Programs/hand/results/phase1/run_20260413_pollard_multiscene_500_cem/cube/generated_mjcf/scene_cube_tp0d0022p0d0300p0d0000_ip0d0145n0d0203p0d0080_mp0d0059p0d0148p0d0000.xml,phase1_generated_scene,True,0.012,2.0,1.0,2.0,1.0484905726103573,0.03968309486537369,2.0,0.011407721840365004,7.450682026646613,0.0021564249091571043,0.03,0.0,0.014468781203926235,-0.020254798853280895,0.008013052781932012,0.0058755062034899115,0.014774526273414537,0.0,"[-0.08337202103895916, 1.8605319144286032, -0.7166528214956971, -0.20232549634829014, 1.3752276270028914, 1.0099071845942287, -0.027513999795058437, 1.4670317022980226, 0.9865984519932638]"
cube,198,/home/humanoid/Programs/hand/results/phase1/run_20260413_pollard_multiscene_500_cem/cube/generated_mjcf/scene_cube_tn0d0085p0d0275p0d0042_in0d0019n0d0060p0d0030_mp0d0208p0d0256p0d0000.xml,phase1_generated_scene,False,0.012,2.0,0.0,2.0,-0.030315347965155767,2.6471880243406076e-14,0.0,0.015157673983041095,6.216321090154442e-16,-0.008474962952994883,0.027544844041051023,0.0042187069829906915,-0.001881759480586151,-0.006017930301457348,0.0030434827684328956,0.020751674831435835,0.025630698873934675,0.0,"[-0.08337202103895916, 1.8605319144286032, -0.7166528214956971, -0.20232549634829014, 1.3752276270028914, 1.0099071845942287, -0.027513999795058437, 1.4670317022980226, 0.9865984519932638]"
cube,199,/home/humanoid/Programs/hand/results/phase1/run_20260413_pollard_multiscene_500_cem/cube/generated_mjcf/scene_cube_tn0d0093p0d0181p0d0000_ip0d0100n0d0183p0d0000_mn0d0005p0d0214p0d0000.xml,phase1_generated_scene,False,0.012,2.0,0.0,2.0,1.1081672505961468,0.021149413778315126,1.0,0.016031115822398957,5.661587041707066e-13,-0.009332624553411184,0.01806849608943887,0.0,0.010000531041565066,-0.018317445898405317,0.0,-0.00046335726395006424,0.021357809487047297,0.0,"[-0.08337202103895916, 1.8605319144286032, -0.7166528214956971, -0.20232549634829014, 1.3752276270028914, 1.0099071845942287, -0.027513999795058437, 1.4670317022980226, 0.9865984519932638]"
cube,200,/home/humanoid/Programs/hand/results/phase1/run_20260413_pollard_multiscene_500_cem/cube/generated_mjcf/scene_cube_tp0d0043p0d0146p0d0082_ip0d0037n0d0214p0d0067_mp0d0035p0d0075p0d0017.xml,phase1_generated_scene,False,0.012,2.0,0.0,2.0,-0.030195494099078898,1.6248356826675803e-12,0.0,0.015097747077974025,6.364049043685558e-16,0.00433975812341485,0.014641479233585792,0.00819268659890612,0.0037178996504195006,-0.021405517517139025,0.006744157953358632,0.003474166052851514,0.0074895616345749694,0.0017029246504212722,"[-0.08337202103895916, 1.8605319144286032, -0.7166528214956971, -0.20232549634829014, 1.3752276270028914, 1.0099071845942287, -0.027513999795058437, 1.4670317022980226, 0.9865984519932638]"
cube,201,/home/humanoid/Programs/hand/results/phase1/run_20260413_pollard_multiscene_500_cem/cube/generated_mjcf/scene_cube_tn0d0105p0d0214p0d0000_ip0d0083n0d0143p0d0000_mn0d0000p0d0174p0d0000.xml,phase1_generated_scene,False,0.012,2.0,0.0,2.0,2.2294342172478587,0.04154580069625437,2.0,0.0123343804382902,3.082964248806459e-07,-0.010500790107284589,0.02140432770793027,0.0,0.008281450060615545,-0.014333063935340966,0.0,-3.0320783561186768e-05,0.017389064274110563,0.0,"[-0.08337202103895916, 1.8605319144286032, -0.7166528214956971, -0.20232549634829014, 1.3752276270028914, 1.0099071845942287, -0.027513999795058437, 1.4670317022980226, 0.9865984519932638]"
cube,202,/home/humanoid/Programs/hand/results/phase1/run_20260413_pollard_multiscene_500_cem/cube/generated_mjcf/scene_cube_tp0d0056p0d0168p0d0000_ip0d0208n0d0238p0d0030_mn0d0016p0d0125p0d0000.xml,phase1_generated_scene,False,0.012,2.0,0.0,2.0,2.186442590415485,0.040436340828858566,2.0,0.014414669297074351,2.7740020118148497e-12,0.005561306286262741,0.01684537198761257,0.0,0.02082503109106207,-0.0237630864305896,0.0030471449279324964,-0.0015712075422167678,0.012468062242123311,0.0,"[-0.08337202103895916, 1.8605319144286032, -0.7166528214956971, -0.20232549634829014, 1.3752276270028914, 1.0099071845942287, -0.027513999795058437, 1.4670317022980226, 0.9865984519932638]"
cube,203,/home/humanoid/Programs/hand/results/phase1/run_20260413_pollard_multiscene_500_cem/cube/generated_mjcf/scene_cube_tn0d0101p0d0268p0d0017_in0d0001n0d0008p0d0000_mp0d0098p0d0040p0d0000.xml,sanity_phase1,True,0.012,2.0,2.0,2.0,2.770488300584223,0.0464309591607513,3.0,0.009426190874818833,0.23828592194956405,-0.010071792123051598,0.026796554965191104,0.0017246215799356143,-0.00014392769721268718,-0.0008479304860448244,0.0,0.009809882367594778,0.004032230339763861,0.0,"[-0.04001940470092851, 1.927054644440314, -1.1594855537432496, -0.34162688701139093, 1.2769689729243838, 1.204786572892837, -0.06035565691833135, 1.4686096214874043, 1.0077210834958208]"
cube,204,/home/humanoid/Programs/hand/results/phase1/run_20260413_pollard_multiscene_500_cem/cube/generated_mjcf/scene_cube_tn0d0002p0d0286p0d0043_ip0d0065n0d0199p0d0000_mp0d0059p0d0048p0d0000.xml,phase1_generated_scene,True,0.012,2.0,2.0,2.0,2.8908998872923752,0.050301516074171555,3.0,0.009415573475581113,0.3388135223497819,-0.0002021810662841579,0.028551378760065353,0.004261095795399832,0.006454661361814582,-0.019876773530676677,0.0,0.005884300171022228,0.00480782853712527,0.0,"[-0.08337202103895916, 1.8605319144286032, -0.7166528214956971, -0.20232549634829014, 1.3752276270028914, 1.0099071845942287, -0.027513999795058437, 1.4670317022980226, 0.9865984519932638]"
cube,205,/home/humanoid/Programs/hand/results/phase1/run_20260413_pollard_multiscene_500_cem/cube/generated_mjcf/scene_cube_tp0d0036p0d0128p0d0000_in0d0018n0d0024p0d0082_mp0d0003p0d0197p0d0000.xml,phase1_generated_scene,True,0.012,2.0,2.0,2.0,3.1639371358561776,0.057487492821495054,3.0,0.00898131207000591,0.2010832583742506,0.0036179364962463777,0.012837212448013606,0.0,-0.0018298901071419332,-0.002395784622160021,0.008180570878864576,0.0002708761776541446,0.01972964691536254,0.0,"[-0.08337202103895916, 1.8605319144286032, -0.7166528214956971, -0.20232549634829014, 1.3752276270028914, 1.0099071845942287, -0.027513999795058437, 1.4670317022980226, 0.9865984519932638]"
cube,206,/home/humanoid/Programs/hand/results/phase1/run_20260413_pollard_multiscene_500_cem/cube/generated_mjcf/scene_cube_tp0d0077p0d0123p0d0000_ip0d0209n0d0193p0d0000_mp0d0020p0d0111p0d0000.xml,sanity_phase1,False,0.012,2.0,0.0,2.0,2.0487418125228984,0.03639037839739542,2.0,0.012460715228466125,6.193393283764035e-09,0.007725404707774584,0.012289821737621096,0.0,0.02089606498753578,-0.019301676188381724,0.0,0.00201339210259017,0.011099656579559913,0.0,"[-0.04001940470092851, 1.927054644440314, -1.1594855537432496, -0.34162688701139093, 1.2769689729243838, 1.204786572892837, -0.06035565691833135, 1.4686096214874043, 1.0077210834958208]"
cube,207,/home/humanoid/Programs/hand/results/phase1/run_20260413_pollard_multiscene_500_cem/cube/generated_mjcf/scene_cube_tp0d0026p0d0207p0d0110_ip0d0174n0d0065p0d0000_mp0d0053p0d0143p0d0000.xml,sanity_phase1,False,0.012,2.0,0.0,2.0,2.2085150981552477,0.04102133695000798,2.0,0.012989996318235941,0.008344683057063672,0.00258495564686813,0.02069911329584996,0.010962643851090574,0.01738795186372892,-0.006457234525400016,0.0,0.005268949493629474,0.014280105921970699,0.0,"[-0.04001940470092851, 1.927054644440314, -1.1594855537432496, -0.34162688701139093, 1.2769689729243838, 1.204786572892837, -0.06035565691833135, 1.4686096214874043, 1.0077210834958208]"
cube,208,/home/humanoid/Programs/hand/results/phase1/run_20260413_pollard_multiscene_500_cem/cube/generated_mjcf/scene_cube_tn0d0075p0d0127p0d0000_ip0d0061n0d0017p0d0025_mp0d0189p0d0057p0d0000.xml,sanity_phase1,True,0.012,2.0,2.0,2.0,2.734591655648766,0.056407798555930005,2.0,0.010471981032591261,0.12491554495734333,-0.007541185456607181,0.012720330103871616,0.0,0.006068945183136646,-0.0017135969398752223,0.002520631410691936,0.018875773155536048,0.005666852414929724,0.0,"[-0.04001940470092851, 1.927054644440314, -1.1594855537432496, -0.34162688701139093, 1.2769689729243838, 1.204786572892837, -0.06035565691833135, 1.4686096214874043, 1.0077210834958208]"
cube,209,/home/humanoid/Programs/hand/results/phase1/run_20260413_pollard_multiscene_500_cem/cube/generated_mjcf/scene_cube_tp0d0080p0d0185p0d0012_ip0d0045n0d0139p0d0000_mp0d0218p0d0165p0d0000.xml,sanity_phase1,True,0.012,2.0,2.0,2.0,2.965108611360562,0.05219444542321104,3.0,0.00907790915615322,0.2902744009301189,0.008009543041537861,0.01849580852523615,0.0012160635687190995,0.004545161135832775,-0.013902840430843947,0.0,0.021799144081568696,0.01649161773793147,0.0,"[-0.04001940470092851, 1.927054644440314, -1.1594855537432496, -0.34162688701139093, 1.2769689729243838, 1.204786572892837, -0.06035565691833135, 1.4686096214874043, 1.0077210834958208]"
cube,210,/home/humanoid/Programs/hand/results/phase1/run_20260413_pollard_multiscene_500_cem/cube/generated_mjcf/scene_cube_tp0d0084p0d0183p0d0032_ip0d0018n0d0148p0d0000_mp0d0099p0d0230p0d0000.xml,sanity_phase1,True,0.012,2.0,2.0,2.0,2.9071231741224057,0.04958811164780889,3.0,0.008789843880039767,0.07254030527217281,0.008437855756050418,0.018321910618821588,0.0032447348294870563,0.001774035165684324,-0.014805875470069332,0.0,0.009934062318164237,0.02297414626775439,0.0,"[-0.04001940470092851, 1.927054644440314, -1.1594855537432496, -0.34162688701139093, 1.2769689729243838, 1.204786572892837, -0.06035565691833135, 1.4686096214874043, 1.0077210834958208]"
cube,211,/home/humanoid/Programs/hand/results/phase1/run_20260413_pollard_multiscene_500_cem/cube/generated_mjcf/scene_cube_tn0d0047p0d0144p0d0000_ip0d0093n0d0180p0d0000_mp0d0028p0d0172p0d0000.xml,sanity_phase1,True,0.012,2.0,1.0,2.0,2.0926530893796595,0.03759780304727681,2.0,0.011635005832632035,3.739843014278261e-08,-0.004740005191379473,0.014426123005675029,0.0,0.009336022162219368,-0.01795692563587443,0.0,0.0027816673199039963,0.017175738094334703,0.0,"[-0.04001940470092851, 1.927054644440314, -1.1594855537432496, -0.34162688701139093, 1.2769689729243838, 1.204786572892837, -0.06035565691833135, 1.4686096214874043, 1.0077210834958208]"
cube,212,/home/humanoid/Programs/hand/results/phase1/run_20260413_pollard_multiscene_500_cem/cube/generated_mjcf/scene_cube_tn0d0040p0d0142p0d0000_ip0d0023n0d0182p0d0081_mp0d0033p0d0232p0d0058.xml,phase1_generated_scene,True,0.012,2.0,2.0,2.0,2.8862654210685146,0.04975469162237575,3.0,0.009346085248980921,0.24304410144449778,-0.00403609409022875,0.014205866070954665,0.0,0.0023294378827807428,-0.018192462569061693,0.008144399751782865,0.0033094172629732008,0.023181547653119555,0.005839190597031859,"[-0.08337202103895916, 1.8605319144286032, -0.7166528214956971, -0.20232549634829014, 1.3752276270028914, 1.0099071845942287, -0.027513999795058437, 1.4670317022980226, 0.9865984519932638]"
cube,213,/home/humanoid/Programs/hand/results/phase1/run_20260413_pollard_multiscene_500_cem/cube/generated_mjcf/scene_cube_tp0d0114p0d0261p0d0000_ip0d0206n0d0041p0d0000_mp0d0084p0d0040p0d0000.xml,sanity_phase1,True,0.012,2.0,2.0,2.0,2.5760315162624856,0.05162153236625633,2.0,0.010648365233088944,0.06283590726872111,0.011383068446832144,0.026086163461476453,0.0,0.020561026075589607,-0.004089729095602563,0.0,0.008406134637600387,0.004042902804046244,0.0,"[-0.04001940470092851, 1.927054644440314, -1.1594855537432496, -0.34162688701139093, 1.2769689729243838, 1.204786572892837, -0.06035565691833135, 1.4686096214874043, 1.0077210834958208]"
cube,214,/home/humanoid/Programs/hand/results/phase1/run_20260413_pollard_multiscene_500_cem/cube/generated_mjcf/scene_cube_tp0d0052p0d0107p0d0118_in0d0015n0d0005p0d0000_mp0d0091p0d0164p0d0000.xml,sanity_phase1,True,0.012,2.0,2.0,2.0,2.887338010892712,0.04906930569909927,3.0,0.009028897853415452,0.08019928579288071,0.005157266769256267,0.010652643185760103,0.01180187743075043,-0.0014796206306259777,-0.0005166369421601685,0.0,0.009060765136741021,0.016391314855483393,0.0,"[-0.04001940470092851, 1.927054644440314, -1.1594855537432496, -0.34162688701139093, 1.2769689729243838, 1.204786572892837, -0.06035565691833135, 1.4686096214874043, 1.0077210834958208]"
cube,215,/home/humanoid/Programs/hand/results/phase1/run_20260413_pollard_multiscene_500_cem/cube/generated_mjcf/scene_cube_tn0d0067p0d0092p0d0078_ip0d0213n0d0213p0d0086_mp0d0153p0d0213p0d0000.xml,phase1_generated_scene,False,0.012,2.0,0.0,2.0,0.9855002927799397,0.017789792531081986,1.0,0.018571222903961165,5.0114107750804866e-14,-0.006708058313022306,0.009213660685445347,0.007762392106353707,0.0213354249050623,-0.021286620578137176,0.008635940125201812,0.015292946730816092,0.021305408188239255,0.0,"[-0.08337202103895916, 1.8605319144286032, -0.7166528214956971, -0.20232549634829014, 1.3752276270028914, 1.0099071845942287, -0.027513999795058437, 1.4670317022980226, 0.9865984519932638]"
cube,216,/home/humanoid/Programs/hand/results/phase1/run_20260413_pollard_multiscene_500_cem/cube/generated_mjcf/scene_cube_tn0d0106p0d0246p0d0111_ip0d0138n0d0187p0d0009_mp0d0009p0d0205p0d0041.xml,phase1_generated_scene,False,0.012,2.0,0.0,2.0,2.1833230285737666,0.04042608212158566,2.0,0.01560697002303873,0.0025060375710267094,-0.010618202159571382,0.024570154966587918,0.011091034286356438,0.013810197920546557,-0.018682744474052514,0.0008816463383836057,0.000920203433224737,0.020529085107590155,0.004148740653331526,"[-0.08337202103895916, 1.8605319144286032, -0.7166528214956971, -0.20232549634829014, 1.3752276270028914, 1.0099071845942287, -0.027513999795058437, 1.4670317022980226, 0.9865984519932638]"
cube,217,/home/humanoid/Programs/hand/results/phase1/run_20260413_pollard_multiscene_500_cem/cube/generated_mjcf/scene_cube_tn0d0013p0d0082p0d0000_ip0d0144n0d0077p0d0018_mp0d0035p0d0192p0d0000.xml,phase1_generated_scene,False,0.012,2.0,0.0,2.0,-0.036960011291107764,6.555207765490678e-13,0.0,0.01848000565702544,7.578965226629953e-16,-0.0012769440151296722,0.008207947848866467,0.0,0.014367464472860894,-0.007682079760128633,0.0018050238451683114,0.0034645893469029436,0.019215158092247116,0.0,"[-0.08337202103895916, 1.8605319144286032, -0.7166528214956971, -0.20232549634829014, 1.3752276270028914, 1.0099071845942287, -0.027513999795058437, 1.4670317022980226, 0.9865984519932638]"
cube,218,/home/humanoid/Programs/hand/results/phase1/run_20260413_pollard_multiscene_500_cem/cube/generated_mjcf/scene_cube_tp0d0031p0d0217p0d0000_ip0d0033n0d0069p0d0000_mp0d0018p0d0185p0d0039.xml,sanity_phase1,True,0.012,2.0,2.0,2.0,2.926475337622199,0.05001214459388201,3.0,0.008800641954223129,0.042322928368168214,0.0030643337970542965,0.021735629790901958,0.0,0.003259984998778856,-0.006910015120126513,0.0,0.0017765117936147622,0.018486338857577528,0.003854988740890814,"[-0.04001940470092851, 1.927054644440314, -1.1594855537432496, -0.34162688701139093, 1.2769689729243838, 1.204786572892837, -0.06035565691833135, 1.4686096214874043, 1.0077210834958208]"
cube,219,/home/humanoid/Programs/hand/results/phase1/run_20260413_pollard_multiscene_500_cem/cube/generated_mjcf/scene_cube_tn0d0096p0d0143p0d0000_ip0d0199n0d0241p0d0000_mp0d0018p0d0145p0d0098.xml,sanity_phase1,False,0.012,2.0,0.0,2.0,1.0675144342799334,0.02012298799924264,1.0,0.01839484437347109,3.0463107779378166e-06,-0.009552741642320943,0.014294919368854606,0.0,0.019931955097158255,-0.024098723637486875,0.0,0.001763704178351715,0.014507877048380777,0.009764096577343173,"[-0.04001940470092851, 1.927054644440314, -1.1594855537432496, -0.34162688701139093, 1.2769689729243838, 1.204786572892837, -0.06035565691833135, 1.4686096214874043, 1.0077210834958208]"
cube,220,/home/humanoid/Programs/hand/results/phase1/run_20260413_pollard_multiscene_500_cem/cube/generated_mjcf/scene_cube_tp0d0050p0d0166p0d0000_ip0d0149n0d0113p0d0053_mn0d0009p0d0075p0d0000.xml,sanity_phase1,False,0.012,2.0,0.0,2.0,-0.1494925142659526,3.6647445494919495e-11,0.0,0.07474625777430655,6.115854240641149e-16,0.0049770330315987155,0.016644170110704855,0.0,0.014920291210715418,-0.011294019048296643,0.0052869592715543215,-0.0009234731340144204,0.007455374979847362,0.0,"[-0.04001940470092851, 1.927054644440314, -1.1594855537432496, -0.34162688701139093, 1.2769689729243838, 1.204786572892837, -0.06035565691833135, 1.4686096214874043, 1.0077210834958208]"
cube,221,/home/humanoid/Programs/hand/results/phase1/run_20260413_pollard_multiscene_500_cem/cube/generated_mjcf/scene_cube_tn0d0008p0d0217p0d0015_ip0d0110n0d0107p0d0000_mp0d0047p0d0157p0d0000.xml,phase1_generated_scene,True,0.012,2.0,2.0,2.0,2.1855901126399937,0.040189390230680695,2.0,0.010444853558942244,0.0009922554396412256,-0.0008031192769778952,0.02166670448785033,0.001490255873888683,0.011029975886306324,-0.010713207814525373,0.0,0.004691508371224975,0.015735108981150926,0.0,"[-0.08337202103895916, 1.8605319144286032, -0.7166528214956971, -0.20232549634829014, 1.3752276270028914, 1.0099071845942287, -0.027513999795058437, 1.4670317022980226, 0.9865984519932638]"
cube,222,/home/humanoid/Programs/hand/results/phase1/run_20260413_pollard_multiscene_500_cem/cube/generated_mjcf/scene_cube_tp0d0060p0d0300p0d0000_ip0d0168n0d0189p0d0000_mn0d0012p0d0266p0d0015.xml,sanity_phase1,False,0.012,2.0,0.0,2.0,2.4587212969089713,0.049154975121959224,2.0,0.014740397793711358,0.2148135784811916,0.005982512874455746,0.03,0.0,0.01677585138666949,-0.01892801061196864,0.0,-0.001195083786028438,0.026558059126059096,0.0014902945294227848,"[-0.04001940470092851, 1.927054644440314, -1.1594855537432496, -0.34162688701139093, 1.2769689729243838, 1.204786572892837, -0.06035565691833135, 1.4686096214874043, 1.0077210834958208]"
cube,223,/home/humanoid/Programs/hand/results/phase1/run_20260413_pollard_multiscene_500_cem/cube/generated_mjcf/scene_cube_tn0d0100p0d0157p0d0115_in0d0006n0d0023p0d0000_mn0d0001p0d0183p0d0095.xml,phase1_generated_scene,True,0.012,2.0,2.0,2.0,1.4965524886263144,0.04023483849041097,2.0,0.011052766671115544,4.597075501305591,-0.010042045626139749,0.01571733522921598,0.011454745589257506,-0.0005590098185030423,-0.0022702534687448223,0.0,-0.0001307095736232007,0.018291499373159582,0.009509675286206443,"[-0.08337202103895916, 1.8605319144286032, -0.7166528214956971, -0.20232549634829014, 1.3752276270028914, 1.0099071845942287, -0.027513999795058437, 1.4670317022980226, 0.9865984519932638]"
cube,224,/home/humanoid/Programs/hand/results/phase1/run_20260413_pollard_multiscene_500_cem/cube/generated_mjcf/scene_cube_tn0d0032p0d0163p0d0000_ip0d0055n0d0227p0d0001_mp0d0062p0d0073p0d0053.xml,phase1_generated_scene,True,0.012,2.0,2.0,2.0,2.9541934014992344,0.06215139956603473,2.0,0.01054967015768235,4.161997744133548e-05,-0.003206023096601387,0.016318901566531582,0.0,0.005469932523932257,-0.022679238364403775,0.00012650587897891467,0.0061976339362588805,0.007287415170120487,0.005336885494463008,"[-0.08337202103895916, 1.8605319144286032, -0.7166528214956971, -0.20232549634829014, 1.3752276270028914, 1.0099071845942287, -0.027513999795058437, 1.4670317022980226, 0.9865984519932638]"
cube,225,/home/humanoid/Programs/hand/results/phase1/run_20260413_pollard_multiscene_500_cem/cube/generated_mjcf/scene_cube_tp0d0094p0d0274p0d0000_ip0d0199n0d0145p0d0100_mp0d0000p0d0269p0d0000.xml,phase1_generated_scene,False,0.012,2.0,0.0,2.0,2.316276303753999,0.048895362788261815,2.0,0.013877635863653969,1.1153741473857068,0.009437691326738953,0.02737170570873626,0.0,0.019924961742623107,-0.014488606505171338,0.009950090735285678,7.2792667555523355e-06,0.026910958156789684,0.0,"[-0.08337202103895916, 1.8605319144286032, -0.7166528214956971, -0.20232549634829014, 1.3752276270028914, 1.0099071845942287, -0.027513999795058437, 1.4670317022980226, 0.9865984519932638]"
cube,226,/home/humanoid/Programs/hand/results/phase1/run_20260413_pollard_multiscene_500_cem/cube/generated_mjcf/scene_cube_tp0d0059p0d0251p0d0062_ip0d0039n0d0063p0d0003_mn0d0009p0d0056p0d0000.xml,phase1_generated_scene,True,0.012,2.0,2.0,2.0,2.9241935649544852,0.050284776664478587,3.0,0.009411752822724448,0.11300075104544104,0.005890195392200037,0.025145911494812493,0.006172020864999916,0.0038719373070722294,-0.006349688358739556,0.00030962863382305236,-0.0008708134120405647,0.005640698307909073,0.0,"[-0.08337202103895916, 1.8605319144286032, -0.7166528214956971, -0.20232549634829014, 1.3752276270028914, 1.0099071845942287, -0.027513999795058437, 1.4670317022980226, 0.9865984519932638]"
cube,227,/home/humanoid/Programs/hand/results/phase1/run_20260413_pollard_multiscene_500_cem/cube/generated_mjcf/scene_cube_tp0d0083p0d0182p0d0000_ip0d0108n0d0164p0d0000_mp0d0028p0d0117p0d0000.xml,sanity_phase1,True,0.012,2.0,2.0,2.0,2.9675146713439338,0.05139412430449703,3.0,0.008710976480953378,0.09238484234370388,0.008338774720204351,0.01821398638179801,0.0,0.010837636468636409,-0.016374744784778288,0.0,0.00275684906579644,0.011731120066497104,0.0,"[-0.04001940470092851, 1.927054644440314, -1.1594855537432496, -0.34162688701139093, 1.2769689729243838, 1.204786572892837, -0.06035565691833135, 1.4686096214874043, 1.0077210834958208]"
cube,228,/home/humanoid/Programs/hand/results/phase1/run_20260413_pollard_multiscene_500_cem/cube/generated_mjcf/scene_cube_tp0d0018p0d0170p0d0000_ip0d0032n0d0128p0d0000_mp0d0192p0d0047p0d0036.xml,sanity_phase1,True,0.012,2.0,2.0,2.0,3.0563956506491645,0.05473751684623403,3.0,0.009342865613916888,0.27154471827461946,0.0017785008989475558,0.017044118735223775,0.0,0.003186891827523349,-0.012818094553557719,0.0,0.01917602235967445,0.004697717154899158,0.0035502383157635774,"[-0.04001940470092851, 1.927054644440314, -1.1594855537432496, -0.34162688701139093, 1.2769689729243838, 1.204786572892837, -0.06035565691833135, 1.4686096214874043, 1.0077210834958208]"
cube,229,/home/humanoid/Programs/hand/results/phase1/run_20260413_pollard_multiscene_500_cem/cube/generated_mjcf/scene_cube_tp0d0087p0d0300p0d0000_ip0d0077n0d0234p0d0000_mp0d0136p0d0114p0d0000.xml,sanity_phase1,True,0.012,2.0,2.0,2.0,2.9290924705809553,0.050778645682960755,3.0,0.009150083201272174,0.1990664128008459,0.008663651804597345,0.03,0.0,0.007674482461781696,-0.023444371696119334,0.0,0.013597677390840683,0.011417327075538986,0.0,"[-0.04001940470092851, 1.927054644440314, -1.1594855537432496, -0.34162688701139093, 1.2769689729243838, 1.204786572892837, -0.06035565691833135, 1.4686096214874043, 1.0077210834958208]"
cube,230,/home/humanoid/Programs/hand/results/phase1/run_20260413_pollard_multiscene_500_cem/cube/generated_mjcf/scene_cube_tn0d0007p0d0119p0d0014_ip0d0090n0d0004p0d0000_mp0d0132p0d0081p0d0000.xml,sanity_phase1,True,0.012,2.0,1.0,2.0,2.3376072800229664,0.0479076794384175,2.0,0.011215282748759875,0.7782062321608438,-0.0007050571053624031,0.011895647447555467,0.0013904247007412648,0.00896790547894913,-0.00042462582777189235,0.0,0.013245101911400738,0.008085967284082467,0.0,"[-0.04001940470092851, 1.927054644440314, -1.1594855537432496, -0.34162688701139093, 1.2769689729243838, 1.204786572892837, -0.06035565691833135, 1.4686096214874043, 1.0077210834958208]"
cube,231,/home/humanoid/Programs/hand/results/phase1/run_20260413_pollard_multiscene_500_cem/cube/generated_mjcf/scene_cube_tp0d0059p0d0199p0d0000_ip0d0193n0d0034p0d0000_mp0d0003p0d0115p0d0000.xml,sanity_phase1,True,0.012,2.0,2.0,2.0,2.027012946353624,0.03561497592416587,2.0,0.009755355385307212,3.334810449136063e-06,0.005938507318874558,0.01993184206212525,0.0,0.019339198063758577,-0.003368889853459343,0.0,0.0002719119063459754,0.011528792962369609,0.0,"[-0.04001940470092851, 1.927054644440314, -1.1594855537432496, -0.34162688701139093, 1.2769689729243838, 1.204786572892837, -0.06035565691833135, 1.4686096214874043, 1.0077210834958208]"
cube,232,/home/humanoid/Programs/hand/results/phase1/run_20260413_pollard_multiscene_500_cem/cube/generated_mjcf/scene_cube_tp0d0059p0d0233p0d0001_in0d0016n0d0011p0d0000_mp0d0107p0d0137p0d0000.xml,sanity_phase1,True,0.012,2.0,2.0,2.0,2.926980656895188,0.049858848237605544,3.0,0.008807106858057552,0.0030987846992714205,0.005876933990951735,0.023325437825919636,0.00012344175559970104,-0.001607011923027096,-0.0011137859434267924,0.0,0.010658788458287707,0.013659464988546774,0.0,"[-0.04001940470092851, 1.927054644440314, -1.1594855537432496, -0.34162688701139093, 1.2769689729243838, 1.204786572892837, -0.06035565691833135, 1.4686096214874043, 1.0077210834958208]"
cube,233,/home/humanoid/Programs/hand/results/phase1/run_20260413_pollard_multiscene_500_cem/cube/generated_mjcf/scene_cube_tp0d0094p0d0162p0d0016_ip0d0011n0d0230p0d0082_mp0d0011p0d0065p0d0038.xml,phase1_generated_scene,True,0.012,2.0,2.0,2.0,3.026596888438161,0.05270786084098369,3.0,0.009088833761110724,3.823160312291056e-06,0.009359930196395066,0.01623345201084577,0.0015625808053520377,0.00113350242596077,-0.023041464841855624,0.008165409870575673,0.0010928609572240285,0.006546084912352737,0.0037641457449223113,"[-0.08337202103895916, 1.8605319144286032, -0.7166528214956971, -0.20232549634829014, 1.3752276270028914, 1.0099071845942287, -0.027513999795058437, 1.4670317022980226, 0.9865984519932638]"
cube,234,/home/humanoid/Programs/hand/results/phase1/run_20260413_pollard_multiscene_500_cem/cube/generated_mjcf/scene_cube_tn0d0068p0d0267p0d0000_in0d0013n0d0152p0d0088_mp0d0012p0d0034p0d0000.xml,sanity_phase1,True,0.012,2.0,2.0,2.0,2.8309107567049594,0.04829907444514007,3.0,0.009555875294767271,0.26963398856938803,-0.006842359440174668,0.02674095924071578,0.0,-0.0012516321530277128,-0.01519729557625085,0.008807048636422697,0.0012271340009776168,0.0034269346338305414,0.0,"[-0.04001940470092851, 1.927054644440314, -1.1594855537432496, -0.34162688701139093, 1.2769689729243838, 1.204786572892837, -0.06035565691833135, 1.4686096214874043, 1.0077210834958208]"
cube,235,/home/humanoid/Programs/hand/results/phase1/run_20260413_pollard_multiscene_500_cem/cube/generated_mjcf/scene_cube_tn0d0012p0d0185p0d0000_ip0d0150n0d0039p0d0000_mp0d0202p0d0205p0d0000.xml,phase1_generated_scene,True,0.012,2.0,2.0,2.0,2.1261273197150494,0.038471816536642535,2.0,0.01018521403143825,0.0001055400304187732,-0.0012267169129464937,0.018511203439005447,0.0,0.015046761440901129,-0.003860181566608679,0.0,0.0202218044453141,0.02050055310976201,0.0,"[-0.08337202103895916, 1.8605319144286032, -0.7166528214956971, -0.20232549634829014, 1.3752276270028914, 1.0099071845942287, -0.027513999795058437, 1.4670317022980226, 0.9865984519932638]"
cube,236,/home/humanoid/Programs/hand/results/phase1/run_20260413_pollard_multiscene_500_cem/cube/generated_mjcf/scene_cube_tp0d0106p0d0174p0d0031_ip0d0022n0d0118p0d0000_mp0d0137p0d0106p0d0119.xml,phase1_generated_scene,True,0.012,2.0,2.0,2.0,3.001911485440692,0.052449418706311327,3.0,0.008961461731767673,0.1059683054444624,0.010570503563294312,0.01742935650204407,0.0030783737719845897,0.0022113929704491346,-0.01179028890874476,0.0,0.013715263425300493,0.010640660788541539,0.011923749986019395,"[-0.08337202103895916, 1.8605319144286032, -0.7166528214956971, -0.20232549634829014, 1.3752276270028914, 1.0099071845942287, -0.027513999795058437, 1.4670317022980226, 0.9865984519932638]"
cube,237,/home/humanoid/Programs/hand/results/phase1/run_20260413_pollard_multiscene_500_cem/cube/generated_mjcf/scene_cube_tn0d0094p0d0215p0d0000_ip0d0051n0d0037p0d0000_mp0d0001p0d0208p0d0000.xml,phase1_generated_scene,True,0.012,2.0,2.0,2.0,1.1289104511777837,0.04070232663079927,2.0,0.011368379993518434,7.1528948060876925,-0.009386577061587999,0.021536170750964603,0.0,0.005090603042090099,-0.0036513302603408664,3.0621962382121684e-05,0.0001362800775741909,0.02078669139942211,0.0,"[-0.08337202103895916, 1.8605319144286032, -0.7166528214956971, -0.20232549634829014, 1.3752276270028914, 1.0099071845942287, -0.027513999795058437, 1.4670317022980226, 0.9865984519932638]"
cube,238,/home/humanoid/Programs/hand/results/phase1/run_20260413_pollard_multiscene_500_cem/cube/generated_mjcf/scene_cube_tn0d0100p0d0196p0d0000_ip0d0120n0d0139p0d0024_mp0d0149p0d0270p0d0014.xml,phase1_generated_scene,True,0.012,2.0,1.0,2.0,1.049549213683842,0.03773745741703864,2.0,0.011086924638833056,6.993919644232296,-0.010015544394671703,0.01962936837177262,0.0,0.012010903863657144,-0.013874930609055808,0.002421640382254354,0.014892154831109993,0.027047093881184453,0.0013830002601442452,"[-0.08337202103895916, 1.8605319144286032, -0.7166528214956971, -0.20232549634829014, 1.3752276270028914, 1.0099071845942287, -0.027513999795058437, 1.4670317022980226, 0.9865984519932638]"
cube,239,/home/humanoid/Programs/hand/results/phase1/run_20260413_pollard_multiscene_500_cem/cube/generated_mjcf/scene_cube_tn0d0014p0d0251p0d0099_in0d0014n0d0234p0d0115_mp0d0111p0d0045p0d0038.xml,sanity_phase1,True,0.012,2.0,2.0,2.0,2.983537481065003,0.052708829944845034,3.0,0.009530002603484081,0.2814104119840314,-0.0014251822600559235,0.025089114689550506,0.009932616401398968,-0.0014478035283586408,-0.023434549415482668,0.011455759744305048,0.011104205335508101,0.004542639825632416,0.00384895126918975,"[-0.04001940470092851, 1.927054644440314, -1.1594855537432496, -0.34162688701139093, 1.2769689729243838, 1.204786572892837, -0.06035565691833135, 1.4686096214874043, 1.0077210834958208]"
cube,240,/home/humanoid/Programs/hand/results/phase1/run_20260413_pollard_multiscene_500_cem/cube/generated_mjcf/scene_cube_tn0d0097p0d0105p0d0000_ip0d0139n0d0046p0d0085_mp0d0073p0d0268p0d0000.xml,phase1_generated_scene,False,0.012,2.0,0.0,2.0,0.9820478945490044,0.017520179512949572,1.0,0.015579194201376776,9.846866761157065e-12,-0.009683335844336121,0.010547451260416061,0.0,0.013928861329337636,-0.004617107265739084,0.008492867289802312,0.0072826999018936085,0.026824365469868522,0.0,"[-0.08337202103895916, 1.8605319144286032, -0.7166528214956971, -0.20232549634829014, 1.3752276270028914, 1.0099071845942287, -0.027513999795058437, 1.4670317022980226, 0.9865984519932638]"
cube,241,/home/humanoid/Programs/hand/results/phase1/run_20260413_pollard_multiscene_500_cem/cube/generated_mjcf/scene_cube_tp0d0041p0d0136p0d0050_ip0d0093n0d0236p0d0000_mp0d0051p0d0056p0d0045.xml,sanity_phase1,False,0.012,2.0,0.0,2.0,-0.045878653368226816,5.3474585870461055e-14,0.0,0.022939326685049156,7.239385785675324e-16,0.0040971277273271905,0.013559094872586892,0.0049975779635624,0.00926415941715049,-0.023572964220321315,0.0,0.0051016658072987634,0.005637990037219874,0.004513815243508565,"[-0.04001940470092851, 1.927054644440314, -1.1594855537432496, -0.34162688701139093, 1.2769689729243838, 1.204786572892837, -0.06035565691833135, 1.4686096214874043, 1.0077210834958208]"
cube,242,/home/humanoid/Programs/hand/results/phase1/run_20260413_pollard_multiscene_500_cem/cube/generated_mjcf/scene_cube_tn0d0009p0d0235p0d0040_in0d0009n0d0143p0d0044_mp0d0197p0d0260p0d0000.xml,phase1_generated_scene,True,0.012,2.0,1.0,2.0,1.0087311231254046,0.04440994157194556,2.0,0.010728793112449009,8.827728304451949,-0.0009419216668431589,0.0234563829052057,0.003998428193652388,-0.0008600754512623002,-0.0143499624967743,0.0043891962311728185,0.019674774011803155,0.026003968495236028,0.0,"[-0.08337202103895916, 1.8605319144286032, -0.7166528214956971, -0.20232549634829014, 1.3752276270028914, 1.0099071845942287, -0.027513999795058437, 1.4670317022980226, 0.9865984519932638]"
cube,243,/home/humanoid/Programs/hand/results/phase1/run_20260413_pollard_multiscene_500_cem/cube/generated_mjcf/scene_cube_tp0d0018p0d0300p0d0000_ip0d0214n0d0134p0d0084_mp0d0020p0d0258p0d0066.xml,sanity_phase1,False,0.012,2.0,0.0,2.0,1.8867961485029614,0.04685649485966166,2.0,0.01801213435092878,3.4477126858889284,0.0018323263906544832,0.03,0.0,0.02142851497409419,-0.01338505726791449,0.008384359098383674,0.002027946052017301,0.025760241751164238,0.0065869486941198575,"[-0.04001940470092851, 1.927054644440314, -1.1594855537432496, -0.34162688701139093, 1.2769689729243838, 1.204786572892837, -0.06035565691833135, 1.4686096214874043, 1.0077210834958208]"
cube,244,/home/humanoid/Programs/hand/results/phase1/run_20260413_pollard_multiscene_500_cem/cube/generated_mjcf/scene_cube_tp0d0037p0d0122p0d0000_ip0d0121n0d0147p0d0094_mp0d0112p0d0054p0d0090.xml,phase1_generated_scene,True,0.012,2.0,1.0,2.0,2.774567375144663,0.058060816808744406,2.0,0.009753857909325396,0.2536899822849333,0.003670300442267238,0.012153499062564917,0.0,0.012056547044241235,-0.014653213065510083,0.009428885664088973,0.011218889531032318,0.005437278898803643,0.009008074998322603,"[-0.08337202103895916, 1.8605319144286032, -0.7166528214956971, -0.20232549634829014, 1.3752276270028914, 1.0099071845942287, -0.027513999795058437, 1.4670317022980226, 0.9865984519932638]"
cube,245,/home/humanoid/Programs/hand/results/phase1/run_20260413_pollard_multiscene_500_cem/cube/generated_mjcf/scene_cube_tn0d0045p0d0121p0d0034_ip0d0174n0d0173p0d0000_mp0d0212p0d0139p0d0000.xml,phase1_generated_scene,False,0.012,2.0,0.0,2.0,2.220840726084567,0.04128765903866856,2.0,0.012113670086430968,6.398042817168934e-10,-0.004528621663971532,0.012117700999274032,0.0034291248847927273,0.01739136599231956,-0.017332691788016226,0.0,0.0212315535462329,0.013907077695475889,0.0,"[-0.08337202103895916, 1.8605319144286032, -0.7166528214956971, -0.20232549634829014, 1.3752276270028914, 1.0099071845942287, -0.027513999795058437, 1.4670317022980226, 0.9865984519932638]"
cube,246,/home/humanoid/Programs/hand/results/phase1/run_20260413_pollard_multiscene_500_cem/cube/generated_mjcf/scene_cube_tp0d0012p0d0250p0d0034_in0d0012n0d0017p0d0000_mp0d0149p0d0177p0d0000.xml,sanity_phase1,True,0.012,2.0,2.0,2.0,2.916558809476639,0.049692737780288154,3.0,0.009084702351672943,0.030117387534006713,0.0012101250122180784,0.02496992892325642,0.0034375336049794307,-0.001203292251601781,-0.0017480540872589299,0.0,0.014901303193678607,0.0176678851782694,0.0,"[-0.04001940470092851, 1.927054644440314, -1.1594855537432496, -0.34162688701139093, 1.2769689729243838, 1.204786572892837, -0.06035565691833135, 1.4686096214874043, 1.0077210834958208]"
cube,247,/home/humanoid/Programs/hand/results/phase1/run_20260413_pollard_multiscene_500_cem/cube/generated_mjcf/scene_cube_tp0d0119p0d0269p0d0041_ip0d0045n0d0197p0d0000_mp0d0114p0d0084p0d0000.xml,sanity_phase1,True,0.012,2.0,2.0,2.0,2.919552957082693,0.04983283041908933,3.0,0.00897330493154651,0.04432998481560427,0.011873789448722787,0.02689082524371258,0.004145387045152844,0.0044727054903854375,-0.019704682888720113,0.0,0.011383286691889392,0.008366425886166713,0.0,"[-0.04001940470092851, 1.927054644440314, -1.1594855537432496, -0.34162688701139093, 1.2769689729243838, 1.204786572892837, -0.06035565691833135, 1.4686096214874043, 1.0077210834958208]"
cube,248,/home/humanoid/Programs/hand/results/phase1/run_20260413_pollard_multiscene_500_cem/cube/generated_mjcf/scene_cube_tp0d0063p0d0226p0d0000_ip0d0002n0d0169p0d0000_mp0d0111p0d0134p0d0000.xml,sanity_phase1,True,0.012,2.0,2.0,2.0,2.925105328773435,0.04990184836113725,3.0,0.008885607574782954,0.024587658112020124,0.00626516238663433,0.02255765916802214,0.0,0.0002281577052011246,-0.016903768045336977,0.0,0.011086386382717419,0.013437684407545863,0.0,"[-0.04001940470092851, 1.927054644440314, -1.1594855537432496, -0.34162688701139093, 1.2769689729243838, 1.204786572892837, -0.06035565691833135, 1.4686096214874043, 1.0077210834958208]"
cube,249,/home/humanoid/Programs/hand/results/phase1/run_20260413_pollard_multiscene_500_cem/cube/generated_mjcf/scene_cube_tn0d0027p0d0178p0d0000_ip0d0059n0d0061p0d0007_mn0d0017p0d0132p0d0000.xml,phase1_generated_scene,False,0.012,2.0,0.0,2.0,-0.0601420273222858,8.484844771228239e-13,0.0,0.03007101367599133,6.76791028226806e-16,-0.0027271212917241126,0.017791811356062115,0.0,0.005851197812612485,-0.006067555870810265,0.0007001297377480752,-0.001728987071853835,0.013155750839536167,0.0,"[-0.08337202103895916, 1.8605319144286032, -0.7166528214956971, -0.20232549634829014, 1.3752276270028914, 1.0099071845942287, -0.027513999795058437, 1.4670317022980226, 0.9865984519932638]"
cube,250,/home/humanoid/Programs/hand/results/phase1/run_20260413_pollard_multiscene_500_cem/cube/generated_mjcf/scene_cube_tp0d0023p0d0281p0d0058_ip0d0010n0d0123p0d0000_mp0d0086p0d0122p0d0045.xml,sanity_phase1,True,0.012,2.0,2.0,2.0,2.9282295558365847,0.049952612132836624,3.0,0.009131370589016708,0.012327517564423565,0.0022906939710439344,0.028145105487248016,0.005840805083924282,0.0009521715037869721,-0.012287952266811692,0.0,0.008550085922758204,0.012157418500970765,0.004480712380297534,"[-0.04001940470092851, 1.927054644440314, -1.1594855537432496, -0.34162688701139093, 1.2769689729243838, 1.204786572892837, -0.06035565691833135, 1.4686096214874043, 1.0077210834958208]"
cube,251,/home/humanoid/Programs/hand/results/phase1/run_20260413_pollard_multiscene_500_cem/cube/generated_mjcf/scene_cube_tn0d0091p0d0092p0d0034_ip0d0028n0d0157p0d0101_mp0d0014p0d0237p0d0000.xml,sanity_phase1,False,0.012,2.0,0.0,2.0,2.151642954899737,0.03951714986185429,2.0,0.015728643658693812,1.965183706552882e-08,-0.00907948699181936,0.009197356063655219,0.0034433989733793375,0.002812858527800891,-0.01569261011506301,0.01012942948307732,0.0014055497152433722,0.023694967517092685,0.0,"[-0.04001940470092851, 1.927054644440314, -1.1594855537432496, -0.34162688701139093, 1.2769689729243838, 1.204786572892837, -0.06035565691833135, 1.4686096214874043, 1.0077210834958208]"
cube,252,/home/humanoid/Programs/hand/results/phase1/run_20260413_pollard_multiscene_500_cem/cube/generated_mjcf/scene_cube_tn0d0074p0d0300p0d0026_ip0d0033n0d0060p0d0000_mp0d0108p0d0119p0d0000.xml,phase1_generated_scene,True,0.012,2.0,2.0,2.0,2.91102414969951,0.04944540768279761,3.0,0.009334144938816612,0.005978862138490367,-0.007398159794487176,0.03,0.002583933856100673,0.0033336936479035455,-0.005978032145131569,0.0,0.010774200359585784,0.011857555922792454,0.0,"[-0.08337202103895916, 1.8605319144286032, -0.7166528214956971, -0.20232549634829014, 1.3752276270028914, 1.0099071845942287, -0.027513999795058437, 1.4670317022980226, 0.9865984519932638]"
cube,253,/home/humanoid/Programs/hand/results/phase1/run_20260413_pollard_multiscene_500_cem/cube/generated_mjcf/scene_cube_tp0d0079p0d0250p0d0000_ip0d0107n0d0240p0d0083_mp0d0033p0d0107p0d0094.xml,sanity_phase1,True,0.012,2.0,2.0,2.0,2.9158663138852874,0.049820894758747826,3.0,0.009074050303444844,0.06477934709331246,0.007870746006714398,0.024959633130747148,0.0,0.010664501866031857,-0.023994387640275894,0.008275887682406585,0.003335989644740088,0.01068451411033549,0.009375497810093482,"[-0.04001940470092851, 1.927054644440314, -1.1594855537432496, -0.34162688701139093, 1.2769689729243838, 1.204786572892837, -0.06035565691833135, 1.4686096214874043, 1.0077210834958208]"
cube,254,/home/humanoid/Programs/hand/results/phase1/run_20260413_pollard_multiscene_500_cem/cube/generated_mjcf/scene_cube_tn0d0073p0d0242p0d0000_ip0d0117n0d0058p0d0016_mp0d0219p0d0175p0d0000.xml,phase1_generated_scene,True,0.012,2.0,2.0,2.0,2.78741349436168,0.04772011169116626,3.0,0.009803259026039818,0.4212259785137313,-0.0072830278711218015,0.024233399005324837,0.0,0.01173289864241775,-0.005816682189977438,0.0015985477456331616,0.02187070698869189,0.017479901290416364,0.0,"[-0.08337202103895916, 1.8605319144286032, -0.7166528214956971, -0.20232549634829014, 1.3752276270028914, 1.0099071845942287, -0.027513999795058437, 1.4670317022980226, 0.9865984519932638]"
cube,255,/home/humanoid/Programs/hand/results/phase1/run_20260413_pollard_multiscene_500_cem/cube/generated_mjcf/scene_cube_tn0d0049p0d0232p0d0053_ip0d0078n0d0015p0d0045_mp0d0126p0d0103p0d0116.xml,sanity_phase1,True,0.012,2.0,2.0,2.0,3.7315293737569304,0.07288872338383771,3.0,0.009784022485429499,5.266471020550629e-05,-0.0048957756328571024,0.023204282559035286,0.005285964347256648,0.007791052812038457,-0.0014875992639632445,0.004507628719607793,0.01263096632514772,0.010252368200474794,0.011605232571004556,"[-0.04001940470092851, 1.927054644440314, -1.1594855537432496, -0.34162688701139093, 1.2769689729243838, 1.204786572892837, -0.06035565691833135, 1.4686096214874043, 1.0077210834958208]"
cube,256,/home/humanoid/Programs/hand/results/phase1/run_20260413_pollard_multiscene_500_cem/cube/generated_mjcf/scene_cube_tn0d0062p0d0198p0d0000_ip0d0093n0d0156p0d0051_mp0d0176p0d0066p0d0000.xml,phase1_generated_scene,True,0.012,2.0,2.0,2.0,3.0404690737825755,0.05404525796023914,3.0,0.009677769631660942,0.21172943708315095,-0.00617936078977491,0.019845889106613626,0.0,0.009283838582036968,-0.01564231250230316,0.005108479275818825,0.01755878893107922,0.006553664356555156,0.0,"[-0.08337202103895916, 1.8605319144286032, -0.7166528214956971, -0.20232549634829014, 1.3752276270028914, 1.0099071845942287, -0.027513999795058437, 1.4670317022980226, 0.9865984519932638]"
cube,257,/home/humanoid/Programs/hand/results/phase1/run_20260413_pollard_multiscene_500_cem/cube/generated_mjcf/scene_cube_tn0d0013p0d0300p0d0040_ip0d0126n0d0136p0d0071_mn0d0004p0d0181p0d0075.xml,sanity_phase1,True,0.012,2.0,2.0,2.0,0.4235474485810735,0.04096978790573211,2.0,0.011716720247032538,11.913077917503237,-0.0013310279746045726,0.03,0.004007304669342297,0.01263270996685188,-0.013573404996832647,0.007133344311976011,-0.0004286670847191455,0.018119654315755226,0.007547655475809524,"[-0.04001940470092851, 1.927054644440314, -1.1594855537432496, -0.34162688701139093, 1.2769689729243838, 1.204786572892837, -0.06035565691833135, 1.4686096214874043, 1.0077210834958208]"
cube,258,/home/humanoid/Programs/hand/results/phase1/run_20260413_pollard_multiscene_500_cem/cube/generated_mjcf/scene_cube_tn0d0033p0d0188p0d0000_ip0d0089n0d0085p0d0000_mn0d0010p0d0158p0d0000.xml,sanity_phase1,True,0.012,2.0,1.0,2.0,2.1043537509068755,0.03787145991186163,2.0,0.01057366826075279,6.324517426157055e-08,-0.003284192562390034,0.018810799604056093,0.0,0.008948602806368519,-0.008508505563111826,0.0,-0.0009937541860331883,0.015830482276668337,0.0,"[-0.04001940470092851, 1.927054644440314, -1.1594855537432496, -0.34162688701139093, 1.2769689729243838, 1.204786572892837, -0.06035565691833135, 1.4686096214874043, 1.0077210834958208]"
cube,259,/home/humanoid/Programs/hand/results/phase1/run_20260413_pollard_multiscene_500_cem/cube/generated_mjcf/scene_cube_tn0d0066p0d0185p0d0013_ip0d0158n0d0195p0d0088_mp0d0183p0d0172p0d0000.xml,phase1_generated_scene,False,0.012,2.0,0.0,2.0,2.1297952997287757,0.03873314055017278,2.0,0.01293230976353335,1.3677794808494254e-12,-0.0066485374175960146,0.018518010205694397,0.0012982978667973911,0.015818160059360285,-0.019498654578332945,0.008823394787387792,0.01834265960575579,0.01719139738609474,0.0,"[-0.08337202103895916, 1.8605319144286032, -0.7166528214956971, -0.20232549634829014, 1.3752276270028914, 1.0099071845942287, -0.027513999795058437, 1.4670317022980226, 0.9865984519932638]"
cube,260,/home/humanoid/Programs/hand/results/phase1/run_20260413_pollard_multiscene_500_cem/cube/generated_mjcf/scene_cube_tn0d0016p0d0096p0d0112_ip0d0017n0d0032p0d0006_mp0d0056p0d0052p0d0016.xml,phase1_generated_scene,False,0.012,2.0,0.0,2.0,1.8786028726531407,0.043142916512281,1.0,0.015699602557843556,1.0733811394710773e-09,-0.0015968470266755248,0.00957306995643702,0.011202290221894236,0.001675734744234568,-0.0032206306161261574,0.0006071599036956091,0.00558793585213605,0.005223797450431731,0.0015580406341598792,"[-0.08337202103895916, 1.8605319144286032, -0.7166528214956971, -0.20232549634829014, 1.3752276270028914, 1.0099071845942287, -0.027513999795058437, 1.4670317022980226, 0.9865984519932638]"
cube,261,/home/humanoid/Programs/hand/results/phase1/run_20260413_pollard_multiscene_500_cem/cube/generated_mjcf/scene_cube_tn0d0026p0d0108p0d0000_ip0d0093n0d0210p0d0000_mp0d0215p0d0203p0d0054.xml,sanity_phase1,True,0.012,2.0,1.0,2.0,2.3111402258505156,0.044038021983851386,2.0,0.011757938338857762,0.044497779377115576,-0.002559148442306267,0.010844582132139265,0.0,0.009274960074603024,-0.02103734073064305,0.0,0.021537173868519506,0.02026458374004725,0.005359570246667743,"[-0.04001940470092851, 1.927054644440314, -1.1594855537432496, -0.34162688701139093, 1.2769689729243838, 1.204786572892837, -0.06035565691833135, 1.4686096214874043, 1.0077210834958208]"
cube,262,/home/humanoid/Programs/hand/results/phase1/run_20260413_pollard_multiscene_500_cem/cube/generated_mjcf/scene_cube_tp0d0114p0d0124p0d0096_in0d0000n0d0080p0d0000_mp0d0182p0d0250p0d0006.xml,sanity_phase1,True,0.012,2.0,2.0,2.0,2.9159891913503864,0.04966934359136118,3.0,0.008953832043767077,0.03020113506480567,0.011434726863572546,0.012431631671534318,0.009574165085641077,-3.2197229452727086e-05,-0.008030768084860739,0.0,0.01818011496386108,0.025010610894033593,0.0006060223705221992,"[-0.04001940470092851, 1.927054644440314, -1.1594855537432496, -0.34162688701139093, 1.2769689729243838, 1.204786572892837, -0.06035565691833135, 1.4686096214874043, 1.0077210834958208]"
cube,263,/home/humanoid/Programs/hand/results/phase1/run_20260413_pollard_multiscene_500_cem/cube/generated_mjcf/scene_cube_tn0d0026p0d0166p0d0106_ip0d0186n0d0034p0d0042_mn0d0016p0d0137p0d0101.xml,sanity_phase1,False,0.012,2.0,0.0,2.0,2.119823462739103,0.0385492246403397,2.0,0.014699699833762446,3.507983593353069e-11,-0.002617680223593528,0.01656557626298818,0.010573775539080708,0.018619421669964137,-0.0033545673340663,0.004216081429168201,-0.0015522505578777837,0.01372870559258928,0.010117600342834106,"[-0.04001940470092851, 1.927054644440314, -1.1594855537432496, -0.34162688701139093, 1.2769689729243838, 1.204786572892837, -0.06035565691833135, 1.4686096214874043, 1.0077210834958208]"
cube,264,/home/humanoid/Programs/hand/results/phase1/run_20260413_pollard_multiscene_500_cem/cube/generated_mjcf/scene_cube_tn0d0098p0d0167p0d0098_ip0d0048n0d0056p0d0000_mp0d0081p0d0076p0d0092.xml,phase1_generated_scene,False,0.012,2.0,0.0,2.0,1.2577417531861588,0.025127620608952843,1.0,0.010862484063563,4.303848772922524e-13,-0.0098174312859883,0.016710597855835244,0.009785136624631905,0.0047505379522936875,-0.00558731996764574,0.0,0.008118077130715488,0.007604253555346375,0.009153488997293208,"[-0.08337202103895916, 1.8605319144286032, -0.7166528214956971, -0.20232549634829014, 1.3752276270028914, 1.0099071845942287, -0.027513999795058437, 1.4670317022980226, 0.9865984519932638]"
cube,265,/home/humanoid/Programs/hand/results/phase1/run_20260413_pollard_multiscene_500_cem/cube/generated_mjcf/scene_cube_tp0d0104p0d0234p0d0093_ip0d0069n0d0004p0d0081_mp0d0154p0d0049p0d0096.xml,sanity_phase1,True,0.012,2.0,2.0,2.0,2.9072376612196775,0.04958764538070238,3.0,0.009399603550039711,0.06353813336551181,0.010405971119882437,0.023402318434891774,0.009318597065959895,0.006870174315362881,-0.0003758602573515988,0.008054351980537874,0.01539809898290241,0.004941483542359303,0.009625898391971525,"[-0.04001940470092851, 1.927054644440314, -1.1594855537432496, -0.34162688701139093, 1.2769689729243838, 1.204786572892837, -0.06035565691833135, 1.4686096214874043, 1.0077210834958208]"
cube,266,/home/humanoid/Programs/hand/results/phase1/run_20260413_pollard_multiscene_500_cem/cube/generated_mjcf/scene_cube_tp0d0080p0d0162p0d0000_in0d0002n0d0171p0d0000_mp0d0071p0d0218p0d0095.xml,sanity_phase1,True,0.012,2.0,2.0,2.0,2.937768458682747,0.05024061821807706,3.0,0.008726841886572245,0.021329967845370355,0.008007112781741085,0.016238264649913087,0.0,-0.00016892381827874302,-0.01712363596371593,0.0,0.0070856367373131526,0.021809635629245268,0.009472099338838351,"[-0.04001940470092851, 1.927054644440314, -1.1594855537432496, -0.34162688701139093, 1.2769689729243838, 1.204786572892837, -0.06035565691833135, 1.4686096214874043, 1.0077210834958208]"
cube,267,/home/humanoid/Programs/hand/results/phase1/run_20260413_pollard_multiscene_500_cem/cube/generated_mjcf/scene_cube_tn0d0019p0d0119p0d0097_ip0d0014n0d0097p0d0004_mp0d0076p0d0068p0d0027.xml,phase1_generated_scene,True,0.012,2.0,2.0,2.0,3.183201184387092,0.0574867105927449,3.0,0.009296406645172164,0.0682724871242339,-0.0019033786639038597,0.011918802303719365,0.009742141364256777,0.001446421396381646,-0.009701845637100453,0.0004247947514453253,0.007597777885475282,0.006785559441029652,0.0026801896733662112,"[-0.08337202103895916, 1.8605319144286032, -0.7166528214956971, -0.20232549634829014, 1.3752276270028914, 1.0099071845942287, -0.027513999795058437, 1.4670317022980226, 0.9865984519932638]"
cube,268,/home/humanoid/Programs/hand/results/phase1/run_20260413_pollard_multiscene_500_cem/cube/generated_mjcf/scene_cube_tp0d0102p0d0138p0d0107_ip0d0106n0d0072p0d0004_mp0d0019p0d0053p0d0000.xml,phase1_generated_scene,False,0.012,2.0,0.0,2.0,-0.031212116800978348,6.317737999417261e-11,0.0,0.015606059506093279,6.02238978887696e-16,0.010192050973665118,0.013796870560345172,0.01073217435091527,0.010556599209052135,-0.0072346864002176565,0.00041095213145756447,0.001934188977885925,0.0052613143908337,0.0,"[-0.08337202103895916, 1.8605319144286032, -0.7166528214956971, -0.20232549634829014, 1.3752276270028914, 1.0099071845942287, -0.027513999795058437, 1.4670317022980226, 0.9865984519932638]"
cube,269,/home/humanoid/Programs/hand/results/phase1/run_20260413_pollard_multiscene_500_cem/cube/generated_mjcf/scene_cube_tn0d0109p0d0188p0d0000_ip0d0152n0d0147p0d0000_mp0d0012p0d0206p0d0000.xml,sanity_phase1,False,0.012,2.0,0.0,2.0,1.2654641800168829,0.039484510077145506,2.0,0.016265754192241282,5.893081095324847,-0.010892479043909305,0.018761057623916402,0.0,0.015191856500809777,-0.0146572238066505,0.0,0.0012429278075790622,0.02056014077460063,0.0,"[-0.04001940470092851, 1.927054644440314, -1.1594855537432496, -0.34162688701139093, 1.2769689729243838, 1.204786572892837, -0.06035565691833135, 1.4686096214874043, 1.0077210834958208]"
cube,270,/home/humanoid/Programs/hand/results/phase1/run_20260413_pollard_multiscene_500_cem/cube/generated_mjcf/scene_cube_tp0d0063p0d0244p0d0034_in0d0017n0d0047p0d0028_mp0d0126p0d0234p0d0000.xml,sanity_phase1,True,0.012,2.0,2.0,2.0,2.9244251343301184,0.04988295392125173,3.0,0.008901574585717536,0.024500691615048323,0.006326404225126845,0.024413539928309608,0.0034358131538734186,-0.0016652041607701385,-0.004704614173634861,0.002849669393877664,0.012557523978918841,0.023357815300913888,0.0,"[-0.04001940470092851, 1.927054644440314, -1.1594855537432496, -0.34162688701139093, 1.2769689729243838, 1.204786572892837, -0.06035565691833135, 1.4686096214874043, 1.0077210834958208]"
cube,271,/home/humanoid/Programs/hand/results/phase1/run_20260413_pollard_multiscene_500_cem/cube/generated_mjcf/scene_cube_tp0d0022p0d0300p0d0079_ip0d0201n0d0117p0d0000_mp0d0139p0d0232p0d0000.xml,sanity_phase1,False,0.012,2.0,0.0,2.0,1.3254253302148677,0.04177045387088693,2.0,0.013036068718643379,6.069789452192587,0.002245291327922347,0.03,0.007914847084908486,0.020077243035357552,-0.01173371425264643,0.0,0.013901697245508137,0.023176085596049063,0.0,"[-0.04001940470092851, 1.927054644440314, -1.1594855537432496, -0.34162688701139093, 1.2769689729243838, 1.204786572892837, -0.06035565691833135, 1.4686096214874043, 1.0077210834958208]"
cube,272,/home/humanoid/Programs/hand/results/phase1/run_20260413_pollard_multiscene_500_cem/cube/generated_mjcf/scene_cube_tn0d0009p0d0148p0d0000_ip0d0185n0d0080p0d0009_mp0d0179p0d0092p0d0042.xml,phase1_generated_scene,False,0.012,2.0,0.0,2.0,1.111591379667578,0.02095920044877539,1.0,0.010990318017395152,3.18026584205221e-11,-0.0009488846215536303,0.014802931966176474,0.0,0.01846619001000817,-0.008015341938986174,0.0008936013470664285,0.01788502974286396,0.009203218882619397,0.0041798237366650025,"[-0.08337202103895916, 1.8605319144286032, -0.7166528214956971, -0.20232549634829014, 1.3752276270028914, 1.0099071845942287, -0.027513999795058437, 1.4670317022980226, 0.9865984519932638]"
cube,273,/home/humanoid/Programs/hand/results/phase1/run_20260413_pollard_multiscene_500_cem/cube/generated_mjcf/scene_cube_tp0d0108p0d0274p0d0048_ip0d0186n0d0162p0d0000_mn0d0018p0d0200p0d0087.xml,sanity_phase1,True,0.012,2.0,2.0,2.0,0.6808166464969676,0.051118920069620655,2.0,0.008972903264210167,12.602664996075566,0.010793172744159973,0.027385637090943743,0.004834036143599344,0.01858721372341072,-0.016209668619703015,0.0,-0.001767901577034518,0.0199563224460901,0.00869297932588134,"[-0.04001940470092851, 1.927054644440314, -1.1594855537432496, -0.34162688701139093, 1.2769689729243838, 1.204786572892837, -0.06035565691833135, 1.4686096214874043, 1.0077210834958208]"
cube,274,/home/humanoid/Programs/hand/results/phase1/run_20260413_pollard_multiscene_500_cem/cube/generated_mjcf/scene_cube_tn0d0019p0d0292p0d0078_ip0d0164n0d0156p0d0069_mp0d0127p0d0262p0d0000.xml,sanity_phase1,False,0.012,2.0,0.0,2.0,1.0572451301624888,0.04009092392524801,2.0,0.015941002770006964,7.42703467787452,-0.001916376052160879,0.029220051372745175,0.007795485310387259,0.016412015641354603,-0.015575520612575037,0.006911623253098489,0.012731054858623922,0.026173867771679467,0.0,"[-0.04001940470092851, 1.927054644440314, -1.1594855537432496, -0.34162688701139093, 1.2769689729243838, 1.204786572892837, -0.06035565691833135, 1.4686096214874043, 1.0077210834958208]"
cube,275,/home/humanoid/Programs/hand/results/phase1/run_20260413_pollard_multiscene_500_cem/cube/generated_mjcf/scene_cube_tp0d0071p0d0185p0d0000_in0d0012n0d0020p0d0000_mp0d0187p0d0125p0d0095.xml,sanity_phase1,True,0.012,2.0,2.0,2.0,2.927552508295814,0.049906048812296454,3.0,0.008898296211808763,0.009084051406300347,0.007096762773567841,0.018535196712838996,0.0,-0.0012487005109433433,-0.0020060342785642327,0.0,0.018711648686793855,0.012456268016773565,0.009485944431065776,"[-0.04001940470092851, 1.927054644440314, -1.1594855537432496, -0.34162688701139093, 1.2769689729243838, 1.204786572892837, -0.06035565691833135, 1.4686096214874043, 1.0077210834958208]"
cube,276,/home/humanoid/Programs/hand/results/phase1/run_20260413_pollard_multiscene_500_cem/cube/generated_mjcf/scene_cube_tn0d0045p0d0240p0d0000_ip0d0060n0d0088p0d0066_mp0d0014p0d0053p0d0000.xml,phase1_generated_scene,True,0.012,2.0,1.0,2.0,2.261287449162189,0.0429177921721401,2.0,0.011089365897253437,0.12437696712138747,-0.004471530539230569,0.02395252102903216,0.0,0.006041774072952371,-0.008778636947116529,0.006612827788071422,0.0013904042544706126,0.005326566761932524,0.0,"[-0.08337202103895916, 1.8605319144286032, -0.7166528214956971, -0.20232549634829014, 1.3752276270028914, 1.0099071845942287, -0.027513999795058437, 1.4670317022980226, 0.9865984519932638]"
cube,277,/home/humanoid/Programs/hand/results/phase1/run_20260413_pollard_multiscene_500_cem/cube/generated_mjcf/scene_cube_tn0d0085p0d0138p0d0102_ip0d0198n0d0095p0d0098_mp0d0050p0d0056p0d0000.xml,phase1_generated_scene,False,0.012,2.0,0.0,2.0,1.1893843446985888,0.02350935955298177,1.0,0.01671410255537353,0.00010023030017438252,-0.00849020040187634,0.013832043402543716,0.010161341910743568,0.019754372950554135,-0.009469899963966253,0.009754122039431785,0.005023702370497475,0.005560181100361002,0.0,"[-0.08337202103895916, 1.8605319144286032, -0.7166528214956971, -0.20232549634829014, 1.3752276270028914, 1.0099071845942287, -0.027513999795058437, 1.4670317022980226, 0.9865984519932638]"
cube,278,/home/humanoid/Programs/hand/results/phase1/run_20260413_pollard_multiscene_500_cem/cube/generated_mjcf/scene_cube_tp0d0091p0d0087p0d0090_ip0d0090n0d0064p0d0007_mp0d0002p0d0209p0d0000.xml,sanity_phase1,False,0.012,2.0,0.0,2.0,1.8009356106100656,0.02939421293788185,2.0,0.013930920980677669,1.6962915681469309e-09,0.009110489609144803,0.008677276423585517,0.008999429842825458,0.008984969193119195,-0.006433298849497485,0.0006513275308667656,0.00016650763492232802,0.02091045788924164,0.0,"[-0.04001940470092851, 1.927054644440314, -1.1594855537432496, -0.34162688701139093, 1.2769689729243838, 1.204786572892837, -0.06035565691833135, 1.4686096214874043, 1.0077210834958208]"
cube,279,/home/humanoid/Programs/hand/results/phase1/run_20260413_pollard_multiscene_500_cem/cube/generated_mjcf/scene_cube_tp0d0107p0d0203p0d0035_in0d0017n0d0210p0d0076_mn0d0006p0d0043p0d0000.xml,phase1_generated_scene,True,0.012,2.0,2.0,2.0,2.6958648065837587,0.04454408552589778,3.0,0.008991679986238123,0.30129884566791504,0.010680652573989403,0.02028025196755389,0.0034878590242971314,-0.001651941370340004,-0.021006328028755378,0.007617746444018626,-0.0006043381044495855,0.004307480844639333,0.0,"[-0.08337202103895916, 1.8605319144286032, -0.7166528214956971, -0.20232549634829014, 1.3752276270028914, 1.0099071845942287, -0.027513999795058437, 1.4670317022980226, 0.9865984519932638]"
cube,280,/home/humanoid/Programs/hand/results/phase1/run_20260413_pollard_multiscene_500_cem/cube/generated_mjcf/scene_cube_tn0d0078p0d0260p0d0040_ip0d0170n0d0060p0d0000_mp0d0039p0d0256p0d0009.xml,sanity_phase1,False,0.012,2.0,0.0,2.0,1.5191920691375502,0.0456188054436591,2.0,0.015201793711369585,5.647083559785196,-0.007815997886244007,0.026014632824952713,0.003963593641860802,0.01697867174625963,-0.006016436256747587,0.0,0.0039335958645995905,0.025588962022507003,0.0008507281091946969,"[-0.04001940470092851, 1.927054644440314, -1.1594855537432496, -0.34162688701139093, 1.2769689729243838, 1.204786572892837, -0.06035565691833135, 1.4686096214874043, 1.0077210834958208]"
cube,281,/home/humanoid/Programs/hand/results/phase1/run_20260413_pollard_multiscene_500_cem/cube/generated_mjcf/scene_cube_tp0d0049p0d0300p0d0102_ip0d0202n0d0145p0d0009_mn0d0004p0d0044p0d0008.xml,phase1_generated_scene,False,0.012,2.0,0.0,2.0,2.4042299743622513,0.04654042843832201,2.0,0.012342510489504058,7.348395302590731e-14,0.0048956966144989775,0.03,0.01024569696703537,0.02024412345182712,-0.01445113637154469,0.0008572589896428326,-0.00038753717582618377,0.004445373004833839,0.0008281454690186804,"[-0.08337202103895916, 1.8605319144286032, -0.7166528214956971, -0.20232549634829014, 1.3752276270028914, 1.0099071845942287, -0.027513999795058437, 1.4670317022980226, 0.9865984519932638]"
cube,282,/home/humanoid/Programs/hand/results/phase1/run_20260413_pollard_multiscene_500_cem/cube/generated_mjcf/scene_cube_tn0d0065p0d0165p0d0000_ip0d0092n0d0020p0d0000_mn0d0000p0d0262p0d0033.xml,sanity_phase1,False,0.012,2.0,0.0,2.0,1.3902984915821122,0.041300581556997146,2.0,0.012424859712789194,5.535814289914731,-0.0064790503642382325,0.016456295363345405,0.0,0.009204583455362582,-0.0020444669577706093,0.0,-4.283315304138592e-05,0.02617827396598007,0.003291006560961051,"[-0.04001940470092851, 1.927054644440314, -1.1594855537432496, -0.34162688701139093, 1.2769689729243838, 1.204786572892837, -0.06035565691833135, 1.4686096214874043, 1.0077210834958208]"
cube,283,/home/humanoid/Programs/hand/results/phase1/run_20260413_pollard_multiscene_500_cem/cube/generated_mjcf/scene_cube_tn0d0031p0d0201p0d0000_ip0d0055n0d0234p0d0000_mp0d0094p0d0053p0d0000.xml,phase1_generated_scene,True,0.012,2.0,2.0,2.0,2.923139256465718,0.0511831804865963,3.0,0.009443796232097566,0.3292297873397178,-0.0031127119824599214,0.02006981702162479,0.0,0.005466174877173833,-0.02337288165376357,0.0,0.009384004791361464,0.005280066378183639,0.0,"[-0.08337202103895916, 1.8605319144286032, -0.7166528214956971, -0.20232549634829014, 1.3752276270028914, 1.0099071845942287, -0.027513999795058437, 1.4670317022980226, 0.9865984519932638]"
cube,284,/home/humanoid/Programs/hand/results/phase1/run_20260413_pollard_multiscene_500_cem/cube/generated_mjcf/scene_cube_tp0d0022p0d0287p0d0000_ip0d0067n0d0176p0d0000_mp0d0210p0d0137p0d0074.xml,phase1_generated_scene,True,0.012,2.0,2.0,2.0,2.8984794504291655,0.04945623218863493,3.0,0.009298942808907999,0.09260527036827454,0.002212310947044818,0.02869211517064582,0.0,0.006708244949966628,-0.01764560311344707,0.0,0.021043563899319072,0.01369403107788724,0.007426207120405568,"[-0.08337202103895916, 1.8605319144286032, -0.7166528214956971, -0.20232549634829014, 1.3752276270028914, 1.0099071845942287, -0.027513999795058437, 1.4670317022980226, 0.9865984519932638]"
cube,285,/home/humanoid/Programs/hand/results/phase1/run_20260413_pollard_multiscene_500_cem/cube/generated_mjcf/scene_cube_tn0d0084p0d0191p0d0000_ip0d0129n0d0082p0d0000_mp0d0028p0d0260p0d0000.xml,sanity_phase1,False,0.012,2.0,0.0,2.0,2.134056037155854,0.04349865844284929,2.0,0.015172597777078384,1.0536787519314306,-0.008405726046085821,0.019073435037175346,0.0,0.012935896814125858,-0.00815431003527776,0.0,0.0027588733677943976,0.025973744589380045,0.0,"[-0.04001940470092851, 1.927054644440314, -1.1594855537432496, -0.34162688701139093, 1.2769689729243838, 1.204786572892837, -0.06035565691833135, 1.4686096214874043, 1.0077210834958208]"
cube,286,/home/humanoid/Programs/hand/results/phase1/run_20260413_pollard_multiscene_500_cem/cube/generated_mjcf/scene_cube_tn0d0090p0d0210p0d0000_ip0d0172n0d0077p0d0024_mn0d0016p0d0134p0d0013.xml,sanity_phase1,False,0.012,2.0,0.0,2.0,0.1180184634807447,0.004238073418663054,0.0,0.015157053086231054,6.170193404770342e-16,-0.009001236509937414,0.02100112448579263,0.0,0.01721810354913557,-0.0077228019599049815,0.0023983580415141703,-0.0016289059240286,0.013441268146257172,0.0012518988941378137,"[-0.04001940470092851, 1.927054644440314, -1.1594855537432496, -0.34162688701139093, 1.2769689729243838, 1.204786572892837, -0.06035565691833135, 1.4686096214874043, 1.0077210834958208]"
cube,287,/home/humanoid/Programs/hand/results/phase1/run_20260413_pollard_multiscene_500_cem/cube/generated_mjcf/scene_cube_tp0d0063p0d0162p0d0105_ip0d0087n0d0222p0d0000_mp0d0182p0d0078p0d0000.xml,sanity_phase1,True,0.012,2.0,2.0,2.0,2.855569130322151,0.05986024824195391,2.0,0.01096298650054711,0.11742390096761061,0.00633181775487205,0.016181871156262087,0.010455111243500573,0.008714684321061249,-0.022231677971918745,0.0,0.018187127618197026,0.007814269022686898,0.0,"[-0.04001940470092851, 1.927054644440314, -1.1594855537432496, -0.34162688701139093, 1.2769689729243838, 1.204786572892837, -0.06035565691833135, 1.4686096214874043, 1.0077210834958208]"
cube,288,/home/humanoid/Programs/hand/results/phase1/run_20260413_pollard_multiscene_500_cem/cube/generated_mjcf/scene_cube_tp0d0115p0d0098p0d0000_ip0d0085n0d0127p0d0012_mp0d0144p0d0127p0d0000.xml,sanity_phase1,True,0.012,2.0,2.0,2.0,3.0437410526968476,0.05460758132358611,3.0,0.009275261925706964,0.3264917985150171,0.011460868883163687,0.009762413078867424,0.0,0.008545145846799607,-0.012748572233989645,0.0011622812345442306,0.01444109386570142,0.01268352312304752,0.0,"[-0.04001940470092851, 1.927054644440314, -1.1594855537432496, -0.34162688701139093, 1.2769689729243838, 1.204786572892837, -0.06035565691833135, 1.4686096214874043, 1.0077210834958208]"
cube,289,/home/humanoid/Programs/hand/results/phase1/run_20260413_pollard_multiscene_500_cem/cube/generated_mjcf/scene_cube_tn0d0039p0d0085p0d0000_ip0d0189n0d0223p0d0000_mp0d0199p0d0232p0d0057.xml,phase1_generated_scene,False,0.012,2.0,0.0,2.0,1.0396912022271732,0.019105870974768506,1.0,0.014507138875316322,2.7593944823082906e-08,-0.003870887941646299,0.008510068425696645,2.147707110125921e-05,0.01885922406736481,-0.022279129763833748,0.0,0.01991354447765125,0.02322728882972728,0.005719401483067134,"[-0.08337202103895916, 1.8605319144286032, -0.7166528214956971, -0.20232549634829014, 1.3752276270028914, 1.0099071845942287, -0.027513999795058437, 1.4670317022980226, 0.9865984519932638]"
cube,290,/home/humanoid/Programs/hand/results/phase1/run_20260413_pollard_multiscene_500_cem/cube/generated_mjcf/scene_cube_tp0d0051p0d0082p0d0000_ip0d0193n0d0070p0d0000_mp0d0115p0d0182p0d0087.xml,phase1_generated_scene,False,0.012,2.0,0.0,2.0,-0.03266966372378873,1.1070311334293592e-13,0.0,0.016334831863831622,6.251934493974475e-16,0.005055008645931079,0.008185205435119115,0.0,0.01934739605709703,-0.006966878221227218,0.0,0.011454308082746533,0.01816028704682608,0.00872756449685435,"[-0.08337202103895916, 1.8605319144286032, -0.7166528214956971, -0.20232549634829014, 1.3752276270028914, 1.0099071845942287, -0.027513999795058437, 1.4670317022980226, 0.9865984519932638]"
cube,291,/home/humanoid/Programs/hand/results/phase1/run_20260413_pollard_multiscene_500_cem/cube/generated_mjcf/scene_cube_tp0d0012p0d0285p0d0057_ip0d0219n0d0161p0d0004_mp0d0131p0d0037p0d0009.xml,phase1_generated_scene,False,0.012,2.0,0.0,2.0,1.399157714968874,0.029187618307553797,1.0,0.011204462897491005,3.5112081078593516e-12,0.0011675607980005179,0.028504627364427576,0.005683773219259367,0.021921120502234,-0.0161110624862868,0.0003764815038989691,0.013144409882243904,0.003657131779178981,0.0009398724230132525,"[-0.08337202103895916, 1.8605319144286032, -0.7166528214956971, -0.20232549634829014, 1.3752276270028914, 1.0099071845942287, -0.027513999795058437, 1.4670317022980226, 0.9865984519932638]"
cube,292,/home/humanoid/Programs/hand/results/phase1/run_20260413_pollard_multiscene_500_cem/cube/generated_mjcf/scene_cube_tn0d0007p0d0147p0d0028_ip0d0153n0d0082p0d0098_mp0d0092p0d0204p0d0000.xml,phase1_generated_scene,False,0.012,2.0,0.0,2.0,1.4628775660979993,0.019740815811925286,2.0,0.014025493659652074,5.443016043488442e-13,-0.0007184741400830547,0.01468910288390311,0.002774784877777955,0.015310920802742338,-0.008214660937163899,0.009752546374078058,0.009160696680455747,0.02038979583550536,0.0,"[-0.08337202103895916, 1.8605319144286032, -0.7166528214956971, -0.20232549634829014, 1.3752276270028914, 1.0099071845942287, -0.027513999795058437, 1.4670317022980226, 0.9865984519932638]"
cube,293,/home/humanoid/Programs/hand/results/phase1/run_20260413_pollard_multiscene_500_cem/cube/generated_mjcf/scene_cube_tp0d0037p0d0112p0d0071_ip0d0175n0d0210p0d0102_mp0d0097p0d0252p0d0088.xml,sanity_phase1,False,0.012,2.0,0.0,2.0,2.1755062961767657,0.040271122525543886,2.0,0.0169914961085184,1.5569255845750508e-12,0.0036691643059410285,0.011168031677914055,0.0071035064157143404,0.0174874152173558,-0.020957483863618308,0.010198679753684964,0.009739292327807252,0.02521756734457692,0.008761185573953705,"[-0.04001940470092851, 1.927054644440314, -1.1594855537432496, -0.34162688701139093, 1.2769689729243838, 1.204786572892837, -0.06035565691833135, 1.4686096214874043, 1.0077210834958208]"
cube,294,/home/humanoid/Programs/hand/results/phase1/run_20260413_pollard_multiscene_500_cem/cube/generated_mjcf/scene_cube_tn0d0035p0d0255p0d0092_ip0d0220n0d0182p0d0069_mp0d0073p0d0049p0d0000.xml,sanity_phase1,False,0.012,2.0,0.0,2.0,1.2012572680713243,0.023847613812804935,1.0,0.01670460679740435,1.1880265050627521e-08,-0.00351831237667977,0.025495617737661246,0.009156647508028078,0.021974611422218154,-0.01821873944673156,0.006935634176224802,0.007288732641296144,0.00493313314308352,0.0,"[-0.04001940470092851, 1.927054644440314, -1.1594855537432496, -0.34162688701139093, 1.2769689729243838, 1.204786572892837, -0.06035565691833135, 1.4686096214874043, 1.0077210834958208]"
cube,295,/home/humanoid/Programs/hand/results/phase1/run_20260413_pollard_multiscene_500_cem/cube/generated_mjcf/scene_cube_tn0d0082p0d0253p0d0011_ip0d0016n0d0098p0d0000_mp0d0117p0d0116p0d0062.xml,sanity_phase1,True,0.012,2.0,2.0,2.0,2.9204450265508433,0.04978295369190168,3.0,0.009345700497426555,0.02177967780575047,-0.008178759147431179,0.025331847446003544,0.001087236685787342,0.0016476684369086982,-0.009787920706200234,0.0,0.011729520074112366,0.011553854061680871,0.006205224653234687,"[-0.04001940470092851, 1.927054644440314, -1.1594855537432496, -0.34162688701139093, 1.2769689729243838, 1.204786572892837, -0.06035565691833135, 1.4686096214874043, 1.0077210834958208]"
cube,296,/home/humanoid/Programs/hand/results/phase1/run_20260413_pollard_multiscene_500_cem/cube/generated_mjcf/scene_cube_tn0d0002p0d0278p0d0000_ip0d0077n0d0177p0d0046_mp0d0203p0d0050p0d0020.xml,phase1_generated_scene,True,0.012,2.0,2.0,2.0,2.8315646780074593,0.048062057097643045,3.0,0.009403888055144657,0.21199696199838636,-0.00015416017301602032,0.027773560750257678,0.0,0.007718942933178331,-0.017747004977604473,0.004648640008873196,0.02026589269461712,0.0049933181981731065,0.0020139967953742392,"[-0.08337202103895916, 1.8605319144286032, -0.7166528214956971, -0.20232549634829014, 1.3752276270028914, 1.0099071845942287, -0.027513999795058437, 1.4670317022980226, 0.9865984519932638]"
cube,297,/home/humanoid/Programs/hand/results/phase1/run_20260413_pollard_multiscene_500_cem/cube/generated_mjcf/scene_cube_tp0d0008p0d0282p0d0000_ip0d0131n0d0171p0d0028_mp0d0177p0d0061p0d0041.xml,phase1_generated_scene,True,0.012,2.0,2.0,2.0,2.9268400719035417,0.0514887833910293,3.0,0.009493085720741375,0.37520783560667287,0.000815779144444511,0.028211465826351836,0.0,0.013139347840734162,-0.01714673167083658,0.002803141927126355,0.0176961014806665,0.00614913157120987,0.0041202523988489136,"[-0.08337202103895916, 1.8605319144286032, -0.7166528214956971, -0.20232549634829014, 1.3752276270028914, 1.0099071845942287, -0.027513999795058437, 1.4670317022980226, 0.9865984519932638]"
cube,298,/home/humanoid/Programs/hand/results/phase1/run_20260413_pollard_multiscene_500_cem/cube/generated_mjcf/scene_cube_tn0d0092p0d0267p0d0005_ip0d0126n0d0147p0d0000_mp0d0023p0d0230p0d0000.xml,sanity_phase1,False,0.012,2.0,0.0,2.0,1.9361836287132634,0.048769679755778866,2.0,0.014153784539110517,3.6163172910718386,-0.009185210927350775,0.0267390675875718,0.0005237638250960661,0.012588960759808959,-0.014729614321042037,0.0,0.0022573238581196304,0.022973699460279016,0.0,"[-0.04001940470092851, 1.927054644440314, -1.1594855537432496, -0.34162688701139093, 1.2769689729243838, 1.204786572892837, -0.06035565691833135, 1.4686096214874043, 1.0077210834958208]"
cube,299,/home/humanoid/Programs/hand/results/phase1/run_20260413_pollard_multiscene_500_cem/cube/generated_mjcf/scene_cube_tp0d0025p0d0244p0d0000_ip0d0009n0d0205p0d0000_mp0d0095p0d0115p0d0000.xml,sanity_phase1,True,0.012,2.0,2.0,2.0,2.9162196767887743,0.04979258076369099,3.0,0.009043700241768116,0.05622166304582575,0.0024576653184970546,0.02444624310989508,0.0,0.0008936360140304918,-0.02048514239956397,0.0,0.009460658705404006,0.011545983898964985,0.0,"[-0.04001940470092851, 1.927054644440314, -1.1594855537432496, -0.34162688701139093, 1.2769689729243838, 1.204786572892837, -0.06035565691833135, 1.4686096214874043, 1.0077210834958208]"
cube,300,/home/humanoid/Programs/hand/results/phase1/run_20260413_pollard_multiscene_500_cem/cube/generated_mjcf/scene_cube_tp0d0094p0d0142p0d0000_ip0d0056n0d0181p0d0000_mp0d0037p0d0114p0d0014.xml,phase1_generated_scene,True,0.012,2.0,2.0,2.0,3.28415051739759,0.060070994554133866,3.0,0.009167145981826158,2.2295761685392488e-10,0.009431031573822978,0.014164555004429542,0.0,0.00556078548670369,-0.018113495420479627,0.0,0.0036790674553866948,0.011413671818710076,0.0013515823514384066,"[-0.08337202103895916, 1.8605319144286032, -0.7166528214956971, -0.20232549634829014, 1.3752276270028914, 1.0099071845942287, -0.027513999795058437, 1.4670317022980226, 0.9865984519932638]"
cube,301,/home/humanoid/Programs/hand/results/phase1/run_20260413_pollard_multiscene_500_cem/cube/generated_mjcf/scene_cube_tn0d0104p0d0096p0d0000_ip0d0086n0d0117p0d0000_mn0d0013p0d0246p0d0000.xml,sanity_phase1,False,0.012,2.0,0.0,2.0,0.9984105431072221,0.01819812412096643,1.0,0.01926190056193523,1.8217161209737304e-11,-0.010382832062159196,0.009638444673624548,0.0,0.008577721457837703,-0.011651469081633956,0.0,-0.0013082337057049656,0.024552623259387223,0.0,"[-0.04001940470092851, 1.927054644440314, -1.1594855537432496, -0.34162688701139093, 1.2769689729243838, 1.204786572892837, -0.06035565691833135, 1.4686096214874043, 1.0077210834958208]"
cube,302,/home/humanoid/Programs/hand/results/phase1/run_20260413_pollard_multiscene_500_cem/cube/generated_mjcf/scene_cube_tp0d0000p0d0103p0d0000_ip0d0142n0d0186p0d0027_mp0d0106p0d0161p0d0096.xml,sanity_phase1,False,0.012,2.0,0.0,2.0,-0.0329727321064165,3.3304261085054243e-10,0.0,0.016486371881453892,6.038866696991119e-16,1.52762690730536e-05,0.010318728597676494,0.0,0.014179465942471577,-0.018579129172113917,0.0026778249323777814,0.010603298595188203,0.01606071650706425,0.009598355773355983,"[-0.04001940470092851, 1.927054644440314, -1.1594855537432496, -0.34162688701139093, 1.2769689729243838, 1.204786572892837, -0.06035565691833135, 1.4686096214874043, 1.0077210834958208]"
cube,303,/home/humanoid/Programs/hand/results/phase1/run_20260413_pollard_multiscene_500_cem/cube/generated_mjcf/scene_cube_tn0d0006p0d0299p0d0024_ip0d0158n0d0130p0d0032_mp0d0196p0d0175p0d0047.xml,phase1_generated_scene,True,0.012,2.0,2.0,2.0,3.06283555412169,0.05434386433510545,3.0,0.009545528289728433,0.13405760685029397,-0.0006492769847098907,0.02993058211149897,0.0024320889008549503,0.015814892357657186,-0.012996192315159852,0.0032236038815142646,0.01957732412686703,0.017459229331558596,0.004744712311283861,"[-0.08337202103895916, 1.8605319144286032, -0.7166528214956971, -0.20232549634829014, 1.3752276270028914, 1.0099071845942287, -0.027513999795058437, 1.4670317022980226, 0.9865984519932638]"
cube,304,/home/humanoid/Programs/hand/results/phase1/run_20260413_pollard_multiscene_500_cem/cube/generated_mjcf/scene_cube_tn0d0073p0d0099p0d0109_ip0d0024n0d0168p0d0000_mp0d0176p0d0104p0d0000.xml,sanity_phase1,True,0.012,2.0,2.0,2.0,2.87398130134656,0.06160788849986343,2.0,0.010309883228621948,0.4111668646094453,-0.007345071008401084,0.009886281658711714,0.010869095264022344,0.0023958161156247305,-0.016778462015203797,0.0,0.017608854890141502,0.010419729150589387,0.0,"[-0.04001940470092851, 1.927054644440314, -1.1594855537432496, -0.34162688701139093, 1.2769689729243838, 1.204786572892837, -0.06035565691833135, 1.4686096214874043, 1.0077210834958208]"
cube,305,/home/humanoid/Programs/hand/results/phase1/run_20260413_pollard_multiscene_500_cem/cube/generated_mjcf/scene_cube_tn0d0017p0d0278p0d0000_ip0d0108n0d0074p0d0000_mp0d0189p0d0124p0d0050.xml,phase1_generated_scene,True,0.012,2.0,2.0,2.0,2.894167952682817,0.04932108473114022,3.0,0.009366994817356561,0.08890682181585072,-0.0017408261094735249,0.02780418736313567,0.0,0.010806585740967002,-0.007403030916256078,0.0,0.018940815263508597,0.012449759166334423,0.004967160545407856,"[-0.08337202103895916, 1.8605319144286032, -0.7166528214956971, -0.20232549634829014, 1.3752276270028914, 1.0099071845942287, -0.027513999795058437, 1.4670317022980226, 0.9865984519932638]"
cube,306,/home/humanoid/Programs/hand/results/phase1/run_20260413_pollard_multiscene_500_cem/cube/generated_mjcf/scene_cube_tn0d0079p0d0113p0d0032_ip0d0083n0d0113p0d0028_mp0d0048p0d0150p0d0082.xml,phase1_generated_scene,False,0.012,2.0,0.0,2.0,0.9841439738951618,0.01744676544059168,1.0,0.013246408259111586,4.882529126298689e-11,-0.007949520028345206,0.011271730882256381,0.0032166078755245537,0.008321369537602857,-0.011341325591897251,0.002798662953598284,0.004750780215009746,0.015028930993629836,0.008184510983442563,"[-0.08337202103895916, 1.8605319144286032, -0.7166528214956971, -0.20232549634829014, 1.3752276270028914, 1.0099071845942287, -0.027513999795058437, 1.4670317022980226, 0.9865984519932638]"
cube,307,/home/humanoid/Programs/hand/results/phase1/run_20260413_pollard_multiscene_500_cem/cube/generated_mjcf/scene_cube_tn0d0098p0d0217p0d0079_in0d0015n0d0071p0d0000_mp0d0060p0d0034p0d0000.xml,phase1_generated_scene,True,0.012,2.0,1.0,2.0,2.2356200335347993,0.0441516820190825,2.0,0.011515812175065985,0.5777147518863722,-0.009827285635849593,0.02170943168948314,0.007877523590710374,-0.0015025136139426767,-0.007128947369585482,0.0,0.005975776518227791,0.0033902886812089104,0.0,"[-0.08337202103895916, 1.8605319144286032, -0.7166528214956971, -0.20232549634829014, 1.3752276270028914, 1.0099071845942287, -0.027513999795058437, 1.4670317022980226, 0.9865984519932638]"
cube,308,/home/humanoid/Programs/hand/results/phase1/run_20260413_pollard_multiscene_500_cem/cube/generated_mjcf/scene_cube_tp0d0080p0d0099p0d0100_ip0d0083n0d0124p0d0000_mp0d0204p0d0081p0d0067.xml,phase1_generated_scene,True,0.012,2.0,2.0,2.0,2.2740015619164855,0.04336646395349649,2.0,0.01011985935449893,0.1572330516459605,0.008045744352287637,0.009924409482811916,0.010004463148808145,0.008321769141601697,-0.012432880866341435,0.0,0.020448835772659782,0.008050915200431705,0.006698114743253256,"[-0.08337202103895916, 1.8605319144286032, -0.7166528214956971, -0.20232549634829014, 1.3752276270028914, 1.0099071845942287, -0.027513999795058437, 1.4670317022980226, 0.9865984519932638]"
cube,309,/home/humanoid/Programs/hand/results/phase1/run_20260413_pollard_multiscene_500_cem/cube/generated_mjcf/scene_cube_tp0d0006p0d0156p0d0043_ip0d0170n0d0032p0d0000_mn0d0016p0d0098p0d0000.xml,phase1_generated_scene,False,0.012,2.0,0.0,2.0,-0.052146969982099466,6.842790223338113e-14,0.0,0.026073484992247136,1.146448223796951e-15,0.0006324874825023377,0.015565669750556,0.004280500788737374,0.01702967036535663,-0.003212690244973523,0.0,-0.0015568809700233412,0.009816366677282138,0.0,"[-0.08337202103895916, 1.8605319144286032, -0.7166528214956971, -0.20232549634829014, 1.3752276270028914, 1.0099071845942287, -0.027513999795058437, 1.4670317022980226, 0.9865984519932638]"
cube,310,/home/humanoid/Programs/hand/results/phase1/run_20260413_pollard_multiscene_500_cem/cube/generated_mjcf/scene_cube_tn0d0056p0d0125p0d0000_ip0d0155n0d0157p0d0021_mp0d0112p0d0229p0d0040.xml,phase1_generated_scene,False,0.012,2.0,0.0,2.0,1.108468489934163,0.02103424562975353,1.0,0.013865053487226118,8.850563513291126e-10,-0.005563163096960496,0.012532759528698492,0.0,0.015543933693043676,-0.01568055041769157,0.002085027202804091,0.011231695665054458,0.022883577377717644,0.003994476460303192,"[-0.08337202103895916, 1.8605319144286032, -0.7166528214956971, -0.20232549634829014, 1.3752276270028914, 1.0099071845942287, -0.027513999795058437, 1.4670317022980226, 0.9865984519932638]"
cube,311,/home/humanoid/Programs/hand/results/phase1/run_20260413_pollard_multiscene_500_cem/cube/generated_mjcf/scene_cube_tp0d0077p0d0213p0d0000_ip0d0067n0d0177p0d0000_mp0d0136p0d0232p0d0066.xml,phase1_generated_scene,True,0.012,2.0,2.0,2.0,2.9053108609489113,0.049508467273101125,3.0,0.009036084578226683,0.06275549635449972,0.007722806132150154,0.0212672107537325,0.0,0.006708439125286188,-0.01768278883160991,0.0,0.013597774653776856,0.02318175674415248,0.006585795630331487,"[-0.08337202103895916, 1.8605319144286032, -0.7166528214956971, -0.20232549634829014, 1.3752276270028914, 1.0099071845942287, -0.027513999795058437, 1.4670317022980226, 0.9865984519932638]"
cube,312,/home/humanoid/Programs/hand/results/phase1/run_20260413_pollard_multiscene_500_cem/cube/generated_mjcf/scene_cube_tn0d0047p0d0189p0d0000_ip0d0068n0d0135p0d0117_mn0d0001p0d0131p0d0100.xml,phase1_generated_scene,True,0.012,2.0,2.0,2.0,2.1499710345522463,0.03919316328180794,2.0,0.010894840155506609,1.232235762063272e-13,-0.004651619836714396,0.01889458981639476,0.0,0.006801718080759659,-0.013513747501689115,0.011741231741499061,-6.2609699756749e-05,0.013108661014776889,0.009980013606161506,"[-0.08337202103895916, 1.8605319144286032, -0.7166528214956971, -0.20232549634829014, 1.3752276270028914, 1.0099071845942287, -0.027513999795058437, 1.4670317022980226, 0.9865984519932638]"
cube,313,/home/humanoid/Programs/hand/results/phase1/run_20260413_pollard_multiscene_500_cem/cube/generated_mjcf/scene_cube_tp0d0019p0d0166p0d0062_ip0d0215n0d0063p0d0099_mp0d0115p0d0105p0d0000.xml,phase1_generated_scene,False,0.012,2.0,0.0,2.0,-0.032784582635755746,1.177893407811048e-10,0.0,0.016392293379191288,6.420301148090927e-16,0.00188150996737463,0.016611986811592466,0.006167499459807459,0.021545797553132913,-0.0062979771976450025,0.009870655241977857,0.011538791927578068,0.010523092295829746,0.0,"[-0.08337202103895916, 1.8605319144286032, -0.7166528214956971, -0.20232549634829014, 1.3752276270028914, 1.0099071845942287, -0.027513999795058437, 1.4670317022980226, 0.9865984519932638]"
cube,314,/home/humanoid/Programs/hand/results/phase1/run_20260413_pollard_multiscene_500_cem/cube/generated_mjcf/scene_cube_tp0d0106p0d0127p0d0071_ip0d0123n0d0145p0d0000_mn0d0016p0d0250p0d0015.xml,phase1_generated_scene,False,0.012,2.0,0.0,2.0,1.449310279153797,0.04765053428416284,2.0,0.014926379137639357,6.5907044167774895,0.010622972902620723,0.012664110679653057,0.0070910251678643135,0.01225325458228169,-0.014536863541682501,0.0,-0.0016097669568859666,0.025039082473460206,0.001512354160861356,"[-0.08337202103895916, 1.8605319144286032, -0.7166528214956971, -0.20232549634829014, 1.3752276270028914, 1.0099071845942287, -0.027513999795058437, 1.4670317022980226, 0.9865984519932638]"
cube,315,/home/humanoid/Programs/hand/results/phase1/run_20260413_pollard_multiscene_500_cem/cube/generated_mjcf/scene_cube_tp0d0064p0d0238p0d0094_ip0d0005n0d0077p0d0049_mp0d0093p0d0079p0d0000.xml,sanity_phase1,True,0.012,2.0,2.0,2.0,2.9051918537500816,0.049526564776864235,3.0,0.00904068895545075,0.06771023686177205,0.0064418262025862545,0.02382512857639519,0.00940930945286447,0.00048046698538742154,-0.007686655858078829,0.0048819928150873465,0.009300887477728203,0.007930482920113783,0.0,"[-0.04001940470092851, 1.927054644440314, -1.1594855537432496, -0.34162688701139093, 1.2769689729243838, 1.204786572892837, -0.06035565691833135, 1.4686096214874043, 1.0077210834958208]"
cube,316,/home/humanoid/Programs/hand/results/phase1/run_20260413_pollard_multiscene_500_cem/cube/generated_mjcf/scene_cube_tn0d0115p0d0253p0d0117_ip0d0184n0d0124p0d0051_mp0d0057p0d0116p0d0000.xml,sanity_phase1,False,0.012,2.0,0.0,2.0,2.1963703720530083,0.04086918496904027,2.0,0.0170255449508214,7.974505481489424e-08,-0.01153915658107725,0.02525757396028391,0.011696646168133377,0.01838982063075531,-0.012416862666044394,0.0051363310784403,0.005702156030744071,0.011579754501194703,0.0,"[-0.04001940470092851, 1.927054644440314, -1.1594855537432496, -0.34162688701139093, 1.2769689729243838, 1.204786572892837, -0.06035565691833135, 1.4686096214874043, 1.0077210834958208]"
cube,317,/home/humanoid/Programs/hand/results/phase1/run_20260413_pollard_multiscene_500_cem/cube/generated_mjcf/scene_cube_tp0d0067p0d0165p0d0025_ip0d0171n0d0020p0d0048_mp0d0109p0d0229p0d0000.xml,sanity_phase1,False,0.012,2.0,0.0,2.0,1.1432583560458438,0.03985267811965463,2.0,0.012397170674372024,6.8452735786221615,0.00669673489646572,0.016497317630039653,0.002456004933970593,0.017054913832154163,-0.00197590730264491,0.004771513838172623,0.01091378149096391,0.022875321539631142,0.0,"[-0.04001940470092851, 1.927054644440314, -1.1594855537432496, -0.34162688701139093, 1.2769689729243838, 1.204786572892837, -0.06035565691833135, 1.4686096214874043, 1.0077210834958208]"
cube,318,/home/humanoid/Programs/hand/results/phase1/run_20260413_pollard_multiscene_500_cem/cube/generated_mjcf/scene_cube_tn0d0008p0d0285p0d0000_ip0d0181n0d0055p0d0113_mp0d0049p0d0175p0d0094.xml,phase1_generated_scene,False,0.012,2.0,0.0,2.0,0.3747693235627423,0.039781090418690115,2.0,0.012344304181428026,11.952534884857037,-0.0007991071536155043,0.028521730512058856,0.0,0.018104248858999188,-0.0055495038070125634,0.011304519771684587,0.004939634569660372,0.01750550322546427,0.00944290843747896,"[-0.08337202103895916, 1.8605319144286032, -0.7166528214956971, -0.20232549634829014, 1.3752276270028914, 1.0099071845942287, -0.027513999795058437, 1.4670317022980226, 0.9865984519932638]"
cube,319,/home/humanoid/Programs/hand/results/phase1/run_20260413_pollard_multiscene_500_cem/cube/generated_mjcf/scene_cube_tn0d0114p0d0278p0d0076_ip0d0136n0d0104p0d0110_mp0d0075p0d0127p0d0000.xml,phase1_generated_scene,False,0.012,2.0,0.0,2.0,2.093461186786055,0.03768702860644821,2.0,0.012792407192619011,3.626297867792571e-10,-0.011445896831030486,0.027757158118331206,0.007576657359126732,0.013615579827387526,-0.010422462196609672,0.010966467574557982,0.007487582063668523,0.012685536033825195,0.0,"[-0.08337202103895916, 1.8605319144286032, -0.7166528214956971, -0.20232549634829014, 1.3752276270028914, 1.0099071845942287, -0.027513999795058437, 1.4670317022980226, 0.9865984519932638]"
cube,320,/home/humanoid/Programs/hand/results/phase1/run_20260413_pollard_multiscene_500_cem/cube/generated_mjcf/scene_cube_tp0d0001p0d0249p0d0000_ip0d0084n0d0198p0d0012_mp0d0031p0d0182p0d0115.xml,sanity_phase1,True,0.012,2.0,2.0,2.0,2.9133581557166455,0.04963739772014664,3.0,0.009162098030065246,0.037510456189042536,8.954728212805067e-05,0.024914219423403595,0.0,0.008395253473563848,-0.019782085431134792,0.001188773655904564,0.003118490355633805,0.01823278586840313,0.011516234631798659,"[-0.04001940470092851, 1.927054644440314, -1.1594855537432496, -0.34162688701139093, 1.2769689729243838, 1.204786572892837, -0.06035565691833135, 1.4686096214874043, 1.0077210834958208]"
cube,321,/home/humanoid/Programs/hand/results/phase1/run_20260413_pollard_multiscene_500_cem/cube/generated_mjcf/scene_cube_tn0d0013p0d0117p0d0118_ip0d0074n0d0123p0d0090_mp0d0150p0d0145p0d0087.xml,sanity_phase1,True,0.012,2.0,2.0,2.0,2.909458685790163,0.06087920912863601,2.0,0.01065681677430569,1.0899001074029259e-09,-0.001308658303988297,0.011653899807619073,0.011821212937761724,0.007362602192389317,-0.012304450227773395,0.008964639002801485,0.015002142222784778,0.014468169728742031,0.008710735090992145,"[-0.04001940470092851, 1.927054644440314, -1.1594855537432496, -0.34162688701139093, 1.2769689729243838, 1.204786572892837, -0.06035565691833135, 1.4686096214874043, 1.0077210834958208]"
cube,322,/home/humanoid/Programs/hand/results/phase1/run_20260413_pollard_multiscene_500_cem/cube/generated_mjcf/scene_cube_tn0d0060p0d0124p0d0036_ip0d0072n0d0115p0d0060_mp0d0093p0d0259p0d0000.xml,sanity_phase1,False,0.012,2.0,0.0,2.0,2.1595608568322904,0.03987063456244597,2.0,0.013238229548042787,0.06289929171488881,-0.006037883019561673,0.012360607789034299,0.003646154238670103,0.007169802234934061,-0.011463664595349612,0.0060301678899676615,0.009329889980337522,0.025854569144246775,0.0,"[-0.04001940470092851, 1.927054644440314, -1.1594855537432496, -0.34162688701139093, 1.2769689729243838, 1.204786572892837, -0.06035565691833135, 1.4686096214874043, 1.0077210834958208]"
cube,323,/home/humanoid/Programs/hand/results/phase1/run_20260413_pollard_multiscene_500_cem/cube/generated_mjcf/scene_cube_tp0d0081p0d0269p0d0000_ip0d0112n0d0055p0d0000_mp0d0096p0d0212p0d0087.xml,sanity_phase1,True,0.012,2.0,2.0,2.0,2.929659513384613,0.049999070672850664,3.0,0.008978551408563497,0.01567238232022215,0.00813622723758739,0.02693502410071081,0.0,0.01122972183519072,-0.005485220463176647,0.0,0.009644899104903461,0.021191839480777783,0.008677349853667724,"[-0.04001940470092851, 1.927054644440314, -1.1594855537432496, -0.34162688701139093, 1.2769689729243838, 1.204786572892837, -0.06035565691833135, 1.4686096214874043, 1.0077210834958208]"
cube,324,/home/humanoid/Programs/hand/results/phase1/run_20260413_pollard_multiscene_500_cem/cube/generated_mjcf/scene_cube_tn0d0026p0d0281p0d0075_ip0d0008n0d0082p0d0078_mp0d0181p0d0133p0d0000.xml,phase1_generated_scene,True,0.012,2.0,2.0,2.0,2.906916100441102,0.04942009959065605,3.0,0.009385443993628556,0.026776648297352636,-0.0025535037194383426,0.028090796303613122,0.007496013422198744,0.0008469494520518955,-0.008247890943094081,0.007770600095958501,0.018089058927950784,0.013335725450952287,0.0,"[-0.08337202103895916, 1.8605319144286032, -0.7166528214956971, -0.20232549634829014, 1.3752276270028914, 1.0099071845942287, -0.027513999795058437, 1.4670317022980226, 0.9865984519932638]"
cube,325,/home/humanoid/Programs/hand/results/phase1/run_20260413_pollard_multiscene_500_cem/cube/generated_mjcf/scene_cube_tn0d0079p0d0285p0d0000_ip0d0173n0d0097p0d0000_mp0d0081p0d0227p0d0089.xml,sanity_phase1,True,0.012,2.0,1.0,2.0,0.8619639335766209,0.03996533134739766,2.0,0.010971095797030561,8.765869813254909,-0.007900998183171592,0.028461975548615688,0.0,0.0173396267945565,-0.009702377578495812,0.0,0.008072663714616258,0.022662028751065037,0.00888291847390046,"[-0.04001940470092851, 1.927054644440314, -1.1594855537432496, -0.34162688701139093, 1.2769689729243838, 1.204786572892837, -0.06035565691833135, 1.4686096214874043, 1.0077210834958208]"
cube,326,/home/humanoid/Programs/hand/results/phase1/run_20260413_pollard_multiscene_500_cem/cube/generated_mjcf/scene_cube_tn0d0035p0d0267p0d0000_ip0d0107n0d0210p0d0111_mp0d0148p0d0118p0d0111.xml,phase1_generated_scene,True,0.012,2.0,1.0,2.0,3.1301704022808687,0.05766904831179798,3.0,0.009630622572460319,0.4599002899142678,-0.003533623127589605,0.026731347887872518,0.0,0.010690380991547288,-0.020978203527313694,0.011098976169596233,0.014760888567753044,0.011807899356923335,0.011073309227867714,"[-0.08337202103895916, 1.8605319144286032, -0.7166528214956971, -0.20232549634829014, 1.3752276270028914, 1.0099071845942287, -0.027513999795058437, 1.4670317022980226, 0.9865984519932638]"
cube,327,/home/humanoid/Programs/hand/results/phase1/run_20260413_pollard_multiscene_500_cem/cube/generated_mjcf/scene_cube_tn0d0096p0d0188p0d0000_ip0d0218n0d0222p0d0007_mp0d0033p0d0200p0d0000.xml,sanity_phase1,False,0.012,2.0,0.0,2.0,1.0950213066909464,0.03920714248222765,2.0,0.018524813957159752,6.934527015151347,-0.009595366623260122,0.01878011746178313,0.0,0.021818345211544216,-0.022176840567284622,0.0006623215727734454,0.003348031358619709,0.0199913049273912,0.0,"[-0.04001940470092851, 1.927054644440314, -1.1594855537432496, -0.34162688701139093, 1.2769689729243838, 1.204786572892837, -0.06035565691833135, 1.4686096214874043, 1.0077210834958208]"
cube,328,/home/humanoid/Programs/hand/results/phase1/run_20260413_pollard_multiscene_500_cem/cube/generated_mjcf/scene_cube_tp0d0085p0d0252p0d0063_ip0d0056n0d0205p0d0000_mn0d0011p0d0091p0d0027.xml,sanity_phase1,True,0.012,2.0,2.0,2.0,2.9056421452302668,0.0494469753557975,3.0,0.008899175950899799,0.048024268805642575,0.008470483460705676,0.025186874191919954,0.00627082810878353,0.005553166882678232,-0.02054841864137812,0.0,-0.001101369602705099,0.009143494418454811,0.0027429297867117373,"[-0.04001940470092851, 1.927054644440314, -1.1594855537432496, -0.34162688701139093, 1.2769689729243838, 1.204786572892837, -0.06035565691833135, 1.4686096214874043, 1.0077210834958208]"
cube,329,/home/humanoid/Programs/hand/results/phase1/run_20260413_pollard_multiscene_500_cem/cube/generated_mjcf/scene_cube_tn0d0072p0d0089p0d0015_ip0d0167n0d0198p0d0102_mp0d0062p0d0160p0d0032.xml,phase1_generated_scene,False,0.012,2.0,0.0,2.0,1.0262346768831945,0.01898891837445375,1.0,0.019188733064816763,6.203539649397778e-10,-0.0071564242006762905,0.00892790557378054,0.001520985217539749,0.016732199478996186,-0.019760480751055125,0.010155262375305212,0.0062015232466851675,0.01602870792153597,0.003191581378922779,"[-0.08337202103895916, 1.8605319144286032, -0.7166528214956971, -0.20232549634829014, 1.3752276270028914, 1.0099071845942287, -0.027513999795058437, 1.4670317022980226, 0.9865984519932638]"
cube,330,/home/humanoid/Programs/hand/results/phase1/run_20260413_pollard_multiscene_500_cem/cube/generated_mjcf/scene_cube_tp0d0012p0d0220p0d0000_ip0d0100n0d0063p0d0000_mp0d0203p0d0048p0d0067.xml,sanity_phase1,True,0.012,2.0,2.0,2.0,3.1301590701340967,0.056176428420796023,3.0,0.00952468333455993,0.113110386164296,0.0011619052935394787,0.02198154952224422,0.0,0.010006750836922313,-0.00630390758965616,0.0,0.020289449585461555,0.00482267330029755,0.0067198073775174595,"[-0.04001940470092851, 1.927054644440314, -1.1594855537432496, -0.34162688701139093, 1.2769689729243838, 1.204786572892837, -0.06035565691833135, 1.4686096214874043, 1.0077210834958208]"
cube,331,/home/humanoid/Programs/hand/results/phase1/run_20260413_pollard_multiscene_500_cem/cube/generated_mjcf/scene_cube_tn0d0027p0d0150p0d0084_ip0d0177n0d0097p0d0000_mp0d0170p0d0069p0d0000.xml,phase1_generated_scene,False,0.012,2.0,0.0,2.0,1.2071379550939667,0.023745014394924165,1.0,0.011968774364187135,3.046466848567549e-14,-0.002713056137300246,0.015047473530995125,0.008388906810753879,0.017701611177966994,-0.009731410258570987,0.0,0.016950502084496825,0.006916460763485068,0.0,"[-0.08337202103895916, 1.8605319144286032, -0.7166528214956971, -0.20232549634829014, 1.3752276270028914, 1.0099071845942287, -0.027513999795058437, 1.4670317022980226, 0.9865984519932638]"
cube,332,/home/humanoid/Programs/hand/results/phase1/run_20260413_pollard_multiscene_500_cem/cube/generated_mjcf/scene_cube_tn0d0019p0d0118p0d0000_ip0d0068n0d0209p0d0000_mp0d0212p0d0050p0d0000.xml,phase1_generated_scene,True,0.012,2.0,2.0,2.0,2.412341753996142,0.046730087344189854,2.0,0.011605651523192028,2.7458937413631463e-11,-0.001889452119322092,0.01181647096069391,0.0,0.006823353134024076,-0.02085869245877052,0.0,0.02117244026049945,0.004950164100262918,0.0,"[-0.08337202103895916, 1.8605319144286032, -0.7166528214956971, -0.20232549634829014, 1.3752276270028914, 1.0099071845942287, -0.027513999795058437, 1.4670317022980226, 0.9865984519932638]"
cube,333,/home/humanoid/Programs/hand/results/phase1/run_20260413_pollard_multiscene_500_cem/cube/generated_mjcf/scene_cube_tp0d0112p0d0300p0d0000_ip0d0005n0d0097p0d0000_mp0d0208p0d0064p0d0067.xml,phase1_generated_scene,True,0.012,2.0,2.0,2.0,2.913347311858583,0.04955028294886689,3.0,0.008880537850252666,0.02101010434168746,0.011202755167296092,0.03,0.0,0.0004669455567414202,-0.009692153771668413,0.0,0.020849368803635138,0.006380048934200433,0.00667720340698667,"[-0.08337202103895916, 1.8605319144286032, -0.7166528214956971, -0.20232549634829014, 1.3752276270028914, 1.0099071845942287, -0.027513999795058437, 1.4670317022980226, 0.9865984519932638]"
cube,334,/home/humanoid/Programs/hand/results/phase1/run_20260413_pollard_multiscene_500_cem/cube/generated_mjcf/scene_cube_tn0d0114p0d0130p0d0000_ip0d0019n0d0052p0d0000_mp0d0091p0d0064p0d0066.xml,phase1_generated_scene,True,0.012,2.0,2.0,2.0,2.761643106027733,0.04548320345523781,3.0,0.009434997387886807,0.07599346753211288,-0.01140397248650568,0.012983670777011624,0.0,0.0019462550481140154,-0.005220710672423688,0.0,0.009057911829031907,0.006404210442186477,0.006624372677912969,"[-0.08337202103895916, 1.8605319144286032, -0.7166528214956971, -0.20232549634829014, 1.3752276270028914, 1.0099071845942287, -0.027513999795058437, 1.4670317022980226, 0.9865984519932638]"
cube,335,/home/humanoid/Programs/hand/results/phase1/run_20260413_pollard_multiscene_500_cem/cube/generated_mjcf/scene_cube_tp0d0041p0d0092p0d0000_ip0d0130n0d0142p0d0000_mp0d0131p0d0245p0d0000.xml,sanity_phase1,True,0.012,2.0,1.0,2.0,2.157628893945426,0.039367257262536065,2.0,0.010112555121479573,2.515131010971212e-12,0.004110510184092569,0.009176057139934891,0.0,0.012993713209620113,-0.014159849786857314,0.0,0.013111717987378804,0.02452268766556777,0.0,"[-0.04001940470092851, 1.927054644440314, -1.1594855537432496, -0.34162688701139093, 1.2769689729243838, 1.204786572892837, -0.06035565691833135, 1.4686096214874043, 1.0077210834958208]"
cube,336,/home/humanoid/Programs/hand/results/phase1/run_20260413_pollard_multiscene_500_cem/cube/generated_mjcf/scene_cube_tn0d0066p0d0208p0d0023_ip0d0030n0d0067p0d0010_mp0d0138p0d0142p0d0000.xml,sanity_phase1,True,0.012,2.0,2.0,2.0,2.9450118337354185,0.05092866213381443,3.0,0.009332396363151576,0.12551032147855817,-0.006642095641111072,0.02081411063117996,0.002308337593864543,0.0030298237844472537,-0.0067284737315375116,0.0010158043909346739,0.013761813687847584,0.014173649887952638,0.0,"[-0.04001940470092851, 1.927054644440314, -1.1594855537432496, -0.34162688701139093, 1.2769689729243838, 1.204786572892837, -0.06035565691833135, 1.4686096214874043, 1.0077210834958208]"
cube,337,/home/humanoid/Programs/hand/results/phase1/run_20260413_pollard_multiscene_500_cem/cube/generated_mjcf/scene_cube_tn0d0070p0d0294p0d0000_ip0d0040n0d0156p0d0114_mp0d0112p0d0068p0d0081.xml,sanity_phase1,True,0.012,2.0,2.0,2.0,2.8466957689239356,0.05972932988506917,2.0,0.01028278710615143,0.1551013522745493,-0.006956747186821582,0.029398900065403025,0.0,0.003984885547102787,-0.015574913925978328,0.01135327078186936,0.0112451678372824,0.00680799543957882,0.00814876798180321,"[-0.04001940470092851, 1.927054644440314, -1.1594855537432496, -0.34162688701139093, 1.2769689729243838, 1.204786572892837, -0.06035565691833135, 1.4686096214874043, 1.0077210834958208]"
cube,338,/home/humanoid/Programs/hand/results/phase1/run_20260413_pollard_multiscene_500_cem/cube/generated_mjcf/scene_cube_tn0d0050p0d0085p0d0056_ip0d0211n0d0028p0d0000_mp0d0091p0d0079p0d0000.xml,phase1_generated_scene,False,0.012,2.0,0.0,2.0,1.0472529106634263,0.019460791490071433,1.0,0.01693739574453515,2.3677322618443188e-14,-0.005031818470075887,0.008502763393004273,0.00557479513561333,0.02107996123916827,-0.002824361587778884,0.0,0.009085392487968063,0.007881064450959579,0.0,"[-0.08337202103895916, 1.8605319144286032, -0.7166528214956971, -0.20232549634829014, 1.3752276270028914, 1.0099071845942287, -0.027513999795058437, 1.4670317022980226, 0.9865984519932638]"
cube,339,/home/humanoid/Programs/hand/results/phase1/run_20260413_pollard_multiscene_500_cem/cube/generated_mjcf/scene_cube_tn0d0075p0d0268p0d0000_ip0d0212n0d0117p0d0017_mp0d0169p0d0196p0d0087.xml,sanity_phase1,False,0.012,2.0,0.0,2.0,2.0704603420564576,0.037054949901864476,2.0,0.013231452254342344,7.648329235693989e-13,-0.007505012447623186,0.026817010391516204,0.0,0.021180726780211788,-0.011701865470623995,0.0017297003294388935,0.01690814857663346,0.019635980232701793,0.008694664916698357,"[-0.04001940470092851, 1.927054644440314, -1.1594855537432496, -0.34162688701139093, 1.2769689729243838, 1.204786572892837, -0.06035565691833135, 1.4686096214874043, 1.0077210834958208]"
cube,340,/home/humanoid/Programs/hand/results/phase1/run_20260413_pollard_multiscene_500_cem/cube/generated_mjcf/scene_cube_tn0d0089p0d0199p0d0011_ip0d0006n0d0067p0d0000_mp0d0129p0d0240p0d0050.xml,sanity_phase1,True,0.012,2.0,2.0,2.0,2.9193368337072783,0.04976512513518652,3.0,0.009323844283580478,0.02529904971392571,-0.008943930668215156,0.019893443515087306,0.0011394523105425092,0.0006194110623995754,-0.0067171175287213895,0.0,0.0128836743692138,0.024020869251295048,0.005002433427568752,"[-0.04001940470092851, 1.927054644440314, -1.1594855537432496, -0.34162688701139093, 1.2769689729243838, 1.204786572892837, -0.06035565691833135, 1.4686096214874043, 1.0077210834958208]"
cube,341,/home/humanoid/Programs/hand/results/phase1/run_20260413_pollard_multiscene_500_cem/cube/generated_mjcf/scene_cube_tp0d0065p0d0150p0d0000_ip0d0202n0d0150p0d0000_mp0d0011p0d0194p0d0000.xml,sanity_phase1,False,0.012,2.0,0.0,2.0,1.3594298232790296,0.03962161430964075,2.0,0.014777224734632222,5.318481520594216,0.006507212909486602,0.015027581047463462,0.0,0.020156862280520417,-0.01496351955724431,0.0,0.0011219360405519772,0.01935862038652124,0.0,"[-0.04001940470092851, 1.927054644440314, -1.1594855537432496, -0.34162688701139093, 1.2769689729243838, 1.204786572892837, -0.06035565691833135, 1.4686096214874043, 1.0077210834958208]"
cube,342,/home/humanoid/Programs/hand/results/phase1/run_20260413_pollard_multiscene_500_cem/cube/generated_mjcf/scene_cube_tn0d0081p0d0289p0d0000_ip0d0121n0d0179p0d0000_mp0d0200p0d0219p0d0064.xml,phase1_generated_scene,True,0.012,2.0,2.0,2.0,2.328986253025524,0.045063241619559186,2.0,0.010350819875372452,0.18350375938868238,-0.008051427805028825,0.02886692052460529,0.0,0.012141767184511945,-0.01791190965341013,0.0,0.020017298166074934,0.021877670546203383,0.006426175172369965,"[-0.08337202103895916, 1.8605319144286032, -0.7166528214956971, -0.20232549634829014, 1.3752276270028914, 1.0099071845942287, -0.027513999795058437, 1.4670317022980226, 0.9865984519932638]"
cube,343,/home/humanoid/Programs/hand/results/phase1/run_20260413_pollard_multiscene_500_cem/cube/generated_mjcf/scene_cube_tn0d0098p0d0106p0d0065_ip0d0095n0d0040p0d0000_mp0d0131p0d0097p0d0000.xml,sanity_phase1,False,0.012,2.0,0.0,2.0,1.1491137024508873,0.022128308168155527,1.0,0.012688541716782404,6.609268602839394e-12,-0.009778413672119911,0.010568644417599148,0.0065004416383117325,0.00948534701199422,-0.003980168261011845,0.0,0.013100657311756773,0.00972194969587966,0.0,"[-0.04001940470092851, 1.927054644440314, -1.1594855537432496, -0.34162688701139093, 1.2769689729243838, 1.204786572892837, -0.06035565691833135, 1.4686096214874043, 1.0077210834958208]"
cube,344,/home/humanoid/Programs/hand/results/phase1/run_20260413_pollard_multiscene_500_cem/cube/generated_mjcf/scene_cube_tn0d0000p0d0122p0d0000_ip0d0065n0d0185p0d0062_mp0d0126p0d0137p0d0018.xml,sanity_phase1,True,0.012,2.0,1.0,2.0,2.990988600930967,0.05345552236019613,3.0,0.00953676415599823,0.40587435575934316,-4.1296306355530915e-05,0.012194623068909824,0.0,0.006539719483005546,-0.01852327542668413,0.0062211469891701315,0.012556622190267035,0.013698973120376162,0.0017805247967015853,"[-0.04001940470092851, 1.927054644440314, -1.1594855537432496, -0.34162688701139093, 1.2769689729243838, 1.204786572892837, -0.06035565691833135, 1.4686096214874043, 1.0077210834958208]"
cube,345,/home/humanoid/Programs/hand/results/phase1/run_20260413_pollard_multiscene_500_cem/cube/generated_mjcf/scene_cube_tn0d0013p0d0160p0d0000_ip0d0148n0d0240p0d0000_mp0d0116p0d0102p0d0000.xml,phase1_generated_scene,False,0.012,2.0,0.0,2.0,1.0716155157536076,0.019920424391225697,1.0,0.012799668968106597,2.052399295726738e-11,-0.0012615306168578533,0.015970756130802254,0.0,0.014786075546288061,-0.023980082850206946,0.0,0.01161430962842994,0.010241296432524284,0.0,"[-0.08337202103895916, 1.8605319144286032, -0.7166528214956971, -0.20232549634829014, 1.3752276270028914, 1.0099071845942287, -0.027513999795058437, 1.4670317022980226, 0.9865984519932638]"
cube,346,/home/humanoid/Programs/hand/results/phase1/run_20260413_pollard_multiscene_500_cem/cube/generated_mjcf/scene_cube_tp0d0064p0d0300p0d0008_in0d0019n0d0099p0d0061_mp0d0024p0d0091p0d0000.xml,phase1_generated_scene,True,0.012,2.0,2.0,2.0,2.927672730803563,0.049894920865664716,3.0,0.008806833604849794,0.006905548566685089,0.006448681972681412,0.03,0.0007681309943295394,-0.0019379944738693762,-0.00986630559882477,0.006140728887849618,0.0023524430594721963,0.009130049264678454,0.0,"[-0.08337202103895916, 1.8605319144286032, -0.7166528214956971, -0.20232549634829014, 1.3752276270028914, 1.0099071845942287, -0.027513999795058437, 1.4670317022980226, 0.9865984519932638]"
cube,347,/home/humanoid/Programs/hand/results/phase1/run_20260413_pollard_multiscene_500_cem/cube/generated_mjcf/scene_cube_tp0d0068p0d0300p0d0073_ip0d0072n0d0056p0d0011_mp0d0078p0d0143p0d0000.xml,sanity_phase1,True,0.012,2.0,2.0,2.0,2.914782914274873,0.049721567365348524,3.0,0.00906814260112463,0.04890438873384294,0.0068204408858062796,0.03,0.007260725067047551,0.007212293445335222,-0.005553531717368195,0.0010993236469706603,0.007833087650129099,0.014253336241066424,0.0,"[-0.04001940470092851, 1.927054644440314, -1.1594855537432496, -0.34162688701139093, 1.2769689729243838, 1.204786572892837, -0.06035565691833135, 1.4686096214874043, 1.0077210834958208]"
cube,348,/home/humanoid/Programs/hand/results/phase1/run_20260413_pollard_multiscene_500_cem/cube/generated_mjcf/scene_cube_tp0d0113p0d0278p0d0000_ip0d0135n0d0218p0d0000_mp0d0015p0d0170p0d0000.xml,sanity_phase1,True,0.012,2.0,2.0,2.0,2.9466177438970926,0.05050920134589575,3.0,0.008758493934297548,0.024582102271091123,0.011322535224134667,0.027764327805852942,0.0,0.013477941205283455,-0.021774686806814398,0.0,0.0015174161105352604,0.01698721858932449,0.0,"[-0.04001940470092851, 1.927054644440314, -1.1594855537432496, -0.34162688701139093, 1.2769689729243838, 1.204786572892837, -0.06035565691833135, 1.4686096214874043, 1.0077210834958208]"
cube,349,/home/humanoid/Programs/hand/results/phase1/run_20260413_pollard_multiscene_500_cem/cube/generated_mjcf/scene_cube_tp0d0081p0d0226p0d0085_ip0d0211n0d0216p0d0000_mp0d0076p0d0121p0d0000.xml,phase1_generated_scene,False,0.012,2.0,0.0,2.0,2.159277255145747,0.039536978561223006,2.0,0.012195458337395127,0.0008405188151211328,0.008073792792765176,0.022586335006661292,0.008547471202648944,0.021117014049145004,-0.021585046307989013,0.0,0.007602631380494447,0.012080451574431939,0.0,"[-0.08337202103895916, 1.8605319144286032, -0.7166528214956971, -0.20232549634829014, 1.3752276270028914, 1.0099071845942287, -0.027513999795058437, 1.4670317022980226, 0.9865984519932638]"
cube,350,/home/humanoid/Programs/hand/results/phase1/run_20260413_pollard_multiscene_500_cem/cube/generated_mjcf/scene_cube_tp0d0050p0d0123p0d0049_ip0d0073n0d0116p0d0038_mp0d0136p0d0091p0d0000.xml,phase1_generated_scene,True,0.012,2.0,2.0,2.0,1.5987766739790474,0.04529657009453361,2.0,0.010028635488525612,5.110306722350517,0.004973546412611628,0.012294721280264032,0.004905264142987729,0.007331516406347443,-0.011583437920894857,0.003754449056024657,0.013559791274911331,0.009078488971220607,0.0,"[-0.08337202103895916, 1.8605319144286032, -0.7166528214956971, -0.20232549634829014, 1.3752276270028914, 1.0099071845942287, -0.027513999795058437, 1.4670317022980226, 0.9865984519932638]"
cube,351,/home/humanoid/Programs/hand/results/phase1/run_20260413_pollard_multiscene_500_cem/cube/generated_mjcf/scene_cube_tn0d0039p0d0300p0d0031_ip0d0059n0d0183p0d0000_mn0d0001p0d0228p0d0000.xml,sanity_phase1,True,0.012,2.0,2.0,2.0,0.796331986605664,0.04576537567658559,2.0,0.010234001265197397,10.566587730296247,-0.0039166529420677654,0.03,0.0030983018076305748,0.005948787222563647,-0.01830520319058511,0.0,-8.798364502618158e-05,0.022791051162759063,0.0,"[-0.04001940470092851, 1.927054644440314, -1.1594855537432496, -0.34162688701139093, 1.2769689729243838, 1.204786572892837, -0.06035565691833135, 1.4686096214874043, 1.0077210834958208]"
cube,352,/home/humanoid/Programs/hand/results/phase1/run_20260413_pollard_multiscene_500_cem/cube/generated_mjcf/scene_cube_tp0d0034p0d0300p0d0000_ip0d0204n0d0197p0d0092_mp0d0155p0d0230p0d0000.xml,sanity_phase1,False,0.012,2.0,0.0,2.0,2.209191755154063,0.04535590369307575,2.0,0.015232373307459177,0.9853341832577998,0.003412975582055045,0.03,0.0,0.02042065736538831,-0.019749759999292973,0.009245880066049521,0.015487406880309437,0.023006546913343175,0.0,"[-0.04001940470092851, 1.927054644440314, -1.1594855537432496, -0.34162688701139093, 1.2769689729243838, 1.204786572892837, -0.06035565691833135, 1.4686096214874043, 1.0077210834958208]"
cube,353,/home/humanoid/Programs/hand/results/phase1/run_20260413_pollard_multiscene_500_cem/cube/generated_mjcf/scene_cube_tn0d0050p0d0222p0d0028_ip0d0186n0d0214p0d0000_mp0d0034p0d0119p0d0000.xml,phase1_generated_scene,False,0.012,2.0,0.0,2.0,2.203744092402603,0.040914928023190224,2.0,0.0141391938069246,5.301370096673521e-09,-0.005047223917157493,0.022200789717896637,0.0028366476511519825,0.018635731232781283,-0.021376923278164504,0.0,0.003401259195152824,0.011868629062635739,0.0,"[-0.08337202103895916, 1.8605319144286032, -0.7166528214956971, -0.20232549634829014, 1.3752276270028914, 1.0099071845942287, -0.027513999795058437, 1.4670317022980226, 0.9865984519932638]"
cube,354,/home/humanoid/Programs/hand/results/phase1/run_20260413_pollard_multiscene_500_cem/cube/generated_mjcf/scene_cube_tn0d0091p0d0153p0d0119_ip0d0146n0d0101p0d0072_mp0d0135p0d0144p0d0004.xml,sanity_phase1,False,0.012,2.0,0.0,2.0,1.0040238195585809,0.01811432909950558,1.0,0.014988849462022903,4.578027304295383e-13,-0.009122841531660764,0.015328829962151869,0.011877526740116384,0.014612756735501714,-0.010136883345936687,0.00720381312614379,0.013454718008685671,0.014437668626407232,0.0003923962344445347,"[-0.04001940470092851, 1.927054644440314, -1.1594855537432496, -0.34162688701139093, 1.2769689729243838, 1.204786572892837, -0.06035565691833135, 1.4686096214874043, 1.0077210834958208]"
cube,355,/home/humanoid/Programs/hand/results/phase1/run_20260413_pollard_multiscene_500_cem/cube/generated_mjcf/scene_cube_tn0d0108p0d0258p0d0000_ip0d0180n0d0144p0d0044_mp0d0085p0d0070p0d0005.xml,phase1_generated_scene,False,0.012,2.0,0.0,2.0,0.9369369687569554,0.016094337749064835,1.0,0.01318242622707474,4.1096019123472037e-11,-0.010837836256156828,0.02584706010196519,0.0,0.017996213602326824,-0.014394856503673016,0.004360530785069212,0.00846710719667944,0.0070305058966985655,0.0004610260596799032,"[-0.08337202103895916, 1.8605319144286032, -0.7166528214956971, -0.20232549634829014, 1.3752276270028914, 1.0099071845942287, -0.027513999795058437, 1.4670317022980226, 0.9865984519932638]"
cube,356,/home/humanoid/Programs/hand/results/phase1/run_20260413_pollard_multiscene_500_cem/cube/generated_mjcf/scene_cube_tp0d0112p0d0139p0d0000_ip0d0182n0d0152p0d0003_mp0d0115p0d0173p0d0074.xml,phase1_generated_scene,True,0.012,2.0,1.0,2.0,2.246996642901258,0.04189883932177958,2.0,0.009731366677772395,3.6550139800413386e-11,0.01115634821632247,0.013902861925370564,0.0,0.018235892805302557,-0.01517470826905366,0.0002586625091600264,0.011486192576683386,0.017257165777358207,0.007367364731213931,"[-0.08337202103895916, 1.8605319144286032, -0.7166528214956971, -0.20232549634829014, 1.3752276270028914, 1.0099071845942287, -0.027513999795058437, 1.4670317022980226, 0.9865984519932638]"
cube,357,/home/humanoid/Programs/hand/results/phase1/run_20260413_pollard_multiscene_500_cem/cube/generated_mjcf/scene_cube_tn0d0022p0d0202p0d0000_ip0d0190n0d0081p0d0000_mp0d0023p0d0160p0d0000.xml,phase1_generated_scene,False,0.012,2.0,0.0,2.0,1.6273642361054488,0.024427950262512255,2.0,0.013807011540855382,5.128875975672174e-12,-0.0022114211001733417,0.02015239016423227,0.0,0.019037892298739346,-0.008147344233290962,0.0,0.0022584008568622242,0.01599825880223124,0.0,"[-0.08337202103895916, 1.8605319144286032, -0.7166528214956971, -0.20232549634829014, 1.3752276270028914, 1.0099071845942287, -0.027513999795058437, 1.4670317022980226, 0.9865984519932638]"
cube,358,/home/humanoid/Programs/hand/results/phase1/run_20260413_pollard_multiscene_500_cem/cube/generated_mjcf/scene_cube_tn0d0032p0d0212p0d0000_ip0d0113n0d0003p0d0000_mp0d0087p0d0046p0d0074.xml,sanity_phase1,True,0.012,2.0,2.0,2.0,3.0567144348743387,0.06541831122853445,2.0,0.010187966543566978,0.0836701669148881,-0.0032261315123318663,0.0211871862183576,0.0,0.011311302439958055,-0.00033666258881834797,0.0,0.008688902469951895,0.004588963809888574,0.007431512844343829,"[-0.04001940470092851, 1.927054644440314, -1.1594855537432496, -0.34162688701139093, 1.2769689729243838, 1.204786572892837, -0.06035565691833135, 1.4686096214874043, 1.0077210834958208]"
cube,359,/home/humanoid/Programs/hand/results/phase1/run_20260413_pollard_multiscene_500_cem/cube/generated_mjcf/scene_cube_tp0d0021p0d0300p0d0038_ip0d0094n0d0116p0d0000_mp0d0060p0d0178p0d0000.xml,sanity_phase1,True,0.012,2.0,2.0,2.0,2.9373268639223094,0.05040344578760733,3.0,0.009207571063390466,0.05585731011444615,0.002053449878073278,0.03,0.003783683303278742,0.009426483925576358,-0.011583913748456132,0.0,0.006011042113765158,0.017809019608174263,0.0,"[-0.04001940470092851, 1.927054644440314, -1.1594855537432496, -0.34162688701139093, 1.2769689729243838, 1.204786572892837, -0.06035565691833135, 1.4686096214874043, 1.0077210834958208]"
cube,360,/home/humanoid/Programs/hand/results/phase1/run_20260413_pollard_multiscene_500_cem/cube/generated_mjcf/scene_cube_tp0d0077p0d0288p0d0000_ip0d0146n0d0140p0d0000_mp0d0217p0d0090p0d0038.xml,sanity_phase1,True,0.012,2.0,2.0,2.0,2.9760557538337578,0.05249931935365068,3.0,0.009410948639440073,0.2839901751009079,0.007692612643866344,0.028837691525292333,0.0,0.014600800689397628,-0.013961397513764087,0.0,0.02174568502353339,0.009014776072522324,0.003847079872144152,"[-0.04001940470092851, 1.927054644440314, -1.1594855537432496, -0.34162688701139093, 1.2769689729243838, 1.204786572892837, -0.06035565691833135, 1.4686096214874043, 1.0077210834958208]"
cube,361,/home/humanoid/Programs/hand/results/phase1/run_20260413_pollard_multiscene_500_cem/cube/generated_mjcf/scene_cube_tp0d0063p0d0247p0d0000_ip0d0049n0d0079p0d0000_mp0d0212p0d0139p0d0013.xml,sanity_phase1,True,0.012,2.0,2.0,2.0,2.920872596727659,0.04986732469370795,3.0,0.00909571697172877,0.04194889072441543,0.006298885232914844,0.024677701527575972,0.0,0.004865482952478182,-0.007899234012555876,0.0,0.021239068743524485,0.013910428198081467,0.0012518095585489566,"[-0.04001940470092851, 1.927054644440314, -1.1594855537432496, -0.34162688701139093, 1.2769689729243838, 1.204786572892837, -0.06035565691833135, 1.4686096214874043, 1.0077210834958208]"
cube,362,/home/humanoid/Programs/hand/results/phase1/run_20260413_pollard_multiscene_500_cem/cube/generated_mjcf/scene_cube_tp0d0001p0d0184p0d0000_ip0d0200n0d0237p0d0113_mp0d0008p0d0136p0d0046.xml,phase1_generated_scene,False,0.012,2.0,0.0,2.0,2.220125657659479,0.041450423652378166,2.0,0.01531958445270479,8.455651614006502e-09,9.038651703096798e-05,0.01835541066897918,0.0,0.02001264994905546,-0.023737975227585074,0.011274612962096212,0.000750582854815959,0.013632312421630632,0.004622285063949041,"[-0.08337202103895916, 1.8605319144286032, -0.7166528214956971, -0.20232549634829014, 1.3752276270028914, 1.0099071845942287, -0.027513999795058437, 1.4670317022980226, 0.9865984519932638]"
cube,363,/home/humanoid/Programs/hand/results/phase1/run_20260413_pollard_multiscene_500_cem/cube/generated_mjcf/scene_cube_tp0d0072p0d0238p0d0000_ip0d0194n0d0139p0d0000_mp0d0167p0d0168p0d0000.xml,sanity_phase1,True,0.012,2.0,2.0,2.0,1.640066617790575,0.04008780762616558,2.0,0.009540462096593602,3.6261714995468872,0.007206458439634005,0.02379163141151473,0.0,0.019368293958761447,-0.013866451305668421,0.0,0.01674031164559555,0.016847650557893175,0.0,"[-0.04001940470092851, 1.927054644440314, -1.1594855537432496, -0.34162688701139093, 1.2769689729243838, 1.204786572892837, -0.06035565691833135, 1.4686096214874043, 1.0077210834958208]"
cube,364,/home/humanoid/Programs/hand/results/phase1/run_20260413_pollard_multiscene_500_cem/cube/generated_mjcf/scene_cube_tn0d0041p0d0101p0d0010_ip0d0016n0d0071p0d0013_mp0d0213p0d0036p0d0052.xml,sanity_phase1,True,0.012,2.0,2.0,2.0,3.105127142960579,0.05541186314600622,3.0,0.009499217744486753,0.10193087773776965,-0.004084384463942093,0.010142883921641723,0.000990451667586002,0.0015985144586338831,-0.007118649794417934,0.0013321773609604407,0.02130587540881341,0.003579389141666148,0.0051866735559624386,"[-0.04001940470092851, 1.927054644440314, -1.1594855537432496, -0.34162688701139093, 1.2769689729243838, 1.204786572892837, -0.06035565691833135, 1.4686096214874043, 1.0077210834958208]"
cube,365,/home/humanoid/Programs/hand/results/phase1/run_20260413_pollard_multiscene_500_cem/cube/generated_mjcf/scene_cube_tn0d0071p0d0088p0d0031_ip0d0111n0d0170p0d0002_mn0d0007p0d0136p0d0018.xml,sanity_phase1,False,0.012,2.0,0.0,2.0,1.0557899330077707,0.01989837381294776,1.0,0.020326575222594456,1.4131290323906232e-12,-0.007111680416374847,0.00882751144408678,0.0030761017613265777,0.011097168626456416,-0.017043214039433305,0.00017592095316793822,-0.00067781911633992,0.013552297422319226,0.00184459033777753,"[-0.04001940470092851, 1.927054644440314, -1.1594855537432496, -0.34162688701139093, 1.2769689729243838, 1.204786572892837, -0.06035565691833135, 1.4686096214874043, 1.0077210834958208]"
cube,366,/home/humanoid/Programs/hand/results/phase1/run_20260413_pollard_multiscene_500_cem/cube/generated_mjcf/scene_cube_tp0d0090p0d0283p0d0071_ip0d0201n0d0143p0d0000_mn0d0018p0d0143p0d0002.xml,sanity_phase1,True,0.012,2.0,2.0,2.0,1.2408892528227131,0.039108533226163464,2.0,0.011173918554698683,6.037077153224069,0.008993048384683937,0.028332332885572582,0.007133172031471843,0.0201278457978318,-0.014265996985525718,0.0,-0.0017792897870281283,0.014276096134759242,0.00021827326428465292,"[-0.04001940470092851, 1.927054644440314, -1.1594855537432496, -0.34162688701139093, 1.2769689729243838, 1.204786572892837, -0.06035565691833135, 1.4686096214874043, 1.0077210834958208]"
cube,367,/home/humanoid/Programs/hand/results/phase1/run_20260413_pollard_multiscene_500_cem/cube/generated_mjcf/scene_cube_tp0d0013p0d0300p0d0000_ip0d0055n0d0141p0d0078_mp0d0137p0d0226p0d0000.xml,phase1_generated_scene,True,0.012,2.0,2.0,2.0,2.908734456333528,0.04961761950096376,3.0,0.009195125775527132,0.06327983099433099,0.0013243586582645864,0.03,0.0,0.005454282046486432,-0.014076684522502887,0.007848994918644388,0.013675916096374986,0.022612653700813792,0.0,"[-0.08337202103895916, 1.8605319144286032, -0.7166528214956971, -0.20232549634829014, 1.3752276270028914, 1.0099071845942287, -0.027513999795058437, 1.4670317022980226, 0.9865984519932638]"
cube,368,/home/humanoid/Programs/hand/results/phase1/run_20260413_pollard_multiscene_500_cem/cube/generated_mjcf/scene_cube_tn0d0041p0d0084p0d0102_ip0d0153n0d0157p0d0001_mn0d0018p0d0221p0d0100.xml,phase1_generated_scene,False,0.012,2.0,0.0,2.0,1.2215165780303137,0.024380563783980926,1.0,0.015901312486936423,3.5295676401332243e-06,-0.004053401737318047,0.008430366835151014,0.010164258692179497,0.015257946914463924,-0.0156555570176925,0.00011680821710949654,-0.0017660762171259354,0.022104252712855398,0.010035043290268227,"[-0.08337202103895916, 1.8605319144286032, -0.7166528214956971, -0.20232549634829014, 1.3752276270028914, 1.0099071845942287, -0.027513999795058437, 1.4670317022980226, 0.9865984519932638]"
cube,369,/home/humanoid/Programs/hand/results/phase1/run_20260413_pollard_multiscene_500_cem/cube/generated_mjcf/scene_cube_tn0d0058p0d0248p0d0003_ip0d0140n0d0106p0d0006_mp0d0122p0d0059p0d0000.xml,phase1_generated_scene,True,0.012,2.0,1.0,2.0,2.6621291306457207,0.053880055383284574,2.0,0.011836403856573467,3.739487060516124e-10,-0.0058268376677013956,0.024841286858219992,0.0002982599472535624,0.014002525851861946,-0.010559997507252046,0.0006057673427742397,0.012179493967528118,0.005867447662353625,0.0,"[-0.08337202103895916, 1.8605319144286032, -0.7166528214956971, -0.20232549634829014, 1.3752276270028914, 1.0099071845942287, -0.027513999795058437, 1.4670317022980226, 0.9865984519932638]"
cube,370,/home/humanoid/Programs/hand/results/phase1/run_20260413_pollard_multiscene_500_cem/cube/generated_mjcf/scene_cube_tn0d0045p0d0101p0d0000_in0d0000n0d0203p0d0049_mn0d0014p0d0174p0d0000.xml,sanity_phase1,False,0.012,2.0,0.0,2.0,-0.04160468850850855,1.0706713293728853e-14,0.0,0.020802344254441593,6.590706406119317e-16,-0.0044817304554041985,0.010133206181426631,0.0,-4.208788127289288e-05,-0.020312697918262373,0.004931652050945971,-0.001420408213504953,0.01743343816215112,0.0,"[-0.04001940470092851, 1.927054644440314, -1.1594855537432496, -0.34162688701139093, 1.2769689729243838, 1.204786572892837, -0.06035565691833135, 1.4686096214874043, 1.0077210834958208]"
cube,371,/home/humanoid/Programs/hand/results/phase1/run_20260413_pollard_multiscene_500_cem/cube/generated_mjcf/scene_cube_tp0d0060p0d0272p0d0000_ip0d0076n0d0158p0d0033_mp0d0058p0d0188p0d0080.xml,sanity_phase1,True,0.012,2.0,2.0,2.0,2.9245752763606876,0.04988010265912574,3.0,0.009012117524204206,0.021360544402034137,0.006042441969243088,0.027228365459574227,0.0,0.007593758980041379,-0.015792569411251185,0.0033017785952277386,0.005776874706348101,0.01882102030819338,0.007980643465284785,"[-0.04001940470092851, 1.927054644440314, -1.1594855537432496, -0.34162688701139093, 1.2769689729243838, 1.204786572892837, -0.06035565691833135, 1.4686096214874043, 1.0077210834958208]"
cube,372,/home/humanoid/Programs/hand/results/phase1/run_20260413_pollard_multiscene_500_cem/cube/generated_mjcf/scene_cube_tn0d0039p0d0221p0d0076_ip0d0216n0d0035p0d0114_mp0d0217p0d0048p0d0023.xml,phase1_generated_scene,False,0.012,2.0,0.0,2.0,1.1453589123684558,0.022062853392372326,1.0,0.01342047818228524,3.4529238856844784e-14,-0.0039367057456346135,0.022129036276644528,0.00759938668754058,0.021600388888547803,-0.003458654995397466,0.011387362033031666,0.021716500944982772,0.004846232690389937,0.0023329764739651176,"[-0.08337202103895916, 1.8605319144286032, -0.7166528214956971, -0.20232549634829014, 1.3752276270028914, 1.0099071845942287, -0.027513999795058437, 1.4670317022980226, 0.9865984519932638]"
cube,373,/home/humanoid/Programs/hand/results/phase1/run_20260413_pollard_multiscene_500_cem/cube/generated_mjcf/scene_cube_tn0d0117p0d0102p0d0000_ip0d0216n0d0083p0d0034_mn0d0008p0d0137p0d0071.xml,sanity_phase1,False,0.012,2.0,0.0,2.0,1.0634489568640058,0.020166449660379376,1.0,0.021188390623990378,8.61075622194879e-12,-0.011721801351998734,0.010249897424361614,0.0,0.021571248344733958,-0.008281985314991391,0.003362224881755657,-0.0008025599165518201,0.013740737562206125,0.007120033040254055,"[-0.04001940470092851, 1.927054644440314, -1.1594855537432496, -0.34162688701139093, 1.2769689729243838, 1.204786572892837, -0.06035565691833135, 1.4686096214874043, 1.0077210834958208]"
cube,374,/home/humanoid/Programs/hand/results/phase1/run_20260413_pollard_multiscene_500_cem/cube/generated_mjcf/scene_cube_tn0d0012p0d0088p0d0000_in0d0013n0d0179p0d0087_mp0d0149p0d0097p0d0012.xml,sanity_phase1,True,0.012,2.0,2.0,2.0,2.986704310174296,0.05297387274793483,3.0,0.00938612281470151,0.3240599358268011,-0.0011870628156485583,0.008785765256269625,0.0,-0.0012845129532466984,-0.01790627764087028,0.008705030224436333,0.014947856117084853,0.009691392927035278,0.001202015562066389,"[-0.04001940470092851, 1.927054644440314, -1.1594855537432496, -0.34162688701139093, 1.2769689729243838, 1.204786572892837, -0.06035565691833135, 1.4686096214874043, 1.0077210834958208]"
cube,375,/home/humanoid/Programs/hand/results/phase1/run_20260413_pollard_multiscene_500_cem/cube/generated_mjcf/scene_cube_tn0d0024p0d0249p0d0000_ip0d0189n0d0020p0d0086_mp0d0011p0d0101p0d0097.xml,sanity_phase1,True,0.012,2.0,2.0,2.0,1.895029845060482,0.031931750228964495,2.0,0.011290706474776063,2.482217027319484e-11,-0.002364992455036838,0.02485474196775472,0.0,0.0189458288206348,-0.0020460735160279016,0.008558192589777455,0.0010822010446346324,0.010070902748129561,0.009711010137673462,"[-0.04001940470092851, 1.927054644440314, -1.1594855537432496, -0.34162688701139093, 1.2769689729243838, 1.204786572892837, -0.06035565691833135, 1.4686096214874043, 1.0077210834958208]"
cube,376,/home/humanoid/Programs/hand/results/phase1/run_20260413_pollard_multiscene_500_cem/cube/generated_mjcf/scene_cube_tp0d0105p0d0300p0d0000_ip0d0063n0d0138p0d0000_mn0d0013p0d0092p0d0107.xml,phase1_generated_scene,True,0.012,2.0,2.0,2.0,2.9205192715658495,0.04974259464611597,3.0,0.008744601615152387,0.01988225211936457,0.010522744540146026,0.03,0.0,0.006265542463366365,-0.013777684366762381,0.0,-0.0013129549292847896,0.009179419376552186,0.010680191381843947,"[-0.08337202103895916, 1.8605319144286032, -0.7166528214956971, -0.20232549634829014, 1.3752276270028914, 1.0099071845942287, -0.027513999795058437, 1.4670317022980226, 0.9865984519932638]"
cube,377,/home/humanoid/Programs/hand/results/phase1/run_20260413_pollard_multiscene_500_cem/cube/generated_mjcf/scene_cube_tp0d0098p0d0111p0d0000_ip0d0151n0d0201p0d0000_mp0d0220p0d0245p0d0000.xml,sanity_phase1,True,0.012,2.0,2.0,2.0,2.964116166594876,0.05230062767660652,3.0,0.009377082659491937,0.3176775784491281,0.00981687253429277,0.011120275617783176,0.0,0.015080426789617232,-0.020071235905748067,0.0,0.02197541611441125,0.024494177142076932,0.0,"[-0.04001940470092851, 1.927054644440314, -1.1594855537432496, -0.34162688701139093, 1.2769689729243838, 1.204786572892837, -0.06035565691833135, 1.4686096214874043, 1.0077210834958208]"
cube,378,/home/humanoid/Programs/hand/results/phase1/run_20260413_pollard_multiscene_500_cem/cube/generated_mjcf/scene_cube_tn0d0031p0d0178p0d0000_ip0d0097n0d0197p0d0076_mp0d0193p0d0182p0d0000.xml,sanity_phase1,True,0.012,2.0,2.0,2.0,3.0314856734186924,0.05288795087482909,3.0,0.009796302335914067,1.6856650744689964e-08,-0.003080000567103787,0.01777371674284665,0.0,0.009742211201763528,-0.0197073930433107,0.007610088691735812,0.0192940940515098,0.01819294307398065,0.0,"[-0.04001940470092851, 1.927054644440314, -1.1594855537432496, -0.34162688701139093, 1.2769689729243838, 1.204786572892837, -0.06035565691833135, 1.4686096214874043, 1.0077210834958208]"
cube,379,/home/humanoid/Programs/hand/results/phase1/run_20260413_pollard_multiscene_500_cem/cube/generated_mjcf/scene_cube_tp0d0005p0d0181p0d0102_ip0d0204n0d0113p0d0000_mp0d0040p0d0080p0d0000.xml,phase1_generated_scene,False,0.012,2.0,0.0,2.0,-0.05022068788817538,2.3061969001147986e-12,0.0,0.025110343984446087,6.42450244531006e-16,0.0005063580441945943,0.018121217785754797,0.010185928300256861,0.020406265641012875,-0.011317239845225827,0.0,0.003969351811511051,0.00798329334682274,0.0,"[-0.08337202103895916, 1.8605319144286032, -0.7166528214956971, -0.20232549634829014, 1.3752276270028914, 1.0099071845942287, -0.027513999795058437, 1.4670317022980226, 0.9865984519932638]"
cube,380,/home/humanoid/Programs/hand/results/phase1/run_20260413_pollard_multiscene_500_cem/cube/generated_mjcf/scene_cube_tp0d0053p0d0088p0d0051_ip0d0056n0d0156p0d0120_mp0d0025p0d0214p0d0000.xml,sanity_phase1,False,0.012,2.0,0.0,2.0,2.1371451211726873,0.039172169406553436,2.0,0.015012553957842957,0.025704667606648163,0.005349473339106178,0.008816536146796552,0.005122068738884589,0.005591055319891105,-0.015626360728080328,0.01198958202252913,0.00245615434592318,0.0213548310212551,0.0,"[-0.04001940470092851, 1.927054644440314, -1.1594855537432496, -0.34162688701139093, 1.2769689729243838, 1.204786572892837, -0.06035565691833135, 1.4686096214874043, 1.0077210834958208]"
cube,381,/home/humanoid/Programs/hand/results/phase1/run_20260413_pollard_multiscene_500_cem/cube/generated_mjcf/scene_cube_tp0d0088p0d0272p0d0000_in0d0018n0d0006p0d0118_mp0d0039p0d0093p0d0065.xml,sanity_phase1,True,0.012,2.0,2.0,2.0,2.937442100501809,0.05017333685184446,3.0,0.00879053445208732,0.006957469390484961,0.00883521132348538,0.02723552528533489,0.0,-0.0017554778323576065,-0.0005744690308488714,0.011781042137225497,0.0038637391976680735,0.009288167528081906,0.006509256874247228,"[-0.04001940470092851, 1.927054644440314, -1.1594855537432496, -0.34162688701139093, 1.2769689729243838, 1.204786572892837, -0.06035565691833135, 1.4686096214874043, 1.0077210834958208]"
cube,382,/home/humanoid/Programs/hand/results/phase1/run_20260413_pollard_multiscene_500_cem/cube/generated_mjcf/scene_cube_tp0d0073p0d0185p0d0056_ip0d0209n0d0050p0d0000_mp0d0188p0d0110p0d0000.xml,phase1_generated_scene,True,0.012,2.0,1.0,2.0,2.4342198959049846,0.047330712643884346,2.0,0.011177523314138247,1.7941790688665876e-11,0.007305359803473289,0.01853133851136897,0.005595346364554953,0.020921363985685365,-0.0049934306565185185,0.0,0.01877336898563437,0.011049691809589724,0.0,"[-0.08337202103895916, 1.8605319144286032, -0.7166528214956971, -0.20232549634829014, 1.3752276270028914, 1.0099071845942287, -0.027513999795058437, 1.4670317022980226, 0.9865984519932638]"
cube,383,/home/humanoid/Programs/hand/results/phase1/run_20260413_pollard_multiscene_500_cem/cube/generated_mjcf/scene_cube_tn0d0118p0d0271p0d0000_ip0d0077n0d0076p0d0000_mp0d0104p0d0062p0d0000.xml,phase1_generated_scene,True,0.012,2.0,1.0,2.0,2.53127861535295,0.05067557730959806,2.0,0.00995388897445596,0.1497254168938027,-0.011835445780551481,0.02708227762575327,0.0,0.00774784304588942,-0.007563727153970494,0.0,0.010352447859135416,0.00620925942575782,0.0,"[-0.08337202103895916, 1.8605319144286032, -0.7166528214956971, -0.20232549634829014, 1.3752276270028914, 1.0099071845942287, -0.027513999795058437, 1.4670317022980226, 0.9865984519932638]"
cube,384,/home/humanoid/Programs/hand/results/phase1/run_20260413_pollard_multiscene_500_cem/cube/generated_mjcf/scene_cube_tp0d0017p0d0255p0d0000_ip0d0031n0d0131p0d0000_mp0d0099p0d0257p0d0033.xml,phase1_generated_scene,True,0.012,2.0,2.0,2.0,2.9185525326144997,0.04979419093061904,3.0,0.009091213639523922,0.04041148452079619,0.0016914948769208415,0.025535338406468797,0.0,0.0031439657404761087,-0.0130591830163866,0.0,0.009858869067842405,0.02571102656057945,0.0032954859455089983,"[-0.08337202103895916, 1.8605319144286032, -0.7166528214956971, -0.20232549634829014, 1.3752276270028914, 1.0099071845942287, -0.027513999795058437, 1.4670317022980226, 0.9865984519932638]"
cube,385,/home/humanoid/Programs/hand/results/phase1/run_20260413_pollard_multiscene_500_cem/cube/generated_mjcf/scene_cube_tn0d0097p0d0110p0d0000_ip0d0125n0d0058p0d0000_mp0d0078p0d0247p0d0000.xml,phase1_generated_scene,False,0.012,2.0,0.0,2.0,1.0492002370708993,0.01936909826298615,1.0,0.014359101066791065,2.2641612276501407e-13,-0.009705485774302398,0.010951697871815396,0.0,0.01253462152769577,-0.0057613579648361415,0.0,0.007829687300922256,0.024665368578795213,0.0,"[-0.08337202103895916, 1.8605319144286032, -0.7166528214956971, -0.20232549634829014, 1.3752276270028914, 1.0099071845942287, -0.027513999795058437, 1.4670317022980226, 0.9865984519932638]"
cube,386,/home/humanoid/Programs/hand/results/phase1/run_20260413_pollard_multiscene_500_cem/cube/generated_mjcf/scene_cube_tp0d0112p0d0234p0d0078_ip0d0165n0d0031p0d0000_mp0d0057p0d0176p0d0000.xml,sanity_phase1,True,0.012,2.0,2.0,2.0,0.8534186457728146,0.039840536487165096,2.0,0.009995933197950327,8.806721765880422,0.011221352133399164,0.023400693629328326,0.007817550025673033,0.016469362116625613,-0.0030606096441238902,0.0,0.0056810241222650226,0.017649806992087,0.0,"[-0.04001940470092851, 1.927054644440314, -1.1594855537432496, -0.34162688701139093, 1.2769689729243838, 1.204786572892837, -0.06035565691833135, 1.4686096214874043, 1.0077210834958208]"
cube,387,/home/humanoid/Programs/hand/results/phase1/run_20260413_pollard_multiscene_500_cem/cube/generated_mjcf/scene_cube_tp0d0022p0d0296p0d0042_in0d0005n0d0213p0d0114_mn0d0003p0d0235p0d0117.xml,sanity_phase1,True,0.012,2.0,2.0,2.0,2.9237737841539704,0.049976643017454386,3.0,0.009069151429742283,0.04846945731632613,0.0022174444709567916,0.02962539332540697,0.004156687339348996,-0.0005198644936682765,-0.02134521506551034,0.011364295824339798,-0.0003092501664925997,0.02351928518610475,0.011679372772733076,"[-0.04001940470092851, 1.927054644440314, -1.1594855537432496, -0.34162688701139093, 1.2769689729243838, 1.204786572892837, -0.06035565691833135, 1.4686096214874043, 1.0077210834958208]"
cube,388,/home/humanoid/Programs/hand/results/phase1/run_20260413_pollard_multiscene_500_cem/cube/generated_mjcf/scene_cube_tn0d0081p0d0249p0d0074_ip0d0208n0d0041p0d0060_mp0d0165p0d0220p0d0000.xml,phase1_generated_scene,False,0.012,2.0,0.0,2.0,1.3815126687107815,0.03969404688468138,2.0,0.014054620121168175,5.197798213404871,-0.008107505421219302,0.024897468565151633,0.007392595337002955,0.020834492113102794,-0.004065712382739778,0.005970238289425941,0.01648862815479199,0.021974727226854895,0.0,"[-0.08337202103895916, 1.8605319144286032, -0.7166528214956971, -0.20232549634829014, 1.3752276270028914, 1.0099071845942287, -0.027513999795058437, 1.4670317022980226, 0.9865984519932638]"
cube,389,/home/humanoid/Programs/hand/results/phase1/run_20260413_pollard_multiscene_500_cem/cube/generated_mjcf/scene_cube_tn0d0039p0d0285p0d0057_ip0d0208n0d0041p0d0036_mp0d0108p0d0059p0d0000.xml,sanity_phase1,False,0.012,2.0,0.0,2.0,0.2623268043897189,0.008297628246596134,0.0,0.014045092120569173,4.968281283240694e-14,-0.0038931974279779093,0.02852385064265748,0.005709619844043064,0.020838318228018286,-0.0041099736522949,0.003648895908196892,0.0108003713735257,0.005888130359499352,0.0,"[-0.04001940470092851, 1.927054644440314, -1.1594855537432496, -0.34162688701139093, 1.2769689729243838, 1.204786572892837, -0.06035565691833135, 1.4686096214874043, 1.0077210834958208]"
cube,390,/home/humanoid/Programs/hand/results/phase1/run_20260413_pollard_multiscene_500_cem/cube/generated_mjcf/scene_cube_tp0d0111p0d0091p0d0111_ip0d0003n0d0059p0d0000_mp0d0056p0d0107p0d0000.xml,sanity_phase1,True,0.012,2.0,2.0,2.0,2.8791644123154136,0.04899486233293061,3.0,0.008715123070809792,0.12150348797025552,0.011086732584622856,0.009114061201632327,0.011143108779249625,0.00025073679208613593,-0.0059266445125180246,0.0,0.0055913408234708984,0.010650676511304417,0.0,"[-0.04001940470092851, 1.927054644440314, -1.1594855537432496, -0.34162688701139093, 1.2769689729243838, 1.204786572892837, -0.06035565691833135, 1.4686096214874043, 1.0077210834958208]"
cube,391,/home/humanoid/Programs/hand/results/phase1/run_20260413_pollard_multiscene_500_cem/cube/generated_mjcf/scene_cube_tp0d0086p0d0123p0d0089_ip0d0070n0d0226p0d0091_mp0d0164p0d0140p0d0037.xml,sanity_phase1,True,0.012,2.0,2.0,2.0,2.9668456521177355,0.052973066024915576,3.0,0.009475470510399568,0.45507145155673906,0.008609555327129374,0.012341154397680697,0.008912346989687733,0.007000500798774553,-0.022583043905803016,0.009075589409086891,0.016411278947240843,0.014031523004441703,0.003694186370186217,"[-0.04001940470092851, 1.927054644440314, -1.1594855537432496, -0.34162688701139093, 1.2769689729243838, 1.204786572892837, -0.06035565691833135, 1.4686096214874043, 1.0077210834958208]"
cube,392,/home/humanoid/Programs/hand/results/phase1/run_20260413_pollard_multiscene_500_cem/cube/generated_mjcf/scene_cube_tp0d0043p0d0176p0d0012_ip0d0077n0d0128p0d0049_mp0d0080p0d0130p0d0065.xml,sanity_phase1,True,0.012,2.0,2.0,2.0,2.8927406612087014,0.04930971294379005,3.0,0.009045078187759332,0.10006090298954388,0.004254000457927461,0.01759718261799633,0.0011591161610298387,0.007690670392919728,-0.012804244452743358,0.0048799535306744725,0.007961258183951048,0.01299761563100522,0.006523599200057,"[-0.04001940470092851, 1.927054644440314, -1.1594855537432496, -0.34162688701139093, 1.2769689729243838, 1.204786572892837, -0.06035565691833135, 1.4686096214874043, 1.0077210834958208]"
cube,393,/home/humanoid/Programs/hand/results/phase1/run_20260413_pollard_multiscene_500_cem/cube/generated_mjcf/scene_cube_tn0d0050p0d0163p0d0000_ip0d0035n0d0034p0d0000_mp0d0059p0d0048p0d0000.xml,sanity_phase1,True,0.012,2.0,2.0,2.0,2.6724069928613434,0.05496696179587397,2.0,0.009936987492293565,0.21041796673105703,-0.004985988495398425,0.016300216267685623,0.0,0.0034683806033389258,-0.003396272985994214,0.0,0.005879648740595553,0.004792153550523294,0.0,"[-0.04001940470092851, 1.927054644440314, -1.1594855537432496, -0.34162688701139093, 1.2769689729243838, 1.204786572892837, -0.06035565691833135, 1.4686096214874043, 1.0077210834958208]"
cube,394,/home/humanoid/Programs/hand/results/phase1/run_20260413_pollard_multiscene_500_cem/cube/generated_mjcf/scene_cube_tp0d0025p0d0092p0d0113_ip0d0219n0d0209p0d0000_mp0d0081p0d0097p0d0000.xml,phase1_generated_scene,False,0.012,2.0,0.0,2.0,0.9717247017509314,0.01740978249290174,1.0,0.01863658676891829,0.002296746418619315,0.002490598221685335,0.00915709564276886,0.011311791537951966,0.021897171626930806,-0.020911052181316225,0.0,0.008075035345848846,0.009678888052115298,0.0,"[-0.08337202103895916, 1.8605319144286032, -0.7166528214956971, -0.20232549634829014, 1.3752276270028914, 1.0099071845942287, -0.027513999795058437, 1.4670317022980226, 0.9865984519932638]"
cube,395,/home/humanoid/Programs/hand/results/phase1/run_20260413_pollard_multiscene_500_cem/cube/generated_mjcf/scene_cube_tn0d0095p0d0197p0d0090_ip0d0217n0d0162p0d0000_mp0d0137p0d0125p0d0097.xml,phase1_generated_scene,False,0.012,2.0,0.0,2.0,2.8853903783333337,0.06036406346196502,2.0,0.01367592091902956,6.64921606593111e-09,-0.00953061315295389,0.01970784975786273,0.009043612848737722,0.02166338004553322,-0.01616864958747996,0.0,0.01367630035117491,0.012518278257087605,0.009730640697078064,"[-0.08337202103895916, 1.8605319144286032, -0.7166528214956971, -0.20232549634829014, 1.3752276270028914, 1.0099071845942287, -0.027513999795058437, 1.4670317022980226, 0.9865984519932638]"
cube,396,/home/humanoid/Programs/hand/results/phase1/run_20260413_pollard_multiscene_500_cem/cube/generated_mjcf/scene_cube_tp0d0070p0d0222p0d0038_ip0d0151n0d0084p0d0000_mp0d0110p0d0104p0d0000.xml,sanity_phase1,True,0.012,2.0,2.0,2.0,2.900911075643415,0.050344208976854724,3.0,0.009541320635640038,0.2803573151681361,0.007035811052865017,0.02218081977592099,0.003815341310432256,0.01510725445699214,-0.008439512570922078,0.0,0.010976962247331351,0.01039287020671183,0.0,"[-0.04001940470092851, 1.927054644440314, -1.1594855537432496, -0.34162688701139093, 1.2769689729243838, 1.204786572892837, -0.06035565691833135, 1.4686096214874043, 1.0077210834958208]"
cube,397,/home/humanoid/Programs/hand/results/phase1/run_20260413_pollard_multiscene_500_cem/cube/generated_mjcf/scene_cube_tp0d0042p0d0183p0d0082_ip0d0033n0d0180p0d0088_mp0d0066p0d0266p0d0000.xml,sanity_phase1,True,0.012,2.0,2.0,2.0,3.3624582285240745,0.06230382162716527,3.0,0.009080367154886524,9.86274462480205e-05,0.004177515190882806,0.018256379083365838,0.008178273670573787,0.0032815323204622516,-0.01803993751952694,0.008760822790220408,0.006593736646331887,0.02663481077537399,0.0,"[-0.04001940470092851, 1.927054644440314, -1.1594855537432496, -0.34162688701139093, 1.2769689729243838, 1.204786572892837, -0.06035565691833135, 1.4686096214874043, 1.0077210834958208]"
cube,398,/home/humanoid/Programs/hand/results/phase1/run_20260413_pollard_multiscene_500_cem/cube/generated_mjcf/scene_cube_tp0d0086p0d0213p0d0009_ip0d0108n0d0199p0d0066_mp0d0077p0d0183p0d0034.xml,sanity_phase1,True,0.012,2.0,2.0,2.0,2.87058028052329,0.04886008225807736,3.0,0.008997538884756412,0.14351680493269992,0.008571605710506466,0.021259249860929377,0.0008803123529353071,0.010802095205575884,-0.019921780238881113,0.006613136719011141,0.007685854373764274,0.0183301494512482,0.003400613466890816,"[-0.04001940470092851, 1.927054644440314, -1.1594855537432496, -0.34162688701139093, 1.2769689729243838, 1.204786572892837, -0.06035565691833135, 1.4686096214874043, 1.0077210834958208]"
cube,399,/home/humanoid/Programs/hand/results/phase1/run_20260413_pollard_multiscene_500_cem/cube/generated_mjcf/scene_cube_tp0d0088p0d0300p0d0009_ip0d0029n0d0117p0d0120_mp0d0050p0d0090p0d0058.xml,sanity_phase1,True,0.012,2.0,2.0,2.0,2.917319744774295,0.04975014253492603,3.0,0.009003748652677461,0.03951831095174214,0.008824535085985016,0.03,0.0008932574776091152,0.0029455698672819766,-0.011691082195174523,0.011978490078858362,0.005010734973117511,0.00897510569587991,0.0057671861599445234,"[-0.04001940470092851, 1.927054644440314, -1.1594855537432496, -0.34162688701139093, 1.2769689729243838, 1.204786572892837, -0.06035565691833135, 1.4686096214874043, 1.0077210834958208]"
cube,400,/home/humanoid/Programs/hand/results/phase1/run_20260413_pollard_multiscene_500_cem/cube/generated_mjcf/scene_cube_tp0d0094p0d0127p0d0051_ip0d0209n0d0108p0d0092_mp0d0144p0d0193p0d0000.xml,sanity_phase1,False,0.012,2.0,0.0,2.0,2.16945950076519,0.04002201847926078,2.0,0.015532241777849955,0.0016444163549174343,0.009372313123217593,0.012687591986216464,0.005107999205280118,0.020884326403043323,-0.01077608685664617,0.009235654013356007,0.014419671401879495,0.01932431120884613,0.0,"[-0.04001940470092851, 1.927054644440314, -1.1594855537432496, -0.34162688701139093, 1.2769689729243838, 1.204786572892837, -0.06035565691833135, 1.4686096214874043, 1.0077210834958208]"
cube,401,/home/humanoid/Programs/hand/results/phase1/run_20260413_pollard_multiscene_500_cem/cube/generated_mjcf/scene_cube_tn0d0066p0d0138p0d0000_ip0d0011n0d0196p0d0076_mp0d0043p0d0047p0d0000.xml,phase1_generated_scene,False,0.012,2.0,0.0,2.0,-0.02175300909978809,6.811925297271759e-06,0.0,0.010995713242596251,6.808358527281998e-16,-0.006568166016017537,0.013757574947577381,0.0,0.001065966599342636,-0.01962445671424908,0.0076232278739171815,0.004307982889677852,0.004710504044540714,0.0,"[-0.08337202103895916, 1.8605319144286032, -0.7166528214956971, -0.20232549634829014, 1.3752276270028914, 1.0099071845942287, -0.027513999795058437, 1.4670317022980226, 0.9865984519932638]"
cube,402,/home/humanoid/Programs/hand/results/phase1/run_20260413_pollard_multiscene_500_cem/cube/generated_mjcf/scene_cube_tn0d0061p0d0117p0d0000_ip0d0051n0d0055p0d0000_mp0d0162p0d0205p0d0000.xml,phase1_generated_scene,True,0.012,2.0,2.0,2.0,2.7426960753231278,0.04550192288334387,3.0,0.009516531330033695,0.20558775289227288,-0.006070162506608994,0.011700464662166754,0.0,0.005108954427857113,-0.005521412233569041,0.0,0.0161877500683167,0.020471673403065584,0.0,"[-0.08337202103895916, 1.8605319144286032, -0.7166528214956971, -0.20232549634829014, 1.3752276270028914, 1.0099071845942287, -0.027513999795058437, 1.4670317022980226, 0.9865984519932638]"
cube,403,/home/humanoid/Programs/hand/results/phase1/run_20260413_pollard_multiscene_500_cem/cube/generated_mjcf/scene_cube_tn0d0060p0d0300p0d0038_ip0d0005n0d0059p0d0000_mp0d0128p0d0242p0d0000.xml,sanity_phase1,True,0.012,2.0,2.0,2.0,2.915349877375936,0.049764220317599445,3.0,0.009296525568859387,0.052031884015505445,-0.006013261280368498,0.03,0.0037994320888812723,0.0004817540822769067,-0.005867111497752016,0.0,0.01282047936393451,0.024198128950756195,0.0,"[-0.04001940470092851, 1.927054644440314, -1.1594855537432496, -0.34162688701139093, 1.2769689729243838, 1.204786572892837, -0.06035565691833135, 1.4686096214874043, 1.0077210834958208]"
cube,404,/home/humanoid/Programs/hand/results/phase1/run_20260413_pollard_multiscene_500_cem/cube/generated_mjcf/scene_cube_tp0d0014p0d0095p0d0078_ip0d0166n0d0207p0d0000_mp0d0045p0d0151p0d0008.xml,phase1_generated_scene,False,0.012,2.0,0.0,2.0,1.0867319611222934,0.02064693882750798,1.0,0.017955448904582835,2.0880095499445942e-10,0.001414445381986533,0.009486985216727615,0.007769364107765152,0.01657461588220816,-0.020718033407936723,0.0,0.004544141871500557,0.01511193721917458,0.0007559026465335395,"[-0.08337202103895916, 1.8605319144286032, -0.7166528214956971, -0.20232549634829014, 1.3752276270028914, 1.0099071845942287, -0.027513999795058437, 1.4670317022980226, 0.9865984519932638]"
cube,405,/home/humanoid/Programs/hand/results/phase1/run_20260413_pollard_multiscene_500_cem/cube/generated_mjcf/scene_cube_tn0d0054p0d0250p0d0000_in0d0008n0d0049p0d0000_mp0d0209p0d0196p0d0000.xml,sanity_phase1,True,0.012,2.0,1.0,2.0,2.4844956227256536,0.04921578776701991,2.0,0.009567844734913572,0.12614173100144016,-0.005358389402565853,0.025047091820678522,0.0,-0.0007916345280545387,-0.004914922017206636,0.0,0.020890783474579788,0.019618085441763078,0.0,"[-0.04001940470092851, 1.927054644440314, -1.1594855537432496, -0.34162688701139093, 1.2769689729243838, 1.204786572892837, -0.06035565691833135, 1.4686096214874043, 1.0077210834958208]"
cube,406,/home/humanoid/Programs/hand/results/phase1/run_20260413_pollard_multiscene_500_cem/cube/generated_mjcf/scene_cube_tn0d0060p0d0184p0d0000_ip0d0056n0d0197p0d0000_mp0d0095p0d0212p0d0075.xml,phase1_generated_scene,True,0.012,2.0,2.0,2.0,2.857974304876839,0.048541010439554014,3.0,0.009322526891617526,0.14877337816211117,-0.005993677595785198,0.018350511114540634,0.0,0.005583373121617044,-0.019703464659717004,0.0,0.009452975904973352,0.021158879065359362,0.007512942109960084,"[-0.08337202103895916, 1.8605319144286032, -0.7166528214956971, -0.20232549634829014, 1.3752276270028914, 1.0099071845942287, -0.027513999795058437, 1.4670317022980226, 0.9865984519932638]"
cube,407,/home/humanoid/Programs/hand/results/phase1/run_20260413_pollard_multiscene_500_cem/cube/generated_mjcf/scene_cube_tn0d0051p0d0279p0d0054_ip0d0150n0d0131p0d0007_mp0d0011p0d0239p0d0037.xml,sanity_phase1,False,0.012,2.0,0.0,2.0,0.8239199706276303,0.043398675560666324,2.0,0.013646466552891838,9.784938272599382,-0.005140192786809574,0.027934052286104214,0.0054220926649164,0.01495389301596657,-0.013107166884916394,0.0007151348632215403,0.0010701092854143394,0.023868681030051596,0.003737171765941818,"[-0.04001940470092851, 1.927054644440314, -1.1594855537432496, -0.34162688701139093, 1.2769689729243838, 1.204786572892837, -0.06035565691833135, 1.4686096214874043, 1.0077210834958208]"
cube,408,/home/humanoid/Programs/hand/results/phase1/run_20260413_pollard_multiscene_500_cem/cube/generated_mjcf/scene_cube_tn0d0031p0d0175p0d0000_ip0d0080n0d0202p0d0000_mp0d0019p0d0207p0d0000.xml,sanity_phase1,True,0.012,2.0,1.0,2.0,1.7097564200066717,0.04030603996025091,2.0,0.010809961567687279,3.195567036444904,-0.0031305004524421823,0.017539118084760424,0.0,0.008034582351909472,-0.02018176662419567,0.0,0.0019428792417899906,0.020656344238335456,0.0,"[-0.04001940470092851, 1.927054644440314, -1.1594855537432496, -0.34162688701139093, 1.2769689729243838, 1.204786572892837, -0.06035565691833135, 1.4686096214874043, 1.0077210834958208]"
cube,409,/home/humanoid/Programs/hand/results/phase1/run_20260413_pollard_multiscene_500_cem/cube/generated_mjcf/scene_cube_tn0d0016p0d0090p0d0000_ip0d0077n0d0186p0d0000_mp0d0089p0d0119p0d0000.xml,phase1_generated_scene,False,0.012,2.0,0.0,2.0,1.0131780534356312,0.018270819435574726,1.0,0.013150313403816387,1.2344092731731931e-11,-0.0016323170947495774,0.009036595485457571,0.0,0.007686997919964198,-0.018553378636850654,0.0,0.00890338183766952,0.011899722188182634,0.0,"[-0.08337202103895916, 1.8605319144286032, -0.7166528214956971, -0.20232549634829014, 1.3752276270028914, 1.0099071845942287, -0.027513999795058437, 1.4670317022980226, 0.9865984519932638]"
cube,410,/home/humanoid/Programs/hand/results/phase1/run_20260413_pollard_multiscene_500_cem/cube/generated_mjcf/scene_cube_tn0d0053p0d0114p0d0023_ip0d0085n0d0114p0d0018_mp0d0188p0d0116p0d0014.xml,phase1_generated_scene,True,0.012,2.0,2.0,2.0,3.2799268880963157,0.07142079435297329,2.0,0.009900439214525046,2.3885799759559217e-07,-0.005293281935177009,0.011409198503569133,0.0023185881529035456,0.008519201573778543,-0.011410397534888745,0.0017575752571704177,0.01881142883562955,0.011645587587469603,0.00142551727874291,"[-0.08337202103895916, 1.8605319144286032, -0.7166528214956971, -0.20232549634829014, 1.3752276270028914, 1.0099071845942287, -0.027513999795058437, 1.4670317022980226, 0.9865984519932638]"
cube,411,/home/humanoid/Programs/hand/results/phase1/run_20260413_pollard_multiscene_500_cem/cube/generated_mjcf/scene_cube_tn0d0048p0d0150p0d0000_ip0d0065n0d0078p0d0000_mn0d0008p0d0033p0d0000.xml,sanity_phase1,True,0.012,2.0,1.0,2.0,1.201709345847736,0.05012916277169674,2.0,0.011394699898313855,8.866813009100149,-0.00483454322046063,0.0150354995281941,0.0,0.006463405685212573,-0.007794424323765136,0.0,-0.0007991368204927872,0.003305963248475482,0.0,"[-0.04001940470092851, 1.927054644440314, -1.1594855537432496, -0.34162688701139093, 1.2769689729243838, 1.204786572892837, -0.06035565691833135, 1.4686096214874043, 1.0077210834958208]"
cube,412,/home/humanoid/Programs/hand/results/phase1/run_20260413_pollard_multiscene_500_cem/cube/generated_mjcf/scene_cube_tn0d0022p0d0223p0d0000_ip0d0189n0d0096p0d0055_mp0d0016p0d0090p0d0000.xml,phase1_generated_scene,False,0.012,2.0,0.0,2.0,2.19764680193516,0.04063647298499576,2.0,0.01231487619696315,9.71767464924054e-10,-0.0021633292292821196,0.02230517427223252,0.0,0.018897786349753608,-0.009618802295454976,0.005502816790046914,0.0016095316072317848,0.009027481605026609,0.0,"[-0.08337202103895916, 1.8605319144286032, -0.7166528214956971, -0.20232549634829014, 1.3752276270028914, 1.0099071845942287, -0.027513999795058437, 1.4670317022980226, 0.9865984519932638]"
cube,413,/home/humanoid/Programs/hand/results/phase1/run_20260413_pollard_multiscene_500_cem/cube/generated_mjcf/scene_cube_tp0d0027p0d0123p0d0068_ip0d0058n0d0063p0d0039_mp0d0002p0d0195p0d0072.xml,sanity_phase1,True,0.012,2.0,1.0,2.0,2.182318608003423,0.04003430863642768,2.0,0.009440386679748874,9.47274698438988e-06,0.0026700165276494457,0.01226117259601896,0.006755428193157744,0.005831519725040962,-0.006284982002491805,0.003932208229509883,0.0001521947786814904,0.019464330946787185,0.007165036133727081,"[-0.04001940470092851, 1.927054644440314, -1.1594855537432496, -0.34162688701139093, 1.2769689729243838, 1.204786572892837, -0.06035565691833135, 1.4686096214874043, 1.0077210834958208]"
cube,414,/home/humanoid/Programs/hand/results/phase1/run_20260413_pollard_multiscene_500_cem/cube/generated_mjcf/scene_cube_tp0d0119p0d0161p0d0000_ip0d0066n0d0103p0d0010_mn0d0012p0d0040p0d0000.xml,sanity_phase1,True,0.012,2.0,2.0,2.0,2.8953081134033867,0.049708076420823456,3.0,0.009181622837197171,0.17407543767360048,0.011926975172027825,0.016136097000490002,0.0,0.006603760238197899,-0.010256639026435648,0.000980959618551415,-0.0012493701764418955,0.004048123202399532,0.0,"[-0.04001940470092851, 1.927054644440314, -1.1594855537432496, -0.34162688701139093, 1.2769689729243838, 1.204786572892837, -0.06035565691833135, 1.4686096214874043, 1.0077210834958208]"
cube,415,/home/humanoid/Programs/hand/results/phase1/run_20260413_pollard_multiscene_500_cem/cube/generated_mjcf/scene_cube_tp0d0091p0d0097p0d0079_ip0d0109n0d0031p0d0000_mp0d0176p0d0167p0d0000.xml,phase1_generated_scene,False,0.012,2.0,0.0,2.0,-0.023121715925782032,2.219730163566247e-10,0.0,0.011560861847418754,6.478394621191219e-16,0.00906606741877758,0.009713425617874147,0.00791014140138167,0.010867190352182917,-0.003114253838119847,0.0,0.017584104657214175,0.01666546351720368,0.0,"[-0.08337202103895916, 1.8605319144286032, -0.7166528214956971, -0.20232549634829014, 1.3752276270028914, 1.0099071845942287, -0.027513999795058437, 1.4670317022980226, 0.9865984519932638]"
cube,416,/home/humanoid/Programs/hand/results/phase1/run_20260413_pollard_multiscene_500_cem/cube/generated_mjcf/scene_cube_tn0d0072p0d0300p0d0000_in0d0010n0d0137p0d0020_mp0d0146p0d0033p0d0000.xml,sanity_phase1,True,0.012,2.0,2.0,2.0,2.7854497233422695,0.04629096506815833,3.0,0.009489668232455771,0.10503145052240298,-0.007174041971646325,0.03,0.0,-0.0009581709355264475,-0.013714458911787292,0.0019873955854658922,0.014588047567082667,0.0033140840490026857,0.0,"[-0.04001940470092851, 1.927054644440314, -1.1594855537432496, -0.34162688701139093, 1.2769689729243838, 1.204786572892837, -0.06035565691833135, 1.4686096214874043, 1.0077210834958208]"
cube,417,/home/humanoid/Programs/hand/results/phase1/run_20260413_pollard_multiscene_500_cem/cube/generated_mjcf/scene_cube_tn0d0119p0d0130p0d0033_ip0d0053n0d0196p0d0063_mp0d0108p0d0186p0d0073.xml,sanity_phase1,True,0.012,2.0,2.0,2.0,3.0101443010414193,0.06371779084843551,2.0,0.009989189326844066,9.015504004629563e-13,-0.011856844397496631,0.01301493444648736,0.0033127292805139857,0.005330779465385114,-0.019633635020686522,0.006301068543077583,0.01080103995901315,0.018606390761993538,0.007283380888463132,"[-0.04001940470092851, 1.927054644440314, -1.1594855537432496, -0.34162688701139093, 1.2769689729243838, 1.204786572892837, -0.06035565691833135, 1.4686096214874043, 1.0077210834958208]"
cube,418,/home/humanoid/Programs/hand/results/phase1/run_20260413_pollard_multiscene_500_cem/cube/generated_mjcf/scene_cube_tn0d0063p0d0094p0d0039_ip0d0171n0d0119p0d0074_mp0d0067p0d0205p0d0006.xml,phase1_generated_scene,False,0.012,2.0,0.0,2.0,1.0080105778406359,0.01834356729899242,1.0,0.017007138811138477,1.2146543285899254e-11,-0.006296620053095982,0.009416219417424817,0.003924512405020338,0.01710157573507877,-0.01187522612800575,0.007410642288759425,0.006671445387090337,0.020463784667246666,0.0006463969782932299,"[-0.08337202103895916, 1.8605319144286032, -0.7166528214956971, -0.20232549634829014, 1.3752276270028914, 1.0099071845942287, -0.027513999795058437, 1.4670317022980226, 0.9865984519932638]"
cube,419,/home/humanoid/Programs/hand/results/phase1/run_20260413_pollard_multiscene_500_cem/cube/generated_mjcf/scene_cube_tn0d0041p0d0241p0d0000_ip0d0099n0d0077p0d0052_mp0d0009p0d0211p0d0000.xml,sanity_phase1,False,0.012,2.0,0.0,2.0,2.0840588014958596,0.045224817345151096,2.0,0.012715148622963494,1.8225300555900117,-0.0041412976865153744,0.02409152225526526,0.0,0.009925318078709394,-0.0076590425951469,0.005194099965976872,0.0008881900785973618,0.021141476289865326,0.0,"[-0.04001940470092851, 1.927054644440314, -1.1594855537432496, -0.34162688701139093, 1.2769689729243838, 1.204786572892837, -0.06035565691833135, 1.4686096214874043, 1.0077210834958208]"
cube,420,/home/humanoid/Programs/hand/results/phase1/run_20260413_pollard_multiscene_500_cem/cube/generated_mjcf/scene_cube_tp0d0071p0d0239p0d0000_ip0d0117n0d0022p0d0000_mp0d0151p0d0196p0d0030.xml,sanity_phase1,True,0.012,2.0,2.0,2.0,2.9189508440234517,0.0498532741471546,3.0,0.009056257834116186,0.052008236391514064,0.007137772626772659,0.023857670287552885,0.0,0.011669115350941957,-0.002227125826247416,0.0,0.015091260244914308,0.019558435737760817,0.0029842274549594285,"[-0.04001940470092851, 1.927054644440314, -1.1594855537432496, -0.34162688701139093, 1.2769689729243838, 1.204786572892837, -0.06035565691833135, 1.4686096214874043, 1.0077210834958208]"
cube,421,/home/humanoid/Programs/hand/results/phase1/run_20260413_pollard_multiscene_500_cem/cube/generated_mjcf/scene_cube_tp0d0031p0d0156p0d0000_ip0d0072n0d0037p0d0005_mp0d0046p0d0088p0d0005.xml,phase1_generated_scene,True,0.012,2.0,1.0,2.0,2.7688619129800136,0.05738205306281845,2.0,0.010304024749302703,0.1260126314668443,0.003101723536340091,0.015595989589606042,0.0,0.0072454315533282704,-0.003652126546145917,0.0005213155205137689,0.004554379635483783,0.008842974072948777,0.0005496837176906175,"[-0.08337202103895916, 1.8605319144286032, -0.7166528214956971, -0.20232549634829014, 1.3752276270028914, 1.0099071845942287, -0.027513999795058437, 1.4670317022980226, 0.9865984519932638]"
cube,422,/home/humanoid/Programs/hand/results/phase1/run_20260413_pollard_multiscene_500_cem/cube/generated_mjcf/scene_cube_tp0d0075p0d0090p0d0000_ip0d0095n0d0057p0d0041_mp0d0134p0d0225p0d0000.xml,sanity_phase1,True,0.012,2.0,2.0,2.0,2.160780947712091,0.039473288094741654,2.0,0.010390415180769398,2.20349488528996e-05,0.00753359398917278,0.009021919988826161,0.0,0.009544862541769275,-0.005731684550799405,0.004082674828820045,0.013428867191625499,0.02246770650074717,0.0,"[-0.04001940470092851, 1.927054644440314, -1.1594855537432496, -0.34162688701139093, 1.2769689729243838, 1.204786572892837, -0.06035565691833135, 1.4686096214874043, 1.0077210834958208]"
cube,423,/home/humanoid/Programs/hand/results/phase1/run_20260413_pollard_multiscene_500_cem/cube/generated_mjcf/scene_cube_tp0d0012p0d0181p0d0075_ip0d0212n0d0045p0d0015_mp0d0201p0d0059p0d0019.xml,phase1_generated_scene,False,0.012,2.0,0.0,2.0,1.199774056553414,0.023506884085003336,1.0,0.011483443210849362,2.632648413837121e-14,0.001238563357003111,0.018056065507205808,0.007519693428228502,0.021206132398409232,-0.004470630085174411,0.001547317764403448,0.020053196267056254,0.005944634302786423,0.0019053686702290105,"[-0.08337202103895916, 1.8605319144286032, -0.7166528214956971, -0.20232549634829014, 1.3752276270028914, 1.0099071845942287, -0.027513999795058437, 1.4670317022980226, 0.9865984519932638]"
cube,424,/home/humanoid/Programs/hand/results/phase1/run_20260413_pollard_multiscene_500_cem/cube/generated_mjcf/scene_cube_tp0d0094p0d0236p0d0023_ip0d0102n0d0222p0d0000_mp0d0161p0d0091p0d0072.xml,sanity_phase1,True,0.012,2.0,2.0,2.0,3.177349392148617,0.057589395052831394,3.0,0.009343598328959585,0.13061492028375304,0.009439976988392936,0.0235887609771427,0.0023219766442525783,0.010182597409066308,-0.022214054731901495,0.0,0.01607133661999266,0.00907854784007011,0.007199720664709967,"[-0.04001940470092851, 1.927054644440314, -1.1594855537432496, -0.34162688701139093, 1.2769689729243838, 1.204786572892837, -0.06035565691833135, 1.4686096214874043, 1.0077210834958208]"
cube,425,/home/humanoid/Programs/hand/results/phase1/run_20260413_pollard_multiscene_500_cem/cube/generated_mjcf/scene_cube_tn0d0097p0d0265p0d0000_ip0d0173n0d0239p0d0060_mp0d0079p0d0266p0d0000.xml,sanity_phase1,False,0.012,2.0,0.0,2.0,1.6891923673315838,0.041239080148049015,2.0,0.01834353200442323,3.449922492275236,-0.009735946968143526,0.026515306910265567,0.0,0.017292401019917678,-0.023949163087233355,0.0060141306694627104,0.00787056582813915,0.026566998527488665,0.0,"[-0.04001940470092851, 1.927054644440314, -1.1594855537432496, -0.34162688701139093, 1.2769689729243838, 1.204786572892837, -0.06035565691833135, 1.4686096214874043, 1.0077210834958208]"
cube,426,/home/humanoid/Programs/hand/results/phase1/run_20260413_pollard_multiscene_500_cem/cube/generated_mjcf/scene_cube_tn0d0023p0d0240p0d0049_ip0d0145n0d0043p0d0105_mp0d0153p0d0156p0d0059.xml,phase1_generated_scene,True,0.012,2.0,2.0,2.0,2.1617098032796416,0.039520776809007195,2.0,0.010755967502811143,3.633353325177164e-05,-0.002251750389289927,0.023967651029735318,0.004939390703879207,0.014508762345518499,-0.004347934226913543,0.010485183735368647,0.015342193193272654,0.015622395217333425,0.005919397109665846,"[-0.08337202103895916, 1.8605319144286032, -0.7166528214956971, -0.20232549634829014, 1.3752276270028914, 1.0099071845942287, -0.027513999795058437, 1.4670317022980226, 0.9865984519932638]"
cube,427,/home/humanoid/Programs/hand/results/phase1/run_20260413_pollard_multiscene_500_cem/cube/generated_mjcf/scene_cube_tp0d0116p0d0081p0d0063_ip0d0084n0d0079p0d0000_mp0d0035p0d0218p0d0063.xml,sanity_phase1,True,0.012,2.0,2.0,2.0,2.95374078447583,0.05116801731047458,3.0,0.008776120220376521,0.13058387300018226,0.011554127167321758,0.008094973935045711,0.00634021291148389,0.008382335375273374,-0.007888242921632352,0.0,0.0034908725353503265,0.021847055821519926,0.006253517562865806,"[-0.04001940470092851, 1.927054644440314, -1.1594855537432496, -0.34162688701139093, 1.2769689729243838, 1.204786572892837, -0.06035565691833135, 1.4686096214874043, 1.0077210834958208]"
cube,428,/home/humanoid/Programs/hand/results/phase1/run_20260413_pollard_multiscene_500_cem/cube/generated_mjcf/scene_cube_tp0d0039p0d0091p0d0000_ip0d0043n0d0228p0d0000_mp0d0132p0d0109p0d0085.xml,sanity_phase1,True,0.012,2.0,1.0,2.0,2.5511203558738327,0.07733187954284237,2.0,0.010486200266860838,6.23015351727953,0.003934916242328907,0.009055660371116435,0.0,0.0042966683546525174,-0.022817310905164527,0.0,0.013238842010290162,0.010876905015767713,0.008523745451003876,"[-0.04001940470092851, 1.927054644440314, -1.1594855537432496, -0.34162688701139093, 1.2769689729243838, 1.204786572892837, -0.06035565691833135, 1.4686096214874043, 1.0077210834958208]"
cube,429,/home/humanoid/Programs/hand/results/phase1/run_20260413_pollard_multiscene_500_cem/cube/generated_mjcf/scene_cube_tp0d0051p0d0136p0d0089_in0d0006n0d0155p0d0015_mp0d0118p0d0055p0d0053.xml,sanity_phase1,True,0.012,2.0,2.0,2.0,2.9150617860263655,0.04980017729859363,3.0,0.009048073289537682,0.06565515230224277,0.005125087482668465,0.013563331531296553,0.008941585970417887,-0.0005944345291723756,-0.015549005861688751,0.0015394288276203757,0.011795680983158995,0.005463134066536002,0.00529108644876362,"[-0.04001940470092851, 1.927054644440314, -1.1594855537432496, -0.34162688701139093, 1.2769689729243838, 1.204786572892837, -0.06035565691833135, 1.4686096214874043, 1.0077210834958208]"
cube,430,/home/humanoid/Programs/hand/results/phase1/run_20260413_pollard_multiscene_500_cem/cube/generated_mjcf/scene_cube_tp0d0108p0d0253p0d0023_ip0d0047n0d0158p0d0000_mp0d0045p0d0174p0d0005.xml,sanity_phase1,True,0.012,2.0,2.0,2.0,2.9244025811148693,0.049885582051363106,3.0,0.00872419649811487,0.027629317910733604,0.010755727203491484,0.025319041018740367,0.0023424459642572733,0.004681210473767024,-0.0158168109349753,0.0,0.004522423977653443,0.01743127013831674,0.00046354652795747506,"[-0.04001940470092851, 1.927054644440314, -1.1594855537432496, -0.34162688701139093, 1.2769689729243838, 1.204786572892837, -0.06035565691833135, 1.4686096214874043, 1.0077210834958208]"
cube,431,/home/humanoid/Programs/hand/results/phase1/run_20260413_pollard_multiscene_500_cem/cube/generated_mjcf/scene_cube_tn0d0090p0d0163p0d0012_ip0d0106n0d0210p0d0079_mp0d0186p0d0239p0d0033.xml,phase1_generated_scene,True,0.012,2.0,2.0,2.0,2.896813336764466,0.0605125263781823,2.0,0.010562543219804784,2.1536579237962922e-10,-0.009045069329629866,0.016286414078574243,0.001232079353439438,0.010607776781234562,-0.021005149767894388,0.007941771113298229,0.018568443556381972,0.023899946224055856,0.0033294426360466443,"[-0.08337202103895916, 1.8605319144286032, -0.7166528214956971, -0.20232549634829014, 1.3752276270028914, 1.0099071845942287, -0.027513999795058437, 1.4670317022980226, 0.9865984519932638]"
cube,432,/home/humanoid/Programs/hand/results/phase1/run_20260413_pollard_multiscene_500_cem/cube/generated_mjcf/scene_cube_tp0d0063p0d0270p0d0000_ip0d0020n0d0149p0d0044_mp0d0158p0d0060p0d0000.xml,phase1_generated_scene,True,0.012,2.0,2.0,2.0,2.9159041885757424,0.0497539814477761,3.0,0.009043741942469104,0.04931785474322072,0.0063085193443046805,0.02696360007822303,0.0,0.001961325675993948,-0.014902927055320836,0.00437067189933418,0.015768154956900225,0.005974865905798616,0.0,"[-0.08337202103895916, 1.8605319144286032, -0.7166528214956971, -0.20232549634829014, 1.3752276270028914, 1.0099071845942287, -0.027513999795058437, 1.4670317022980226, 0.9865984519932638]"
cube,433,/home/humanoid/Programs/hand/results/phase1/run_20260413_pollard_multiscene_500_cem/cube/generated_mjcf/scene_cube_tn0d0039p0d0300p0d0000_in0d0010n0d0194p0d0059_mp0d0206p0d0041p0d0000.xml,phase1_generated_scene,True,0.012,2.0,1.0,2.0,2.100241630583675,0.046446782171808795,2.0,0.01095546111287903,2.0232321546924967,-0.003949258224395914,0.03,0.0,-0.0009504631194709491,-0.019444312238559795,0.005891477691566099,0.02061378315896422,0.004131062854890644,0.0,"[-0.08337202103895916, 1.8605319144286032, -0.7166528214956971, -0.20232549634829014, 1.3752276270028914, 1.0099071845942287, -0.027513999795058437, 1.4670317022980226, 0.9865984519932638]"
cube,434,/home/humanoid/Programs/hand/results/phase1/run_20260413_pollard_multiscene_500_cem/cube/generated_mjcf/scene_cube_tp0d0061p0d0184p0d0000_ip0d0176n0d0215p0d0000_mp0d0035p0d0238p0d0000.xml,sanity_phase1,False,0.012,2.0,0.0,2.0,2.0975672406469146,0.04307383420529952,2.0,0.01506217210162142,1.1992840822355038,0.006131997720201,0.018435290362744716,0.0,0.017619931956625062,-0.021477761725560728,0.0,0.0035011270404651136,0.02378280003369332,0.0,"[-0.04001940470092851, 1.927054644440314, -1.1594855537432496, -0.34162688701139093, 1.2769689729243838, 1.204786572892837, -0.06035565691833135, 1.4686096214874043, 1.0077210834958208]"
cube,435,/home/humanoid/Programs/hand/results/phase1/run_20260413_pollard_multiscene_500_cem/cube/generated_mjcf/scene_cube_tp0d0106p0d0242p0d0000_ip0d0096n0d0043p0d0000_mp0d0168p0d0273p0d0000.xml,phase1_generated_scene,True,0.012,2.0,2.0,2.0,2.9279340355895207,0.04990547007732585,3.0,0.009053316911544703,0.004338555291967819,0.01063084908390945,0.024171536197284713,0.0,0.009551757925849768,-0.004272562894365733,0.0,0.01678767899884418,0.02727275818868951,0.0,"[-0.08337202103895916, 1.8605319144286032, -0.7166528214956971, -0.20232549634829014, 1.3752276270028914, 1.0099071845942287, -0.027513999795058437, 1.4670317022980226, 0.9865984519932638]"
cube,436,/home/humanoid/Programs/hand/results/phase1/run_20260413_pollard_multiscene_500_cem/cube/generated_mjcf/scene_cube_tn0d0076p0d0236p0d0000_ip0d0170n0d0200p0d0017_mn0d0013p0d0079p0d0047.xml,phase1_generated_scene,False,0.012,2.0,0.0,2.0,-0.03960503485737812,6.34638175345259e-13,0.0,0.019802517439795178,6.369263424557984e-16,-0.007610571290414185,0.023550381931943205,0.0,0.016999661265836574,-0.019983140800411376,0.0017189998139261614,-0.0013349599660444859,0.007934704045173926,0.004699890575137328,"[-0.08337202103895916, 1.8605319144286032, -0.7166528214956971, -0.20232549634829014, 1.3752276270028914, 1.0099071845942287, -0.027513999795058437, 1.4670317022980226, 0.9865984519932638]"
cube,437,/home/humanoid/Programs/hand/results/phase1/run_20260413_pollard_multiscene_500_cem/cube/generated_mjcf/scene_cube_tp0d0026p0d0114p0d0000_ip0d0156n0d0003p0d0000_mp0d0170p0d0047p0d0000.xml,phase1_generated_scene,True,0.012,2.0,2.0,2.0,2.638521344245631,0.05316615648652783,2.0,0.011147066345184633,6.164938502453255e-10,0.0026176839625111185,0.011391178484980292,0.0,0.015624984481607816,-0.0003278282907494979,0.0,0.01703328899292387,0.004654251325363892,0.0,"[-0.08337202103895916, 1.8605319144286032, -0.7166528214956971, -0.20232549634829014, 1.3752276270028914, 1.0099071845942287, -0.027513999795058437, 1.4670317022980226, 0.9865984519932638]"
cube,438,/home/humanoid/Programs/hand/results/phase1/run_20260413_pollard_multiscene_500_cem/cube/generated_mjcf/scene_cube_tp0d0102p0d0223p0d0000_ip0d0153n0d0106p0d0001_mp0d0175p0d0220p0d0000.xml,sanity_phase1,True,0.012,2.0,2.0,2.0,2.926770905459811,0.050276265271874856,3.0,0.009043459235690077,0.09874307056285773,0.01018342807798086,0.02234125613906514,0.0,0.015265627310635044,-0.01062878129420388,0.0001183555941337601,0.017501498305174445,0.02201449786772612,0.0,"[-0.04001940470092851, 1.927054644440314, -1.1594855537432496, -0.34162688701139093, 1.2769689729243838, 1.204786572892837, -0.06035565691833135, 1.4686096214874043, 1.0077210834958208]"
cube,439,/home/humanoid/Programs/hand/results/phase1/run_20260413_pollard_multiscene_500_cem/cube/generated_mjcf/scene_cube_tp0d0041p0d0221p0d0000_ip0d0023n0d0110p0d0000_mp0d0163p0d0236p0d0038.xml,sanity_phase1,True,0.012,2.0,2.0,2.0,2.919215991658877,0.049852523377314134,3.0,0.009033655098009916,0.0503667756739876,0.004055396234236862,0.02212583123867185,0.0,0.002321135574197007,-0.011019493156771299,0.0,0.016328507377646455,0.0235699176351113,0.0038354519921154837,"[-0.04001940470092851, 1.927054644440314, -1.1594855537432496, -0.34162688701139093, 1.2769689729243838, 1.204786572892837, -0.06035565691833135, 1.4686096214874043, 1.0077210834958208]"
cube,440,/home/humanoid/Programs/hand/results/phase1/run_20260413_pollard_multiscene_500_cem/cube/generated_mjcf/scene_cube_tn0d0057p0d0197p0d0105_ip0d0083n0d0174p0d0070_mp0d0210p0d0172p0d0027.xml,sanity_phase1,True,0.012,2.0,2.0,2.0,2.289053006565385,0.04318766800549016,2.0,0.011257686813365595,2.63058855453694e-13,-0.0057197918777049635,0.019696955628222775,0.010458688009170419,0.008337152167123458,-0.01735205375378309,0.007023605683724916,0.02102385264600795,0.017152563023836435,0.002682832330421164,"[-0.04001940470092851, 1.927054644440314, -1.1594855537432496, -0.34162688701139093, 1.2769689729243838, 1.204786572892837, -0.06035565691833135, 1.4686096214874043, 1.0077210834958208]"
cube,441,/home/humanoid/Programs/hand/results/phase1/run_20260413_pollard_multiscene_500_cem/cube/generated_mjcf/scene_cube_tp0d0019p0d0226p0d0066_ip0d0082n0d0120p0d0000_mp0d0103p0d0238p0d0000.xml,phase1_generated_scene,True,0.012,2.0,2.0,2.0,3.1382343913536013,0.0560481473451266,3.0,0.009316104673426284,0.03212370919318084,0.0019416655371988813,0.02259363229947895,0.006594002727760957,0.008215286594117186,-0.01202021011361221,0.0,0.010305003915128633,0.023819476571518408,0.0,"[-0.08337202103895916, 1.8605319144286032, -0.7166528214956971, -0.20232549634829014, 1.3752276270028914, 1.0099071845942287, -0.027513999795058437, 1.4670317022980226, 0.9865984519932638]"
cube,442,/home/humanoid/Programs/hand/results/phase1/run_20260413_pollard_multiscene_500_cem/cube/generated_mjcf/scene_cube_tp0d0098p0d0113p0d0000_ip0d0119n0d0008p0d0043_mp0d0123p0d0187p0d0000.xml,sanity_phase1,True,0.012,2.0,2.0,2.0,2.1884917430662236,0.04022018667948051,2.0,0.009606311051893033,1.4457412055066323e-05,0.009780483521716198,0.01132231065837554,0.0,0.011857494599218721,-0.0007928173974697684,0.004320046888400382,0.012275952742412203,0.018654839480562325,0.0,"[-0.04001940470092851, 1.927054644440314, -1.1594855537432496, -0.34162688701139093, 1.2769689729243838, 1.204786572892837, -0.06035565691833135, 1.4686096214874043, 1.0077210834958208]"
cube,443,/home/humanoid/Programs/hand/results/phase1/run_20260413_pollard_multiscene_500_cem/cube/generated_mjcf/scene_cube_tp0d0113p0d0300p0d0000_in0d0006n0d0191p0d0000_mp0d0187p0d0119p0d0095.xml,sanity_phase1,True,0.012,2.0,2.0,2.0,2.9176689732015166,0.049695734738844054,3.0,0.008986442552264383,0.024725717023310965,0.011258075666834896,0.03,0.0,-0.0006457849871351617,-0.019081365910640965,0.0,0.018655235429646706,0.01185682668301296,0.009518651544530462,"[-0.04001940470092851, 1.927054644440314, -1.1594855537432496, -0.34162688701139093, 1.2769689729243838, 1.204786572892837, -0.06035565691833135, 1.4686096214874043, 1.0077210834958208]"
cube,444,/home/humanoid/Programs/hand/results/phase1/run_20260413_pollard_multiscene_500_cem/cube/generated_mjcf/scene_cube_tp0d0000p0d0094p0d0090_ip0d0033n0d0070p0d0000_mn0d0015p0d0115p0d0011.xml,sanity_phase1,False,0.012,2.0,0.0,2.0,-0.03882320663864552,8.174017018802715e-14,0.0,0.019411603320753163,6.25040882905267e-16,3.9475085303166194e-05,0.009449388158865814,0.009004617717149246,0.0033270163392911,-0.006972047386813037,0.0,-0.0014581746872513821,0.01150486117663375,0.0011050946491694934,"[-0.04001940470092851, 1.927054644440314, -1.1594855537432496, -0.34162688701139093, 1.2769689729243838, 1.204786572892837, -0.06035565691833135, 1.4686096214874043, 1.0077210834958208]"
cube,445,/home/humanoid/Programs/hand/results/phase1/run_20260413_pollard_multiscene_500_cem/cube/generated_mjcf/scene_cube_tp0d0077p0d0300p0d0000_ip0d0026n0d0098p0d0003_mp0d0090p0d0242p0d0073.xml,sanity_phase1,True,0.012,2.0,2.0,2.0,2.9300955571470877,0.04994253179123388,3.0,0.008854961103436407,0.0012208889281693997,0.00768753876739613,0.03,0.0,0.0025976512521246773,-0.009816610602493132,0.00029591957992342564,0.009017485474437894,0.024158653166428484,0.007259589915213454,"[-0.04001940470092851, 1.927054644440314, -1.1594855537432496, -0.34162688701139093, 1.2769689729243838, 1.204786572892837, -0.06035565691833135, 1.4686096214874043, 1.0077210834958208]"
cube,446,/home/humanoid/Programs/hand/results/phase1/run_20260413_pollard_multiscene_500_cem/cube/generated_mjcf/scene_cube_tn0d0011p0d0133p0d0000_ip0d0064n0d0056p0d0000_mp0d0169p0d0078p0d0097.xml,sanity_phase1,True,0.012,2.0,2.0,2.0,3.4407944508903827,0.06477713711019967,3.0,0.009506658340749914,0.0492802085673732,-0.0011360838082298663,0.01325824991429327,0.0,0.006370644463462772,-0.005629206754397946,0.0,0.016873785784942086,0.00783212339710345,0.009701247693015839,"[-0.04001940470092851, 1.927054644440314, -1.1594855537432496, -0.34162688701139093, 1.2769689729243838, 1.204786572892837, -0.06035565691833135, 1.4686096214874043, 1.0077210834958208]"
cube,447,/home/humanoid/Programs/hand/results/phase1/run_20260413_pollard_multiscene_500_cem/cube/generated_mjcf/scene_cube_tn0d0090p0d0157p0d0000_ip0d0219n0d0157p0d0059_mp0d0063p0d0143p0d0034.xml,phase1_generated_scene,False,0.012,2.0,0.0,2.0,1.0118556174471787,0.018523646441008925,1.0,0.01823600394966095,5.920790830150369e-10,-0.00904278167422818,0.015719803582083764,0.0,0.02194357027748288,-0.01567893837806663,0.005854617823766374,0.006262715532870271,0.0143171905155444,0.00339523737421424,"[-0.08337202103895916, 1.8605319144286032, -0.7166528214956971, -0.20232549634829014, 1.3752276270028914, 1.0099071845942287, -0.027513999795058437, 1.4670317022980226, 0.9865984519932638]"
cube,448,/home/humanoid/Programs/hand/results/phase1/run_20260413_pollard_multiscene_500_cem/cube/generated_mjcf/scene_cube_tp0d0003p0d0134p0d0000_ip0d0206n0d0099p0d0000_mp0d0083p0d0251p0d0000.xml,phase1_generated_scene,False,0.012,2.0,0.0,2.0,2.020659099584072,0.0357974484914627,2.0,0.01612579849106315,4.233311279370059e-09,0.0002617629877949522,0.013412109453143835,0.0,0.020648687224171146,-0.009855365425905357,0.0,0.008263438874933736,0.02514626012262553,0.0,"[-0.08337202103895916, 1.8605319144286032, -0.7166528214956971, -0.20232549634829014, 1.3752276270028914, 1.0099071845942287, -0.027513999795058437, 1.4670317022980226, 0.9865984519932638]"
cube,449,/home/humanoid/Programs/hand/results/phase1/run_20260413_pollard_multiscene_500_cem/cube/generated_mjcf/scene_cube_tn0d0067p0d0251p0d0000_ip0d0118n0d0189p0d0103_mp0d0178p0d0230p0d0000.xml,phase1_generated_scene,True,0.012,2.0,2.0,2.0,2.6471336736111932,0.04321066182658006,3.0,0.009601408104137088,0.30691116073889807,-0.006688079787446489,0.025055041151438993,0.0,0.011787691163478548,-0.018857419838083388,0.010269059958378499,0.017802052151034024,0.02298066643960671,0.0,"[-0.08337202103895916, 1.8605319144286032, -0.7166528214956971, -0.20232549634829014, 1.3752276270028914, 1.0099071845942287, -0.027513999795058437, 1.4670317022980226, 0.9865984519932638]"
cube,450,/home/humanoid/Programs/hand/results/phase1/run_20260413_pollard_multiscene_500_cem/cube/generated_mjcf/scene_cube_tn0d0115p0d0097p0d0000_ip0d0058n0d0039p0d0082_mp0d0180p0d0149p0d0014.xml,phase1_generated_scene,True,0.012,2.0,2.0,2.0,3.246629494391596,0.059042645313577446,3.0,0.009931545753314003,5.132458794788941e-10,-0.011498837979600898,0.009706578963080024,0.0,0.005800274182427564,-0.003875181551276056,0.008213794678798934,0.018034952841468985,0.014892628460001858,0.0014142894425570804,"[-0.08337202103895916, 1.8605319144286032, -0.7166528214956971, -0.20232549634829014, 1.3752276270028914, 1.0099071845942287, -0.027513999795058437, 1.4670317022980226, 0.9865984519932638]"
cube,451,/home/humanoid/Programs/hand/results/phase1/run_20260413_pollard_multiscene_500_cem/cube/generated_mjcf/scene_cube_tn0d0015p0d0169p0d0000_ip0d0172n0d0104p0d0011_mp0d0107p0d0072p0d0079.xml,phase1_generated_scene,False,0.012,2.0,0.0,2.0,1.3253429274328288,0.027151444607046476,1.0,0.012478816906729126,2.2654069531671053e-12,-0.0015262415059165927,0.016865296197385568,0.0,0.01723625189913445,-0.010377268605681585,0.0010902005619215262,0.010692937551189264,0.007170400093331903,0.007890693852559163,"[-0.08337202103895916, 1.8605319144286032, -0.7166528214956971, -0.20232549634829014, 1.3752276270028914, 1.0099071845942287, -0.027513999795058437, 1.4670317022980226, 0.9865984519932638]"
cube,452,/home/humanoid/Programs/hand/results/phase1/run_20260413_pollard_multiscene_500_cem/cube/generated_mjcf/scene_cube_tp0d0042p0d0187p0d0000_in0d0003n0d0036p0d0030_mp0d0164p0d0240p0d0000.xml,sanity_phase1,True,0.012,2.0,2.0,2.0,2.92562099848975,0.04990538616392137,3.0,0.008987527471212309,0.020616415367158844,0.004224288169672047,0.018713736538135094,0.0,-0.0002762932500023751,-0.0035924675596602177,0.0029657756018682153,0.016360768858148723,0.02400119577539169,0.0,"[-0.04001940470092851, 1.927054644440314, -1.1594855537432496, -0.34162688701139093, 1.2769689729243838, 1.204786572892837, -0.06035565691833135, 1.4686096214874043, 1.0077210834958208]"
cube,453,/home/humanoid/Programs/hand/results/phase1/run_20260413_pollard_multiscene_500_cem/cube/generated_mjcf/scene_cube_tn0d0023p0d0300p0d0000_ip0d0087n0d0088p0d0000_mp0d0061p0d0096p0d0107.xml,sanity_phase1,True,0.012,2.0,2.0,2.0,2.890751239741401,0.049280355121151254,3.0,0.009290906086345333,0.1031958488413512,-0.002253257700280441,0.02996832043086915,0.0,0.008742601393709004,-0.008847917458295534,0.0,0.006059896220482771,0.009636807884215167,0.010725091745554787,"[-0.04001940470092851, 1.927054644440314, -1.1594855537432496, -0.34162688701139093, 1.2769689729243838, 1.204786572892837, -0.06035565691833135, 1.4686096214874043, 1.0077210834958208]"
cube,454,/home/humanoid/Programs/hand/results/phase1/run_20260413_pollard_multiscene_500_cem/cube/generated_mjcf/scene_cube_tn0d0120p0d0128p0d0116_ip0d0050n0d0194p0d0076_mp0d0166p0d0127p0d0000.xml,phase1_generated_scene,False,0.012,2.0,0.0,2.0,1.7192597803781084,0.03835103170713358,1.0,0.01151316468267242,4.148139905579458e-11,-0.011972388872996056,0.01282487263656613,0.011611864056680684,0.005026344630147989,-0.019399767209179065,0.007643009671431975,0.01662868765354221,0.01269309732471084,0.0,"[-0.08337202103895916, 1.8605319144286032, -0.7166528214956971, -0.20232549634829014, 1.3752276270028914, 1.0099071845942287, -0.027513999795058437, 1.4670317022980226, 0.9865984519932638]"
cube,455,/home/humanoid/Programs/hand/results/phase1/run_20260413_pollard_multiscene_500_cem/cube/generated_mjcf/scene_cube_tn0d0042p0d0280p0d0000_ip0d0104n0d0162p0d0000_mp0d0194p0d0120p0d0006.xml,sanity_phase1,True,0.012,2.0,2.0,2.0,3.143217146489444,0.058792465486950204,3.0,0.009637550153513764,0.6349603016452412,-0.004184508743415265,0.027977910545990033,0.0,0.010384936074195428,-0.016192820587361226,0.0,0.019421232223716424,0.011961081300551542,0.0006333455042184973,"[-0.04001940470092851, 1.927054644440314, -1.1594855537432496, -0.34162688701139093, 1.2769689729243838, 1.204786572892837, -0.06035565691833135, 1.4686096214874043, 1.0077210834958208]"
cube,456,/home/humanoid/Programs/hand/results/phase1/run_20260413_pollard_multiscene_500_cem/cube/generated_mjcf/scene_cube_tn0d0040p0d0123p0d0003_ip0d0092n0d0065p0d0071_mp0d0134p0d0052p0d0000.xml,phase1_generated_scene,True,0.012,2.0,2.0,2.0,2.9907148513837396,0.06321275112862572,2.0,0.010865719052284442,9.061012817062768e-11,-0.004036233379079683,0.01228166921896134,0.0003371369671329571,0.009179435430101485,-0.006514778638218343,0.007092787816219352,0.01344244043374698,0.005212812531370138,0.0,"[-0.08337202103895916, 1.8605319144286032, -0.7166528214956971, -0.20232549634829014, 1.3752276270028914, 1.0099071845942287, -0.027513999795058437, 1.4670317022980226, 0.9865984519932638]"
cube,457,/home/humanoid/Programs/hand/results/phase1/run_20260413_pollard_multiscene_500_cem/cube/generated_mjcf/scene_cube_tn0d0077p0d0092p0d0053_ip0d0059n0d0119p0d0000_mp0d0084p0d0256p0d0009.xml,sanity_phase1,False,0.012,2.0,0.0,2.0,1.0611542981861588,0.01949833615854537,1.0,0.010643733647298747,4.5554574817601074e-10,-0.0077221560129722205,0.009241343482545189,0.005305268489148921,0.005934026353985964,-0.01189567654957444,0.0,0.008416652191713826,0.02558215821274215,0.0008878869964164988,"[-0.04001940470092851, 1.927054644440314, -1.1594855537432496, -0.34162688701139093, 1.2769689729243838, 1.204786572892837, -0.06035565691833135, 1.4686096214874043, 1.0077210834958208]"
cube,458,/home/humanoid/Programs/hand/results/phase1/run_20260413_pollard_multiscene_500_cem/cube/generated_mjcf/scene_cube_tn0d0087p0d0102p0d0000_ip0d0007n0d0098p0d0001_mp0d0183p0d0189p0d0098.xml,sanity_phase1,True,0.012,2.0,2.0,2.0,2.8365557874208793,0.04780224162448619,3.0,0.009400026775703103,0.11815077256487554,-0.008684111063004037,0.010177429826163853,0.0,0.0006950654730162355,-0.009834574943168922,9.944646366308318e-05,0.018299039648385917,0.01888504637861417,0.00980088854210293,"[-0.04001940470092851, 1.927054644440314, -1.1594855537432496, -0.34162688701139093, 1.2769689729243838, 1.204786572892837, -0.06035565691833135, 1.4686096214874043, 1.0077210834958208]"
cube,459,/home/humanoid/Programs/hand/results/phase1/run_20260413_pollard_multiscene_500_cem/cube/generated_mjcf/scene_cube_tp0d0038p0d0277p0d0015_ip0d0094n0d0050p0d0087_mp0d0111p0d0248p0d0007.xml,phase1_generated_scene,True,0.012,2.0,2.0,2.0,2.902218164620418,0.04946551007686858,3.0,0.00922626010738273,0.07081445236811267,0.0038372290418067397,0.027679147460744107,0.00146902495111516,0.009444239676410551,-0.005007706588113394,0.008700653976734352,0.01105983181184128,0.024784398737338946,0.0006566282614868125,"[-0.08337202103895916, 1.8605319144286032, -0.7166528214956971, -0.20232549634829014, 1.3752276270028914, 1.0099071845942287, -0.027513999795058437, 1.4670317022980226, 0.9865984519932638]"
cube,460,/home/humanoid/Programs/hand/results/phase1/run_20260413_pollard_multiscene_500_cem/cube/generated_mjcf/scene_cube_tp0d0051p0d0151p0d0076_in0d0005n0d0087p0d0083_mp0d0021p0d0071p0d0000.xml,sanity_phase1,True,0.012,2.0,2.0,2.0,3.0321586526000055,0.054156454702311105,3.0,0.009362389113239831,0.2972832250293602,0.005070275558583852,0.015144088267443812,0.0076441035634370325,-0.0004886669091993274,-0.008682677275442627,0.008332307329351672,0.0020755398598146044,0.007136235813742821,0.0,"[-0.04001940470092851, 1.927054644440314, -1.1594855537432496, -0.34162688701139093, 1.2769689729243838, 1.204786572892837, -0.06035565691833135, 1.4686096214874043, 1.0077210834958208]"
cube,461,/home/humanoid/Programs/hand/results/phase1/run_20260413_pollard_multiscene_500_cem/cube/generated_mjcf/scene_cube_tn0d0027p0d0160p0d0096_ip0d0197n0d0084p0d0031_mp0d0191p0d0191p0d0000.xml,sanity_phase1,False,0.012,2.0,0.0,2.0,2.1539864413183065,0.03950835545176945,2.0,0.014402999742429442,5.843620377398222e-11,-0.0027418946600591115,0.015962260923850703,0.009641864745706736,0.019737998008139197,-0.008400394671306056,0.003105569813784431,0.019108178305188572,0.01911854850404001,0.0,"[-0.04001940470092851, 1.927054644440314, -1.1594855537432496, -0.34162688701139093, 1.2769689729243838, 1.204786572892837, -0.06035565691833135, 1.4686096214874043, 1.0077210834958208]"
cube,462,/home/humanoid/Programs/hand/results/phase1/run_20260413_pollard_multiscene_500_cem/cube/generated_mjcf/scene_cube_tn0d0074p0d0158p0d0080_ip0d0193n0d0065p0d0068_mp0d0003p0d0179p0d0022.xml,sanity_phase1,False,0.012,2.0,0.0,2.0,2.2181061431879634,0.04155625670841999,2.0,0.018135599220767778,0.0006109544346703007,-0.007404738332604117,0.015765543940939562,0.007990530901553664,0.019324819285983626,-0.006543558792698018,0.006772267263960373,0.0002677811277845294,0.017936383260698505,0.0021669874134804725,"[-0.04001940470092851, 1.927054644440314, -1.1594855537432496, -0.34162688701139093, 1.2769689729243838, 1.204786572892837, -0.06035565691833135, 1.4686096214874043, 1.0077210834958208]"
cube,463,/home/humanoid/Programs/hand/results/phase1/run_20260413_pollard_multiscene_500_cem/cube/generated_mjcf/scene_cube_tn0d0051p0d0300p0d0000_ip0d0060n0d0056p0d0000_mn0d0001p0d0189p0d0000.xml,sanity_phase1,True,0.012,2.0,2.0,2.0,1.961967116399556,0.043937201520781094,2.0,0.00928910677682159,2.3817114884942607,-0.005099808976157512,0.03,0.0,0.005961773689922919,-0.005637245574518971,0.0,-0.00013024896387718067,0.018937237793003735,0.0,"[-0.04001940470092851, 1.927054644440314, -1.1594855537432496, -0.34162688701139093, 1.2769689729243838, 1.204786572892837, -0.06035565691833135, 1.4686096214874043, 1.0077210834958208]"
cube,464,/home/humanoid/Programs/hand/results/phase1/run_20260413_pollard_multiscene_500_cem/cube/generated_mjcf/scene_cube_tn0d0054p0d0109p0d0107_ip0d0147n0d0019p0d0104_mp0d0043p0d0052p0d0098.xml,sanity_phase1,False,0.012,2.0,0.0,2.0,1.2830603897191055,0.026117908010573454,1.0,0.015533195325482488,2.8241096247839662e-15,-0.005388295655969974,0.010895009566350942,0.010705614806808997,0.014669172889080135,-0.0018880941279286554,0.010449585597510806,0.004269540828584654,0.005219547507113649,0.009837767568049896,"[-0.04001940470092851, 1.927054644440314, -1.1594855537432496, -0.34162688701139093, 1.2769689729243838, 1.204786572892837, -0.06035565691833135, 1.4686096214874043, 1.0077210834958208]"
cube,465,/home/humanoid/Programs/hand/results/phase1/run_20260413_pollard_multiscene_500_cem/cube/generated_mjcf/scene_cube_tp0d0032p0d0149p0d0000_ip0d0097n0d0096p0d0000_mp0d0036p0d0065p0d0091.xml,phase1_generated_scene,True,0.012,2.0,2.0,2.0,2.9368595956775025,0.06169241190847986,2.0,0.011186329928749702,1.4408411953973116e-05,0.0031694280086304993,0.014940037139802399,0.0,0.009734840540635576,-0.009609581632785089,0.0,0.0036017896508224985,0.006460760873302428,0.009061009487349163,"[-0.08337202103895916, 1.8605319144286032, -0.7166528214956971, -0.20232549634829014, 1.3752276270028914, 1.0099071845942287, -0.027513999795058437, 1.4670317022980226, 0.9865984519932638]"
cube,466,/home/humanoid/Programs/hand/results/phase1/run_20260413_pollard_multiscene_500_cem/cube/generated_mjcf/scene_cube_tn0d0008p0d0260p0d0051_ip0d0026n0d0104p0d0000_mp0d0041p0d0208p0d0000.xml,sanity_phase1,True,0.012,2.0,2.0,2.0,2.9151123887571124,0.0497319893728459,3.0,0.009089997424188223,0.048848296294115495,-0.00081991629980422,0.026034750194938505,0.005062310391965544,0.0025952577325081662,-0.010359114817091094,0.0,0.0040665430258067965,0.020832864965785874,0.0,"[-0.04001940470092851, 1.927054644440314, -1.1594855537432496, -0.34162688701139093, 1.2769689729243838, 1.204786572892837, -0.06035565691833135, 1.4686096214874043, 1.0077210834958208]"
cube,467,/home/humanoid/Programs/hand/results/phase1/run_20260413_pollard_multiscene_500_cem/cube/generated_mjcf/scene_cube_tp0d0054p0d0136p0d0082_ip0d0144n0d0058p0d0089_mp0d0113p0d0095p0d0000.xml,phase1_generated_scene,False,0.012,2.0,0.0,2.0,-0.05476870255950774,1.9106903559329425e-12,0.0,0.02738435131319091,6.114274433482624e-16,0.005381576913038623,0.013579279121502625,0.008177907166183992,0.014367376935843145,-0.0058438262028245504,0.008891983580539647,0.011325897271811802,0.00948655199872318,0.0,"[-0.08337202103895916, 1.8605319144286032, -0.7166528214956971, -0.20232549634829014, 1.3752276270028914, 1.0099071845942287, -0.027513999795058437, 1.4670317022980226, 0.9865984519932638]"
cube,468,/home/humanoid/Programs/hand/results/phase1/run_20260413_pollard_multiscene_500_cem/cube/generated_mjcf/scene_cube_tn0d0114p0d0187p0d0000_in0d0008n0d0220p0d0034_mn0d0007p0d0127p0d0000.xml,phase1_generated_scene,True,0.012,2.0,2.0,2.0,3.0817124566841563,0.06702475641643459,2.0,0.009457534740402637,0.30159298940165913,-0.011409274767089164,0.0186899836045733,0.0,-0.0008462088297067905,-0.021983896864782655,0.0034054610646400817,-0.0006828656042447961,0.012675653524392668,0.0,"[-0.08337202103895916, 1.8605319144286032, -0.7166528214956971, -0.20232549634829014, 1.3752276270028914, 1.0099071845942287, -0.027513999795058437, 1.4670317022980226, 0.9865984519932638]"
cube,469,/home/humanoid/Programs/hand/results/phase1/run_20260413_pollard_multiscene_500_cem/cube/generated_mjcf/scene_cube_tn0d0118p0d0098p0d0078_ip0d0157n0d0179p0d0052_mp0d0014p0d0208p0d0000.xml,sanity_phase1,False,0.012,2.0,0.0,2.0,0.98781655340548,0.01800427415295217,1.0,0.02116652092022007,7.160385310386944e-10,-0.011765599472505791,0.009785349809807487,0.007848847332914674,0.015698333536894954,-0.017885917142791793,0.005184286748598808,0.001352126037304658,0.020801664430839015,0.0,"[-0.04001940470092851, 1.927054644440314, -1.1594855537432496, -0.34162688701139093, 1.2769689729243838, 1.204786572892837, -0.06035565691833135, 1.4686096214874043, 1.0077210834958208]"
cube,470,/home/humanoid/Programs/hand/results/phase1/run_20260413_pollard_multiscene_500_cem/cube/generated_mjcf/scene_cube_tp0d0022p0d0300p0d0106_in0d0001n0d0100p0d0000_mn0d0008p0d0202p0d0001.xml,phase1_generated_scene,True,0.012,2.0,2.0,2.0,2.952604128148854,0.050743985091060206,3.0,0.008986870167152258,0.036410731359658555,0.00222650229601605,0.03,0.010567096174962709,-5.7014551148235754e-05,-0.010043033904746949,0.0,-0.0007655641616628912,0.020205489345903757,0.0001371397360768658,"[-0.08337202103895916, 1.8605319144286032, -0.7166528214956971, -0.20232549634829014, 1.3752276270028914, 1.0099071845942287, -0.027513999795058437, 1.4670317022980226, 0.9865984519932638]"
cube,471,/home/humanoid/Programs/hand/results/phase1/run_20260413_pollard_multiscene_500_cem/cube/generated_mjcf/scene_cube_tp0d0030p0d0113p0d0000_ip0d0151n0d0021p0d0000_mp0d0216p0d0086p0d0000.xml,sanity_phase1,True,0.012,2.0,2.0,2.0,2.935020237262404,0.06236634804667724,2.0,0.009716756248836998,0.18912287915750034,0.003032211930165382,0.011261223420214555,0.0,0.015117565516981355,-0.0020649879170627477,0.0,0.021614954396179616,0.008557351577785258,0.0,"[-0.04001940470092851, 1.927054644440314, -1.1594855537432496, -0.34162688701139093, 1.2769689729243838, 1.204786572892837, -0.06035565691833135, 1.4686096214874043, 1.0077210834958208]"
cube,472,/home/humanoid/Programs/hand/results/phase1/run_20260413_pollard_multiscene_500_cem/cube/generated_mjcf/scene_cube_tp0d0055p0d0142p0d0109_in0d0009n0d0107p0d0073_mp0d0158p0d0263p0d0000.xml,phase1_generated_scene,True,0.012,2.0,2.0,2.0,2.9310828599793,0.050276642201461885,3.0,0.009249218110999822,0.06734120566577498,0.005482028692666837,0.014177397811001843,0.010903324251496305,-0.0008679015118163037,-0.010667320474653916,0.00725789014008766,0.015787351380811068,0.02633354953180985,0.0,"[-0.08337202103895916, 1.8605319144286032, -0.7166528214956971, -0.20232549634829014, 1.3752276270028914, 1.0099071845942287, -0.027513999795058437, 1.4670317022980226, 0.9865984519932638]"
cube,473,/home/humanoid/Programs/hand/results/phase1/run_20260413_pollard_multiscene_500_cem/cube/generated_mjcf/scene_cube_tp0d0028p0d0111p0d0000_ip0d0158n0d0076p0d0066_mp0d0190p0d0078p0d0052.xml,phase1_generated_scene,True,0.012,2.0,2.0,2.0,2.6628197623156282,0.053840077614801085,2.0,0.01079147710113706,9.071589890426934e-13,0.002787428416073051,0.011124309693084186,0.0,0.015762279253828677,-0.007609730635977962,0.006600435282516717,0.01895273993524628,0.007783232773671751,0.005163729948006412,"[-0.08337202103895916, 1.8605319144286032, -0.7166528214956971, -0.20232549634829014, 1.3752276270028914, 1.0099071845942287, -0.027513999795058437, 1.4670317022980226, 0.9865984519932638]"
cube,474,/home/humanoid/Programs/hand/results/phase1/run_20260413_pollard_multiscene_500_cem/cube/generated_mjcf/scene_cube_tp0d0075p0d0138p0d0000_ip0d0057n0d0219p0d0086_mp0d0161p0d0036p0d0000.xml,phase1_generated_scene,True,0.012,2.0,2.0,2.0,2.837913299789955,0.04780961506527728,3.0,0.009306477977080835,0.11206847693725677,0.007473701560144725,0.013832646818040854,0.0,0.005676260346304213,-0.021940866096397726,0.008647108538634853,0.016052627074017313,0.0035593571489968313,0.0,"[-0.08337202103895916, 1.8605319144286032, -0.7166528214956971, -0.20232549634829014, 1.3752276270028914, 1.0099071845942287, -0.027513999795058437, 1.4670317022980226, 0.9865984519932638]"
cube,475,/home/humanoid/Programs/hand/results/phase1/run_20260413_pollard_multiscene_500_cem/cube/generated_mjcf/scene_cube_tp0d0076p0d0300p0d0000_ip0d0208n0d0131p0d0000_mn0d0016p0d0056p0d0012.xml,phase1_generated_scene,True,0.012,2.0,2.0,2.0,2.95390645832901,0.05137558738995927,3.0,0.009522428849020428,0.1679616174768238,0.007629969449959299,0.03,0.0,0.02084695203995446,-0.013079106497613992,0.0,-0.0016474320179972243,0.005604879919699405,0.0012319919719836047,"[-0.08337202103895916, 1.8605319144286032, -0.7166528214956971, -0.20232549634829014, 1.3752276270028914, 1.0099071845942287, -0.027513999795058437, 1.4670317022980226, 0.9865984519932638]"
cube,476,/home/humanoid/Programs/hand/results/phase1/run_20260413_pollard_multiscene_500_cem/cube/generated_mjcf/scene_cube_tp0d0118p0d0279p0d0112_ip0d0203n0d0028p0d0075_mp0d0128p0d0199p0d0107.xml,phase1_generated_scene,True,0.012,2.0,2.0,2.0,1.214823554078886,0.04289208014746522,2.0,0.010695501472587313,7.10005498758148,0.011840430954169388,0.027935950600095887,0.01118669848282157,0.020329158687063302,-0.002805143197382407,0.007519427185789622,0.01275148782269786,0.019934227857964906,0.010702847419610532,"[-0.08337202103895916, 1.8605319144286032, -0.7166528214956971, -0.20232549634829014, 1.3752276270028914, 1.0099071845942287, -0.027513999795058437, 1.4670317022980226, 0.9865984519932638]"
cube,477,/home/humanoid/Programs/hand/results/phase1/run_20260413_pollard_multiscene_500_cem/cube/generated_mjcf/scene_cube_tp0d0035p0d0101p0d0008_ip0d0170n0d0216p0d0000_mp0d0184p0d0054p0d0000.xml,phase1_generated_scene,True,0.012,2.0,1.0,2.0,2.477101402751925,0.048520632601700336,2.0,0.010560369141009765,1.7045025265456162e-10,0.003532706305282232,0.010064409176203722,0.0007671164180321852,0.016983686550221457,-0.02158511885854595,0.0,0.018377546113442306,0.0054433989863529875,0.0,"[-0.08337202103895916, 1.8605319144286032, -0.7166528214956971, -0.20232549634829014, 1.3752276270028914, 1.0099071845942287, -0.027513999795058437, 1.4670317022980226, 0.9865984519932638]"
cube,478,/home/humanoid/Programs/hand/results/phase1/run_20260413_pollard_multiscene_500_cem/cube/generated_mjcf/scene_cube_tp0d0004p0d0216p0d0069_ip0d0154n0d0225p0d0015_mp0d0145p0d0270p0d0071.xml,sanity_phase1,True,0.012,2.0,1.0,2.0,2.8186500872972733,0.05827370690529583,2.0,0.010464827186515318,1.0033517456259507e-10,0.0004021373010342118,0.021570085370465064,0.006861995303780965,0.015395232114689744,-0.022512682614668177,0.0014686024647519863,0.014504301258655013,0.027042155239312353,0.007146943895862106,"[-0.04001940470092851, 1.927054644440314, -1.1594855537432496, -0.34162688701139093, 1.2769689729243838, 1.204786572892837, -0.06035565691833135, 1.4686096214874043, 1.0077210834958208]"
cube,479,/home/humanoid/Programs/hand/results/phase1/run_20260413_pollard_multiscene_500_cem/cube/generated_mjcf/scene_cube_tp0d0096p0d0159p0d0005_in0d0007n0d0051p0d0022_mp0d0147p0d0272p0d0076.xml,sanity_phase1,True,0.012,2.0,2.0,2.0,2.9294893963620865,0.04995920020755336,3.0,0.00884310205934685,0.00930937855725167,0.009594060715247866,0.015874209928032755,0.0005246555194527141,-0.0006892630481953044,-0.005095977938302259,0.002235288648113707,0.01474634968078216,0.027241851348343935,0.007604286297816443,"[-0.04001940470092851, 1.927054644440314, -1.1594855537432496, -0.34162688701139093, 1.2769689729243838, 1.204786572892837, -0.06035565691833135, 1.4686096214874043, 1.0077210834958208]"
cube,480,/home/humanoid/Programs/hand/results/phase1/run_20260413_pollard_multiscene_500_cem/cube/generated_mjcf/scene_cube_tn0d0066p0d0101p0d0000_ip0d0142n0d0234p0d0072_mp0d0124p0d0232p0d0000.xml,sanity_phase1,False,0.012,2.0,0.0,2.0,1.1018482070856153,0.020871226603664132,1.0,0.014322362021255431,7.90347777309757e-13,-0.006594381918308316,0.010115788867042789,0.0,0.014238195089008763,-0.023356292142754483,0.007217844165074538,0.012374884987691043,0.02323082678296967,0.0,"[-0.04001940470092851, 1.927054644440314, -1.1594855537432496, -0.34162688701139093, 1.2769689729243838, 1.204786572892837, -0.06035565691833135, 1.4686096214874043, 1.0077210834958208]"
cube,481,/home/humanoid/Programs/hand/results/phase1/run_20260413_pollard_multiscene_500_cem/cube/generated_mjcf/scene_cube_tn0d0042p0d0108p0d0000_ip0d0050n0d0165p0d0000_mp0d0091p0d0259p0d0100.xml,sanity_phase1,True,0.012,2.0,2.0,2.0,2.730286929557983,0.04477598848299923,3.0,0.009249491871269238,0.12249122402967877,-0.0042281149078721115,0.01083128765777069,0.0,0.004986767634672156,-0.016452708630349696,0.0,0.00910392439192348,0.02593147672649057,0.009987862840108785,"[-0.04001940470092851, 1.927054644440314, -1.1594855537432496, -0.34162688701139093, 1.2769689729243838, 1.204786572892837, -0.06035565691833135, 1.4686096214874043, 1.0077210834958208]"
cube,482,/home/humanoid/Programs/hand/results/phase1/run_20260413_pollard_multiscene_500_cem/cube/generated_mjcf/scene_cube_tn0d0098p0d0121p0d0012_ip0d0047n0d0163p0d0119_mp0d0210p0d0054p0d0039.xml,phase1_generated_scene,False,0.012,2.0,0.0,2.0,2.801515794918982,0.05790521129512304,2.0,0.012583300199176585,7.980743369280847e-11,-0.009785904135380658,0.012145531883004285,0.0011952640352207375,0.004714135885396038,-0.01625831757918936,0.011942494800905243,0.021011383902793244,0.00537992948582189,0.003885434767348487,"[-0.08337202103895916, 1.8605319144286032, -0.7166528214956971, -0.20232549634829014, 1.3752276270028914, 1.0099071845942287, -0.027513999795058437, 1.4670317022980226, 0.9865984519932638]"
cube,483,/home/humanoid/Programs/hand/results/phase1/run_20260413_pollard_multiscene_500_cem/cube/generated_mjcf/scene_cube_tp0d0109p0d0127p0d0019_ip0d0088n0d0202p0d0065_mp0d0187p0d0240p0d0000.xml,sanity_phase1,True,0.012,2.0,2.0,2.0,2.874421403222145,0.04944227077771293,3.0,0.009266197548078177,0.25017119267767474,0.010894348867085565,0.012710075306302046,0.0018722219357900777,0.008848358440154708,-0.020194848826237767,0.006485100261905189,0.018678946417392296,0.024026488161248492,4.530683727942651e-05,"[-0.04001940470092851, 1.927054644440314, -1.1594855537432496, -0.34162688701139093, 1.2769689729243838, 1.204786572892837, -0.06035565691833135, 1.4686096214874043, 1.0077210834958208]"
cube,484,/home/humanoid/Programs/hand/results/phase1/run_20260413_pollard_multiscene_500_cem/cube/generated_mjcf/scene_cube_tn0d0052p0d0171p0d0000_ip0d0114n0d0080p0d0001_mp0d0184p0d0173p0d0101.xml,sanity_phase1,True,0.012,2.0,2.0,2.0,2.8049636539274583,0.04873228334161693,3.0,0.00950716909471411,0.5443461655980402,-0.005160010769570534,0.017119655572404743,0.0,0.011431032996217559,-0.008025402495112839,6.745440736844431e-05,0.018422271121277062,0.017256367578312053,0.010058918050668147,"[-0.04001940470092851, 1.927054644440314, -1.1594855537432496, -0.34162688701139093, 1.2769689729243838, 1.204786572892837, -0.06035565691833135, 1.4686096214874043, 1.0077210834958208]"
cube,485,/home/humanoid/Programs/hand/results/phase1/run_20260413_pollard_multiscene_500_cem/cube/generated_mjcf/scene_cube_tp0d0088p0d0135p0d0000_ip0d0118n0d0067p0d0000_mp0d0202p0d0130p0d0000.xml,sanity_phase1,True,0.012,2.0,2.0,2.0,3.018650425135007,0.05385547057280676,3.0,0.009371766223018552,0.31698341644795286,0.008772642373253814,0.013473487068065018,0.0,0.011840300635021877,-0.0066831136960992295,0.0,0.020173904665329145,0.012994021296588502,0.0,"[-0.04001940470092851, 1.927054644440314, -1.1594855537432496, -0.34162688701139093, 1.2769689729243838, 1.204786572892837, -0.06035565691833135, 1.4686096214874043, 1.0077210834958208]"
cube,486,/home/humanoid/Programs/hand/results/phase1/run_20260413_pollard_multiscene_500_cem/cube/generated_mjcf/scene_cube_tp0d0076p0d0110p0d0119_ip0d0205n0d0031p0d0000_mp0d0192p0d0140p0d0000.xml,phase1_generated_scene,False,0.012,2.0,0.0,2.0,-0.026060621537832458,6.022627223323251e-10,0.0,0.013030321308513821,6.512601078259963e-16,0.007581525711751653,0.010985390094024649,0.01190669299281387,0.020533639884696864,-0.00312243768418328,0.0,0.019226256050701995,0.014038426579401892,0.0,"[-0.08337202103895916, 1.8605319144286032, -0.7166528214956971, -0.20232549634829014, 1.3752276270028914, 1.0099071845942287, -0.027513999795058437, 1.4670317022980226, 0.9865984519932638]"
cube,487,/home/humanoid/Programs/hand/results/phase1/run_20260413_pollard_multiscene_500_cem/cube/generated_mjcf/scene_cube_tp0d0088p0d0220p0d0000_ip0d0041n0d0100p0d0000_mp0d0023p0d0105p0d0000.xml,sanity_phase1,True,0.012,2.0,2.0,2.0,2.921375596029727,0.04984872315809109,3.0,0.00862942490929432,0.04047243123248276,0.008751521139274309,0.02195813433495425,0.0,0.004088112811065856,-0.010035573251982316,0.0,0.0022695589478362553,0.010519856420060628,0.0,"[-0.04001940470092851, 1.927054644440314, -1.1594855537432496, -0.34162688701139093, 1.2769689729243838, 1.204786572892837, -0.06035565691833135, 1.4686096214874043, 1.0077210834958208]"
cube,488,/home/humanoid/Programs/hand/results/phase1/run_20260413_pollard_multiscene_500_cem/cube/generated_mjcf/scene_cube_tp0d0040p0d0252p0d0000_ip0d0175n0d0024p0d0099_mp0d0139p0d0140p0d0000.xml,sanity_phase1,True,0.012,2.0,2.0,2.0,1.3608461124996194,0.03975256887153267,2.0,0.011193899542092526,5.38737332613226,0.0040151865912417435,0.02517965433679476,0.0,0.017472318988795123,-0.0023861769190015748,0.009858527470894534,0.013947603886014506,0.014000716894325091,0.0,"[-0.04001940470092851, 1.927054644440314, -1.1594855537432496, -0.34162688701139093, 1.2769689729243838, 1.204786572892837, -0.06035565691833135, 1.4686096214874043, 1.0077210834958208]"
cube,489,/home/humanoid/Programs/hand/results/phase1/run_20260413_pollard_multiscene_500_cem/cube/generated_mjcf/scene_cube_tp0d0115p0d0273p0d0000_ip0d0172n0d0229p0d0117_mp0d0010p0d0058p0d0081.xml,phase1_generated_scene,False,0.012,2.0,0.0,2.0,1.5942067774449773,0.03477296029989322,1.0,0.011423416470890617,7.300273559559562e-10,0.011498811694675162,0.02730715923601008,0.0,0.01719954964271813,-0.02291522830305808,0.011660194511019378,0.000951591731001138,0.005777731413406928,0.008084415280346147,"[-0.08337202103895916, 1.8605319144286032, -0.7166528214956971, -0.20232549634829014, 1.3752276270028914, 1.0099071845942287, -0.027513999795058437, 1.4670317022980226, 0.9865984519932638]"
cube,490,/home/humanoid/Programs/hand/results/phase1/run_20260413_pollard_multiscene_500_cem/cube/generated_mjcf/scene_cube_tn0d0103p0d0157p0d0000_ip0d0039n0d0154p0d0024_mp0d0106p0d0269p0d0095.xml,phase1_generated_scene,True,0.012,2.0,2.0,2.0,2.8764814220626373,0.049024956548357534,3.0,0.009484719090493551,0.13615079299259736,-0.01033819147763369,0.015694722108475882,0.0,0.0038626213160662783,-0.01540010741443225,0.002371286748752201,0.010604854281785482,0.02690137877281787,0.009546302702118915,"[-0.08337202103895916, 1.8605319144286032, -0.7166528214956971, -0.20232549634829014, 1.3752276270028914, 1.0099071845942287, -0.027513999795058437, 1.4670317022980226, 0.9865984519932638]"
cube,491,/home/humanoid/Programs/hand/results/phase1/run_20260413_pollard_multiscene_500_cem/cube/generated_mjcf/scene_cube_tn0d0023p0d0233p0d0063_ip0d0006n0d0094p0d0055_mp0d0146p0d0041p0d0107.xml,phase1_generated_scene,True,0.012,2.0,2.0,2.0,2.9161231024063814,0.0496057289181113,3.0,0.009292926491624316,0.00994371162843993,-0.002329973913256801,0.023270871193499486,0.006282828895953191,0.0005698282814026179,-0.00942041051014574,0.005458426041261531,0.014598589441035268,0.00405319105217238,0.010694641674625756,"[-0.08337202103895916, 1.8605319144286032, -0.7166528214956971, -0.20232549634829014, 1.3752276270028914, 1.0099071845942287, -0.027513999795058437, 1.4670317022980226, 0.9865984519932638]"
cube,492,/home/humanoid/Programs/hand/results/phase1/run_20260413_pollard_multiscene_500_cem/cube/generated_mjcf/scene_cube_tn0d0120p0d0103p0d0000_ip0d0137n0d0123p0d0000_mp0d0054p0d0081p0d0045.xml,phase1_generated_scene,False,0.012,2.0,0.0,2.0,1.0347303887060482,0.019072680348037267,1.0,0.016406711737608156,2.653860251754012e-13,-0.011976922786092133,0.010296461513639622,0.0,0.013723523804438831,-0.01225337989012358,0.0,0.005424176997103532,0.008063687818109542,0.004537319127635171,"[-0.08337202103895916, 1.8605319144286032, -0.7166528214956971, -0.20232549634829014, 1.3752276270028914, 1.0099071845942287, -0.027513999795058437, 1.4670317022980226, 0.9865984519932638]"
cube,493,/home/humanoid/Programs/hand/results/phase1/run_20260413_pollard_multiscene_500_cem/cube/generated_mjcf/scene_cube_tp0d0088p0d0282p0d0000_ip0d0061n0d0212p0d0086_mp0d0193p0d0217p0d0044.xml,phase1_generated_scene,True,0.012,2.0,2.0,2.0,2.912669844198475,0.04964918160052963,3.0,0.009098731887524676,0.045693653633419866,0.008810582318479962,0.02823864594716607,0.0,0.006079133984940187,-0.021190124465350433,0.008551471268848924,0.0193094866325604,0.021664834753422582,0.004377443391571888,"[-0.08337202103895916, 1.8605319144286032, -0.7166528214956971, -0.20232549634829014, 1.3752276270028914, 1.0099071845942287, -0.027513999795058437, 1.4670317022980226, 0.9865984519932638]"
cube,494,/home/humanoid/Programs/hand/results/phase1/run_20260413_pollard_multiscene_500_cem/cube/generated_mjcf/scene_cube_tp0d0006p0d0298p0d0000_ip0d0182n0d0143p0d0033_mp0d0144p0d0134p0d0000.xml,sanity_phase1,True,0.012,2.0,2.0,2.0,2.066623031051677,0.042336579159613266,2.0,0.011536105267084115,1.2805668600041251,0.0006423515573065076,0.029804859421237912,0.0,0.01822084788801706,-0.014321454506167038,0.0032808942086269676,0.0143580323783207,0.013396258077430756,0.0,"[-0.04001940470092851, 1.927054644440314, -1.1594855537432496, -0.34162688701139093, 1.2769689729243838, 1.204786572892837, -0.06035565691833135, 1.4686096214874043, 1.0077210834958208]"
cube,495,/home/humanoid/Programs/hand/results/phase1/run_20260413_pollard_multiscene_500_cem/cube/generated_mjcf/scene_cube_tp0d0045p0d0202p0d0000_ip0d0187n0d0027p0d0000_mp0d0092p0d0076p0d0019.xml,phase1_generated_scene,False,0.012,2.0,0.0,2.0,-0.04006784084848056,1.1721699999522883e-12,0.0,0.020033920444753186,9.124594720932199e-16,0.004459944146623599,0.020157888414723962,0.0,0.018738071733546885,-0.002711925195349201,0.0,0.0092276115898702,0.0075653226688972225,0.0018619001808148194,"[-0.08337202103895916, 1.8605319144286032, -0.7166528214956971, -0.20232549634829014, 1.3752276270028914, 1.0099071845942287, -0.027513999795058437, 1.4670317022980226, 0.9865984519932638]"
cube,496,/home/humanoid/Programs/hand/results/phase1/run_20260413_pollard_multiscene_500_cem/cube/generated_mjcf/scene_cube_tn0d0009p0d0248p0d0099_ip0d0088n0d0012p0d0000_mp0d0184p0d0181p0d0000.xml,sanity_phase1,True,0.012,2.0,2.0,2.0,3.2252265217114164,0.05887579363863274,3.0,0.009471543402334111,0.1098877922404119,-0.0008933137833174749,0.024786767158425156,0.009864986063080061,0.008841727231664482,-0.0012339940763756874,0.0,0.018411304301340338,0.01808062999647958,0.0,"[-0.04001940470092851, 1.927054644440314, -1.1594855537432496, -0.34162688701139093, 1.2769689729243838, 1.204786572892837, -0.06035565691833135, 1.4686096214874043, 1.0077210834958208]"
cube,497,/home/humanoid/Programs/hand/results/phase1/run_20260413_pollard_multiscene_500_cem/cube/generated_mjcf/scene_cube_tn0d0097p0d0212p0d0092_ip0d0104n0d0190p0d0000_mp0d0216p0d0200p0d0095.xml,phase1_generated_scene,False,0.012,2.0,0.0,2.0,2.8875899085217616,0.06036975446136303,2.0,0.01267574880978818,4.2452613312612216e-11,-0.009713218372601893,0.021152490188781035,0.009228060343378315,0.010391589576232495,-0.019031929684336403,0.0,0.02163107469634539,0.020045375014204635,0.009475648985567953,"[-0.08337202103895916, 1.8605319144286032, -0.7166528214956971, -0.20232549634829014, 1.3752276270028914, 1.0099071845942287, -0.027513999795058437, 1.4670317022980226, 0.9865984519932638]"
cube,498,/home/humanoid/Programs/hand/results/phase1/run_20260413_pollard_multiscene_500_cem/cube/generated_mjcf/scene_cube_tn0d0119p0d0090p0d0017_ip0d0053n0d0047p0d0038_mp0d0079p0d0177p0d0074.xml,phase1_generated_scene,False,0.012,2.0,0.0,2.0,1.0644217170415087,0.019663012725107124,1.0,0.01189185019888069,1.862631953730219e-07,-0.011909862353567426,0.008988565285749352,0.001733493470553472,0.005262883245504537,-0.00472709212620471,0.003801006143391579,0.00789349564076763,0.01765195848887168,0.0073960258272467334,"[-0.08337202103895916, 1.8605319144286032, -0.7166528214956971, -0.20232549634829014, 1.3752276270028914, 1.0099071845942287, -0.027513999795058437, 1.4670317022980226, 0.9865984519932638]"
cube,499,/home/humanoid/Programs/hand/results/phase1/run_20260413_pollard_multiscene_500_cem/cube/generated_mjcf/scene_cube_tp0d0014p0d0095p0d0000_ip0d0084n0d0171p0d0015_mp0d0149p0d0186p0d0000.xml,sanity_phase1,True,0.012,2.0,1.0,2.0,3.094540375875407,0.056496173931670224,3.0,0.009479487760722573,0.42577824141070714,0.0013764715164408785,0.00947601429432269,0.0,0.008399100002780555,-0.017066066196626872,0.0014972733179993147,0.014912960203866244,0.018649016434409443,0.0,"[-0.04001940470092851, 1.927054644440314, -1.1594855537432496, -0.34162688701139093, 1.2769689729243838, 1.204786572892837, -0.06035565691833135, 1.4686096214874043, 1.0077210834958208]"
