scene_key,candidate_id,scene_xml,selected_foundational_pose,feasible,feasibility_max_mean_tip_distance,feasibility_min_contacts,feasibility_min_finger_contact_persistence,feasibility_max_finger_yaw_drift,feasible_pose_count,foundational_pose_count,score,cube_lift,cube_tip_contacts,mean_tip_distance,cube_vel_norm,cube_xy_drift,cube_z_drop_from_peak,contact_persistence,thumb_contact_persistence,index_contact_persistence,middle_contact_persistence,all_finger_contact_persistence,min_finger_contact_persistence,finger_persistence_imbalance,finger_yaw_drift,finger_flex_drift,thumb_x,thumb_y,thumb_len,index_x,index_y,index_len,middle_x,middle_y,middle_len,chosen_ctrl_json
prism2,0,/home/humanoid/Programs/hand/results/phase1/run_20260413_pollard_multiscene_500_run3/prism2/generated_mjcf/scene_prism2_tp0d0000p0d0200p0d0000_ip0d0100n0d0123p0d0000_mp0d0100p0d0153p0d0000.xml,prism_y0d0300,True,0.02,4.0,0.45,0.4,1.0,1.0,5.551779299092648,0.04961321772511306,4.0,0.005647981429799727,5.35596626310693,0.00705025974967464,0.0,1.0,1.0,1.0,1.0,1.0,1.0,0.0,0.10613215537908322,0.043117410167077985,0.0,0.02,0.0,0.01,-0.0123,0.0,0.01,0.0153,0.0,"[-0.005529476116428621, 1.281415796368659, -1.1570510453292107, -0.15229776981705462, 1.5795226668944378, 0.9476579007443208, -0.03774779370692541, 1.5154372647191428, 0.9705674185439906]"
prism2,1,/home/humanoid/Programs/hand/results/phase1/run_20260413_pollard_multiscene_500_run3/prism2/generated_mjcf/scene_prism2_tp0d0033p0d0145p0d0000_in0d0016n0d0048p0d0099_mp0d0126p0d0208p0d0010.xml,prism_y0d0300,False,0.02,4.0,0.45,0.4,0.0,1.0,1.0989197557319055,0.04599970051466086,4.0,0.010335417906502534,4.687953539255602,0.044379882558575286,0.051964949230020104,0.8388888888888889,0.8416666666666667,0.0,0.8388888888888889,0.0,0.0,0.8416666666666667,0.13823905625063712,0.04043852865732006,0.0032870804957149027,0.014474881130332889,0.0,-0.001603336747315302,-0.004781514259193461,0.009906133854665322,0.012559258618412316,0.02080791746361596,0.0010469997951701483,"[-0.005529476116428621, 1.281415796368659, -1.1570510453292107, -0.15229776981705462, 1.5795226668944378, 0.9476579007443208, -0.03774779370692541, 1.5154372647191428, 0.9705674185439906]"
prism2,2,/home/humanoid/Programs/hand/results/phase1/run_20260413_pollard_multiscene_500_run3/prism2/generated_mjcf/scene_prism2_tp0d0104p0d0276p0d0000_ip0d0186n0d0235p0d0055_mp0d0022p0d0240p0d0010.xml,prism_y0d0300,False,0.02,4.0,0.45,0.4,0.0,1.0,1.3006336770334697,0.04564944154027824,3.0,0.010105007525576038,1.0450367210117664e-07,0.018785051459182696,0.05203910625782224,0.027777777777777776,0.48055555555555557,0.027777777777777776,0.0,0.0,0.0,0.48055555555555557,0.15285918755199038,0.0648070606083365,0.010441738170906437,0.02758048529891677,0.0,0.018577702638101663,-0.023493946192668855,0.005511730714318659,0.002215734894461416,0.024016294136397276,0.0009950692859782007,"[-0.005529476116428621, 1.281415796368659, -1.1570510453292107, -0.15229776981705462, 1.5795226668944378, 0.9476579007443208, -0.03774779370692541, 1.5154372647191428, 0.9705674185439906]"
prism2,3,/home/humanoid/Programs/hand/results/phase1/run_20260413_pollard_multiscene_500_run3/prism2/generated_mjcf/scene_prism2_tn0d0048p0d0181p0d0000_ip0d0010n0d0082p0d0035_mp0d0128p0d0125p0d0119.xml,prism_y0d0300,True,0.02,4.0,0.45,0.4,1.0,1.0,5.217535598062907,0.04870923527896201,4.0,0.008610338701842505,0.3280993278067042,0.004961835085630199,0.0010147870320815072,1.0,1.0,0.6861111111111111,1.0,0.6861111111111111,0.6861111111111111,0.3138888888888889,0.026013771039211774,0.04577966837620401,-0.004806914627102765,0.018144493308743802,0.0,0.0009827986359895336,-0.008205014047352873,0.003532548277782002,0.012769242675550093,0.012508261302285202,0.011933038458941066,"[-0.005529476116428621, 1.281415796368659, -1.1570510453292107, -0.15229776981705462, 1.5795226668944378, 0.9476579007443208, -0.03774779370692541, 1.5154372647191428, 0.9705674185439906]"
prism2,4,/home/humanoid/Programs/hand/results/phase1/run_20260413_pollard_multiscene_500_run3/prism2/generated_mjcf/scene_prism2_tp0d0115p0d0245p0d0036_ip0d0145n0d0150p0d0000_mp0d0153p0d0159p0d0000.xml,prism_y0d0300,True,0.02,4.0,0.45,0.4,1.0,1.0,5.314606648964659,0.05083781912457775,5.0,0.005802117726499252,0.5905506421501233,0.0199346481486781,0.0,1.0,1.0,1.0,0.6583333333333333,0.6583333333333333,0.6583333333333333,0.3416666666666667,0.1708860627270341,0.08807247400188377,0.011540048130629522,0.024453007627536674,0.0036110226304275905,0.014522721533702562,-0.014965885824501509,0.0,0.01531572016465796,0.01590850373941742,0.0,"[-0.005529476116428621, 1.281415796368659, -1.1570510453292107, -0.15229776981705462, 1.5795226668944378, 0.9476579007443208, -0.03774779370692541, 1.5154372647191428, 0.9705674185439906]"
prism2,5,/home/humanoid/Programs/hand/results/phase1/run_20260413_pollard_multiscene_500_run3/prism2/generated_mjcf/scene_prism2_tn0d0003p0d0293p0d0104_ip0d0066n0d0106p0d0000_mp0d0123p0d0114p0d0000.xml,prism_y0d0300,False,0.02,4.0,0.45,0.4,0.0,1.0,3.32279420051857,0.05086111112333905,5.0,0.006255087513525069,0.8356587928277723,0.01780390792737215,0.00286763000473457,1.0,1.0,1.0,0.1111111111111111,0.1111111111111111,0.1111111111111111,0.8888888888888888,0.12907720107068268,0.09834697231069865,-0.00033995138803706235,0.02934770802437601,0.010417044382949991,0.006587084721017685,-0.010583284062485737,0.0,0.012263200724792723,0.011409869412171198,0.0,"[-0.005529476116428621, 1.281415796368659, -1.1570510453292107, -0.15229776981705462, 1.5795226668944378, 0.9476579007443208, -0.03774779370692541, 1.5154372647191428, 0.9705674185439906]"
prism2,6,/home/humanoid/Programs/hand/results/phase1/run_20260413_pollard_multiscene_500_run3/prism2/generated_mjcf/scene_prism2_tp0d0094p0d0135p0d0030_ip0d0000n0d0043p0d0069_mp0d0037p0d0243p0d0000.xml,prism_y0d0300,False,0.02,4.0,0.45,0.4,0.0,1.0,0.6458670552321444,0.0446814798074142,2.0,0.013610741747088284,1.1198952899625256e-13,0.09084228589889981,0.05202093616918485,0.0,0.0,0.0,0.31666666666666665,0.0,0.0,0.31666666666666665,0.1262418801577183,0.030432849903647585,0.009366584448115015,0.013451782244801112,0.002956491472465019,1.6368245977236087e-05,-0.004316540456318454,0.0068903593797284,0.003744866631830852,0.02433562153945689,0.0,"[-0.005529476116428621, 1.281415796368659, -1.1570510453292107, -0.15229776981705462, 1.5795226668944378, 0.9476579007443208, -0.03774779370692541, 1.5154372647191428, 0.9705674185439906]"
prism2,7,/home/humanoid/Programs/hand/results/phase1/run_20260413_pollard_multiscene_500_run3/prism2/generated_mjcf/scene_prism2_tn0d0039p0d0116p0d0000_ip0d0171n0d0188p0d0000_mp0d0077p0d0081p0d0000.xml,prism_y0d0300,True,0.02,4.0,0.45,0.4,1.0,1.0,6.486147373311778,0.049642071211568314,4.0,0.0056477158842674685,0.1106394327171599,0.0008173620108704471,0.00020462668241194581,1.0,1.0,1.0,1.0,1.0,1.0,0.0,0.014226773666836097,0.003694612992005686,-0.003933190546904152,0.011606707205476137,0.0,0.017111782486895065,-0.01876458698415006,0.0,0.007709244155716676,0.008064313068222126,0.0,"[-0.005529476116428621, 1.281415796368659, -1.1570510453292107, -0.15229776981705462, 1.5795226668944378, 0.9476579007443208, -0.03774779370692541, 1.5154372647191428, 0.9705674185439906]"
prism2,8,/home/humanoid/Programs/hand/results/phase1/run_20260413_pollard_multiscene_500_run3/prism2/generated_mjcf/scene_prism2_tp0d0019p0d0152p0d0041_ip0d0028n0d0017p0d0000_mp0d0005p0d0184p0d0103.xml,prism_y0d0300,False,0.02,4.0,0.45,0.4,0.0,1.0,3.2911531117057184,0.047832911202714115,4.0,0.00913124075870071,3.3704719212986536,0.011535028434480229,0.00010303296632528658,0.85,0.33055555555555555,0.8361111111111111,1.0,0.31666666666666665,0.33055555555555555,0.6694444444444445,0.027632571056789495,0.0621727468350037,0.0019279772636844154,0.015168707187654142,0.004127877070952624,0.002788370655237119,-0.0016892853478440526,0.0,0.0005318867096855088,0.018398595636953022,0.010251709273628819,"[-0.005529476116428621, 1.281415796368659, -1.1570510453292107, -0.15229776981705462, 1.5795226668944378, 0.9476579007443208, -0.03774779370692541, 1.5154372647191428, 0.9705674185439906]"
prism2,9,/home/humanoid/Programs/hand/results/phase1/run_20260413_pollard_multiscene_500_run3/prism2/generated_mjcf/scene_prism2_tn0d0014p0d0300p0d0000_ip0d0082n0d0094p0d0119_mp0d0208p0d0143p0d0062.xml,prism_y0d0300,True,0.02,4.0,0.45,0.4,1.0,1.0,4.904934590552041,0.05255547416634421,6.0,0.005583032302543203,1.9005921072304848,0.01364695140516438,0.0,1.0,1.0,1.0,0.4666666666666667,0.4666666666666667,0.4666666666666667,0.5333333333333333,0.17077145052708897,0.13119793124454499,-0.0014309482868211845,0.03,0.0,0.008205486996377813,-0.009414877151630932,0.011882316125647777,0.02077464819850637,0.014341083343418305,0.006185492287398994,"[-0.005529476116428621, 1.281415796368659, -1.1570510453292107, -0.15229776981705462, 1.5795226668944378, 0.9476579007443208, -0.03774779370692541, 1.5154372647191428, 0.9705674185439906]"
prism2,10,/home/humanoid/Programs/hand/results/phase1/run_20260413_pollard_multiscene_500_run3/prism2/generated_mjcf/scene_prism2_tn0d0001p0d0207p0d0069_ip0d0080n0d0067p0d0051_mp0d0204p0d0061p0d0055.xml,prism_y0d0300,True,0.02,4.0,0.45,0.4,1.0,1.0,6.901124716621547,0.05028191319366766,6.0,0.005794713951058365,2.077214691154915,0.0054939986421832145,0.0,1.0,1.0,1.0,1.0,1.0,1.0,0.0,0.07982075066313098,0.04557174213047579,-6.185530829714431e-05,0.02070349184472249,0.00685885681713138,0.0079517403845361,-0.006672394277070495,0.005067429071753997,0.020369432478721076,0.006058383198741723,0.005496362809831425,"[-0.005529476116428621, 1.281415796368659, -1.1570510453292107, -0.15229776981705462, 1.5795226668944378, 0.9476579007443208, -0.03774779370692541, 1.5154372647191428, 0.9705674185439906]"
prism2,11,/home/humanoid/Programs/hand/results/phase1/run_20260413_pollard_multiscene_500_run3/prism2/generated_mjcf/scene_prism2_tp0d0103p0d0300p0d0000_ip0d0187n0d0008p0d0110_mp0d0016p0d0266p0d0094.xml,prism_y0d0300,True,0.02,4.0,0.45,0.4,1.0,1.0,6.685190637871171,0.049214259430612056,5.0,0.0056083331582064905,0.8751252548304074,0.002442140869790583,0.0,1.0,1.0,1.0,1.0,1.0,1.0,0.0,0.07268889902937346,0.01496248682232019,0.010258174286989438,0.03,0.0,0.018727362165893817,-0.0007513190384077374,0.010973044310663125,0.0015703362935799488,0.026643091531750922,0.009358453337292495,"[-0.005529476116428621, 1.281415796368659, -1.1570510453292107, -0.15229776981705462, 1.5795226668944378, 0.9476579007443208, -0.03774779370692541, 1.5154372647191428, 0.9705674185439906]"
prism2,12,/home/humanoid/Programs/hand/results/phase1/run_20260413_pollard_multiscene_500_run3/prism2/generated_mjcf/scene_prism2_tp0d0077p0d0195p0d0000_ip0d0172n0d0021p0d0000_mp0d0109p0d0139p0d0103.xml,prism_y0d0300,True,0.02,4.0,0.45,0.4,1.0,1.0,7.024855930963116,0.052841813300431584,6.0,0.005805415566007609,0.8723617219177136,0.015407888699716772,0.0,1.0,1.0,1.0,1.0,1.0,1.0,0.0,0.12428375650308204,0.13082271286186745,0.007736971861033691,0.019519710171387972,0.0,0.017245133889239386,-0.0021352761651967315,0.0,0.010934425782932486,0.013926067895388755,0.01034441558354772,"[-0.005529476116428621, 1.281415796368659, -1.1570510453292107, -0.15229776981705462, 1.5795226668944378, 0.9476579007443208, -0.03774779370692541, 1.5154372647191428, 0.9705674185439906]"
prism2,13,/home/humanoid/Programs/hand/results/phase1/run_20260413_pollard_multiscene_500_run3/prism2/generated_mjcf/scene_prism2_tn0d0110p0d0256p0d0027_in0d0013n0d0070p0d0000_mp0d0162p0d0156p0d0103.xml,prism_y0d0300,True,0.02,4.0,0.45,0.4,1.0,1.0,7.2966003167680045,0.05161606104334834,6.0,0.0066576453148929566,0.17707289484946973,0.0021924534091755225,0.0,1.0,1.0,1.0,1.0,1.0,1.0,0.0,0.023638979568629166,0.06658378973659945,-0.011027742931477569,0.025568148695757457,0.002744957926775919,-0.001319231237275495,-0.007038725452158232,0.0,0.016190824056554275,0.015606209358289873,0.010298501299128147,"[-0.005529476116428621, 1.281415796368659, -1.1570510453292107, -0.15229776981705462, 1.5795226668944378, 0.9476579007443208, -0.03774779370692541, 1.5154372647191428, 0.9705674185439906]"
prism2,14,/home/humanoid/Programs/hand/results/phase1/run_20260413_pollard_multiscene_500_run3/prism2/generated_mjcf/scene_prism2_tn0d0104p0d0282p0d0000_ip0d0063n0d0140p0d0112_mp0d0115p0d0095p0d0000.xml,prism_y0d0300,True,0.02,4.0,0.45,0.4,1.0,1.0,5.856621870735614,0.05346199636340569,5.0,0.007411951630123127,0.39697025178608114,0.005952979840162017,0.0027091494585726045,1.0,1.0,1.0,0.7166666666666667,0.7166666666666667,0.7166666666666667,0.2833333333333333,0.00869831910253085,0.08650513861810587,-0.010414020078622207,0.0281916147106972,0.0,0.006263439491299004,-0.013972830433252,0.011185489938817683,0.011493564213482969,0.009512750236102374,0.0,"[-0.005529476116428621, 1.281415796368659, -1.1570510453292107, -0.15229776981705462, 1.5795226668944378, 0.9476579007443208, -0.03774779370692541, 1.5154372647191428, 0.9705674185439906]"
prism2,15,/home/humanoid/Programs/hand/results/phase1/run_20260413_pollard_multiscene_500_run3/prism2/generated_mjcf/scene_prism2_tp0d0093p0d0134p0d0000_ip0d0049n0d0102p0d0013_mp0d0174p0d0168p0d0000.xml,prism_y0d0300,True,0.02,4.0,0.45,0.4,1.0,1.0,4.817742047871143,0.04657580523493689,4.0,0.008965020505776149,0.22478300453271788,0.0032763632747648394,0.0019708933216733976,1.0,1.0,0.5888888888888889,1.0,0.5888888888888889,0.5888888888888889,0.4111111111111111,0.01699567493436231,0.040918138434312135,0.009314839695820316,0.013420866282015786,0.0,0.004919938168181862,-0.010233046444494413,0.001298172052158427,0.017433058621906666,0.01675142284814846,0.0,"[-0.005529476116428621, 1.281415796368659, -1.1570510453292107, -0.15229776981705462, 1.5795226668944378, 0.9476579007443208, -0.03774779370692541, 1.5154372647191428, 0.9705674185439906]"
prism2,16,/home/humanoid/Programs/hand/results/phase1/run_20260413_pollard_multiscene_500_run3/prism2/generated_mjcf/scene_prism2_tn0d0021p0d0276p0d0030_ip0d0210n0d0154p0d0013_mp0d0123p0d0237p0d0000.xml,prism_y0d0300,True,0.02,4.0,0.45,0.4,1.0,1.0,7.250869940485726,0.054542706434317814,6.0,0.006004904638487703,0.30300038766574255,0.009342085760832524,0.0,1.0,1.0,1.0,1.0,1.0,1.0,0.0,0.09391041137290579,0.10140398270131844,-0.002090487775658576,0.02763490330330185,0.003036155098074084,0.021017863424738617,-0.01543429413379966,0.0012626762525108932,0.01225418083871604,0.023658988998601437,0.0,"[-0.005529476116428621, 1.281415796368659, -1.1570510453292107, -0.15229776981705462, 1.5795226668944378, 0.9476579007443208, -0.03774779370692541, 1.5154372647191428, 0.9705674185439906]"
prism2,17,/home/humanoid/Programs/hand/results/phase1/run_20260413_pollard_multiscene_500_run3/prism2/generated_mjcf/scene_prism2_tn0d0022p0d0298p0d0000_ip0d0177n0d0143p0d0079_mn0d0018p0d0121p0d0000.xml,prism_y0d0300,False,0.02,4.0,0.45,0.4,0.0,1.0,3.1565387722090024,0.04724945850781292,3.0,0.008906985536503549,0.4321673103382552,0.0024822100600093476,0.002697609167367568,1.0,1.0,1.0,0.24166666666666667,0.24166666666666667,0.24166666666666667,0.7583333333333333,0.015484416487959151,0.04360844216855705,-0.00224375191804496,0.02983901507989513,0.0,0.01774495072435605,-0.014330783103090609,0.007915295646674467,-0.0017610905406249926,0.012061107786198495,0.0,"[-0.005529476116428621, 1.281415796368659, -1.1570510453292107, -0.15229776981705462, 1.5795226668944378, 0.9476579007443208, -0.03774779370692541, 1.5154372647191428, 0.9705674185439906]"
prism2,18,/home/humanoid/Programs/hand/results/phase1/run_20260413_pollard_multiscene_500_run3/prism2/generated_mjcf/scene_prism2_tp0d0037p0d0146p0d0049_ip0d0207n0d0213p0d0088_mn0d0006p0d0124p0d0000.xml,prism_y0d0300,True,0.02,4.0,0.45,0.4,1.0,1.0,6.985143900908271,0.052578708320239316,6.0,0.005981281087405858,0.3925850376804706,0.018597321420015255,0.0008103063231315599,1.0,1.0,0.9805555555555555,1.0,0.9805555555555555,0.9805555555555555,0.019444444444444486,0.1371553830556362,0.11159517003983321,0.003662749832079322,0.014572378366389374,0.00486364969583487,0.02065123424661018,-0.021256389545730052,0.008754679089618578,-0.0005728603615918777,0.012438492199461346,0.0,"[-0.005529476116428621, 1.281415796368659, -1.1570510453292107, -0.15229776981705462, 1.5795226668944378, 0.9476579007443208, -0.03774779370692541, 1.5154372647191428, 0.9705674185439906]"
prism2,19,/home/humanoid/Programs/hand/results/phase1/run_20260413_pollard_multiscene_500_run3/prism2/generated_mjcf/scene_prism2_tn0d0003p0d0300p0d0066_ip0d0054n0d0178p0d0087_mp0d0192p0d0156p0d0000.xml,prism_y0d0300,False,0.02,4.0,0.45,0.4,0.0,1.0,2.8383859067930994,0.050111837136108506,4.0,0.009589837938951183,0.07617949657017377,0.0021122776366342445,0.0014054156242459537,1.0,1.0,1.0,0.0,0.0,0.0,1.0,0.02738180398490934,0.05600267062320655,-0.0002676108759968581,0.03,0.0066165885144438795,0.005412576705262264,-0.017823917147980796,0.008714884900543628,0.01915137214570456,0.015556956133047486,0.0,"[-0.005529476116428621, 1.281415796368659, -1.1570510453292107, -0.15229776981705462, 1.5795226668944378, 0.9476579007443208, -0.03774779370692541, 1.5154372647191428, 0.9705674185439906]"
prism2,20,/home/humanoid/Programs/hand/results/phase1/run_20260413_pollard_multiscene_500_run3/prism2/generated_mjcf/scene_prism2_tp0d0119p0d0156p0d0000_ip0d0191n0d0048p0d0040_mp0d0210p0d0255p0d0060.xml,prism_y0d0300,False,0.02,4.0,0.45,0.4,0.0,1.0,0.7036893385549291,0.04215307840623071,3.0,0.009655142530286797,25.998481688097637,0.011880433242164269,0.0011596139319841048,0.9833333333333333,0.9333333333333333,0.7,0.9833333333333333,0.6333333333333333,0.7,0.2833333333333333,0.07061057712180163,0.04688798059199434,0.011878016355862029,0.015582645088824804,0.0,0.01912235491129767,-0.0048039504453299044,0.004029345733712431,0.021001927162670846,0.02551714985314605,0.005957964079242099,"[-0.005529476116428621, 1.281415796368659, -1.1570510453292107, -0.15229776981705462, 1.5795226668944378, 0.9476579007443208, -0.03774779370692541, 1.5154372647191428, 0.9705674185439906]"
prism2,21,/home/humanoid/Programs/hand/results/phase1/run_20260413_pollard_multiscene_500_run3/prism2/generated_mjcf/scene_prism2_tp0d0087p0d0139p0d0000_ip0d0141n0d0071p0d0000_mp0d0075p0d0251p0d0015.xml,prism_y0d0300,False,0.02,4.0,0.45,0.4,0.0,1.0,1.02963980665848,0.0455277623321974,3.0,0.01057939797999527,3.397493875025134e-05,0.09073408155252868,0.054825187867203376,0.14444444444444443,0.14444444444444443,0.0,0.4222222222222222,0.0,0.0,0.4222222222222222,0.13186715072017263,0.0347659544294599,0.008656833829144266,0.01393152176773058,0.0,0.014081484383558463,-0.007149155120285933,0.0,0.007493374554517023,0.025146138389185314,0.0014736184212053513,"[-0.005529476116428621, 1.281415796368659, -1.1570510453292107, -0.15229776981705462, 1.5795226668944378, 0.9476579007443208, -0.03774779370692541, 1.5154372647191428, 0.9705674185439906]"
prism2,22,/home/humanoid/Programs/hand/results/phase1/run_20260413_pollard_multiscene_500_run3/prism2/generated_mjcf/scene_prism2_tp0d0019p0d0127p0d0006_ip0d0106n0d0222p0d0116_mp0d0117p0d0035p0d0065.xml,prism_y0d0300,True,0.02,4.0,0.45,0.4,1.0,1.0,6.355471694031218,0.04924062366510932,5.0,0.005638691798244445,1.2710135169849024,0.022986877743380842,0.0,1.0,1.0,1.0,1.0,1.0,1.0,0.0,0.18651538760738304,0.0831681380714319,0.001880061958230544,0.012659114549379047,0.000624533966829004,0.010562433457478078,-0.02216554463408947,0.011566624635040951,0.011713494410938587,0.003453813183943444,0.006543580829409326,"[-0.005529476116428621, 1.281415796368659, -1.1570510453292107, -0.15229776981705462, 1.5795226668944378, 0.9476579007443208, -0.03774779370692541, 1.5154372647191428, 0.9705674185439906]"
prism2,23,/home/humanoid/Programs/hand/results/phase1/run_20260413_pollard_multiscene_500_run3/prism2/generated_mjcf/scene_prism2_tp0d0115p0d0222p0d0000_ip0d0025n0d0082p0d0000_mp0d0119p0d0178p0d0111.xml,prism_y0d0300,True,0.02,4.0,0.45,0.4,1.0,1.0,5.711521046775291,0.04835331517898405,4.0,0.008727793355374464,1.9103344801105426,0.00808680959961677,0.0030926916896090034,1.0,1.0,0.9166666666666666,1.0,0.9166666666666666,0.9166666666666666,0.08333333333333337,0.054458862030963166,0.07349441171569783,0.011478377132163497,0.02215688067970281,0.0,0.0025001851774668375,-0.008159360785995136,0.0,0.011864509420428621,0.017753740233111017,0.011098154234985145,"[-0.005529476116428621, 1.281415796368659, -1.1570510453292107, -0.15229776981705462, 1.5795226668944378, 0.9476579007443208, -0.03774779370692541, 1.5154372647191428, 0.9705674185439906]"
prism2,24,/home/humanoid/Programs/hand/results/phase1/run_20260413_pollard_multiscene_500_run3/prism2/generated_mjcf/scene_prism2_tn0d0103p0d0200p0d0059_ip0d0023n0d0150p0d0000_mp0d0154p0d0054p0d0000.xml,prism_y0d0300,True,0.02,4.0,0.45,0.4,1.0,1.0,6.8568269883313056,0.04944277556494008,5.0,0.00572962435398653,0.13338419564847745,0.0015046941124312355,5.14388141036326e-05,1.0,1.0,1.0,1.0,1.0,1.0,0.0,0.02901244501022134,0.007090805864599962,-0.010265633627282958,0.019999347767806847,0.0058583395027835584,0.0022534417713918117,-0.014986398437171538,0.0,0.015421140730618644,0.005406429282227681,0.0,"[-0.005529476116428621, 1.281415796368659, -1.1570510453292107, -0.15229776981705462, 1.5795226668944378, 0.9476579007443208, -0.03774779370692541, 1.5154372647191428, 0.9705674185439906]"
prism2,25,/home/humanoid/Programs/hand/results/phase1/run_20260413_pollard_multiscene_500_run3/prism2/generated_mjcf/scene_prism2_tp0d0090p0d0193p0d0099_ip0d0164n0d0023p0d0000_mn0d0002p0d0050p0d0089.xml,prism_y0d0300,True,0.02,4.0,0.45,0.4,1.0,1.0,6.8900647776052315,0.04992493773080389,5.0,0.005789208793095542,0.07182101181686469,0.0010386095880682263,7.022300659018099e-05,1.0,1.0,1.0,1.0,1.0,1.0,0.0,0.02504971903122656,0.005664841950933419,0.008964543146897572,0.019335208082000274,0.009902926407381257,0.016382010825732936,-0.00233222495731762,0.0,-0.00023449027206483113,0.004987830085661232,0.008852503064335663,"[-0.005529476116428621, 1.281415796368659, -1.1570510453292107, -0.15229776981705462, 1.5795226668944378, 0.9476579007443208, -0.03774779370692541, 1.5154372647191428, 0.9705674185439906]"
prism2,26,/home/humanoid/Programs/hand/results/phase1/run_20260413_pollard_multiscene_500_run3/prism2/generated_mjcf/scene_prism2_tp0d0032p0d0199p0d0000_ip0d0142n0d0167p0d0051_mp0d0090p0d0155p0d0070.xml,prism_y0d0300,True,0.02,4.0,0.45,0.4,1.0,1.0,6.717185512879123,0.048575866109185614,5.0,0.005651190972467488,0.5218119277311916,0.003838299796920159,0.0,1.0,1.0,1.0,1.0,1.0,1.0,0.0,0.06350242167435217,0.013726818763772445,0.003217679504338638,0.019917720651172473,0.0,0.014169602505454569,-0.01666758269170085,0.005061116718382677,0.009048527892815794,0.015479276653068651,0.006951977579036889,"[-0.005529476116428621, 1.281415796368659, -1.1570510453292107, -0.15229776981705462, 1.5795226668944378, 0.9476579007443208, -0.03774779370692541, 1.5154372647191428, 0.9705674185439906]"
prism2,27,/home/humanoid/Programs/hand/results/phase1/run_20260413_pollard_multiscene_500_run3/prism2/generated_mjcf/scene_prism2_tn0d0098p0d0219p0d0000_ip0d0174n0d0126p0d0117_mp0d0024p0d0264p0d0072.xml,prism_y0d0300,True,0.02,4.0,0.45,0.4,1.0,1.0,6.608267182249041,0.04863053164024733,5.0,0.005551956324795556,1.1679567530996833,0.0035230398960170665,0.0,1.0,1.0,1.0,1.0,1.0,1.0,0.0,0.07487963002727828,0.022972260283380952,-0.009774108587438862,0.02189020407976406,0.0,0.017395282043525633,-0.012567695132897762,0.011728688000827672,0.0023906397922172492,0.026412459362982414,0.0072220088786066165,"[-0.005529476116428621, 1.281415796368659, -1.1570510453292107, -0.15229776981705462, 1.5795226668944378, 0.9476579007443208, -0.03774779370692541, 1.5154372647191428, 0.9705674185439906]"
prism2,28,/home/humanoid/Programs/hand/results/phase1/run_20260413_pollard_multiscene_500_run3/prism2/generated_mjcf/scene_prism2_tn0d0004p0d0275p0d0025_ip0d0137n0d0024p0d0000_mp0d0180p0d0125p0d0000.xml,prism_y0d0300,True,0.02,4.0,0.45,0.4,1.0,1.0,6.905717946789441,0.04977141513679168,5.0,0.005701002731049696,0.04166876887566691,0.0005961603217729225,3.9717173005715534e-05,1.0,1.0,1.0,1.0,1.0,1.0,0.0,0.013219695084370243,0.0027119982274869114,-0.00044974808219355386,0.02752481754031125,0.002468373725786793,0.013722905535793127,-0.0023714216950226647,0.0,0.018039716895001612,0.01246355471918973,0.0,"[-0.005529476116428621, 1.281415796368659, -1.1570510453292107, -0.15229776981705462, 1.5795226668944378, 0.9476579007443208, -0.03774779370692541, 1.5154372647191428, 0.9705674185439906]"
prism2,29,/home/humanoid/Programs/hand/results/phase1/run_20260413_pollard_multiscene_500_run3/prism2/generated_mjcf/scene_prism2_tp0d0119p0d0267p0d0000_ip0d0081n0d0032p0d0000_mp0d0150p0d0222p0d0072.xml,prism_y0d0300,True,0.02,4.0,0.45,0.4,1.0,1.0,1.8842947380541852,0.04765964446673601,5.0,0.007277409054733321,14.368928210500068,0.06222897025589953,0.05166089486624206,0.6805555555555556,0.5555555555555556,0.6805555555555556,0.8222222222222222,0.5555555555555556,0.5555555555555556,0.2666666666666666,0.10978610509141801,0.1371717627063121,0.011856642509039624,0.026748572049833077,0.0,0.00814308151419475,-0.0032393062590768944,0.0,0.015002050165932786,0.022239710968923507,0.007180713113186753,"[-0.005529476116428621, 1.281415796368659, -1.1570510453292107, -0.15229776981705462, 1.5795226668944378, 0.9476579007443208, -0.03774779370692541, 1.5154372647191428, 0.9705674185439906]"
prism2,30,/home/humanoid/Programs/hand/results/phase1/run_20260413_pollard_multiscene_500_run3/prism2/generated_mjcf/scene_prism2_tn0d0043p0d0271p0d0000_ip0d0067n0d0143p0d0010_mp0d0007p0d0131p0d0000.xml,prism_y0d0300,False,0.02,4.0,0.45,0.4,0.0,1.0,-4.276377837857287,0.050060324243706864,4.0,0.008233392652687771,41.87449287838392,0.04397337842068092,0.04394038743175065,0.9194444444444444,0.925,0.9194444444444444,0.0,0.0,0.0,0.925,0.11281331991205139,0.10493157052495107,-0.004265118606244038,0.02711934038590531,0.0,0.006695390811629658,-0.014281245307094884,0.00099383960712395,0.0007027279729733722,0.013066747215343347,0.0,"[-0.005529476116428621, 1.281415796368659, -1.1570510453292107, -0.15229776981705462, 1.5795226668944378, 0.9476579007443208, -0.03774779370692541, 1.5154372647191428, 0.9705674185439906]"
prism2,31,/home/humanoid/Programs/hand/results/phase1/run_20260413_pollard_multiscene_500_run3/prism2/generated_mjcf/scene_prism2_tp0d0059p0d0284p0d0000_ip0d0149n0d0046p0d0116_mp0d0183p0d0135p0d0115.xml,prism_y0d0300,True,0.02,4.0,0.45,0.4,1.0,1.0,6.479630220193899,0.04781217351919839,5.0,0.005663731403119183,0.815229451819414,0.01063787001276546,0.0,1.0,1.0,1.0,1.0,1.0,1.0,0.0,0.16134111446297214,0.07003127571866051,0.005865137432337578,0.028445021893622167,0.0,0.014890858462403149,-0.004593525878528669,0.011563879748923051,0.01825097349684944,0.013478555650656308,0.011512529004231758,"[-0.005529476116428621, 1.281415796368659, -1.1570510453292107, -0.15229776981705462, 1.5795226668944378, 0.9476579007443208, -0.03774779370692541, 1.5154372647191428, 0.9705674185439906]"
prism2,32,/home/humanoid/Programs/hand/results/phase1/run_20260413_pollard_multiscene_500_run3/prism2/generated_mjcf/scene_prism2_tp0d0114p0d0201p0d0061_ip0d0199n0d0129p0d0087_mp0d0148p0d0104p0d0064.xml,prism_y0d0300,True,0.02,4.0,0.45,0.4,1.0,1.0,6.201888463410643,0.051533089117929046,4.0,0.005792428871836419,0.44798796997161083,0.01779655907740927,0.0,1.0,1.0,1.0,1.0,1.0,1.0,0.0,0.17063034489729786,0.09115380623141266,0.011375625716456523,0.020088247500813894,0.006082716926013726,0.019932104024155912,-0.012872470272749927,0.008730869786330038,0.014837645585484947,0.010354182143389382,0.006423654479603365,"[-0.005529476116428621, 1.281415796368659, -1.1570510453292107, -0.15229776981705462, 1.5795226668944378, 0.9476579007443208, -0.03774779370692541, 1.5154372647191428, 0.9705674185439906]"
prism2,33,/home/humanoid/Programs/hand/results/phase1/run_20260413_pollard_multiscene_500_run3/prism2/generated_mjcf/scene_prism2_tp0d0017p0d0103p0d0000_in0d0002n0d0129p0d0000_mp0d0082p0d0174p0d0000.xml,prism_y0d0300,False,0.02,4.0,0.45,0.4,0.0,1.0,3.44389827264979,0.06476218624986652,4.0,0.00870047383010329,2.1004275952707686e-06,0.08071184163039932,0.0727094148592293,0.5416666666666666,0.36666666666666664,0.5277777777777778,0.5416666666666666,0.31666666666666665,0.36666666666666664,0.175,0.12972893873090993,0.044394699760935165,0.0016964348606279787,0.01025228368239935,0.0,-0.00023021567845265753,-0.012871992882792106,0.0,0.008169698631290736,0.017371208486178825,0.0,"[-0.005529476116428621, 1.281415796368659, -1.1570510453292107, -0.15229776981705462, 1.5795226668944378, 0.9476579007443208, -0.03774779370692541, 1.5154372647191428, 0.9705674185439906]"
prism2,34,/home/humanoid/Programs/hand/results/phase1/run_20260413_pollard_multiscene_500_run3/prism2/generated_mjcf/scene_prism2_tp0d0104p0d0244p0d0078_ip0d0195n0d0103p0d0000_mp0d0151p0d0170p0d0078.xml,prism_y0d0300,True,0.02,4.0,0.45,0.4,1.0,1.0,6.747946377016164,0.05012053776268912,5.0,0.005776678994335114,0.5225368030072801,0.004319244778832179,0.0,1.0,1.0,1.0,1.0,1.0,1.0,0.0,0.08005199751865805,0.020742200093081326,0.010410453838964225,0.024417210753800794,0.0077707526014265185,0.01952322957433024,-0.010300318873836577,0.0,0.015075683778826192,0.016956620502320593,0.007822973332089582,"[-0.005529476116428621, 1.281415796368659, -1.1570510453292107, -0.15229776981705462, 1.5795226668944378, 0.9476579007443208, -0.03774779370692541, 1.5154372647191428, 0.9705674185439906]"
prism2,35,/home/humanoid/Programs/hand/results/phase1/run_20260413_pollard_multiscene_500_run3/prism2/generated_mjcf/scene_prism2_tp0d0008p0d0275p0d0119_ip0d0064n0d0202p0d0000_mp0d0161p0d0138p0d0021.xml,prism_y0d0300,False,0.02,4.0,0.45,0.4,0.0,1.0,2.76814318561422,0.05044179056337966,4.0,0.009461602563832083,0.12398297628116355,0.01002284073403386,0.0004166961991450002,1.0,1.0,1.0,0.0,0.0,0.0,1.0,0.055913772709518805,0.07749532206153487,0.0007718513633842589,0.027517858288740617,0.011928247033739802,0.006413315472829315,-0.02019548543950382,0.0,0.016073199756776235,0.013841494364599355,0.0021211226263011564,"[-0.005529476116428621, 1.281415796368659, -1.1570510453292107, -0.15229776981705462, 1.5795226668944378, 0.9476579007443208, -0.03774779370692541, 1.5154372647191428, 0.9705674185439906]"
prism2,36,/home/humanoid/Programs/hand/results/phase1/run_20260413_pollard_multiscene_500_run3/prism2/generated_mjcf/scene_prism2_tn0d0089p0d0254p0d0000_ip0d0026n0d0036p0d0015_mp0d0096p0d0249p0d0000.xml,prism_y0d0300,True,0.02,4.0,0.45,0.4,1.0,1.0,6.29335884866898,0.049306094875245274,6.0,0.007185703579687442,0.5044307647416039,0.003755244521991375,0.0005920679888930802,1.0,1.0,0.7583333333333333,1.0,0.7583333333333333,0.7583333333333333,0.2416666666666667,0.00730751188749137,0.07074931041566596,-0.008943396673879896,0.025426964262415527,0.0,0.0025748214496964378,-0.0035892000340033304,0.0015459077068942575,0.00962797461631001,0.02487177036596363,0.0,"[-0.005529476116428621, 1.281415796368659, -1.1570510453292107, -0.15229776981705462, 1.5795226668944378, 0.9476579007443208, -0.03774779370692541, 1.5154372647191428, 0.9705674185439906]"
prism2,37,/home/humanoid/Programs/hand/results/phase1/run_20260413_pollard_multiscene_500_run3/prism2/generated_mjcf/scene_prism2_tp0d0047p0d0159p0d0000_ip0d0142n0d0156p0d0000_mp0d0206p0d0081p0d0003.xml,prism_y0d0300,True,0.02,4.0,0.45,0.4,1.0,1.0,6.612529699239886,0.04892573676011992,5.0,0.005709740675276888,1.1798333699862356,0.004196082089888258,0.0,1.0,1.0,1.0,1.0,1.0,1.0,0.0,0.07200083745898493,0.028598541035015967,0.004707706808181427,0.01587157495435046,0.0,0.014195167599214695,-0.015592273179289533,0.0,0.02064826636550051,0.008083160176307667,0.00029216778810564094,"[-0.005529476116428621, 1.281415796368659, -1.1570510453292107, -0.15229776981705462, 1.5795226668944378, 0.9476579007443208, -0.03774779370692541, 1.5154372647191428, 0.9705674185439906]"
prism2,38,/home/humanoid/Programs/hand/results/phase1/run_20260413_pollard_multiscene_500_run3/prism2/generated_mjcf/scene_prism2_tn0d0114p0d0119p0d0092_ip0d0169n0d0109p0d0000_mp0d0114p0d0036p0d0051.xml,prism_y0d0300,True,0.02,4.0,0.45,0.4,1.0,1.0,7.016349929661252,0.05519870780207052,5.0,0.006896951681275705,0.21046827183921943,0.006306820451632397,0.0,1.0,1.0,1.0,1.0,1.0,1.0,0.0,0.014536290160275191,0.03572697280542364,-0.011423683183887617,0.011920834187286948,0.009202049607205488,0.01694194115806423,-0.010935948238704234,0.0,0.011385941982911355,0.0035915166267267012,0.005111847142510097,"[-0.005529476116428621, 1.281415796368659, -1.1570510453292107, -0.15229776981705462, 1.5795226668944378, 0.9476579007443208, -0.03774779370692541, 1.5154372647191428, 0.9705674185439906]"
prism2,39,/home/humanoid/Programs/hand/results/phase1/run_20260413_pollard_multiscene_500_run3/prism2/generated_mjcf/scene_prism2_tp0d0052p0d0235p0d0027_in0d0002n0d0184p0d0018_mp0d0075p0d0271p0d0102.xml,prism_y0d0300,True,0.02,4.0,0.45,0.4,1.0,1.0,4.4216425023542625,0.04783510457447679,5.0,0.007870768313567594,2.1573845984387727,0.008389563661699725,0.0034584372927445456,0.7555555555555555,0.9194444444444444,0.5027777777777778,0.5083333333333333,0.175,0.5027777777777778,0.41666666666666663,0.07660141611149751,0.1118159937519086,0.005202016333529475,0.023505080565592515,0.002672128422604829,-0.00023080561701109906,-0.018386256742776587,0.0017850731543503657,0.007460482384693542,0.027108557485954678,0.010169888577004349,"[-0.005529476116428621, 1.281415796368659, -1.1570510453292107, -0.15229776981705462, 1.5795226668944378, 0.9476579007443208, -0.03774779370692541, 1.5154372647191428, 0.9705674185439906]"
prism2,40,/home/humanoid/Programs/hand/results/phase1/run_20260413_pollard_multiscene_500_run3/prism2/generated_mjcf/scene_prism2_tn0d0084p0d0222p0d0047_ip0d0013n0d0168p0d0052_mp0d0196p0d0115p0d0000.xml,prism_y0d0300,True,0.02,4.0,0.45,0.4,1.0,1.0,6.809827600408664,0.04972184232598575,5.0,0.00572018914309037,0.2713799885442173,0.002587987695282252,0.0,1.0,1.0,1.0,1.0,1.0,1.0,0.0,0.057370403982525194,0.010782348557607957,-0.008351810339459111,0.022159054223588735,0.004709162546482959,0.0012770419432212663,-0.016797704469571892,0.005182028326211865,0.019626594242148077,0.011501823604947245,0.0,"[-0.005529476116428621, 1.281415796368659, -1.1570510453292107, -0.15229776981705462, 1.5795226668944378, 0.9476579007443208, -0.03774779370692541, 1.5154372647191428, 0.9705674185439906]"
prism2,41,/home/humanoid/Programs/hand/results/phase1/run_20260413_pollard_multiscene_500_run3/prism2/generated_mjcf/scene_prism2_tp0d0077p0d0220p0d0000_ip0d0041n0d0226p0d0000_mp0d0119p0d0079p0d0114.xml,prism_y0d0300,False,0.02,4.0,0.45,0.4,0.0,1.0,-2.717153428832245,0.051594935626873395,4.0,0.006716303197032289,30.40884283804538,0.052159242348256904,0.042674850251459326,0.5666666666666667,0.5666666666666667,0.9027777777777778,0.0,0.0,0.0,0.9027777777777778,0.012239067396788636,0.1618488383362004,0.007723008065525151,0.022039584325416278,0.0,0.0041476005142694165,-0.022556199632440297,0.0,0.011919284333538276,0.007886646563041794,0.011412791482243691,"[-0.005529476116428621, 1.281415796368659, -1.1570510453292107, -0.15229776981705462, 1.5795226668944378, 0.9476579007443208, -0.03774779370692541, 1.5154372647191428, 0.9705674185439906]"
prism2,42,/home/humanoid/Programs/hand/results/phase1/run_20260413_pollard_multiscene_500_run3/prism2/generated_mjcf/scene_prism2_tn0d0094p0d0189p0d0000_ip0d0036n0d0063p0d0034_mp0d0154p0d0053p0d0000.xml,prism_y0d0300,True,0.02,4.0,0.45,0.4,1.0,1.0,6.78665599330974,0.05007857075153059,6.0,0.005666628863319947,2.5527149308886727,0.007509625056281986,0.0,1.0,1.0,1.0,1.0,1.0,1.0,0.0,0.09630983523498947,0.060971800122418894,-0.009420546518732465,0.0188501309198506,0.0,0.003575475406852743,-0.00632986259990556,0.003448914289927449,0.015418184441244877,0.005287405821515873,0.0,"[-0.005529476116428621, 1.281415796368659, -1.1570510453292107, -0.15229776981705462, 1.5795226668944378, 0.9476579007443208, -0.03774779370692541, 1.5154372647191428, 0.9705674185439906]"
prism2,43,/home/humanoid/Programs/hand/results/phase1/run_20260413_pollard_multiscene_500_run3/prism2/generated_mjcf/scene_prism2_tp0d0005p0d0182p0d0000_ip0d0027n0d0016p0d0000_mp0d0184p0d0230p0d0000.xml,prism_y0d0300,False,0.02,4.0,0.45,0.4,0.0,1.0,4.5019554082417725,0.04726726232719357,5.0,0.008160264569344386,0.16311126735617337,0.006114362532755094,0.0011865287204192027,1.0,1.0,0.38333333333333336,1.0,0.38333333333333336,0.38333333333333336,0.6166666666666667,0.017427448896220592,0.04651917046021248,0.00047599378402156216,0.018241307449525786,0.0,0.0026566589176190373,-0.001619408440688962,0.0,0.018449255979106606,0.02303129181754656,0.0,"[-0.005529476116428621, 1.281415796368659, -1.1570510453292107, -0.15229776981705462, 1.5795226668944378, 0.9476579007443208, -0.03774779370692541, 1.5154372647191428, 0.9705674185439906]"
prism2,44,/home/humanoid/Programs/hand/results/phase1/run_20260413_pollard_multiscene_500_run3/prism2/generated_mjcf/scene_prism2_tn0d0008p0d0278p0d0043_ip0d0181n0d0061p0d0046_mp0d0199p0d0230p0d0000.xml,prism_y0d0300,True,0.02,4.0,0.45,0.4,1.0,1.0,6.898132645610027,0.04938611716299948,5.0,0.005766024228308199,0.027093551669936433,0.0013688368313054813,7.26411348802164e-05,1.0,1.0,1.0,1.0,1.0,1.0,0.0,0.003742306174908127,0.003916706213088372,-0.000797195523737677,0.027776043383598063,0.0043364718136851,0.018086649674297704,-0.006117681940029028,0.004590515506574511,0.019911378544165075,0.023047371194270132,0.0,"[-0.005529476116428621, 1.281415796368659, -1.1570510453292107, -0.15229776981705462, 1.5795226668944378, 0.9476579007443208, -0.03774779370692541, 1.5154372647191428, 0.9705674185439906]"
prism2,45,/home/humanoid/Programs/hand/results/phase1/run_20260413_pollard_multiscene_500_run3/prism2/generated_mjcf/scene_prism2_tp0d0060p0d0101p0d0000_ip0d0075n0d0194p0d0105_mp0d0003p0d0034p0d0000.xml,prism_y0d0300,True,0.02,4.0,0.45,0.4,1.0,1.0,6.758675193928426,0.04877704340710022,5.0,0.005631184255867841,0.3293188620486298,0.0039112698868859356,0.00031912578737888775,1.0,1.0,1.0,1.0,1.0,1.0,0.0,0.05536926149070426,0.010389474480969996,0.005957382601949876,0.010080351754749027,0.0,0.007522045291682206,-0.019447965744588368,0.010509722607263742,0.00027464028066800754,0.0034175859597258135,0.0,"[-0.005529476116428621, 1.281415796368659, -1.1570510453292107, -0.15229776981705462, 1.5795226668944378, 0.9476579007443208, -0.03774779370692541, 1.5154372647191428, 0.9705674185439906]"
prism2,46,/home/humanoid/Programs/hand/results/phase1/run_20260413_pollard_multiscene_500_run3/prism2/generated_mjcf/scene_prism2_tp0d0118p0d0144p0d0079_ip0d0022n0d0102p0d0110_mp0d0152p0d0268p0d0018.xml,prism_y0d0300,False,0.02,4.0,0.45,0.4,0.0,1.0,2.297996915694148,0.04595731465246861,4.0,0.011810600773532557,1.3494776621678581,0.007916909323621104,0.002842657882813418,0.8638888888888889,0.8638888888888889,0.0,1.0,0.0,0.0,1.0,0.06494816838843241,0.058031676914402475,0.011777873237789328,0.014352683081322558,0.007936662372425542,0.0021547272884911706,-0.010226919484838934,0.011001824044305407,0.01519631762957937,0.026832191404283674,0.0017893595781369523,"[-0.005529476116428621, 1.281415796368659, -1.1570510453292107, -0.15229776981705462, 1.5795226668944378, 0.9476579007443208, -0.03774779370692541, 1.5154372647191428, 0.9705674185439906]"
prism2,47,/home/humanoid/Programs/hand/results/phase1/run_20260413_pollard_multiscene_500_run3/prism2/generated_mjcf/scene_prism2_tp0d0116p0d0281p0d0067_ip0d0193n0d0091p0d0000_mp0d0107p0d0087p0d0067.xml,prism_y0d0300,False,0.02,4.0,0.45,0.4,0.0,1.0,2.7682576742363194,0.05006341196539528,4.0,0.007294995437301811,0.21997191304390926,0.005504291455785396,0.0011123533636098193,1.0,1.0,1.0,0.0,0.0,0.0,1.0,0.056813567839408406,0.06637681956777382,0.011600032957282114,0.028089128761280092,0.006677957426446279,0.019323757285876007,-0.0091442035857212,0.0,0.010678778561367832,0.008736009496376724,0.006661058973160928,"[-0.005529476116428621, 1.281415796368659, -1.1570510453292107, -0.15229776981705462, 1.5795226668944378, 0.9476579007443208, -0.03774779370692541, 1.5154372647191428, 0.9705674185439906]"
prism2,48,/home/humanoid/Programs/hand/results/phase1/run_20260413_pollard_multiscene_500_run3/prism2/generated_mjcf/scene_prism2_tn0d0079p0d0219p0d0009_ip0d0141n0d0060p0d0000_mp0d0130p0d0132p0d0027.xml,prism_y0d0300,True,0.02,4.0,0.45,0.4,1.0,1.0,6.426150664778966,0.04941872949231291,4.0,0.005683345834217579,0.24051731869545814,0.002180508238058985,0.0,1.0,1.0,1.0,1.0,1.0,1.0,0.0,0.03645070400955389,0.013053649082649036,-0.007918115961243205,0.02185275077567818,0.0008615743098987442,0.014125667283464571,-0.006048321632033999,0.0,0.012998583080031604,0.013234941179164626,0.0027408344560308894,"[-0.005529476116428621, 1.281415796368659, -1.1570510453292107, -0.15229776981705462, 1.5795226668944378, 0.9476579007443208, -0.03774779370692541, 1.5154372647191428, 0.9705674185439906]"
prism2,49,/home/humanoid/Programs/hand/results/phase1/run_20260413_pollard_multiscene_500_run3/prism2/generated_mjcf/scene_prism2_tp0d0047p0d0221p0d0056_ip0d0105n0d0132p0d0000_mp0d0035p0d0200p0d0047.xml,prism_y0d0300,True,0.02,4.0,0.45,0.4,1.0,1.0,6.518527809275736,0.04989083338215622,4.0,0.005720546419278066,0.05091331151795674,0.00021943117308501273,7.839106869103607e-05,1.0,1.0,1.0,1.0,1.0,1.0,0.0,0.005798539683937517,0.0010348999734834385,0.004655629035515887,0.022051510058254925,0.005589265844609163,0.010480606172911551,-0.013191172580897479,0.0,0.003499640079920957,0.019987250546203643,0.004697072467498984,"[-0.005529476116428621, 1.281415796368659, -1.1570510453292107, -0.15229776981705462, 1.5795226668944378, 0.9476579007443208, -0.03774779370692541, 1.5154372647191428, 0.9705674185439906]"
prism2,50,/home/humanoid/Programs/hand/results/phase1/run_20260413_pollard_multiscene_500_run3/prism2/generated_mjcf/scene_prism2_tn0d0073p0d0300p0d0041_ip0d0107n0d0041p0d0000_mp0d0094p0d0095p0d0000.xml,prism_y0d0300,True,0.02,4.0,0.45,0.4,1.0,1.0,4.960098235311055,0.054483139028014674,5.0,0.005928640026943585,0.3870001118735952,0.011564841552457928,0.0008703924868953827,1.0,1.0,1.0,0.49722222222222223,0.49722222222222223,0.49722222222222223,0.5027777777777778,0.14092588221044103,0.09228938493319562,-0.007308419688561688,0.03,0.004107618726945504,0.01074918695703583,-0.004111791562920778,0.0,0.009422676882407844,0.009498585601860884,0.0,"[-0.005529476116428621, 1.281415796368659, -1.1570510453292107, -0.15229776981705462, 1.5795226668944378, 0.9476579007443208, -0.03774779370692541, 1.5154372647191428, 0.9705674185439906]"
prism2,51,/home/humanoid/Programs/hand/results/phase1/run_20260413_pollard_multiscene_500_run3/prism2/generated_mjcf/scene_prism2_tp0d0051p0d0283p0d0043_ip0d0069n0d0105p0d0015_mp0d0205p0d0126p0d0000.xml,prism_y0d0300,True,0.02,4.0,0.45,0.4,1.0,1.0,5.515390274418236,0.050747076791312525,5.0,0.005808640541843803,0.6223184903480347,0.01599337493734636,0.0,1.0,1.0,1.0,0.7138888888888889,0.7138888888888889,0.7138888888888889,0.2861111111111111,0.1908672301102032,0.07792975781505736,0.00507889389314202,0.02825866323773702,0.004267170674303017,0.006851716400702805,-0.010482669810742749,0.0015218993681757591,0.020477586003383057,0.012604181086936542,0.0,"[-0.005529476116428621, 1.281415796368659, -1.1570510453292107, -0.15229776981705462, 1.5795226668944378, 0.9476579007443208, -0.03774779370692541, 1.5154372647191428, 0.9705674185439906]"
prism2,52,/home/humanoid/Programs/hand/results/phase1/run_20260413_pollard_multiscene_500_run3/prism2/generated_mjcf/scene_prism2_tp0d0090p0d0295p0d0000_ip0d0028n0d0090p0d0069_mp0d0126p0d0079p0d0000.xml,prism_y0d0300,False,0.02,4.0,0.45,0.4,0.0,1.0,4.18207883081124,0.05212234715315686,5.0,0.005930729974571828,0.416436137219581,0.028431523692088394,0.0010778831215233764,1.0,1.0,1.0,0.3416666666666667,0.3416666666666667,0.3416666666666667,0.6583333333333333,0.12631280218269617,0.17607979444732588,0.00904638943989626,0.029473483925284844,0.0,0.0027573767401475767,-0.009029192313612964,0.006932283735236109,0.012560620161773211,0.007898140707037397,0.0,"[-0.005529476116428621, 1.281415796368659, -1.1570510453292107, -0.15229776981705462, 1.5795226668944378, 0.9476579007443208, -0.03774779370692541, 1.5154372647191428, 0.9705674185439906]"
prism2,53,/home/humanoid/Programs/hand/results/phase1/run_20260413_pollard_multiscene_500_run3/prism2/generated_mjcf/scene_prism2_tp0d0001p0d0276p0d0000_in0d0002n0d0111p0d0000_mn0d0004p0d0219p0d0077.xml,prism_y0d0300,True,0.02,4.0,0.45,0.4,1.0,1.0,6.798851032759597,0.049840565309473756,5.0,0.0056086270423561105,0.38722511401986776,0.0020222911450696068,0.0,1.0,1.0,1.0,1.0,1.0,1.0,0.0,0.05974763037825625,0.008772709271237985,0.00014334321756440463,0.027572249759816276,0.0,-0.00019681532305319306,-0.011074920100960688,0.0,-0.0003818307083775299,0.021858350352990434,0.00770943854587014,"[-0.005529476116428621, 1.281415796368659, -1.1570510453292107, -0.15229776981705462, 1.5795226668944378, 0.9476579007443208, -0.03774779370692541, 1.5154372647191428, 0.9705674185439906]"
prism2,54,/home/humanoid/Programs/hand/results/phase1/run_20260413_pollard_multiscene_500_run3/prism2/generated_mjcf/scene_prism2_tn0d0024p0d0151p0d0000_ip0d0067n0d0105p0d0007_mp0d0065p0d0186p0d0042.xml,prism_y0d0300,True,0.02,4.0,0.45,0.4,1.0,1.0,6.659725308398308,0.04852306509854359,5.0,0.0083988180920703,0.2198961937566835,0.003104807079318581,0.0011095702173578859,1.0,1.0,0.9638888888888889,1.0,0.9638888888888889,0.9638888888888889,0.036111111111111094,0.006601423325030155,0.04050959278767948,-0.0024399467736423517,0.015057832644038826,0.0,0.006663314219880421,-0.01045421656520971,0.0006676818746994568,0.006528380348144711,0.018598103501716354,0.004218418606739039,"[-0.005529476116428621, 1.281415796368659, -1.1570510453292107, -0.15229776981705462, 1.5795226668944378, 0.9476579007443208, -0.03774779370692541, 1.5154372647191428, 0.9705674185439906]"
prism2,55,/home/humanoid/Programs/hand/results/phase1/run_20260413_pollard_multiscene_500_run3/prism2/generated_mjcf/scene_prism2_tp0d0014p0d0173p0d0030_ip0d0122n0d0161p0d0000_mp0d0111p0d0180p0d0027.xml,prism_y0d0300,True,0.02,4.0,0.45,0.4,1.0,1.0,6.942126329616167,0.054361110844808,6.0,0.005789181838793658,0.19878568055590695,0.01654977685548754,0.0002851124045375464,1.0,1.0,0.9388888888888889,1.0,0.9388888888888889,0.9388888888888889,0.061111111111111116,0.13497871583928692,0.12283521672895627,0.0013986947514008224,0.017295077961244975,0.0029736667665392225,0.012205666797138652,-0.016132227422864007,0.0,0.011097973096462878,0.017996201736044416,0.00265916253412341,"[-0.005529476116428621, 1.281415796368659, -1.1570510453292107, -0.15229776981705462, 1.5795226668944378, 0.9476579007443208, -0.03774779370692541, 1.5154372647191428, 0.9705674185439906]"
prism2,56,/home/humanoid/Programs/hand/results/phase1/run_20260413_pollard_multiscene_500_run3/prism2/generated_mjcf/scene_prism2_tn0d0028p0d0216p0d0117_ip0d0083n0d0041p0d0000_mp0d0190p0d0259p0d0000.xml,prism_y0d0300,True,0.02,4.0,0.45,0.4,1.0,1.0,7.230852239450103,0.04940274583803328,6.0,0.007642367042329501,0.2331023446824938,0.002143412930350419,0.000481193770797958,1.0,1.0,1.0,1.0,1.0,1.0,0.0,0.007756928084634078,0.04320409635543504,-0.002811887786451483,0.021578573773190127,0.011658471244714058,0.008272588457054841,-0.004067646849840225,0.0,0.019005478088847325,0.02590094773271727,0.0,"[-0.005529476116428621, 1.281415796368659, -1.1570510453292107, -0.15229776981705462, 1.5795226668944378, 0.9476579007443208, -0.03774779370692541, 1.5154372647191428, 0.9705674185439906]"
prism2,57,/home/humanoid/Programs/hand/results/phase1/run_20260413_pollard_multiscene_500_run3/prism2/generated_mjcf/scene_prism2_tn0d0117p0d0196p0d0000_ip0d0213n0d0028p0d0111_mp0d0125p0d0157p0d0080.xml,prism_y0d0300,True,0.02,4.0,0.45,0.4,1.0,1.0,6.7359431268267,0.0526927806984768,5.0,0.005471740865636163,0.48530437502944085,0.0067761495563915045,0.0,1.0,1.0,1.0,1.0,1.0,1.0,0.0,0.14244216141625163,0.08293200175939792,-0.011709566023867376,0.019592201922411186,0.0,0.021319150102846428,-0.00275523755717884,0.01105595726232652,0.012492871785778067,0.015663848805663412,0.00798522838512554,"[-0.005529476116428621, 1.281415796368659, -1.1570510453292107, -0.15229776981705462, 1.5795226668944378, 0.9476579007443208, -0.03774779370692541, 1.5154372647191428, 0.9705674185439906]"
prism2,58,/home/humanoid/Programs/hand/results/phase1/run_20260413_pollard_multiscene_500_run3/prism2/generated_mjcf/scene_prism2_tp0d0037p0d0140p0d0104_ip0d0086n0d0057p0d0000_mp0d0024p0d0104p0d0018.xml,prism_y0d0300,False,0.02,4.0,0.45,0.4,0.0,1.0,4.218768950904064,0.04887044066526642,5.0,0.007631350806229044,0.4341257653098362,0.007807241025987952,0.003526382243226489,1.0,1.0,0.31666666666666665,1.0,0.31666666666666665,0.31666666666666665,0.6833333333333333,0.01778155959271184,0.08874662660793699,0.0036563751765365075,0.013965384232813884,0.010422864918188692,0.008552786799172752,-0.005734650520576824,2.251096772368233e-05,0.002400549834523061,0.010402244328225918,0.0017858584512676114,"[-0.005529476116428621, 1.281415796368659, -1.1570510453292107, -0.15229776981705462, 1.5795226668944378, 0.9476579007443208, -0.03774779370692541, 1.5154372647191428, 0.9705674185439906]"
prism2,59,/home/humanoid/Programs/hand/results/phase1/run_20260413_pollard_multiscene_500_run3/prism2/generated_mjcf/scene_prism2_tn0d0086p0d0083p0d0000_ip0d0163n0d0096p0d0000_mp0d0152p0d0149p0d0120.xml,prism_y0d0300,True,0.02,4.0,0.45,0.4,1.0,1.0,6.838900246813047,0.049270420172037734,5.0,0.008118830979033162,0.11567200294775565,0.0053826966755895385,0.00015582966570261425,1.0,1.0,1.0,1.0,1.0,1.0,0.0,0.008086369657247733,0.019446982217654712,-0.008567949977657268,0.008329708606795487,0.0,0.01629273212462127,-0.00956022543017069,0.0,0.01521378254309184,0.014928351194636959,0.011988032454168646,"[-0.005529476116428621, 1.281415796368659, -1.1570510453292107, -0.15229776981705462, 1.5795226668944378, 0.9476579007443208, -0.03774779370692541, 1.5154372647191428, 0.9705674185439906]"
prism2,60,/home/humanoid/Programs/hand/results/phase1/run_20260413_pollard_multiscene_500_run3/prism2/generated_mjcf/scene_prism2_tp0d0066p0d0279p0d0000_ip0d0017n0d0195p0d0000_mp0d0103p0d0080p0d0067.xml,prism_y0d0300,False,0.02,4.0,0.45,0.4,0.0,1.0,1.6088809052961757,0.043973673744138166,4.0,0.01379541107741991,0.006772241354555897,0.0545437412463038,0.04806019076551137,0.17777777777777778,0.17777777777777778,0.46944444444444444,0.0,0.0,0.0,0.46944444444444444,0.14384647187086905,0.06529739548939471,0.006624759658674734,0.027935154590522218,0.0,0.0016550791083715342,-0.019516706181432,0.0,0.010291578870901609,0.007970624345573628,0.006718674503725958,"[-0.005529476116428621, 1.281415796368659, -1.1570510453292107, -0.15229776981705462, 1.5795226668944378, 0.9476579007443208, -0.03774779370692541, 1.5154372647191428, 0.9705674185439906]"
prism2,61,/home/humanoid/Programs/hand/results/phase1/run_20260413_pollard_multiscene_500_run3/prism2/generated_mjcf/scene_prism2_tp0d0088p0d0156p0d0002_ip0d0123n0d0070p0d0000_mp0d0047p0d0208p0d0016.xml,prism_y0d0300,False,0.02,4.0,0.45,0.4,0.0,1.0,1.5622656681872176,0.045880042302406776,4.0,0.009671946098880663,1.3127474789017632e-09,0.08157574434997338,0.053756441453397696,0.225,0.225,0.0,0.42777777777777776,0.0,0.0,0.42777777777777776,0.13066641462760087,0.051320817001598386,0.008842347706013512,0.015584119658245781,0.00019354072215095955,0.012264990460306213,-0.006962923825653033,0.0,0.004740905473675754,0.020836943900601666,0.001636615543023039,"[-0.005529476116428621, 1.281415796368659, -1.1570510453292107, -0.15229776981705462, 1.5795226668944378, 0.9476579007443208, -0.03774779370692541, 1.5154372647191428, 0.9705674185439906]"
prism2,62,/home/humanoid/Programs/hand/results/phase1/run_20260413_pollard_multiscene_500_run3/prism2/generated_mjcf/scene_prism2_tp0d0096p0d0187p0d0000_ip0d0054n0d0187p0d0036_mp0d0044p0d0240p0d0000.xml,prism_y0d0300,False,0.02,4.0,0.45,0.4,0.0,1.0,4.059472360143136,0.052788327889193104,6.0,0.005757126198670027,5.296096414915843,0.033450254398640106,0.0013120409732468447,0.975,0.975,0.4027777777777778,1.0,0.4027777777777778,0.4027777777777778,0.5972222222222222,0.10332843587750319,0.18483189479119844,0.009598699042534763,0.018748600687729843,0.0,0.005356173220736853,-0.018747058256286107,0.0036183920343215593,0.004352464043744693,0.023994612495433137,0.0,"[-0.005529476116428621, 1.281415796368659, -1.1570510453292107, -0.15229776981705462, 1.5795226668944378, 0.9476579007443208, -0.03774779370692541, 1.5154372647191428, 0.9705674185439906]"
prism2,63,/home/humanoid/Programs/hand/results/phase1/run_20260413_pollard_multiscene_500_run3/prism2/generated_mjcf/scene_prism2_tp0d0042p0d0216p0d0031_ip0d0195n0d0202p0d0000_mp0d0009p0d0051p0d0008.xml,prism_y0d0300,False,0.02,4.0,0.45,0.4,0.0,1.0,4.16984156701968,0.04978840048764757,5.0,0.007633507980999749,0.6688731449178639,0.008546144225616434,0.0014905143984561275,1.0,1.0,1.0,0.2972222222222222,0.2972222222222222,0.2972222222222222,0.7027777777777777,0.017572453270257887,0.08083794188575148,0.0041606311494035465,0.021636419405641566,0.0030830111490938,0.019490002615164113,-0.020220277164734096,0.0,0.00092565331204735,0.005134536502037207,0.0008215445664897757,"[-0.005529476116428621, 1.281415796368659, -1.1570510453292107, -0.15229776981705462, 1.5795226668944378, 0.9476579007443208, -0.03774779370692541, 1.5154372647191428, 0.9705674185439906]"
prism2,64,/home/humanoid/Programs/hand/results/phase1/run_20260413_pollard_multiscene_500_run3/prism2/generated_mjcf/scene_prism2_tn0d0080p0d0274p0d0000_ip0d0070n0d0129p0d0000_mp0d0065p0d0086p0d0000.xml,prism_y0d0300,False,0.02,4.0,0.45,0.4,0.0,1.0,2.738441526973892,0.05106145000925892,4.0,0.008181585361201617,0.6466236946322085,0.008686008444655441,0.0013298722341461705,1.0,1.0,1.0,0.0,0.0,0.0,1.0,0.02319488611061775,0.08816618968926289,-0.008022452353145467,0.027372030322243758,0.0,0.006990567321636585,-0.012943104686674348,0.0,0.006541749268414972,0.008646994452682851,0.0,"[-0.005529476116428621, 1.281415796368659, -1.1570510453292107, -0.15229776981705462, 1.5795226668944378, 0.9476579007443208, -0.03774779370692541, 1.5154372647191428, 0.9705674185439906]"
prism2,65,/home/humanoid/Programs/hand/results/phase1/run_20260413_pollard_multiscene_500_run3/prism2/generated_mjcf/scene_prism2_tp0d0102p0d0180p0d0000_ip0d0127n0d0084p0d0038_mp0d0000p0d0173p0d0057.xml,prism_y0d0300,False,0.02,4.0,0.45,0.4,0.0,1.0,3.766691830983974,0.05054226189726993,6.0,0.005981433433289746,0.1745098523760761,0.026521230445892965,0.00032123120368877933,1.0,1.0,0.09444444444444444,1.0,0.09444444444444444,0.09444444444444444,0.9055555555555556,0.05642031453444981,0.16949103808682073,0.010244905457486197,0.01801220879143583,0.0,0.012668186858420182,-0.008360595438035868,0.003846637078264433,3.421521337633286e-05,0.01726566189683254,0.005662166397551415,"[-0.005529476116428621, 1.281415796368659, -1.1570510453292107, -0.15229776981705462, 1.5795226668944378, 0.9476579007443208, -0.03774779370692541, 1.5154372647191428, 0.9705674185439906]"
prism2,66,/home/humanoid/Programs/hand/results/phase1/run_20260413_pollard_multiscene_500_run3/prism2/generated_mjcf/scene_prism2_tp0d0071p0d0221p0d0000_ip0d0000n0d0165p0d0103_mp0d0093p0d0248p0d0000.xml,prism_y0d0300,True,0.02,4.0,0.45,0.4,1.0,1.0,5.683833965773299,0.04979100621591024,6.0,0.005626414571676887,1.4077758661592563,0.02907576768815011,0.0,1.0,1.0,0.7138888888888889,1.0,0.7138888888888889,0.7138888888888889,0.2861111111111111,0.16399966193870052,0.13595554929743145,0.00709364078744279,0.022124822046544465,0.0,9.767773522696352e-06,-0.01654671136546037,0.010261411427183106,0.009342820692003578,0.024791373771543557,0.0,"[-0.005529476116428621, 1.281415796368659, -1.1570510453292107, -0.15229776981705462, 1.5795226668944378, 0.9476579007443208, -0.03774779370692541, 1.5154372647191428, 0.9705674185439906]"
prism2,67,/home/humanoid/Programs/hand/results/phase1/run_20260413_pollard_multiscene_500_run3/prism2/generated_mjcf/scene_prism2_tp0d0061p0d0196p0d0050_ip0d0056n0d0029p0d0000_mn0d0019p0d0206p0d0042.xml,prism_y0d0300,False,0.02,4.0,0.45,0.4,0.0,1.0,1.3622759225999839,0.044738392173560425,5.0,0.008551752644537449,6.964078950798844,0.0556679553896871,0.048660866991445326,0.2777777777777778,0.2777777777777778,0.15,0.6805555555555556,0.15,0.15,0.5305555555555556,0.1357571881910725,0.06742537338949252,0.006122834557443047,0.019643052216551368,0.005008854274377212,0.00561230264001231,-0.002943233672719108,0.0,-0.0018517561091773247,0.02060797886680421,0.004238507117869911,"[-0.005529476116428621, 1.281415796368659, -1.1570510453292107, -0.15229776981705462, 1.5795226668944378, 0.9476579007443208, -0.03774779370692541, 1.5154372647191428, 0.9705674185439906]"
prism2,68,/home/humanoid/Programs/hand/results/phase1/run_20260413_pollard_multiscene_500_run3/prism2/generated_mjcf/scene_prism2_tp0d0038p0d0245p0d0021_ip0d0008n0d0082p0d0000_mp0d0024p0d0134p0d0000.xml,prism_y0d0300,True,0.02,4.0,0.45,0.4,1.0,1.0,6.871160833897588,0.049991125014926995,5.0,0.005644747125677903,0.12546478397696637,0.0014170140672948941,3.180370768840479e-05,1.0,1.0,1.0,1.0,1.0,1.0,0.0,0.03641538838330818,0.0062404249952331585,0.0037656347982162504,0.024497960055519838,0.002070341064443596,0.0007666948738843469,-0.008239110662878768,0.0,0.002388229094912815,0.013401081724688357,0.0,"[-0.005529476116428621, 1.281415796368659, -1.1570510453292107, -0.15229776981705462, 1.5795226668944378, 0.9476579007443208, -0.03774779370692541, 1.5154372647191428, 0.9705674185439906]"
prism2,69,/home/humanoid/Programs/hand/results/phase1/run_20260413_pollard_multiscene_500_run3/prism2/generated_mjcf/scene_prism2_tn0d0091p0d0182p0d0030_ip0d0071n0d0073p0d0000_mp0d0015p0d0213p0d0040.xml,prism_y0d0300,True,0.02,4.0,0.45,0.4,1.0,1.0,6.72168546917396,0.047879678256346044,5.0,0.007725275914955473,0.40884904576924713,0.004547991205135013,0.0008449099071956429,1.0,1.0,1.0,1.0,1.0,1.0,0.0,0.008868282741514086,0.062060424488360834,-0.009144836102051577,0.018246982496957297,0.0029668138469602177,0.007059122356778417,-0.007296012401118981,0.0,0.001451806534502163,0.021273596267723675,0.004049475114289318,"[-0.005529476116428621, 1.281415796368659, -1.1570510453292107, -0.15229776981705462, 1.5795226668944378, 0.9476579007443208, -0.03774779370692541, 1.5154372647191428, 0.9705674185439906]"
prism2,70,/home/humanoid/Programs/hand/results/phase1/run_20260413_pollard_multiscene_500_run3/prism2/generated_mjcf/scene_prism2_tn0d0017p0d0113p0d0039_ip0d0160n0d0204p0d0045_mp0d0065p0d0253p0d0060.xml,prism_y0d0300,False,0.02,4.0,0.45,0.4,0.0,1.0,2.475415329640839,0.05212368633620822,4.0,0.007676534068457891,1.4621505299338629,0.021781059568761515,0.0023585702103851164,1.0,1.0,0.0,1.0,0.0,0.0,1.0,0.0913425822857664,0.12781252455299372,-0.001695103360925699,0.011282414835625114,0.003928409743895453,0.015998937998229143,-0.020365376323012177,0.004543241686324421,0.006535290073162862,0.025262846757352395,0.006036952502601393,"[-0.005529476116428621, 1.281415796368659, -1.1570510453292107, -0.15229776981705462, 1.5795226668944378, 0.9476579007443208, -0.03774779370692541, 1.5154372647191428, 0.9705674185439906]"
prism2,71,/home/humanoid/Programs/hand/results/phase1/run_20260413_pollard_multiscene_500_run3/prism2/generated_mjcf/scene_prism2_tn0d0054p0d0300p0d0000_ip0d0024n0d0185p0d0056_mp0d0106p0d0144p0d0000.xml,prism_y0d0300,False,0.02,4.0,0.45,0.4,0.0,1.0,2.6570881556904173,0.04694932877757933,4.0,0.010341991768617225,0.3011681092461227,0.009516447300967373,0.0004547104059624968,1.0,1.0,1.0,0.0,0.0,0.0,1.0,0.01439355194095518,0.08666078196479292,-0.0054304519143984886,0.03,0.0,0.002435776347481558,-0.01849432869246876,0.005569922000877223,0.010628032732038916,0.01444500978945759,0.0,"[-0.005529476116428621, 1.281415796368659, -1.1570510453292107, -0.15229776981705462, 1.5795226668944378, 0.9476579007443208, -0.03774779370692541, 1.5154372647191428, 0.9705674185439906]"
prism2,72,/home/humanoid/Programs/hand/results/phase1/run_20260413_pollard_multiscene_500_run3/prism2/generated_mjcf/scene_prism2_tp0d0062p0d0108p0d0000_ip0d0174n0d0135p0d0090_mp0d0124p0d0222p0d0000.xml,prism_y0d0300,False,0.02,4.0,0.45,0.4,0.0,1.0,0.8881259523383059,0.04753042099250238,4.0,0.013059017191872852,7.362329344261179,0.028347223491304002,0.04974061906082554,0.7222222222222222,0.7222222222222222,0.0,0.7222222222222222,0.0,0.0,0.7222222222222222,0.15475416653835952,0.06871504254275286,0.006155210648630671,0.010810553793238229,0.0,0.01735264766979943,-0.013474860852813792,0.009043625678390614,0.012439938501574144,0.022249071527001167,0.0,"[-0.005529476116428621, 1.281415796368659, -1.1570510453292107, -0.15229776981705462, 1.5795226668944378, 0.9476579007443208, -0.03774779370692541, 1.5154372647191428, 0.9705674185439906]"
prism2,73,/home/humanoid/Programs/hand/results/phase1/run_20260413_pollard_multiscene_500_run3/prism2/generated_mjcf/scene_prism2_tn0d0044p0d0170p0d0000_ip0d0093n0d0046p0d0000_mp0d0184p0d0246p0d0000.xml,prism_y0d0300,True,0.02,4.0,0.45,0.4,1.0,1.0,6.771251970084008,0.047895034981096346,5.0,0.007872146390049862,0.19802665634721311,0.0038254330448292905,0.0009576714746541148,1.0,1.0,1.0,1.0,1.0,1.0,0.0,0.007506332609054089,0.035349948896603665,-0.004410675175764798,0.017040945243216383,0.0,0.009339208587460731,-0.004560812218020674,0.0,0.018435661951111647,0.02463711105944183,0.0,"[-0.005529476116428621, 1.281415796368659, -1.1570510453292107, -0.15229776981705462, 1.5795226668944378, 0.9476579007443208, -0.03774779370692541, 1.5154372647191428, 0.9705674185439906]"
prism2,74,/home/humanoid/Programs/hand/results/phase1/run_20260413_pollard_multiscene_500_run3/prism2/generated_mjcf/scene_prism2_tn0d0118p0d0150p0d0000_ip0d0213n0d0226p0d0068_mp0d0094p0d0064p0d0000.xml,prism_y0d0300,True,0.02,4.0,0.45,0.4,1.0,1.0,7.150525508440823,0.05001764045168904,6.0,0.006600513644444194,0.7714336780758072,0.0014655486083804026,0.0,1.0,1.0,1.0,1.0,1.0,1.0,0.0,0.03178369623412239,0.061197680967257896,-0.011774631129091623,0.015026071347668844,0.0,0.021290785761964172,-0.022586193670716414,0.006751326365479232,0.00941019888610549,0.00641696459455523,0.0,"[-0.005529476116428621, 1.281415796368659, -1.1570510453292107, -0.15229776981705462, 1.5795226668944378, 0.9476579007443208, -0.03774779370692541, 1.5154372647191428, 0.9705674185439906]"
prism2,75,/home/humanoid/Programs/hand/results/phase1/run_20260413_pollard_multiscene_500_run3/prism2/generated_mjcf/scene_prism2_tn0d0029p0d0138p0d0000_ip0d0081n0d0012p0d0000_mp0d0208p0d0040p0d0000.xml,prism_y0d0300,True,0.02,4.0,0.45,0.4,1.0,1.0,6.3862895530280195,0.048970782714902676,4.0,0.007447414742758003,0.085552420244007,0.011679028073103543,0.00012181484174282609,1.0,1.0,1.0,1.0,1.0,1.0,0.0,0.018323246999036737,0.020201911865768807,-0.0028583662300581437,0.0138457400072515,0.0,0.008078051948861801,-0.0012057265220458985,0.0,0.02080324029069562,0.0040327697180053326,0.0,"[-0.005529476116428621, 1.281415796368659, -1.1570510453292107, -0.15229776981705462, 1.5795226668944378, 0.9476579007443208, -0.03774779370692541, 1.5154372647191428, 0.9705674185439906]"
prism2,76,/home/humanoid/Programs/hand/results/phase1/run_20260413_pollard_multiscene_500_run3/prism2/generated_mjcf/scene_prism2_tn0d0113p0d0240p0d0000_ip0d0118n0d0052p0d0000_mp0d0039p0d0207p0d0000.xml,prism_y0d0300,True,0.02,4.0,0.45,0.4,1.0,1.0,6.376556563646172,0.05003740243890424,5.0,0.005645545585398579,2.044938525997124,0.012377294186094227,0.0,1.0,1.0,1.0,1.0,1.0,1.0,0.0,0.1470148027415109,0.07088416757406825,-0.011332418251265538,0.023982671318296504,0.0,0.011834084351033164,-0.005211212745469809,0.0,0.0038962598250180834,0.020709806091373795,0.0,"[-0.005529476116428621, 1.281415796368659, -1.1570510453292107, -0.15229776981705462, 1.5795226668944378, 0.9476579007443208, -0.03774779370692541, 1.5154372647191428, 0.9705674185439906]"
prism2,77,/home/humanoid/Programs/hand/results/phase1/run_20260413_pollard_multiscene_500_run3/prism2/generated_mjcf/scene_prism2_tn0d0084p0d0101p0d0057_ip0d0186n0d0029p0d0002_mp0d0017p0d0087p0d0000.xml,prism_y0d0300,False,0.02,4.0,0.45,0.4,0.0,1.0,3.5760777023475954,0.05411085341510222,5.0,0.006354102864270233,0.30326580913905643,0.014207132873886112,0.0009670459161662953,1.0,1.0,0.10555555555555556,1.0,0.10555555555555556,0.10555555555555556,0.8944444444444445,0.08962354364229687,0.10626639640394847,-0.008418956494816787,0.010098682819272528,0.005692020027346097,0.018649896037094195,-0.00293131012119569,0.00024213617963288712,0.0016829095927515317,0.00871577789468347,0.0,"[-0.005529476116428621, 1.281415796368659, -1.1570510453292107, -0.15229776981705462, 1.5795226668944378, 0.9476579007443208, -0.03774779370692541, 1.5154372647191428, 0.9705674185439906]"
prism2,78,/home/humanoid/Programs/hand/results/phase1/run_20260413_pollard_multiscene_500_run3/prism2/generated_mjcf/scene_prism2_tp0d0084p0d0236p0d0000_ip0d0161n0d0138p0d0116_mp0d0083p0d0234p0d0000.xml,prism_y0d0300,True,0.02,4.0,0.45,0.4,1.0,1.0,6.610393723381129,0.04887778003419127,5.0,0.00566358549102203,1.1075640289600912,0.004564088261426278,0.0,1.0,1.0,1.0,1.0,1.0,1.0,0.0,0.08613153427385045,0.01870147729420076,0.008444576966534726,0.02360473805204645,0.0,0.016142527397372305,-0.013849435792305355,0.011586334684659968,0.008289451299635327,0.023392712373685107,0.0,"[-0.005529476116428621, 1.281415796368659, -1.1570510453292107, -0.15229776981705462, 1.5795226668944378, 0.9476579007443208, -0.03774779370692541, 1.5154372647191428, 0.9705674185439906]"
prism2,79,/home/humanoid/Programs/hand/results/phase1/run_20260413_pollard_multiscene_500_run3/prism2/generated_mjcf/scene_prism2_tp0d0052p0d0176p0d0000_ip0d0028n0d0020p0d0000_mp0d0115p0d0176p0d0086.xml,prism_y0d0300,True,0.02,4.0,0.45,0.4,1.0,1.0,5.338257905545316,0.04908752188311356,4.0,0.008466977279296671,2.6775692467482277,0.01240282345046483,0.0031753029248051956,1.0,1.0,0.8361111111111111,1.0,0.8361111111111111,0.8361111111111111,0.16388888888888886,0.03527171061342295,0.04688746475791602,0.005237310362236038,0.017563482626837892,0.0,0.0027718192087738923,-0.0019917236705522656,0.0,0.011478080897803443,0.017636294965843274,0.008602642255188277,"[-0.005529476116428621, 1.281415796368659, -1.1570510453292107, -0.15229776981705462, 1.5795226668944378, 0.9476579007443208, -0.03774779370692541, 1.5154372647191428, 0.9705674185439906]"
prism2,80,/home/humanoid/Programs/hand/results/phase1/run_20260413_pollard_multiscene_500_run3/prism2/generated_mjcf/scene_prism2_tn0d0008p0d0279p0d0006_ip0d0210n0d0071p0d0099_mp0d0206p0d0226p0d0000.xml,prism_y0d0300,True,0.02,4.0,0.45,0.4,1.0,1.0,6.366969772706554,0.048210171052384024,5.0,0.005746760303221803,2.16432119656395,0.009083986701135329,0.0,1.0,1.0,1.0,1.0,1.0,1.0,0.0,0.11167648302416393,0.0361282216097513,-0.0008000030475453623,0.027917390747862772,0.000573517541445712,0.02095203182614285,-0.007101411990425551,0.009890526263616365,0.02061665277540771,0.022553907751633406,0.0,"[-0.005529476116428621, 1.281415796368659, -1.1570510453292107, -0.15229776981705462, 1.5795226668944378, 0.9476579007443208, -0.03774779370692541, 1.5154372647191428, 0.9705674185439906]"
prism2,81,/home/humanoid/Programs/hand/results/phase1/run_20260413_pollard_multiscene_500_run3/prism2/generated_mjcf/scene_prism2_tn0d0090p0d0228p0d0000_ip0d0072n0d0201p0d0063_mp0d0185p0d0065p0d0004.xml,prism_y0d0300,False,0.02,4.0,0.45,0.4,0.0,1.0,2.772895349310391,0.05229193602260648,4.0,0.007325220720301652,0.5890665900633464,0.005734049470782356,0.0036659391102678435,1.0,1.0,1.0,0.0,0.0,0.0,1.0,0.028063677027280246,0.09570547671108405,-0.009013713642375616,0.02278980200712923,0.0,0.007243655781430538,-0.020128123761032943,0.006292119913449305,0.018507944887493133,0.006487311049542916,0.0004040384823368326,"[-0.005529476116428621, 1.281415796368659, -1.1570510453292107, -0.15229776981705462, 1.5795226668944378, 0.9476579007443208, -0.03774779370692541, 1.5154372647191428, 0.9705674185439906]"
prism2,82,/home/humanoid/Programs/hand/results/phase1/run_20260413_pollard_multiscene_500_run3/prism2/generated_mjcf/scene_prism2_tn0d0025p0d0270p0d0000_ip0d0155n0d0107p0d0115_mp0d0081p0d0270p0d0000.xml,prism_y0d0300,True,0.02,4.0,0.45,0.4,1.0,1.0,6.533519191323988,0.04912264601261091,5.0,0.005636257035797323,1.6050995785703572,0.0044435997422317955,0.0,1.0,1.0,1.0,1.0,1.0,1.0,0.0,0.0958574313818349,0.022433876850039242,-0.002519689680057913,0.0269603676315392,0.0,0.015539417179556146,-0.010713506962094235,0.011477954736469145,0.00807119382275073,0.027004100871841748,0.0,"[-0.005529476116428621, 1.281415796368659, -1.1570510453292107, -0.15229776981705462, 1.5795226668944378, 0.9476579007443208, -0.03774779370692541, 1.5154372647191428, 0.9705674185439906]"
prism2,83,/home/humanoid/Programs/hand/results/phase1/run_20260413_pollard_multiscene_500_run3/prism2/generated_mjcf/scene_prism2_tn0d0076p0d0268p0d0000_ip0d0116n0d0088p0d0000_mn0d0012p0d0270p0d0076.xml,prism_y0d0300,True,0.02,4.0,0.45,0.4,1.0,1.0,6.889533353274288,0.04903635207773677,5.0,0.005602006897549783,0.044512583620038494,0.0002739504146203643,7.315743274162456e-05,1.0,1.0,1.0,1.0,1.0,1.0,0.0,0.005714297957247374,0.0012443569410463169,-0.007615952366620589,0.02676994545049784,0.0,0.011578113540041342,-0.00879563808260816,0.0,-0.0011742335437274105,0.026988800245438982,0.007617363433869751,"[-0.005529476116428621, 1.281415796368659, -1.1570510453292107, -0.15229776981705462, 1.5795226668944378, 0.9476579007443208, -0.03774779370692541, 1.5154372647191428, 0.9705674185439906]"
prism2,84,/home/humanoid/Programs/hand/results/phase1/run_20260413_pollard_multiscene_500_run3/prism2/generated_mjcf/scene_prism2_tn0d0090p0d0284p0d0000_ip0d0039n0d0058p0d0062_mp0d0183p0d0066p0d0059.xml,prism_y0d0300,True,0.02,4.0,0.45,0.4,1.0,1.0,7.2015023570463175,0.049189351631848816,6.0,0.005551407208264782,0.2876439649039192,0.001451344631017872,0.0,1.0,1.0,1.0,1.0,1.0,1.0,0.0,0.04941690379183771,0.015501138676656959,-0.00903107388097255,0.0283512663229558,0.0,0.003934833769319825,-0.005757207590804102,0.006176688296570931,0.018302976254368976,0.006579648189279809,0.005942068205402055,"[-0.005529476116428621, 1.281415796368659, -1.1570510453292107, -0.15229776981705462, 1.5795226668944378, 0.9476579007443208, -0.03774779370692541, 1.5154372647191428, 0.9705674185439906]"
prism2,85,/home/humanoid/Programs/hand/results/phase1/run_20260413_pollard_multiscene_500_run3/prism2/generated_mjcf/scene_prism2_tn0d0007p0d0158p0d0056_ip0d0183n0d0166p0d0000_mp0d0218p0d0254p0d0000.xml,prism_y0d0300,True,0.02,4.0,0.45,0.4,1.0,1.0,7.279628206431257,0.049911848785384814,6.0,0.0073550564834255995,0.10570775623905815,0.0013506938219097378,0.0006491628935796634,1.0,1.0,1.0,1.0,1.0,1.0,0.0,0.006387398921618458,0.02887741615694006,-0.0007242270174430531,0.01582120179505725,0.005623269061173778,0.018283433942996835,-0.01656094181848386,0.0,0.021800433240013316,0.025360559741709553,0.0,"[-0.005529476116428621, 1.281415796368659, -1.1570510453292107, -0.15229776981705462, 1.5795226668944378, 0.9476579007443208, -0.03774779370692541, 1.5154372647191428, 0.9705674185439906]"
prism2,86,/home/humanoid/Programs/hand/results/phase1/run_20260413_pollard_multiscene_500_run3/prism2/generated_mjcf/scene_prism2_tp0d0075p0d0102p0d0099_ip0d0166n0d0196p0d0000_mp0d0123p0d0118p0d0057.xml,prism_y0d0300,False,0.02,4.0,0.45,0.4,0.0,1.0,3.8221492870551335,0.047466058833227714,4.0,0.008435917562966393,0.12516003602854964,0.003603770575474681,0.0022269555619793685,1.0,0.9805555555555555,0.3,1.0,0.28055555555555556,0.3,0.7,0.00883395581179291,0.05267377113845525,0.007545943391991963,0.010152637333193278,0.009901101778887714,0.016591653646360095,-0.019575285245747365,0.0,0.012293316516183985,0.011838183941553431,0.005669611582738907,"[-0.005529476116428621, 1.281415796368659, -1.1570510453292107, -0.15229776981705462, 1.5795226668944378, 0.9476579007443208, -0.03774779370692541, 1.5154372647191428, 0.9705674185439906]"
prism2,87,/home/humanoid/Programs/hand/results/phase1/run_20260413_pollard_multiscene_500_run3/prism2/generated_mjcf/scene_prism2_tp0d0022p0d0130p0d0026_in0d0017n0d0216p0d0000_mp0d0065p0d0036p0d0103.xml,prism_y0d0300,True,0.02,4.0,0.45,0.4,1.0,1.0,5.330682236380704,0.052049447865326545,6.0,0.005828851740703561,0.8356156535377426,0.018456865725569243,0.0,1.0,0.5222222222222223,0.9472222222222222,1.0,0.46944444444444444,0.5222222222222223,0.47777777777777775,0.02984962674121484,0.18691513259805495,0.002216708864255847,0.012968687661631752,0.002642628237215415,-0.0016625819564261152,-0.021618052432726936,0.0,0.006488265088465934,0.003585833720184428,0.01031778056792828,"[-0.005529476116428621, 1.281415796368659, -1.1570510453292107, -0.15229776981705462, 1.5795226668944378, 0.9476579007443208, -0.03774779370692541, 1.5154372647191428, 0.9705674185439906]"
prism2,88,/home/humanoid/Programs/hand/results/phase1/run_20260413_pollard_multiscene_500_run3/prism2/generated_mjcf/scene_prism2_tn0d0063p0d0145p0d0000_ip0d0206n0d0159p0d0000_mp0d0052p0d0267p0d0000.xml,prism_y0d0300,False,0.02,4.0,0.45,0.4,0.0,1.0,-7.6771836878935105,0.0492871622231214,4.0,0.012001848066825522,66.74175743352238,0.02055289820932876,0.010575561506093761,0.7805555555555556,0.7805555555555556,0.0,0.9666666666666667,0.0,0.0,0.9666666666666667,0.13641564008931373,0.08954346313357037,-0.006251785068665728,0.014495325210681365,0.0,0.020577729177482608,-0.015856336100447087,0.0,0.00516417454005876,0.026729880841243052,0.0,"[-0.005529476116428621, 1.281415796368659, -1.1570510453292107, -0.15229776981705462, 1.5795226668944378, 0.9476579007443208, -0.03774779370692541, 1.5154372647191428, 0.9705674185439906]"
prism2,89,/home/humanoid/Programs/hand/results/phase1/run_20260413_pollard_multiscene_500_run3/prism2/generated_mjcf/scene_prism2_tn0d0100p0d0238p0d0052_ip0d0069n0d0192p0d0000_mp0d0085p0d0272p0d0086.xml,prism_y0d0300,True,0.02,4.0,0.45,0.4,1.0,1.0,6.654706660921599,0.05162047061200474,5.0,0.005764021065755842,0.389644382157037,0.013239024094962136,0.0,1.0,1.0,1.0,1.0,1.0,1.0,0.0,0.15092007066677723,0.10336179161389702,-0.009995101896248837,0.02379157746173784,0.005198518097171433,0.0069337845806804535,-0.0192267562692027,0.0,0.00853763705229673,0.027187195281308668,0.008602447813300492,"[-0.005529476116428621, 1.281415796368659, -1.1570510453292107, -0.15229776981705462, 1.5795226668944378, 0.9476579007443208, -0.03774779370692541, 1.5154372647191428, 0.9705674185439906]"
prism2,90,/home/humanoid/Programs/hand/results/phase1/run_20260413_pollard_multiscene_500_run3/prism2/generated_mjcf/scene_prism2_tp0d0029p0d0127p0d0045_ip0d0162n0d0225p0d0000_mp0d0058p0d0170p0d0037.xml,prism_y0d0300,True,0.02,4.0,0.45,0.4,1.0,1.0,5.706315418928529,0.050039587227876034,5.0,0.005756072828802686,5.926672295215709,0.013208180178821988,0.0,1.0,1.0,0.9722222222222222,1.0,0.9722222222222222,0.9722222222222222,0.02777777777777779,0.13281713241891732,0.06498186123064341,0.0029018135620788327,0.012654030748838113,0.004509948513336814,0.016215976054769522,-0.022490670271335656,0.0,0.005844347141099411,0.0169903517426752,0.0036732772408389104,"[-0.005529476116428621, 1.281415796368659, -1.1570510453292107, -0.15229776981705462, 1.5795226668944378, 0.9476579007443208, -0.03774779370692541, 1.5154372647191428, 0.9705674185439906]"
prism2,91,/home/humanoid/Programs/hand/results/phase1/run_20260413_pollard_multiscene_500_run3/prism2/generated_mjcf/scene_prism2_tn0d0076p0d0193p0d0118_in0d0016n0d0154p0d0000_mp0d0077p0d0242p0d0000.xml,prism_y0d0300,True,0.02,4.0,0.45,0.4,1.0,1.0,7.189575663355162,0.0493022408202953,6.0,0.007438124727717797,0.33244066461347804,0.002787682317836541,0.0005664620193220338,1.0,1.0,1.0,1.0,1.0,1.0,0.0,0.016630802351845175,0.06221195143397518,-0.007646693078679328,0.019271826466729144,0.01181202927686147,-0.0016195366585430217,-0.015396153316103115,0.0,0.007733992480541187,0.024160649172592356,0.0,"[-0.005529476116428621, 1.281415796368659, -1.1570510453292107, -0.15229776981705462, 1.5795226668944378, 0.9476579007443208, -0.03774779370692541, 1.5154372647191428, 0.9705674185439906]"
prism2,92,/home/humanoid/Programs/hand/results/phase1/run_20260413_pollard_multiscene_500_run3/prism2/generated_mjcf/scene_prism2_tp0d0092p0d0218p0d0000_ip0d0041n0d0045p0d0035_mp0d0031p0d0064p0d0000.xml,prism_y0d0300,True,0.02,4.0,0.45,0.4,1.0,1.0,6.889913959597785,0.04974811295206993,5.0,0.005637475946799861,0.04730383108003604,0.0008575544561493308,4.8270441015019205e-05,1.0,1.0,1.0,1.0,1.0,1.0,0.0,0.024599098745712034,0.0051515927885348685,0.009193872035903945,0.02181295623272573,0.0,0.0040552741037858985,-0.0045332674722808695,0.003460812432078599,0.0030934256771718233,0.006421691842922003,0.0,"[-0.005529476116428621, 1.281415796368659, -1.1570510453292107, -0.15229776981705462, 1.5795226668944378, 0.9476579007443208, -0.03774779370692541, 1.5154372647191428, 0.9705674185439906]"
prism2,93,/home/humanoid/Programs/hand/results/phase1/run_20260413_pollard_multiscene_500_run3/prism2/generated_mjcf/scene_prism2_tp0d0098p0d0177p0d0077_ip0d0195n0d0189p0d0000_mp0d0023p0d0219p0d0000.xml,prism_y0d0300,True,0.02,4.0,0.45,0.4,1.0,1.0,6.892619981651517,0.049541130164674305,5.0,0.005740414787788543,0.08683688000544308,0.0005181652573384223,0.00011101140301500445,1.0,1.0,1.0,1.0,1.0,1.0,0.0,0.011708124352932841,0.0013279196050914321,0.009817727108383325,0.0176813969023054,0.007687387064662939,0.019488690226234645,-0.01886800685293718,0.0,0.0023280660770963867,0.021851488935866546,0.0,"[-0.005529476116428621, 1.281415796368659, -1.1570510453292107, -0.15229776981705462, 1.5795226668944378, 0.9476579007443208, -0.03774779370692541, 1.5154372647191428, 0.9705674185439906]"
prism2,94,/home/humanoid/Programs/hand/results/phase1/run_20260413_pollard_multiscene_500_run3/prism2/generated_mjcf/scene_prism2_tp0d0015p0d0126p0d0064_ip0d0095n0d0111p0d0000_mp0d0090p0d0044p0d0074.xml,prism_y0d0300,True,0.02,4.0,0.45,0.4,1.0,1.0,6.446590370485175,0.05452042028909866,6.0,0.005950118939913812,0.8045488503077629,0.005569065068449769,0.0,1.0,0.7805555555555556,0.9527777777777777,1.0,0.7333333333333333,0.7805555555555556,0.21944444444444444,0.04859372688213013,0.11406731382891354,0.001539169440428645,0.012590402374113123,0.006399856377125625,0.009505016714306917,-0.011122081462157587,0.0,0.008957884088755294,0.004397102470699158,0.007428471529678085,"[-0.005529476116428621, 1.281415796368659, -1.1570510453292107, -0.15229776981705462, 1.5795226668944378, 0.9476579007443208, -0.03774779370692541, 1.5154372647191428, 0.9705674185439906]"
prism2,95,/home/humanoid/Programs/hand/results/phase1/run_20260413_pollard_multiscene_500_run3/prism2/generated_mjcf/scene_prism2_tp0d0098p0d0261p0d0000_ip0d0183n0d0242p0d0040_mp0d0164p0d0111p0d0086.xml,prism_y0d0300,False,0.02,4.0,0.45,0.4,0.0,1.0,2.676591457515688,0.04685345578978901,4.0,0.012995419018695694,0.14616871804175324,0.009382212648423392,0.0007603340398317365,1.0,1.0,1.0,0.0,0.0,0.0,1.0,0.013704922738789269,0.07248228455192317,0.009779974161027216,0.026063540473240793,0.0,0.018250824386656643,-0.024208298980820234,0.003982977767717059,0.016417262015573204,0.011139749692614482,0.00855772058265547,"[-0.005529476116428621, 1.281415796368659, -1.1570510453292107, -0.15229776981705462, 1.5795226668944378, 0.9476579007443208, -0.03774779370692541, 1.5154372647191428, 0.9705674185439906]"
prism2,96,/home/humanoid/Programs/hand/results/phase1/run_20260413_pollard_multiscene_500_run3/prism2/generated_mjcf/scene_prism2_tn0d0120p0d0232p0d0000_ip0d0131n0d0183p0d0000_mp0d0130p0d0152p0d0000.xml,prism_y0d0300,True,0.02,4.0,0.45,0.4,1.0,1.0,5.358959752134893,0.053930338704793655,5.0,0.005752667229329725,0.8874727945332427,0.012585444242072006,0.0,1.0,1.0,1.0,0.6361111111111111,0.6361111111111111,0.6361111111111111,0.36388888888888893,0.15293733968920312,0.09105168750520821,-0.011995439961423757,0.023170885074527296,0.0,0.013087070170243659,-0.01826739217079296,0.0,0.01302784928333284,0.015226435694788317,0.0,"[-0.005529476116428621, 1.281415796368659, -1.1570510453292107, -0.15229776981705462, 1.5795226668944378, 0.9476579007443208, -0.03774779370692541, 1.5154372647191428, 0.9705674185439906]"
prism2,97,/home/humanoid/Programs/hand/results/phase1/run_20260413_pollard_multiscene_500_run3/prism2/generated_mjcf/scene_prism2_tp0d0093p0d0292p0d0012_ip0d0149n0d0135p0d0072_mp0d0180p0d0216p0d0000.xml,prism_y0d0300,True,0.02,4.0,0.45,0.4,1.0,1.0,4.825859115471428,0.05326087161627133,5.0,0.005753499303629735,0.8062442145855677,0.022148584296560758,0.0009066777614913785,1.0,1.0,1.0,0.5194444444444445,0.5194444444444445,0.5194444444444445,0.4805555555555555,0.15930890447529208,0.1454944338208417,0.009268198317895226,0.029177279887696635,0.001189641720707622,0.014946304660889418,-0.013466718358715133,0.007234640744900829,0.018012549910744587,0.02163983278281282,0.0,"[-0.005529476116428621, 1.281415796368659, -1.1570510453292107, -0.15229776981705462, 1.5795226668944378, 0.9476579007443208, -0.03774779370692541, 1.5154372647191428, 0.9705674185439906]"
prism2,98,/home/humanoid/Programs/hand/results/phase1/run_20260413_pollard_multiscene_500_run3/prism2/generated_mjcf/scene_prism2_tn0d0114p0d0238p0d0000_ip0d0195n0d0037p0d0008_mp0d0071p0d0204p0d0050.xml,prism_y0d0300,True,0.02,4.0,0.45,0.4,1.0,1.0,6.1096105827292,0.05038541557014074,4.0,0.005627035054273374,1.1492225021002413,0.01082224824716774,0.0,1.0,1.0,1.0,1.0,1.0,1.0,0.0,0.1638403235209381,0.08293540759639456,-0.011412276955248405,0.02379807387899146,0.0,0.019462260282733714,-0.0036636593388789888,0.0008100502558857133,0.0070586596157323,0.02041174898220853,0.005024872692297698,"[-0.005529476116428621, 1.281415796368659, -1.1570510453292107, -0.15229776981705462, 1.5795226668944378, 0.9476579007443208, -0.03774779370692541, 1.5154372647191428, 0.9705674185439906]"
prism2,99,/home/humanoid/Programs/hand/results/phase1/run_20260413_pollard_multiscene_500_run3/prism2/generated_mjcf/scene_prism2_tp0d0044p0d0282p0d0019_ip0d0104n0d0119p0d0093_mp0d0068p0d0235p0d0001.xml,prism_y0d0300,True,0.02,4.0,0.45,0.4,1.0,1.0,6.189871699699523,0.051644980955125305,4.0,0.005699986028023679,0.49934594361581985,0.015825694301163002,0.0,1.0,1.0,1.0,1.0,1.0,1.0,0.0,0.18402651115498248,0.10484018633896512,0.004374789435312346,0.028218177304168056,0.0018556460458758403,0.010385043516164927,-0.011894204793422361,0.009335535792464315,0.006802027202263075,0.023505980635449716,0.00011734953019630276,"[-0.005529476116428621, 1.281415796368659, -1.1570510453292107, -0.15229776981705462, 1.5795226668944378, 0.9476579007443208, -0.03774779370692541, 1.5154372647191428, 0.9705674185439906]"
prism2,100,/home/humanoid/Programs/hand/results/phase1/run_20260413_pollard_multiscene_500_run3/prism2/generated_mjcf/scene_prism2_tn0d0100p0d0188p0d0000_ip0d0107n0d0038p0d0000_mp0d0094p0d0173p0d0065.xml,prism_y0d0300,True,0.02,4.0,0.45,0.4,1.0,1.0,7.281090347747193,0.050310493308027865,6.0,0.007568675507565944,0.11930341118717715,0.004488810809309711,0.0,1.0,1.0,1.0,1.0,1.0,1.0,0.0,0.002263282982838316,0.035095815003754506,-0.009951865181536158,0.018775567695502312,0.0,0.010669241071932166,-0.003820563471950528,0.0,0.009405390983008566,0.017280054041644587,0.0064756874760196585,"[-0.005529476116428621, 1.281415796368659, -1.1570510453292107, -0.15229776981705462, 1.5795226668944378, 0.9476579007443208, -0.03774779370692541, 1.5154372647191428, 0.9705674185439906]"
prism2,101,/home/humanoid/Programs/hand/results/phase1/run_20260413_pollard_multiscene_500_run3/prism2/generated_mjcf/scene_prism2_tp0d0106p0d0212p0d0101_ip0d0061n0d0060p0d0063_mp0d0112p0d0075p0d0000.xml,prism_y0d0300,True,0.02,4.0,0.45,0.4,1.0,1.0,6.512268288480111,0.04989329992734412,4.0,0.005763306253076612,0.044881486404532975,0.000410428730270977,7.318840013614825e-05,1.0,1.0,1.0,1.0,1.0,1.0,0.0,0.01069401890435132,0.0034070428449788914,0.010583447100032992,0.021214589149641843,0.010118832452697093,0.006077415096292973,-0.005956325488376159,0.006329410999625626,0.011230695538510659,0.007470929249459784,0.0,"[-0.005529476116428621, 1.281415796368659, -1.1570510453292107, -0.15229776981705462, 1.5795226668944378, 0.9476579007443208, -0.03774779370692541, 1.5154372647191428, 0.9705674185439906]"
prism2,102,/home/humanoid/Programs/hand/results/phase1/run_20260413_pollard_multiscene_500_run3/prism2/generated_mjcf/scene_prism2_tn0d0050p0d0300p0d0035_ip0d0198n0d0172p0d0000_mp0d0116p0d0118p0d0000.xml,prism_y0d0300,False,0.02,4.0,0.45,0.4,0.0,1.0,2.830626008619589,0.05055277053812107,4.0,0.00790577208776322,0.4466614422843635,0.002796433053521036,0.000678866772173603,1.0,1.0,1.0,0.0,0.0,0.0,1.0,0.01024573112357075,0.04147893797137322,-0.00501959716225856,0.03,0.0034709390634110604,0.019816908082287803,-0.017192165528774707,0.0,0.01161693581676551,0.011813476401367424,0.0,"[-0.005529476116428621, 1.281415796368659, -1.1570510453292107, -0.15229776981705462, 1.5795226668944378, 0.9476579007443208, -0.03774779370692541, 1.5154372647191428, 0.9705674185439906]"
prism2,103,/home/humanoid/Programs/hand/results/phase1/run_20260413_pollard_multiscene_500_run3/prism2/generated_mjcf/scene_prism2_tp0d0024p0d0087p0d0000_in0d0020n0d0127p0d0026_mp0d0002p0d0091p0d0073.xml,prism_y0d0300,False,0.02,4.0,0.45,0.4,0.0,1.0,1.529647218054149,0.04673760865304265,3.0,0.009696796421618454,2.0732078832526137,0.0093383285488347,0.0,0.4361111111111111,0.4361111111111111,0.0,1.0,0.0,0.0,1.0,0.041631907951669794,0.054042638230851814,0.002383369372827144,0.008678863384413857,0.0,-0.0019946792069528447,-0.01271909707195985,0.002592015961930566,0.00023177104157602255,0.00911026565147512,0.0072958037054163295,"[-0.005529476116428621, 1.281415796368659, -1.1570510453292107, -0.15229776981705462, 1.5795226668944378, 0.9476579007443208, -0.03774779370692541, 1.5154372647191428, 0.9705674185439906]"
prism2,104,/home/humanoid/Programs/hand/results/phase1/run_20260413_pollard_multiscene_500_run3/prism2/generated_mjcf/scene_prism2_tp0d0082p0d0173p0d0075_ip0d0047n0d0074p0d0011_mp0d0086p0d0191p0d0000.xml,prism_y0d0300,False,0.02,4.0,0.45,0.4,0.0,1.0,2.2167191934020747,0.048441322174089266,5.0,0.008298303506110114,6.245279511341137,0.026252897856099685,0.020141131431365686,0.6027777777777777,0.6027777777777777,0.2,0.9527777777777777,0.2,0.2,0.7527777777777778,0.1450029426275581,0.08002706185200648,0.008166757436390344,0.017305598102488752,0.007541369532989443,0.004651366072771426,-0.007353402664476439,0.0010909589677707467,0.008562377893663898,0.019054614628170638,0.0,"[-0.005529476116428621, 1.281415796368659, -1.1570510453292107, -0.15229776981705462, 1.5795226668944378, 0.9476579007443208, -0.03774779370692541, 1.5154372647191428, 0.9705674185439906]"
prism2,105,/home/humanoid/Programs/hand/results/phase1/run_20260413_pollard_multiscene_500_run3/prism2/generated_mjcf/scene_prism2_tn0d0081p0d0151p0d0043_ip0d0149n0d0080p0d0064_mn0d0001p0d0058p0d0085.xml,prism_y0d0300,True,0.02,4.0,0.45,0.4,1.0,1.0,6.892366330423007,0.04952749843690844,5.0,0.005710232040793617,0.05049384829214539,0.0005281810720016396,6.932017073352226e-05,1.0,1.0,1.0,1.0,1.0,1.0,0.0,0.016562612220836454,0.0030760656834620446,-0.008101357374999472,0.015051763145310957,0.004333502634470354,0.014949647520672982,-0.007961740219535359,0.0064228105575298185,-9.076253567036861e-05,0.005841333801968511,0.008528427846290734,"[-0.005529476116428621, 1.281415796368659, -1.1570510453292107, -0.15229776981705462, 1.5795226668944378, 0.9476579007443208, -0.03774779370692541, 1.5154372647191428, 0.9705674185439906]"
prism2,106,/home/humanoid/Programs/hand/results/phase1/run_20260413_pollard_multiscene_500_run3/prism2/generated_mjcf/scene_prism2_tn0d0034p0d0216p0d0001_ip0d0130n0d0225p0d0065_mp0d0010p0d0197p0d0000.xml,prism_y0d0300,True,0.02,4.0,0.45,0.4,1.0,1.0,6.931787901997656,0.051553227731124016,6.0,0.006560028806426192,1.9915721734196608,0.0072428721727521225,0.0015017110825051028,1.0,1.0,1.0,1.0,1.0,1.0,0.0,0.04275876196796254,0.11296531394269131,-0.003435893928932775,0.021640910971604234,8.406733760194136e-05,0.01303990171210299,-0.022453278930529147,0.006474965432793946,0.0009616558759156877,0.019652987084016846,0.0,"[-0.005529476116428621, 1.281415796368659, -1.1570510453292107, -0.15229776981705462, 1.5795226668944378, 0.9476579007443208, -0.03774779370692541, 1.5154372647191428, 0.9705674185439906]"
prism2,107,/home/humanoid/Programs/hand/results/phase1/run_20260413_pollard_multiscene_500_run3/prism2/generated_mjcf/scene_prism2_tn0d0002p0d0241p0d0000_in0d0009n0d0012p0d0005_mp0d0158p0d0161p0d0077.xml,prism_y0d0300,True,0.02,4.0,0.45,0.4,1.0,1.0,6.408246341563257,0.05015897310007915,5.0,0.0076715299274525105,0.5580734502384008,0.004750002943221398,0.00015936489599541193,1.0,1.0,0.8944444444444445,1.0,0.8944444444444445,0.8944444444444445,0.10555555555555551,0.01067449699827353,0.054353492278601846,-0.0001857207345086799,0.024120649624657868,0.0,-0.0008951006875646678,-0.0011589227586814663,0.000544245585789983,0.015811471385460664,0.01605107600938014,0.007672485664079333,"[-0.005529476116428621, 1.281415796368659, -1.1570510453292107, -0.15229776981705462, 1.5795226668944378, 0.9476579007443208, -0.03774779370692541, 1.5154372647191428, 0.9705674185439906]"
prism2,108,/home/humanoid/Programs/hand/results/phase1/run_20260413_pollard_multiscene_500_run3/prism2/generated_mjcf/scene_prism2_tp0d0016p0d0109p0d0034_ip0d0021n0d0045p0d0043_mp0d0206p0d0184p0d0000.xml,prism_y0d0300,False,0.02,4.0,0.45,0.4,0.0,1.0,3.5086489009356936,0.04939666938708754,4.0,0.008776171178703428,0.10999165354302833,0.0009192316564205617,0.0005979310436279861,1.0,1.0,0.17777777777777778,1.0,0.17777777777777778,0.17777777777777778,0.8222222222222222,0.001991469136504026,0.023002811249893413,0.0015507882981054214,0.010946165081292702,0.0034057575517393284,0.002145776066487623,-0.004532300759600939,0.00434547841134757,0.020555407315434586,0.018397938948996252,0.0,"[-0.005529476116428621, 1.281415796368659, -1.1570510453292107, -0.15229776981705462, 1.5795226668944378, 0.9476579007443208, -0.03774779370692541, 1.5154372647191428, 0.9705674185439906]"
prism2,109,/home/humanoid/Programs/hand/results/phase1/run_20260413_pollard_multiscene_500_run3/prism2/generated_mjcf/scene_prism2_tp0d0014p0d0265p0d0051_ip0d0062n0d0086p0d0104_mp0d0144p0d0121p0d0099.xml,prism_y0d0300,True,0.02,4.0,0.45,0.4,1.0,1.0,6.541033071271756,0.04957510004510922,5.0,0.00571366822192968,0.9765072929120199,0.00909046532827504,0.0,1.0,1.0,1.0,1.0,1.0,1.0,0.0,0.1534068965974405,0.05648462271862651,0.0013713010998067932,0.026522534647037528,0.00508531914060183,0.006215120944035642,-0.0085715723855087,0.010446457471225783,0.014435441034388851,0.012115233654059249,0.009858199929202283,"[-0.005529476116428621, 1.281415796368659, -1.1570510453292107, -0.15229776981705462, 1.5795226668944378, 0.9476579007443208, -0.03774779370692541, 1.5154372647191428, 0.9705674185439906]"
prism2,110,/home/humanoid/Programs/hand/results/phase1/run_20260413_pollard_multiscene_500_run3/prism2/generated_mjcf/scene_prism2_tp0d0079p0d0285p0d0000_ip0d0050n0d0053p0d0000_mn0d0002p0d0197p0d0072.xml,prism_y0d0300,True,0.02,4.0,0.45,0.4,1.0,1.0,6.820268935654374,0.04962223144370957,5.0,0.005603532648878841,0.2517616418156428,0.0017855809363600263,4.8734382820408984e-05,1.0,1.0,1.0,1.0,1.0,1.0,0.0,0.051718922972980745,0.00904126424074351,0.007862980625476145,0.028524410246412026,0.0,0.004979892007376512,-0.005336932736155145,0.0,-0.0002310575466114538,0.019698384299342057,0.007182478955496934,"[-0.005529476116428621, 1.281415796368659, -1.1570510453292107, -0.15229776981705462, 1.5795226668944378, 0.9476579007443208, -0.03774779370692541, 1.5154372647191428, 0.9705674185439906]"
prism2,111,/home/humanoid/Programs/hand/results/phase1/run_20260413_pollard_multiscene_500_run3/prism2/generated_mjcf/scene_prism2_tp0d0034p0d0163p0d0014_in0d0015n0d0108p0d0086_mn0d0001p0d0125p0d0000.xml,prism_y0d0300,False,0.02,4.0,0.45,0.4,0.0,1.0,2.263812400812366,0.0510335508677868,4.0,0.007343213492698393,2.9056551523280882,0.024235757995459836,0.003161127844795192,1.0,1.0,0.0,1.0,0.0,0.0,1.0,0.020729579457985065,0.13549903631455104,0.003402427395368751,0.01627624007420011,0.0014345596552211674,-0.0014835211652609488,-0.010796120261926605,0.008563228193161875,-0.00012672235965031746,0.012499665517147967,0.0,"[-0.005529476116428621, 1.281415796368659, -1.1570510453292107, -0.15229776981705462, 1.5795226668944378, 0.9476579007443208, -0.03774779370692541, 1.5154372647191428, 0.9705674185439906]"
prism2,112,/home/humanoid/Programs/hand/results/phase1/run_20260413_pollard_multiscene_500_run3/prism2/generated_mjcf/scene_prism2_tn0d0029p0d0083p0d0079_ip0d0099n0d0138p0d0024_mp0d0184p0d0103p0d0000.xml,prism_y0d0300,False,0.02,4.0,0.45,0.4,0.0,1.0,4.929483862706391,0.051199242578229436,3.0,0.008013971618128689,0.295784181243334,0.014030757666883116,0.0,1.0,0.7194444444444444,0.9361111111111111,1.0,0.6555555555555556,0.7194444444444444,0.28055555555555556,0.08961037212736551,0.03659827796043499,-0.0028798104808018445,0.008312184160997247,0.00786631007594749,0.00990983944819043,-0.01383796642650531,0.00244307317527483,0.018400676902117614,0.010290257395785304,0.0,"[-0.005529476116428621, 1.281415796368659, -1.1570510453292107, -0.15229776981705462, 1.5795226668944378, 0.9476579007443208, -0.03774779370692541, 1.5154372647191428, 0.9705674185439906]"
prism2,113,/home/humanoid/Programs/hand/results/phase1/run_20260413_pollard_multiscene_500_run3/prism2/generated_mjcf/scene_prism2_tn0d0108p0d0144p0d0000_in0d0010n0d0110p0d0000_mn0d0002p0d0253p0d0000.xml,prism_y0d0300,False,0.02,4.0,0.45,0.4,0.0,1.0,3.6714072636954826,0.045432935743703516,4.0,0.009129358788106808,2.6195333681721227,0.008227166875132029,0.002379966441632894,1.0,1.0,0.39444444444444443,1.0,0.39444444444444443,0.39444444444444443,0.6055555555555556,0.030644200005068817,0.03797993195330642,-0.010812139014908118,0.014393578249598981,0.0,-0.0010025963078267048,-0.011034466506951189,0.0,-0.00021781467042988716,0.025301153793920166,0.0,"[-0.005529476116428621, 1.281415796368659, -1.1570510453292107, -0.15229776981705462, 1.5795226668944378, 0.9476579007443208, -0.03774779370692541, 1.5154372647191428, 0.9705674185439906]"
prism2,114,/home/humanoid/Programs/hand/results/phase1/run_20260413_pollard_multiscene_500_run3/prism2/generated_mjcf/scene_prism2_tn0d0097p0d0300p0d0040_ip0d0154n0d0108p0d0000_mp0d0182p0d0133p0d0000.xml,prism_y0d0300,False,0.02,4.0,0.45,0.4,0.0,1.0,3.843430879177474,0.05181526652384743,4.0,0.006976461441887932,0.6212156404783897,0.002279894636008242,0.0,1.0,1.0,1.0,0.2833333333333333,0.2833333333333333,0.2833333333333333,0.7166666666666667,0.043936323451815584,0.05070497786757407,-0.009724061022624773,0.03,0.0040072071336392685,0.015418097000075947,-0.010783104100315308,0.0,0.018205053769901072,0.013332696100926186,0.0,"[-0.005529476116428621, 1.281415796368659, -1.1570510453292107, -0.15229776981705462, 1.5795226668944378, 0.9476579007443208, -0.03774779370692541, 1.5154372647191428, 0.9705674185439906]"
prism2,115,/home/humanoid/Programs/hand/results/phase1/run_20260413_pollard_multiscene_500_run3/prism2/generated_mjcf/scene_prism2_tn0d0088p0d0107p0d0005_ip0d0116n0d0119p0d0027_mp0d0191p0d0154p0d0000.xml,prism_y0d0300,True,0.02,4.0,0.45,0.4,1.0,1.0,6.873450521218294,0.049580194838403924,5.0,0.00763267145221335,0.11397097502250048,0.0014275340457076833,0.000690121466196153,1.0,1.0,1.0,1.0,1.0,1.0,0.0,0.0014241786858822936,0.022448936827119403,-0.008752578143894657,0.010717277259950732,0.0005339023898471625,0.011649846149658704,-0.011851546974094098,0.0027149922709011447,0.019063443114098563,0.015400916278669291,0.0,"[-0.005529476116428621, 1.281415796368659, -1.1570510453292107, -0.15229776981705462, 1.5795226668944378, 0.9476579007443208, -0.03774779370692541, 1.5154372647191428, 0.9705674185439906]"
prism2,116,/home/humanoid/Programs/hand/results/phase1/run_20260413_pollard_multiscene_500_run3/prism2/generated_mjcf/scene_prism2_tn0d0058p0d0154p0d0015_ip0d0171n0d0137p0d0000_mp0d0025p0d0055p0d0000.xml,prism_y0d0300,True,0.02,4.0,0.45,0.4,1.0,1.0,6.307532669984252,0.05018150760777233,4.0,0.005699544299734013,0.7697973557339747,0.005948774660421476,0.0,1.0,1.0,1.0,1.0,1.0,1.0,0.0,0.07338772121471426,0.02574207030194503,-0.005842255138069734,0.015364319418918195,0.0014593692806168217,0.01708893618799274,-0.01371309528163105,0.0,0.002515708089826485,0.00547565360219901,0.0,"[-0.005529476116428621, 1.281415796368659, -1.1570510453292107, -0.15229776981705462, 1.5795226668944378, 0.9476579007443208, -0.03774779370692541, 1.5154372647191428, 0.9705674185439906]"
prism2,117,/home/humanoid/Programs/hand/results/phase1/run_20260413_pollard_multiscene_500_run3/prism2/generated_mjcf/scene_prism2_tp0d0044p0d0222p0d0039_ip0d0089n0d0217p0d0000_mp0d0103p0d0152p0d0000.xml,prism_y0d0300,False,0.02,4.0,0.45,0.4,0.0,1.0,4.369702911327367,0.052642010976448356,5.0,0.005898269116995528,1.1455191008560808,0.02516325300642287,0.000397951247437342,1.0,1.0,1.0,0.4166666666666667,0.4166666666666667,0.4166666666666667,0.5833333333333333,0.17133734004169168,0.12410159287288984,0.004425039793702623,0.022177153565716874,0.0038910621589977774,0.00891028314209102,-0.02166526711317343,0.0,0.010263051494114807,0.015231959161743686,0.0,"[-0.005529476116428621, 1.281415796368659, -1.1570510453292107, -0.15229776981705462, 1.5795226668944378, 0.9476579007443208, -0.03774779370692541, 1.5154372647191428, 0.9705674185439906]"
prism2,118,/home/humanoid/Programs/hand/results/phase1/run_20260413_pollard_multiscene_500_run3/prism2/generated_mjcf/scene_prism2_tp0d0078p0d0184p0d0083_ip0d0044n0d0017p0d0000_mp0d0165p0d0038p0d0000.xml,prism_y0d0300,True,0.02,4.0,0.45,0.4,1.0,1.0,6.8185743177331455,0.049829854817144595,5.0,0.0069719111523643485,0.18794577348506403,0.009646027368149393,0.0,1.0,1.0,1.0,1.0,1.0,1.0,0.0,0.015823726688231298,0.019270043284596656,0.007807237396004606,0.01839952006368896,0.008290947003856325,0.004371823127956276,-0.0016934499390448814,0.0,0.016460379772354136,0.0037844748722332625,0.0,"[-0.005529476116428621, 1.281415796368659, -1.1570510453292107, -0.15229776981705462, 1.5795226668944378, 0.9476579007443208, -0.03774779370692541, 1.5154372647191428, 0.9705674185439906]"
prism2,119,/home/humanoid/Programs/hand/results/phase1/run_20260413_pollard_multiscene_500_run3/prism2/generated_mjcf/scene_prism2_tp0d0089p0d0164p0d0104_ip0d0203n0d0051p0d0000_mp0d0186p0d0143p0d0000.xml,prism_y0d0300,True,0.02,4.0,0.45,0.4,1.0,1.0,7.18847522904777,0.050052002981982924,6.0,0.00728010717918401,0.29406336251977844,0.004971185054766498,0.0011997570676289537,1.0,1.0,1.0,1.0,1.0,1.0,0.0,0.022898073063569266,0.07510577676316725,0.008893279303444638,0.01640251999547089,0.010379507833410868,0.020306008014948564,-0.005095378154555871,0.0,0.01859844408246346,0.014270504086291665,0.0,"[-0.005529476116428621, 1.281415796368659, -1.1570510453292107, -0.15229776981705462, 1.5795226668944378, 0.9476579007443208, -0.03774779370692541, 1.5154372647191428, 0.9705674185439906]"
prism2,120,/home/humanoid/Programs/hand/results/phase1/run_20260413_pollard_multiscene_500_run3/prism2/generated_mjcf/scene_prism2_tp0d0084p0d0276p0d0000_ip0d0188n0d0118p0d0058_mp0d0044p0d0085p0d0084.xml,prism_y0d0300,False,0.02,4.0,0.45,0.4,0.0,1.0,0.5155039856029512,0.04891686268980089,4.0,0.008385889267658686,8.858854344135883,0.07126947472602053,0.04569970878547539,0.8,0.8055555555555556,0.8027777777777778,0.0,0.0,0.0,0.8055555555555556,0.1001506422001729,0.09631123147142501,0.00844700085406028,0.0275899209061255,0.0,0.01879663640748299,-0.01184488672550997,0.005846178204292226,0.004436224499191826,0.00847107561171959,0.008359507557784272,"[-0.005529476116428621, 1.281415796368659, -1.1570510453292107, -0.15229776981705462, 1.5795226668944378, 0.9476579007443208, -0.03774779370692541, 1.5154372647191428, 0.9705674185439906]"
prism2,121,/home/humanoid/Programs/hand/results/phase1/run_20260413_pollard_multiscene_500_run3/prism2/generated_mjcf/scene_prism2_tp0d0024p0d0115p0d0000_ip0d0186n0d0131p0d0000_mp0d0062p0d0231p0d0000.xml,prism_y0d0300,False,0.02,4.0,0.45,0.4,0.0,1.0,-0.3372367963925006,0.04797123748700086,4.0,0.011191484016744108,15.091580082994296,0.04790384116605684,0.044671175501699904,0.7777777777777778,0.7777777777777778,0.0,0.7833333333333333,0.0,0.0,0.7833333333333333,0.1544693447058181,0.06877170490912571,0.0024051311534063324,0.011544931174607635,0.0,0.01861685963731509,-0.013061194038860484,0.0,0.006182892757216741,0.02309146085361523,0.0,"[-0.005529476116428621, 1.281415796368659, -1.1570510453292107, -0.15229776981705462, 1.5795226668944378, 0.9476579007443208, -0.03774779370692541, 1.5154372647191428, 0.9705674185439906]"
prism2,122,/home/humanoid/Programs/hand/results/phase1/run_20260413_pollard_multiscene_500_run3/prism2/generated_mjcf/scene_prism2_tp0d0108p0d0155p0d0062_ip0d0049n0d0059p0d0000_mp0d0011p0d0095p0d0089.xml,prism_y0d0300,False,0.02,4.0,0.45,0.4,0.0,1.0,4.471017406118264,0.04929611742848908,6.0,0.007408582887127258,3.109695196688038,0.011059994701934674,0.0036287118603808843,0.7916666666666666,0.4388888888888889,0.45555555555555555,1.0,0.10277777777777777,0.4388888888888889,0.5611111111111111,0.019365741629585553,0.11427667953792543,0.01076048406563343,0.015492803621637762,0.006155527900058046,0.00485693182457647,-0.00587186875258037,0.0,0.0011157035574780073,0.009522165756708695,0.008882207151154464,"[-0.005529476116428621, 1.281415796368659, -1.1570510453292107, -0.15229776981705462, 1.5795226668944378, 0.9476579007443208, -0.03774779370692541, 1.5154372647191428, 0.9705674185439906]"
prism2,123,/home/humanoid/Programs/hand/results/phase1/run_20260413_pollard_multiscene_500_run3/prism2/generated_mjcf/scene_prism2_tn0d0043p0d0196p0d0000_ip0d0116n0d0220p0d0000_mp0d0172p0d0092p0d0000.xml,prism_y0d0300,False,0.02,4.0,0.45,0.4,0.0,1.0,4.317458984468033,0.05477274114763484,5.0,0.005890010745771505,0.650567345336276,0.016776096086974463,0.0010903496057904638,1.0,1.0,1.0,0.34444444444444444,0.34444444444444444,0.34444444444444444,0.6555555555555556,0.1570378818742052,0.11888635748332894,-0.004260038967681772,0.01960461298881959,0.0,0.011600278864472048,-0.0219961311853588,0.0,0.017223337484585828,0.009153846869822672,0.0,"[-0.005529476116428621, 1.281415796368659, -1.1570510453292107, -0.15229776981705462, 1.5795226668944378, 0.9476579007443208, -0.03774779370692541, 1.5154372647191428, 0.9705674185439906]"
prism2,124,/home/humanoid/Programs/hand/results/phase1/run_20260413_pollard_multiscene_500_run3/prism2/generated_mjcf/scene_prism2_tp0d0024p0d0115p0d0000_ip0d0179n0d0148p0d0088_mp0d0159p0d0081p0d0000.xml,prism_y0d0300,True,0.02,4.0,0.45,0.4,1.0,1.0,5.13456654297714,0.052230416476662406,5.0,0.005694768299252474,0.39319267453114154,0.02658459630223121,0.0,1.0,1.0,0.6027777777777777,1.0,0.6027777777777777,0.6027777777777777,0.39722222222222225,0.17193488062529996,0.12337427497836106,0.00244379712564664,0.011516003744496317,0.0,0.017933255596691573,-0.014767612297100151,0.008771401825721701,0.01585675523326934,0.008123136719758773,0.0,"[-0.005529476116428621, 1.281415796368659, -1.1570510453292107, -0.15229776981705462, 1.5795226668944378, 0.9476579007443208, -0.03774779370692541, 1.5154372647191428, 0.9705674185439906]"
prism2,125,/home/humanoid/Programs/hand/results/phase1/run_20260413_pollard_multiscene_500_run3/prism2/generated_mjcf/scene_prism2_tn0d0079p0d0199p0d0000_ip0d0180n0d0130p0d0013_mp0d0073p0d0214p0d0045.xml,prism_y0d0300,True,0.02,4.0,0.45,0.4,1.0,1.0,5.988993869527329,0.04987326889198132,5.0,0.005641051284809376,2.4916677299865255,0.012892881669485943,0.0,1.0,1.0,0.9194444444444444,1.0,0.9194444444444444,0.9194444444444444,0.0805555555555556,0.16300949660473035,0.08234298600554679,-0.007887425942232639,0.019869923947212237,0.0,0.01796756903605752,-0.01303821976671418,0.0013139928106517436,0.0072988538669776434,0.021417608120759872,0.004534554990868175,"[-0.005529476116428621, 1.281415796368659, -1.1570510453292107, -0.15229776981705462, 1.5795226668944378, 0.9476579007443208, -0.03774779370692541, 1.5154372647191428, 0.9705674185439906]"
prism2,126,/home/humanoid/Programs/hand/results/phase1/run_20260413_pollard_multiscene_500_run3/prism2/generated_mjcf/scene_prism2_tp0d0045p0d0265p0d0000_ip0d0009n0d0047p0d0000_mp0d0146p0d0270p0d0048.xml,prism_y0d0300,False,0.02,4.0,0.45,0.4,0.0,1.0,2.467733577128053,0.043990932338200055,4.0,0.008363287666037472,5.802079375368192,0.02951947933629871,0.03647164867916421,0.6777777777777778,0.3972222222222222,0.8,0.6777777777777778,0.3972222222222222,0.3972222222222222,0.40277777777777785,0.13875588888888526,0.087200492474439,0.004458536017805364,0.02651826532165731,0.0,0.0008580601897542929,-0.004669597340441882,0.0,0.014602302785354992,0.02702318182498961,0.004842281650674841,"[-0.005529476116428621, 1.281415796368659, -1.1570510453292107, -0.15229776981705462, 1.5795226668944378, 0.9476579007443208, -0.03774779370692541, 1.5154372647191428, 0.9705674185439906]"
prism2,127,/home/humanoid/Programs/hand/results/phase1/run_20260413_pollard_multiscene_500_run3/prism2/generated_mjcf/scene_prism2_tp0d0098p0d0083p0d0025_ip0d0003n0d0034p0d0110_mn0d0012p0d0065p0d0080.xml,prism_y0d0300,False,0.02,4.0,0.45,0.4,0.0,1.0,-3.960030424021252,0.05189832268563423,2.0,0.015317226225036293,33.71446606170628,0.039727386263650785,0.0,0.0,0.0,0.0,0.95,0.0,0.0,0.95,0.09640509904251016,0.027795879376041017,0.009760457547150138,0.008320518767227713,0.002489219276482083,0.00033574461251641846,-0.003359888860213432,0.011045946072750848,-0.0011803141391436098,0.006498272408853792,0.007986264843585493,"[-0.005529476116428621, 1.281415796368659, -1.1570510453292107, -0.15229776981705462, 1.5795226668944378, 0.9476579007443208, -0.03774779370692541, 1.5154372647191428, 0.9705674185439906]"
prism2,128,/home/humanoid/Programs/hand/results/phase1/run_20260413_pollard_multiscene_500_run3/prism2/generated_mjcf/scene_prism2_tp0d0045p0d0300p0d0062_ip0d0123n0d0114p0d0000_mp0d0168p0d0125p0d0000.xml,prism_y0d0300,False,0.02,4.0,0.45,0.4,0.0,1.0,2.619327413052907,0.04996039427690343,4.0,0.009121393005018548,1.030235192913344,0.009505917755804822,0.0013654039760975373,1.0,1.0,1.0,0.0,0.0,0.0,1.0,0.035853178341830876,0.09446957820368738,0.004485274247750803,0.03,0.006156220676458435,0.012260561788589615,-0.011358161911042592,0.0,0.016811552901191067,0.012516042873784501,0.0,"[-0.005529476116428621, 1.281415796368659, -1.1570510453292107, -0.15229776981705462, 1.5795226668944378, 0.9476579007443208, -0.03774779370692541, 1.5154372647191428, 0.9705674185439906]"
prism2,129,/home/humanoid/Programs/hand/results/phase1/run_20260413_pollard_multiscene_500_run3/prism2/generated_mjcf/scene_prism2_tp0d0011p0d0169p0d0025_in0d0016n0d0203p0d0010_mp0d0126p0d0053p0d0033.xml,prism_y0d0300,True,0.02,4.0,0.45,0.4,1.0,1.0,6.857072005029846,0.049526905813505724,5.0,0.005722357198269603,0.1804663780142276,0.0010760564565408077,7.703622870174065e-05,1.0,1.0,1.0,1.0,1.0,1.0,0.0,0.026717030351639803,0.00751444701775178,0.001124035130705775,0.016879105762682,0.002540590918859706,-0.0015998689586662306,-0.020340573322197117,0.0009559423156456498,0.012637777989375407,0.0052731398225478055,0.003273069010678602,"[-0.005529476116428621, 1.281415796368659, -1.1570510453292107, -0.15229776981705462, 1.5795226668944378, 0.9476579007443208, -0.03774779370692541, 1.5154372647191428, 0.9705674185439906]"
prism2,130,/home/humanoid/Programs/hand/results/phase1/run_20260413_pollard_multiscene_500_run3/prism2/generated_mjcf/scene_prism2_tp0d0082p0d0149p0d0005_ip0d0197n0d0074p0d0000_mp0d0212p0d0115p0d0078.xml,prism_y0d0300,True,0.02,4.0,0.45,0.4,1.0,1.0,6.782465122706549,0.051153198631186086,6.0,0.006617182002041423,0.19429038148763608,0.005656418301289534,0.0003651306321809794,1.0,1.0,0.875,1.0,0.875,0.875,0.125,0.031247596212626596,0.09190246910240128,0.008189307560810648,0.014882807021886352,0.0005119386873650589,0.01974686259815555,-0.007428967554101598,0.0,0.02119582419996409,0.011509801055097127,0.007780858579894308,"[-0.005529476116428621, 1.281415796368659, -1.1570510453292107, -0.15229776981705462, 1.5795226668944378, 0.9476579007443208, -0.03774779370692541, 1.5154372647191428, 0.9705674185439906]"
prism2,131,/home/humanoid/Programs/hand/results/phase1/run_20260413_pollard_multiscene_500_run3/prism2/generated_mjcf/scene_prism2_tn0d0011p0d0270p0d0101_ip0d0197n0d0050p0d0000_mp0d0199p0d0070p0d0000.xml,prism_y0d0300,True,0.02,4.0,0.45,0.4,1.0,1.0,6.042178471736074,0.050543351161105046,5.0,0.005884200940281427,4.868243781740905,0.008946117374563953,0.0,1.0,1.0,1.0,1.0,1.0,1.0,0.0,0.10622835033562676,0.049857590355785464,-0.0011395805826361627,0.026954421492883872,0.010102144179137976,0.019665360013878683,-0.004989540944297587,0.0,0.019903111947131187,0.00698015457820993,0.0,"[-0.005529476116428621, 1.281415796368659, -1.1570510453292107, -0.15229776981705462, 1.5795226668944378, 0.9476579007443208, -0.03774779370692541, 1.5154372647191428, 0.9705674185439906]"
prism2,132,/home/humanoid/Programs/hand/results/phase1/run_20260413_pollard_multiscene_500_run3/prism2/generated_mjcf/scene_prism2_tp0d0035p0d0260p0d0000_ip0d0045n0d0154p0d0083_mn0d0020p0d0247p0d0000.xml,prism_y0d0300,True,0.02,4.0,0.45,0.4,1.0,1.0,5.946206620712287,0.049942872770711966,4.0,0.005666941549272715,1.5801189013370183,0.018607172118532227,0.0,1.0,1.0,1.0,1.0,1.0,1.0,0.0,0.18792096819368423,0.10775641411731342,0.003512477377717779,0.02595634688580678,0.0,0.004452740128532561,-0.015443202872165433,0.008333916584662072,-0.001953983419333517,0.024659893923409178,0.0,"[-0.005529476116428621, 1.281415796368659, -1.1570510453292107, -0.15229776981705462, 1.5795226668944378, 0.9476579007443208, -0.03774779370692541, 1.5154372647191428, 0.9705674185439906]"
prism2,133,/home/humanoid/Programs/hand/results/phase1/run_20260413_pollard_multiscene_500_run3/prism2/generated_mjcf/scene_prism2_tp0d0028p0d0300p0d0000_ip0d0111n0d0190p0d0049_mp0d0176p0d0092p0d0086.xml,prism_y0d0300,False,0.02,4.0,0.45,0.4,0.0,1.0,2.706542872064413,0.046836027560337876,4.0,0.013025145182179834,0.15293154308580137,0.006507467882728697,0.0005743129169999556,1.0,1.0,1.0,0.0,0.0,0.0,1.0,0.010581982626307709,0.05441905158700679,0.0027977652898282263,0.03,0.0,0.011086082907261777,-0.018966780190806512,0.004853939664313668,0.01762763991258995,0.009209986654092634,0.008637469710466666,"[-0.005529476116428621, 1.281415796368659, -1.1570510453292107, -0.15229776981705462, 1.5795226668944378, 0.9476579007443208, -0.03774779370692541, 1.5154372647191428, 0.9705674185439906]"
prism2,134,/home/humanoid/Programs/hand/results/phase1/run_20260413_pollard_multiscene_500_run3/prism2/generated_mjcf/scene_prism2_tn0d0077p0d0195p0d0000_ip0d0054n0d0153p0d0047_mp0d0056p0d0160p0d0036.xml,prism_y0d0300,True,0.02,4.0,0.45,0.4,1.0,1.0,6.305559157870654,0.049253920406611765,4.0,0.0056021174582004596,0.8816444868126415,0.0024637640272112296,0.0,1.0,1.0,1.0,1.0,1.0,1.0,0.0,0.05209563416283234,0.015997860192722313,-0.007742076707245167,0.019521734459900235,0.0,0.005380400973209519,-0.015320954689492202,0.004686405960974107,0.00560440286082812,0.016011727803561176,0.0036316851150580594,"[-0.005529476116428621, 1.281415796368659, -1.1570510453292107, -0.15229776981705462, 1.5795226668944378, 0.9476579007443208, -0.03774779370692541, 1.5154372647191428, 0.9705674185439906]"
prism2,135,/home/humanoid/Programs/hand/results/phase1/run_20260413_pollard_multiscene_500_run3/prism2/generated_mjcf/scene_prism2_tp0d0069p0d0150p0d0000_ip0d0037n0d0112p0d0091_mp0d0138p0d0179p0d0000.xml,prism_y0d0300,False,0.02,4.0,0.45,0.4,0.0,1.0,1.8207437137657931,0.04736370840061736,4.0,0.011266381891291562,0.675539668891132,0.025829482901985886,0.055875353677609915,0.7555555555555555,0.7583333333333333,0.0,0.7555555555555555,0.0,0.0,0.7583333333333333,0.14547887041546376,0.07321359725061712,0.006857647735637552,0.01504492230118383,0.0,0.0036892498449809796,-0.011197272548679756,0.009064254186342637,0.01378107685401934,0.017874691451246903,0.0,"[-0.005529476116428621, 1.281415796368659, -1.1570510453292107, -0.15229776981705462, 1.5795226668944378, 0.9476579007443208, -0.03774779370692541, 1.5154372647191428, 0.9705674185439906]"
prism2,136,/home/humanoid/Programs/hand/results/phase1/run_20260413_pollard_multiscene_500_run3/prism2/generated_mjcf/scene_prism2_tn0d0000p0d0159p0d0000_ip0d0210n0d0204p0d0000_mp0d0053p0d0187p0d0000.xml,prism_y0d0300,True,0.02,4.0,0.45,0.4,1.0,1.0,6.898619334734632,0.04973104595378187,5.0,0.005667022983279178,0.07652564304233786,0.0006461616200385187,0.00015652862841095128,1.0,1.0,1.0,1.0,1.0,1.0,0.0,0.012720279875514875,0.0013575761762943765,-4.7116339295641754e-05,0.015941643153524383,0.0,0.02102531309204351,-0.02037678228072287,0.0,0.005322139856231826,0.01872476021489625,0.0,"[-0.005529476116428621, 1.281415796368659, -1.1570510453292107, -0.15229776981705462, 1.5795226668944378, 0.9476579007443208, -0.03774779370692541, 1.5154372647191428, 0.9705674185439906]"
prism2,137,/home/humanoid/Programs/hand/results/phase1/run_20260413_pollard_multiscene_500_run3/prism2/generated_mjcf/scene_prism2_tp0d0049p0d0247p0d0000_ip0d0180n0d0165p0d0030_mp0d0110p0d0050p0d0000.xml,prism_y0d0300,False,0.02,4.0,0.45,0.4,0.0,1.0,0.7689304290305474,0.049153341760735166,4.0,0.007804520781636526,7.957170861829985,0.05610486619077102,0.04315294294890354,0.8361111111111111,0.8416666666666667,0.8361111111111111,0.0,0.0,0.0,0.8416666666666667,0.1031441292357445,0.08706421775817703,0.004939700650079103,0.024682204869321503,0.0,0.018032783027366765,-0.016529194989133536,0.0029566510456937745,0.010960551337871752,0.005020658944108913,0.0,"[-0.005529476116428621, 1.281415796368659, -1.1570510453292107, -0.15229776981705462, 1.5795226668944378, 0.9476579007443208, -0.03774779370692541, 1.5154372647191428, 0.9705674185439906]"
prism2,138,/home/humanoid/Programs/hand/results/phase1/run_20260413_pollard_multiscene_500_run3/prism2/generated_mjcf/scene_prism2_tp0d0015p0d0300p0d0068_ip0d0095n0d0196p0d0000_mn0d0010p0d0173p0d0000.xml,prism_y0d0300,False,0.02,4.0,0.45,0.4,0.0,1.0,-5.422542978336227,0.04886499701456962,4.0,0.009157853306883922,52.271789144830436,0.0164743381627575,0.018958285164930852,0.9638888888888889,0.9666666666666667,0.9638888888888889,0.0,0.0,0.0,0.9666666666666667,0.11401085400166133,0.08897720332313129,0.001515325259618382,0.03,0.006807639524938257,0.009541767906657332,-0.019584708658321362,0.0,-0.000981823473950495,0.01725793949067561,0.0,"[-0.005529476116428621, 1.281415796368659, -1.1570510453292107, -0.15229776981705462, 1.5795226668944378, 0.9476579007443208, -0.03774779370692541, 1.5154372647191428, 0.9705674185439906]"
prism2,139,/home/humanoid/Programs/hand/results/phase1/run_20260413_pollard_multiscene_500_run3/prism2/generated_mjcf/scene_prism2_tp0d0038p0d0208p0d0000_ip0d0064n0d0233p0d0116_mn0d0002p0d0039p0d0000.xml,prism_y0d0300,False,0.02,4.0,0.45,0.4,0.0,1.0,-2.158701704002538,0.04898225917352838,3.0,0.009512454607929322,30.690196136791414,0.031559578077483504,0.0381763708111806,0.28055555555555556,0.6277777777777778,0.25,0.28055555555555556,0.0,0.25,0.37777777777777777,0.12677695067495912,0.09477337515708895,0.0038050259348188786,0.020755100794810622,0.0,0.006448623398971592,-0.023325066083498283,0.011591209693892372,-0.00019526507632723449,0.0039111861558529856,0.0,"[-0.005529476116428621, 1.281415796368659, -1.1570510453292107, -0.15229776981705462, 1.5795226668944378, 0.9476579007443208, -0.03774779370692541, 1.5154372647191428, 0.9705674185439906]"
prism2,140,/home/humanoid/Programs/hand/results/phase1/run_20260413_pollard_multiscene_500_run3/prism2/generated_mjcf/scene_prism2_tn0d0087p0d0271p0d0000_ip0d0062n0d0240p0d0104_mp0d0057p0d0235p0d0111.xml,prism_y0d0300,True,0.02,4.0,0.45,0.4,1.0,1.0,4.851828778791719,0.052444941317499646,5.0,0.005701708620523282,0.5877004442171448,0.012718670726068845,0.0,1.0,1.0,1.0,0.5,0.5,0.5,0.5,0.14294012698664083,0.12986706420819363,-0.008731530079981356,0.027066388090933438,0.0,0.0061588016073141905,-0.023982038856395667,0.010357658104953149,0.005704969469548151,0.02352908190489477,0.011086436192306204,"[-0.005529476116428621, 1.281415796368659, -1.1570510453292107, -0.15229776981705462, 1.5795226668944378, 0.9476579007443208, -0.03774779370692541, 1.5154372647191428, 0.9705674185439906]"
prism2,141,/home/humanoid/Programs/hand/results/phase1/run_20260413_pollard_multiscene_500_run3/prism2/generated_mjcf/scene_prism2_tp0d0055p0d0143p0d0000_ip0d0168n0d0075p0d0079_mp0d0111p0d0191p0d0000.xml,prism_y0d0300,False,0.02,4.0,0.45,0.4,0.0,1.0,1.5958552210478718,0.048460705989082184,4.0,0.011537418491021356,1.189614706898277,0.05637206792524345,0.05397254708977408,0.8194444444444444,0.8222222222222222,0.0,0.825,0.0,0.0,0.825,0.13774959319715754,0.08131087056573717,0.00545884849963154,0.014257804502089013,0.0,0.016783646536371433,-0.007532492230778167,0.007861720757539256,0.011069781825323213,0.019080062523594087,0.0,"[-0.005529476116428621, 1.281415796368659, -1.1570510453292107, -0.15229776981705462, 1.5795226668944378, 0.9476579007443208, -0.03774779370692541, 1.5154372647191428, 0.9705674185439906]"
prism2,142,/home/humanoid/Programs/hand/results/phase1/run_20260413_pollard_multiscene_500_run3/prism2/generated_mjcf/scene_prism2_tn0d0074p0d0247p0d0000_ip0d0168n0d0241p0d0028_mp0d0123p0d0058p0d0022.xml,prism_y0d0300,False,0.02,4.0,0.45,0.4,0.0,1.0,2.76547034616936,0.04887205422671485,4.0,0.008455422466240918,0.3336688060825623,0.004203615781233272,0.002108592310593918,1.0,1.0,1.0,0.0,0.0,0.0,1.0,0.004360255362964406,0.04641065628660566,-0.007406249106069644,0.024733766378574083,0.0,0.01681314259118548,-0.024126402710446332,0.002803222095158712,0.01227073241585616,0.005832298099170255,0.0022128550031997474,"[-0.005529476116428621, 1.281415796368659, -1.1570510453292107, -0.15229776981705462, 1.5795226668944378, 0.9476579007443208, -0.03774779370692541, 1.5154372647191428, 0.9705674185439906]"
prism2,143,/home/humanoid/Programs/hand/results/phase1/run_20260413_pollard_multiscene_500_run3/prism2/generated_mjcf/scene_prism2_tp0d0062p0d0209p0d0041_ip0d0150n0d0194p0d0102_mp0d0059p0d0173p0d0000.xml,prism_y0d0300,True,0.02,4.0,0.45,0.4,1.0,1.0,6.7041518096410995,0.052373864846015084,6.0,0.005862768647473533,0.23078613399747477,0.018173981666888415,0.0002064449551890113,1.0,1.0,0.9,1.0,0.9,0.9,0.09999999999999998,0.15170735749675768,0.11872283122900949,0.006188329518560347,0.020863806997200564,0.0041462532147777224,0.015008121104932009,-0.019358162822748666,0.010238796153919451,0.005860994776989337,0.017308846946232706,0.0,"[-0.005529476116428621, 1.281415796368659, -1.1570510453292107, -0.15229776981705462, 1.5795226668944378, 0.9476579007443208, -0.03774779370692541, 1.5154372647191428, 0.9705674185439906]"
prism2,144,/home/humanoid/Programs/hand/results/phase1/run_20260413_pollard_multiscene_500_run3/prism2/generated_mjcf/scene_prism2_tp0d0119p0d0237p0d0000_ip0d0116n0d0236p0d0000_mp0d0214p0d0052p0d0000.xml,prism_y0d0300,False,0.02,4.0,0.45,0.4,0.0,1.0,1.7811764524725828,0.047888083396997835,4.0,0.011602225859918061,4.334727866634466e-07,0.06321620044813366,0.05205490660320154,0.4638888888888889,0.4638888888888889,0.5527777777777778,0.0,0.0,0.0,0.5527777777777778,0.12983936808715055,0.09136855488998787,0.011913720408939114,0.023699386605017154,0.0,0.011586873910987512,-0.02364748026497579,0.0,0.021392537358011006,0.005244756480698892,0.0,"[-0.005529476116428621, 1.281415796368659, -1.1570510453292107, -0.15229776981705462, 1.5795226668944378, 0.9476579007443208, -0.03774779370692541, 1.5154372647191428, 0.9705674185439906]"
prism2,145,/home/humanoid/Programs/hand/results/phase1/run_20260413_pollard_multiscene_500_run3/prism2/generated_mjcf/scene_prism2_tp0d0018p0d0266p0d0085_ip0d0187n0d0061p0d0000_mp0d0120p0d0228p0d0000.xml,prism_y0d0300,True,0.02,4.0,0.45,0.4,1.0,1.0,6.902374487607278,0.04975454417697627,5.0,0.005765143786711828,0.06542801277160293,0.0005193113247733894,6.121969332356647e-05,1.0,1.0,1.0,1.0,1.0,1.0,0.0,0.012906582429554142,0.0018659647992982364,0.0017538542680252782,0.026575331008186886,0.008468955846821315,0.01866947878821324,-0.00605466824628304,0.0,0.011957947693719377,0.02281495484257566,0.0,"[-0.005529476116428621, 1.281415796368659, -1.1570510453292107, -0.15229776981705462, 1.5795226668944378, 0.9476579007443208, -0.03774779370692541, 1.5154372647191428, 0.9705674185439906]"
prism2,146,/home/humanoid/Programs/hand/results/phase1/run_20260413_pollard_multiscene_500_run3/prism2/generated_mjcf/scene_prism2_tn0d0100p0d0190p0d0000_in0d0019n0d0119p0d0000_mp0d0192p0d0113p0d0039.xml,prism_y0d0300,True,0.02,4.0,0.45,0.4,1.0,1.0,7.310377310919856,0.05131052061694614,6.0,0.007026296084108801,0.17064325917445347,0.001750490846797135,0.0,1.0,1.0,1.0,1.0,1.0,1.0,0.0,0.008971897013811939,0.05273397506855639,-0.010045906244288014,0.019006044700280358,0.0,-0.001910366479366826,-0.011895275575458145,0.0,0.019195229064207682,0.011320224616773731,0.0039041055259550206,"[-0.005529476116428621, 1.281415796368659, -1.1570510453292107, -0.15229776981705462, 1.5795226668944378, 0.9476579007443208, -0.03774779370692541, 1.5154372647191428, 0.9705674185439906]"
prism2,147,/home/humanoid/Programs/hand/results/phase1/run_20260413_pollard_multiscene_500_run3/prism2/generated_mjcf/scene_prism2_tp0d0016p0d0152p0d0000_ip0d0068n0d0186p0d0000_mn0d0007p0d0086p0d0000.xml,prism_y0d0300,True,0.02,4.0,0.45,0.4,1.0,1.0,6.762944864501205,0.049880891448981224,5.0,0.005637865372425781,0.5020361639747056,0.004409734332575239,5.3154779502115335e-05,1.0,1.0,1.0,1.0,1.0,1.0,0.0,0.06256064804776029,0.01329653894968689,0.0016338811302797802,0.01519199864331583,0.0,0.0068238390588518626,-0.0185979348006101,0.0,-0.0007490881804916184,0.008644874935491244,0.0,"[-0.005529476116428621, 1.281415796368659, -1.1570510453292107, -0.15229776981705462, 1.5795226668944378, 0.9476579007443208, -0.03774779370692541, 1.5154372647191428, 0.9705674185439906]"
prism2,148,/home/humanoid/Programs/hand/results/phase1/run_20260413_pollard_multiscene_500_run3/prism2/generated_mjcf/scene_prism2_tn0d0084p0d0110p0d0000_ip0d0037n0d0242p0d0000_mp0d0218p0d0092p0d0000.xml,prism_y0d0300,True,0.02,4.0,0.45,0.4,1.0,1.0,5.9265120151397745,0.049460317688563384,4.0,0.007488032396085999,0.36279386026409094,0.011104901501821092,0.0,1.0,0.9138888888888889,1.0,1.0,0.9138888888888889,0.9138888888888889,0.08611111111111114,0.12492885340367237,0.06729139542711816,-0.008384850114827124,0.010998077251796115,0.0,0.0037161724242142525,-0.024194187208261365,0.0,0.021761286768522584,0.009183467605082948,0.0,"[-0.005529476116428621, 1.281415796368659, -1.1570510453292107, -0.15229776981705462, 1.5795226668944378, 0.9476579007443208, -0.03774779370692541, 1.5154372647191428, 0.9705674185439906]"
prism2,149,/home/humanoid/Programs/hand/results/phase1/run_20260413_pollard_multiscene_500_run3/prism2/generated_mjcf/scene_prism2_tp0d0030p0d0212p0d0000_ip0d0156n0d0018p0d0000_mp0d0070p0d0156p0d0000.xml,prism_y0d0300,True,0.02,4.0,0.45,0.4,1.0,1.0,6.4905253509822876,0.04986697898245315,5.0,0.005692482792956986,1.038964898857107,0.01598880385407051,0.0,1.0,1.0,1.0,1.0,1.0,1.0,0.0,0.1464372336762445,0.09043831237684968,0.0030242349553947154,0.02123938513737227,0.0,0.015599964008212794,-0.0018124103626753294,0.0,0.007007819845969626,0.01564040034937387,0.0,"[-0.005529476116428621, 1.281415796368659, -1.1570510453292107, -0.15229776981705462, 1.5795226668944378, 0.9476579007443208, -0.03774779370692541, 1.5154372647191428, 0.9705674185439906]"
prism2,150,/home/humanoid/Programs/hand/results/phase1/run_20260413_pollard_multiscene_500_run3/prism2/generated_mjcf/scene_prism2_tn0d0078p0d0173p0d0042_in0d0016n0d0210p0d0074_mp0d0060p0d0167p0d0000.xml,prism_y0d0300,True,0.02,4.0,0.45,0.4,1.0,1.0,6.472017141637303,0.05035514556468288,6.0,0.00571555345287119,3.493956144099767,0.013294030403554974,0.0,1.0,1.0,0.9694444444444444,1.0,0.9694444444444444,0.9694444444444444,0.030555555555555558,0.12800202054481635,0.07424444327949183,-0.007824626139829111,0.01732834438676897,0.004248456658127203,-0.0016455198819331964,-0.020978514055772536,0.007394594912894001,0.0059714869993543855,0.016719741941420785,0.0,"[-0.005529476116428621, 1.281415796368659, -1.1570510453292107, -0.15229776981705462, 1.5795226668944378, 0.9476579007443208, -0.03774779370692541, 1.5154372647191428, 0.9705674185439906]"
prism2,151,/home/humanoid/Programs/hand/results/phase1/run_20260413_pollard_multiscene_500_run3/prism2/generated_mjcf/scene_prism2_tp0d0012p0d0087p0d0000_ip0d0087n0d0117p0d0000_mp0d0090p0d0220p0d0049.xml,prism_y0d0300,False,0.02,4.0,0.45,0.4,0.0,1.0,5.461372049186691,0.04859582249803644,3.0,0.008970728712700438,0.1436515842301254,0.004254638497033665,0.0009931923685193578,1.0,1.0,0.85,1.0,0.85,0.85,0.15000000000000002,0.00983132672114608,0.02543015411816944,0.001218564240804446,0.00866571424061289,0.0,0.008749523164934754,-0.011728504763940096,0.0,0.009016880749428276,0.0220316040367717,0.0049388979727751255,"[-0.005529476116428621, 1.281415796368659, -1.1570510453292107, -0.15229776981705462, 1.5795226668944378, 0.9476579007443208, -0.03774779370692541, 1.5154372647191428, 0.9705674185439906]"
prism2,152,/home/humanoid/Programs/hand/results/phase1/run_20260413_pollard_multiscene_500_run3/prism2/generated_mjcf/scene_prism2_tn0d0031p0d0199p0d0072_ip0d0043n0d0209p0d0113_mp0d0190p0d0243p0d0000.xml,prism_y0d0300,True,0.02,4.0,0.45,0.4,1.0,1.0,5.358830378254407,0.05438788721141504,6.0,0.005941128898514125,0.22712010372969882,0.019133513616153924,0.0,1.0,1.0,0.5,1.0,0.5,0.5,0.5,0.12728859648477353,0.11341144521387843,-0.0031420885393652637,0.019907472351036487,0.007176067022170336,0.004316225501834821,-0.020934708518782652,0.01125617333642238,0.018952176361857136,0.024280508339097374,0.0,"[-0.005529476116428621, 1.281415796368659, -1.1570510453292107, -0.15229776981705462, 1.5795226668944378, 0.9476579007443208, -0.03774779370692541, 1.5154372647191428, 0.9705674185439906]"
prism2,153,/home/humanoid/Programs/hand/results/phase1/run_20260413_pollard_multiscene_500_run3/prism2/generated_mjcf/scene_prism2_tn0d0112p0d0258p0d0070_ip0d0212n0d0234p0d0075_mp0d0061p0d0193p0d0096.xml,prism_y0d0300,True,0.02,4.0,0.45,0.4,1.0,1.0,6.899015644272384,0.05072887368704719,5.0,0.007159139687928397,0.12228562807897204,0.00029526993181133715,0.0003639766497196689,1.0,1.0,1.0,1.0,1.0,1.0,0.0,0.021345806429378156,0.032697330739364795,-0.011151549883476946,0.02583112419855533,0.0069637886035893125,0.021163138926686795,-0.023441266575308213,0.00750747979912832,0.006083154920940297,0.01929815313027885,0.009613447105348082,"[-0.005529476116428621, 1.281415796368659, -1.1570510453292107, -0.15229776981705462, 1.5795226668944378, 0.9476579007443208, -0.03774779370692541, 1.5154372647191428, 0.9705674185439906]"
prism2,154,/home/humanoid/Programs/hand/results/phase1/run_20260413_pollard_multiscene_500_run3/prism2/generated_mjcf/scene_prism2_tn0d0060p0d0300p0d0000_ip0d0008n0d0128p0d0053_mp0d0202p0d0236p0d0113.xml,prism_y0d0300,True,0.02,4.0,0.45,0.4,1.0,1.0,7.233625785400101,0.04865846087256808,6.0,0.005721697689825611,0.15980565880984535,0.000669196175796026,1.1249596054793698e-05,1.0,1.0,1.0,1.0,1.0,1.0,0.0,0.02782947163521035,0.004052914192020067,-0.005961165487680037,0.03,0.0,0.0007531740575051921,-0.012763734213142173,0.005254819597036012,0.020235854375230844,0.023634514741201866,0.011292320198183152,"[-0.005529476116428621, 1.281415796368659, -1.1570510453292107, -0.15229776981705462, 1.5795226668944378, 0.9476579007443208, -0.03774779370692541, 1.5154372647191428, 0.9705674185439906]"
prism2,155,/home/humanoid/Programs/hand/results/phase1/run_20260413_pollard_multiscene_500_run3/prism2/generated_mjcf/scene_prism2_tn0d0014p0d0178p0d0021_ip0d0146n0d0026p0d0022_mp0d0197p0d0133p0d0065.xml,prism_y0d0300,True,0.02,4.0,0.45,0.4,1.0,1.0,6.8973710512158455,0.05081608525268295,5.0,0.007385228181640274,0.12455596185646843,0.0033865461166048875,8.822539429363674e-05,1.0,1.0,1.0,1.0,1.0,1.0,0.0,0.004714875082441658,0.04329045094542335,-0.0014073926538075085,0.01775156940829652,0.00214680221506695,0.014606775448273735,-0.0026308522758124574,0.0022085622184445826,0.019743230789970055,0.013276280780333086,0.006512602441148773,"[-0.005529476116428621, 1.281415796368659, -1.1570510453292107, -0.15229776981705462, 1.5795226668944378, 0.9476579007443208, -0.03774779370692541, 1.5154372647191428, 0.9705674185439906]"
prism2,156,/home/humanoid/Programs/hand/results/phase1/run_20260413_pollard_multiscene_500_run3/prism2/generated_mjcf/scene_prism2_tp0d0120p0d0099p0d0050_ip0d0197n0d0028p0d0089_mp0d0047p0d0131p0d0002.xml,prism_y0d0300,False,0.02,4.0,0.45,0.4,0.0,1.0,1.7590693033258569,0.04724019553063765,4.0,0.012794487149726122,1.913221486956494,0.01100975011802983,0.0012719997286213536,0.21666666666666667,0.21666666666666667,0.0,1.0,0.0,0.0,1.0,0.026607985538416562,0.09433638649363306,0.011953618961592274,0.009890472913476396,0.004973856886651324,0.019675836613181563,-0.0028322182956766213,0.008946206172153887,0.0046899317603590635,0.013051221715934756,0.00019432070821016716,"[-0.005529476116428621, 1.281415796368659, -1.1570510453292107, -0.15229776981705462, 1.5795226668944378, 0.9476579007443208, -0.03774779370692541, 1.5154372647191428, 0.9705674185439906]"
prism2,157,/home/humanoid/Programs/hand/results/phase1/run_20260413_pollard_multiscene_500_run3/prism2/generated_mjcf/scene_prism2_tp0d0113p0d0144p0d0039_ip0d0162n0d0208p0d0089_mp0d0101p0d0263p0d0094.xml,prism_y0d0300,False,0.02,4.0,0.45,0.4,0.0,1.0,3.2297688806745226,0.054794092272026876,5.0,0.005992308011956514,4.678859900553489,0.021611987870937138,0.002348073794897293,0.9611111111111111,0.9611111111111111,0.2222222222222222,1.0,0.2222222222222222,0.2222222222222222,0.7777777777777778,0.10534681396751593,0.15980801979292866,0.011272147501967051,0.014373501696804333,0.003851906420196817,0.01623469939494379,-0.0207794824341704,0.008888251116506849,0.01012549654790459,0.02625110103573041,0.00935258777511349,"[-0.005529476116428621, 1.281415796368659, -1.1570510453292107, -0.15229776981705462, 1.5795226668944378, 0.9476579007443208, -0.03774779370692541, 1.5154372647191428, 0.9705674185439906]"
prism2,158,/home/humanoid/Programs/hand/results/phase1/run_20260413_pollard_multiscene_500_run3/prism2/generated_mjcf/scene_prism2_tp0d0107p0d0124p0d0080_ip0d0187n0d0016p0d0036_mp0d0068p0d0174p0d0000.xml,prism_y0d0300,False,0.02,4.0,0.45,0.4,0.0,1.0,0.2898487165539963,0.048363246576921565,4.0,0.01045751475831072,7.9783224886934505,0.056692027713748795,0.05127638517271954,0.48055555555555557,0.48055555555555557,0.0,0.875,0.0,0.0,0.875,0.13085976577174027,0.06663480227039235,0.01073853532475701,0.012387630681511006,0.008031577607341533,0.018707664354787955,-0.0015653204796709976,0.0035891289918922806,0.006844769507781586,0.017385410079520693,0.0,"[-0.005529476116428621, 1.281415796368659, -1.1570510453292107, -0.15229776981705462, 1.5795226668944378, 0.9476579007443208, -0.03774779370692541, 1.5154372647191428, 0.9705674185439906]"
prism2,159,/home/humanoid/Programs/hand/results/phase1/run_20260413_pollard_multiscene_500_run3/prism2/generated_mjcf/scene_prism2_tp0d0119p0d0253p0d0000_ip0d0201n0d0072p0d0000_mp0d0203p0d0111p0d0000.xml,prism_y0d0300,True,0.02,4.0,0.45,0.4,1.0,1.0,6.372765377053977,0.04976665927073967,4.0,0.00566387204843134,0.4927924399326313,0.0033002546835616264,0.0,1.0,1.0,1.0,1.0,1.0,1.0,0.0,0.05538809089437546,0.01726293667881834,0.011908468213914038,0.025333279743847862,0.0,0.02005299318962482,-0.007202619005446663,0.0,0.02030522813099945,0.01108420496281693,0.0,"[-0.005529476116428621, 1.281415796368659, -1.1570510453292107, -0.15229776981705462, 1.5795226668944378, 0.9476579007443208, -0.03774779370692541, 1.5154372647191428, 0.9705674185439906]"
prism2,160,/home/humanoid/Programs/hand/results/phase1/run_20260413_pollard_multiscene_500_run3/prism2/generated_mjcf/scene_prism2_tn0d0113p0d0248p0d0000_in0d0008n0d0086p0d0112_mn0d0005p0d0215p0d0000.xml,prism_y0d0300,True,0.02,4.0,0.45,0.4,1.0,1.0,6.43385076156628,0.049285783938502616,4.0,0.0055654575130870245,0.2629953970460709,0.0011248059058054686,2.0064651371221043e-06,1.0,1.0,1.0,1.0,1.0,1.0,0.0,0.029996273247737456,0.007604530868024613,-0.01128660729865892,0.024821794228799127,0.0,-0.00083186608066977,-0.008554373849221279,0.01124052496537592,-0.00045976902830612704,0.02153632241141243,0.0,"[-0.005529476116428621, 1.281415796368659, -1.1570510453292107, -0.15229776981705462, 1.5795226668944378, 0.9476579007443208, -0.03774779370692541, 1.5154372647191428, 0.9705674185439906]"
prism2,161,/home/humanoid/Programs/hand/results/phase1/run_20260413_pollard_multiscene_500_run3/prism2/generated_mjcf/scene_prism2_tp0d0087p0d0083p0d0000_ip0d0214n0d0105p0d0000_mn0d0019p0d0131p0d0000.xml,prism_y0d0300,False,0.02,4.0,0.45,0.4,0.0,1.0,1.4322694710163109,0.04721518583145924,3.0,0.010582046117388768,1.4327920624996782,0.015061603516482941,0.0024028313801139622,0.25833333333333336,0.25833333333333336,0.0,1.0,0.0,0.0,1.0,0.032545302344201534,0.07819379627446665,0.008669593171338762,0.00829146285729023,0.0,0.021403486505120473,-0.010490628603991449,0.0,-0.0018867354281598952,0.013116773146138423,0.0,"[-0.005529476116428621, 1.281415796368659, -1.1570510453292107, -0.15229776981705462, 1.5795226668944378, 0.9476579007443208, -0.03774779370692541, 1.5154372647191428, 0.9705674185439906]"
prism2,162,/home/humanoid/Programs/hand/results/phase1/run_20260413_pollard_multiscene_500_run3/prism2/generated_mjcf/scene_prism2_tp0d0008p0d0243p0d0000_ip0d0056n0d0230p0d0119_mp0d0082p0d0196p0d0000.xml,prism_y0d0300,True,0.02,4.0,0.45,0.4,1.0,1.0,3.990787640703436,0.05237849912395649,5.0,0.005777168959853585,4.365825270609297,0.017145726207408053,0.0006018827206570043,0.9194444444444444,1.0,0.9194444444444444,0.4527777777777778,0.4527777777777778,0.4527777777777778,0.5472222222222223,0.16314925465852573,0.13668210225727154,0.0007872815147419634,0.024339149896880262,0.0,0.005640705116096214,-0.02302834268353677,0.01191609277025579,0.008172407472881515,0.01958364266529724,0.0,"[-0.005529476116428621, 1.281415796368659, -1.1570510453292107, -0.15229776981705462, 1.5795226668944378, 0.9476579007443208, -0.03774779370692541, 1.5154372647191428, 0.9705674185439906]"
prism2,163,/home/humanoid/Programs/hand/results/phase1/run_20260413_pollard_multiscene_500_run3/prism2/generated_mjcf/scene_prism2_tn0d0086p0d0126p0d0000_ip0d0145n0d0005p0d0000_mp0d0020p0d0225p0d0033.xml,prism_y0d0300,False,0.02,4.0,0.45,0.4,0.0,1.0,1.0858149540038915,0.04378302340650472,4.0,0.009382337659065751,7.677721204176858,0.02562417685731523,0.014527444649695243,0.9333333333333333,0.9388888888888889,0.0,0.9527777777777777,0.0,0.0,0.9527777777777777,0.13107960482436873,0.04069468169568872,-0.008586770952238532,0.012644829297614164,0.0,0.014518686427156752,-0.0005474510000305095,0.0,0.001965759771380771,0.022540723821144228,0.003273335117701349,"[-0.005529476116428621, 1.281415796368659, -1.1570510453292107, -0.15229776981705462, 1.5795226668944378, 0.9476579007443208, -0.03774779370692541, 1.5154372647191428, 0.9705674185439906]"
prism2,164,/home/humanoid/Programs/hand/results/phase1/run_20260413_pollard_multiscene_500_run3/prism2/generated_mjcf/scene_prism2_tp0d0107p0d0168p0d0000_ip0d0049n0d0050p0d0000_mp0d0071p0d0191p0d0099.xml,prism_y0d0300,False,0.02,4.0,0.45,0.4,0.0,1.0,3.7947135960880547,0.047740072524575815,3.0,0.00902497993988636,1.5667890187191134,0.012672997892342852,0.0006997421031990497,0.9638888888888889,0.4888888888888889,0.9638888888888889,1.0,0.4888888888888889,0.4888888888888889,0.5111111111111111,0.039932263225440696,0.05972916975536724,0.010747195468850355,0.01675308957305969,0.0,0.00487366060525649,-0.004994659363875083,0.0,0.007115221286644597,0.01912555289909626,0.009921219314163253,"[-0.005529476116428621, 1.281415796368659, -1.1570510453292107, -0.15229776981705462, 1.5795226668944378, 0.9476579007443208, -0.03774779370692541, 1.5154372647191428, 0.9705674185439906]"
prism2,165,/home/humanoid/Programs/hand/results/phase1/run_20260413_pollard_multiscene_500_run3/prism2/generated_mjcf/scene_prism2_tp0d0075p0d0100p0d0087_ip0d0170n0d0130p0d0013_mp0d0086p0d0046p0d0000.xml,prism_y0d0300,True,0.02,4.0,0.45,0.4,1.0,1.0,5.4448572840028095,0.05107673006157788,5.0,0.00585332033133789,0.795626780334993,0.026084070482124657,0.0008463239864340832,1.0,1.0,0.7111111111111111,1.0,0.7111111111111111,0.7111111111111111,0.28888888888888886,0.14681118791010586,0.1166122235988576,0.007507910790054063,0.010039102780949638,0.008737907867536678,0.016991815976954282,-0.013002375180709125,0.0012906382131382538,0.008637117703904192,0.004631095879577326,0.0,"[-0.005529476116428621, 1.281415796368659, -1.1570510453292107, -0.15229776981705462, 1.5795226668944378, 0.9476579007443208, -0.03774779370692541, 1.5154372647191428, 0.9705674185439906]"
prism2,166,/home/humanoid/Programs/hand/results/phase1/run_20260413_pollard_multiscene_500_run3/prism2/generated_mjcf/scene_prism2_tp0d0099p0d0224p0d0000_ip0d0112n0d0095p0d0075_mp0d0120p0d0081p0d0113.xml,prism_y0d0300,True,0.02,4.0,0.45,0.4,1.0,1.0,6.773678837696552,0.049082320752006275,5.0,0.005619293051264382,0.3734543277370677,0.002528921978152665,0.0,1.0,1.0,1.0,1.0,1.0,1.0,0.0,0.05433322116231872,0.014877800658688045,0.009914028604362819,0.02236731891349133,0.0,0.011234581749742536,-0.009457652688120629,0.007469727117063573,0.011958058295655653,0.008132251114838226,0.011278282523067704,"[-0.005529476116428621, 1.281415796368659, -1.1570510453292107, -0.15229776981705462, 1.5795226668944378, 0.9476579007443208, -0.03774779370692541, 1.5154372647191428, 0.9705674185439906]"
prism2,167,/home/humanoid/Programs/hand/results/phase1/run_20260413_pollard_multiscene_500_run3/prism2/generated_mjcf/scene_prism2_tn0d0049p0d0254p0d0045_ip0d0202n0d0059p0d0000_mn0d0008p0d0191p0d0000.xml,prism_y0d0300,True,0.02,4.0,0.45,0.4,1.0,1.0,7.131820078111691,0.05321023445036173,6.0,0.005836621075904248,0.20404508638698382,0.015485091872868681,0.0,1.0,1.0,1.0,1.0,1.0,1.0,0.0,0.14639938651080778,0.0978963695861882,-0.00488964265872333,0.02540873439896553,0.004505410724312587,0.020158641957999573,-0.005939355777245107,0.0,-0.0008475818379703112,0.019052107364078294,0.0,"[-0.005529476116428621, 1.281415796368659, -1.1570510453292107, -0.15229776981705462, 1.5795226668944378, 0.9476579007443208, -0.03774779370692541, 1.5154372647191428, 0.9705674185439906]"
prism2,168,/home/humanoid/Programs/hand/results/phase1/run_20260413_pollard_multiscene_500_run3/prism2/generated_mjcf/scene_prism2_tn0d0107p0d0086p0d0018_ip0d0169n0d0226p0d0000_mp0d0071p0d0249p0d0035.xml,prism_y0d0300,False,0.02,4.0,0.45,0.4,0.0,1.0,2.7794145594929285,0.04991394784286468,4.0,0.012591686289791801,0.5075631761472035,0.0011869344346427317,0.00026801525120208336,1.0,1.0,0.0,1.0,0.0,0.0,1.0,0.02482404788972259,0.06218785698733298,-0.010742330134104312,0.008555869754555611,0.0017551315816082304,0.016898620275038925,-0.022613950580024002,0.0,0.007100308119039354,0.024886353180967997,0.0035120658990042738,"[-0.005529476116428621, 1.281415796368659, -1.1570510453292107, -0.15229776981705462, 1.5795226668944378, 0.9476579007443208, -0.03774779370692541, 1.5154372647191428, 0.9705674185439906]"
prism2,169,/home/humanoid/Programs/hand/results/phase1/run_20260413_pollard_multiscene_500_run3/prism2/generated_mjcf/scene_prism2_tn0d0023p0d0300p0d0045_ip0d0141n0d0072p0d0010_mp0d0092p0d0266p0d0017.xml,prism_y0d0300,True,0.02,4.0,0.45,0.4,1.0,1.0,6.8233863386061655,0.04996596741290694,5.0,0.005733263182406963,0.3573793028832239,0.0017771888392241115,0.0,1.0,1.0,1.0,1.0,1.0,1.0,0.0,0.04526551892995153,0.008840894165967653,-0.0022859760465189123,0.03,0.004491148993976263,0.014133915252692657,-0.00720976135270515,0.0010038693069339966,0.009219964776903154,0.026639798958592052,0.0017238483621419484,"[-0.005529476116428621, 1.281415796368659, -1.1570510453292107, -0.15229776981705462, 1.5795226668944378, 0.9476579007443208, -0.03774779370692541, 1.5154372647191428, 0.9705674185439906]"
prism2,170,/home/humanoid/Programs/hand/results/phase1/run_20260413_pollard_multiscene_500_run3/prism2/generated_mjcf/scene_prism2_tn0d0023p0d0102p0d0000_ip0d0216n0d0012p0d0000_mn0d0001p0d0196p0d0000.xml,prism_y0d0300,False,0.02,4.0,0.45,0.4,0.0,1.0,0.5254745820463996,0.045221885871636225,4.0,0.010698159413966615,7.256556811906915,0.08157786183501041,0.048686214793568515,0.725,0.725,0.0,0.7361111111111112,0.0,0.0,0.7361111111111112,0.13692287596088396,0.06690725003959187,-0.0022512569426476337,0.010245824732785286,0.0,0.021598950036595156,-0.0012190901501439397,0.0,-0.000132916285661977,0.019593371151241823,0.0,"[-0.005529476116428621, 1.281415796368659, -1.1570510453292107, -0.15229776981705462, 1.5795226668944378, 0.9476579007443208, -0.03774779370692541, 1.5154372647191428, 0.9705674185439906]"
prism2,171,/home/humanoid/Programs/hand/results/phase1/run_20260413_pollard_multiscene_500_run3/prism2/generated_mjcf/scene_prism2_tp0d0039p0d0130p0d0000_ip0d0058n0d0184p0d0066_mp0d0053p0d0253p0d0000.xml,prism_y0d0300,False,0.02,4.0,0.45,0.4,0.0,1.0,1.5689917024566893,0.04709266725084618,4.0,0.012059597510007243,0.023790957677555347,0.08162118713899486,0.055353241428928765,0.5388888888888889,0.5388888888888889,0.0,0.625,0.0,0.0,0.625,0.1475776391661535,0.062262529230245035,0.003927672446135566,0.013035727953339283,0.0,0.005821268678713911,-0.018384392421899758,0.006602746162043826,0.005291531853126817,0.025251723655812762,0.0,"[-0.005529476116428621, 1.281415796368659, -1.1570510453292107, -0.15229776981705462, 1.5795226668944378, 0.9476579007443208, -0.03774779370692541, 1.5154372647191428, 0.9705674185439906]"
prism2,172,/home/humanoid/Programs/hand/results/phase1/run_20260413_pollard_multiscene_500_run3/prism2/generated_mjcf/scene_prism2_tp0d0095p0d0117p0d0000_ip0d0216n0d0232p0d0081_mp0d0019p0d0158p0d0110.xml,prism_y0d0300,True,0.02,4.0,0.45,0.4,1.0,1.0,6.843149722583575,0.04895858287437235,5.0,0.00558798189572679,0.1921410379150409,0.0014278175239639842,0.0001927280681053023,1.0,1.0,1.0,1.0,1.0,1.0,0.0,0.017346373551394574,0.004355086056610076,0.009478466612064692,0.01168372526952211,0.0,0.02160887059855398,-0.023164369430652178,0.008119067766142584,0.0019284014760311882,0.015758297922973116,0.01099679951817091,"[-0.005529476116428621, 1.281415796368659, -1.1570510453292107, -0.15229776981705462, 1.5795226668944378, 0.9476579007443208, -0.03774779370692541, 1.5154372647191428, 0.9705674185439906]"
prism2,173,/home/humanoid/Programs/hand/results/phase1/run_20260413_pollard_multiscene_500_run3/prism2/generated_mjcf/scene_prism2_tn0d0091p0d0170p0d0002_ip0d0137n0d0162p0d0000_mp0d0198p0d0035p0d0115.xml,prism_y0d0300,True,0.02,4.0,0.45,0.4,1.0,1.0,7.28088155126555,0.04879012481258527,6.0,0.005613792708927774,0.011171575004870038,0.001319750054583389,9.356838576497772e-05,1.0,1.0,1.0,1.0,1.0,1.0,0.0,0.0028169658175641703,0.004022417464210097,-0.009145682503664064,0.017045684283200635,0.00019631914511307816,0.013653580327099199,-0.01623028555312832,0.0,0.019787687411714293,0.0034936345899613894,0.011549356045366811,"[-0.005529476116428621, 1.281415796368659, -1.1570510453292107, -0.15229776981705462, 1.5795226668944378, 0.9476579007443208, -0.03774779370692541, 1.5154372647191428, 0.9705674185439906]"
prism2,174,/home/humanoid/Programs/hand/results/phase1/run_20260413_pollard_multiscene_500_run3/prism2/generated_mjcf/scene_prism2_tn0d0084p0d0135p0d0056_ip0d0161n0d0120p0d0000_mp0d0033p0d0083p0d0094.xml,prism_y0d0300,True,0.02,4.0,0.45,0.4,1.0,1.0,6.688000081911607,0.052343680425935894,5.0,0.005791475849083135,0.2419128857580161,0.01544674173950379,0.0,1.0,1.0,1.0,1.0,1.0,1.0,0.0,0.1531257078267623,0.10070538034099245,-0.008416704660400457,0.013544724004021461,0.0055591496449118975,0.01607346868467647,-0.011987541353118166,0.0,0.003343847788665107,0.00829167228915013,0.009415614975348773,"[-0.005529476116428621, 1.281415796368659, -1.1570510453292107, -0.15229776981705462, 1.5795226668944378, 0.9476579007443208, -0.03774779370692541, 1.5154372647191428, 0.9705674185439906]"
prism2,175,/home/humanoid/Programs/hand/results/phase1/run_20260413_pollard_multiscene_500_run3/prism2/generated_mjcf/scene_prism2_tn0d0010p0d0264p0d0097_ip0d0074n0d0021p0d0043_mp0d0125p0d0141p0d0000.xml,prism_y0d0300,True,0.02,4.0,0.45,0.4,1.0,1.0,6.514743274375486,0.04980893822207506,4.0,0.005793257375994791,0.03388385795342793,0.0002953416300255159,6.875675752029964e-05,1.0,1.0,1.0,1.0,1.0,1.0,0.0,0.00795357874802744,0.0026995206674261807,-0.000987966722941342,0.02641863323770267,0.009749655067213505,0.007435624649495688,-0.002126774060817691,0.004329946350058643,0.012516638434641977,0.014116350948087338,0.0,"[-0.005529476116428621, 1.281415796368659, -1.1570510453292107, -0.15229776981705462, 1.5795226668944378, 0.9476579007443208, -0.03774779370692541, 1.5154372647191428, 0.9705674185439906]"
prism2,176,/home/humanoid/Programs/hand/results/phase1/run_20260413_pollard_multiscene_500_run3/prism2/generated_mjcf/scene_prism2_tn0d0042p0d0147p0d0000_ip0d0078n0d0180p0d0000_mp0d0214p0d0170p0d0000.xml,prism_y0d0300,True,0.02,4.0,0.45,0.4,1.0,1.0,6.83861003842069,0.0494771013076408,5.0,0.007565811603489506,0.21933723659045926,0.0013859467517542978,0.0009580731660429193,1.0,1.0,1.0,1.0,1.0,1.0,0.0,0.005106731824531477,0.04027401664723542,-0.004224321255218628,0.014693684350748644,0.0,0.007783851825736274,-0.018004387774481902,0.0,0.021358462961561187,0.017045554947876396,0.0,"[-0.005529476116428621, 1.281415796368659, -1.1570510453292107, -0.15229776981705462, 1.5795226668944378, 0.9476579007443208, -0.03774779370692541, 1.5154372647191428, 0.9705674185439906]"
prism2,177,/home/humanoid/Programs/hand/results/phase1/run_20260413_pollard_multiscene_500_run3/prism2/generated_mjcf/scene_prism2_tp0d0082p0d0197p0d0081_ip0d0020n0d0208p0d0000_mp0d0186p0d0217p0d0000.xml,prism_y0d0300,True,0.02,4.0,0.45,0.4,1.0,1.0,7.114638339333166,0.04882074672720308,6.0,0.007561786115327489,0.26848385240457884,0.006599310412484115,0.002425687120199943,1.0,1.0,1.0,1.0,1.0,1.0,0.0,0.024187716314995607,0.0915996435906025,0.008167387550689544,0.01968914444390417,0.008060320464359848,0.0019543986615473425,-0.02080566383837565,0.0,0.018645458933625167,0.021650883133752408,0.0,"[-0.005529476116428621, 1.281415796368659, -1.1570510453292107, -0.15229776981705462, 1.5795226668944378, 0.9476579007443208, -0.03774779370692541, 1.5154372647191428, 0.9705674185439906]"
prism2,178,/home/humanoid/Programs/hand/results/phase1/run_20260413_pollard_multiscene_500_run3/prism2/generated_mjcf/scene_prism2_tp0d0104p0d0286p0d0000_ip0d0124n0d0007p0d0050_mp0d0027p0d0177p0d0094.xml,prism_y0d0300,True,0.02,4.0,0.45,0.4,1.0,1.0,6.83037607560264,0.049666790881694,5.0,0.0056313250519388425,0.2370716105558795,0.0013656659587298109,2.2540636320608765e-05,1.0,1.0,1.0,1.0,1.0,1.0,0.0,0.04734401181483519,0.010659436732657864,0.010404850160773957,0.02864850095402521,0.0,0.012396573576992977,-0.0006640127032650541,0.004951171989004948,0.0027457737026305084,0.01766712406835367,0.00939002581709478,"[-0.005529476116428621, 1.281415796368659, -1.1570510453292107, -0.15229776981705462, 1.5795226668944378, 0.9476579007443208, -0.03774779370692541, 1.5154372647191428, 0.9705674185439906]"
prism2,179,/home/humanoid/Programs/hand/results/phase1/run_20260413_pollard_multiscene_500_run3/prism2/generated_mjcf/scene_prism2_tp0d0008p0d0192p0d0059_ip0d0089n0d0091p0d0000_mp0d0163p0d0264p0d0083.xml,prism_y0d0300,True,0.02,4.0,0.45,0.4,1.0,1.0,6.808298372016733,0.04857643495637845,5.0,0.008297634606916841,0.14581681680418007,0.0029497549560560505,0.0009051033536170566,1.0,1.0,1.0,1.0,1.0,1.0,0.0,0.005426336497408227,0.038845906489805994,0.000775856375392953,0.019217011949822636,0.005889455773125243,0.008897061470780695,-0.009104554451179199,0.0,0.01630746355080402,0.026364703453000786,0.008285323912689182,"[-0.005529476116428621, 1.281415796368659, -1.1570510453292107, -0.15229776981705462, 1.5795226668944378, 0.9476579007443208, -0.03774779370692541, 1.5154372647191428, 0.9705674185439906]"
prism2,180,/home/humanoid/Programs/hand/results/phase1/run_20260413_pollard_multiscene_500_run3/prism2/generated_mjcf/scene_prism2_tp0d0076p0d0194p0d0056_ip0d0097n0d0216p0d0000_mp0d0064p0d0234p0d0000.xml,prism_y0d0300,True,0.02,4.0,0.45,0.4,1.0,1.0,6.929883268240211,0.049879522491356645,5.0,0.005695263080577242,0.013307236410652654,1.65951463837487e-05,9.120353792098357e-05,1.0,1.0,1.0,1.0,1.0,1.0,0.0,0.0007489738768110913,0.0011408402487073643,0.007601073351175328,0.019366103985973,0.005648628398581976,0.009739818482690336,-0.021574981248505112,0.0,0.006356703445989577,0.02337913098547223,0.0,"[-0.005529476116428621, 1.281415796368659, -1.1570510453292107, -0.15229776981705462, 1.5795226668944378, 0.9476579007443208, -0.03774779370692541, 1.5154372647191428, 0.9705674185439906]"
prism2,181,/home/humanoid/Programs/hand/results/phase1/run_20260413_pollard_multiscene_500_run3/prism2/generated_mjcf/scene_prism2_tn0d0093p0d0088p0d0007_ip0d0040n0d0090p0d0000_mp0d0086p0d0067p0d0000.xml,prism_y0d0300,True,0.02,4.0,0.45,0.4,1.0,1.0,5.982579020519553,0.05246875944237937,5.0,0.007431122032538741,0.3290230511798024,0.017646461950132322,0.0,1.0,0.7972222222222223,1.0,1.0,0.7972222222222223,0.7972222222222223,0.20277777777777772,0.1327279211670739,0.04201033070761832,-0.00933543154492234,0.008805327185990803,0.000668602678969548,0.003961819525625501,-0.008970762740116253,0.0,0.008646250009056356,0.006693370993602678,0.0,"[-0.005529476116428621, 1.281415796368659, -1.1570510453292107, -0.15229776981705462, 1.5795226668944378, 0.9476579007443208, -0.03774779370692541, 1.5154372647191428, 0.9705674185439906]"
prism2,182,/home/humanoid/Programs/hand/results/phase1/run_20260413_pollard_multiscene_500_run3/prism2/generated_mjcf/scene_prism2_tp0d0016p0d0207p0d0000_ip0d0186n0d0072p0d0000_mp0d0006p0d0075p0d0000.xml,prism_y0d0300,True,0.02,4.0,0.45,0.4,1.0,1.0,6.980747149274658,0.05068441933811464,6.0,0.005683942462173905,0.6756803903245272,0.01526606830240336,0.0,1.0,1.0,1.0,1.0,1.0,1.0,0.0,0.14500285975362928,0.08777662903655943,0.0016470894595621167,0.02073131030867892,0.0,0.018640972661330295,-0.007166913517253069,0.0,0.0006460636272721757,0.00746074094995392,0.0,"[-0.005529476116428621, 1.281415796368659, -1.1570510453292107, -0.15229776981705462, 1.5795226668944378, 0.9476579007443208, -0.03774779370692541, 1.5154372647191428, 0.9705674185439906]"
prism2,183,/home/humanoid/Programs/hand/results/phase1/run_20260413_pollard_multiscene_500_run3/prism2/generated_mjcf/scene_prism2_tn0d0061p0d0135p0d0031_ip0d0009n0d0192p0d0099_mp0d0008p0d0086p0d0098.xml,prism_y0d0300,False,0.02,4.0,0.45,0.4,0.0,1.0,5.114812186939034,0.05523902564842721,6.0,0.005644770607679272,0.1570263819681885,0.01997167709003014,0.0,1.0,1.0,0.4305555555555556,1.0,0.4305555555555556,0.4305555555555556,0.5694444444444444,0.14868921424945292,0.1303818709113959,-0.006124041163500725,0.01348762563825465,0.003063555658450347,0.0008658191334914387,-0.019187756292742966,0.009946785525691476,0.0008247528584014556,0.008646561502834105,0.009803886638379881,"[-0.005529476116428621, 1.281415796368659, -1.1570510453292107, -0.15229776981705462, 1.5795226668944378, 0.9476579007443208, -0.03774779370692541, 1.5154372647191428, 0.9705674185439906]"
prism2,184,/home/humanoid/Programs/hand/results/phase1/run_20260413_pollard_multiscene_500_run3/prism2/generated_mjcf/scene_prism2_tp0d0067p0d0188p0d0113_ip0d0058n0d0101p0d0000_mp0d0090p0d0092p0d0053.xml,prism_y0d0300,True,0.02,4.0,0.45,0.4,1.0,1.0,6.997923784263103,0.05133363270453619,6.0,0.005841276121802304,0.41854481894141066,0.020681491469272482,0.0,1.0,1.0,1.0,1.0,1.0,1.0,0.0,0.14577086130411473,0.10885855038219407,0.00674552063868359,0.01875844570534435,0.011269136853523525,0.00584627774575262,-0.010051085845152196,0.0,0.009021495589241701,0.009187286818277404,0.005298283897151278,"[-0.005529476116428621, 1.281415796368659, -1.1570510453292107, -0.15229776981705462, 1.5795226668944378, 0.9476579007443208, -0.03774779370692541, 1.5154372647191428, 0.9705674185439906]"
prism2,185,/home/humanoid/Programs/hand/results/phase1/run_20260413_pollard_multiscene_500_run3/prism2/generated_mjcf/scene_prism2_tn0d0076p0d0293p0d0095_ip0d0164n0d0030p0d0000_mn0d0008p0d0251p0d0018.xml,prism_y0d0300,True,0.02,4.0,0.45,0.4,1.0,1.0,6.202361041199691,0.0498486571194497,4.0,0.0058403843130618366,1.0105294178258741,0.007195911836482079,0.0,1.0,1.0,1.0,1.0,1.0,1.0,0.0,0.11604740986824398,0.03971779158781461,-0.007579144053407563,0.02926402140053649,0.009526551407758252,0.016445449506548186,-0.0030376445306050295,0.0,-0.000757042771043057,0.025099540621265633,0.0018448931286065753,"[-0.005529476116428621, 1.281415796368659, -1.1570510453292107, -0.15229776981705462, 1.5795226668944378, 0.9476579007443208, -0.03774779370692541, 1.5154372647191428, 0.9705674185439906]"
prism2,186,/home/humanoid/Programs/hand/results/phase1/run_20260413_pollard_multiscene_500_run3/prism2/generated_mjcf/scene_prism2_tn0d0109p0d0266p0d0000_ip0d0208n0d0007p0d0025_mp0d0198p0d0119p0d0000.xml,prism_y0d0300,True,0.02,4.0,0.45,0.4,1.0,1.0,6.847007767147826,0.04870849415689777,5.0,0.0056950995869124174,0.05003043948808796,0.002878296675089654,1.7510220023511658e-05,1.0,1.0,1.0,1.0,1.0,1.0,0.0,0.017568818980291726,0.0076920831508953125,-0.01094530967303526,0.026622520374406416,0.0,0.02084817749367661,-0.0006692405604083445,0.0024633831944326275,0.019788114268166283,0.011869035729068184,0.0,"[-0.005529476116428621, 1.281415796368659, -1.1570510453292107, -0.15229776981705462, 1.5795226668944378, 0.9476579007443208, -0.03774779370692541, 1.5154372647191428, 0.9705674185439906]"
prism2,187,/home/humanoid/Programs/hand/results/phase1/run_20260413_pollard_multiscene_500_run3/prism2/generated_mjcf/scene_prism2_tp0d0055p0d0214p0d0000_ip0d0064n0d0241p0d0000_mp0d0092p0d0120p0d0006.xml,prism_y0d0300,False,0.02,4.0,0.45,0.4,0.0,1.0,-8.409205501559391,0.052665803897215535,5.0,0.00612235396644385,78.75947338004978,0.03318339341069898,0.013288366711988603,0.8805555555555555,0.8805555555555555,0.9777777777777777,0.14444444444444443,0.14444444444444443,0.14444444444444443,0.8333333333333333,0.024626558097268103,0.18853343005473178,0.005524128560409666,0.021412513004040876,0.0,0.006369495553362655,-0.02409273098003277,0.0,0.0092245498650162,0.011986839827390296,0.0005794426517732355,"[-0.005529476116428621, 1.281415796368659, -1.1570510453292107, -0.15229776981705462, 1.5795226668944378, 0.9476579007443208, -0.03774779370692541, 1.5154372647191428, 0.9705674185439906]"
prism2,188,/home/humanoid/Programs/hand/results/phase1/run_20260413_pollard_multiscene_500_run3/prism2/generated_mjcf/scene_prism2_tn0d0113p0d0300p0d0000_ip0d0000n0d0098p0d0041_mp0d0057p0d0253p0d0000.xml,prism_y0d0300,True,0.02,4.0,0.45,0.4,1.0,1.0,6.814524289205685,0.04979358684854275,5.0,0.005642506445232676,0.3450065410435326,0.0019713825231380236,0.0,1.0,1.0,1.0,1.0,1.0,1.0,0.0,0.048868676354248373,0.009036569906476869,-0.011292589471460104,0.03,0.0,1.896314324718526e-05,-0.009754604433349351,0.004105129779418168,0.0057010780266160835,0.025270931042320165,0.0,"[-0.005529476116428621, 1.281415796368659, -1.1570510453292107, -0.15229776981705462, 1.5795226668944378, 0.9476579007443208, -0.03774779370692541, 1.5154372647191428, 0.9705674185439906]"
prism2,189,/home/humanoid/Programs/hand/results/phase1/run_20260413_pollard_multiscene_500_run3/prism2/generated_mjcf/scene_prism2_tn0d0079p0d0282p0d0000_ip0d0114n0d0059p0d0000_mp0d0194p0d0087p0d0000.xml,prism_y0d0300,True,0.02,4.0,0.45,0.4,1.0,1.0,7.16846717282671,0.05010415807381942,6.0,0.005609685123493548,0.5914528414629873,0.002614821587668858,0.0,1.0,1.0,1.0,1.0,1.0,1.0,0.0,0.059681383854619484,0.019741499819805147,-0.007871923122523284,0.02824721477700434,0.0,0.011434791023358513,-0.005873051273154057,0.0,0.019370976136729598,0.00867365001472788,0.0,"[-0.005529476116428621, 1.281415796368659, -1.1570510453292107, -0.15229776981705462, 1.5795226668944378, 0.9476579007443208, -0.03774779370692541, 1.5154372647191428, 0.9705674185439906]"
prism2,190,/home/humanoid/Programs/hand/results/phase1/run_20260413_pollard_multiscene_500_run3/prism2/generated_mjcf/scene_prism2_tn0d0079p0d0137p0d0027_ip0d0124n0d0151p0d0000_mp0d0088p0d0098p0d0119.xml,prism_y0d0300,True,0.02,4.0,0.45,0.4,1.0,1.0,7.335537455974722,0.05455353304849223,6.0,0.00612854237449334,0.13789790550584066,0.006329890452580045,0.0,1.0,1.0,1.0,1.0,1.0,1.0,0.0,0.05298200205199708,0.09986617076033322,-0.007922255873662335,0.01371029600381386,0.002721329818083271,0.012447962530512873,-0.01514861068170811,0.0,0.008759742605920662,0.009773312969026872,0.011886714086111382,"[-0.005529476116428621, 1.281415796368659, -1.1570510453292107, -0.15229776981705462, 1.5795226668944378, 0.9476579007443208, -0.03774779370692541, 1.5154372647191428, 0.9705674185439906]"
prism2,191,/home/humanoid/Programs/hand/results/phase1/run_20260413_pollard_multiscene_500_run3/prism2/generated_mjcf/scene_prism2_tp0d0019p0d0293p0d0046_ip0d0002n0d0125p0d0108_mp0d0108p0d0067p0d0063.xml,prism_y0d0300,False,0.02,4.0,0.45,0.4,0.0,1.0,3.0686774478714876,0.05127612516203962,5.0,0.007542614513126323,0.5419322317013632,0.008928989501572154,0.0017709072546117227,0.95,1.0,0.95,0.0,0.0,0.0,1.0,0.06803420546594421,0.09350567897544776,0.0018830516039466342,0.029256296294360287,0.004590055672901827,0.00019418877198786565,-0.012523302376143691,0.010792955576711082,0.010752739267010073,0.006693250662758721,0.006299504218256629,"[-0.005529476116428621, 1.281415796368659, -1.1570510453292107, -0.15229776981705462, 1.5795226668944378, 0.9476579007443208, -0.03774779370692541, 1.5154372647191428, 0.9705674185439906]"
prism2,192,/home/humanoid/Programs/hand/results/phase1/run_20260413_pollard_multiscene_500_run3/prism2/generated_mjcf/scene_prism2_tp0d0067p0d0256p0d0039_ip0d0184n0d0140p0d0000_mp0d0195p0d0054p0d0113.xml,prism_y0d0300,False,0.02,4.0,0.45,0.4,0.0,1.0,2.677724731687553,0.05178133489239772,4.0,0.007180233509896796,0.9543897159025995,0.006800295768636586,0.0010473662617694751,1.0,1.0,1.0,0.0,0.0,0.0,1.0,0.07434196063535119,0.09878186950555702,0.006672177446761959,0.025628884167786206,0.0038572142634211992,0.01842128999050232,-0.01397234999711339,0.0,0.019494678344776084,0.00535814621895145,0.011258684809489543,"[-0.005529476116428621, 1.281415796368659, -1.1570510453292107, -0.15229776981705462, 1.5795226668944378, 0.9476579007443208, -0.03774779370692541, 1.5154372647191428, 0.9705674185439906]"
prism2,193,/home/humanoid/Programs/hand/results/phase1/run_20260413_pollard_multiscene_500_run3/prism2/generated_mjcf/scene_prism2_tn0d0077p0d0160p0d0072_ip0d0010n0d0154p0d0036_mp0d0059p0d0236p0d0000.xml,prism_y0d0300,False,0.02,4.0,0.45,0.4,0.0,1.0,2.7692069606345884,0.04995494089057539,4.0,0.009133773382016106,0.3959873118833547,0.005618289680483907,0.0007109613590726566,1.0,1.0,0.0,1.0,0.0,0.0,1.0,0.028270006041066637,0.06207809311234528,-0.00771825165600488,0.016023573175587044,0.007244651236789669,0.0009979894119062204,-0.015350633875943372,0.0035716783631282913,0.005934109057548915,0.023579488684636142,0.0,"[-0.005529476116428621, 1.281415796368659, -1.1570510453292107, -0.15229776981705462, 1.5795226668944378, 0.9476579007443208, -0.03774779370692541, 1.5154372647191428, 0.9705674185439906]"
prism2,194,/home/humanoid/Programs/hand/results/phase1/run_20260413_pollard_multiscene_500_run3/prism2/generated_mjcf/scene_prism2_tp0d0022p0d0165p0d0000_ip0d0047n0d0047p0d0000_mp0d0063p0d0246p0d0100.xml,prism_y0d0300,False,0.02,4.0,0.45,0.4,0.0,1.0,1.9906887370318374,0.05339786073444383,3.0,0.010011384611092543,1.0885771089551313,0.045133644652103656,0.06315076635516353,0.6583333333333333,0.1527777777777778,0.6583333333333333,0.525,0.0,0.1527777777777778,0.5055555555555555,0.12981733177090496,0.04633064765883952,0.002155875607059588,0.016463019431581197,0.0,0.004682261512893564,-0.004712124701702984,0.0,0.0062873914158132205,0.024625541596942857,0.00997814352824699,"[-0.005529476116428621, 1.281415796368659, -1.1570510453292107, -0.15229776981705462, 1.5795226668944378, 0.9476579007443208, -0.03774779370692541, 1.5154372647191428, 0.9705674185439906]"
prism2,195,/home/humanoid/Programs/hand/results/phase1/run_20260413_pollard_multiscene_500_run3/prism2/generated_mjcf/scene_prism2_tp0d0018p0d0106p0d0000_ip0d0170n0d0152p0d0103_mp0d0071p0d0270p0d0037.xml,prism_y0d0300,False,0.02,4.0,0.45,0.4,0.0,1.0,1.0378341627206653,0.0488290852558288,4.0,0.013945220582806749,1.6108296733619973,0.09903067982282024,0.05983944570271264,0.2222222222222222,0.2222222222222222,0.0,0.5694444444444444,0.0,0.0,0.5694444444444444,0.15817284990178906,0.051366192473223715,0.0017769351336203425,0.010649600421908078,0.0,0.01699612895829177,-0.015198481678962258,0.010277068222255922,0.007100374659333967,0.026988793720779093,0.0037334332006010336,"[-0.005529476116428621, 1.281415796368659, -1.1570510453292107, -0.15229776981705462, 1.5795226668944378, 0.9476579007443208, -0.03774779370692541, 1.5154372647191428, 0.9705674185439906]"
prism2,196,/home/humanoid/Programs/hand/results/phase1/run_20260413_pollard_multiscene_500_run3/prism2/generated_mjcf/scene_prism2_tn0d0053p0d0211p0d0072_ip0d0040n0d0172p0d0000_mp0d0067p0d0258p0d0035.xml,prism_y0d0300,True,0.02,4.0,0.45,0.4,1.0,1.0,6.7973551908140415,0.05046640553878817,5.0,0.006909497383767563,0.46756508858423784,0.0028116721590268467,0.00021184079608316253,1.0,1.0,1.0,1.0,1.0,1.0,0.0,0.025156715582380185,0.0808928137976685,-0.0053098841582090335,0.021132674117052504,0.007208012367465232,0.003956516461473281,-0.017214401410508604,0.0,0.006708835529898857,0.025847389121555535,0.0035319824742441833,"[-0.005529476116428621, 1.281415796368659, -1.1570510453292107, -0.15229776981705462, 1.5795226668944378, 0.9476579007443208, -0.03774779370692541, 1.5154372647191428, 0.9705674185439906]"
prism2,197,/home/humanoid/Programs/hand/results/phase1/run_20260413_pollard_multiscene_500_run3/prism2/generated_mjcf/scene_prism2_tp0d0022p0d0300p0d0000_ip0d0145n0d0203p0d0080_mp0d0059p0d0148p0d0000.xml,prism_y0d0300,False,0.02,4.0,0.45,0.4,0.0,1.0,1.764396595840032,0.043093173294570686,2.0,0.009132966315059202,6.277805228147326,0.05008311934882064,0.05061568756175206,0.6527777777777778,0.7138888888888889,0.6555555555555556,0.5055555555555555,0.4638888888888889,0.5055555555555555,0.20833333333333337,0.1327177860587049,0.05775711056125369,0.0021564249091571043,0.03,0.0,0.014468781203926235,-0.020254798853280895,0.008013052781932012,0.0058755062034899115,0.014774526273414537,0.0,"[-0.005529476116428621, 1.281415796368659, -1.1570510453292107, -0.15229776981705462, 1.5795226668944378, 0.9476579007443208, -0.03774779370692541, 1.5154372647191428, 0.9705674185439906]"
prism2,198,/home/humanoid/Programs/hand/results/phase1/run_20260413_pollard_multiscene_500_run3/prism2/generated_mjcf/scene_prism2_tn0d0085p0d0275p0d0042_in0d0019n0d0060p0d0030_mp0d0208p0d0256p0d0000.xml,prism_y0d0300,True,0.02,4.0,0.45,0.4,1.0,1.0,7.2301065870830605,0.04940912645362533,6.0,0.007089213947250084,0.21802200747702605,0.0016597263764465027,0.00030852881044468594,1.0,1.0,1.0,1.0,1.0,1.0,0.0,0.013928968228451534,0.049482875130612856,-0.008474962952994883,0.027544844041051023,0.0042187069829906915,-0.001881759480586151,-0.006017930301457348,0.0030434827684328956,0.020751674831435835,0.025630698873934675,0.0,"[-0.005529476116428621, 1.281415796368659, -1.1570510453292107, -0.15229776981705462, 1.5795226668944378, 0.9476579007443208, -0.03774779370692541, 1.5154372647191428, 0.9705674185439906]"
prism2,199,/home/humanoid/Programs/hand/results/phase1/run_20260413_pollard_multiscene_500_run3/prism2/generated_mjcf/scene_prism2_tn0d0093p0d0181p0d0000_ip0d0100n0d0183p0d0000_mn0d0005p0d0214p0d0000.xml,prism_y0d0300,True,0.02,4.0,0.45,0.4,1.0,1.0,6.861141579950202,0.04984087956585742,5.0,0.005636382257350524,0.22742925727763205,0.001026419840544037,3.6389060429048437e-05,1.0,1.0,1.0,1.0,1.0,1.0,0.0,0.02756585892555143,0.007482010108996369,-0.009332624553411184,0.01806849608943887,0.0,0.010000531041565066,-0.018317445898405317,0.0,-0.00046335726395006424,0.021357809487047297,0.0,"[-0.005529476116428621, 1.281415796368659, -1.1570510453292107, -0.15229776981705462, 1.5795226668944378, 0.9476579007443208, -0.03774779370692541, 1.5154372647191428, 0.9705674185439906]"
prism2,200,/home/humanoid/Programs/hand/results/phase1/run_20260413_pollard_multiscene_500_run3/prism2/generated_mjcf/scene_prism2_tp0d0043p0d0146p0d0082_ip0d0037n0d0214p0d0067_mp0d0035p0d0075p0d0017.xml,prism_y0d0300,True,0.02,4.0,0.45,0.4,1.0,1.0,5.588683042212673,0.0499640589122423,4.0,0.005810521568206444,4.7212849281883384,0.015013548967881629,0.0,1.0,1.0,1.0,1.0,1.0,1.0,0.0,0.12657033249149693,0.04718722210471571,0.00433975812341485,0.014641479233585792,0.00819268659890612,0.0037178996504195006,-0.021405517517139025,0.006744157953358632,0.003474166052851514,0.0074895616345749694,0.0017029246504212722,"[-0.005529476116428621, 1.281415796368659, -1.1570510453292107, -0.15229776981705462, 1.5795226668944378, 0.9476579007443208, -0.03774779370692541, 1.5154372647191428, 0.9705674185439906]"
prism2,201,/home/humanoid/Programs/hand/results/phase1/run_20260413_pollard_multiscene_500_run3/prism2/generated_mjcf/scene_prism2_tn0d0105p0d0214p0d0000_ip0d0083n0d0143p0d0000_mn0d0000p0d0174p0d0000.xml,prism_y0d0300,True,0.02,4.0,0.45,0.4,1.0,1.0,6.804634005843826,0.04994278968066143,5.0,0.005657025146263441,0.39145743396667254,0.0026040319521199572,0.0,1.0,1.0,1.0,1.0,1.0,1.0,0.0,0.0525738885451117,0.010265774667930364,-0.010500790107284589,0.02140432770793027,0.0,0.008281450060615545,-0.014333063935340966,0.0,-3.0320783561186768e-05,0.017389064274110563,0.0,"[-0.005529476116428621, 1.281415796368659, -1.1570510453292107, -0.15229776981705462, 1.5795226668944378, 0.9476579007443208, -0.03774779370692541, 1.5154372647191428, 0.9705674185439906]"
prism2,202,/home/humanoid/Programs/hand/results/phase1/run_20260413_pollard_multiscene_500_run3/prism2/generated_mjcf/scene_prism2_tp0d0056p0d0168p0d0000_ip0d0208n0d0238p0d0030_mn0d0016p0d0125p0d0000.xml,prism_y0d0300,True,0.02,4.0,0.45,0.4,1.0,1.0,5.981421173951385,0.05054763250292307,6.0,0.006485233607011048,1.8188451071771028,0.011670551682193381,0.0024992703508240482,1.0,1.0,1.0,0.7527777777777778,0.7527777777777778,0.7527777777777778,0.24722222222222223,0.05119279672564194,0.12148275866328793,0.005561306286262741,0.01684537198761257,0.0,0.02082503109106207,-0.0237630864305896,0.0030471449279324964,-0.0015712075422167678,0.012468062242123311,0.0,"[-0.005529476116428621, 1.281415796368659, -1.1570510453292107, -0.15229776981705462, 1.5795226668944378, 0.9476579007443208, -0.03774779370692541, 1.5154372647191428, 0.9705674185439906]"
prism2,203,/home/humanoid/Programs/hand/results/phase1/run_20260413_pollard_multiscene_500_run3/prism2/generated_mjcf/scene_prism2_tn0d0101p0d0268p0d0017_in0d0001n0d0008p0d0000_mp0d0098p0d0040p0d0000.xml,prism_y0d0300,True,0.02,4.0,0.45,0.4,1.0,1.0,6.916668463076015,0.0499460539102112,5.0,0.005665358809330226,0.024547997686142263,0.0003984499307318519,5.0735133176452174e-05,1.0,1.0,1.0,1.0,1.0,1.0,0.0,0.011897179794969515,0.003067611064634601,-0.010071792123051598,0.026796554965191104,0.0017246215799356143,-0.00014392769721268718,-0.0008479304860448244,0.0,0.009809882367594778,0.004032230339763861,0.0,"[-0.005529476116428621, 1.281415796368659, -1.1570510453292107, -0.15229776981705462, 1.5795226668944378, 0.9476579007443208, -0.03774779370692541, 1.5154372647191428, 0.9705674185439906]"
prism2,204,/home/humanoid/Programs/hand/results/phase1/run_20260413_pollard_multiscene_500_run3/prism2/generated_mjcf/scene_prism2_tn0d0002p0d0286p0d0043_ip0d0065n0d0199p0d0000_mp0d0059p0d0048p0d0000.xml,prism_y0d0300,False,0.02,4.0,0.45,0.4,0.0,1.0,1.8939604369572491,0.048069377248748275,4.0,0.01075499930280642,0.013500559171331748,0.04801271011158492,0.051671291751255594,0.6916666666666667,0.6944444444444444,0.7027777777777777,0.0,0.0,0.0,0.7027777777777777,0.1282139569535291,0.0771739312590446,-0.0002021810662841579,0.028551378760065353,0.004261095795399832,0.006454661361814582,-0.019876773530676677,0.0,0.005884300171022228,0.00480782853712527,0.0,"[-0.005529476116428621, 1.281415796368659, -1.1570510453292107, -0.15229776981705462, 1.5795226668944378, 0.9476579007443208, -0.03774779370692541, 1.5154372647191428, 0.9705674185439906]"
prism2,205,/home/humanoid/Programs/hand/results/phase1/run_20260413_pollard_multiscene_500_run3/prism2/generated_mjcf/scene_prism2_tp0d0036p0d0128p0d0000_in0d0018n0d0024p0d0082_mp0d0003p0d0197p0d0000.xml,prism_y0d0300,False,0.02,4.0,0.45,0.4,0.0,1.0,1.1039592756975232,0.045979572684201844,3.0,0.012258556181990324,6.433586801269568e-11,0.09211423920536395,0.0548339979971324,0.1527777777777778,0.1527777777777778,0.0,0.36944444444444446,0.0,0.0,0.36944444444444446,0.12290550345878067,0.052197260216492625,0.0036179364962463777,0.012837212448013606,0.0,-0.0018298901071419332,-0.002395784622160021,0.008180570878864576,0.0002708761776541446,0.01972964691536254,0.0,"[-0.005529476116428621, 1.281415796368659, -1.1570510453292107, -0.15229776981705462, 1.5795226668944378, 0.9476579007443208, -0.03774779370692541, 1.5154372647191428, 0.9705674185439906]"
prism2,206,/home/humanoid/Programs/hand/results/phase1/run_20260413_pollard_multiscene_500_run3/prism2/generated_mjcf/scene_prism2_tp0d0077p0d0123p0d0000_ip0d0209n0d0193p0d0000_mp0d0020p0d0111p0d0000.xml,prism_y0d0300,True,0.02,4.0,0.45,0.4,1.0,1.0,6.880037937744557,0.049683727208315,5.0,0.005650076277159852,0.09388474780183738,0.001183224388977274,0.00022232534314256536,1.0,1.0,1.0,1.0,1.0,1.0,0.0,0.022234556519640028,0.0030156857013134606,0.007725404707774584,0.012289821737621096,0.0,0.02089606498753578,-0.019301676188381724,0.0,0.00201339210259017,0.011099656579559913,0.0,"[-0.005529476116428621, 1.281415796368659, -1.1570510453292107, -0.15229776981705462, 1.5795226668944378, 0.9476579007443208, -0.03774779370692541, 1.5154372647191428, 0.9705674185439906]"
prism2,207,/home/humanoid/Programs/hand/results/phase1/run_20260413_pollard_multiscene_500_run3/prism2/generated_mjcf/scene_prism2_tp0d0026p0d0207p0d0110_ip0d0174n0d0065p0d0000_mp0d0053p0d0143p0d0000.xml,prism_y0d0300,True,0.02,4.0,0.45,0.4,1.0,1.0,6.896703869661983,0.04958238927301803,5.0,0.00579605275030247,0.049613486985278954,0.0007771831848007039,5.768490096010048e-05,1.0,1.0,1.0,1.0,1.0,1.0,0.0,0.013215479908342188,0.002149657033168236,0.00258495564686813,0.02069911329584996,0.010962643851090574,0.01738795186372892,-0.006457234525400016,0.0,0.005268949493629474,0.014280105921970699,0.0,"[-0.005529476116428621, 1.281415796368659, -1.1570510453292107, -0.15229776981705462, 1.5795226668944378, 0.9476579007443208, -0.03774779370692541, 1.5154372647191428, 0.9705674185439906]"
prism2,208,/home/humanoid/Programs/hand/results/phase1/run_20260413_pollard_multiscene_500_run3/prism2/generated_mjcf/scene_prism2_tn0d0075p0d0127p0d0000_ip0d0061n0d0017p0d0025_mp0d0189p0d0057p0d0000.xml,prism_y0d0300,True,0.02,4.0,0.45,0.4,1.0,1.0,6.284856510560706,0.04867683258318744,4.0,0.007583081382010425,0.07063953138314727,0.013808897191852567,0.0,1.0,1.0,0.9888888888888889,1.0,0.9888888888888889,0.9888888888888889,0.011111111111111072,0.05601477387313505,0.028404760710222726,-0.007541185456607181,0.012720330103871616,0.0,0.006068945183136646,-0.0017135969398752223,0.002520631410691936,0.018875773155536048,0.005666852414929724,0.0,"[-0.005529476116428621, 1.281415796368659, -1.1570510453292107, -0.15229776981705462, 1.5795226668944378, 0.9476579007443208, -0.03774779370692541, 1.5154372647191428, 0.9705674185439906]"
prism2,209,/home/humanoid/Programs/hand/results/phase1/run_20260413_pollard_multiscene_500_run3/prism2/generated_mjcf/scene_prism2_tp0d0080p0d0185p0d0012_ip0d0045n0d0139p0d0000_mp0d0218p0d0165p0d0000.xml,prism_y0d0300,True,0.02,4.0,0.45,0.4,1.0,1.0,6.7772905089134525,0.04890988782718199,5.0,0.007854143790968389,0.25136841070799637,0.003765883195900263,0.0010822298008078962,1.0,1.0,1.0,1.0,1.0,1.0,0.0,0.012900023633421687,0.06531987086252604,0.008009543041537861,0.01849580852523615,0.0012160635687190995,0.004545161135832775,-0.013902840430843947,0.0,0.021799144081568696,0.01649161773793147,0.0,"[-0.005529476116428621, 1.281415796368659, -1.1570510453292107, -0.15229776981705462, 1.5795226668944378, 0.9476579007443208, -0.03774779370692541, 1.5154372647191428, 0.9705674185439906]"
prism2,210,/home/humanoid/Programs/hand/results/phase1/run_20260413_pollard_multiscene_500_run3/prism2/generated_mjcf/scene_prism2_tp0d0084p0d0183p0d0032_ip0d0018n0d0148p0d0000_mp0d0099p0d0230p0d0000.xml,prism_y0d0300,False,0.02,4.0,0.45,0.4,0.0,1.0,2.7809573267541206,0.04791878912473363,5.0,0.008573031525671073,0.014922277817552303,0.06332574520930365,0.05253888558589241,0.3416666666666667,0.3111111111111111,0.21666666666666667,0.6027777777777777,0.18611111111111112,0.21666666666666667,0.38611111111111107,0.15787521388881773,0.07703915142446584,0.008437855756050418,0.018321910618821588,0.0032447348294870563,0.001774035165684324,-0.014805875470069332,0.0,0.009934062318164237,0.02297414626775439,0.0,"[-0.005529476116428621, 1.281415796368659, -1.1570510453292107, -0.15229776981705462, 1.5795226668944378, 0.9476579007443208, -0.03774779370692541, 1.5154372647191428, 0.9705674185439906]"
prism2,211,/home/humanoid/Programs/hand/results/phase1/run_20260413_pollard_multiscene_500_run3/prism2/generated_mjcf/scene_prism2_tn0d0047p0d0144p0d0000_ip0d0093n0d0180p0d0000_mp0d0028p0d0172p0d0000.xml,prism_y0d0300,False,0.02,4.0,0.45,0.4,0.0,1.0,4.384949632042355,0.05585021872780352,6.0,0.005799694584908065,0.8899794923063625,0.02496067476465145,7.742891938757046e-05,1.0,1.0,0.25555555555555554,1.0,0.25555555555555554,0.25555555555555554,0.7444444444444445,0.11844463817653161,0.1511477532358113,-0.004740005191379473,0.014426123005675029,0.0,0.009336022162219368,-0.01795692563587443,0.0,0.0027816673199039963,0.017175738094334703,0.0,"[-0.005529476116428621, 1.281415796368659, -1.1570510453292107, -0.15229776981705462, 1.5795226668944378, 0.9476579007443208, -0.03774779370692541, 1.5154372647191428, 0.9705674185439906]"
prism2,212,/home/humanoid/Programs/hand/results/phase1/run_20260413_pollard_multiscene_500_run3/prism2/generated_mjcf/scene_prism2_tn0d0040p0d0142p0d0000_ip0d0023n0d0182p0d0081_mp0d0033p0d0232p0d0058.xml,prism_y0d0300,False,0.02,4.0,0.45,0.4,0.0,1.0,2.0867507577111093,0.046645294830192134,3.0,0.009820448786407204,1.1365829083948789,0.008866157894737632,0.002308002157076869,1.0,1.0,0.0,1.0,0.0,0.0,1.0,0.03662627761538565,0.0763739532896713,-0.00403609409022875,0.014205866070954665,0.0,0.0023294378827807428,-0.018192462569061693,0.008144399751782865,0.0033094172629732008,0.023181547653119555,0.005839190597031859,"[-0.005529476116428621, 1.281415796368659, -1.1570510453292107, -0.15229776981705462, 1.5795226668944378, 0.9476579007443208, -0.03774779370692541, 1.5154372647191428, 0.9705674185439906]"
prism2,213,/home/humanoid/Programs/hand/results/phase1/run_20260413_pollard_multiscene_500_run3/prism2/generated_mjcf/scene_prism2_tp0d0114p0d0261p0d0000_ip0d0206n0d0041p0d0000_mp0d0084p0d0040p0d0000.xml,prism_y0d0300,True,0.02,4.0,0.45,0.4,1.0,1.0,5.309263792687916,0.05427493517350064,5.0,0.005815304053156893,0.5595840069225093,0.01678758312914349,0.000887493631782546,1.0,1.0,1.0,0.6166666666666667,0.6166666666666667,0.6166666666666667,0.3833333333333333,0.1504966109167651,0.10583739193379998,0.011383068446832144,0.026086163461476453,0.0,0.020561026075589607,-0.004089729095602563,0.0,0.008406134637600387,0.004042902804046244,0.0,"[-0.005529476116428621, 1.281415796368659, -1.1570510453292107, -0.15229776981705462, 1.5795226668944378, 0.9476579007443208, -0.03774779370692541, 1.5154372647191428, 0.9705674185439906]"
prism2,214,/home/humanoid/Programs/hand/results/phase1/run_20260413_pollard_multiscene_500_run3/prism2/generated_mjcf/scene_prism2_tp0d0052p0d0107p0d0118_in0d0015n0d0005p0d0000_mp0d0091p0d0164p0d0000.xml,prism_y0d0300,False,0.02,4.0,0.45,0.4,0.0,1.0,2.6491623876531607,0.045055284450810154,4.0,0.008884933011636157,0.20833208423115498,0.002342305973254488,0.0033747015671508757,1.0,1.0,0.0,1.0,0.0,0.0,1.0,0.005229351594339192,0.03794656645514379,0.005157266769256267,0.010652643185760103,0.01180187743075043,-0.0014796206306259777,-0.0005166369421601685,0.0,0.009060765136741021,0.016391314855483393,0.0,"[-0.005529476116428621, 1.281415796368659, -1.1570510453292107, -0.15229776981705462, 1.5795226668944378, 0.9476579007443208, -0.03774779370692541, 1.5154372647191428, 0.9705674185439906]"
prism2,215,/home/humanoid/Programs/hand/results/phase1/run_20260413_pollard_multiscene_500_run3/prism2/generated_mjcf/scene_prism2_tn0d0067p0d0092p0d0078_ip0d0213n0d0213p0d0086_mp0d0153p0d0213p0d0000.xml,prism_y0d0300,False,0.02,4.0,0.45,0.4,0.0,1.0,2.871343140718981,0.051663675494006855,4.0,0.009326671208883584,0.23415825160073694,0.003913007513223957,0.0010204266730544087,1.0,1.0,0.0,1.0,0.0,0.0,1.0,0.02631705947318805,0.04213639356839349,-0.006708058313022306,0.009213660685445347,0.007762392106353707,0.0213354249050623,-0.021286620578137176,0.008635940125201812,0.015292946730816092,0.021305408188239255,0.0,"[-0.005529476116428621, 1.281415796368659, -1.1570510453292107, -0.15229776981705462, 1.5795226668944378, 0.9476579007443208, -0.03774779370692541, 1.5154372647191428, 0.9705674185439906]"
prism2,216,/home/humanoid/Programs/hand/results/phase1/run_20260413_pollard_multiscene_500_run3/prism2/generated_mjcf/scene_prism2_tn0d0106p0d0246p0d0111_ip0d0138n0d0187p0d0009_mp0d0009p0d0205p0d0041.xml,prism_y0d0300,False,0.02,4.0,0.45,0.4,0.0,1.0,4.706518794851406,0.05307929832009014,6.0,0.0061377771656404186,0.11910887317595405,0.014834885030753552,0.0,1.0,1.0,1.0,0.30833333333333335,0.30833333333333335,0.30833333333333335,0.6916666666666667,0.09999836475643452,0.08421417220624026,-0.010618202159571382,0.024570154966587918,0.011091034286356438,0.013810197920546557,-0.018682744474052514,0.0008816463383836057,0.000920203433224737,0.020529085107590155,0.004148740653331526,"[-0.005529476116428621, 1.281415796368659, -1.1570510453292107, -0.15229776981705462, 1.5795226668944378, 0.9476579007443208, -0.03774779370692541, 1.5154372647191428, 0.9705674185439906]"
prism2,217,/home/humanoid/Programs/hand/results/phase1/run_20260413_pollard_multiscene_500_run3/prism2/generated_mjcf/scene_prism2_tn0d0013p0d0082p0d0000_ip0d0144n0d0077p0d0018_mp0d0035p0d0192p0d0000.xml,prism_y0d0300,False,0.02,4.0,0.45,0.4,0.0,1.0,1.8671574448638728,0.045448344695261066,4.0,0.010877288763046174,0.0017106208279442882,0.02921881468063081,0.055365791892320645,0.6972222222222222,0.6972222222222222,0.0,0.7166666666666667,0.0,0.0,0.7166666666666667,0.13907993953536552,0.04103779254152079,-0.0012769440151296722,0.008207947848866467,0.0,0.014367464472860894,-0.007682079760128633,0.0018050238451683114,0.0034645893469029436,0.019215158092247116,0.0,"[-0.005529476116428621, 1.281415796368659, -1.1570510453292107, -0.15229776981705462, 1.5795226668944378, 0.9476579007443208, -0.03774779370692541, 1.5154372647191428, 0.9705674185439906]"
prism2,218,/home/humanoid/Programs/hand/results/phase1/run_20260413_pollard_multiscene_500_run3/prism2/generated_mjcf/scene_prism2_tp0d0031p0d0217p0d0000_ip0d0033n0d0069p0d0000_mp0d0018p0d0185p0d0039.xml,prism_y0d0300,True,0.02,4.0,0.45,0.4,1.0,1.0,-0.3360077415460472,0.049445642528193674,6.0,0.00668525352648976,35.799333296726516,0.06461135273226891,0.03888082245767089,0.8083333333333333,0.6833333333333333,0.6583333333333333,0.8888888888888888,0.5333333333333333,0.6583333333333333,0.2305555555555555,0.10652038572527134,0.14515271371986735,0.0030643337970542965,0.021735629790901958,0.0,0.003259984998778856,-0.006910015120126513,0.0,0.0017765117936147622,0.018486338857577528,0.003854988740890814,"[-0.005529476116428621, 1.281415796368659, -1.1570510453292107, -0.15229776981705462, 1.5795226668944378, 0.9476579007443208, -0.03774779370692541, 1.5154372647191428, 0.9705674185439906]"
prism2,219,/home/humanoid/Programs/hand/results/phase1/run_20260413_pollard_multiscene_500_run3/prism2/generated_mjcf/scene_prism2_tn0d0096p0d0143p0d0000_ip0d0199n0d0241p0d0000_mp0d0018p0d0145p0d0098.xml,prism_y0d0300,True,0.02,4.0,0.45,0.4,1.0,1.0,6.716449029622029,0.04887752082274515,5.0,0.0056053968608965775,0.5240756585342684,0.004573181437238218,0.00046370908803412825,1.0,1.0,1.0,1.0,1.0,1.0,0.0,0.06444310633061061,0.013990705323335758,-0.009552741642320943,0.014294919368854606,0.0,0.019931955097158255,-0.024098723637486875,0.0,0.001763704178351715,0.014507877048380777,0.009764096577343173,"[-0.005529476116428621, 1.281415796368659, -1.1570510453292107, -0.15229776981705462, 1.5795226668944378, 0.9476579007443208, -0.03774779370692541, 1.5154372647191428, 0.9705674185439906]"
prism2,220,/home/humanoid/Programs/hand/results/phase1/run_20260413_pollard_multiscene_500_run3/prism2/generated_mjcf/scene_prism2_tp0d0050p0d0166p0d0000_ip0d0149n0d0113p0d0053_mn0d0009p0d0075p0d0000.xml,prism_y0d0300,True,0.02,4.0,0.45,0.4,1.0,1.0,6.000468964587148,0.04980897391558201,4.0,0.005664924081217926,2.27139276430786,0.00967576640771019,0.0,1.0,1.0,1.0,1.0,1.0,1.0,0.0,0.11062717200949786,0.04424917838769621,0.0049770330315987155,0.016644170110704855,0.0,0.014920291210715418,-0.011294019048296643,0.0052869592715543215,-0.0009234731340144204,0.007455374979847362,0.0,"[-0.005529476116428621, 1.281415796368659, -1.1570510453292107, -0.15229776981705462, 1.5795226668944378, 0.9476579007443208, -0.03774779370692541, 1.5154372647191428, 0.9705674185439906]"
prism2,221,/home/humanoid/Programs/hand/results/phase1/run_20260413_pollard_multiscene_500_run3/prism2/generated_mjcf/scene_prism2_tn0d0008p0d0217p0d0015_ip0d0110n0d0107p0d0000_mp0d0047p0d0157p0d0000.xml,prism_y0d0300,True,0.02,4.0,0.45,0.4,1.0,1.0,6.887720284632069,0.04993643329954514,5.0,0.005669504812080145,0.0966196107946619,0.0009952881360822691,4.239899060362595e-05,1.0,1.0,1.0,1.0,1.0,1.0,0.0,0.025923055048855725,0.0036387157121166767,-0.0008031192769778952,0.02166670448785033,0.001490255873888683,0.011029975886306324,-0.010713207814525373,0.0,0.004691508371224975,0.015735108981150926,0.0,"[-0.005529476116428621, 1.281415796368659, -1.1570510453292107, -0.15229776981705462, 1.5795226668944378, 0.9476579007443208, -0.03774779370692541, 1.5154372647191428, 0.9705674185439906]"
prism2,222,/home/humanoid/Programs/hand/results/phase1/run_20260413_pollard_multiscene_500_run3/prism2/generated_mjcf/scene_prism2_tp0d0060p0d0300p0d0000_ip0d0168n0d0189p0d0000_mn0d0012p0d0266p0d0015.xml,prism_y0d0300,False,0.02,4.0,0.45,0.4,0.0,1.0,0.6522714761855865,0.04768782885906532,4.0,0.008907675031456891,12.62496735471142,0.02245156708931524,0.042715140235027094,0.8305555555555556,0.8388888888888889,0.8333333333333334,0.125,0.125,0.125,0.7138888888888889,0.12548185147246002,0.08049384312234957,0.005982512874455746,0.03,0.0,0.01677585138666949,-0.01892801061196864,0.0,-0.001195083786028438,0.026558059126059096,0.0014902945294227848,"[-0.005529476116428621, 1.281415796368659, -1.1570510453292107, -0.15229776981705462, 1.5795226668944378, 0.9476579007443208, -0.03774779370692541, 1.5154372647191428, 0.9705674185439906]"
prism2,223,/home/humanoid/Programs/hand/results/phase1/run_20260413_pollard_multiscene_500_run3/prism2/generated_mjcf/scene_prism2_tn0d0100p0d0157p0d0115_in0d0006n0d0023p0d0000_mn0d0001p0d0183p0d0095.xml,prism_y0d0300,True,0.02,4.0,0.45,0.4,1.0,1.0,7.240023552098651,0.04922117048283926,6.0,0.007851625866236273,0.05523913695523597,0.0010700487357948013,0.0011990430069146185,1.0,1.0,1.0,1.0,1.0,1.0,0.0,0.016550764421445943,0.042737439211547344,-0.010042045626139749,0.01571733522921598,0.011454745589257506,-0.0005590098185030423,-0.0022702534687448223,0.0,-0.0001307095736232007,0.018291499373159582,0.009509675286206443,"[-0.005529476116428621, 1.281415796368659, -1.1570510453292107, -0.15229776981705462, 1.5795226668944378, 0.9476579007443208, -0.03774779370692541, 1.5154372647191428, 0.9705674185439906]"
prism2,224,/home/humanoid/Programs/hand/results/phase1/run_20260413_pollard_multiscene_500_run3/prism2/generated_mjcf/scene_prism2_tn0d0032p0d0163p0d0000_ip0d0055n0d0227p0d0001_mp0d0062p0d0073p0d0053.xml,prism_y0d0300,True,0.02,4.0,0.45,0.4,1.0,1.0,5.429841136623463,0.049870922584917314,5.0,0.005670326426886601,3.7023629199345685,0.02049508375224189,0.0,1.0,1.0,1.0,0.8333333333333334,0.8333333333333334,0.8333333333333334,0.16666666666666663,0.18708653347031282,0.07777805404183802,-0.003206023096601387,0.016318901566531582,0.0,0.005469932523932257,-0.022679238364403775,0.00012650587897891467,0.0061976339362588805,0.007287415170120487,0.005336885494463008,"[-0.005529476116428621, 1.281415796368659, -1.1570510453292107, -0.15229776981705462, 1.5795226668944378, 0.9476579007443208, -0.03774779370692541, 1.5154372647191428, 0.9705674185439906]"
prism2,225,/home/humanoid/Programs/hand/results/phase1/run_20260413_pollard_multiscene_500_run3/prism2/generated_mjcf/scene_prism2_tp0d0094p0d0274p0d0000_ip0d0199n0d0145p0d0100_mp0d0000p0d0269p0d0000.xml,prism_y0d0300,False,0.02,4.0,0.45,0.4,0.0,1.0,3.4788564443130032,0.05042415309349875,6.0,0.0060480931982769826,1.9030300415804577,0.029755807358955614,0.009457892967029147,0.44722222222222224,1.0,0.25833333333333336,0.38055555555555554,0.19166666666666668,0.25833333333333336,0.7416666666666667,0.10336279983212064,0.16164727902680642,0.009437691326738953,0.02737170570873626,0.0,0.019924961742623107,-0.014488606505171338,0.009950090735285678,7.2792667555523355e-06,0.026910958156789684,0.0,"[-0.005529476116428621, 1.281415796368659, -1.1570510453292107, -0.15229776981705462, 1.5795226668944378, 0.9476579007443208, -0.03774779370692541, 1.5154372647191428, 0.9705674185439906]"
prism2,226,/home/humanoid/Programs/hand/results/phase1/run_20260413_pollard_multiscene_500_run3/prism2/generated_mjcf/scene_prism2_tp0d0059p0d0251p0d0062_ip0d0039n0d0063p0d0003_mn0d0009p0d0056p0d0000.xml,prism_y0d0300,True,0.02,4.0,0.45,0.4,1.0,1.0,5.954520571384835,0.05047797332067779,5.0,0.005835513710637366,0.4253116303413515,0.01992839073866278,0.0,1.0,1.0,1.0,0.8277777777777777,0.8277777777777777,0.8277777777777777,0.17222222222222228,0.15016798474193463,0.09400478738499542,0.005890195392200037,0.025145911494812493,0.006172020864999916,0.0038719373070722294,-0.006349688358739556,0.00030962863382305236,-0.0008708134120405647,0.005640698307909073,0.0,"[-0.005529476116428621, 1.281415796368659, -1.1570510453292107, -0.15229776981705462, 1.5795226668944378, 0.9476579007443208, -0.03774779370692541, 1.5154372647191428, 0.9705674185439906]"
prism2,227,/home/humanoid/Programs/hand/results/phase1/run_20260413_pollard_multiscene_500_run3/prism2/generated_mjcf/scene_prism2_tp0d0083p0d0182p0d0000_ip0d0108n0d0164p0d0000_mp0d0028p0d0117p0d0000.xml,prism_y0d0300,True,0.02,4.0,0.45,0.4,1.0,1.0,6.602715117467263,0.04989888895111977,5.0,0.005628315421785975,1.2559516724339213,0.0065529694515173076,0.0,1.0,1.0,1.0,1.0,1.0,1.0,0.0,0.09236544938520318,0.024826696037922574,0.008338774720204351,0.01821398638179801,0.0,0.010837636468636409,-0.016374744784778288,0.0,0.00275684906579644,0.011731120066497104,0.0,"[-0.005529476116428621, 1.281415796368659, -1.1570510453292107, -0.15229776981705462, 1.5795226668944378, 0.9476579007443208, -0.03774779370692541, 1.5154372647191428, 0.9705674185439906]"
prism2,228,/home/humanoid/Programs/hand/results/phase1/run_20260413_pollard_multiscene_500_run3/prism2/generated_mjcf/scene_prism2_tp0d0018p0d0170p0d0000_ip0d0032n0d0128p0d0000_mp0d0192p0d0047p0d0036.xml,prism_y0d0300,True,0.02,4.0,0.45,0.4,1.0,1.0,5.452253760205963,0.049725943505030096,5.0,0.007106114651937275,0.22898359599632445,0.011167069357766287,2.5095902895164168e-05,1.0,0.65,1.0,1.0,0.65,0.65,0.35,0.07077937946130919,0.08302309464823794,0.0017785008989475558,0.017044118735223775,0.0,0.003186891827523349,-0.012818094553557719,0.0,0.01917602235967445,0.004697717154899158,0.0035502383157635774,"[-0.005529476116428621, 1.281415796368659, -1.1570510453292107, -0.15229776981705462, 1.5795226668944378, 0.9476579007443208, -0.03774779370692541, 1.5154372647191428, 0.9705674185439906]"
prism2,229,/home/humanoid/Programs/hand/results/phase1/run_20260413_pollard_multiscene_500_run3/prism2/generated_mjcf/scene_prism2_tp0d0087p0d0300p0d0000_ip0d0077n0d0234p0d0000_mp0d0136p0d0114p0d0000.xml,prism_y0d0300,False,0.02,4.0,0.45,0.4,0.0,1.0,1.1880998821015905,0.04242218926134288,3.0,0.01264908520977317,1.0178938124132387e-12,0.05457513740188171,0.0482628500829535,0.03888888888888889,0.03888888888888889,0.36666666666666664,0.0,0.0,0.0,0.36666666666666664,0.13624915043231653,0.03927101379554828,0.008663651804597345,0.03,0.0,0.007674482461781696,-0.023444371696119334,0.0,0.013597677390840683,0.011417327075538986,0.0,"[-0.005529476116428621, 1.281415796368659, -1.1570510453292107, -0.15229776981705462, 1.5795226668944378, 0.9476579007443208, -0.03774779370692541, 1.5154372647191428, 0.9705674185439906]"
prism2,230,/home/humanoid/Programs/hand/results/phase1/run_20260413_pollard_multiscene_500_run3/prism2/generated_mjcf/scene_prism2_tn0d0007p0d0119p0d0014_ip0d0090n0d0004p0d0000_mp0d0132p0d0081p0d0000.xml,prism_y0d0300,False,0.02,4.0,0.45,0.4,0.0,1.0,2.8453140192539235,0.04999927720948707,4.0,0.008622078119493748,0.15533543743676131,0.003950020544409452,0.0011848290562206931,1.0,1.0,0.0,1.0,0.0,0.0,1.0,0.003887603418379487,0.04462107172827421,-0.0007050571053624031,0.011895647447555467,0.0013904247007412648,0.00896790547894913,-0.00042462582777189235,0.0,0.013245101911400738,0.008085967284082467,0.0,"[-0.005529476116428621, 1.281415796368659, -1.1570510453292107, -0.15229776981705462, 1.5795226668944378, 0.9476579007443208, -0.03774779370692541, 1.5154372647191428, 0.9705674185439906]"
prism2,231,/home/humanoid/Programs/hand/results/phase1/run_20260413_pollard_multiscene_500_run3/prism2/generated_mjcf/scene_prism2_tp0d0059p0d0199p0d0000_ip0d0193n0d0034p0d0000_mp0d0003p0d0115p0d0000.xml,prism_y0d0300,True,0.02,4.0,0.45,0.4,1.0,1.0,6.887611534129285,0.04976899387618885,5.0,0.005635286474516679,0.06821474128344714,0.0007901734790651601,6.320169100020034e-05,1.0,1.0,1.0,1.0,1.0,1.0,0.0,0.02495142725715167,0.004699157944456707,0.005938507318874558,0.01993184206212525,0.0,0.019339198063758577,-0.003368889853459343,0.0,0.0002719119063459754,0.011528792962369609,0.0,"[-0.005529476116428621, 1.281415796368659, -1.1570510453292107, -0.15229776981705462, 1.5795226668944378, 0.9476579007443208, -0.03774779370692541, 1.5154372647191428, 0.9705674185439906]"
prism2,232,/home/humanoid/Programs/hand/results/phase1/run_20260413_pollard_multiscene_500_run3/prism2/generated_mjcf/scene_prism2_tp0d0059p0d0233p0d0001_in0d0016n0d0011p0d0000_mp0d0107p0d0137p0d0000.xml,prism_y0d0300,True,0.02,4.0,0.45,0.4,1.0,1.0,5.254278595795515,0.05186191114913867,6.0,0.006201490213297224,2.554878333504138,0.019125934931206467,0.000510620612142465,1.0,1.0,0.5805555555555556,1.0,0.5805555555555556,0.5805555555555556,0.4194444444444444,0.061542475910695005,0.14565606225696096,0.005876933990951735,0.023325437825919636,0.00012344175559970104,-0.001607011923027096,-0.0011137859434267924,0.0,0.010658788458287707,0.013659464988546774,0.0,"[-0.005529476116428621, 1.281415796368659, -1.1570510453292107, -0.15229776981705462, 1.5795226668944378, 0.9476579007443208, -0.03774779370692541, 1.5154372647191428, 0.9705674185439906]"
prism2,233,/home/humanoid/Programs/hand/results/phase1/run_20260413_pollard_multiscene_500_run3/prism2/generated_mjcf/scene_prism2_tp0d0094p0d0162p0d0016_ip0d0011n0d0230p0d0082_mp0d0011p0d0065p0d0038.xml,prism_y0d0300,True,0.02,4.0,0.45,0.4,1.0,1.0,4.45388482077996,0.049878263095401824,5.0,0.005848438179187652,0.44426573486262666,0.03575206970861468,0.0018292167212316246,1.0,1.0,1.0,0.45555555555555555,0.45555555555555555,0.45555555555555555,0.5444444444444445,0.13180009052831443,0.17050908307310694,0.009359930196395066,0.01623345201084577,0.0015625808053520377,0.00113350242596077,-0.023041464841855624,0.008165409870575673,0.0010928609572240285,0.006546084912352737,0.0037641457449223113,"[-0.005529476116428621, 1.281415796368659, -1.1570510453292107, -0.15229776981705462, 1.5795226668944378, 0.9476579007443208, -0.03774779370692541, 1.5154372647191428, 0.9705674185439906]"
prism2,234,/home/humanoid/Programs/hand/results/phase1/run_20260413_pollard_multiscene_500_run3/prism2/generated_mjcf/scene_prism2_tn0d0068p0d0267p0d0000_in0d0013n0d0152p0d0088_mp0d0012p0d0034p0d0000.xml,prism_y0d0300,False,0.02,4.0,0.45,0.4,0.0,1.0,1.9846517200673328,0.04836683345902941,4.0,0.008159836055889033,2.201906986131593,0.055562391742120576,0.053395703442307596,0.7722222222222223,0.7833333333333333,0.7722222222222223,0.13333333333333333,0.13333333333333333,0.13333333333333333,0.65,0.09367417196630827,0.10312509003646934,-0.006842359440174668,0.02674095924071578,0.0,-0.0012516321530277128,-0.01519729557625085,0.008807048636422697,0.0012271340009776168,0.0034269346338305414,0.0,"[-0.005529476116428621, 1.281415796368659, -1.1570510453292107, -0.15229776981705462, 1.5795226668944378, 0.9476579007443208, -0.03774779370692541, 1.5154372647191428, 0.9705674185439906]"
prism2,235,/home/humanoid/Programs/hand/results/phase1/run_20260413_pollard_multiscene_500_run3/prism2/generated_mjcf/scene_prism2_tn0d0012p0d0185p0d0000_ip0d0150n0d0039p0d0000_mp0d0202p0d0205p0d0000.xml,prism_y0d0300,True,0.02,4.0,0.45,0.4,1.0,1.0,7.208537645277847,0.049079839198931524,6.0,0.007465642592459646,0.2927164496361248,0.0031257081035480326,0.0003094938110748541,1.0,1.0,1.0,1.0,1.0,1.0,0.0,0.0023739511732587724,0.0511516970539474,-0.0012267169129464937,0.018511203439005447,0.0,0.015046761440901129,-0.003860181566608679,0.0,0.0202218044453141,0.02050055310976201,0.0,"[-0.005529476116428621, 1.281415796368659, -1.1570510453292107, -0.15229776981705462, 1.5795226668944378, 0.9476579007443208, -0.03774779370692541, 1.5154372647191428, 0.9705674185439906]"
prism2,236,/home/humanoid/Programs/hand/results/phase1/run_20260413_pollard_multiscene_500_run3/prism2/generated_mjcf/scene_prism2_tp0d0106p0d0174p0d0031_ip0d0022n0d0118p0d0000_mp0d0137p0d0106p0d0119.xml,prism_y0d0300,True,0.02,4.0,0.45,0.4,1.0,1.0,5.727042990414847,0.04900495670958618,5.0,0.008348820317813756,3.8023032803490393,0.008844680113332669,0.0026448450740675367,1.0,0.9638888888888889,0.8805555555555555,1.0,0.8444444444444444,0.8805555555555555,0.11944444444444446,0.05034854725818778,0.07186518581138272,0.010570503563294312,0.01742935650204407,0.0030783737719845897,0.0022113929704491346,-0.01179028890874476,0.0,0.013715263425300493,0.010640660788541539,0.011923749986019395,"[-0.005529476116428621, 1.281415796368659, -1.1570510453292107, -0.15229776981705462, 1.5795226668944378, 0.9476579007443208, -0.03774779370692541, 1.5154372647191428, 0.9705674185439906]"
prism2,237,/home/humanoid/Programs/hand/results/phase1/run_20260413_pollard_multiscene_500_run3/prism2/generated_mjcf/scene_prism2_tn0d0094p0d0215p0d0000_ip0d0051n0d0037p0d0000_mp0d0001p0d0208p0d0000.xml,prism_y0d0300,False,0.02,4.0,0.45,0.4,0.0,1.0,4.589549915788687,0.0498586159665803,5.0,0.0075229363844099735,0.5065329725154574,0.008306796203019837,0.0012154690180926353,1.0,1.0,0.4027777777777778,1.0,0.4027777777777778,0.4027777777777778,0.5972222222222222,0.011256563556684243,0.077585710807141,-0.009386577061587999,0.021536170750964603,0.0,0.005090603042090099,-0.0036513302603408664,3.0621962382121684e-05,0.0001362800775741909,0.02078669139942211,0.0,"[-0.005529476116428621, 1.281415796368659, -1.1570510453292107, -0.15229776981705462, 1.5795226668944378, 0.9476579007443208, -0.03774779370692541, 1.5154372647191428, 0.9705674185439906]"
prism2,238,/home/humanoid/Programs/hand/results/phase1/run_20260413_pollard_multiscene_500_run3/prism2/generated_mjcf/scene_prism2_tn0d0100p0d0196p0d0000_ip0d0120n0d0139p0d0024_mp0d0149p0d0270p0d0014.xml,prism_y0d0300,True,0.02,4.0,0.45,0.4,1.0,1.0,5.581023018567386,0.05265689699104197,5.0,0.006711040766468948,0.3499209830981357,0.0013287513200051838,3.783997158272878e-05,1.0,1.0,0.6333333333333333,1.0,0.6333333333333333,0.6333333333333333,0.3666666666666667,0.028380022879636813,0.0785030733255258,-0.010015544394671703,0.01962936837177262,0.0,0.012010903863657144,-0.013874930609055808,0.002421640382254354,0.014892154831109993,0.027047093881184453,0.0013830002601442452,"[-0.005529476116428621, 1.281415796368659, -1.1570510453292107, -0.15229776981705462, 1.5795226668944378, 0.9476579007443208, -0.03774779370692541, 1.5154372647191428, 0.9705674185439906]"
prism2,239,/home/humanoid/Programs/hand/results/phase1/run_20260413_pollard_multiscene_500_run3/prism2/generated_mjcf/scene_prism2_tn0d0014p0d0251p0d0099_in0d0014n0d0234p0d0115_mp0d0111p0d0045p0d0038.xml,prism_y0d0300,False,0.02,4.0,0.45,0.4,0.0,1.0,2.787225951311045,0.04906838916730147,4.0,0.009862239145723102,0.08606734730798256,0.0040764397016528515,0.001689491144713326,1.0,1.0,1.0,0.0,0.0,0.0,1.0,0.024647656889569786,0.056305800641633465,-0.0014251822600559235,0.025089114689550506,0.009932616401398968,-0.0014478035283586408,-0.023434549415482668,0.011455759744305048,0.011104205335508101,0.004542639825632416,0.00384895126918975,"[-0.005529476116428621, 1.281415796368659, -1.1570510453292107, -0.15229776981705462, 1.5795226668944378, 0.9476579007443208, -0.03774779370692541, 1.5154372647191428, 0.9705674185439906]"
prism2,240,/home/humanoid/Programs/hand/results/phase1/run_20260413_pollard_multiscene_500_run3/prism2/generated_mjcf/scene_prism2_tn0d0097p0d0105p0d0000_ip0d0139n0d0046p0d0085_mp0d0073p0d0268p0d0000.xml,prism_y0d0300,False,0.02,4.0,0.45,0.4,0.0,1.0,2.720920061384424,0.04666300037317374,4.0,0.012580904641693922,0.11339508071601052,0.0045532239500510555,0.0017341193209359507,1.0,1.0,0.0,1.0,0.0,0.0,1.0,0.009091958862032323,0.02578629174459518,-0.009683335844336121,0.010547451260416061,0.0,0.013928861329337636,-0.004617107265739084,0.008492867289802312,0.0072826999018936085,0.026824365469868522,0.0,"[-0.005529476116428621, 1.281415796368659, -1.1570510453292107, -0.15229776981705462, 1.5795226668944378, 0.9476579007443208, -0.03774779370692541, 1.5154372647191428, 0.9705674185439906]"
prism2,241,/home/humanoid/Programs/hand/results/phase1/run_20260413_pollard_multiscene_500_run3/prism2/generated_mjcf/scene_prism2_tp0d0041p0d0136p0d0050_ip0d0093n0d0236p0d0000_mp0d0051p0d0056p0d0045.xml,prism_y0d0300,True,0.02,4.0,0.45,0.4,1.0,1.0,5.914954116549485,0.04981838937032791,5.0,0.005763429427638408,1.0646399552156645,0.02197464921362382,0.0,1.0,1.0,1.0,0.8555555555555555,0.8555555555555555,0.8555555555555555,0.1444444444444445,0.1686294194848028,0.07397868901563542,0.0040971277273271905,0.013559094872586892,0.0049975779635624,0.00926415941715049,-0.023572964220321315,0.0,0.0051016658072987634,0.005637990037219874,0.004513815243508565,"[-0.005529476116428621, 1.281415796368659, -1.1570510453292107, -0.15229776981705462, 1.5795226668944378, 0.9476579007443208, -0.03774779370692541, 1.5154372647191428, 0.9705674185439906]"
prism2,242,/home/humanoid/Programs/hand/results/phase1/run_20260413_pollard_multiscene_500_run3/prism2/generated_mjcf/scene_prism2_tn0d0009p0d0235p0d0040_in0d0009n0d0143p0d0044_mp0d0197p0d0260p0d0000.xml,prism_y0d0300,True,0.02,4.0,0.45,0.4,1.0,1.0,5.216575137270388,0.049784146376294344,5.0,0.0070581848826691196,0.5987328652245849,0.004899974973100032,0.001125763235676508,1.0,1.0,0.5777777777777777,1.0,0.5777777777777777,0.5777777777777777,0.4222222222222223,0.021047460797352553,0.07597443377363418,-0.0009419216668431589,0.0234563829052057,0.003998428193652388,-0.0008600754512623002,-0.0143499624967743,0.0043891962311728185,0.019674774011803155,0.026003968495236028,0.0,"[-0.005529476116428621, 1.281415796368659, -1.1570510453292107, -0.15229776981705462, 1.5795226668944378, 0.9476579007443208, -0.03774779370692541, 1.5154372647191428, 0.9705674185439906]"
prism2,243,/home/humanoid/Programs/hand/results/phase1/run_20260413_pollard_multiscene_500_run3/prism2/generated_mjcf/scene_prism2_tp0d0018p0d0300p0d0000_ip0d0214n0d0134p0d0084_mp0d0020p0d0258p0d0066.xml,prism_y0d0300,False,0.02,4.0,0.45,0.4,0.0,1.0,3.2278448171943603,0.04969738454208425,5.0,0.0073938606987020705,0.2669119260095796,0.004738928635718863,0.0014779830225346569,1.0,1.0,1.0,0.019444444444444445,0.019444444444444445,0.019444444444444445,0.9805555555555555,0.03693404335065031,0.08727144008873546,0.0018323263906544832,0.03,0.0,0.02142851497409419,-0.01338505726791449,0.008384359098383674,0.002027946052017301,0.025760241751164238,0.0065869486941198575,"[-0.005529476116428621, 1.281415796368659, -1.1570510453292107, -0.15229776981705462, 1.5795226668944378, 0.9476579007443208, -0.03774779370692541, 1.5154372647191428, 0.9705674185439906]"
prism2,244,/home/humanoid/Programs/hand/results/phase1/run_20260413_pollard_multiscene_500_run3/prism2/generated_mjcf/scene_prism2_tp0d0037p0d0122p0d0000_ip0d0121n0d0147p0d0094_mp0d0112p0d0054p0d0090.xml,prism_y0d0300,False,0.02,4.0,0.45,0.4,0.0,1.0,4.677019319651683,0.05479557940731822,5.0,0.005618582167071504,0.4001002008888657,0.022366770671314564,0.0,1.0,1.0,0.4388888888888889,1.0,0.4388888888888889,0.4388888888888889,0.5611111111111111,0.14726661720570844,0.1362130478067688,0.003670300442267238,0.012153499062564917,0.0,0.012056547044241235,-0.014653213065510083,0.009428885664088973,0.011218889531032318,0.005437278898803643,0.009008074998322603,"[-0.005529476116428621, 1.281415796368659, -1.1570510453292107, -0.15229776981705462, 1.5795226668944378, 0.9476579007443208, -0.03774779370692541, 1.5154372647191428, 0.9705674185439906]"
prism2,245,/home/humanoid/Programs/hand/results/phase1/run_20260413_pollard_multiscene_500_run3/prism2/generated_mjcf/scene_prism2_tn0d0045p0d0121p0d0034_ip0d0174n0d0173p0d0000_mp0d0212p0d0139p0d0000.xml,prism_y0d0300,True,0.02,4.0,0.45,0.4,1.0,1.0,6.924388184200713,0.05133927473629406,5.0,0.007223036745193625,0.06636884496238235,0.0012156104540440294,0.0003355387777722041,1.0,1.0,1.0,1.0,1.0,1.0,0.0,0.01414364105257476,0.045242524449460274,-0.004528621663971532,0.012117700999274032,0.0034291248847927273,0.01739136599231956,-0.017332691788016226,0.0,0.0212315535462329,0.013907077695475889,0.0,"[-0.005529476116428621, 1.281415796368659, -1.1570510453292107, -0.15229776981705462, 1.5795226668944378, 0.9476579007443208, -0.03774779370692541, 1.5154372647191428, 0.9705674185439906]"
prism2,246,/home/humanoid/Programs/hand/results/phase1/run_20260413_pollard_multiscene_500_run3/prism2/generated_mjcf/scene_prism2_tp0d0012p0d0250p0d0034_in0d0012n0d0017p0d0000_mp0d0149p0d0177p0d0000.xml,prism_y0d0300,True,0.02,4.0,0.45,0.4,1.0,1.0,6.405756243953417,0.05031586359718246,6.0,0.007199864590872984,0.6210774353223683,0.005722853030769512,0.0006224510927443777,1.0,1.0,0.7944444444444444,1.0,0.7944444444444444,0.7944444444444444,0.2055555555555556,0.02148501015907202,0.08889219202248977,0.0012101250122180784,0.02496992892325642,0.0034375336049794307,-0.001203292251601781,-0.0017480540872589299,0.0,0.014901303193678607,0.0176678851782694,0.0,"[-0.005529476116428621, 1.281415796368659, -1.1570510453292107, -0.15229776981705462, 1.5795226668944378, 0.9476579007443208, -0.03774779370692541, 1.5154372647191428, 0.9705674185439906]"
prism2,247,/home/humanoid/Programs/hand/results/phase1/run_20260413_pollard_multiscene_500_run3/prism2/generated_mjcf/scene_prism2_tp0d0119p0d0269p0d0041_ip0d0045n0d0197p0d0000_mp0d0114p0d0084p0d0000.xml,prism_y0d0300,False,0.02,4.0,0.45,0.4,0.0,1.0,-0.28352624197787907,0.043666779573606644,4.0,0.011548309157276405,10.329358027826624,0.06631909105186334,0.038342115436648866,0.225,0.225,0.825,0.0,0.0,0.0,0.825,0.13066990545251475,0.08134673512416878,0.011873789448722787,0.02689082524371258,0.004145387045152844,0.0044727054903854375,-0.019704682888720113,0.0,0.011383286691889392,0.008366425886166713,0.0,"[-0.005529476116428621, 1.281415796368659, -1.1570510453292107, -0.15229776981705462, 1.5795226668944378, 0.9476579007443208, -0.03774779370692541, 1.5154372647191428, 0.9705674185439906]"
prism2,248,/home/humanoid/Programs/hand/results/phase1/run_20260413_pollard_multiscene_500_run3/prism2/generated_mjcf/scene_prism2_tp0d0063p0d0226p0d0000_ip0d0002n0d0169p0d0000_mp0d0111p0d0134p0d0000.xml,prism_y0d0300,True,0.02,4.0,0.45,0.4,1.0,1.0,6.8093665114442805,0.04962133783185137,5.0,0.005599012608592551,0.2589638351982686,0.002192785213995128,3.2476238944256774e-05,1.0,1.0,1.0,1.0,1.0,1.0,0.0,0.05855464392636606,0.010473284191846954,0.00626516238663433,0.02255765916802214,0.0,0.0002281577052011246,-0.016903768045336977,0.0,0.011086386382717419,0.013437684407545863,0.0,"[-0.005529476116428621, 1.281415796368659, -1.1570510453292107, -0.15229776981705462, 1.5795226668944378, 0.9476579007443208, -0.03774779370692541, 1.5154372647191428, 0.9705674185439906]"
prism2,249,/home/humanoid/Programs/hand/results/phase1/run_20260413_pollard_multiscene_500_run3/prism2/generated_mjcf/scene_prism2_tn0d0027p0d0178p0d0000_ip0d0059n0d0061p0d0007_mn0d0017p0d0132p0d0000.xml,prism_y0d0300,False,0.02,4.0,0.45,0.4,0.0,1.0,4.1731812755256765,0.05374226931028591,5.0,0.005758510774100453,1.7069190089072113,0.02745843247414772,0.0004719069315599206,1.0,1.0,0.36944444444444446,1.0,0.36944444444444446,0.36944444444444446,0.6305555555555555,0.11889210455591741,0.16187538974104868,-0.0027271212917241126,0.017791811356062115,0.0,0.005851197812612485,-0.006067555870810265,0.0007001297377480752,-0.001728987071853835,0.013155750839536167,0.0,"[-0.005529476116428621, 1.281415796368659, -1.1570510453292107, -0.15229776981705462, 1.5795226668944378, 0.9476579007443208, -0.03774779370692541, 1.5154372647191428, 0.9705674185439906]"
prism2,250,/home/humanoid/Programs/hand/results/phase1/run_20260413_pollard_multiscene_500_run3/prism2/generated_mjcf/scene_prism2_tp0d0023p0d0281p0d0058_ip0d0010n0d0123p0d0000_mp0d0086p0d0122p0d0045.xml,prism_y0d0300,False,0.02,4.0,0.45,0.4,0.0,1.0,3.4135091499900785,0.0513540131466019,5.0,0.006107891414418952,1.6291966863606389,0.020475159396078843,0.0030404777231445995,1.0,1.0,1.0,0.18055555555555555,0.18055555555555555,0.18055555555555555,0.8194444444444444,0.15891625664298029,0.11806615732173315,0.0022906939710439344,0.028145105487248016,0.005840805083924282,0.0009521715037869721,-0.012287952266811692,0.0,0.008550085922758204,0.012157418500970765,0.004480712380297534,"[-0.005529476116428621, 1.281415796368659, -1.1570510453292107, -0.15229776981705462, 1.5795226668944378, 0.9476579007443208, -0.03774779370692541, 1.5154372647191428, 0.9705674185439906]"
prism2,251,/home/humanoid/Programs/hand/results/phase1/run_20260413_pollard_multiscene_500_run3/prism2/generated_mjcf/scene_prism2_tn0d0091p0d0092p0d0034_ip0d0028n0d0157p0d0101_mp0d0014p0d0237p0d0000.xml,prism_y0d0300,False,0.02,4.0,0.45,0.4,0.0,1.0,2.731294680402008,0.04800067440096718,4.0,0.013218334040595194,0.08557599809600948,0.00781448218583679,0.0017007389703683484,1.0,1.0,0.0,1.0,0.0,0.0,1.0,0.01713759852910052,0.050044993095420744,-0.00907948699181936,0.009197356063655219,0.0034433989733793375,0.002812858527800891,-0.01569261011506301,0.01012942948307732,0.0014055497152433722,0.023694967517092685,0.0,"[-0.005529476116428621, 1.281415796368659, -1.1570510453292107, -0.15229776981705462, 1.5795226668944378, 0.9476579007443208, -0.03774779370692541, 1.5154372647191428, 0.9705674185439906]"
prism2,252,/home/humanoid/Programs/hand/results/phase1/run_20260413_pollard_multiscene_500_run3/prism2/generated_mjcf/scene_prism2_tn0d0074p0d0300p0d0026_ip0d0033n0d0060p0d0000_mp0d0108p0d0119p0d0000.xml,prism_y0d0300,True,0.02,4.0,0.45,0.4,1.0,1.0,5.927193084571868,0.05060579951641597,5.0,0.0057386443702875205,1.116511844383783,0.01392350023629599,0.0,1.0,1.0,1.0,0.8416666666666667,0.8416666666666667,0.8416666666666667,0.15833333333333333,0.17400995163382463,0.07500976010589483,-0.007398159794487176,0.03,0.002583933856100673,0.0033336936479035455,-0.005978032145131569,0.0,0.010774200359585784,0.011857555922792454,0.0,"[-0.005529476116428621, 1.281415796368659, -1.1570510453292107, -0.15229776981705462, 1.5795226668944378, 0.9476579007443208, -0.03774779370692541, 1.5154372647191428, 0.9705674185439906]"
prism2,253,/home/humanoid/Programs/hand/results/phase1/run_20260413_pollard_multiscene_500_run3/prism2/generated_mjcf/scene_prism2_tp0d0079p0d0250p0d0000_ip0d0107n0d0240p0d0083_mp0d0033p0d0107p0d0094.xml,prism_y0d0300,False,0.02,4.0,0.45,0.4,0.0,1.0,1.032609228015137,0.04332858410738362,2.0,0.011296639375639286,5.297603813842052e-09,0.04066739612726135,0.04948913550022066,0.18055555555555555,0.3333333333333333,0.28888888888888886,0.0,0.0,0.0,0.3333333333333333,0.11993847975228579,0.0958597962466266,0.007870746006714398,0.024959633130747148,0.0,0.010664501866031857,-0.023994387640275894,0.008275887682406585,0.003335989644740088,0.01068451411033549,0.009375497810093482,"[-0.005529476116428621, 1.281415796368659, -1.1570510453292107, -0.15229776981705462, 1.5795226668944378, 0.9476579007443208, -0.03774779370692541, 1.5154372647191428, 0.9705674185439906]"
prism2,254,/home/humanoid/Programs/hand/results/phase1/run_20260413_pollard_multiscene_500_run3/prism2/generated_mjcf/scene_prism2_tn0d0073p0d0242p0d0000_ip0d0117n0d0058p0d0016_mp0d0219p0d0175p0d0000.xml,prism_y0d0300,True,0.02,4.0,0.45,0.4,1.0,1.0,7.221894561939885,0.055420125035391704,6.0,0.005731565541954729,0.38682111196478686,0.009690805304435076,0.0,1.0,1.0,1.0,1.0,1.0,1.0,0.0,0.1341589551141368,0.11203945895890215,-0.0072830278711218015,0.024233399005324837,0.0,0.01173289864241775,-0.005816682189977438,0.0015985477456331616,0.02187070698869189,0.017479901290416364,0.0,"[-0.005529476116428621, 1.281415796368659, -1.1570510453292107, -0.15229776981705462, 1.5795226668944378, 0.9476579007443208, -0.03774779370692541, 1.5154372647191428, 0.9705674185439906]"
prism2,255,/home/humanoid/Programs/hand/results/phase1/run_20260413_pollard_multiscene_500_run3/prism2/generated_mjcf/scene_prism2_tn0d0049p0d0232p0d0053_ip0d0078n0d0015p0d0045_mp0d0126p0d0103p0d0116.xml,prism_y0d0300,True,0.02,4.0,0.45,0.4,1.0,1.0,7.270489680037538,0.055658287554909605,6.0,0.0058152147723104465,0.12921033407112106,0.009181070101804075,0.0,1.0,1.0,1.0,1.0,1.0,1.0,0.0,0.13925579645362987,0.1043923753291086,-0.0048957756328571024,0.023204282559035286,0.005285964347256648,0.007791052812038457,-0.0014875992639632445,0.004507628719607793,0.01263096632514772,0.010252368200474794,0.011605232571004556,"[-0.005529476116428621, 1.281415796368659, -1.1570510453292107, -0.15229776981705462, 1.5795226668944378, 0.9476579007443208, -0.03774779370692541, 1.5154372647191428, 0.9705674185439906]"
prism2,256,/home/humanoid/Programs/hand/results/phase1/run_20260413_pollard_multiscene_500_run3/prism2/generated_mjcf/scene_prism2_tn0d0062p0d0198p0d0000_ip0d0093n0d0156p0d0051_mp0d0176p0d0066p0d0000.xml,prism_y0d0300,True,0.02,4.0,0.45,0.4,1.0,1.0,6.503251506576771,0.049713369904434965,5.0,0.005634175087201658,0.9349724428982017,0.015989550199513078,0.0,1.0,1.0,1.0,1.0,1.0,1.0,0.0,0.15872127257878055,0.061087299386917704,-0.00617936078977491,0.019845889106613626,0.0,0.009283838582036968,-0.01564231250230316,0.005108479275818825,0.01755878893107922,0.006553664356555156,0.0,"[-0.005529476116428621, 1.281415796368659, -1.1570510453292107, -0.15229776981705462, 1.5795226668944378, 0.9476579007443208, -0.03774779370692541, 1.5154372647191428, 0.9705674185439906]"
prism2,257,/home/humanoid/Programs/hand/results/phase1/run_20260413_pollard_multiscene_500_run3/prism2/generated_mjcf/scene_prism2_tn0d0013p0d0300p0d0040_ip0d0126n0d0136p0d0071_mn0d0004p0d0181p0d0075.xml,prism_y0d0300,True,0.02,4.0,0.45,0.4,1.0,1.0,5.066630057929304,0.05069025568343202,5.0,0.0075922000851468135,1.2883651951172226,0.005014026261139873,0.0006736235862090934,1.0,1.0,1.0,0.5527777777777778,0.5527777777777778,0.5527777777777778,0.4472222222222222,0.011177486505759782,0.07948916889166185,-0.0013310279746045726,0.03,0.004007304669342297,0.01263270996685188,-0.013573404996832647,0.007133344311976011,-0.0004286670847191455,0.018119654315755226,0.007547655475809524,"[-0.005529476116428621, 1.281415796368659, -1.1570510453292107, -0.15229776981705462, 1.5795226668944378, 0.9476579007443208, -0.03774779370692541, 1.5154372647191428, 0.9705674185439906]"
prism2,258,/home/humanoid/Programs/hand/results/phase1/run_20260413_pollard_multiscene_500_run3/prism2/generated_mjcf/scene_prism2_tn0d0033p0d0188p0d0000_ip0d0089n0d0085p0d0000_mn0d0010p0d0158p0d0000.xml,prism_y0d0300,False,0.02,4.0,0.45,0.4,0.0,1.0,4.379407561666005,0.054439854773855115,5.0,0.005731722509862022,1.285611801869975,0.026299171146337418,6.689226372560975e-05,1.0,1.0,0.4027777777777778,1.0,0.4027777777777778,0.4027777777777778,0.5972222222222222,0.13621779540106663,0.15373322134981085,-0.003284192562390034,0.018810799604056093,0.0,0.008948602806368519,-0.008508505563111826,0.0,-0.0009937541860331883,0.015830482276668337,0.0,"[-0.005529476116428621, 1.281415796368659, -1.1570510453292107, -0.15229776981705462, 1.5795226668944378, 0.9476579007443208, -0.03774779370692541, 1.5154372647191428, 0.9705674185439906]"
prism2,259,/home/humanoid/Programs/hand/results/phase1/run_20260413_pollard_multiscene_500_run3/prism2/generated_mjcf/scene_prism2_tn0d0066p0d0185p0d0013_ip0d0158n0d0195p0d0088_mp0d0183p0d0172p0d0000.xml,prism_y0d0300,True,0.02,4.0,0.45,0.4,1.0,1.0,6.828226708629986,0.04834972727216153,5.0,0.00568601953445834,0.11205016296492727,0.0025072843897062606,0.00012946250204838583,1.0,1.0,1.0,1.0,1.0,1.0,0.0,0.016526960930816386,0.005419930176752778,-0.0066485374175960146,0.018518010205694397,0.0012982978667973911,0.015818160059360285,-0.019498654578332945,0.008823394787387792,0.01834265960575579,0.01719139738609474,0.0,"[-0.005529476116428621, 1.281415796368659, -1.1570510453292107, -0.15229776981705462, 1.5795226668944378, 0.9476579007443208, -0.03774779370692541, 1.5154372647191428, 0.9705674185439906]"
prism2,260,/home/humanoid/Programs/hand/results/phase1/run_20260413_pollard_multiscene_500_run3/prism2/generated_mjcf/scene_prism2_tn0d0016p0d0096p0d0112_ip0d0017n0d0032p0d0006_mp0d0056p0d0052p0d0016.xml,prism_y0d0300,False,0.02,4.0,0.45,0.4,0.0,1.0,4.455033886987881,0.053061340957498634,5.0,0.007674799696206345,0.6503906747947069,0.01965810961559284,0.0,1.0,0.36944444444444446,1.0,1.0,0.36944444444444446,0.36944444444444446,0.6305555555555555,0.0766641017911707,0.04918417285645036,-0.0015968470266755248,0.00957306995643702,0.011202290221894236,0.001675734744234568,-0.0032206306161261574,0.0006071599036956091,0.00558793585213605,0.005223797450431731,0.0015580406341598792,"[-0.005529476116428621, 1.281415796368659, -1.1570510453292107, -0.15229776981705462, 1.5795226668944378, 0.9476579007443208, -0.03774779370692541, 1.5154372647191428, 0.9705674185439906]"
prism2,261,/home/humanoid/Programs/hand/results/phase1/run_20260413_pollard_multiscene_500_run3/prism2/generated_mjcf/scene_prism2_tn0d0026p0d0108p0d0000_ip0d0093n0d0210p0d0000_mp0d0215p0d0203p0d0054.xml,prism_y0d0300,True,0.02,4.0,0.45,0.4,1.0,1.0,6.795666746128678,0.04898449621842569,5.0,0.008138196343460746,0.2433481290084967,0.0032842664826173,0.0015302240120840943,1.0,1.0,1.0,1.0,1.0,1.0,0.0,0.01134061147140735,0.033206221931809644,-0.002559148442306267,0.010844582132139265,0.0,0.009274960074603024,-0.02103734073064305,0.0,0.021537173868519506,0.02026458374004725,0.005359570246667743,"[-0.005529476116428621, 1.281415796368659, -1.1570510453292107, -0.15229776981705462, 1.5795226668944378, 0.9476579007443208, -0.03774779370692541, 1.5154372647191428, 0.9705674185439906]"
prism2,262,/home/humanoid/Programs/hand/results/phase1/run_20260413_pollard_multiscene_500_run3/prism2/generated_mjcf/scene_prism2_tp0d0114p0d0124p0d0096_in0d0000n0d0080p0d0000_mp0d0182p0d0250p0d0006.xml,prism_y0d0300,False,0.02,4.0,0.45,0.4,0.0,1.0,-5.335672977572966,0.048863237636874196,4.0,0.009216205399728306,50.78655846990676,0.02996993313048346,0.017776445484769608,0.17222222222222222,0.15,0.17222222222222222,0.95,0.15,0.15,0.7999999999999999,0.13418350587437147,0.03985488176272689,0.011434726863572546,0.012431631671534318,0.009574165085641077,-3.2197229452727086e-05,-0.008030768084860739,0.0,0.01818011496386108,0.025010610894033593,0.0006060223705221992,"[-0.005529476116428621, 1.281415796368659, -1.1570510453292107, -0.15229776981705462, 1.5795226668944378, 0.9476579007443208, -0.03774779370692541, 1.5154372647191428, 0.9705674185439906]"
prism2,263,/home/humanoid/Programs/hand/results/phase1/run_20260413_pollard_multiscene_500_run3/prism2/generated_mjcf/scene_prism2_tn0d0026p0d0166p0d0106_ip0d0186n0d0034p0d0042_mn0d0016p0d0137p0d0101.xml,prism_y0d0300,True,0.02,4.0,0.45,0.4,1.0,1.0,6.130731487691914,0.05371566976876963,5.0,0.005973202429469557,0.18996621434173336,0.012779089842749433,0.00019936312977056336,1.0,1.0,0.8222222222222222,1.0,0.8222222222222222,0.8222222222222222,0.1777777777777778,0.14078183856713336,0.09805376404789613,-0.002617680223593528,0.01656557626298818,0.010573775539080708,0.018619421669964137,-0.0033545673340663,0.004216081429168201,-0.0015522505578777837,0.01372870559258928,0.010117600342834106,"[-0.005529476116428621, 1.281415796368659, -1.1570510453292107, -0.15229776981705462, 1.5795226668944378, 0.9476579007443208, -0.03774779370692541, 1.5154372647191428, 0.9705674185439906]"
prism2,264,/home/humanoid/Programs/hand/results/phase1/run_20260413_pollard_multiscene_500_run3/prism2/generated_mjcf/scene_prism2_tn0d0098p0d0167p0d0098_ip0d0048n0d0056p0d0000_mp0d0081p0d0076p0d0092.xml,prism_y0d0300,True,0.02,4.0,0.45,0.4,1.0,1.0,7.328647315880824,0.054692528994459866,6.0,0.00623117960373393,0.11911233973856611,0.005080996032846441,0.0,1.0,1.0,1.0,1.0,1.0,1.0,0.0,0.07780628996642015,0.0939394451870381,-0.0098174312859883,0.016710597855835244,0.009785136624631905,0.0047505379522936875,-0.00558731996764574,0.0,0.008118077130715488,0.007604253555346375,0.009153488997293208,"[-0.005529476116428621, 1.281415796368659, -1.1570510453292107, -0.15229776981705462, 1.5795226668944378, 0.9476579007443208, -0.03774779370692541, 1.5154372647191428, 0.9705674185439906]"
prism2,265,/home/humanoid/Programs/hand/results/phase1/run_20260413_pollard_multiscene_500_run3/prism2/generated_mjcf/scene_prism2_tp0d0104p0d0234p0d0093_ip0d0069n0d0004p0d0081_mp0d0154p0d0049p0d0096.xml,prism_y0d0300,True,0.02,4.0,0.45,0.4,1.0,1.0,6.909627786087027,0.049777809543724655,5.0,0.005782275340661967,0.04138124028465389,0.00046195634544068075,5.671390755453143e-05,1.0,1.0,1.0,1.0,1.0,1.0,0.0,0.010183750892055638,0.0023755107279199348,0.010405971119882437,0.023402318434891774,0.009318597065959895,0.006870174315362881,-0.0003758602573515988,0.008054351980537874,0.01539809898290241,0.004941483542359303,0.009625898391971525,"[-0.005529476116428621, 1.281415796368659, -1.1570510453292107, -0.15229776981705462, 1.5795226668944378, 0.9476579007443208, -0.03774779370692541, 1.5154372647191428, 0.9705674185439906]"
prism2,266,/home/humanoid/Programs/hand/results/phase1/run_20260413_pollard_multiscene_500_run3/prism2/generated_mjcf/scene_prism2_tp0d0080p0d0162p0d0000_in0d0002n0d0171p0d0000_mp0d0071p0d0218p0d0095.xml,prism_y0d0300,False,0.02,4.0,0.45,0.4,0.0,1.0,3.7638957991982385,0.04755149964333723,3.0,0.009599278440742575,1.5201345803667485,0.009107545320792469,0.0025047486044178224,0.6555555555555556,0.43333333333333335,0.6277777777777778,0.5944444444444444,0.0,0.43333333333333335,0.19444444444444442,0.06427028264520945,0.07065303534040061,0.008007112781741085,0.016238264649913087,0.0,-0.00016892381827874302,-0.01712363596371593,0.0,0.0070856367373131526,0.021809635629245268,0.009472099338838351,"[-0.005529476116428621, 1.281415796368659, -1.1570510453292107, -0.15229776981705462, 1.5795226668944378, 0.9476579007443208, -0.03774779370692541, 1.5154372647191428, 0.9705674185439906]"
prism2,267,/home/humanoid/Programs/hand/results/phase1/run_20260413_pollard_multiscene_500_run3/prism2/generated_mjcf/scene_prism2_tn0d0019p0d0119p0d0097_ip0d0014n0d0097p0d0004_mp0d0076p0d0068p0d0027.xml,prism_y0d0300,True,0.02,4.0,0.45,0.4,1.0,1.0,4.8932667659627755,0.05170448217973834,5.0,0.007396961999492118,0.8426323383734464,0.02004539212808625,0.0,1.0,0.5305555555555556,0.9222222222222223,1.0,0.4527777777777778,0.5305555555555556,0.46944444444444444,0.13163194117658297,0.06659408325592825,-0.0019033786639038597,0.011918802303719365,0.009742141364256777,0.001446421396381646,-0.009701845637100453,0.0004247947514453253,0.007597777885475282,0.006785559441029652,0.0026801896733662112,"[-0.005529476116428621, 1.281415796368659, -1.1570510453292107, -0.15229776981705462, 1.5795226668944378, 0.9476579007443208, -0.03774779370692541, 1.5154372647191428, 0.9705674185439906]"
prism2,268,/home/humanoid/Programs/hand/results/phase1/run_20260413_pollard_multiscene_500_run3/prism2/generated_mjcf/scene_prism2_tp0d0102p0d0138p0d0107_ip0d0106n0d0072p0d0004_mp0d0019p0d0053p0d0000.xml,prism_y0d0300,True,0.02,4.0,0.45,0.4,1.0,1.0,6.890012785757085,0.049698606342836384,5.0,0.005736226609676637,0.09204614339946932,0.0006866135063315178,8.678441824910843e-05,1.0,1.0,1.0,1.0,1.0,1.0,0.0,0.01642154853229157,0.005152837847289686,0.010192050973665118,0.013796870560345172,0.01073217435091527,0.010556599209052135,-0.0072346864002176565,0.00041095213145756447,0.001934188977885925,0.0052613143908337,0.0,"[-0.005529476116428621, 1.281415796368659, -1.1570510453292107, -0.15229776981705462, 1.5795226668944378, 0.9476579007443208, -0.03774779370692541, 1.5154372647191428, 0.9705674185439906]"
prism2,269,/home/humanoid/Programs/hand/results/phase1/run_20260413_pollard_multiscene_500_run3/prism2/generated_mjcf/scene_prism2_tn0d0109p0d0188p0d0000_ip0d0152n0d0147p0d0000_mp0d0012p0d0206p0d0000.xml,prism_y0d0300,True,0.02,4.0,0.45,0.4,1.0,1.0,6.8413618802241425,0.049595025169636806,5.0,0.0056351137445709324,0.2795044031024032,0.0011506116447149081,0.0,1.0,1.0,1.0,1.0,1.0,1.0,0.0,0.030008799916461788,0.00871128594778329,-0.010892479043909305,0.018761057623916402,0.0,0.015191856500809777,-0.0146572238066505,0.0,0.0012429278075790622,0.02056014077460063,0.0,"[-0.005529476116428621, 1.281415796368659, -1.1570510453292107, -0.15229776981705462, 1.5795226668944378, 0.9476579007443208, -0.03774779370692541, 1.5154372647191428, 0.9705674185439906]"
prism2,270,/home/humanoid/Programs/hand/results/phase1/run_20260413_pollard_multiscene_500_run3/prism2/generated_mjcf/scene_prism2_tp0d0063p0d0244p0d0034_in0d0017n0d0047p0d0028_mp0d0126p0d0234p0d0000.xml,prism_y0d0300,False,0.02,4.0,0.45,0.4,0.0,1.0,1.3006961534635582,0.04794530691502864,5.0,0.008173375854857086,7.5422190806872775,0.05439145009519041,0.05000082629337989,0.8166666666666667,0.8194444444444444,0.06388888888888888,0.8361111111111111,0.06388888888888888,0.06388888888888888,0.7722222222222223,0.14064154075991198,0.08541963579605115,0.006326404225126845,0.024413539928309608,0.0034358131538734186,-0.0016652041607701385,-0.004704614173634861,0.002849669393877664,0.012557523978918841,0.023357815300913888,0.0,"[-0.005529476116428621, 1.281415796368659, -1.1570510453292107, -0.15229776981705462, 1.5795226668944378, 0.9476579007443208, -0.03774779370692541, 1.5154372647191428, 0.9705674185439906]"
prism2,271,/home/humanoid/Programs/hand/results/phase1/run_20260413_pollard_multiscene_500_run3/prism2/generated_mjcf/scene_prism2_tp0d0022p0d0300p0d0079_ip0d0201n0d0117p0d0000_mp0d0139p0d0232p0d0000.xml,prism_y0d0300,False,0.02,4.0,0.45,0.4,0.0,1.0,3.941392904011603,0.05285128820678191,5.0,0.006056836264445322,0.5399561186625325,0.0140681856141744,0.0014676682422206794,1.0,1.0,1.0,0.2361111111111111,0.2361111111111111,0.2361111111111111,0.7638888888888888,0.11671539515212787,0.09311713030734138,0.002245291327922347,0.03,0.007914847084908486,0.020077243035357552,-0.01173371425264643,0.0,0.013901697245508137,0.023176085596049063,0.0,"[-0.005529476116428621, 1.281415796368659, -1.1570510453292107, -0.15229776981705462, 1.5795226668944378, 0.9476579007443208, -0.03774779370692541, 1.5154372647191428, 0.9705674185439906]"
prism2,272,/home/humanoid/Programs/hand/results/phase1/run_20260413_pollard_multiscene_500_run3/prism2/generated_mjcf/scene_prism2_tn0d0009p0d0148p0d0000_ip0d0185n0d0080p0d0009_mp0d0179p0d0092p0d0042.xml,prism_y0d0300,True,0.02,4.0,0.45,0.4,1.0,1.0,7.267614666432597,0.05613375383021564,6.0,0.005792910433582912,0.10706379048552228,0.013477331115519405,0.0,1.0,1.0,1.0,1.0,1.0,1.0,0.0,0.1312665265305681,0.11458162992254288,-0.0009488846215536303,0.014802931966176474,0.0,0.01846619001000817,-0.008015341938986174,0.0008936013470664285,0.01788502974286396,0.009203218882619397,0.0041798237366650025,"[-0.005529476116428621, 1.281415796368659, -1.1570510453292107, -0.15229776981705462, 1.5795226668944378, 0.9476579007443208, -0.03774779370692541, 1.5154372647191428, 0.9705674185439906]"
prism2,273,/home/humanoid/Programs/hand/results/phase1/run_20260413_pollard_multiscene_500_run3/prism2/generated_mjcf/scene_prism2_tp0d0108p0d0274p0d0048_ip0d0186n0d0162p0d0000_mn0d0018p0d0200p0d0087.xml,prism_y0d0300,False,0.02,4.0,0.45,0.4,0.0,1.0,2.50870432690277,0.050926252526912824,4.0,0.007201455262669319,1.1731993043814148,0.025111863060295437,0.0016968147467490702,1.0,1.0,1.0,0.0,0.0,0.0,1.0,0.040828640196219505,0.1429402196752946,0.010793172744159973,0.027385637090943743,0.004834036143599344,0.01858721372341072,-0.016209668619703015,0.0,-0.001767901577034518,0.0199563224460901,0.00869297932588134,"[-0.005529476116428621, 1.281415796368659, -1.1570510453292107, -0.15229776981705462, 1.5795226668944378, 0.9476579007443208, -0.03774779370692541, 1.5154372647191428, 0.9705674185439906]"
prism2,274,/home/humanoid/Programs/hand/results/phase1/run_20260413_pollard_multiscene_500_run3/prism2/generated_mjcf/scene_prism2_tn0d0019p0d0292p0d0078_ip0d0164n0d0156p0d0069_mp0d0127p0d0262p0d0000.xml,prism_y0d0300,True,0.02,4.0,0.45,0.4,1.0,1.0,6.833284704993477,0.051172438938283715,5.0,0.006692245343417658,0.18698933376358648,0.002361160718772227,0.0013846619436298224,1.0,1.0,1.0,1.0,1.0,1.0,0.0,0.04664019111784714,0.07778933668208571,-0.001916376052160879,0.029220051372745175,0.007795485310387259,0.016412015641354603,-0.015575520612575037,0.006911623253098489,0.012731054858623922,0.026173867771679467,0.0,"[-0.005529476116428621, 1.281415796368659, -1.1570510453292107, -0.15229776981705462, 1.5795226668944378, 0.9476579007443208, -0.03774779370692541, 1.5154372647191428, 0.9705674185439906]"
prism2,275,/home/humanoid/Programs/hand/results/phase1/run_20260413_pollard_multiscene_500_run3/prism2/generated_mjcf/scene_prism2_tp0d0071p0d0185p0d0000_in0d0012n0d0020p0d0000_mp0d0187p0d0125p0d0095.xml,prism_y0d0300,False,0.02,4.0,0.45,0.4,0.0,1.0,4.076482697725994,0.05018220037872333,4.0,0.008179624005534632,0.3212324504728954,0.010572867501984374,0.0028003788586351552,1.0,1.0,0.36944444444444446,1.0,0.36944444444444446,0.36944444444444446,0.6305555555555555,0.025406196923828367,0.045804503415923604,0.007096762773567841,0.018535196712838996,0.0,-0.0012487005109433433,-0.0020060342785642327,0.0,0.018711648686793855,0.012456268016773565,0.009485944431065776,"[-0.005529476116428621, 1.281415796368659, -1.1570510453292107, -0.15229776981705462, 1.5795226668944378, 0.9476579007443208, -0.03774779370692541, 1.5154372647191428, 0.9705674185439906]"
prism2,276,/home/humanoid/Programs/hand/results/phase1/run_20260413_pollard_multiscene_500_run3/prism2/generated_mjcf/scene_prism2_tn0d0045p0d0240p0d0000_ip0d0060n0d0088p0d0066_mp0d0014p0d0053p0d0000.xml,prism_y0d0300,True,0.02,4.0,0.45,0.4,1.0,1.0,5.639289465473159,0.053679343779460625,5.0,0.005849032387796865,0.39078449567214,0.016624642048744986,0.000421242409067879,1.0,1.0,1.0,0.7055555555555556,0.7055555555555556,0.7055555555555556,0.2944444444444444,0.1345223899782974,0.13969335300393362,-0.004471530539230569,0.02395252102903216,0.0,0.006041774072952371,-0.008778636947116529,0.006612827788071422,0.0013904042544706126,0.005326566761932524,0.0,"[-0.005529476116428621, 1.281415796368659, -1.1570510453292107, -0.15229776981705462, 1.5795226668944378, 0.9476579007443208, -0.03774779370692541, 1.5154372647191428, 0.9705674185439906]"
prism2,277,/home/humanoid/Programs/hand/results/phase1/run_20260413_pollard_multiscene_500_run3/prism2/generated_mjcf/scene_prism2_tn0d0085p0d0138p0d0102_ip0d0198n0d0095p0d0098_mp0d0050p0d0056p0d0000.xml,prism_y0d0300,True,0.02,4.0,0.45,0.4,1.0,1.0,6.850131506961365,0.049497616144963674,5.0,0.00584955861685164,0.13429692103001625,0.0024911805214256925,3.884208672179368e-05,1.0,1.0,1.0,1.0,1.0,1.0,0.0,0.031017063066367173,0.008022302977151155,-0.00849020040187634,0.013832043402543716,0.010161341910743568,0.019754372950554135,-0.009469899963966253,0.009754122039431785,0.005023702370497475,0.005560181100361002,0.0,"[-0.005529476116428621, 1.281415796368659, -1.1570510453292107, -0.15229776981705462, 1.5795226668944378, 0.9476579007443208, -0.03774779370692541, 1.5154372647191428, 0.9705674185439906]"
prism2,278,/home/humanoid/Programs/hand/results/phase1/run_20260413_pollard_multiscene_500_run3/prism2/generated_mjcf/scene_prism2_tp0d0091p0d0087p0d0090_ip0d0090n0d0064p0d0007_mp0d0002p0d0209p0d0000.xml,prism_y0d0300,False,0.02,4.0,0.45,0.4,0.0,1.0,0.7549470534919073,0.04949766046133301,2.0,0.012324004748744672,2.663832169087427e-07,0.050536533082717834,0.05555764871086515,0.0,0.0,0.0,0.5305555555555556,0.0,0.0,0.5305555555555556,0.13093138967836496,0.03062794765611247,0.009110489609144803,0.008677276423585517,0.008999429842825458,0.008984969193119195,-0.006433298849497485,0.0006513275308667656,0.00016650763492232802,0.02091045788924164,0.0,"[-0.005529476116428621, 1.281415796368659, -1.1570510453292107, -0.15229776981705462, 1.5795226668944378, 0.9476579007443208, -0.03774779370692541, 1.5154372647191428, 0.9705674185439906]"
prism2,279,/home/humanoid/Programs/hand/results/phase1/run_20260413_pollard_multiscene_500_run3/prism2/generated_mjcf/scene_prism2_tp0d0107p0d0203p0d0035_in0d0017n0d0210p0d0076_mn0d0006p0d0043p0d0000.xml,prism_y0d0300,False,0.02,4.0,0.45,0.4,0.0,1.0,2.696620124683597,0.048222719533811985,5.0,0.00754923806490924,4.784247434170478,0.007053233714611716,0.04345920566088865,0.7,0.7777777777777778,0.7,0.23333333333333334,0.23333333333333334,0.23333333333333334,0.5444444444444445,0.1083353010394192,0.1058819263066915,0.010680652573989403,0.02028025196755389,0.0034878590242971314,-0.001651941370340004,-0.021006328028755378,0.007617746444018626,-0.0006043381044495855,0.004307480844639333,0.0,"[-0.005529476116428621, 1.281415796368659, -1.1570510453292107, -0.15229776981705462, 1.5795226668944378, 0.9476579007443208, -0.03774779370692541, 1.5154372647191428, 0.9705674185439906]"
prism2,280,/home/humanoid/Programs/hand/results/phase1/run_20260413_pollard_multiscene_500_run3/prism2/generated_mjcf/scene_prism2_tn0d0078p0d0260p0d0040_ip0d0170n0d0060p0d0000_mp0d0039p0d0256p0d0009.xml,prism_y0d0300,True,0.02,4.0,0.45,0.4,1.0,1.0,6.49728794219099,0.04990367941594943,4.0,0.005723598422571779,0.11287098714128181,0.0007864493568633422,5.712933848794899e-05,1.0,1.0,1.0,1.0,1.0,1.0,0.0,0.01364380814938502,0.0038298721969688234,-0.007815997886244007,0.026014632824952713,0.003963593641860802,0.01697867174625963,-0.006016436256747587,0.0,0.0039335958645995905,0.025588962022507003,0.0008507281091946969,"[-0.005529476116428621, 1.281415796368659, -1.1570510453292107, -0.15229776981705462, 1.5795226668944378, 0.9476579007443208, -0.03774779370692541, 1.5154372647191428, 0.9705674185439906]"
prism2,281,/home/humanoid/Programs/hand/results/phase1/run_20260413_pollard_multiscene_500_run3/prism2/generated_mjcf/scene_prism2_tp0d0049p0d0300p0d0102_ip0d0202n0d0145p0d0009_mn0d0004p0d0044p0d0008.xml,prism_y0d0300,True,0.02,4.0,0.45,0.4,1.0,1.0,5.272003229803892,0.0473048760350653,5.0,0.008197953027569033,0.207378972344253,0.0009113912143389292,0.0020905221018432674,1.0,1.0,1.0,0.5888888888888889,0.5888888888888889,0.5888888888888889,0.4111111111111111,0.008738490979023057,0.03374315205888292,0.0048956966144989775,0.03,0.01024569696703537,0.02024412345182712,-0.01445113637154469,0.0008572589896428326,-0.00038753717582618377,0.004445373004833839,0.0008281454690186804,"[-0.005529476116428621, 1.281415796368659, -1.1570510453292107, -0.15229776981705462, 1.5795226668944378, 0.9476579007443208, -0.03774779370692541, 1.5154372647191428, 0.9705674185439906]"
prism2,282,/home/humanoid/Programs/hand/results/phase1/run_20260413_pollard_multiscene_500_run3/prism2/generated_mjcf/scene_prism2_tn0d0065p0d0165p0d0000_ip0d0092n0d0020p0d0000_mn0d0000p0d0262p0d0033.xml,prism_y0d0300,False,0.02,4.0,0.45,0.4,0.0,1.0,0.5748305152153502,0.043196066943083894,4.0,0.008826954904088174,7.562099563470926,0.08225717743622638,0.04959493884413996,0.6333333333333333,0.6361111111111111,0.03611111111111111,0.6555555555555556,0.03611111111111111,0.03611111111111111,0.6194444444444445,0.12730675284826184,0.038147799736943246,-0.0064790503642382325,0.016456295363345405,0.0,0.009204583455362582,-0.0020444669577706093,0.0,-4.283315304138592e-05,0.02617827396598007,0.003291006560961051,"[-0.005529476116428621, 1.281415796368659, -1.1570510453292107, -0.15229776981705462, 1.5795226668944378, 0.9476579007443208, -0.03774779370692541, 1.5154372647191428, 0.9705674185439906]"
prism2,283,/home/humanoid/Programs/hand/results/phase1/run_20260413_pollard_multiscene_500_run3/prism2/generated_mjcf/scene_prism2_tn0d0031p0d0201p0d0000_ip0d0055n0d0234p0d0000_mp0d0094p0d0053p0d0000.xml,prism_y0d0300,False,0.02,4.0,0.45,0.4,0.0,1.0,2.5141374845012154,0.0482035217764383,4.0,0.010608869152803185,1.338607836916401,0.011651197463146919,0.0022763961516096276,1.0,1.0,1.0,0.0,0.0,0.0,1.0,0.007435142830673101,0.09263556480437542,-0.0031127119824599214,0.02006981702162479,0.0,0.005466174877173833,-0.02337288165376357,0.0,0.009384004791361464,0.005280066378183639,0.0,"[-0.005529476116428621, 1.281415796368659, -1.1570510453292107, -0.15229776981705462, 1.5795226668944378, 0.9476579007443208, -0.03774779370692541, 1.5154372647191428, 0.9705674185439906]"
prism2,284,/home/humanoid/Programs/hand/results/phase1/run_20260413_pollard_multiscene_500_run3/prism2/generated_mjcf/scene_prism2_tp0d0022p0d0287p0d0000_ip0d0067n0d0176p0d0000_mp0d0210p0d0137p0d0074.xml,prism_y0d0300,False,0.02,4.0,0.45,0.4,0.0,1.0,-0.9772522311547036,0.05073297320345223,4.0,0.010225040086001511,18.89266021126792,0.05820713319855111,0.05043450423270424,0.8333333333333334,0.8333333333333334,0.8638888888888889,0.0,0.0,0.0,0.8638888888888889,0.11077089914963274,0.12665886455990052,0.002212310947044818,0.02869211517064582,0.0,0.006708244949966628,-0.01764560311344707,0.0,0.021043563899319072,0.01369403107788724,0.007426207120405568,"[-0.005529476116428621, 1.281415796368659, -1.1570510453292107, -0.15229776981705462, 1.5795226668944378, 0.9476579007443208, -0.03774779370692541, 1.5154372647191428, 0.9705674185439906]"
prism2,285,/home/humanoid/Programs/hand/results/phase1/run_20260413_pollard_multiscene_500_run3/prism2/generated_mjcf/scene_prism2_tn0d0084p0d0191p0d0000_ip0d0129n0d0082p0d0000_mp0d0028p0d0260p0d0000.xml,prism_y0d0300,False,0.02,4.0,0.45,0.4,0.0,1.0,2.7644779277670475,0.049701636596406314,4.0,0.009746405983613544,0.37182667468073416,0.0069768469962267435,0.001156508531188316,1.0,1.0,0.0,1.0,0.0,0.0,1.0,0.006971643020962893,0.07420342513050752,-0.008405726046085821,0.019073435037175346,0.0,0.012935896814125858,-0.00815431003527776,0.0,0.0027588733677943976,0.025973744589380045,0.0,"[-0.005529476116428621, 1.281415796368659, -1.1570510453292107, -0.15229776981705462, 1.5795226668944378, 0.9476579007443208, -0.03774779370692541, 1.5154372647191428, 0.9705674185439906]"
prism2,286,/home/humanoid/Programs/hand/results/phase1/run_20260413_pollard_multiscene_500_run3/prism2/generated_mjcf/scene_prism2_tn0d0090p0d0210p0d0000_ip0d0172n0d0077p0d0024_mn0d0016p0d0134p0d0013.xml,prism_y0d0300,True,0.02,4.0,0.45,0.4,1.0,1.0,6.090090528400838,0.05009649470023888,4.0,0.005655610313389076,1.882270896785219,0.006896062229459476,0.0,1.0,1.0,1.0,1.0,1.0,1.0,0.0,0.10772305682983056,0.04107100151274984,-0.009001236509937414,0.02100112448579263,0.0,0.01721810354913557,-0.0077228019599049815,0.0023983580415141703,-0.0016289059240286,0.013441268146257172,0.0012518988941378137,"[-0.005529476116428621, 1.281415796368659, -1.1570510453292107, -0.15229776981705462, 1.5795226668944378, 0.9476579007443208, -0.03774779370692541, 1.5154372647191428, 0.9705674185439906]"
prism2,287,/home/humanoid/Programs/hand/results/phase1/run_20260413_pollard_multiscene_500_run3/prism2/generated_mjcf/scene_prism2_tp0d0063p0d0162p0d0105_ip0d0087n0d0222p0d0000_mp0d0182p0d0078p0d0000.xml,prism_y0d0300,True,0.02,4.0,0.45,0.4,1.0,1.0,6.809599324950575,0.04957274961697351,5.0,0.005744371702701413,0.2660345207833126,0.0038504295560455237,0.00018892921455043732,1.0,1.0,1.0,1.0,1.0,1.0,0.0,0.04476566686373514,0.007835190691969677,0.00633181775487205,0.016181871156262087,0.010455111243500573,0.008714684321061249,-0.022231677971918745,0.0,0.018187127618197026,0.007814269022686898,0.0,"[-0.005529476116428621, 1.281415796368659, -1.1570510453292107, -0.15229776981705462, 1.5795226668944378, 0.9476579007443208, -0.03774779370692541, 1.5154372647191428, 0.9705674185439906]"
prism2,288,/home/humanoid/Programs/hand/results/phase1/run_20260413_pollard_multiscene_500_run3/prism2/generated_mjcf/scene_prism2_tp0d0115p0d0098p0d0000_ip0d0085n0d0127p0d0012_mp0d0144p0d0127p0d0000.xml,prism_y0d0300,True,0.02,4.0,0.45,0.4,1.0,1.0,4.453659013675332,0.04683460705160444,4.0,0.00895554829340598,0.7518292954492816,0.006432202509288178,0.0027845862075430022,0.9194444444444444,0.5805555555555556,0.5361111111111111,1.0,0.19722222222222222,0.5361111111111111,0.4638888888888889,0.02665880371958527,0.0435104890326915,0.011460868883163687,0.009762413078867424,0.0,0.008545145846799607,-0.012748572233989645,0.0011622812345442306,0.01444109386570142,0.01268352312304752,0.0,"[-0.005529476116428621, 1.281415796368659, -1.1570510453292107, -0.15229776981705462, 1.5795226668944378, 0.9476579007443208, -0.03774779370692541, 1.5154372647191428, 0.9705674185439906]"
prism2,289,/home/humanoid/Programs/hand/results/phase1/run_20260413_pollard_multiscene_500_run3/prism2/generated_mjcf/scene_prism2_tn0d0039p0d0085p0d0000_ip0d0189n0d0223p0d0000_mp0d0199p0d0232p0d0057.xml,prism_y0d0300,True,0.02,4.0,0.45,0.4,1.0,1.0,5.027344850902886,0.048418899884321145,4.0,0.008076085177942874,0.16630693559034376,0.0017847618781304368,0.001389516415340436,1.0,1.0,0.6166666666666667,1.0,0.6166666666666667,0.6166666666666667,0.3833333333333333,0.006730089404645542,0.024211153392807272,-0.003870887941646299,0.008510068425696645,2.147707110125921e-05,0.01885922406736481,-0.022279129763833748,0.0,0.01991354447765125,0.02322728882972728,0.005719401483067134,"[-0.005529476116428621, 1.281415796368659, -1.1570510453292107, -0.15229776981705462, 1.5795226668944378, 0.9476579007443208, -0.03774779370692541, 1.5154372647191428, 0.9705674185439906]"
prism2,290,/home/humanoid/Programs/hand/results/phase1/run_20260413_pollard_multiscene_500_run3/prism2/generated_mjcf/scene_prism2_tp0d0051p0d0082p0d0000_ip0d0193n0d0070p0d0000_mp0d0115p0d0182p0d0087.xml,prism_y0d0300,True,0.02,4.0,0.45,0.4,1.0,1.0,1.7734275116156695,0.04219734872056014,4.0,0.008888716999161569,15.056297601514071,0.037630486360863066,0.023026646226776235,0.8666666666666667,0.8666666666666667,0.5611111111111111,0.9138888888888889,0.5611111111111111,0.5611111111111111,0.35277777777777775,0.12290678826567482,0.03782964978599999,0.005055008645931079,0.008185205435119115,0.0,0.01934739605709703,-0.006966878221227218,0.0,0.011454308082746533,0.01816028704682608,0.00872756449685435,"[-0.005529476116428621, 1.281415796368659, -1.1570510453292107, -0.15229776981705462, 1.5795226668944378, 0.9476579007443208, -0.03774779370692541, 1.5154372647191428, 0.9705674185439906]"
prism2,291,/home/humanoid/Programs/hand/results/phase1/run_20260413_pollard_multiscene_500_run3/prism2/generated_mjcf/scene_prism2_tp0d0012p0d0285p0d0057_ip0d0219n0d0161p0d0004_mp0d0131p0d0037p0d0009.xml,prism_y0d0300,False,0.02,4.0,0.45,0.4,0.0,1.0,2.7814278844331985,0.05019909935010308,4.0,0.007970111879672347,0.5176862538161512,0.004082851440294879,0.00105783516600505,1.0,1.0,1.0,0.0,0.0,0.0,1.0,0.020503741249786905,0.048505118210050734,0.0011675607980005179,0.028504627364427576,0.005683773219259367,0.021921120502234,-0.0161110624862868,0.0003764815038989691,0.013144409882243904,0.003657131779178981,0.0009398724230132525,"[-0.005529476116428621, 1.281415796368659, -1.1570510453292107, -0.15229776981705462, 1.5795226668944378, 0.9476579007443208, -0.03774779370692541, 1.5154372647191428, 0.9705674185439906]"
prism2,292,/home/humanoid/Programs/hand/results/phase1/run_20260413_pollard_multiscene_500_run3/prism2/generated_mjcf/scene_prism2_tn0d0007p0d0147p0d0028_ip0d0153n0d0082p0d0098_mp0d0092p0d0204p0d0000.xml,prism_y0d0300,False,0.02,4.0,0.45,0.4,0.0,1.0,2.762770120421245,0.049809391393294974,4.0,0.0115688516323769,0.38886889702799116,0.007418408531419945,0.0012397919538486984,1.0,1.0,0.0,1.0,0.0,0.0,1.0,0.006789935778379885,0.0658253002240834,-0.0007184741400830547,0.01468910288390311,0.002774784877777955,0.015310920802742338,-0.008214660937163899,0.009752546374078058,0.009160696680455747,0.02038979583550536,0.0,"[-0.005529476116428621, 1.281415796368659, -1.1570510453292107, -0.15229776981705462, 1.5795226668944378, 0.9476579007443208, -0.03774779370692541, 1.5154372647191428, 0.9705674185439906]"
prism2,293,/home/humanoid/Programs/hand/results/phase1/run_20260413_pollard_multiscene_500_run3/prism2/generated_mjcf/scene_prism2_tp0d0037p0d0112p0d0071_ip0d0175n0d0210p0d0102_mp0d0097p0d0252p0d0088.xml,prism_y0d0300,False,0.02,4.0,0.45,0.4,0.0,1.0,1.8689504469086708,0.04776380940145532,4.0,0.013511772178758534,3.138757778259929,0.009499150320834643,0.0,0.5444444444444444,0.5444444444444444,0.0,1.0,0.0,0.0,1.0,0.027942976776541284,0.11112669579953012,0.0036691643059410285,0.011168031677914055,0.0071035064157143404,0.0174874152173558,-0.020957483863618308,0.010198679753684964,0.009739292327807252,0.02521756734457692,0.008761185573953705,"[-0.005529476116428621, 1.281415796368659, -1.1570510453292107, -0.15229776981705462, 1.5795226668944378, 0.9476579007443208, -0.03774779370692541, 1.5154372647191428, 0.9705674185439906]"
prism2,294,/home/humanoid/Programs/hand/results/phase1/run_20260413_pollard_multiscene_500_run3/prism2/generated_mjcf/scene_prism2_tn0d0035p0d0255p0d0092_ip0d0220n0d0182p0d0069_mp0d0073p0d0049p0d0000.xml,prism_y0d0300,True,0.02,4.0,0.45,0.4,1.0,1.0,7.282350197780952,0.04998290813685284,6.0,0.00762137384469094,0.06993553006408121,0.0004339801268302884,0.0004422744960542735,1.0,1.0,1.0,1.0,1.0,1.0,0.0,0.015853993937221592,0.035106682318096195,-0.00351831237667977,0.025495617737661246,0.009156647508028078,0.021974611422218154,-0.01821873944673156,0.006935634176224802,0.007288732641296144,0.00493313314308352,0.0,"[-0.005529476116428621, 1.281415796368659, -1.1570510453292107, -0.15229776981705462, 1.5795226668944378, 0.9476579007443208, -0.03774779370692541, 1.5154372647191428, 0.9705674185439906]"
prism2,295,/home/humanoid/Programs/hand/results/phase1/run_20260413_pollard_multiscene_500_run3/prism2/generated_mjcf/scene_prism2_tn0d0082p0d0253p0d0011_ip0d0016n0d0098p0d0000_mp0d0117p0d0116p0d0062.xml,prism_y0d0300,True,0.02,4.0,0.45,0.4,1.0,1.0,6.855659156597467,0.04944497215928506,5.0,0.005648666994646928,0.1404956624249982,0.0009918811541020415,3.987745052584646e-05,1.0,1.0,1.0,1.0,1.0,1.0,0.0,0.032013173352774205,0.008200391881542349,-0.008178759147431179,0.025331847446003544,0.001087236685787342,0.0016476684369086982,-0.009787920706200234,0.0,0.011729520074112366,0.011553854061680871,0.006205224653234687,"[-0.005529476116428621, 1.281415796368659, -1.1570510453292107, -0.15229776981705462, 1.5795226668944378, 0.9476579007443208, -0.03774779370692541, 1.5154372647191428, 0.9705674185439906]"
prism2,296,/home/humanoid/Programs/hand/results/phase1/run_20260413_pollard_multiscene_500_run3/prism2/generated_mjcf/scene_prism2_tn0d0002p0d0278p0d0000_ip0d0077n0d0177p0d0046_mp0d0203p0d0050p0d0020.xml,prism_y0d0300,False,0.02,4.0,0.45,0.4,0.0,1.0,1.4527101557855218,0.046390217720748514,4.0,0.010502629323268209,1.803805723625771,0.06287808588186958,0.05095222656715443,0.7888888888888889,0.7944444444444444,0.7888888888888889,0.0,0.0,0.0,0.7944444444444444,0.12075886662440427,0.09539004861315507,-0.00015416017301602032,0.027773560750257678,0.0,0.007718942933178331,-0.017747004977604473,0.004648640008873196,0.02026589269461712,0.0049933181981731065,0.0020139967953742392,"[-0.005529476116428621, 1.281415796368659, -1.1570510453292107, -0.15229776981705462, 1.5795226668944378, 0.9476579007443208, -0.03774779370692541, 1.5154372647191428, 0.9705674185439906]"
prism2,297,/home/humanoid/Programs/hand/results/phase1/run_20260413_pollard_multiscene_500_run3/prism2/generated_mjcf/scene_prism2_tp0d0008p0d0282p0d0000_ip0d0131n0d0171p0d0028_mp0d0177p0d0061p0d0041.xml,prism_y0d0300,False,0.02,4.0,0.45,0.4,0.0,1.0,2.198916559189362,0.04679516493040128,4.0,0.010825341232338248,3.104549417370837,0.010976870548741706,0.002728710230440093,1.0,1.0,1.0,0.0,0.0,0.0,1.0,0.019384154609040277,0.06718243527521804,0.000815779144444511,0.028211465826351836,0.0,0.013139347840734162,-0.01714673167083658,0.002803141927126355,0.0176961014806665,0.00614913157120987,0.0041202523988489136,"[-0.005529476116428621, 1.281415796368659, -1.1570510453292107, -0.15229776981705462, 1.5795226668944378, 0.9476579007443208, -0.03774779370692541, 1.5154372647191428, 0.9705674185439906]"
prism2,298,/home/humanoid/Programs/hand/results/phase1/run_20260413_pollard_multiscene_500_run3/prism2/generated_mjcf/scene_prism2_tn0d0092p0d0267p0d0005_ip0d0126n0d0147p0d0000_mp0d0023p0d0230p0d0000.xml,prism_y0d0300,True,0.02,4.0,0.45,0.4,1.0,1.0,4.915612645936228,0.055828361935040635,5.0,0.005820842744087162,0.6545779665411586,0.017370362961873637,0.0,1.0,1.0,1.0,0.49444444444444446,0.49444444444444446,0.49444444444444446,0.5055555555555555,0.1437980346953891,0.12106285770843021,-0.009185210927350775,0.0267390675875718,0.0005237638250960661,0.012588960759808959,-0.014729614321042037,0.0,0.0022573238581196304,0.022973699460279016,0.0,"[-0.005529476116428621, 1.281415796368659, -1.1570510453292107, -0.15229776981705462, 1.5795226668944378, 0.9476579007443208, -0.03774779370692541, 1.5154372647191428, 0.9705674185439906]"
prism2,299,/home/humanoid/Programs/hand/results/phase1/run_20260413_pollard_multiscene_500_run3/prism2/generated_mjcf/scene_prism2_tp0d0025p0d0244p0d0000_ip0d0009n0d0205p0d0000_mp0d0095p0d0115p0d0000.xml,prism_y0d0300,False,0.02,4.0,0.45,0.4,0.0,1.0,2.2497155297617293,0.05230784687737719,5.0,0.006541587790432538,1.486612555522972,0.033969919032972154,0.053198550213992835,0.6861111111111111,0.6861111111111111,0.7916666666666666,0.005555555555555556,0.005555555555555556,0.005555555555555556,0.7861111111111111,0.03576927683867038,0.17180309464326537,0.0024576653184970546,0.02444624310989508,0.0,0.0008936360140304918,-0.02048514239956397,0.0,0.009460658705404006,0.011545983898964985,0.0,"[-0.005529476116428621, 1.281415796368659, -1.1570510453292107, -0.15229776981705462, 1.5795226668944378, 0.9476579007443208, -0.03774779370692541, 1.5154372647191428, 0.9705674185439906]"
prism2,300,/home/humanoid/Programs/hand/results/phase1/run_20260413_pollard_multiscene_500_run3/prism2/generated_mjcf/scene_prism2_tp0d0094p0d0142p0d0000_ip0d0056n0d0181p0d0000_mp0d0037p0d0114p0d0014.xml,prism_y0d0300,False,0.02,4.0,0.45,0.4,0.0,1.0,3.4817231759018377,0.05112259916654094,6.0,0.005919212970367783,2.4920218306260904,0.031830939342220345,0.0026456115270353936,0.8777777777777778,0.8777777777777778,0.15555555555555556,1.0,0.15555555555555556,0.15555555555555556,0.8444444444444444,0.07355368330577283,0.175723317862298,0.009431031573822978,0.014164555004429542,0.0,0.00556078548670369,-0.018113495420479627,0.0,0.0036790674553866948,0.011413671818710076,0.0013515823514384066,"[-0.005529476116428621, 1.281415796368659, -1.1570510453292107, -0.15229776981705462, 1.5795226668944378, 0.9476579007443208, -0.03774779370692541, 1.5154372647191428, 0.9705674185439906]"
prism2,301,/home/humanoid/Programs/hand/results/phase1/run_20260413_pollard_multiscene_500_run3/prism2/generated_mjcf/scene_prism2_tn0d0104p0d0096p0d0000_ip0d0086n0d0117p0d0000_mn0d0013p0d0246p0d0000.xml,prism_y0d0300,False,0.02,4.0,0.45,0.4,0.0,1.0,0.9196426503882688,0.046161799416908456,4.0,0.011460427182090574,5.874951998430627,0.0551438380098893,0.04688139179455322,0.8138888888888889,0.8138888888888889,0.0,0.8138888888888889,0.0,0.0,0.8138888888888889,0.1561712068806108,0.03338036608922316,-0.010382832062159196,0.009638444673624548,0.0,0.008577721457837703,-0.011651469081633956,0.0,-0.0013082337057049656,0.024552623259387223,0.0,"[-0.005529476116428621, 1.281415796368659, -1.1570510453292107, -0.15229776981705462, 1.5795226668944378, 0.9476579007443208, -0.03774779370692541, 1.5154372647191428, 0.9705674185439906]"
prism2,302,/home/humanoid/Programs/hand/results/phase1/run_20260413_pollard_multiscene_500_run3/prism2/generated_mjcf/scene_prism2_tp0d0000p0d0103p0d0000_ip0d0142n0d0186p0d0027_mp0d0106p0d0161p0d0096.xml,prism_y0d0300,True,0.02,4.0,0.45,0.4,1.0,1.0,5.185949771095164,0.04722253850667893,4.0,0.008901270075100637,0.426162951996449,0.005802370686724048,0.0025788403601934434,1.0,1.0,0.7027777777777777,1.0,0.7027777777777777,0.7027777777777777,0.2972222222222223,0.030276543962872802,0.038150482566785195,1.52762690730536e-05,0.010318728597676494,0.0,0.014179465942471577,-0.018579129172113917,0.0026778249323777814,0.010603298595188203,0.01606071650706425,0.009598355773355983,"[-0.005529476116428621, 1.281415796368659, -1.1570510453292107, -0.15229776981705462, 1.5795226668944378, 0.9476579007443208, -0.03774779370692541, 1.5154372647191428, 0.9705674185439906]"
prism2,303,/home/humanoid/Programs/hand/results/phase1/run_20260413_pollard_multiscene_500_run3/prism2/generated_mjcf/scene_prism2_tn0d0006p0d0299p0d0024_ip0d0158n0d0130p0d0032_mp0d0196p0d0175p0d0047.xml,prism_y0d0300,False,0.02,4.0,0.45,0.4,0.0,1.0,2.7650650650471733,0.05460690317765454,4.0,0.0068016057763493785,0.8644081022223764,0.009768478566512105,0.0008517264525384066,1.0,1.0,1.0,0.0,0.0,0.0,1.0,0.07968659014925668,0.10878788061178025,-0.0006492769847098907,0.02993058211149897,0.0024320889008549503,0.015814892357657186,-0.012996192315159852,0.0032236038815142646,0.01957732412686703,0.017459229331558596,0.004744712311283861,"[-0.005529476116428621, 1.281415796368659, -1.1570510453292107, -0.15229776981705462, 1.5795226668944378, 0.9476579007443208, -0.03774779370692541, 1.5154372647191428, 0.9705674185439906]"
prism2,304,/home/humanoid/Programs/hand/results/phase1/run_20260413_pollard_multiscene_500_run3/prism2/generated_mjcf/scene_prism2_tn0d0073p0d0099p0d0109_ip0d0024n0d0168p0d0000_mp0d0176p0d0104p0d0000.xml,prism_y0d0300,True,0.02,4.0,0.45,0.4,1.0,1.0,5.733773256485334,0.05018130627777207,5.0,0.007721240572422411,0.45951360246320716,0.011957838054333578,0.0,1.0,0.7277777777777777,1.0,1.0,0.7277777777777777,0.7277777777777777,0.27222222222222225,0.06546995407913149,0.04197191863446,-0.007345071008401084,0.009886281658711714,0.010869095264022344,0.0023958161156247305,-0.016778462015203797,0.0,0.017608854890141502,0.010419729150589387,0.0,"[-0.005529476116428621, 1.281415796368659, -1.1570510453292107, -0.15229776981705462, 1.5795226668944378, 0.9476579007443208, -0.03774779370692541, 1.5154372647191428, 0.9705674185439906]"
prism2,305,/home/humanoid/Programs/hand/results/phase1/run_20260413_pollard_multiscene_500_run3/prism2/generated_mjcf/scene_prism2_tn0d0017p0d0278p0d0000_ip0d0108n0d0074p0d0000_mp0d0189p0d0124p0d0050.xml,prism_y0d0300,True,0.02,4.0,0.45,0.4,1.0,1.0,6.807704207866189,0.049457981009415355,5.0,0.00564311386012151,0.30433709078345733,0.0020062324713125716,0.0,1.0,1.0,1.0,1.0,1.0,1.0,0.0,0.047946077317295964,0.012809727960830094,-0.0017408261094735249,0.02780418736313567,0.0,0.010806585740967002,-0.007403030916256078,0.0,0.018940815263508597,0.012449759166334423,0.004967160545407856,"[-0.005529476116428621, 1.281415796368659, -1.1570510453292107, -0.15229776981705462, 1.5795226668944378, 0.9476579007443208, -0.03774779370692541, 1.5154372647191428, 0.9705674185439906]"
prism2,306,/home/humanoid/Programs/hand/results/phase1/run_20260413_pollard_multiscene_500_run3/prism2/generated_mjcf/scene_prism2_tn0d0079p0d0113p0d0032_ip0d0083n0d0113p0d0028_mp0d0048p0d0150p0d0082.xml,prism_y0d0300,False,0.02,4.0,0.45,0.4,0.0,1.0,2.80736042150593,0.04874670596228804,4.0,0.008659229745861216,0.1703999563903893,0.003772599210438657,0.0010788374192311906,1.0,1.0,0.0,1.0,0.0,0.0,1.0,0.005065700294237044,0.030496979272456686,-0.007949520028345206,0.011271730882256381,0.0032166078755245537,0.008321369537602857,-0.011341325591897251,0.002798662953598284,0.004750780215009746,0.015028930993629836,0.008184510983442563,"[-0.005529476116428621, 1.281415796368659, -1.1570510453292107, -0.15229776981705462, 1.5795226668944378, 0.9476579007443208, -0.03774779370692541, 1.5154372647191428, 0.9705674185439906]"
prism2,307,/home/humanoid/Programs/hand/results/phase1/run_20260413_pollard_multiscene_500_run3/prism2/generated_mjcf/scene_prism2_tn0d0098p0d0217p0d0079_in0d0015n0d0071p0d0000_mp0d0060p0d0034p0d0000.xml,prism_y0d0300,True,0.02,4.0,0.45,0.4,1.0,1.0,6.894124779890067,0.04959455445673117,5.0,0.0057527086456663455,0.04479032667918492,0.0007494574880922152,4.7593907767026766e-05,1.0,1.0,1.0,1.0,1.0,1.0,0.0,0.016420992503426494,0.003943590954259908,-0.009827285635849593,0.02170943168948314,0.007877523590710374,-0.0015025136139426767,-0.007128947369585482,0.0,0.005975776518227791,0.0033902886812089104,0.0,"[-0.005529476116428621, 1.281415796368659, -1.1570510453292107, -0.15229776981705462, 1.5795226668944378, 0.9476579007443208, -0.03774779370692541, 1.5154372647191428, 0.9705674185439906]"
prism2,308,/home/humanoid/Programs/hand/results/phase1/run_20260413_pollard_multiscene_500_run3/prism2/generated_mjcf/scene_prism2_tp0d0080p0d0099p0d0100_ip0d0083n0d0124p0d0000_mp0d0204p0d0081p0d0067.xml,prism_y0d0300,False,0.02,4.0,0.45,0.4,0.0,1.0,2.847546551015179,0.053916613459864385,3.0,0.008050960065623718,0.4502523939882011,0.015767774773929818,0.0,1.0,0.10555555555555556,1.0,1.0,0.10555555555555556,0.10555555555555556,0.8944444444444445,0.018685777837206183,0.04520542873962343,0.008045744352287637,0.009924409482811916,0.010004463148808145,0.008321769141601697,-0.012432880866341435,0.0,0.020448835772659782,0.008050915200431705,0.006698114743253256,"[-0.005529476116428621, 1.281415796368659, -1.1570510453292107, -0.15229776981705462, 1.5795226668944378, 0.9476579007443208, -0.03774779370692541, 1.5154372647191428, 0.9705674185439906]"
prism2,309,/home/humanoid/Programs/hand/results/phase1/run_20260413_pollard_multiscene_500_run3/prism2/generated_mjcf/scene_prism2_tp0d0006p0d0156p0d0043_ip0d0170n0d0032p0d0000_mn0d0016p0d0098p0d0000.xml,prism_y0d0300,True,0.02,4.0,0.45,0.4,1.0,1.0,7.326330172286367,0.04992677281408994,6.0,0.005675157571841026,0.009919072064908201,0.00011531470224570305,8.604858493074796e-05,1.0,1.0,1.0,1.0,1.0,1.0,0.0,0.0063027115441919345,0.0004830349530523896,0.0006324874825023377,0.015565669750556,0.004280500788737374,0.01702967036535663,-0.003212690244973523,0.0,-0.0015568809700233412,0.009816366677282138,0.0,"[-0.005529476116428621, 1.281415796368659, -1.1570510453292107, -0.15229776981705462, 1.5795226668944378, 0.9476579007443208, -0.03774779370692541, 1.5154372647191428, 0.9705674185439906]"
prism2,310,/home/humanoid/Programs/hand/results/phase1/run_20260413_pollard_multiscene_500_run3/prism2/generated_mjcf/scene_prism2_tn0d0056p0d0125p0d0000_ip0d0155n0d0157p0d0021_mp0d0112p0d0229p0d0040.xml,prism_y0d0300,False,0.02,4.0,0.45,0.4,0.0,1.0,2.870515181156701,0.052004279872898816,4.0,0.008523153910803254,0.40133574770757574,0.002422651379464003,0.0012239792738946431,1.0,1.0,0.0,1.0,0.0,0.0,1.0,0.014320286101531006,0.057687997503927536,-0.005563163096960496,0.012532759528698492,0.0,0.015543933693043676,-0.01568055041769157,0.002085027202804091,0.011231695665054458,0.022883577377717644,0.003994476460303192,"[-0.005529476116428621, 1.281415796368659, -1.1570510453292107, -0.15229776981705462, 1.5795226668944378, 0.9476579007443208, -0.03774779370692541, 1.5154372647191428, 0.9705674185439906]"
prism2,311,/home/humanoid/Programs/hand/results/phase1/run_20260413_pollard_multiscene_500_run3/prism2/generated_mjcf/scene_prism2_tp0d0077p0d0213p0d0000_ip0d0067n0d0177p0d0000_mp0d0136p0d0232p0d0066.xml,prism_y0d0300,True,0.02,4.0,0.45,0.4,1.0,1.0,6.762144470892029,0.052597651740613496,6.0,0.005779781612802458,2.3651251773885686,0.018714208509842324,0.0007361060633982591,1.0,1.0,1.0,1.0,1.0,1.0,0.0,0.11930352492957563,0.14404590289229088,0.007722806132150154,0.0212672107537325,0.0,0.006708439125286188,-0.01768278883160991,0.0,0.013597774653776856,0.02318175674415248,0.006585795630331487,"[-0.005529476116428621, 1.281415796368659, -1.1570510453292107, -0.15229776981705462, 1.5795226668944378, 0.9476579007443208, -0.03774779370692541, 1.5154372647191428, 0.9705674185439906]"
prism2,312,/home/humanoid/Programs/hand/results/phase1/run_20260413_pollard_multiscene_500_run3/prism2/generated_mjcf/scene_prism2_tn0d0047p0d0189p0d0000_ip0d0068n0d0135p0d0117_mn0d0001p0d0131p0d0100.xml,prism_y0d0300,True,0.02,4.0,0.45,0.4,1.0,1.0,6.644900614600122,0.04842808554389452,5.0,0.005527165114498883,0.961358013474559,0.0026884630609011447,0.0,1.0,1.0,1.0,1.0,1.0,1.0,0.0,0.0717579127404503,0.013871312160293248,-0.004651619836714396,0.01889458981639476,0.0,0.006801718080759659,-0.013513747501689115,0.011741231741499061,-6.2609699756749e-05,0.013108661014776889,0.009980013606161506,"[-0.005529476116428621, 1.281415796368659, -1.1570510453292107, -0.15229776981705462, 1.5795226668944378, 0.9476579007443208, -0.03774779370692541, 1.5154372647191428, 0.9705674185439906]"
prism2,313,/home/humanoid/Programs/hand/results/phase1/run_20260413_pollard_multiscene_500_run3/prism2/generated_mjcf/scene_prism2_tp0d0019p0d0166p0d0062_ip0d0215n0d0063p0d0099_mp0d0115p0d0105p0d0000.xml,prism_y0d0300,True,0.02,4.0,0.45,0.4,1.0,1.0,6.916838223211709,0.049828545194926806,5.0,0.0057549212488817785,0.030135975546823443,0.0002081938753806181,0.00011240076760861417,1.0,1.0,1.0,1.0,1.0,1.0,0.0,0.007946747470314276,0.001171799694082191,0.00188150996737463,0.016611986811592466,0.006167499459807459,0.021545797553132913,-0.0062979771976450025,0.009870655241977857,0.011538791927578068,0.010523092295829746,0.0,"[-0.005529476116428621, 1.281415796368659, -1.1570510453292107, -0.15229776981705462, 1.5795226668944378, 0.9476579007443208, -0.03774779370692541, 1.5154372647191428, 0.9705674185439906]"
prism2,314,/home/humanoid/Programs/hand/results/phase1/run_20260413_pollard_multiscene_500_run3/prism2/generated_mjcf/scene_prism2_tp0d0106p0d0127p0d0071_ip0d0123n0d0145p0d0000_mn0d0016p0d0250p0d0015.xml,prism_y0d0300,False,0.02,4.0,0.45,0.4,0.0,1.0,0.8211262453404269,0.04449202974651807,2.0,0.015371650807092909,3.0386237593815023e-13,0.05023378978897473,0.05050934525813591,0.0,0.0,0.0,0.35833333333333334,0.0,0.0,0.35833333333333334,0.15620348980356488,0.02326624507685965,0.010622972902620723,0.012664110679653057,0.0070910251678643135,0.01225325458228169,-0.014536863541682501,0.0,-0.0016097669568859666,0.025039082473460206,0.001512354160861356,"[-0.005529476116428621, 1.281415796368659, -1.1570510453292107, -0.15229776981705462, 1.5795226668944378, 0.9476579007443208, -0.03774779370692541, 1.5154372647191428, 0.9705674185439906]"
prism2,315,/home/humanoid/Programs/hand/results/phase1/run_20260413_pollard_multiscene_500_run3/prism2/generated_mjcf/scene_prism2_tp0d0064p0d0238p0d0094_ip0d0005n0d0077p0d0049_mp0d0093p0d0079p0d0000.xml,prism_y0d0300,True,0.02,4.0,0.45,0.4,1.0,1.0,6.884337468707877,0.04995863604744595,5.0,0.005750396977433285,0.10195067456856419,0.0011954529479631937,4.1569202268623706e-05,1.0,1.0,1.0,1.0,1.0,1.0,0.0,0.02661555926460593,0.0062685808659441915,0.0064418262025862545,0.02382512857639519,0.00940930945286447,0.00048046698538742154,-0.007686655858078829,0.0048819928150873465,0.009300887477728203,0.007930482920113783,0.0,"[-0.005529476116428621, 1.281415796368659, -1.1570510453292107, -0.15229776981705462, 1.5795226668944378, 0.9476579007443208, -0.03774779370692541, 1.5154372647191428, 0.9705674185439906]"
prism2,316,/home/humanoid/Programs/hand/results/phase1/run_20260413_pollard_multiscene_500_run3/prism2/generated_mjcf/scene_prism2_tn0d0115p0d0253p0d0117_ip0d0184n0d0124p0d0051_mp0d0057p0d0116p0d0000.xml,prism_y0d0300,True,0.02,4.0,0.45,0.4,1.0,1.0,7.250329964561762,0.049616677182302636,6.0,0.007213942033024827,0.15624819146164873,0.0008909996761743065,0.0006239094096777142,1.0,1.0,1.0,1.0,1.0,1.0,0.0,0.0164422712814625,0.03822688355778139,-0.01153915658107725,0.02525757396028391,0.011696646168133377,0.01838982063075531,-0.012416862666044394,0.0051363310784403,0.005702156030744071,0.011579754501194703,0.0,"[-0.005529476116428621, 1.281415796368659, -1.1570510453292107, -0.15229776981705462, 1.5795226668944378, 0.9476579007443208, -0.03774779370692541, 1.5154372647191428, 0.9705674185439906]"
prism2,317,/home/humanoid/Programs/hand/results/phase1/run_20260413_pollard_multiscene_500_run3/prism2/generated_mjcf/scene_prism2_tp0d0067p0d0165p0d0025_ip0d0171n0d0020p0d0048_mp0d0109p0d0229p0d0000.xml,prism_y0d0300,False,0.02,4.0,0.45,0.4,0.0,1.0,-0.042751262656097376,0.0471934171073006,4.0,0.010777554882557891,12.60848952620207,0.05804635940786202,0.042625880200775484,0.825,0.8277777777777777,0.0,0.8444444444444444,0.0,0.0,0.8444444444444444,0.13657830877001956,0.06398392351272252,0.00669673489646572,0.016497317630039653,0.002456004933970593,0.017054913832154163,-0.00197590730264491,0.004771513838172623,0.01091378149096391,0.022875321539631142,0.0,"[-0.005529476116428621, 1.281415796368659, -1.1570510453292107, -0.15229776981705462, 1.5795226668944378, 0.9476579007443208, -0.03774779370692541, 1.5154372647191428, 0.9705674185439906]"
prism2,318,/home/humanoid/Programs/hand/results/phase1/run_20260413_pollard_multiscene_500_run3/prism2/generated_mjcf/scene_prism2_tn0d0008p0d0285p0d0000_ip0d0181n0d0055p0d0113_mp0d0049p0d0175p0d0094.xml,prism_y0d0300,True,0.02,4.0,0.45,0.4,1.0,1.0,5.177029123305475,0.05133196529033189,6.0,0.005620348211656326,2.1274866645051884,0.010972235546877972,0.0003927302690766854,1.0,1.0,1.0,0.5527777777777778,0.5527777777777778,0.5527777777777778,0.4472222222222222,0.14838369595367926,0.12059218658636374,-0.0007991071536155043,0.028521730512058856,0.0,0.018104248858999188,-0.0055495038070125634,0.011304519771684587,0.004939634569660372,0.01750550322546427,0.00944290843747896,"[-0.005529476116428621, 1.281415796368659, -1.1570510453292107, -0.15229776981705462, 1.5795226668944378, 0.9476579007443208, -0.03774779370692541, 1.5154372647191428, 0.9705674185439906]"
prism2,319,/home/humanoid/Programs/hand/results/phase1/run_20260413_pollard_multiscene_500_run3/prism2/generated_mjcf/scene_prism2_tn0d0114p0d0278p0d0076_ip0d0136n0d0104p0d0110_mp0d0075p0d0127p0d0000.xml,prism_y0d0300,True,0.02,4.0,0.45,0.4,1.0,1.0,7.24625006855815,0.049332117869825796,6.0,0.007615333892709589,0.05403298727334108,0.003512373100847259,0.0005356080695427395,1.0,1.0,1.0,1.0,1.0,1.0,0.0,0.009596659284326098,0.039880492570820124,-0.011445896831030486,0.027757158118331206,0.007576657359126732,0.013615579827387526,-0.010422462196609672,0.010966467574557982,0.007487582063668523,0.012685536033825195,0.0,"[-0.005529476116428621, 1.281415796368659, -1.1570510453292107, -0.15229776981705462, 1.5795226668944378, 0.9476579007443208, -0.03774779370692541, 1.5154372647191428, 0.9705674185439906]"
prism2,320,/home/humanoid/Programs/hand/results/phase1/run_20260413_pollard_multiscene_500_run3/prism2/generated_mjcf/scene_prism2_tp0d0001p0d0249p0d0000_ip0d0084n0d0198p0d0012_mp0d0031p0d0182p0d0115.xml,prism_y0d0300,False,0.02,4.0,0.45,0.4,0.0,1.0,4.1939357083650455,0.053819120439973646,5.0,0.0058325141157288445,1.355881215018662,0.02655620281112706,0.0008318532702432518,1.0,1.0,1.0,0.37222222222222223,0.37222222222222223,0.37222222222222223,0.6277777777777778,0.17266297188750687,0.14540773710517396,8.954728212805067e-05,0.024914219423403595,0.0,0.008395253473563848,-0.019782085431134792,0.001188773655904564,0.003118490355633805,0.01823278586840313,0.011516234631798659,"[-0.005529476116428621, 1.281415796368659, -1.1570510453292107, -0.15229776981705462, 1.5795226668944378, 0.9476579007443208, -0.03774779370692541, 1.5154372647191428, 0.9705674185439906]"
prism2,321,/home/humanoid/Programs/hand/results/phase1/run_20260413_pollard_multiscene_500_run3/prism2/generated_mjcf/scene_prism2_tn0d0013p0d0117p0d0118_ip0d0074n0d0123p0d0090_mp0d0150p0d0145p0d0087.xml,prism_y0d0300,False,0.02,4.0,0.45,0.4,0.0,1.0,2.887887863987998,0.04989511639635114,4.0,0.008851982470331693,0.0710221329214615,0.0006988525031907864,0.0006001770005361895,1.0,1.0,0.0,1.0,0.0,0.0,1.0,0.003260633412965804,0.030856105133730233,-0.001308658303988297,0.011653899807619073,0.011821212937761724,0.007362602192389317,-0.012304450227773395,0.008964639002801485,0.015002142222784778,0.014468169728742031,0.008710735090992145,"[-0.005529476116428621, 1.281415796368659, -1.1570510453292107, -0.15229776981705462, 1.5795226668944378, 0.9476579007443208, -0.03774779370692541, 1.5154372647191428, 0.9705674185439906]"
prism2,322,/home/humanoid/Programs/hand/results/phase1/run_20260413_pollard_multiscene_500_run3/prism2/generated_mjcf/scene_prism2_tn0d0060p0d0124p0d0036_ip0d0072n0d0115p0d0060_mp0d0093p0d0259p0d0000.xml,prism_y0d0300,False,0.02,4.0,0.45,0.4,0.0,1.0,2.7507437795610072,0.04849499134344447,4.0,0.011732567169171731,0.23983925391116978,0.0059773216132112394,0.0014226215460015068,1.0,1.0,0.0,1.0,0.0,0.0,1.0,0.0119335709791731,0.04454187164814318,-0.006037883019561673,0.012360607789034299,0.003646154238670103,0.007169802234934061,-0.011463664595349612,0.0060301678899676615,0.009329889980337522,0.025854569144246775,0.0,"[-0.005529476116428621, 1.281415796368659, -1.1570510453292107, -0.15229776981705462, 1.5795226668944378, 0.9476579007443208, -0.03774779370692541, 1.5154372647191428, 0.9705674185439906]"
prism2,323,/home/humanoid/Programs/hand/results/phase1/run_20260413_pollard_multiscene_500_run3/prism2/generated_mjcf/scene_prism2_tp0d0081p0d0269p0d0000_ip0d0112n0d0055p0d0000_mp0d0096p0d0212p0d0087.xml,prism_y0d0300,True,0.02,4.0,0.45,0.4,1.0,1.0,5.923275806252845,0.04887016254265375,4.0,0.005668478439358789,1.690961343813868,0.01787177572295332,0.0,1.0,1.0,1.0,1.0,1.0,1.0,0.0,0.16962682291134112,0.09068249408035446,0.00813622723758739,0.02693502410071081,0.0,0.01122972183519072,-0.005485220463176647,0.0,0.009644899104903461,0.021191839480777783,0.008677349853667724,"[-0.005529476116428621, 1.281415796368659, -1.1570510453292107, -0.15229776981705462, 1.5795226668944378, 0.9476579007443208, -0.03774779370692541, 1.5154372647191428, 0.9705674185439906]"
prism2,324,/home/humanoid/Programs/hand/results/phase1/run_20260413_pollard_multiscene_500_run3/prism2/generated_mjcf/scene_prism2_tn0d0026p0d0281p0d0075_ip0d0008n0d0082p0d0078_mp0d0181p0d0133p0d0000.xml,prism_y0d0300,True,0.02,4.0,0.45,0.4,1.0,1.0,6.800571654911977,0.05004972287110831,5.0,0.005742335086791826,0.46868316575399904,0.001990092539745737,0.0,1.0,1.0,1.0,1.0,1.0,1.0,0.0,0.05125315178270388,0.012375587037906088,-0.0025535037194383426,0.028090796303613122,0.007496013422198744,0.0008469494520518955,-0.008247890943094081,0.007770600095958501,0.018089058927950784,0.013335725450952287,0.0,"[-0.005529476116428621, 1.281415796368659, -1.1570510453292107, -0.15229776981705462, 1.5795226668944378, 0.9476579007443208, -0.03774779370692541, 1.5154372647191428, 0.9705674185439906]"
prism2,325,/home/humanoid/Programs/hand/results/phase1/run_20260413_pollard_multiscene_500_run3/prism2/generated_mjcf/scene_prism2_tn0d0079p0d0285p0d0000_ip0d0173n0d0097p0d0000_mp0d0081p0d0227p0d0089.xml,prism_y0d0300,True,0.02,4.0,0.45,0.4,1.0,1.0,6.0976088626952585,0.04987091095242203,4.0,0.005621091694141991,1.6188967599847275,0.0077259744556946635,0.0,1.0,1.0,1.0,1.0,1.0,1.0,0.0,0.1238360365892599,0.04720887986018261,-0.007900998183171592,0.028461975548615688,0.0,0.0173396267945565,-0.009702377578495812,0.0,0.008072663714616258,0.022662028751065037,0.00888291847390046,"[-0.005529476116428621, 1.281415796368659, -1.1570510453292107, -0.15229776981705462, 1.5795226668944378, 0.9476579007443208, -0.03774779370692541, 1.5154372647191428, 0.9705674185439906]"
prism2,326,/home/humanoid/Programs/hand/results/phase1/run_20260413_pollard_multiscene_500_run3/prism2/generated_mjcf/scene_prism2_tn0d0035p0d0267p0d0000_ip0d0107n0d0210p0d0111_mp0d0148p0d0118p0d0111.xml,prism_y0d0300,False,0.02,4.0,0.45,0.4,0.0,1.0,2.5691891737552486,0.051291445139435954,4.0,0.00706709683578866,1.607266017009693,0.005808676628013785,0.002833330422145189,1.0,1.0,1.0,0.0,0.0,0.0,1.0,0.04572551089151213,0.112419548353283,-0.003533623127589605,0.026731347887872518,0.0,0.010690380991547288,-0.020978203527313694,0.011098976169596233,0.014760888567753044,0.011807899356923335,0.011073309227867714,"[-0.005529476116428621, 1.281415796368659, -1.1570510453292107, -0.15229776981705462, 1.5795226668944378, 0.9476579007443208, -0.03774779370692541, 1.5154372647191428, 0.9705674185439906]"
prism2,327,/home/humanoid/Programs/hand/results/phase1/run_20260413_pollard_multiscene_500_run3/prism2/generated_mjcf/scene_prism2_tn0d0096p0d0188p0d0000_ip0d0218n0d0222p0d0007_mp0d0033p0d0200p0d0000.xml,prism_y0d0300,True,0.02,4.0,0.45,0.4,1.0,1.0,7.120044376448173,0.05319926661861117,6.0,0.0057905069614938185,0.7256644394473277,0.007728518949747925,0.0,1.0,1.0,1.0,1.0,1.0,1.0,0.0,0.13095372429833804,0.08834887473261044,-0.009595366623260122,0.01878011746178313,0.0,0.021818345211544216,-0.022176840567284622,0.0006623215727734454,0.003348031358619709,0.0199913049273912,0.0,"[-0.005529476116428621, 1.281415796368659, -1.1570510453292107, -0.15229776981705462, 1.5795226668944378, 0.9476579007443208, -0.03774779370692541, 1.5154372647191428, 0.9705674185439906]"
prism2,328,/home/humanoid/Programs/hand/results/phase1/run_20260413_pollard_multiscene_500_run3/prism2/generated_mjcf/scene_prism2_tp0d0085p0d0252p0d0063_ip0d0056n0d0205p0d0000_mn0d0011p0d0091p0d0027.xml,prism_y0d0300,False,0.02,4.0,0.45,0.4,0.0,1.0,0.6706757087541548,0.04760384142478082,4.0,0.009988094734001841,5.915362866323762,0.05384999366619087,0.047126127222759655,0.39444444444444443,0.39444444444444443,0.775,0.0,0.0,0.0,0.775,0.1344054904298987,0.10142939630400401,0.008470483460705676,0.025186874191919954,0.00627082810878353,0.005553166882678232,-0.02054841864137812,0.0,-0.001101369602705099,0.009143494418454811,0.0027429297867117373,"[-0.005529476116428621, 1.281415796368659, -1.1570510453292107, -0.15229776981705462, 1.5795226668944378, 0.9476579007443208, -0.03774779370692541, 1.5154372647191428, 0.9705674185439906]"
prism2,329,/home/humanoid/Programs/hand/results/phase1/run_20260413_pollard_multiscene_500_run3/prism2/generated_mjcf/scene_prism2_tn0d0072p0d0089p0d0015_ip0d0167n0d0198p0d0102_mp0d0062p0d0160p0d0032.xml,prism_y0d0300,False,0.02,4.0,0.45,0.4,0.0,1.0,2.8810438329821966,0.054089908830116704,4.0,0.008597345136137994,0.37901404310709147,0.007560844883107653,0.000604279865146079,1.0,1.0,0.0,1.0,0.0,0.0,1.0,0.04100910522433239,0.08886129285763535,-0.0071564242006762905,0.00892790557378054,0.001520985217539749,0.016732199478996186,-0.019760480751055125,0.010155262375305212,0.0062015232466851675,0.01602870792153597,0.003191581378922779,"[-0.005529476116428621, 1.281415796368659, -1.1570510453292107, -0.15229776981705462, 1.5795226668944378, 0.9476579007443208, -0.03774779370692541, 1.5154372647191428, 0.9705674185439906]"
prism2,330,/home/humanoid/Programs/hand/results/phase1/run_20260413_pollard_multiscene_500_run3/prism2/generated_mjcf/scene_prism2_tp0d0012p0d0220p0d0000_ip0d0100n0d0063p0d0000_mp0d0203p0d0048p0d0067.xml,prism_y0d0300,True,0.02,4.0,0.45,0.4,1.0,1.0,6.868638784388206,0.04928754774848702,5.0,0.005641666655794342,0.10769964147223147,0.0008478261529323082,0.0,1.0,1.0,1.0,1.0,1.0,1.0,0.0,0.020409422747026843,0.006981455223592596,0.0011619052935394787,0.02198154952224422,0.0,0.010006750836922313,-0.00630390758965616,0.0,0.020289449585461555,0.00482267330029755,0.0067198073775174595,"[-0.005529476116428621, 1.281415796368659, -1.1570510453292107, -0.15229776981705462, 1.5795226668944378, 0.9476579007443208, -0.03774779370692541, 1.5154372647191428, 0.9705674185439906]"
prism2,331,/home/humanoid/Programs/hand/results/phase1/run_20260413_pollard_multiscene_500_run3/prism2/generated_mjcf/scene_prism2_tn0d0027p0d0150p0d0084_ip0d0177n0d0097p0d0000_mp0d0170p0d0069p0d0000.xml,prism_y0d0300,True,0.02,4.0,0.45,0.4,1.0,1.0,6.51468811488051,0.050228561790318704,5.0,0.0058160873719321216,2.082681690042011,0.005114194485477158,0.0,1.0,1.0,1.0,1.0,1.0,1.0,0.0,0.07194906456901591,0.03328577609719957,-0.002713056137300246,0.015047473530995125,0.008388906810753879,0.017701611177966994,-0.009731410258570987,0.0,0.016950502084496825,0.006916460763485068,0.0,"[-0.005529476116428621, 1.281415796368659, -1.1570510453292107, -0.15229776981705462, 1.5795226668944378, 0.9476579007443208, -0.03774779370692541, 1.5154372647191428, 0.9705674185439906]"
prism2,332,/home/humanoid/Programs/hand/results/phase1/run_20260413_pollard_multiscene_500_run3/prism2/generated_mjcf/scene_prism2_tn0d0019p0d0118p0d0000_ip0d0068n0d0209p0d0000_mp0d0212p0d0050p0d0000.xml,prism_y0d0300,True,0.02,4.0,0.45,0.4,1.0,1.0,6.405616702227891,0.05139891134193351,5.0,0.007347758290436029,0.2575393218307184,0.010668753298543564,0.0,1.0,0.8916666666666667,1.0,1.0,0.8916666666666667,0.8916666666666667,0.10833333333333328,0.053418514120697834,0.06517549194468349,-0.001889452119322092,0.01181647096069391,0.0,0.006823353134024076,-0.02085869245877052,0.0,0.02117244026049945,0.004950164100262918,0.0,"[-0.005529476116428621, 1.281415796368659, -1.1570510453292107, -0.15229776981705462, 1.5795226668944378, 0.9476579007443208, -0.03774779370692541, 1.5154372647191428, 0.9705674185439906]"
prism2,333,/home/humanoid/Programs/hand/results/phase1/run_20260413_pollard_multiscene_500_run3/prism2/generated_mjcf/scene_prism2_tp0d0112p0d0300p0d0000_ip0d0005n0d0097p0d0000_mp0d0208p0d0064p0d0067.xml,prism_y0d0300,True,0.02,4.0,0.45,0.4,1.0,1.0,7.489980786912526,0.04990359730151344,7.0,0.005782144858801678,1.0152203356106166,0.0021527655193678405,0.0,1.0,1.0,1.0,1.0,1.0,1.0,0.0,0.06926151547017255,0.0212393399897348,0.011202755167296092,0.03,0.0,0.0004669455567414202,-0.009692153771668413,0.0,0.020849368803635138,0.006380048934200433,0.00667720340698667,"[-0.005529476116428621, 1.281415796368659, -1.1570510453292107, -0.15229776981705462, 1.5795226668944378, 0.9476579007443208, -0.03774779370692541, 1.5154372647191428, 0.9705674185439906]"
prism2,334,/home/humanoid/Programs/hand/results/phase1/run_20260413_pollard_multiscene_500_run3/prism2/generated_mjcf/scene_prism2_tn0d0114p0d0130p0d0000_ip0d0019n0d0052p0d0000_mp0d0091p0d0064p0d0066.xml,prism_y0d0300,True,0.02,4.0,0.45,0.4,1.0,1.0,5.393522701734962,0.05086291099442081,4.0,0.0071267489213520906,0.26795619365611706,0.019016820139263764,0.0,1.0,1.0,0.7638888888888888,1.0,0.7638888888888888,0.7638888888888888,0.23611111111111116,0.14791376131000475,0.04043514806611611,-0.01140397248650568,0.012983670777011624,0.0,0.0019462550481140154,-0.005220710672423688,0.0,0.009057911829031907,0.006404210442186477,0.006624372677912969,"[-0.005529476116428621, 1.281415796368659, -1.1570510453292107, -0.15229776981705462, 1.5795226668944378, 0.9476579007443208, -0.03774779370692541, 1.5154372647191428, 0.9705674185439906]"
prism2,335,/home/humanoid/Programs/hand/results/phase1/run_20260413_pollard_multiscene_500_run3/prism2/generated_mjcf/scene_prism2_tp0d0041p0d0092p0d0000_ip0d0130n0d0142p0d0000_mp0d0131p0d0245p0d0000.xml,prism_y0d0300,False,0.02,4.0,0.45,0.4,0.0,1.0,0.858030753270475,0.04559061034291144,4.0,0.009107876224954068,10.222194344617533,0.01952098260015048,0.012545789082213848,0.9583333333333334,0.9611111111111111,0.0,0.9638888888888889,0.0,0.0,0.9638888888888889,0.11148111367883028,0.03387845264517567,0.004110510184092569,0.009176057139934891,0.0,0.012993713209620113,-0.014159849786857314,0.0,0.013111717987378804,0.02452268766556777,0.0,"[-0.005529476116428621, 1.281415796368659, -1.1570510453292107, -0.15229776981705462, 1.5795226668944378, 0.9476579007443208, -0.03774779370692541, 1.5154372647191428, 0.9705674185439906]"
prism2,336,/home/humanoid/Programs/hand/results/phase1/run_20260413_pollard_multiscene_500_run3/prism2/generated_mjcf/scene_prism2_tn0d0066p0d0208p0d0023_ip0d0030n0d0067p0d0010_mp0d0138p0d0142p0d0000.xml,prism_y0d0300,True,0.02,4.0,0.45,0.4,1.0,1.0,7.312091573368392,0.0519317239581879,6.0,0.006844319564504739,0.16457804784320532,0.0013453679007213862,0.00020242048958807324,1.0,1.0,1.0,1.0,1.0,1.0,0.0,0.024630727922653365,0.06402287532130985,-0.006642095641111072,0.02081411063117996,0.002308337593864543,0.0030298237844472537,-0.0067284737315375116,0.0010158043909346739,0.013761813687847584,0.014173649887952638,0.0,"[-0.005529476116428621, 1.281415796368659, -1.1570510453292107, -0.15229776981705462, 1.5795226668944378, 0.9476579007443208, -0.03774779370692541, 1.5154372647191428, 0.9705674185439906]"
prism2,337,/home/humanoid/Programs/hand/results/phase1/run_20260413_pollard_multiscene_500_run3/prism2/generated_mjcf/scene_prism2_tn0d0070p0d0294p0d0000_ip0d0040n0d0156p0d0114_mp0d0112p0d0068p0d0081.xml,prism_y0d0300,False,0.02,4.0,0.45,0.4,0.0,1.0,3.166467445666238,0.05256867540080362,5.0,0.0077242718920067606,1.2085039624036091,0.006145664749398121,0.003067569776239218,0.9861111111111112,1.0,0.9861111111111112,0.019444444444444445,0.019444444444444445,0.019444444444444445,0.9805555555555555,0.01153615569635795,0.10075992519721046,-0.006956747186821582,0.029398900065403025,0.0,0.003984885547102787,-0.015574913925978328,0.01135327078186936,0.0112451678372824,0.00680799543957882,0.00814876798180321,"[-0.005529476116428621, 1.281415796368659, -1.1570510453292107, -0.15229776981705462, 1.5795226668944378, 0.9476579007443208, -0.03774779370692541, 1.5154372647191428, 0.9705674185439906]"
prism2,338,/home/humanoid/Programs/hand/results/phase1/run_20260413_pollard_multiscene_500_run3/prism2/generated_mjcf/scene_prism2_tn0d0050p0d0085p0d0056_ip0d0211n0d0028p0d0000_mp0d0091p0d0079p0d0000.xml,prism_y0d0300,False,0.02,4.0,0.45,0.4,0.0,1.0,2.800101600326723,0.04995299181434336,4.0,0.00850493860448375,0.27511354235158303,0.004823111988598724,0.0008573036546822843,1.0,1.0,0.0,1.0,0.0,0.0,1.0,0.02181901299118648,0.057861751669246654,-0.005031818470075887,0.008502763393004273,0.00557479513561333,0.02107996123916827,-0.002824361587778884,0.0,0.009085392487968063,0.007881064450959579,0.0,"[-0.005529476116428621, 1.281415796368659, -1.1570510453292107, -0.15229776981705462, 1.5795226668944378, 0.9476579007443208, -0.03774779370692541, 1.5154372647191428, 0.9705674185439906]"
prism2,339,/home/humanoid/Programs/hand/results/phase1/run_20260413_pollard_multiscene_500_run3/prism2/generated_mjcf/scene_prism2_tn0d0075p0d0268p0d0000_ip0d0212n0d0117p0d0017_mp0d0169p0d0196p0d0087.xml,prism_y0d0300,True,0.02,4.0,0.45,0.4,1.0,1.0,6.203856514021956,0.04956051688419014,4.0,0.0056481776067621664,0.5432448799647875,0.010992999840617785,0.0,1.0,1.0,1.0,1.0,1.0,1.0,0.0,0.14248648610149758,0.05906800914250456,-0.007505012447623186,0.026817010391516204,0.0,0.021180726780211788,-0.011701865470623995,0.0017297003294388935,0.01690814857663346,0.019635980232701793,0.008694664916698357,"[-0.005529476116428621, 1.281415796368659, -1.1570510453292107, -0.15229776981705462, 1.5795226668944378, 0.9476579007443208, -0.03774779370692541, 1.5154372647191428, 0.9705674185439906]"
prism2,340,/home/humanoid/Programs/hand/results/phase1/run_20260413_pollard_multiscene_500_run3/prism2/generated_mjcf/scene_prism2_tn0d0089p0d0199p0d0011_ip0d0006n0d0067p0d0000_mp0d0129p0d0240p0d0050.xml,prism_y0d0300,True,0.02,4.0,0.45,0.4,1.0,1.0,6.27077263248756,0.045588828165444725,4.0,0.00804120788833035,0.17862298009493222,0.004291213761847325,0.0012531130147055008,1.0,1.0,1.0,1.0,1.0,1.0,0.0,0.01541269464803885,0.05152631423303111,-0.008943930668215156,0.019893443515087306,0.0011394523105425092,0.0006194110623995754,-0.0067171175287213895,0.0,0.0128836743692138,0.024020869251295048,0.005002433427568752,"[-0.005529476116428621, 1.281415796368659, -1.1570510453292107, -0.15229776981705462, 1.5795226668944378, 0.9476579007443208, -0.03774779370692541, 1.5154372647191428, 0.9705674185439906]"
prism2,341,/home/humanoid/Programs/hand/results/phase1/run_20260413_pollard_multiscene_500_run3/prism2/generated_mjcf/scene_prism2_tp0d0065p0d0150p0d0000_ip0d0202n0d0150p0d0000_mp0d0011p0d0194p0d0000.xml,prism_y0d0300,True,0.02,4.0,0.45,0.4,1.0,1.0,4.410364141544665,0.053646910380068,5.0,0.0057658725356981915,1.974777205010689,0.029741357621425914,0.00025964015508730953,1.0,1.0,0.4583333333333333,1.0,0.4583333333333333,0.4583333333333333,0.5416666666666667,0.148013626189454,0.1599038843113139,0.006507212909486602,0.015027581047463462,0.0,0.020156862280520417,-0.01496351955724431,0.0,0.0011219360405519772,0.01935862038652124,0.0,"[-0.005529476116428621, 1.281415796368659, -1.1570510453292107, -0.15229776981705462, 1.5795226668944378, 0.9476579007443208, -0.03774779370692541, 1.5154372647191428, 0.9705674185439906]"
prism2,342,/home/humanoid/Programs/hand/results/phase1/run_20260413_pollard_multiscene_500_run3/prism2/generated_mjcf/scene_prism2_tn0d0081p0d0289p0d0000_ip0d0121n0d0179p0d0000_mp0d0200p0d0219p0d0064.xml,prism_y0d0300,True,0.02,4.0,0.45,0.4,1.0,1.0,5.030742180103662,0.05219084336033437,5.0,0.005881878537471273,0.5822108275923447,0.013555697995979518,0.0,1.0,1.0,1.0,0.5611111111111111,0.5611111111111111,0.5611111111111111,0.4388888888888889,0.18638290994453996,0.0982497167476592,-0.008051427805028825,0.02886692052460529,0.0,0.012141767184511945,-0.01791190965341013,0.0,0.020017298166074934,0.021877670546203383,0.006426175172369965,"[-0.005529476116428621, 1.281415796368659, -1.1570510453292107, -0.15229776981705462, 1.5795226668944378, 0.9476579007443208, -0.03774779370692541, 1.5154372647191428, 0.9705674185439906]"
prism2,343,/home/humanoid/Programs/hand/results/phase1/run_20260413_pollard_multiscene_500_run3/prism2/generated_mjcf/scene_prism2_tn0d0098p0d0106p0d0065_ip0d0095n0d0040p0d0000_mp0d0131p0d0097p0d0000.xml,prism_y0d0300,True,0.02,4.0,0.45,0.4,1.0,1.0,5.328444253700625,0.05008619060654707,5.0,0.00758499052333433,0.23643642275834847,0.0019170729854451976,0.0009063435826947436,1.0,1.0,0.575,1.0,0.575,0.575,0.42500000000000004,0.005764122226964309,0.03158857987225707,-0.009778413672119911,0.010568644417599148,0.0065004416383117325,0.00948534701199422,-0.003980168261011845,0.0,0.013100657311756773,0.00972194969587966,0.0,"[-0.005529476116428621, 1.281415796368659, -1.1570510453292107, -0.15229776981705462, 1.5795226668944378, 0.9476579007443208, -0.03774779370692541, 1.5154372647191428, 0.9705674185439906]"
prism2,344,/home/humanoid/Programs/hand/results/phase1/run_20260413_pollard_multiscene_500_run3/prism2/generated_mjcf/scene_prism2_tn0d0000p0d0122p0d0000_ip0d0065n0d0185p0d0062_mp0d0126p0d0137p0d0018.xml,prism_y0d0300,False,0.02,4.0,0.45,0.4,0.0,1.0,2.8017375674256635,0.04978618630119534,4.0,0.009422657110149413,0.25627589591364197,0.0031116033274127806,0.001582329803346133,1.0,1.0,0.0,1.0,0.0,0.0,1.0,0.015542954772779921,0.06058344426283615,-4.1296306355530915e-05,0.012194623068909824,0.0,0.006539719483005546,-0.01852327542668413,0.0062211469891701315,0.012556622190267035,0.013698973120376162,0.0017805247967015853,"[-0.005529476116428621, 1.281415796368659, -1.1570510453292107, -0.15229776981705462, 1.5795226668944378, 0.9476579007443208, -0.03774779370692541, 1.5154372647191428, 0.9705674185439906]"
prism2,345,/home/humanoid/Programs/hand/results/phase1/run_20260413_pollard_multiscene_500_run3/prism2/generated_mjcf/scene_prism2_tn0d0013p0d0160p0d0000_ip0d0148n0d0240p0d0000_mp0d0116p0d0102p0d0000.xml,prism_y0d0300,True,0.02,4.0,0.45,0.4,1.0,1.0,5.573638294564252,0.050094689367202176,5.0,0.005672950457059821,3.8236621705796026,0.021016582920820013,0.0,1.0,1.0,1.0,0.875,0.875,0.875,0.125,0.17609716517685634,0.08516788816997356,-0.0012615306168578533,0.015970756130802254,0.0,0.014786075546288061,-0.023980082850206946,0.0,0.01161430962842994,0.010241296432524284,0.0,"[-0.005529476116428621, 1.281415796368659, -1.1570510453292107, -0.15229776981705462, 1.5795226668944378, 0.9476579007443208, -0.03774779370692541, 1.5154372647191428, 0.9705674185439906]"
prism2,346,/home/humanoid/Programs/hand/results/phase1/run_20260413_pollard_multiscene_500_run3/prism2/generated_mjcf/scene_prism2_tp0d0064p0d0300p0d0008_in0d0019n0d0099p0d0061_mp0d0024p0d0091p0d0000.xml,prism_y0d0300,False,0.02,4.0,0.45,0.4,0.0,1.0,2.3354703179269536,0.04798540336232755,4.0,0.008107031090154898,1.9308291465968936,0.016954524043287,0.004991654640006102,0.9916666666666667,0.9916666666666667,1.0,0.0,0.0,0.0,1.0,0.012705244967637558,0.11436290802113612,0.006448681972681412,0.03,0.0007681309943295394,-0.0019379944738693762,-0.00986630559882477,0.006140728887849618,0.0023524430594721963,0.009130049264678454,0.0,"[-0.005529476116428621, 1.281415796368659, -1.1570510453292107, -0.15229776981705462, 1.5795226668944378, 0.9476579007443208, -0.03774779370692541, 1.5154372647191428, 0.9705674185439906]"
prism2,347,/home/humanoid/Programs/hand/results/phase1/run_20260413_pollard_multiscene_500_run3/prism2/generated_mjcf/scene_prism2_tp0d0068p0d0300p0d0073_ip0d0072n0d0056p0d0011_mp0d0078p0d0143p0d0000.xml,prism_y0d0300,False,0.02,4.0,0.45,0.4,0.0,1.0,4.09240971613022,0.051870180312433706,5.0,0.0059077901581489805,1.419720446406585,0.025814701656792092,0.003030230744688292,1.0,1.0,1.0,0.3638888888888889,0.3638888888888889,0.3638888888888889,0.6361111111111111,0.15731202891245755,0.11941987947640627,0.0068204408858062796,0.03,0.007260725067047551,0.007212293445335222,-0.005553531717368195,0.0010993236469706603,0.007833087650129099,0.014253336241066424,0.0,"[-0.005529476116428621, 1.281415796368659, -1.1570510453292107, -0.15229776981705462, 1.5795226668944378, 0.9476579007443208, -0.03774779370692541, 1.5154372647191428, 0.9705674185439906]"
prism2,348,/home/humanoid/Programs/hand/results/phase1/run_20260413_pollard_multiscene_500_run3/prism2/generated_mjcf/scene_prism2_tp0d0113p0d0278p0d0000_ip0d0135n0d0218p0d0000_mp0d0015p0d0170p0d0000.xml,prism_y0d0300,False,0.02,4.0,0.45,0.4,0.0,1.0,1.8502749324003926,0.04823824100748278,4.0,0.01002615043983309,3.281636717879184e-14,0.06436909863251646,0.05210831063784037,0.3888888888888889,0.3888888888888889,0.44166666666666665,0.0,0.0,0.0,0.44166666666666665,0.14387420329452574,0.08746758069847227,0.011322535224134667,0.027764327805852942,0.0,0.013477941205283455,-0.021774686806814398,0.0,0.0015174161105352604,0.01698721858932449,0.0,"[-0.005529476116428621, 1.281415796368659, -1.1570510453292107, -0.15229776981705462, 1.5795226668944378, 0.9476579007443208, -0.03774779370692541, 1.5154372647191428, 0.9705674185439906]"
prism2,349,/home/humanoid/Programs/hand/results/phase1/run_20260413_pollard_multiscene_500_run3/prism2/generated_mjcf/scene_prism2_tp0d0081p0d0226p0d0085_ip0d0211n0d0216p0d0000_mp0d0076p0d0121p0d0000.xml,prism_y0d0300,True,0.02,4.0,0.45,0.4,1.0,1.0,5.951201297998969,0.04935998383284494,5.0,0.007390452324479264,0.542037948173336,0.005596076672673334,0.001601134673321139,1.0,1.0,1.0,0.7861111111111111,0.7861111111111111,0.7861111111111111,0.2138888888888889,0.0222446273140315,0.07055367169144139,0.008073792792765176,0.022586335006661292,0.008547471202648944,0.021117014049145004,-0.021585046307989013,0.0,0.007602631380494447,0.012080451574431939,0.0,"[-0.005529476116428621, 1.281415796368659, -1.1570510453292107, -0.15229776981705462, 1.5795226668944378, 0.9476579007443208, -0.03774779370692541, 1.5154372647191428, 0.9705674185439906]"
prism2,350,/home/humanoid/Programs/hand/results/phase1/run_20260413_pollard_multiscene_500_run3/prism2/generated_mjcf/scene_prism2_tp0d0050p0d0123p0d0049_ip0d0073n0d0116p0d0038_mp0d0136p0d0091p0d0000.xml,prism_y0d0300,False,0.02,4.0,0.45,0.4,0.0,1.0,3.255979469466554,0.04879051948574187,5.0,0.007786299585469235,0.14652659375235447,0.005342731495126834,0.001778121982683331,1.0,1.0,0.022222222222222223,1.0,0.022222222222222223,0.022222222222222223,0.9777777777777777,0.010486046447072092,0.06051445018117372,0.004973546412611628,0.012294721280264032,0.004905264142987729,0.007331516406347443,-0.011583437920894857,0.003754449056024657,0.013559791274911331,0.009078488971220607,0.0,"[-0.005529476116428621, 1.281415796368659, -1.1570510453292107, -0.15229776981705462, 1.5795226668944378, 0.9476579007443208, -0.03774779370692541, 1.5154372647191428, 0.9705674185439906]"
prism2,351,/home/humanoid/Programs/hand/results/phase1/run_20260413_pollard_multiscene_500_run3/prism2/generated_mjcf/scene_prism2_tn0d0039p0d0300p0d0031_ip0d0059n0d0183p0d0000_mn0d0001p0d0228p0d0000.xml,prism_y0d0300,False,0.02,4.0,0.45,0.4,0.0,1.0,2.6445490927542665,0.049877019984741436,4.0,0.009209758680556918,0.8082943708936151,0.011759274543410006,0.0016400561700374433,1.0,1.0,1.0,0.0,0.0,0.0,1.0,0.01924830168841407,0.10399662145440719,-0.0039166529420677654,0.03,0.0030983018076305748,0.005948787222563647,-0.01830520319058511,0.0,-8.798364502618158e-05,0.022791051162759063,0.0,"[-0.005529476116428621, 1.281415796368659, -1.1570510453292107, -0.15229776981705462, 1.5795226668944378, 0.9476579007443208, -0.03774779370692541, 1.5154372647191428, 0.9705674185439906]"
prism2,352,/home/humanoid/Programs/hand/results/phase1/run_20260413_pollard_multiscene_500_run3/prism2/generated_mjcf/scene_prism2_tp0d0034p0d0300p0d0000_ip0d0204n0d0197p0d0092_mp0d0155p0d0230p0d0000.xml,prism_y0d0300,True,0.02,4.0,0.45,0.4,1.0,1.0,5.440370506003891,0.05150601655927059,6.0,0.007282890416814945,0.7600509645845702,0.004285811533369488,0.0019340806900707275,1.0,1.0,1.0,0.5194444444444445,0.5194444444444445,0.5194444444444445,0.4805555555555555,0.008349170759440925,0.09298727961751596,0.003412975582055045,0.03,0.0,0.02042065736538831,-0.019749759999292973,0.009245880066049521,0.015487406880309437,0.023006546913343175,0.0,"[-0.005529476116428621, 1.281415796368659, -1.1570510453292107, -0.15229776981705462, 1.5795226668944378, 0.9476579007443208, -0.03774779370692541, 1.5154372647191428, 0.9705674185439906]"
prism2,353,/home/humanoid/Programs/hand/results/phase1/run_20260413_pollard_multiscene_500_run3/prism2/generated_mjcf/scene_prism2_tn0d0050p0d0222p0d0028_ip0d0186n0d0214p0d0000_mp0d0034p0d0119p0d0000.xml,prism_y0d0300,True,0.02,4.0,0.45,0.4,1.0,1.0,5.526103838363874,0.050472876657142576,5.0,0.007245765370558955,0.47565082720998825,0.002559846112289394,0.0009344426540793399,1.0,1.0,1.0,0.6444444444444445,0.6444444444444445,0.6444444444444445,0.3555555555555555,0.01870495919709325,0.058660684187437584,-0.005047223917157493,0.022200789717896637,0.0028366476511519825,0.018635731232781283,-0.021376923278164504,0.0,0.003401259195152824,0.011868629062635739,0.0,"[-0.005529476116428621, 1.281415796368659, -1.1570510453292107, -0.15229776981705462, 1.5795226668944378, 0.9476579007443208, -0.03774779370692541, 1.5154372647191428, 0.9705674185439906]"
prism2,354,/home/humanoid/Programs/hand/results/phase1/run_20260413_pollard_multiscene_500_run3/prism2/generated_mjcf/scene_prism2_tn0d0091p0d0153p0d0119_ip0d0146n0d0101p0d0072_mp0d0135p0d0144p0d0004.xml,prism_y0d0300,True,0.02,4.0,0.45,0.4,1.0,1.0,5.001340434496883,0.05100623292952193,5.0,0.00703571540745553,0.20457970406728015,0.002521254148604304,0.0011267686876128141,1.0,1.0,0.48055555555555557,1.0,0.48055555555555557,0.48055555555555557,0.5194444444444444,0.020961617468736787,0.039017929999332936,-0.009122841531660764,0.015328829962151869,0.011877526740116384,0.014612756735501714,-0.010136883345936687,0.00720381312614379,0.013454718008685671,0.014437668626407232,0.0003923962344445347,"[-0.005529476116428621, 1.281415796368659, -1.1570510453292107, -0.15229776981705462, 1.5795226668944378, 0.9476579007443208, -0.03774779370692541, 1.5154372647191428, 0.9705674185439906]"
prism2,355,/home/humanoid/Programs/hand/results/phase1/run_20260413_pollard_multiscene_500_run3/prism2/generated_mjcf/scene_prism2_tn0d0108p0d0258p0d0000_ip0d0180n0d0144p0d0044_mp0d0085p0d0070p0d0005.xml,prism_y0d0300,True,0.02,4.0,0.45,0.4,1.0,1.0,5.544488746917,0.054869246259931975,6.0,0.0070725051708365625,0.4347102637546055,0.0027318218358766294,0.0,1.0,1.0,1.0,0.49166666666666664,0.49166666666666664,0.49166666666666664,0.5083333333333333,0.018433412640349176,0.06351795724029231,-0.010837836256156828,0.02584706010196519,0.0,0.017996213602326824,-0.014394856503673016,0.004360530785069212,0.00846710719667944,0.0070305058966985655,0.0004610260596799032,"[-0.005529476116428621, 1.281415796368659, -1.1570510453292107, -0.15229776981705462, 1.5795226668944378, 0.9476579007443208, -0.03774779370692541, 1.5154372647191428, 0.9705674185439906]"
prism2,356,/home/humanoid/Programs/hand/results/phase1/run_20260413_pollard_multiscene_500_run3/prism2/generated_mjcf/scene_prism2_tp0d0112p0d0139p0d0000_ip0d0182n0d0152p0d0003_mp0d0115p0d0173p0d0074.xml,prism_y0d0300,False,0.02,4.0,0.45,0.4,0.0,1.0,2.13893460154993,0.047912981712925726,4.0,0.009023394955031091,3.7628415222546505,0.008562519823116576,0.001131985779710798,0.9722222222222222,0.9722222222222222,0.0,1.0,0.0,0.0,1.0,0.037561725115505706,0.06160768904250782,0.01115634821632247,0.013902861925370564,0.0,0.018235892805302557,-0.01517470826905366,0.0002586625091600264,0.011486192576683386,0.017257165777358207,0.007367364731213931,"[-0.005529476116428621, 1.281415796368659, -1.1570510453292107, -0.15229776981705462, 1.5795226668944378, 0.9476579007443208, -0.03774779370692541, 1.5154372647191428, 0.9705674185439906]"
prism2,357,/home/humanoid/Programs/hand/results/phase1/run_20260413_pollard_multiscene_500_run3/prism2/generated_mjcf/scene_prism2_tn0d0022p0d0202p0d0000_ip0d0190n0d0081p0d0000_mp0d0023p0d0160p0d0000.xml,prism_y0d0300,True,0.02,4.0,0.45,0.4,1.0,1.0,6.901642285605148,0.04981777922803165,5.0,0.005662867615945147,0.053709412532565975,0.0006618851927281587,5.657434866807032e-05,1.0,1.0,1.0,1.0,1.0,1.0,0.0,0.01682188064264835,0.00225151256229759,-0.0022114211001733417,0.02015239016423227,0.0,0.019037892298739346,-0.008147344233290962,0.0,0.0022584008568622242,0.01599825880223124,0.0,"[-0.005529476116428621, 1.281415796368659, -1.1570510453292107, -0.15229776981705462, 1.5795226668944378, 0.9476579007443208, -0.03774779370692541, 1.5154372647191428, 0.9705674185439906]"
prism2,358,/home/humanoid/Programs/hand/results/phase1/run_20260413_pollard_multiscene_500_run3/prism2/generated_mjcf/scene_prism2_tn0d0032p0d0212p0d0000_ip0d0113n0d0003p0d0000_mp0d0087p0d0046p0d0074.xml,prism_y0d0300,True,0.02,4.0,0.45,0.4,1.0,1.0,6.4924518156504245,0.04900753550988063,4.0,0.005635978878162736,0.005256689874459075,0.0006455706667688281,6.130684260773067e-05,1.0,1.0,1.0,1.0,1.0,1.0,0.0,0.0049618240742888104,0.002361071543417063,-0.0032261315123318663,0.0211871862183576,0.0,0.011311302439958055,-0.00033666258881834797,0.0,0.008688902469951895,0.004588963809888574,0.007431512844343829,"[-0.005529476116428621, 1.281415796368659, -1.1570510453292107, -0.15229776981705462, 1.5795226668944378, 0.9476579007443208, -0.03774779370692541, 1.5154372647191428, 0.9705674185439906]"
prism2,359,/home/humanoid/Programs/hand/results/phase1/run_20260413_pollard_multiscene_500_run3/prism2/generated_mjcf/scene_prism2_tp0d0021p0d0300p0d0038_ip0d0094n0d0116p0d0000_mp0d0060p0d0178p0d0000.xml,prism_y0d0300,False,0.02,4.0,0.45,0.4,0.0,1.0,2.5240625659365588,0.049874319373241154,4.0,0.00878939068872994,1.488578936799347,0.014984413342494196,0.0015746856338620524,1.0,1.0,1.0,0.0,0.0,0.0,1.0,0.015336591256795975,0.11306738262282821,0.002053449878073278,0.03,0.003783683303278742,0.009426483925576358,-0.011583913748456132,0.0,0.006011042113765158,0.017809019608174263,0.0,"[-0.005529476116428621, 1.281415796368659, -1.1570510453292107, -0.15229776981705462, 1.5795226668944378, 0.9476579007443208, -0.03774779370692541, 1.5154372647191428, 0.9705674185439906]"
prism2,360,/home/humanoid/Programs/hand/results/phase1/run_20260413_pollard_multiscene_500_run3/prism2/generated_mjcf/scene_prism2_tp0d0077p0d0288p0d0000_ip0d0146n0d0140p0d0000_mp0d0217p0d0090p0d0038.xml,prism_y0d0300,False,0.02,4.0,0.45,0.4,0.0,1.0,-0.6003476457930915,0.04999649336872178,4.0,0.01047409923993089,17.682780472795965,0.04316121008816837,0.040699397849219165,0.8944444444444445,0.8972222222222223,0.8944444444444445,0.0,0.0,0.0,0.8972222222222223,0.11121370017843195,0.11434959657982868,0.007692612643866344,0.028837691525292333,0.0,0.014600800689397628,-0.013961397513764087,0.0,0.02174568502353339,0.009014776072522324,0.003847079872144152,"[-0.005529476116428621, 1.281415796368659, -1.1570510453292107, -0.15229776981705462, 1.5795226668944378, 0.9476579007443208, -0.03774779370692541, 1.5154372647191428, 0.9705674185439906]"
prism2,361,/home/humanoid/Programs/hand/results/phase1/run_20260413_pollard_multiscene_500_run3/prism2/generated_mjcf/scene_prism2_tp0d0063p0d0247p0d0000_ip0d0049n0d0079p0d0000_mp0d0212p0d0139p0d0013.xml,prism_y0d0300,True,0.02,4.0,0.45,0.4,1.0,1.0,7.123753617550415,0.054022421863010275,6.0,0.005725877234270822,0.23953782071560445,0.017838006814218307,0.0,1.0,1.0,1.0,1.0,1.0,1.0,0.0,0.15432521296587773,0.11659093245574688,0.006298885232914844,0.024677701527575972,0.0,0.004865482952478182,-0.007899234012555876,0.0,0.021239068743524485,0.013910428198081467,0.0012518095585489566,"[-0.005529476116428621, 1.281415796368659, -1.1570510453292107, -0.15229776981705462, 1.5795226668944378, 0.9476579007443208, -0.03774779370692541, 1.5154372647191428, 0.9705674185439906]"
prism2,362,/home/humanoid/Programs/hand/results/phase1/run_20260413_pollard_multiscene_500_run3/prism2/generated_mjcf/scene_prism2_tp0d0001p0d0184p0d0000_ip0d0200n0d0237p0d0113_mp0d0008p0d0136p0d0046.xml,prism_y0d0300,False,0.02,4.0,0.45,0.4,0.0,1.0,3.61310787129497,0.04970476957644537,5.0,0.007284794633433014,1.979224268351457,0.0009116588253784528,0.0018098274021184496,0.7888888888888889,1.0,0.2388888888888889,0.7888888888888889,0.2388888888888889,0.2388888888888889,0.7611111111111111,0.03529500974789013,0.08746810789312463,9.038651703096798e-05,0.01835541066897918,0.0,0.02001264994905546,-0.023737975227585074,0.011274612962096212,0.000750582854815959,0.013632312421630632,0.004622285063949041,"[-0.005529476116428621, 1.281415796368659, -1.1570510453292107, -0.15229776981705462, 1.5795226668944378, 0.9476579007443208, -0.03774779370692541, 1.5154372647191428, 0.9705674185439906]"
prism2,363,/home/humanoid/Programs/hand/results/phase1/run_20260413_pollard_multiscene_500_run3/prism2/generated_mjcf/scene_prism2_tp0d0072p0d0238p0d0000_ip0d0194n0d0139p0d0000_mp0d0167p0d0168p0d0000.xml,prism_y0d0300,True,0.02,4.0,0.45,0.4,1.0,1.0,6.251335523392526,0.04980585850092403,5.0,0.005681766689160328,3.127766304964165,0.010608515109054516,0.0,1.0,1.0,1.0,1.0,1.0,1.0,0.0,0.12350696228110473,0.04836598416287804,0.007206458439634005,0.02379163141151473,0.0,0.019368293958761447,-0.013866451305668421,0.0,0.01674031164559555,0.016847650557893175,0.0,"[-0.005529476116428621, 1.281415796368659, -1.1570510453292107, -0.15229776981705462, 1.5795226668944378, 0.9476579007443208, -0.03774779370692541, 1.5154372647191428, 0.9705674185439906]"
prism2,364,/home/humanoid/Programs/hand/results/phase1/run_20260413_pollard_multiscene_500_run3/prism2/generated_mjcf/scene_prism2_tn0d0041p0d0101p0d0010_ip0d0016n0d0071p0d0013_mp0d0213p0d0036p0d0052.xml,prism_y0d0300,True,0.02,4.0,0.45,0.4,1.0,1.0,5.702115077490158,0.04594241152976509,4.0,0.007980760909323571,0.1334620363102564,0.01144552655119005,0.001149929170584263,1.0,0.8472222222222222,1.0,1.0,0.8472222222222222,0.8472222222222222,0.1527777777777778,0.025377227087562484,0.024077924689440405,-0.004084384463942093,0.010142883921641723,0.000990451667586002,0.0015985144586338831,-0.007118649794417934,0.0013321773609604407,0.02130587540881341,0.003579389141666148,0.0051866735559624386,"[-0.005529476116428621, 1.281415796368659, -1.1570510453292107, -0.15229776981705462, 1.5795226668944378, 0.9476579007443208, -0.03774779370692541, 1.5154372647191428, 0.9705674185439906]"
prism2,365,/home/humanoid/Programs/hand/results/phase1/run_20260413_pollard_multiscene_500_run3/prism2/generated_mjcf/scene_prism2_tn0d0071p0d0088p0d0031_ip0d0111n0d0170p0d0002_mn0d0007p0d0136p0d0018.xml,prism_y0d0300,False,0.02,4.0,0.45,0.4,0.0,1.0,2.822318431800412,0.04904531772897572,4.0,0.009729030698498398,0.13095082264238325,0.002087649254488291,0.0016145620403863609,1.0,1.0,0.0,1.0,0.0,0.0,1.0,0.005487128280083175,0.03555847125747125,-0.007111680416374847,0.00882751144408678,0.0030761017613265777,0.011097168626456416,-0.017043214039433305,0.00017592095316793822,-0.00067781911633992,0.013552297422319226,0.00184459033777753,"[-0.005529476116428621, 1.281415796368659, -1.1570510453292107, -0.15229776981705462, 1.5795226668944378, 0.9476579007443208, -0.03774779370692541, 1.5154372647191428, 0.9705674185439906]"
prism2,366,/home/humanoid/Programs/hand/results/phase1/run_20260413_pollard_multiscene_500_run3/prism2/generated_mjcf/scene_prism2_tp0d0090p0d0283p0d0071_ip0d0201n0d0143p0d0000_mn0d0018p0d0143p0d0002.xml,prism_y0d0300,True,0.02,4.0,0.45,0.4,1.0,1.0,6.094996209809565,0.047902130954218636,6.0,0.007910055683991918,0.5930814565353746,0.004804242288858841,0.0013125449541408901,1.0,1.0,1.0,0.7277777777777777,0.7277777777777777,0.7277777777777777,0.27222222222222225,0.014345485885895093,0.0757491293421168,0.008993048384683937,0.028332332885572582,0.007133172031471843,0.0201278457978318,-0.014265996985525718,0.0,-0.0017792897870281283,0.014276096134759242,0.00021827326428465292,"[-0.005529476116428621, 1.281415796368659, -1.1570510453292107, -0.15229776981705462, 1.5795226668944378, 0.9476579007443208, -0.03774779370692541, 1.5154372647191428, 0.9705674185439906]"
prism2,367,/home/humanoid/Programs/hand/results/phase1/run_20260413_pollard_multiscene_500_run3/prism2/generated_mjcf/scene_prism2_tp0d0013p0d0300p0d0000_ip0d0055n0d0141p0d0078_mp0d0137p0d0226p0d0000.xml,prism_y0d0300,True,0.02,4.0,0.45,0.4,1.0,1.0,4.6229494959046695,0.05350661450565233,5.0,0.005689182758985408,0.9284957626232802,0.021768478919918403,0.00010118547108164955,1.0,1.0,1.0,0.4666666666666667,0.4666666666666667,0.4666666666666667,0.5333333333333333,0.1743483170727008,0.14591173127301785,0.0013243586582645864,0.03,0.0,0.005454282046486432,-0.014076684522502887,0.007848994918644388,0.013675916096374986,0.022612653700813792,0.0,"[-0.005529476116428621, 1.281415796368659, -1.1570510453292107, -0.15229776981705462, 1.5795226668944378, 0.9476579007443208, -0.03774779370692541, 1.5154372647191428, 0.9705674185439906]"
prism2,368,/home/humanoid/Programs/hand/results/phase1/run_20260413_pollard_multiscene_500_run3/prism2/generated_mjcf/scene_prism2_tn0d0041p0d0084p0d0102_ip0d0153n0d0157p0d0001_mn0d0018p0d0221p0d0100.xml,prism_y0d0300,False,0.02,4.0,0.45,0.4,0.0,1.0,2.687755662922862,0.046068663506651314,4.0,0.011354889877324722,0.16729575604581823,0.004384721251168481,0.0016053813621166174,1.0,1.0,0.0,1.0,0.0,0.0,1.0,0.012332710239209043,0.037875605113584156,-0.004053401737318047,0.008430366835151014,0.010164258692179497,0.015257946914463924,-0.0156555570176925,0.00011680821710949654,-0.0017660762171259354,0.022104252712855398,0.010035043290268227,"[-0.005529476116428621, 1.281415796368659, -1.1570510453292107, -0.15229776981705462, 1.5795226668944378, 0.9476579007443208, -0.03774779370692541, 1.5154372647191428, 0.9705674185439906]"
prism2,369,/home/humanoid/Programs/hand/results/phase1/run_20260413_pollard_multiscene_500_run3/prism2/generated_mjcf/scene_prism2_tn0d0058p0d0248p0d0003_ip0d0140n0d0106p0d0006_mp0d0122p0d0059p0d0000.xml,prism_y0d0300,True,0.02,4.0,0.45,0.4,1.0,1.0,5.249068835654001,0.05466852574862229,5.0,0.005862364989708781,0.6755952118593562,0.0086727987611815,0.0,1.0,1.0,1.0,0.5777777777777777,0.5777777777777777,0.5777777777777777,0.4222222222222223,0.12734218341173237,0.10377315562127232,-0.0058268376677013956,0.024841286858219992,0.0002982599472535624,0.014002525851861946,-0.010559997507252046,0.0006057673427742397,0.012179493967528118,0.005867447662353625,0.0,"[-0.005529476116428621, 1.281415796368659, -1.1570510453292107, -0.15229776981705462, 1.5795226668944378, 0.9476579007443208, -0.03774779370692541, 1.5154372647191428, 0.9705674185439906]"
prism2,370,/home/humanoid/Programs/hand/results/phase1/run_20260413_pollard_multiscene_500_run3/prism2/generated_mjcf/scene_prism2_tn0d0045p0d0101p0d0000_in0d0000n0d0203p0d0049_mn0d0014p0d0174p0d0000.xml,prism_y0d0300,False,0.02,4.0,0.45,0.4,0.0,1.0,2.5990739091196335,0.04712380775378651,4.0,0.011223669483416089,0.2800629749240277,0.014229416074459874,0.003898924245591018,1.0,1.0,0.0,1.0,0.0,0.0,1.0,0.020664403088024627,0.06594917315116333,-0.0044817304554041985,0.010133206181426631,0.0,-4.208788127289288e-05,-0.020312697918262373,0.004931652050945971,-0.001420408213504953,0.01743343816215112,0.0,"[-0.005529476116428621, 1.281415796368659, -1.1570510453292107, -0.15229776981705462, 1.5795226668944378, 0.9476579007443208, -0.03774779370692541, 1.5154372647191428, 0.9705674185439906]"
prism2,371,/home/humanoid/Programs/hand/results/phase1/run_20260413_pollard_multiscene_500_run3/prism2/generated_mjcf/scene_prism2_tp0d0060p0d0272p0d0000_ip0d0076n0d0158p0d0033_mp0d0058p0d0188p0d0080.xml,prism_y0d0300,False,0.02,4.0,0.45,0.4,0.0,1.0,4.41061253842356,0.053164499142331845,5.0,0.00574428406148985,0.07013100204777879,0.030397961378426326,0.0,1.0,1.0,1.0,0.39166666666666666,0.39166666666666666,0.39166666666666666,0.6083333333333334,0.17484437126839047,0.16180914717791586,0.006042441969243088,0.027228365459574227,0.0,0.007593758980041379,-0.015792569411251185,0.0033017785952277386,0.005776874706348101,0.01882102030819338,0.007980643465284785,"[-0.005529476116428621, 1.281415796368659, -1.1570510453292107, -0.15229776981705462, 1.5795226668944378, 0.9476579007443208, -0.03774779370692541, 1.5154372647191428, 0.9705674185439906]"
prism2,372,/home/humanoid/Programs/hand/results/phase1/run_20260413_pollard_multiscene_500_run3/prism2/generated_mjcf/scene_prism2_tn0d0039p0d0221p0d0076_ip0d0216n0d0035p0d0114_mp0d0217p0d0048p0d0023.xml,prism_y0d0300,True,0.02,4.0,0.45,0.4,1.0,1.0,6.461910415758488,0.050075114004201324,4.0,0.005773919240022078,0.18744754898382385,0.0022828271276901712,0.0,1.0,1.0,1.0,1.0,1.0,1.0,0.0,0.032359235908013734,0.009994809773573587,-0.0039367057456346135,0.022129036276644528,0.00759938668754058,0.021600388888547803,-0.003458654995397466,0.011387362033031666,0.021716500944982772,0.004846232690389937,0.0023329764739651176,"[-0.005529476116428621, 1.281415796368659, -1.1570510453292107, -0.15229776981705462, 1.5795226668944378, 0.9476579007443208, -0.03774779370692541, 1.5154372647191428, 0.9705674185439906]"
prism2,373,/home/humanoid/Programs/hand/results/phase1/run_20260413_pollard_multiscene_500_run3/prism2/generated_mjcf/scene_prism2_tn0d0117p0d0102p0d0000_ip0d0216n0d0083p0d0034_mn0d0008p0d0137p0d0071.xml,prism_y0d0300,False,0.02,4.0,0.45,0.4,0.0,1.0,2.806749133376447,0.04950493807445322,4.0,0.0093007004087574,0.23745200784886167,0.005479365653218544,0.001051394833035832,1.0,1.0,0.0,1.0,0.0,0.0,1.0,0.007739026014807378,0.03694507860804578,-0.011721801351998734,0.010249897424361614,0.0,0.021571248344733958,-0.008281985314991391,0.003362224881755657,-0.0008025599165518201,0.013740737562206125,0.007120033040254055,"[-0.005529476116428621, 1.281415796368659, -1.1570510453292107, -0.15229776981705462, 1.5795226668944378, 0.9476579007443208, -0.03774779370692541, 1.5154372647191428, 0.9705674185439906]"
prism2,374,/home/humanoid/Programs/hand/results/phase1/run_20260413_pollard_multiscene_500_run3/prism2/generated_mjcf/scene_prism2_tn0d0012p0d0088p0d0000_in0d0013n0d0179p0d0087_mp0d0149p0d0097p0d0012.xml,prism_y0d0300,False,0.02,4.0,0.45,0.4,0.0,1.0,4.197446323242497,0.05120157210036892,4.0,0.010085334318028322,0.5425510372202398,0.01609517420040482,0.0009300584735225104,0.9722222222222222,0.4361111111111111,0.5361111111111111,1.0,0.0,0.4361111111111111,0.5638888888888889,0.10523435271544018,0.05573410845792359,-0.0011870628156485583,0.008785765256269625,0.0,-0.0012845129532466984,-0.01790627764087028,0.008705030224436333,0.014947856117084853,0.009691392927035278,0.001202015562066389,"[-0.005529476116428621, 1.281415796368659, -1.1570510453292107, -0.15229776981705462, 1.5795226668944378, 0.9476579007443208, -0.03774779370692541, 1.5154372647191428, 0.9705674185439906]"
prism2,375,/home/humanoid/Programs/hand/results/phase1/run_20260413_pollard_multiscene_500_run3/prism2/generated_mjcf/scene_prism2_tn0d0024p0d0249p0d0000_ip0d0189n0d0020p0d0086_mp0d0011p0d0101p0d0097.xml,prism_y0d0300,True,0.02,4.0,0.45,0.4,1.0,1.0,7.128312285322449,0.05365475873709649,6.0,0.005628080297495917,0.670986930265516,0.0075322502085105,0.0,1.0,1.0,1.0,1.0,1.0,1.0,0.0,0.14406514813350443,0.09688284191308343,-0.002364992455036838,0.02485474196775472,0.0,0.0189458288206348,-0.0020460735160279016,0.008558192589777455,0.0010822010446346324,0.010070902748129561,0.009711010137673462,"[-0.005529476116428621, 1.281415796368659, -1.1570510453292107, -0.15229776981705462, 1.5795226668944378, 0.9476579007443208, -0.03774779370692541, 1.5154372647191428, 0.9705674185439906]"
prism2,376,/home/humanoid/Programs/hand/results/phase1/run_20260413_pollard_multiscene_500_run3/prism2/generated_mjcf/scene_prism2_tp0d0105p0d0300p0d0000_ip0d0063n0d0138p0d0000_mn0d0013p0d0092p0d0107.xml,prism_y0d0300,False,0.02,4.0,0.45,0.4,0.0,1.0,1.0439336620859812,0.046441485497544656,4.0,0.013596852620100741,4.397256002783026,0.06881901387141232,0.04338970407274174,0.25555555555555554,0.25555555555555554,0.4861111111111111,0.0,0.0,0.0,0.4861111111111111,0.1389385213592606,0.0866365646418043,0.010522744540146026,0.03,0.0,0.006265542463366365,-0.013777684366762381,0.0,-0.0013129549292847896,0.009179419376552186,0.010680191381843947,"[-0.005529476116428621, 1.281415796368659, -1.1570510453292107, -0.15229776981705462, 1.5795226668944378, 0.9476579007443208, -0.03774779370692541, 1.5154372647191428, 0.9705674185439906]"
prism2,377,/home/humanoid/Programs/hand/results/phase1/run_20260413_pollard_multiscene_500_run3/prism2/generated_mjcf/scene_prism2_tp0d0098p0d0111p0d0000_ip0d0151n0d0201p0d0000_mp0d0220p0d0245p0d0000.xml,prism_y0d0300,True,0.02,4.0,0.45,0.4,1.0,1.0,5.707141157469014,0.04677080892470646,4.0,0.008624042742640172,0.39188906543677726,0.0031101306802167857,0.002405640992659955,1.0,1.0,0.8416666666666667,1.0,0.8416666666666667,0.8416666666666667,0.15833333333333333,0.017978554358611374,0.036597358486166874,0.00981687253429277,0.011120275617783176,0.0,0.015080426789617232,-0.020071235905748067,0.0,0.02197541611441125,0.024494177142076932,0.0,"[-0.005529476116428621, 1.281415796368659, -1.1570510453292107, -0.15229776981705462, 1.5795226668944378, 0.9476579007443208, -0.03774779370692541, 1.5154372647191428, 0.9705674185439906]"
prism2,378,/home/humanoid/Programs/hand/results/phase1/run_20260413_pollard_multiscene_500_run3/prism2/generated_mjcf/scene_prism2_tn0d0031p0d0178p0d0000_ip0d0097n0d0197p0d0076_mp0d0193p0d0182p0d0000.xml,prism_y0d0300,True,0.02,4.0,0.45,0.4,1.0,1.0,6.385994786461763,0.049444269052622516,5.0,0.005654999158971868,1.9640939930485972,0.011108679542684765,0.0,1.0,1.0,1.0,1.0,1.0,1.0,0.0,0.1371551782923098,0.06964655511274648,-0.003080000567103787,0.01777371674284665,0.0,0.009742211201763528,-0.0197073930433107,0.007610088691735812,0.0192940940515098,0.01819294307398065,0.0,"[-0.005529476116428621, 1.281415796368659, -1.1570510453292107, -0.15229776981705462, 1.5795226668944378, 0.9476579007443208, -0.03774779370692541, 1.5154372647191428, 0.9705674185439906]"
prism2,379,/home/humanoid/Programs/hand/results/phase1/run_20260413_pollard_multiscene_500_run3/prism2/generated_mjcf/scene_prism2_tp0d0005p0d0181p0d0102_ip0d0204n0d0113p0d0000_mp0d0040p0d0080p0d0000.xml,prism_y0d0300,True,0.02,4.0,0.45,0.4,1.0,1.0,6.22436227647509,0.05014691539050958,4.0,0.005849127634003109,0.15085068878985533,0.01801551455271499,0.0,1.0,1.0,1.0,1.0,1.0,1.0,0.0,0.14755377560083854,0.08161408137826352,0.0005063580441945943,0.018121217785754797,0.010185928300256861,0.020406265641012875,-0.011317239845225827,0.0,0.003969351811511051,0.00798329334682274,0.0,"[-0.005529476116428621, 1.281415796368659, -1.1570510453292107, -0.15229776981705462, 1.5795226668944378, 0.9476579007443208, -0.03774779370692541, 1.5154372647191428, 0.9705674185439906]"
prism2,380,/home/humanoid/Programs/hand/results/phase1/run_20260413_pollard_multiscene_500_run3/prism2/generated_mjcf/scene_prism2_tp0d0053p0d0088p0d0051_ip0d0056n0d0156p0d0120_mp0d0025p0d0214p0d0000.xml,prism_y0d0300,False,0.02,4.0,0.45,0.4,0.0,1.0,1.330859147177804,0.054374294706555,3.0,0.014892614929767801,1.5744803563341856e-09,0.05589929141259109,0.06030332069991105,0.06388888888888888,0.06388888888888888,0.0,0.4638888888888889,0.0,0.0,0.4638888888888889,0.15661590564574235,0.04249775876027347,0.005349473339106178,0.008816536146796552,0.005122068738884589,0.005591055319891105,-0.015626360728080328,0.01198958202252913,0.00245615434592318,0.0213548310212551,0.0,"[-0.005529476116428621, 1.281415796368659, -1.1570510453292107, -0.15229776981705462, 1.5795226668944378, 0.9476579007443208, -0.03774779370692541, 1.5154372647191428, 0.9705674185439906]"
prism2,381,/home/humanoid/Programs/hand/results/phase1/run_20260413_pollard_multiscene_500_run3/prism2/generated_mjcf/scene_prism2_tp0d0088p0d0272p0d0000_in0d0018n0d0006p0d0118_mp0d0039p0d0093p0d0065.xml,prism_y0d0300,True,0.02,4.0,0.45,0.4,1.0,1.0,6.844959275944783,0.04901700438450961,5.0,0.005561838674686526,0.09172132142016702,0.0015421606998211402,1.7922495213804068e-05,1.0,1.0,1.0,1.0,1.0,1.0,0.0,0.03220586321813223,0.008160209182059766,0.00883521132348538,0.02723552528533489,0.0,-0.0017554778323576065,-0.0005744690308488714,0.011781042137225497,0.0038637391976680735,0.009288167528081906,0.006509256874247228,"[-0.005529476116428621, 1.281415796368659, -1.1570510453292107, -0.15229776981705462, 1.5795226668944378, 0.9476579007443208, -0.03774779370692541, 1.5154372647191428, 0.9705674185439906]"
prism2,382,/home/humanoid/Programs/hand/results/phase1/run_20260413_pollard_multiscene_500_run3/prism2/generated_mjcf/scene_prism2_tp0d0073p0d0185p0d0056_ip0d0209n0d0050p0d0000_mp0d0188p0d0110p0d0000.xml,prism_y0d0300,True,0.02,4.0,0.45,0.4,1.0,1.0,6.15788299019107,0.05017198901276436,5.0,0.005783901606428485,3.624724183633334,0.01243499827811057,0.0,1.0,1.0,1.0,1.0,1.0,1.0,0.0,0.13048024535373887,0.07553991895084604,0.007305359803473289,0.01853133851136897,0.005595346364554953,0.020921363985685365,-0.0049934306565185185,0.0,0.01877336898563437,0.011049691809589724,0.0,"[-0.005529476116428621, 1.281415796368659, -1.1570510453292107, -0.15229776981705462, 1.5795226668944378, 0.9476579007443208, -0.03774779370692541, 1.5154372647191428, 0.9705674185439906]"
prism2,383,/home/humanoid/Programs/hand/results/phase1/run_20260413_pollard_multiscene_500_run3/prism2/generated_mjcf/scene_prism2_tn0d0118p0d0271p0d0000_ip0d0077n0d0076p0d0000_mp0d0104p0d0062p0d0000.xml,prism_y0d0300,True,0.02,4.0,0.45,0.4,1.0,1.0,5.789908602288117,0.05396046568656235,5.0,0.005782763747061217,0.8643592889188727,0.009784544264794668,0.0,1.0,1.0,1.0,0.7472222222222222,0.7472222222222222,0.7472222222222222,0.25277777777777777,0.14870370623660992,0.08015460816846676,-0.011835445780551481,0.02708227762575327,0.0,0.00774784304588942,-0.007563727153970494,0.0,0.010352447859135416,0.00620925942575782,0.0,"[-0.005529476116428621, 1.281415796368659, -1.1570510453292107, -0.15229776981705462, 1.5795226668944378, 0.9476579007443208, -0.03774779370692541, 1.5154372647191428, 0.9705674185439906]"
prism2,384,/home/humanoid/Programs/hand/results/phase1/run_20260413_pollard_multiscene_500_run3/prism2/generated_mjcf/scene_prism2_tp0d0017p0d0255p0d0000_ip0d0031n0d0131p0d0000_mp0d0099p0d0257p0d0033.xml,prism_y0d0300,True,0.02,4.0,0.45,0.4,1.0,1.0,6.8399670500629455,0.05293029904551882,6.0,0.005700427455827685,1.6289771116955434,0.023660791938553017,0.0006697123621566686,1.0,1.0,1.0,1.0,1.0,1.0,0.0,0.13079712615270972,0.15209513746863618,0.0016914948769208415,0.025535338406468797,0.0,0.0031439657404761087,-0.0130591830163866,0.0,0.009858869067842405,0.02571102656057945,0.0032954859455089983,"[-0.005529476116428621, 1.281415796368659, -1.1570510453292107, -0.15229776981705462, 1.5795226668944378, 0.9476579007443208, -0.03774779370692541, 1.5154372647191428, 0.9705674185439906]"
prism2,385,/home/humanoid/Programs/hand/results/phase1/run_20260413_pollard_multiscene_500_run3/prism2/generated_mjcf/scene_prism2_tn0d0097p0d0110p0d0000_ip0d0125n0d0058p0d0000_mp0d0078p0d0247p0d0000.xml,prism_y0d0300,False,0.02,4.0,0.45,0.4,0.0,1.0,2.735440225828751,0.046739921384681166,4.0,0.009309006856177679,0.13167753525420525,0.0037112912212224508,0.0016118803610529336,1.0,1.0,0.0,1.0,0.0,0.0,1.0,0.007720293418735101,0.025513547111796726,-0.009705485774302398,0.010951697871815396,0.0,0.01253462152769577,-0.0057613579648361415,0.0,0.007829687300922256,0.024665368578795213,0.0,"[-0.005529476116428621, 1.281415796368659, -1.1570510453292107, -0.15229776981705462, 1.5795226668944378, 0.9476579007443208, -0.03774779370692541, 1.5154372647191428, 0.9705674185439906]"
prism2,386,/home/humanoid/Programs/hand/results/phase1/run_20260413_pollard_multiscene_500_run3/prism2/generated_mjcf/scene_prism2_tp0d0112p0d0234p0d0078_ip0d0165n0d0031p0d0000_mp0d0057p0d0176p0d0000.xml,prism_y0d0300,True,0.02,4.0,0.45,0.4,1.0,1.0,6.522456353776797,0.049805129003084564,4.0,0.00571916491140471,0.007238836971280807,0.0002020904423421035,7.234240598305575e-05,1.0,1.0,1.0,1.0,1.0,1.0,0.0,0.0057060265853027675,0.0008246557030183177,0.011221352133399164,0.023400693629328326,0.007817550025673033,0.016469362116625613,-0.0030606096441238902,0.0,0.0056810241222650226,0.017649806992087,0.0,"[-0.005529476116428621, 1.281415796368659, -1.1570510453292107, -0.15229776981705462, 1.5795226668944378, 0.9476579007443208, -0.03774779370692541, 1.5154372647191428, 0.9705674185439906]"
prism2,387,/home/humanoid/Programs/hand/results/phase1/run_20260413_pollard_multiscene_500_run3/prism2/generated_mjcf/scene_prism2_tp0d0022p0d0296p0d0042_in0d0005n0d0213p0d0114_mn0d0003p0d0235p0d0117.xml,prism_y0d0300,False,0.02,4.0,0.45,0.4,0.0,1.0,2.915282731004329,0.05183628994057539,5.0,0.006291062245413315,0.6158441867557911,0.025427303146405813,0.0012046261921150603,0.6888888888888889,1.0,0.6888888888888889,0.06388888888888888,0.06388888888888888,0.06388888888888888,0.9361111111111111,0.135302162707069,0.1456365592636818,0.0022174444709567916,0.02962539332540697,0.004156687339348996,-0.0005198644936682765,-0.02134521506551034,0.011364295824339798,-0.0003092501664925997,0.02351928518610475,0.011679372772733076,"[-0.005529476116428621, 1.281415796368659, -1.1570510453292107, -0.15229776981705462, 1.5795226668944378, 0.9476579007443208, -0.03774779370692541, 1.5154372647191428, 0.9705674185439906]"
prism2,388,/home/humanoid/Programs/hand/results/phase1/run_20260413_pollard_multiscene_500_run3/prism2/generated_mjcf/scene_prism2_tn0d0081p0d0249p0d0074_ip0d0208n0d0041p0d0060_mp0d0165p0d0220p0d0000.xml,prism_y0d0300,True,0.02,4.0,0.45,0.4,1.0,1.0,6.730564891128257,0.05213224603757206,5.0,0.005854710253029897,0.35047645847926834,0.010458547988685476,0.0,1.0,1.0,1.0,1.0,1.0,1.0,0.0,0.13046610824090946,0.07313086947158715,-0.008107505421219302,0.024897468565151633,0.007392595337002955,0.020834492113102794,-0.004065712382739778,0.005970238289425941,0.01648862815479199,0.021974727226854895,0.0,"[-0.005529476116428621, 1.281415796368659, -1.1570510453292107, -0.15229776981705462, 1.5795226668944378, 0.9476579007443208, -0.03774779370692541, 1.5154372647191428, 0.9705674185439906]"
prism2,389,/home/humanoid/Programs/hand/results/phase1/run_20260413_pollard_multiscene_500_run3/prism2/generated_mjcf/scene_prism2_tn0d0039p0d0285p0d0057_ip0d0208n0d0041p0d0036_mp0d0108p0d0059p0d0000.xml,prism_y0d0300,True,0.02,4.0,0.45,0.4,1.0,1.0,5.043751340519,0.052576367105300024,5.0,0.0063384118016026475,0.167049387592328,0.003104345108999368,0.001085979086453387,1.0,1.0,1.0,0.49444444444444446,0.49444444444444446,0.49444444444444446,0.5055555555555555,0.06945003004635544,0.07515885337330859,-0.0038931974279779093,0.02852385064265748,0.005709619844043064,0.020838318228018286,-0.0041099736522949,0.003648895908196892,0.0108003713735257,0.005888130359499352,0.0,"[-0.005529476116428621, 1.281415796368659, -1.1570510453292107, -0.15229776981705462, 1.5795226668944378, 0.9476579007443208, -0.03774779370692541, 1.5154372647191428, 0.9705674185439906]"
prism2,390,/home/humanoid/Programs/hand/results/phase1/run_20260413_pollard_multiscene_500_run3/prism2/generated_mjcf/scene_prism2_tp0d0111p0d0091p0d0111_ip0d0003n0d0059p0d0000_mp0d0056p0d0107p0d0000.xml,prism_y0d0300,False,0.02,4.0,0.45,0.4,0.0,1.0,0.9597244055733699,0.045503647387386756,3.0,0.009085429360495624,3.7108932665100953,0.013734237054470069,0.004977930107145492,0.19166666666666668,0.19166666666666668,0.0,1.0,0.0,0.0,1.0,0.029187725398511888,0.08020685721983284,0.011086732584622856,0.009114061201632327,0.011143108779249625,0.00025073679208613593,-0.0059266445125180246,0.0,0.0055913408234708984,0.010650676511304417,0.0,"[-0.005529476116428621, 1.281415796368659, -1.1570510453292107, -0.15229776981705462, 1.5795226668944378, 0.9476579007443208, -0.03774779370692541, 1.5154372647191428, 0.9705674185439906]"
prism2,391,/home/humanoid/Programs/hand/results/phase1/run_20260413_pollard_multiscene_500_run3/prism2/generated_mjcf/scene_prism2_tp0d0086p0d0123p0d0089_ip0d0070n0d0226p0d0091_mp0d0164p0d0140p0d0037.xml,prism_y0d0300,False,0.02,4.0,0.45,0.4,0.0,1.0,2.74845033550673,0.04917560829394968,4.0,0.008909886811482949,0.19284032732178633,0.006639121187987614,0.002207704335449076,1.0,1.0,0.0,1.0,0.0,0.0,1.0,0.01963611103474248,0.0799736837444356,0.008609555327129374,0.012341154397680697,0.008912346989687733,0.007000500798774553,-0.022583043905803016,0.009075589409086891,0.016411278947240843,0.014031523004441703,0.003694186370186217,"[-0.005529476116428621, 1.281415796368659, -1.1570510453292107, -0.15229776981705462, 1.5795226668944378, 0.9476579007443208, -0.03774779370692541, 1.5154372647191428, 0.9705674185439906]"
prism2,392,/home/humanoid/Programs/hand/results/phase1/run_20260413_pollard_multiscene_500_run3/prism2/generated_mjcf/scene_prism2_tp0d0043p0d0176p0d0012_ip0d0077n0d0128p0d0049_mp0d0080p0d0130p0d0065.xml,prism_y0d0300,False,0.02,4.0,0.45,0.4,0.0,1.0,4.5793563073458206,0.05301496174274786,6.0,0.005697835220129705,1.8471574838763616,0.024954752678704308,0.0018784193366210705,1.0,1.0,0.3861111111111111,1.0,0.3861111111111111,0.3861111111111111,0.6138888888888889,0.1300141230832446,0.15082877886743648,0.004254000457927461,0.01759718261799633,0.0011591161610298387,0.007690670392919728,-0.012804244452743358,0.0048799535306744725,0.007961258183951048,0.01299761563100522,0.006523599200057,"[-0.005529476116428621, 1.281415796368659, -1.1570510453292107, -0.15229776981705462, 1.5795226668944378, 0.9476579007443208, -0.03774779370692541, 1.5154372647191428, 0.9705674185439906]"
prism2,393,/home/humanoid/Programs/hand/results/phase1/run_20260413_pollard_multiscene_500_run3/prism2/generated_mjcf/scene_prism2_tn0d0050p0d0163p0d0000_ip0d0035n0d0034p0d0000_mp0d0059p0d0048p0d0000.xml,prism_y0d0300,True,0.02,4.0,0.45,0.4,1.0,1.0,6.33195898168217,0.04998524938903071,6.0,0.005712864311891372,4.974631853323989,0.012760328266460801,0.0,1.0,1.0,1.0,1.0,1.0,1.0,0.0,0.14040748859726251,0.08586956423099133,-0.004985988495398425,0.016300216267685623,0.0,0.0034683806033389258,-0.003396272985994214,0.0,0.005879648740595553,0.004792153550523294,0.0,"[-0.005529476116428621, 1.281415796368659, -1.1570510453292107, -0.15229776981705462, 1.5795226668944378, 0.9476579007443208, -0.03774779370692541, 1.5154372647191428, 0.9705674185439906]"
prism2,394,/home/humanoid/Programs/hand/results/phase1/run_20260413_pollard_multiscene_500_run3/prism2/generated_mjcf/scene_prism2_tp0d0025p0d0092p0d0113_ip0d0219n0d0209p0d0000_mp0d0081p0d0097p0d0000.xml,prism_y0d0300,True,0.02,4.0,0.45,0.4,1.0,1.0,5.410155536581914,0.04909609169603035,5.0,0.005854941558411891,7.2844686576843065,0.016332310650270646,0.0,1.0,1.0,0.9583333333333334,1.0,0.9583333333333334,0.9583333333333334,0.04166666666666663,0.12731398879160283,0.05703927663290389,0.002490598221685335,0.00915709564276886,0.011311791537951966,0.021897171626930806,-0.020911052181316225,0.0,0.008075035345848846,0.009678888052115298,0.0,"[-0.005529476116428621, 1.281415796368659, -1.1570510453292107, -0.15229776981705462, 1.5795226668944378, 0.9476579007443208, -0.03774779370692541, 1.5154372647191428, 0.9705674185439906]"
prism2,395,/home/humanoid/Programs/hand/results/phase1/run_20260413_pollard_multiscene_500_run3/prism2/generated_mjcf/scene_prism2_tn0d0095p0d0197p0d0090_ip0d0217n0d0162p0d0000_mp0d0137p0d0125p0d0097.xml,prism_y0d0300,True,0.02,4.0,0.45,0.4,1.0,1.0,6.715633883117064,0.051204708720854676,5.0,0.005954642558284668,0.42765286814544073,0.01100725044721375,0.0,1.0,1.0,1.0,1.0,1.0,1.0,0.0,0.11035236365905386,0.04815568086425435,-0.00953061315295389,0.01970784975786273,0.009043612848737722,0.02166338004553322,-0.01616864958747996,0.0,0.01367630035117491,0.012518278257087605,0.009730640697078064,"[-0.005529476116428621, 1.281415796368659, -1.1570510453292107, -0.15229776981705462, 1.5795226668944378, 0.9476579007443208, -0.03774779370692541, 1.5154372647191428, 0.9705674185439906]"
prism2,396,/home/humanoid/Programs/hand/results/phase1/run_20260413_pollard_multiscene_500_run3/prism2/generated_mjcf/scene_prism2_tp0d0070p0d0222p0d0038_ip0d0151n0d0084p0d0000_mp0d0110p0d0104p0d0000.xml,prism_y0d0300,True,0.02,4.0,0.45,0.4,1.0,1.0,6.847367602200499,0.04994116956515114,5.0,0.005700964075068363,0.21585964973880978,0.0020896115201576738,0.0,1.0,1.0,1.0,1.0,1.0,1.0,0.0,0.03943087094991,0.009647833795953187,0.007035811052865017,0.02218081977592099,0.003815341310432256,0.01510725445699214,-0.008439512570922078,0.0,0.010976962247331351,0.01039287020671183,0.0,"[-0.005529476116428621, 1.281415796368659, -1.1570510453292107, -0.15229776981705462, 1.5795226668944378, 0.9476579007443208, -0.03774779370692541, 1.5154372647191428, 0.9705674185439906]"
prism2,397,/home/humanoid/Programs/hand/results/phase1/run_20260413_pollard_multiscene_500_run3/prism2/generated_mjcf/scene_prism2_tp0d0042p0d0183p0d0082_ip0d0033n0d0180p0d0088_mp0d0066p0d0266p0d0000.xml,prism_y0d0300,False,0.02,4.0,0.45,0.4,0.0,1.0,2.5732069404016995,0.04897786592082434,4.0,0.010725667398462485,1.0430545653791818,0.014247600995387303,0.0011479457496178375,1.0,1.0,0.0,1.0,0.0,0.0,1.0,0.009196120450370139,0.10930354361048401,0.004177515190882806,0.018256379083365838,0.008178273670573787,0.0032815323204622516,-0.01803993751952694,0.008760822790220408,0.006593736646331887,0.02663481077537399,0.0,"[-0.005529476116428621, 1.281415796368659, -1.1570510453292107, -0.15229776981705462, 1.5795226668944378, 0.9476579007443208, -0.03774779370692541, 1.5154372647191428, 0.9705674185439906]"
prism2,398,/home/humanoid/Programs/hand/results/phase1/run_20260413_pollard_multiscene_500_run3/prism2/generated_mjcf/scene_prism2_tp0d0086p0d0213p0d0009_ip0d0108n0d0199p0d0066_mp0d0077p0d0183p0d0034.xml,prism_y0d0300,True,0.02,4.0,0.45,0.4,1.0,1.0,6.268793979243415,0.04936653384954577,5.0,0.005651020369930557,1.8962033233050384,0.01686933807636515,0.0,1.0,1.0,1.0,0.9861111111111112,0.9861111111111112,0.9861111111111112,0.01388888888888884,0.17391616885548708,0.07633993788278458,0.008571605710506466,0.021259249860929377,0.0008803123529353071,0.010802095205575884,-0.019921780238881113,0.006613136719011141,0.007685854373764274,0.0183301494512482,0.003400613466890816,"[-0.005529476116428621, 1.281415796368659, -1.1570510453292107, -0.15229776981705462, 1.5795226668944378, 0.9476579007443208, -0.03774779370692541, 1.5154372647191428, 0.9705674185439906]"
prism2,399,/home/humanoid/Programs/hand/results/phase1/run_20260413_pollard_multiscene_500_run3/prism2/generated_mjcf/scene_prism2_tp0d0088p0d0300p0d0009_ip0d0029n0d0117p0d0120_mp0d0050p0d0090p0d0058.xml,prism_y0d0300,False,0.02,4.0,0.45,0.4,0.0,1.0,-0.7962676586024094,0.05040554597787443,5.0,0.007682869238642891,22.39260703538587,0.028798664878438365,0.023388287329692253,0.4527777777777778,0.9527777777777777,0.4527777777777778,0.04722222222222222,0.04722222222222222,0.04722222222222222,0.9055555555555554,0.06094611115338358,0.1213926291028334,0.008824535085985016,0.03,0.0008932574776091152,0.0029455698672819766,-0.011691082195174523,0.011978490078858362,0.005010734973117511,0.00897510569587991,0.0057671861599445234,"[-0.005529476116428621, 1.281415796368659, -1.1570510453292107, -0.15229776981705462, 1.5795226668944378, 0.9476579007443208, -0.03774779370692541, 1.5154372647191428, 0.9705674185439906]"
prism2,400,/home/humanoid/Programs/hand/results/phase1/run_20260413_pollard_multiscene_500_run3/prism2/generated_mjcf/scene_prism2_tp0d0094p0d0127p0d0051_ip0d0209n0d0108p0d0092_mp0d0144p0d0193p0d0000.xml,prism_y0d0300,False,0.02,4.0,0.45,0.4,0.0,1.0,2.6222027375620156,0.04943865517986007,4.0,0.012042749887924942,0.9551242806762776,0.010541995337859062,0.0015344672181116376,1.0,1.0,0.0,1.0,0.0,0.0,1.0,0.017613729036478377,0.08303348834964559,0.009372313123217593,0.012687591986216464,0.005107999205280118,0.020884326403043323,-0.01077608685664617,0.009235654013356007,0.014419671401879495,0.01932431120884613,0.0,"[-0.005529476116428621, 1.281415796368659, -1.1570510453292107, -0.15229776981705462, 1.5795226668944378, 0.9476579007443208, -0.03774779370692541, 1.5154372647191428, 0.9705674185439906]"
prism2,401,/home/humanoid/Programs/hand/results/phase1/run_20260413_pollard_multiscene_500_run3/prism2/generated_mjcf/scene_prism2_tn0d0066p0d0138p0d0000_ip0d0011n0d0196p0d0076_mp0d0043p0d0047p0d0000.xml,prism_y0d0300,True,0.02,4.0,0.45,0.4,1.0,1.0,6.740473902563406,0.04919383481323039,5.0,0.0056263000208975344,0.5090037178821729,0.004141069060490589,0.0001353478731835056,1.0,1.0,1.0,1.0,1.0,1.0,0.0,0.06090563047896705,0.012661877710849053,-0.006568166016017537,0.013757574947577381,0.0,0.001065966599342636,-0.01962445671424908,0.0076232278739171815,0.004307982889677852,0.004710504044540714,0.0,"[-0.005529476116428621, 1.281415796368659, -1.1570510453292107, -0.15229776981705462, 1.5795226668944378, 0.9476579007443208, -0.03774779370692541, 1.5154372647191428, 0.9705674185439906]"
prism2,402,/home/humanoid/Programs/hand/results/phase1/run_20260413_pollard_multiscene_500_run3/prism2/generated_mjcf/scene_prism2_tn0d0061p0d0117p0d0000_ip0d0051n0d0055p0d0000_mp0d0162p0d0205p0d0000.xml,prism_y0d0300,False,0.02,4.0,0.45,0.4,0.0,1.0,4.510555790053437,0.04643149000116303,5.0,0.008273824850934489,0.10956218321704236,0.0030874455703159566,0.0014745738395319646,1.0,1.0,0.38333333333333336,1.0,0.38333333333333336,0.38333333333333336,0.6166666666666667,0.009842488061834307,0.03100467048945808,-0.006070162506608994,0.011700464662166754,0.0,0.005108954427857113,-0.005521412233569041,0.0,0.0161877500683167,0.020471673403065584,0.0,"[-0.005529476116428621, 1.281415796368659, -1.1570510453292107, -0.15229776981705462, 1.5795226668944378, 0.9476579007443208, -0.03774779370692541, 1.5154372647191428, 0.9705674185439906]"
prism2,403,/home/humanoid/Programs/hand/results/phase1/run_20260413_pollard_multiscene_500_run3/prism2/generated_mjcf/scene_prism2_tn0d0060p0d0300p0d0038_ip0d0005n0d0059p0d0000_mp0d0128p0d0242p0d0000.xml,prism_y0d0300,True,0.02,4.0,0.45,0.4,1.0,1.0,7.077046135327436,0.05341878903930432,6.0,0.005836414572139195,0.5141678227090304,0.019285702099013376,0.0,1.0,1.0,1.0,1.0,1.0,1.0,0.0,0.12745191910780085,0.12129469359139981,-0.006013261280368498,0.03,0.0037994320888812723,0.0004817540822769067,-0.005867111497752016,0.0,0.01282047936393451,0.024198128950756195,0.0,"[-0.005529476116428621, 1.281415796368659, -1.1570510453292107, -0.15229776981705462, 1.5795226668944378, 0.9476579007443208, -0.03774779370692541, 1.5154372647191428, 0.9705674185439906]"
prism2,404,/home/humanoid/Programs/hand/results/phase1/run_20260413_pollard_multiscene_500_run3/prism2/generated_mjcf/scene_prism2_tp0d0014p0d0095p0d0078_ip0d0166n0d0207p0d0000_mp0d0045p0d0151p0d0008.xml,prism_y0d0300,False,0.02,4.0,0.45,0.4,0.0,1.0,2.6937568453225227,0.05025401360130462,4.0,0.007915956889858569,0.34379950145563976,0.013738001738736762,0.0016681082707870332,1.0,1.0,0.0,1.0,0.0,0.0,1.0,0.0445269701617883,0.10151902376284493,0.001414445381986533,0.009486985216727615,0.007769364107765152,0.01657461588220816,-0.020718033407936723,0.0,0.004544141871500557,0.01511193721917458,0.0007559026465335395,"[-0.005529476116428621, 1.281415796368659, -1.1570510453292107, -0.15229776981705462, 1.5795226668944378, 0.9476579007443208, -0.03774779370692541, 1.5154372647191428, 0.9705674185439906]"
prism2,405,/home/humanoid/Programs/hand/results/phase1/run_20260413_pollard_multiscene_500_run3/prism2/generated_mjcf/scene_prism2_tn0d0054p0d0250p0d0000_in0d0008n0d0049p0d0000_mp0d0209p0d0196p0d0000.xml,prism_y0d0300,True,0.02,4.0,0.45,0.4,1.0,1.0,7.211568394170532,0.05039520943417808,6.0,0.007036723212152433,0.552125348803545,0.0024013519488835103,0.00017231456062279105,1.0,1.0,1.0,1.0,1.0,1.0,0.0,0.01377692943606768,0.0502377428480445,-0.005358389402565853,0.025047091820678522,0.0,-0.0007916345280545387,-0.004914922017206636,0.0,0.020890783474579788,0.019618085441763078,0.0,"[-0.005529476116428621, 1.281415796368659, -1.1570510453292107, -0.15229776981705462, 1.5795226668944378, 0.9476579007443208, -0.03774779370692541, 1.5154372647191428, 0.9705674185439906]"
prism2,406,/home/humanoid/Programs/hand/results/phase1/run_20260413_pollard_multiscene_500_run3/prism2/generated_mjcf/scene_prism2_tn0d0060p0d0184p0d0000_ip0d0056n0d0197p0d0000_mp0d0095p0d0212p0d0075.xml,prism_y0d0300,True,0.02,4.0,0.45,0.4,1.0,1.0,6.6025263517302735,0.052441369118799874,6.0,0.005997092224867919,0.3606664746323413,0.010071953741655178,0.0007648561629662459,1.0,1.0,0.8361111111111111,1.0,0.8361111111111111,0.8361111111111111,0.16388888888888886,0.05135606020954155,0.11172271033613461,-0.005993677595785198,0.018350511114540634,0.0,0.005583373121617044,-0.019703464659717004,0.0,0.009452975904973352,0.021158879065359362,0.007512942109960084,"[-0.005529476116428621, 1.281415796368659, -1.1570510453292107, -0.15229776981705462, 1.5795226668944378, 0.9476579007443208, -0.03774779370692541, 1.5154372647191428, 0.9705674185439906]"
prism2,407,/home/humanoid/Programs/hand/results/phase1/run_20260413_pollard_multiscene_500_run3/prism2/generated_mjcf/scene_prism2_tn0d0051p0d0279p0d0054_ip0d0150n0d0131p0d0007_mp0d0011p0d0239p0d0037.xml,prism_y0d0300,False,0.02,4.0,0.45,0.4,0.0,1.0,4.859220336312498,0.05461228085834474,6.0,0.005959976430110006,0.5754249385744858,0.01776004543341591,0.0,1.0,1.0,1.0,0.37222222222222223,0.37222222222222223,0.37222222222222223,0.6277777777777778,0.13193838808265887,0.11095427880004233,-0.005140192786809574,0.027934052286104214,0.0054220926649164,0.01495389301596657,-0.013107166884916394,0.0007151348632215403,0.0010701092854143394,0.023868681030051596,0.003737171765941818,"[-0.005529476116428621, 1.281415796368659, -1.1570510453292107, -0.15229776981705462, 1.5795226668944378, 0.9476579007443208, -0.03774779370692541, 1.5154372647191428, 0.9705674185439906]"
prism2,408,/home/humanoid/Programs/hand/results/phase1/run_20260413_pollard_multiscene_500_run3/prism2/generated_mjcf/scene_prism2_tn0d0031p0d0175p0d0000_ip0d0080n0d0202p0d0000_mp0d0019p0d0207p0d0000.xml,prism_y0d0300,True,0.02,4.0,0.45,0.4,1.0,1.0,6.895660781919816,0.04975141733492197,5.0,0.005627289507207109,0.09463312669463245,0.000549260675598225,8.59964257988316e-05,1.0,1.0,1.0,1.0,1.0,1.0,0.0,0.013972392237932597,0.003778726765470586,-0.0031305004524421823,0.017539118084760424,0.0,0.008034582351909472,-0.02018176662419567,0.0,0.0019428792417899906,0.020656344238335456,0.0,"[-0.005529476116428621, 1.281415796368659, -1.1570510453292107, -0.15229776981705462, 1.5795226668944378, 0.9476579007443208, -0.03774779370692541, 1.5154372647191428, 0.9705674185439906]"
prism2,409,/home/humanoid/Programs/hand/results/phase1/run_20260413_pollard_multiscene_500_run3/prism2/generated_mjcf/scene_prism2_tn0d0016p0d0090p0d0000_ip0d0077n0d0186p0d0000_mp0d0089p0d0119p0d0000.xml,prism_y0d0300,True,0.02,4.0,0.45,0.4,1.0,1.0,5.824301803819089,0.04816660686573874,5.0,0.008002642849606893,0.17229820237721602,0.0034812531084205895,0.0013812235118504934,1.0,1.0,0.7361111111111112,1.0,0.7361111111111112,0.7361111111111112,0.26388888888888884,0.010502942662377631,0.04342855394172714,-0.0016323170947495774,0.009036595485457571,0.0,0.007686997919964198,-0.018553378636850654,0.0,0.00890338183766952,0.011899722188182634,0.0,"[-0.005529476116428621, 1.281415796368659, -1.1570510453292107, -0.15229776981705462, 1.5795226668944378, 0.9476579007443208, -0.03774779370692541, 1.5154372647191428, 0.9705674185439906]"
prism2,410,/home/humanoid/Programs/hand/results/phase1/run_20260413_pollard_multiscene_500_run3/prism2/generated_mjcf/scene_prism2_tn0d0053p0d0114p0d0023_ip0d0085n0d0114p0d0018_mp0d0188p0d0116p0d0014.xml,prism_y0d0300,False,0.02,4.0,0.45,0.4,0.0,1.0,4.266704910467082,0.049751534604405116,5.0,0.00768469226815138,0.12635824476959887,0.0016804523509987021,0.0008798241034079501,1.0,1.0,0.2777777777777778,1.0,0.2777777777777778,0.2777777777777778,0.7222222222222222,0.0032900789900160293,0.03268999419690168,-0.005293281935177009,0.011409198503569133,0.0023185881529035456,0.008519201573778543,-0.011410397534888745,0.0017575752571704177,0.01881142883562955,0.011645587587469603,0.00142551727874291,"[-0.005529476116428621, 1.281415796368659, -1.1570510453292107, -0.15229776981705462, 1.5795226668944378, 0.9476579007443208, -0.03774779370692541, 1.5154372647191428, 0.9705674185439906]"
prism2,411,/home/humanoid/Programs/hand/results/phase1/run_20260413_pollard_multiscene_500_run3/prism2/generated_mjcf/scene_prism2_tn0d0048p0d0150p0d0000_ip0d0065n0d0078p0d0000_mn0d0008p0d0033p0d0000.xml,prism_y0d0300,True,0.02,4.0,0.45,0.4,1.0,1.0,6.906635419671999,0.04983748549574887,5.0,0.005615137666581715,0.032697863175915984,0.0005025227548522367,8.423626867544443e-05,1.0,1.0,1.0,1.0,1.0,1.0,0.0,0.015548443869134676,0.003934404494615869,-0.00483454322046063,0.0150354995281941,0.0,0.006463405685212573,-0.007794424323765136,0.0,-0.0007991368204927872,0.003305963248475482,0.0,"[-0.005529476116428621, 1.281415796368659, -1.1570510453292107, -0.15229776981705462, 1.5795226668944378, 0.9476579007443208, -0.03774779370692541, 1.5154372647191428, 0.9705674185439906]"
prism2,412,/home/humanoid/Programs/hand/results/phase1/run_20260413_pollard_multiscene_500_run3/prism2/generated_mjcf/scene_prism2_tn0d0022p0d0223p0d0000_ip0d0189n0d0096p0d0055_mp0d0016p0d0090p0d0000.xml,prism_y0d0300,True,0.02,4.0,0.45,0.4,1.0,1.0,7.273506758509131,0.0526589369959894,6.0,0.006187050167587351,0.1627797153170067,0.001755753329692302,0.0005053180263253076,1.0,1.0,1.0,1.0,1.0,1.0,0.0,0.07120442456149832,0.08992443572443252,-0.0021633292292821196,0.02230517427223252,0.0,0.018897786349753608,-0.009618802295454976,0.005502816790046914,0.0016095316072317848,0.009027481605026609,0.0,"[-0.005529476116428621, 1.281415796368659, -1.1570510453292107, -0.15229776981705462, 1.5795226668944378, 0.9476579007443208, -0.03774779370692541, 1.5154372647191428, 0.9705674185439906]"
prism2,413,/home/humanoid/Programs/hand/results/phase1/run_20260413_pollard_multiscene_500_run3/prism2/generated_mjcf/scene_prism2_tp0d0027p0d0123p0d0068_ip0d0058n0d0063p0d0039_mp0d0002p0d0195p0d0072.xml,prism_y0d0300,False,0.02,4.0,0.45,0.4,0.0,1.0,3.0476394071804993,0.04495652700117607,3.0,0.009757742208954145,0.1612652196027048,0.004834175616655995,0.0027948374203111692,1.0,0.9888888888888889,0.22777777777777777,1.0,0.21666666666666667,0.22777777777777777,0.7722222222222223,0.018742983284904185,0.041695368947551825,0.0026700165276494457,0.01226117259601896,0.006755428193157744,0.005831519725040962,-0.006284982002491805,0.003932208229509883,0.0001521947786814904,0.019464330946787185,0.007165036133727081,"[-0.005529476116428621, 1.281415796368659, -1.1570510453292107, -0.15229776981705462, 1.5795226668944378, 0.9476579007443208, -0.03774779370692541, 1.5154372647191428, 0.9705674185439906]"
prism2,414,/home/humanoid/Programs/hand/results/phase1/run_20260413_pollard_multiscene_500_run3/prism2/generated_mjcf/scene_prism2_tp0d0119p0d0161p0d0000_ip0d0066n0d0103p0d0010_mn0d0012p0d0040p0d0000.xml,prism_y0d0300,True,0.02,4.0,0.45,0.4,1.0,1.0,6.895194445564297,0.04994164582620996,5.0,0.005640422206437341,0.0541344529784154,0.0010787556296840402,8.393193096380147e-05,1.0,1.0,1.0,1.0,1.0,1.0,0.0,0.02382570696132609,0.004113444164839368,0.011926975172027825,0.016136097000490002,0.0,0.006603760238197899,-0.010256639026435648,0.000980959618551415,-0.0012493701764418955,0.004048123202399532,0.0,"[-0.005529476116428621, 1.281415796368659, -1.1570510453292107, -0.15229776981705462, 1.5795226668944378, 0.9476579007443208, -0.03774779370692541, 1.5154372647191428, 0.9705674185439906]"
prism2,415,/home/humanoid/Programs/hand/results/phase1/run_20260413_pollard_multiscene_500_run3/prism2/generated_mjcf/scene_prism2_tp0d0091p0d0097p0d0079_ip0d0109n0d0031p0d0000_mp0d0176p0d0167p0d0000.xml,prism_y0d0300,True,0.02,4.0,0.45,0.4,1.0,1.0,6.80399424176035,0.04813188869894152,5.0,0.008606473742711986,0.17263364988258934,0.0004817169341788121,0.0011504832665973908,1.0,1.0,1.0,1.0,1.0,1.0,0.0,0.006667611196564588,0.028300311467971462,0.00906606741877758,0.009713425617874147,0.00791014140138167,0.010867190352182917,-0.003114253838119847,0.0,0.017584104657214175,0.01666546351720368,0.0,"[-0.005529476116428621, 1.281415796368659, -1.1570510453292107, -0.15229776981705462, 1.5795226668944378, 0.9476579007443208, -0.03774779370692541, 1.5154372647191428, 0.9705674185439906]"
prism2,416,/home/humanoid/Programs/hand/results/phase1/run_20260413_pollard_multiscene_500_run3/prism2/generated_mjcf/scene_prism2_tn0d0072p0d0300p0d0000_in0d0010n0d0137p0d0020_mp0d0146p0d0033p0d0000.xml,prism_y0d0300,False,0.02,4.0,0.45,0.4,0.0,1.0,2.2844217440528936,0.04940232249977285,4.0,0.010432294804651276,2.8800809913864915,0.014388815324474091,0.003273691703290005,1.0,1.0,1.0,0.0,0.0,0.0,1.0,0.012986374026922667,0.10635847741726483,-0.007174041971646325,0.03,0.0,-0.0009581709355264475,-0.013714458911787292,0.0019873955854658922,0.014588047567082667,0.0033140840490026857,0.0,"[-0.005529476116428621, 1.281415796368659, -1.1570510453292107, -0.15229776981705462, 1.5795226668944378, 0.9476579007443208, -0.03774779370692541, 1.5154372647191428, 0.9705674185439906]"
prism2,417,/home/humanoid/Programs/hand/results/phase1/run_20260413_pollard_multiscene_500_run3/prism2/generated_mjcf/scene_prism2_tn0d0119p0d0130p0d0033_ip0d0053n0d0196p0d0063_mp0d0108p0d0186p0d0073.xml,prism_y0d0300,False,0.02,4.0,0.45,0.4,0.0,1.0,2.891918273715708,0.0499816779803223,4.0,0.008897065391243592,0.024699517426930894,0.0020034057446113233,0.00017801749905058117,1.0,1.0,0.0,1.0,0.0,0.0,1.0,0.005972323049174703,0.03162485938719254,-0.011856844397496631,0.01301493444648736,0.0033127292805139857,0.005330779465385114,-0.019633635020686522,0.006301068543077583,0.01080103995901315,0.018606390761993538,0.007283380888463132,"[-0.005529476116428621, 1.281415796368659, -1.1570510453292107, -0.15229776981705462, 1.5795226668944378, 0.9476579007443208, -0.03774779370692541, 1.5154372647191428, 0.9705674185439906]"
prism2,418,/home/humanoid/Programs/hand/results/phase1/run_20260413_pollard_multiscene_500_run3/prism2/generated_mjcf/scene_prism2_tn0d0063p0d0094p0d0039_ip0d0171n0d0119p0d0074_mp0d0067p0d0205p0d0006.xml,prism_y0d0300,False,0.02,4.0,0.45,0.4,0.0,1.0,2.7724003582514474,0.04913601590144455,4.0,0.011926654674674393,0.31232565651569066,0.00529788770108689,0.0012302066519362526,1.0,1.0,0.0,1.0,0.0,0.0,1.0,0.006567682070481966,0.04708110474434252,-0.006296620053095982,0.009416219417424817,0.003924512405020338,0.01710157573507877,-0.01187522612800575,0.007410642288759425,0.006671445387090337,0.020463784667246666,0.0006463969782932299,"[-0.005529476116428621, 1.281415796368659, -1.1570510453292107, -0.15229776981705462, 1.5795226668944378, 0.9476579007443208, -0.03774779370692541, 1.5154372647191428, 0.9705674185439906]"
prism2,419,/home/humanoid/Programs/hand/results/phase1/run_20260413_pollard_multiscene_500_run3/prism2/generated_mjcf/scene_prism2_tn0d0041p0d0241p0d0000_ip0d0099n0d0077p0d0052_mp0d0009p0d0211p0d0000.xml,prism_y0d0300,True,0.02,4.0,0.45,0.4,1.0,1.0,6.884098495456891,0.04941885840145768,5.0,0.005616054575304022,0.07607839145339633,0.0007094408007121003,5.050259790835565e-05,1.0,1.0,1.0,1.0,1.0,1.0,0.0,0.01653651492594789,0.0030369796407796654,-0.0041412976865153744,0.02409152225526526,0.0,0.009925318078709394,-0.0076590425951469,0.005194099965976872,0.0008881900785973618,0.021141476289865326,0.0,"[-0.005529476116428621, 1.281415796368659, -1.1570510453292107, -0.15229776981705462, 1.5795226668944378, 0.9476579007443208, -0.03774779370692541, 1.5154372647191428, 0.9705674185439906]"
prism2,420,/home/humanoid/Programs/hand/results/phase1/run_20260413_pollard_multiscene_500_run3/prism2/generated_mjcf/scene_prism2_tp0d0071p0d0239p0d0000_ip0d0117n0d0022p0d0000_mp0d0151p0d0196p0d0030.xml,prism_y0d0300,True,0.02,4.0,0.45,0.4,1.0,1.0,6.494989162710198,0.05214303489447686,6.0,0.005885234752526655,1.1070794219181856,0.02079061854196804,0.0002882715648718781,1.0,1.0,0.8777777777777778,1.0,0.8777777777777778,0.8777777777777778,0.12222222222222223,0.10752350392625243,0.1529164036943775,0.007137772626772659,0.023857670287552885,0.0,0.011669115350941957,-0.002227125826247416,0.0,0.015091260244914308,0.019558435737760817,0.0029842274549594285,"[-0.005529476116428621, 1.281415796368659, -1.1570510453292107, -0.15229776981705462, 1.5795226668944378, 0.9476579007443208, -0.03774779370692541, 1.5154372647191428, 0.9705674185439906]"
prism2,421,/home/humanoid/Programs/hand/results/phase1/run_20260413_pollard_multiscene_500_run3/prism2/generated_mjcf/scene_prism2_tp0d0031p0d0156p0d0000_ip0d0072n0d0037p0d0005_mp0d0046p0d0088p0d0005.xml,prism_y0d0300,True,0.02,4.0,0.45,0.4,1.0,1.0,5.3649270678684635,0.053874892846238615,6.0,0.005805695955033613,1.942402634724832,0.025024788807223117,0.0021540003098472205,1.0,1.0,0.6027777777777777,1.0,0.6027777777777777,0.6027777777777777,0.39722222222222225,0.13881693748888044,0.14581744116141915,0.003101723536340091,0.015595989589606042,0.0,0.0072454315533282704,-0.003652126546145917,0.0005213155205137689,0.004554379635483783,0.008842974072948777,0.0005496837176906175,"[-0.005529476116428621, 1.281415796368659, -1.1570510453292107, -0.15229776981705462, 1.5795226668944378, 0.9476579007443208, -0.03774779370692541, 1.5154372647191428, 0.9705674185439906]"
prism2,422,/home/humanoid/Programs/hand/results/phase1/run_20260413_pollard_multiscene_500_run3/prism2/generated_mjcf/scene_prism2_tp0d0075p0d0090p0d0000_ip0d0095n0d0057p0d0041_mp0d0134p0d0225p0d0000.xml,prism_y0d0300,False,0.02,4.0,0.45,0.4,0.0,1.0,1.8761247501088996,0.04352546027377164,4.0,0.010663349634793103,1.8437782870736166e-07,0.0296038356243101,0.0543853355558695,0.575,0.5777777777777777,0.0,0.5861111111111111,0.0,0.0,0.5861111111111111,0.1318726380117903,0.04097324157085865,0.00753359398917278,0.009021919988826161,0.0,0.009544862541769275,-0.005731684550799405,0.004082674828820045,0.013428867191625499,0.02246770650074717,0.0,"[-0.005529476116428621, 1.281415796368659, -1.1570510453292107, -0.15229776981705462, 1.5795226668944378, 0.9476579007443208, -0.03774779370692541, 1.5154372647191428, 0.9705674185439906]"
prism2,423,/home/humanoid/Programs/hand/results/phase1/run_20260413_pollard_multiscene_500_run3/prism2/generated_mjcf/scene_prism2_tp0d0012p0d0181p0d0075_ip0d0212n0d0045p0d0015_mp0d0201p0d0059p0d0019.xml,prism_y0d0300,True,0.02,4.0,0.45,0.4,1.0,1.0,6.9791540229827005,0.05431094813744743,5.0,0.006683346690678614,0.2250753408638711,0.006649366167040305,0.0,1.0,1.0,1.0,1.0,1.0,1.0,0.0,0.015036279648323506,0.03933738133291387,0.001238563357003111,0.018056065507205808,0.007519693428228502,0.021206132398409232,-0.004470630085174411,0.001547317764403448,0.020053196267056254,0.005944634302786423,0.0019053686702290105,"[-0.005529476116428621, 1.281415796368659, -1.1570510453292107, -0.15229776981705462, 1.5795226668944378, 0.9476579007443208, -0.03774779370692541, 1.5154372647191428, 0.9705674185439906]"
prism2,424,/home/humanoid/Programs/hand/results/phase1/run_20260413_pollard_multiscene_500_run3/prism2/generated_mjcf/scene_prism2_tp0d0094p0d0236p0d0023_ip0d0102n0d0222p0d0000_mp0d0161p0d0091p0d0072.xml,prism_y0d0300,False,0.02,4.0,0.45,0.4,0.0,1.0,-0.24768378293956644,0.0486296411030487,4.0,0.011281832304001671,13.201889854160331,0.054399483296086765,0.044250400022025405,0.6,0.6,0.825,0.0,0.0,0.0,0.825,0.11708085387369525,0.12478304979939435,0.009439976988392936,0.0235887609771427,0.0023219766442525783,0.010182597409066308,-0.022214054731901495,0.0,0.01607133661999266,0.00907854784007011,0.007199720664709967,"[-0.005529476116428621, 1.281415796368659, -1.1570510453292107, -0.15229776981705462, 1.5795226668944378, 0.9476579007443208, -0.03774779370692541, 1.5154372647191428, 0.9705674185439906]"
prism2,425,/home/humanoid/Programs/hand/results/phase1/run_20260413_pollard_multiscene_500_run3/prism2/generated_mjcf/scene_prism2_tn0d0097p0d0265p0d0000_ip0d0173n0d0239p0d0060_mp0d0079p0d0266p0d0000.xml,prism_y0d0300,True,0.02,4.0,0.45,0.4,1.0,1.0,6.809537286553226,0.049407506764212926,5.0,0.007620610915343044,0.25801123313717084,0.0025229518869633624,0.0014444445720136617,1.0,1.0,1.0,1.0,1.0,1.0,0.0,0.01363067052772591,0.039361653358588065,-0.009735946968143526,0.026515306910265567,0.0,0.017292401019917678,-0.023949163087233355,0.0060141306694627104,0.00787056582813915,0.026566998527488665,0.0,"[-0.005529476116428621, 1.281415796368659, -1.1570510453292107, -0.15229776981705462, 1.5795226668944378, 0.9476579007443208, -0.03774779370692541, 1.5154372647191428, 0.9705674185439906]"
prism2,426,/home/humanoid/Programs/hand/results/phase1/run_20260413_pollard_multiscene_500_run3/prism2/generated_mjcf/scene_prism2_tn0d0023p0d0240p0d0049_ip0d0145n0d0043p0d0105_mp0d0153p0d0156p0d0059.xml,prism_y0d0300,True,0.02,4.0,0.45,0.4,1.0,1.0,6.837689679661458,0.048845245915217925,5.0,0.0057487012490785834,0.15495582243540348,0.0017638862111359547,4.165141651320259e-05,1.0,1.0,1.0,1.0,1.0,1.0,0.0,0.022397926326743006,0.007344181831970072,-0.002251750389289927,0.023967651029735318,0.004939390703879207,0.014508762345518499,-0.004347934226913543,0.010485183735368647,0.015342193193272654,0.015622395217333425,0.005919397109665846,"[-0.005529476116428621, 1.281415796368659, -1.1570510453292107, -0.15229776981705462, 1.5795226668944378, 0.9476579007443208, -0.03774779370692541, 1.5154372647191428, 0.9705674185439906]"
prism2,427,/home/humanoid/Programs/hand/results/phase1/run_20260413_pollard_multiscene_500_run3/prism2/generated_mjcf/scene_prism2_tp0d0116p0d0081p0d0063_ip0d0084n0d0079p0d0000_mp0d0035p0d0218p0d0063.xml,prism_y0d0300,False,0.02,4.0,0.45,0.4,0.0,1.0,0.9408364510487176,0.047157409960890205,2.0,0.01019580880565011,0.35217223291113176,0.023124798821019695,0.0,0.03888888888888889,0.03888888888888889,0.0,1.0,0.0,0.0,1.0,0.09365862110557947,0.07031828422776622,0.011554127167321758,0.008094973935045711,0.00634021291148389,0.008382335375273374,-0.007888242921632352,0.0,0.0034908725353503265,0.021847055821519926,0.006253517562865806,"[-0.005529476116428621, 1.281415796368659, -1.1570510453292107, -0.15229776981705462, 1.5795226668944378, 0.9476579007443208, -0.03774779370692541, 1.5154372647191428, 0.9705674185439906]"
prism2,428,/home/humanoid/Programs/hand/results/phase1/run_20260413_pollard_multiscene_500_run3/prism2/generated_mjcf/scene_prism2_tp0d0039p0d0091p0d0000_ip0d0043n0d0228p0d0000_mp0d0132p0d0109p0d0085.xml,prism_y0d0300,True,0.02,4.0,0.45,0.4,1.0,1.0,5.835473916861263,0.048759035586521934,5.0,0.008292695570215891,0.2526944610326765,0.008127034654259128,0.0057002631021633166,1.0,0.7722222222222223,1.0,1.0,0.7722222222222223,0.7722222222222223,0.22777777777777775,0.05596314314102463,0.04694852015826608,0.003934916242328907,0.009055660371116435,0.0,0.0042966683546525174,-0.022817310905164527,0.0,0.013238842010290162,0.010876905015767713,0.008523745451003876,"[-0.005529476116428621, 1.281415796368659, -1.1570510453292107, -0.15229776981705462, 1.5795226668944378, 0.9476579007443208, -0.03774779370692541, 1.5154372647191428, 0.9705674185439906]"
prism2,429,/home/humanoid/Programs/hand/results/phase1/run_20260413_pollard_multiscene_500_run3/prism2/generated_mjcf/scene_prism2_tp0d0051p0d0136p0d0089_in0d0006n0d0155p0d0015_mp0d0118p0d0055p0d0053.xml,prism_y0d0300,False,0.02,4.0,0.45,0.4,0.0,1.0,3.344250851715028,0.0545442904883608,3.0,0.008045708860881497,0.4585753462574795,0.01902763700534911,0.0,1.0,0.2611111111111111,0.8861111111111111,1.0,0.14722222222222223,0.2611111111111111,0.7388888888888889,0.06279904279038159,0.0859134617894786,0.005125087482668465,0.013563331531296553,0.008941585970417887,-0.0005944345291723756,-0.015549005861688751,0.0015394288276203757,0.011795680983158995,0.005463134066536002,0.00529108644876362,"[-0.005529476116428621, 1.281415796368659, -1.1570510453292107, -0.15229776981705462, 1.5795226668944378, 0.9476579007443208, -0.03774779370692541, 1.5154372647191428, 0.9705674185439906]"
prism2,430,/home/humanoid/Programs/hand/results/phase1/run_20260413_pollard_multiscene_500_run3/prism2/generated_mjcf/scene_prism2_tp0d0108p0d0253p0d0023_ip0d0047n0d0158p0d0000_mp0d0045p0d0174p0d0005.xml,prism_y0d0300,True,0.02,4.0,0.45,0.4,1.0,1.0,4.166796310127232,0.05124261109837777,5.0,0.005813389746416552,2.6396186128572228,0.03228741044537423,0.0012538052625462176,1.0,1.0,1.0,0.4527777777777778,0.4527777777777778,0.4527777777777778,0.5472222222222223,0.16407484041951464,0.15256108130451915,0.010755727203491484,0.025319041018740367,0.0023424459642572733,0.004681210473767024,-0.0158168109349753,0.0,0.004522423977653443,0.01743127013831674,0.00046354652795747506,"[-0.005529476116428621, 1.281415796368659, -1.1570510453292107, -0.15229776981705462, 1.5795226668944378, 0.9476579007443208, -0.03774779370692541, 1.5154372647191428, 0.9705674185439906]"
prism2,431,/home/humanoid/Programs/hand/results/phase1/run_20260413_pollard_multiscene_500_run3/prism2/generated_mjcf/scene_prism2_tn0d0090p0d0163p0d0012_ip0d0106n0d0210p0d0079_mp0d0186p0d0239p0d0033.xml,prism_y0d0300,True,0.02,4.0,0.45,0.4,1.0,1.0,6.5325871032261675,0.05354938613453198,5.0,0.00608842202310041,0.3755926290320146,0.006483803146115245,4.938964453411743e-05,1.0,1.0,0.9083333333333333,1.0,0.9083333333333333,0.9083333333333333,0.09166666666666667,0.06007864968750968,0.08710305756567481,-0.009045069329629866,0.016286414078574243,0.001232079353439438,0.010607776781234562,-0.021005149767894388,0.007941771113298229,0.018568443556381972,0.023899946224055856,0.0033294426360466443,"[-0.005529476116428621, 1.281415796368659, -1.1570510453292107, -0.15229776981705462, 1.5795226668944378, 0.9476579007443208, -0.03774779370692541, 1.5154372647191428, 0.9705674185439906]"
prism2,432,/home/humanoid/Programs/hand/results/phase1/run_20260413_pollard_multiscene_500_run3/prism2/generated_mjcf/scene_prism2_tp0d0063p0d0270p0d0000_ip0d0020n0d0149p0d0044_mp0d0158p0d0060p0d0000.xml,prism_y0d0300,False,0.02,4.0,0.45,0.4,0.0,1.0,3.29998781725085,0.05160786814981336,5.0,0.0063848810798218325,0.41279869064489016,0.024350953029518948,0.0,1.0,1.0,1.0,0.07777777777777778,0.07777777777777778,0.07777777777777778,0.9222222222222223,0.08174479808915794,0.16749497193993765,0.0063085193443046805,0.02696360007822303,0.0,0.001961325675993948,-0.014902927055320836,0.00437067189933418,0.015768154956900225,0.005974865905798616,0.0,"[-0.005529476116428621, 1.281415796368659, -1.1570510453292107, -0.15229776981705462, 1.5795226668944378, 0.9476579007443208, -0.03774779370692541, 1.5154372647191428, 0.9705674185439906]"
prism2,433,/home/humanoid/Programs/hand/results/phase1/run_20260413_pollard_multiscene_500_run3/prism2/generated_mjcf/scene_prism2_tn0d0039p0d0300p0d0000_in0d0010n0d0194p0d0059_mp0d0206p0d0041p0d0000.xml,prism_y0d0300,False,0.02,4.0,0.45,0.4,0.0,1.0,2.248700581523012,0.04672157076069889,3.0,0.011870681429202626,0.321396289160478,0.00817457929788149,0.001135093002565979,1.0,1.0,1.0,0.0,0.0,0.0,1.0,0.014663057874797927,0.07454387835218669,-0.003949258224395914,0.03,0.0,-0.0009504631194709491,-0.019444312238559795,0.005891477691566099,0.02061378315896422,0.004131062854890644,0.0,"[-0.005529476116428621, 1.281415796368659, -1.1570510453292107, -0.15229776981705462, 1.5795226668944378, 0.9476579007443208, -0.03774779370692541, 1.5154372647191428, 0.9705674185439906]"
prism2,434,/home/humanoid/Programs/hand/results/phase1/run_20260413_pollard_multiscene_500_run3/prism2/generated_mjcf/scene_prism2_tp0d0061p0d0184p0d0000_ip0d0176n0d0215p0d0000_mp0d0035p0d0238p0d0000.xml,prism_y0d0300,True,0.02,4.0,0.45,0.4,1.0,1.0,6.772487998170105,0.049636897262373816,5.0,0.0056667226985861975,0.48308290083081024,0.002746392688338087,0.0,1.0,1.0,1.0,1.0,1.0,1.0,0.0,0.058089983239456126,0.012878372243400715,0.006131997720201,0.018435290362744716,0.0,0.017619931956625062,-0.021477761725560728,0.0,0.0035011270404651136,0.02378280003369332,0.0,"[-0.005529476116428621, 1.281415796368659, -1.1570510453292107, -0.15229776981705462, 1.5795226668944378, 0.9476579007443208, -0.03774779370692541, 1.5154372647191428, 0.9705674185439906]"
prism2,435,/home/humanoid/Programs/hand/results/phase1/run_20260413_pollard_multiscene_500_run3/prism2/generated_mjcf/scene_prism2_tp0d0106p0d0242p0d0000_ip0d0096n0d0043p0d0000_mp0d0168p0d0273p0d0000.xml,prism_y0d0300,True,0.02,4.0,0.45,0.4,1.0,1.0,2.719967679793138,0.04659790828791621,5.0,0.008303262861589453,13.735852035112362,0.02442367657507307,0.023559835602188335,0.8916666666666667,0.5944444444444444,0.6944444444444444,0.9,0.38055555555555554,0.5944444444444444,0.3055555555555556,0.1349609081611358,0.08617423557879011,0.01063084908390945,0.024171536197284713,0.0,0.009551757925849768,-0.004272562894365733,0.0,0.01678767899884418,0.02727275818868951,0.0,"[-0.005529476116428621, 1.281415796368659, -1.1570510453292107, -0.15229776981705462, 1.5795226668944378, 0.9476579007443208, -0.03774779370692541, 1.5154372647191428, 0.9705674185439906]"
prism2,436,/home/humanoid/Programs/hand/results/phase1/run_20260413_pollard_multiscene_500_run3/prism2/generated_mjcf/scene_prism2_tn0d0076p0d0236p0d0000_ip0d0170n0d0200p0d0017_mn0d0013p0d0079p0d0047.xml,prism_y0d0300,False,0.02,4.0,0.45,0.4,0.0,1.0,3.263166195103164,0.0518678830264428,5.0,0.007403051972373583,0.40018058713412147,0.003385299974043922,0.00122461097727887,1.0,1.0,1.0,0.0,0.0,0.0,1.0,0.012551449433581593,0.0596358756045538,-0.007610571290414185,0.023550381931943205,0.0,0.016999661265836574,-0.019983140800411376,0.0017189998139261614,-0.0013349599660444859,0.007934704045173926,0.004699890575137328,"[-0.005529476116428621, 1.281415796368659, -1.1570510453292107, -0.15229776981705462, 1.5795226668944378, 0.9476579007443208, -0.03774779370692541, 1.5154372647191428, 0.9705674185439906]"
prism2,437,/home/humanoid/Programs/hand/results/phase1/run_20260413_pollard_multiscene_500_run3/prism2/generated_mjcf/scene_prism2_tp0d0026p0d0114p0d0000_ip0d0156n0d0003p0d0000_mp0d0170p0d0047p0d0000.xml,prism_y0d0300,True,0.02,4.0,0.45,0.4,1.0,1.0,6.561646250804609,0.05360422334553544,6.0,0.005955377176156668,0.7602530084873422,0.0063107347255482085,0.0,1.0,1.0,0.8138888888888889,1.0,0.8138888888888889,0.8138888888888889,0.18611111111111112,0.025658492516712355,0.11005991958743085,0.0026176839625111185,0.011391178484980292,0.0,0.015624984481607816,-0.0003278282907494979,0.0,0.01703328899292387,0.004654251325363892,0.0,"[-0.005529476116428621, 1.281415796368659, -1.1570510453292107, -0.15229776981705462, 1.5795226668944378, 0.9476579007443208, -0.03774779370692541, 1.5154372647191428, 0.9705674185439906]"
prism2,438,/home/humanoid/Programs/hand/results/phase1/run_20260413_pollard_multiscene_500_run3/prism2/generated_mjcf/scene_prism2_tp0d0102p0d0223p0d0000_ip0d0153n0d0106p0d0001_mp0d0175p0d0220p0d0000.xml,prism_y0d0300,True,0.02,4.0,0.45,0.4,1.0,1.0,5.94385289457267,0.05404029097269704,6.0,0.005822475731722998,0.9621267334553426,0.024770370972331337,0.00045728322094913676,1.0,1.0,0.7083333333333334,1.0,0.7083333333333334,0.7083333333333334,0.29166666666666663,0.10825227281337114,0.15846286138246476,0.01018342807798086,0.02234125613906514,0.0,0.015265627310635044,-0.01062878129420388,0.0001183555941337601,0.017501498305174445,0.02201449786772612,0.0,"[-0.005529476116428621, 1.281415796368659, -1.1570510453292107, -0.15229776981705462, 1.5795226668944378, 0.9476579007443208, -0.03774779370692541, 1.5154372647191428, 0.9705674185439906]"
prism2,439,/home/humanoid/Programs/hand/results/phase1/run_20260413_pollard_multiscene_500_run3/prism2/generated_mjcf/scene_prism2_tp0d0041p0d0221p0d0000_ip0d0023n0d0110p0d0000_mp0d0163p0d0236p0d0038.xml,prism_y0d0300,True,0.02,4.0,0.45,0.4,1.0,1.0,6.188884333878312,0.04862656170496992,4.0,0.008226226684150004,1.4655449340489834,0.002815328761347225,0.0006505289671008552,1.0,1.0,1.0,1.0,1.0,1.0,0.0,0.022206145027134517,0.059713334239115935,0.004055396234236862,0.02212583123867185,0.0,0.002321135574197007,-0.011019493156771299,0.0,0.016328507377646455,0.0235699176351113,0.0038354519921154837,"[-0.005529476116428621, 1.281415796368659, -1.1570510453292107, -0.15229776981705462, 1.5795226668944378, 0.9476579007443208, -0.03774779370692541, 1.5154372647191428, 0.9705674185439906]"
prism2,440,/home/humanoid/Programs/hand/results/phase1/run_20260413_pollard_multiscene_500_run3/prism2/generated_mjcf/scene_prism2_tn0d0057p0d0197p0d0105_ip0d0083n0d0174p0d0070_mp0d0210p0d0172p0d0027.xml,prism_y0d0300,True,0.02,4.0,0.45,0.4,1.0,1.0,7.282225385921437,0.05541040615210726,6.0,0.006078022279480234,0.21317070644709712,0.012153480775667636,0.0,1.0,1.0,1.0,1.0,1.0,1.0,0.0,0.09107227722561073,0.09802803399335057,-0.0057197918777049635,0.019696955628222775,0.010458688009170419,0.008337152167123458,-0.01735205375378309,0.007023605683724916,0.02102385264600795,0.017152563023836435,0.002682832330421164,"[-0.005529476116428621, 1.281415796368659, -1.1570510453292107, -0.15229776981705462, 1.5795226668944378, 0.9476579007443208, -0.03774779370692541, 1.5154372647191428, 0.9705674185439906]"
prism2,441,/home/humanoid/Programs/hand/results/phase1/run_20260413_pollard_multiscene_500_run3/prism2/generated_mjcf/scene_prism2_tp0d0019p0d0226p0d0066_ip0d0082n0d0120p0d0000_mp0d0103p0d0238p0d0000.xml,prism_y0d0300,True,0.02,4.0,0.45,0.4,1.0,1.0,6.88982828101229,0.05257266487599224,6.0,0.006093043576049753,0.6006253853755108,0.017963607089713746,0.0002464059539868946,1.0,1.0,0.9444444444444444,1.0,0.9444444444444444,0.9444444444444444,0.05555555555555558,0.0749697842613158,0.12445359288314294,0.0019416655371988813,0.02259363229947895,0.006594002727760957,0.008215286594117186,-0.01202021011361221,0.0,0.010305003915128633,0.023819476571518408,0.0,"[-0.005529476116428621, 1.281415796368659, -1.1570510453292107, -0.15229776981705462, 1.5795226668944378, 0.9476579007443208, -0.03774779370692541, 1.5154372647191428, 0.9705674185439906]"
prism2,442,/home/humanoid/Programs/hand/results/phase1/run_20260413_pollard_multiscene_500_run3/prism2/generated_mjcf/scene_prism2_tp0d0098p0d0113p0d0000_ip0d0119n0d0008p0d0043_mp0d0123p0d0187p0d0000.xml,prism_y0d0300,False,0.02,4.0,0.45,0.4,0.0,1.0,1.8287313667338638,0.04525653106937305,4.0,0.01004076940291725,1.2756328068640656e-06,0.054569775068280556,0.05428676157843784,0.5111111111111111,0.5138888888888888,0.0,0.5111111111111111,0.0,0.0,0.5138888888888888,0.11940571372727382,0.05824441937489636,0.009780483521716198,0.01132231065837554,0.0,0.011857494599218721,-0.0007928173974697684,0.004320046888400382,0.012275952742412203,0.018654839480562325,0.0,"[-0.005529476116428621, 1.281415796368659, -1.1570510453292107, -0.15229776981705462, 1.5795226668944378, 0.9476579007443208, -0.03774779370692541, 1.5154372647191428, 0.9705674185439906]"
prism2,443,/home/humanoid/Programs/hand/results/phase1/run_20260413_pollard_multiscene_500_run3/prism2/generated_mjcf/scene_prism2_tp0d0113p0d0300p0d0000_in0d0006n0d0191p0d0000_mp0d0187p0d0119p0d0095.xml,prism_y0d0300,False,0.02,4.0,0.45,0.4,0.0,1.0,-2.558777776552543,0.04498842748381495,4.0,0.0130416115905831,26.389729286238985,0.03572348729072801,0.03526933935816613,0.18055555555555555,0.18055555555555555,0.9055555555555556,0.0,0.0,0.0,0.9055555555555556,0.12770385417742222,0.0826620998540921,0.011258075666834896,0.03,0.0,-0.0006457849871351617,-0.019081365910640965,0.0,0.018655235429646706,0.01185682668301296,0.009518651544530462,"[-0.005529476116428621, 1.281415796368659, -1.1570510453292107, -0.15229776981705462, 1.5795226668944378, 0.9476579007443208, -0.03774779370692541, 1.5154372647191428, 0.9705674185439906]"
prism2,444,/home/humanoid/Programs/hand/results/phase1/run_20260413_pollard_multiscene_500_run3/prism2/generated_mjcf/scene_prism2_tp0d0000p0d0094p0d0090_ip0d0033n0d0070p0d0000_mn0d0015p0d0115p0d0011.xml,prism_y0d0300,False,0.02,4.0,0.45,0.4,0.0,1.0,3.144049895269281,0.04655297887804255,5.0,0.008629453698344383,0.35227984627490694,0.0032533664299448724,0.002901581961619895,1.0,1.0,0.019444444444444445,1.0,0.019444444444444445,0.019444444444444445,0.9805555555555555,0.013070785970514467,0.035587026069324124,3.9475085303166194e-05,0.009449388158865814,0.009004617717149246,0.0033270163392911,-0.006972047386813037,0.0,-0.0014581746872513821,0.01150486117663375,0.0011050946491694934,"[-0.005529476116428621, 1.281415796368659, -1.1570510453292107, -0.15229776981705462, 1.5795226668944378, 0.9476579007443208, -0.03774779370692541, 1.5154372647191428, 0.9705674185439906]"
prism2,445,/home/humanoid/Programs/hand/results/phase1/run_20260413_pollard_multiscene_500_run3/prism2/generated_mjcf/scene_prism2_tp0d0077p0d0300p0d0000_ip0d0026n0d0098p0d0003_mp0d0090p0d0242p0d0073.xml,prism_y0d0300,True,0.02,4.0,0.45,0.4,1.0,1.0,6.835442475413031,0.049490514860830906,5.0,0.005615948147886037,0.19932481657242407,0.0016302629341551442,1.9850982947183793e-05,1.0,1.0,1.0,1.0,1.0,1.0,0.0,0.04261236286460459,0.00592554733902656,0.00768753876739613,0.03,0.0,0.0025976512521246773,-0.009816610602493132,0.00029591957992342564,0.009017485474437894,0.024158653166428484,0.007259589915213454,"[-0.005529476116428621, 1.281415796368659, -1.1570510453292107, -0.15229776981705462, 1.5795226668944378, 0.9476579007443208, -0.03774779370692541, 1.5154372647191428, 0.9705674185439906]"
prism2,446,/home/humanoid/Programs/hand/results/phase1/run_20260413_pollard_multiscene_500_run3/prism2/generated_mjcf/scene_prism2_tn0d0011p0d0133p0d0000_ip0d0064n0d0056p0d0000_mp0d0169p0d0078p0d0097.xml,prism_y0d0300,True,0.02,4.0,0.45,0.4,1.0,1.0,6.264686600352732,0.04758697233081181,4.0,0.007735087606201477,0.18720175734395778,0.01585923623997314,0.0005766043942863064,1.0,1.0,1.0,1.0,1.0,1.0,0.0,0.042237373954639446,0.025989896571541733,-0.0011360838082298663,0.01325824991429327,0.0,0.006370644463462772,-0.005629206754397946,0.0,0.016873785784942086,0.00783212339710345,0.009701247693015839,"[-0.005529476116428621, 1.281415796368659, -1.1570510453292107, -0.15229776981705462, 1.5795226668944378, 0.9476579007443208, -0.03774779370692541, 1.5154372647191428, 0.9705674185439906]"
prism2,447,/home/humanoid/Programs/hand/results/phase1/run_20260413_pollard_multiscene_500_run3/prism2/generated_mjcf/scene_prism2_tn0d0090p0d0157p0d0000_ip0d0219n0d0157p0d0059_mp0d0063p0d0143p0d0034.xml,prism_y0d0300,True,0.02,4.0,0.45,0.4,1.0,1.0,6.866611494929929,0.049073471188222605,5.0,0.0056279991303734315,0.09561146393066201,0.0011928380435031164,0.00015802515509025228,1.0,1.0,1.0,1.0,1.0,1.0,0.0,0.015072383803583172,0.002473129763660431,-0.00904278167422818,0.015719803582083764,0.0,0.02194357027748288,-0.01567893837806663,0.005854617823766374,0.006262715532870271,0.0143171905155444,0.00339523737421424,"[-0.005529476116428621, 1.281415796368659, -1.1570510453292107, -0.15229776981705462, 1.5795226668944378, 0.9476579007443208, -0.03774779370692541, 1.5154372647191428, 0.9705674185439906]"
prism2,448,/home/humanoid/Programs/hand/results/phase1/run_20260413_pollard_multiscene_500_run3/prism2/generated_mjcf/scene_prism2_tp0d0003p0d0134p0d0000_ip0d0206n0d0099p0d0000_mp0d0083p0d0251p0d0000.xml,prism_y0d0300,False,0.02,4.0,0.45,0.4,0.0,1.0,2.4274005786221617,0.04761563079351623,4.0,0.010816203398566294,1.808310170911531,0.01040547719881982,0.0019213217298334612,1.0,1.0,0.0,1.0,0.0,0.0,1.0,0.02827627601032942,0.06500513351158921,0.0002617629877949522,0.013412109453143835,0.0,0.020648687224171146,-0.009855365425905357,0.0,0.008263438874933736,0.02514626012262553,0.0,"[-0.005529476116428621, 1.281415796368659, -1.1570510453292107, -0.15229776981705462, 1.5795226668944378, 0.9476579007443208, -0.03774779370692541, 1.5154372647191428, 0.9705674185439906]"
prism2,449,/home/humanoid/Programs/hand/results/phase1/run_20260413_pollard_multiscene_500_run3/prism2/generated_mjcf/scene_prism2_tn0d0067p0d0251p0d0000_ip0d0118n0d0189p0d0103_mp0d0178p0d0230p0d0000.xml,prism_y0d0300,True,0.02,4.0,0.45,0.4,1.0,1.0,6.520744611497257,0.049142418029031715,5.0,0.005620428512939993,0.7550976192085275,0.013262135642320332,0.0,1.0,1.0,1.0,1.0,1.0,1.0,0.0,0.16423144917508695,0.0618605131653705,-0.006688079787446489,0.025055041151438993,0.0,0.011787691163478548,-0.018857419838083388,0.010269059958378499,0.017802052151034024,0.02298066643960671,0.0,"[-0.005529476116428621, 1.281415796368659, -1.1570510453292107, -0.15229776981705462, 1.5795226668944378, 0.9476579007443208, -0.03774779370692541, 1.5154372647191428, 0.9705674185439906]"
prism2,450,/home/humanoid/Programs/hand/results/phase1/run_20260413_pollard_multiscene_500_run3/prism2/generated_mjcf/scene_prism2_tn0d0115p0d0097p0d0000_ip0d0058n0d0039p0d0082_mp0d0180p0d0149p0d0014.xml,prism_y0d0300,False,0.02,4.0,0.45,0.4,0.0,1.0,2.8521526870802836,0.04919301699358626,4.0,0.008498087460739084,0.13073279018356898,0.002206846119689711,0.0006331118440730255,1.0,1.0,0.0,1.0,0.0,0.0,1.0,0.002172042392539523,0.01997270601333499,-0.011498837979600898,0.009706578963080024,0.0,0.005800274182427564,-0.003875181551276056,0.008213794678798934,0.018034952841468985,0.014892628460001858,0.0014142894425570804,"[-0.005529476116428621, 1.281415796368659, -1.1570510453292107, -0.15229776981705462, 1.5795226668944378, 0.9476579007443208, -0.03774779370692541, 1.5154372647191428, 0.9705674185439906]"
prism2,451,/home/humanoid/Programs/hand/results/phase1/run_20260413_pollard_multiscene_500_run3/prism2/generated_mjcf/scene_prism2_tn0d0015p0d0169p0d0000_ip0d0172n0d0104p0d0011_mp0d0107p0d0072p0d0079.xml,prism_y0d0300,True,0.02,4.0,0.45,0.4,1.0,1.0,6.867307578364954,0.04855590396846468,5.0,0.00564709887828142,0.02911282197705085,0.0010947216422615726,7.234273411715897e-05,1.0,1.0,1.0,1.0,1.0,1.0,0.0,0.006916233827723235,0.0042705259749832485,-0.0015262415059165927,0.016865296197385568,0.0,0.01723625189913445,-0.010377268605681585,0.0010902005619215262,0.010692937551189264,0.007170400093331903,0.007890693852559163,"[-0.005529476116428621, 1.281415796368659, -1.1570510453292107, -0.15229776981705462, 1.5795226668944378, 0.9476579007443208, -0.03774779370692541, 1.5154372647191428, 0.9705674185439906]"
prism2,452,/home/humanoid/Programs/hand/results/phase1/run_20260413_pollard_multiscene_500_run3/prism2/generated_mjcf/scene_prism2_tp0d0042p0d0187p0d0000_in0d0003n0d0036p0d0030_mp0d0164p0d0240p0d0000.xml,prism_y0d0300,False,0.02,4.0,0.45,0.4,0.0,1.0,2.170666545074848,0.04607096337413373,4.0,0.008877813283615575,9.443632057368202,0.017936612625600947,0.012240801497925564,0.7861111111111111,0.6583333333333333,0.3527777777777778,0.9083333333333333,0.175,0.3527777777777778,0.5555555555555556,0.13317226365062984,0.05744813871383586,0.004224288169672047,0.018713736538135094,0.0,-0.0002762932500023751,-0.0035924675596602177,0.0029657756018682153,0.016360768858148723,0.02400119577539169,0.0,"[-0.005529476116428621, 1.281415796368659, -1.1570510453292107, -0.15229776981705462, 1.5795226668944378, 0.9476579007443208, -0.03774779370692541, 1.5154372647191428, 0.9705674185439906]"
prism2,453,/home/humanoid/Programs/hand/results/phase1/run_20260413_pollard_multiscene_500_run3/prism2/generated_mjcf/scene_prism2_tn0d0023p0d0300p0d0000_ip0d0087n0d0088p0d0000_mp0d0061p0d0096p0d0107.xml,prism_y0d0300,False,0.02,4.0,0.45,0.4,0.0,1.0,3.2188666916655477,0.05393965755801306,5.0,0.006369417564594901,1.5032024285566525,0.015550666031507532,0.000998262499310315,1.0,1.0,1.0,0.06111111111111111,0.06111111111111111,0.06111111111111111,0.9388888888888889,0.0851710091432134,0.1206959362564789,-0.002253257700280441,0.02996832043086915,0.0,0.008742601393709004,-0.008847917458295534,0.0,0.006059896220482771,0.009636807884215167,0.010725091745554787,"[-0.005529476116428621, 1.281415796368659, -1.1570510453292107, -0.15229776981705462, 1.5795226668944378, 0.9476579007443208, -0.03774779370692541, 1.5154372647191428, 0.9705674185439906]"
prism2,454,/home/humanoid/Programs/hand/results/phase1/run_20260413_pollard_multiscene_500_run3/prism2/generated_mjcf/scene_prism2_tn0d0120p0d0128p0d0116_ip0d0050n0d0194p0d0076_mp0d0166p0d0127p0d0000.xml,prism_y0d0300,True,0.02,4.0,0.45,0.4,1.0,1.0,6.890719977666319,0.05201028805343561,5.0,0.006905129880935331,0.26185812710193707,0.0041225693254885775,0.0,1.0,1.0,1.0,1.0,1.0,1.0,0.0,0.02655022269503478,0.05053097345759655,-0.011972388872996056,0.01282487263656613,0.011611864056680684,0.005026344630147989,-0.019399767209179065,0.007643009671431975,0.01662868765354221,0.01269309732471084,0.0,"[-0.005529476116428621, 1.281415796368659, -1.1570510453292107, -0.15229776981705462, 1.5795226668944378, 0.9476579007443208, -0.03774779370692541, 1.5154372647191428, 0.9705674185439906]"
prism2,455,/home/humanoid/Programs/hand/results/phase1/run_20260413_pollard_multiscene_500_run3/prism2/generated_mjcf/scene_prism2_tn0d0042p0d0280p0d0000_ip0d0104n0d0162p0d0000_mp0d0194p0d0120p0d0006.xml,prism_y0d0300,False,0.02,4.0,0.45,0.4,0.0,1.0,2.6944874215281334,0.051007739232337326,4.0,0.009951096306064932,0.9085400895630187,0.008201120706510323,0.0016793432599098712,1.0,1.0,1.0,0.0,0.0,0.0,1.0,0.020783251578652694,0.0889163012409135,-0.004184508743415265,0.027977910545990033,0.0,0.010384936074195428,-0.016192820587361226,0.0,0.019421232223716424,0.011961081300551542,0.0006333455042184973,"[-0.005529476116428621, 1.281415796368659, -1.1570510453292107, -0.15229776981705462, 1.5795226668944378, 0.9476579007443208, -0.03774779370692541, 1.5154372647191428, 0.9705674185439906]"
prism2,456,/home/humanoid/Programs/hand/results/phase1/run_20260413_pollard_multiscene_500_run3/prism2/generated_mjcf/scene_prism2_tn0d0040p0d0123p0d0003_ip0d0092n0d0065p0d0071_mp0d0134p0d0052p0d0000.xml,prism_y0d0300,False,0.02,4.0,0.45,0.4,0.0,1.0,4.859203838243666,0.055341288187521445,6.0,0.0058281520603900155,1.078618558296815,0.003998308981227786,0.0,1.0,1.0,0.3333333333333333,1.0,0.3333333333333333,0.3333333333333333,0.6666666666666667,0.026446770249021045,0.10771107263578905,-0.004036233379079683,0.01228166921896134,0.0003371369671329571,0.009179435430101485,-0.006514778638218343,0.007092787816219352,0.01344244043374698,0.005212812531370138,0.0,"[-0.005529476116428621, 1.281415796368659, -1.1570510453292107, -0.15229776981705462, 1.5795226668944378, 0.9476579007443208, -0.03774779370692541, 1.5154372647191428, 0.9705674185439906]"
prism2,457,/home/humanoid/Programs/hand/results/phase1/run_20260413_pollard_multiscene_500_run3/prism2/generated_mjcf/scene_prism2_tn0d0077p0d0092p0d0053_ip0d0059n0d0119p0d0000_mp0d0084p0d0256p0d0009.xml,prism_y0d0300,True,0.02,4.0,0.45,0.4,1.0,1.0,5.291062831107663,0.04839396591820168,4.0,0.008269321312492495,0.29250788323422316,0.001637005130353013,0.0010200350463295815,1.0,1.0,0.6944444444444444,1.0,0.6944444444444444,0.6944444444444444,0.3055555555555556,0.005973822238468487,0.0285497546854722,-0.0077221560129722205,0.009241343482545189,0.005305268489148921,0.005934026353985964,-0.01189567654957444,0.0,0.008416652191713826,0.02558215821274215,0.0008878869964164988,"[-0.005529476116428621, 1.281415796368659, -1.1570510453292107, -0.15229776981705462, 1.5795226668944378, 0.9476579007443208, -0.03774779370692541, 1.5154372647191428, 0.9705674185439906]"
prism2,458,/home/humanoid/Programs/hand/results/phase1/run_20260413_pollard_multiscene_500_run3/prism2/generated_mjcf/scene_prism2_tn0d0087p0d0102p0d0000_ip0d0007n0d0098p0d0001_mp0d0183p0d0189p0d0098.xml,prism_y0d0300,True,0.02,4.0,0.45,0.4,1.0,1.0,6.791765062526328,0.04775211502959012,5.0,0.008250434821962985,0.1264506911238839,0.0018965371832097846,0.0009606808557657831,1.0,1.0,1.0,1.0,1.0,1.0,0.0,0.01009573739425348,0.022174718868230636,-0.008684111063004037,0.010177429826163853,0.0,0.0006950654730162355,-0.009834574943168922,9.944646366308318e-05,0.018299039648385917,0.01888504637861417,0.00980088854210293,"[-0.005529476116428621, 1.281415796368659, -1.1570510453292107, -0.15229776981705462, 1.5795226668944378, 0.9476579007443208, -0.03774779370692541, 1.5154372647191428, 0.9705674185439906]"
prism2,459,/home/humanoid/Programs/hand/results/phase1/run_20260413_pollard_multiscene_500_run3/prism2/generated_mjcf/scene_prism2_tp0d0038p0d0277p0d0015_ip0d0094n0d0050p0d0087_mp0d0111p0d0248p0d0007.xml,prism_y0d0300,True,0.02,4.0,0.45,0.4,1.0,1.0,6.2026274705511275,0.049071068254948426,4.0,0.005676172274575203,1.0933464905428065,0.0062335478398997685,0.0,1.0,1.0,1.0,1.0,1.0,1.0,0.0,0.08708618328019523,0.030036259843803852,0.0038372290418067397,0.027679147460744107,0.00146902495111516,0.009444239676410551,-0.005007706588113394,0.008700653976734352,0.01105983181184128,0.024784398737338946,0.0006566282614868125,"[-0.005529476116428621, 1.281415796368659, -1.1570510453292107, -0.15229776981705462, 1.5795226668944378, 0.9476579007443208, -0.03774779370692541, 1.5154372647191428, 0.9705674185439906]"
prism2,460,/home/humanoid/Programs/hand/results/phase1/run_20260413_pollard_multiscene_500_run3/prism2/generated_mjcf/scene_prism2_tp0d0051p0d0151p0d0076_in0d0005n0d0087p0d0083_mp0d0021p0d0071p0d0000.xml,prism_y0d0300,False,0.02,4.0,0.45,0.4,0.0,1.0,4.668874032713734,0.05107228288123447,6.0,0.005875909951726193,0.5705623223199293,0.027245562146025477,0.001229717388748039,1.0,1.0,0.37777777777777777,1.0,0.37777777777777777,0.37777777777777777,0.6222222222222222,0.13449338761596416,0.13719266144187353,0.005070275558583852,0.015144088267443812,0.0076441035634370325,-0.0004886669091993274,-0.008682677275442627,0.008332307329351672,0.0020755398598146044,0.007136235813742821,0.0,"[-0.005529476116428621, 1.281415796368659, -1.1570510453292107, -0.15229776981705462, 1.5795226668944378, 0.9476579007443208, -0.03774779370692541, 1.5154372647191428, 0.9705674185439906]"
prism2,461,/home/humanoid/Programs/hand/results/phase1/run_20260413_pollard_multiscene_500_run3/prism2/generated_mjcf/scene_prism2_tn0d0027p0d0160p0d0096_ip0d0197n0d0084p0d0031_mp0d0191p0d0191p0d0000.xml,prism_y0d0300,True,0.02,4.0,0.45,0.4,1.0,1.0,6.858836375718695,0.04975803010097962,5.0,0.007335602632092031,0.18322573520821428,0.0008112518609700084,0.0007394764197680981,1.0,1.0,1.0,1.0,1.0,1.0,0.0,0.010705680739103449,0.03218540665607017,-0.0027418946600591115,0.015962260923850703,0.009641864745706736,0.019737998008139197,-0.008400394671306056,0.003105569813784431,0.019108178305188572,0.01911854850404001,0.0,"[-0.005529476116428621, 1.281415796368659, -1.1570510453292107, -0.15229776981705462, 1.5795226668944378, 0.9476579007443208, -0.03774779370692541, 1.5154372647191428, 0.9705674185439906]"
prism2,462,/home/humanoid/Programs/hand/results/phase1/run_20260413_pollard_multiscene_500_run3/prism2/generated_mjcf/scene_prism2_tn0d0074p0d0158p0d0080_ip0d0193n0d0065p0d0068_mp0d0003p0d0179p0d0022.xml,prism_y0d0300,False,0.02,4.0,0.45,0.4,0.0,1.0,2.7337781248659185,0.0496999037554392,4.0,0.010004579477354628,0.6288490392208936,0.004797097666718883,0.00036400076742389154,1.0,1.0,0.0,1.0,0.0,0.0,1.0,0.021153736243215888,0.07415532056798947,-0.007404738332604117,0.015765543940939562,0.007990530901553664,0.019324819285983626,-0.006543558792698018,0.006772267263960373,0.0002677811277845294,0.017936383260698505,0.0021669874134804725,"[-0.005529476116428621, 1.281415796368659, -1.1570510453292107, -0.15229776981705462, 1.5795226668944378, 0.9476579007443208, -0.03774779370692541, 1.5154372647191428, 0.9705674185439906]"
prism2,463,/home/humanoid/Programs/hand/results/phase1/run_20260413_pollard_multiscene_500_run3/prism2/generated_mjcf/scene_prism2_tn0d0051p0d0300p0d0000_ip0d0060n0d0056p0d0000_mn0d0001p0d0189p0d0000.xml,prism_y0d0300,True,0.02,4.0,0.45,0.4,1.0,1.0,4.627032328963565,0.05450593105673247,5.0,0.0058110467974212725,1.1582039366367058,0.021564783135200383,0.0,1.0,1.0,1.0,0.4583333333333333,0.4583333333333333,0.4583333333333333,0.5416666666666667,0.15154701261911688,0.1287737250028061,-0.005099808976157512,0.03,0.0,0.005961773689922919,-0.005637245574518971,0.0,-0.00013024896387718067,0.018937237793003735,0.0,"[-0.005529476116428621, 1.281415796368659, -1.1570510453292107, -0.15229776981705462, 1.5795226668944378, 0.9476579007443208, -0.03774779370692541, 1.5154372647191428, 0.9705674185439906]"
prism2,464,/home/humanoid/Programs/hand/results/phase1/run_20260413_pollard_multiscene_500_run3/prism2/generated_mjcf/scene_prism2_tn0d0054p0d0109p0d0107_ip0d0147n0d0019p0d0104_mp0d0043p0d0052p0d0098.xml,prism_y0d0300,False,0.02,4.0,0.45,0.4,0.0,1.0,3.9516302142205824,0.054718756260491004,5.0,0.006187423391968631,0.28273926235439567,0.01359795911478015,0.00016054879116396414,1.0,1.0,0.20555555555555555,1.0,0.20555555555555555,0.20555555555555555,0.7944444444444445,0.10926502182008603,0.11192231351354405,-0.005388295655969974,0.010895009566350942,0.010705614806808997,0.014669172889080135,-0.0018880941279286554,0.010449585597510806,0.004269540828584654,0.005219547507113649,0.009837767568049896,"[-0.005529476116428621, 1.281415796368659, -1.1570510453292107, -0.15229776981705462, 1.5795226668944378, 0.9476579007443208, -0.03774779370692541, 1.5154372647191428, 0.9705674185439906]"
prism2,465,/home/humanoid/Programs/hand/results/phase1/run_20260413_pollard_multiscene_500_run3/prism2/generated_mjcf/scene_prism2_tp0d0032p0d0149p0d0000_ip0d0097n0d0096p0d0000_mp0d0036p0d0065p0d0091.xml,prism_y0d0300,True,0.02,4.0,0.45,0.4,1.0,1.0,5.9414495656357875,0.05443895884897744,6.0,0.00569425474183998,0.988999692257351,0.021688296363655605,0.0003066546614088478,1.0,1.0,0.7055555555555556,1.0,0.7055555555555556,0.7055555555555556,0.2944444444444444,0.14090319170365928,0.13892540986728305,0.0031694280086304993,0.014940037139802399,0.0,0.009734840540635576,-0.009609581632785089,0.0,0.0036017896508224985,0.006460760873302428,0.009061009487349163,"[-0.005529476116428621, 1.281415796368659, -1.1570510453292107, -0.15229776981705462, 1.5795226668944378, 0.9476579007443208, -0.03774779370692541, 1.5154372647191428, 0.9705674185439906]"
prism2,466,/home/humanoid/Programs/hand/results/phase1/run_20260413_pollard_multiscene_500_run3/prism2/generated_mjcf/scene_prism2_tn0d0008p0d0260p0d0051_ip0d0026n0d0104p0d0000_mp0d0041p0d0208p0d0000.xml,prism_y0d0300,True,0.02,4.0,0.45,0.4,1.0,1.0,6.876674360434712,0.04993007004001872,5.0,0.0056918752595745276,0.13203252036042928,0.001174439664944064,3.428369622511529e-05,1.0,1.0,1.0,1.0,1.0,1.0,0.0,0.029793541140687923,0.0048757578153545604,-0.00081991629980422,0.026034750194938505,0.005062310391965544,0.0025952577325081662,-0.010359114817091094,0.0,0.0040665430258067965,0.020832864965785874,0.0,"[-0.005529476116428621, 1.281415796368659, -1.1570510453292107, -0.15229776981705462, 1.5795226668944378, 0.9476579007443208, -0.03774779370692541, 1.5154372647191428, 0.9705674185439906]"
prism2,467,/home/humanoid/Programs/hand/results/phase1/run_20260413_pollard_multiscene_500_run3/prism2/generated_mjcf/scene_prism2_tp0d0054p0d0136p0d0082_ip0d0144n0d0058p0d0089_mp0d0113p0d0095p0d0000.xml,prism_y0d0300,False,0.02,4.0,0.45,0.4,0.0,1.0,3.652097207478997,0.05033376287153718,6.0,0.0065272606436697885,0.32185027456122,0.015226942046527414,0.0011169981228210252,1.0,1.0,0.044444444444444446,1.0,0.044444444444444446,0.044444444444444446,0.9555555555555556,0.0550722509473379,0.09682909970585317,0.005381576913038623,0.013579279121502625,0.008177907166183992,0.014367376935843145,-0.0058438262028245504,0.008891983580539647,0.011325897271811802,0.00948655199872318,0.0,"[-0.005529476116428621, 1.281415796368659, -1.1570510453292107, -0.15229776981705462, 1.5795226668944378, 0.9476579007443208, -0.03774779370692541, 1.5154372647191428, 0.9705674185439906]"
prism2,468,/home/humanoid/Programs/hand/results/phase1/run_20260413_pollard_multiscene_500_run3/prism2/generated_mjcf/scene_prism2_tn0d0114p0d0187p0d0000_in0d0008n0d0220p0d0034_mn0d0007p0d0127p0d0000.xml,prism_y0d0300,True,0.02,4.0,0.45,0.4,1.0,1.0,5.319038655547386,0.05142853361650153,5.0,0.00571109974001282,1.6083729049773354,0.01854349655450609,0.0,1.0,1.0,1.0,0.6972222222222222,0.6972222222222222,0.6972222222222222,0.3027777777777778,0.17815942840911222,0.0977229561347836,-0.011409274767089164,0.0186899836045733,0.0,-0.0008462088297067905,-0.021983896864782655,0.0034054610646400817,-0.0006828656042447961,0.012675653524392668,0.0,"[-0.005529476116428621, 1.281415796368659, -1.1570510453292107, -0.15229776981705462, 1.5795226668944378, 0.9476579007443208, -0.03774779370692541, 1.5154372647191428, 0.9705674185439906]"
prism2,469,/home/humanoid/Programs/hand/results/phase1/run_20260413_pollard_multiscene_500_run3/prism2/generated_mjcf/scene_prism2_tn0d0118p0d0098p0d0078_ip0d0157n0d0179p0d0052_mp0d0014p0d0208p0d0000.xml,prism_y0d0300,False,0.02,4.0,0.45,0.4,0.0,1.0,2.758278322227372,0.048754067317665614,4.0,0.012311755253634496,0.30374708340107553,0.002532564949006755,0.0021426748762684855,1.0,1.0,0.0,1.0,0.0,0.0,1.0,0.010567225332758265,0.05290749466294794,-0.011765599472505791,0.009785349809807487,0.007848847332914674,0.015698333536894954,-0.017885917142791793,0.005184286748598808,0.001352126037304658,0.020801664430839015,0.0,"[-0.005529476116428621, 1.281415796368659, -1.1570510453292107, -0.15229776981705462, 1.5795226668944378, 0.9476579007443208, -0.03774779370692541, 1.5154372647191428, 0.9705674185439906]"
prism2,470,/home/humanoid/Programs/hand/results/phase1/run_20260413_pollard_multiscene_500_run3/prism2/generated_mjcf/scene_prism2_tp0d0022p0d0300p0d0106_in0d0001n0d0100p0d0000_mn0d0008p0d0202p0d0001.xml,prism_y0d0300,False,0.02,4.0,0.45,0.4,0.0,1.0,2.7688840823622547,0.04926876437749235,5.0,0.006128428142815366,3.3003403634380426,0.04287539848391389,0.010363601255903146,0.875,0.8777777777777778,0.95,0.15,0.15,0.15,0.7999999999999999,0.07324284644490893,0.18671261525882202,0.00222650229601605,0.03,0.010567096174962709,-5.7014551148235754e-05,-0.010043033904746949,0.0,-0.0007655641616628912,0.020205489345903757,0.0001371397360768658,"[-0.005529476116428621, 1.281415796368659, -1.1570510453292107, -0.15229776981705462, 1.5795226668944378, 0.9476579007443208, -0.03774779370692541, 1.5154372647191428, 0.9705674185439906]"
prism2,471,/home/humanoid/Programs/hand/results/phase1/run_20260413_pollard_multiscene_500_run3/prism2/generated_mjcf/scene_prism2_tp0d0030p0d0113p0d0000_ip0d0151n0d0021p0d0000_mp0d0216p0d0086p0d0000.xml,prism_y0d0300,False,0.02,4.0,0.45,0.4,0.0,1.0,2.871299162277562,0.05065446165940462,4.0,0.007971346503595494,0.2649893728769137,0.002138693549551626,0.0006117535245642597,1.0,1.0,0.0,1.0,0.0,0.0,1.0,0.0040506882537950095,0.04338401003399073,0.003032211930165382,0.011261223420214555,0.0,0.015117565516981355,-0.0020649879170627477,0.0,0.021614954396179616,0.008557351577785258,0.0,"[-0.005529476116428621, 1.281415796368659, -1.1570510453292107, -0.15229776981705462, 1.5795226668944378, 0.9476579007443208, -0.03774779370692541, 1.5154372647191428, 0.9705674185439906]"
prism2,472,/home/humanoid/Programs/hand/results/phase1/run_20260413_pollard_multiscene_500_run3/prism2/generated_mjcf/scene_prism2_tp0d0055p0d0142p0d0109_in0d0009n0d0107p0d0073_mp0d0158p0d0263p0d0000.xml,prism_y0d0300,False,0.02,4.0,0.45,0.4,0.0,1.0,3.8178794323838234,0.04866870464397889,5.0,0.00857726472983421,0.39684291950160183,0.0031591081061475216,0.0016816131153874897,1.0,1.0,0.18333333333333332,1.0,0.18333333333333332,0.18333333333333332,0.8166666666666667,0.008048047200498717,0.04332441909699166,0.005482028692666837,0.014177397811001843,0.010903324251496305,-0.0008679015118163037,-0.010667320474653916,0.00725789014008766,0.015787351380811068,0.02633354953180985,0.0,"[-0.005529476116428621, 1.281415796368659, -1.1570510453292107, -0.15229776981705462, 1.5795226668944378, 0.9476579007443208, -0.03774779370692541, 1.5154372647191428, 0.9705674185439906]"
prism2,473,/home/humanoid/Programs/hand/results/phase1/run_20260413_pollard_multiscene_500_run3/prism2/generated_mjcf/scene_prism2_tp0d0028p0d0111p0d0000_ip0d0158n0d0076p0d0066_mp0d0190p0d0078p0d0052.xml,prism_y0d0300,False,0.02,4.0,0.45,0.4,0.0,1.0,2.8463775804985683,0.0494498959031414,4.0,0.008412729371609898,0.10600032240616812,0.002466366162841785,0.0006339589052249406,1.0,1.0,0.0,1.0,0.0,0.0,1.0,0.0036696125949239183,0.05113590514512358,0.002787428416073051,0.011124309693084186,0.0,0.015762279253828677,-0.007609730635977962,0.006600435282516717,0.01895273993524628,0.007783232773671751,0.005163729948006412,"[-0.005529476116428621, 1.281415796368659, -1.1570510453292107, -0.15229776981705462, 1.5795226668944378, 0.9476579007443208, -0.03774779370692541, 1.5154372647191428, 0.9705674185439906]"
prism2,474,/home/humanoid/Programs/hand/results/phase1/run_20260413_pollard_multiscene_500_run3/prism2/generated_mjcf/scene_prism2_tp0d0075p0d0138p0d0000_ip0d0057n0d0219p0d0086_mp0d0161p0d0036p0d0000.xml,prism_y0d0300,True,0.02,4.0,0.45,0.4,1.0,1.0,6.6055184417097745,0.04836797295445856,5.0,0.005646600450623763,0.7794788174451986,0.008896744624670744,0.00022359263752994019,1.0,1.0,1.0,1.0,1.0,1.0,0.0,0.09121661988289953,0.023730777793928497,0.007473701560144725,0.013832646818040854,0.0,0.005676260346304213,-0.021940866096397726,0.008647108538634853,0.016052627074017313,0.0035593571489968313,0.0,"[-0.005529476116428621, 1.281415796368659, -1.1570510453292107, -0.15229776981705462, 1.5795226668944378, 0.9476579007443208, -0.03774779370692541, 1.5154372647191428, 0.9705674185439906]"
prism2,475,/home/humanoid/Programs/hand/results/phase1/run_20260413_pollard_multiscene_500_run3/prism2/generated_mjcf/scene_prism2_tp0d0076p0d0300p0d0000_ip0d0208n0d0131p0d0000_mn0d0016p0d0056p0d0012.xml,prism_y0d0300,False,0.02,4.0,0.45,0.4,0.0,1.0,3.945497391628627,0.04756610984753697,5.0,0.008170015829113631,0.6560958184397444,0.02331212927332924,0.006457846375679588,0.9722222222222222,1.0,0.9722222222222222,0.3055555555555556,0.3055555555555556,0.3055555555555556,0.6944444444444444,0.022371597736509357,0.08520259300823407,0.007629969449959299,0.03,0.0,0.02084695203995446,-0.013079106497613992,0.0,-0.0016474320179972243,0.005604879919699405,0.0012319919719836047,"[-0.005529476116428621, 1.281415796368659, -1.1570510453292107, -0.15229776981705462, 1.5795226668944378, 0.9476579007443208, -0.03774779370692541, 1.5154372647191428, 0.9705674185439906]"
prism2,476,/home/humanoid/Programs/hand/results/phase1/run_20260413_pollard_multiscene_500_run3/prism2/generated_mjcf/scene_prism2_tp0d0118p0d0279p0d0112_ip0d0203n0d0028p0d0075_mp0d0128p0d0199p0d0107.xml,prism_y0d0300,True,0.02,4.0,0.45,0.4,1.0,1.0,6.805101853573245,0.04994529756209012,5.0,0.0058282761537541165,0.44900029123487983,0.0017248905286607551,0.0,1.0,1.0,1.0,1.0,1.0,1.0,0.0,0.048494013852455366,0.010267216165499526,0.011840430954169388,0.027935950600095887,0.01118669848282157,0.020329158687063302,-0.002805143197382407,0.007519427185789622,0.01275148782269786,0.019934227857964906,0.010702847419610532,"[-0.005529476116428621, 1.281415796368659, -1.1570510453292107, -0.15229776981705462, 1.5795226668944378, 0.9476579007443208, -0.03774779370692541, 1.5154372647191428, 0.9705674185439906]"
prism2,477,/home/humanoid/Programs/hand/results/phase1/run_20260413_pollard_multiscene_500_run3/prism2/generated_mjcf/scene_prism2_tp0d0035p0d0101p0d0008_ip0d0170n0d0216p0d0000_mp0d0184p0d0054p0d0000.xml,prism_y0d0300,True,0.02,4.0,0.45,0.4,1.0,1.0,6.4931510118789975,0.049923791934957704,5.0,0.005707290286098051,0.8686269731772918,0.018874264841371297,0.0,1.0,1.0,1.0,1.0,1.0,1.0,0.0,0.1412356014882905,0.1159837775184286,0.003532706305282232,0.010064409176203722,0.0007671164180321852,0.016983686550221457,-0.02158511885854595,0.0,0.018377546113442306,0.0054433989863529875,0.0,"[-0.005529476116428621, 1.281415796368659, -1.1570510453292107, -0.15229776981705462, 1.5795226668944378, 0.9476579007443208, -0.03774779370692541, 1.5154372647191428, 0.9705674185439906]"
prism2,478,/home/humanoid/Programs/hand/results/phase1/run_20260413_pollard_multiscene_500_run3/prism2/generated_mjcf/scene_prism2_tp0d0004p0d0216p0d0069_ip0d0154n0d0225p0d0015_mp0d0145p0d0270p0d0071.xml,prism_y0d0300,True,0.02,4.0,0.45,0.4,1.0,1.0,6.44058279458358,0.049947998688472675,4.0,0.005775345725406794,0.3381527665763215,0.0014521816839371325,0.0,1.0,1.0,1.0,1.0,1.0,1.0,0.0,0.03188012482363156,0.009460676296892864,0.0004021373010342118,0.021570085370465064,0.006861995303780965,0.015395232114689744,-0.022512682614668177,0.0014686024647519863,0.014504301258655013,0.027042155239312353,0.007146943895862106,"[-0.005529476116428621, 1.281415796368659, -1.1570510453292107, -0.15229776981705462, 1.5795226668944378, 0.9476579007443208, -0.03774779370692541, 1.5154372647191428, 0.9705674185439906]"
prism2,479,/home/humanoid/Programs/hand/results/phase1/run_20260413_pollard_multiscene_500_run3/prism2/generated_mjcf/scene_prism2_tp0d0096p0d0159p0d0005_in0d0007n0d0051p0d0022_mp0d0147p0d0272p0d0076.xml,prism_y0d0300,False,0.02,4.0,0.45,0.4,0.0,1.0,5.0405422214468585,0.04623726117112635,3.0,0.0096954413804997,0.30516480832205956,0.007824242790804117,0.0010137399842683192,1.0,0.975,0.7666666666666667,0.9611111111111111,0.7027777777777777,0.7666666666666667,0.20833333333333326,0.025008803648011002,0.0369543506584021,0.009594060715247866,0.015874209928032755,0.0005246555194527141,-0.0006892630481953044,-0.005095977938302259,0.002235288648113707,0.01474634968078216,0.027241851348343935,0.007604286297816443,"[-0.005529476116428621, 1.281415796368659, -1.1570510453292107, -0.15229776981705462, 1.5795226668944378, 0.9476579007443208, -0.03774779370692541, 1.5154372647191428, 0.9705674185439906]"
prism2,480,/home/humanoid/Programs/hand/results/phase1/run_20260413_pollard_multiscene_500_run3/prism2/generated_mjcf/scene_prism2_tn0d0066p0d0101p0d0000_ip0d0142n0d0234p0d0072_mp0d0124p0d0232p0d0000.xml,prism_y0d0300,False,0.02,4.0,0.45,0.4,0.0,1.0,3.004971841477286,0.05524143022787249,4.0,0.0075327105403486146,0.29433927893692213,0.0030246888006190253,8.105623846182963e-05,1.0,1.0,0.0,1.0,0.0,0.0,1.0,0.01923738251587182,0.061807426791773944,-0.006594381918308316,0.010115788867042789,0.0,0.014238195089008763,-0.023356292142754483,0.007217844165074538,0.012374884987691043,0.02323082678296967,0.0,"[-0.005529476116428621, 1.281415796368659, -1.1570510453292107, -0.15229776981705462, 1.5795226668944378, 0.9476579007443208, -0.03774779370692541, 1.5154372647191428, 0.9705674185439906]"
prism2,481,/home/humanoid/Programs/hand/results/phase1/run_20260413_pollard_multiscene_500_run3/prism2/generated_mjcf/scene_prism2_tn0d0042p0d0108p0d0000_ip0d0050n0d0165p0d0000_mp0d0091p0d0259p0d0100.xml,prism_y0d0300,True,0.02,4.0,0.45,0.4,1.0,1.0,6.39936951963451,0.04886958904741107,4.0,0.008771014930869181,0.20934576336560537,0.004992024803955404,0.0005734489490182848,1.0,1.0,1.0,1.0,1.0,1.0,0.0,0.01246823903621426,0.025640854820264753,-0.0042281149078721115,0.01083128765777069,0.0,0.004986767634672156,-0.016452708630349696,0.0,0.00910392439192348,0.02593147672649057,0.009987862840108785,"[-0.005529476116428621, 1.281415796368659, -1.1570510453292107, -0.15229776981705462, 1.5795226668944378, 0.9476579007443208, -0.03774779370692541, 1.5154372647191428, 0.9705674185439906]"
prism2,482,/home/humanoid/Programs/hand/results/phase1/run_20260413_pollard_multiscene_500_run3/prism2/generated_mjcf/scene_prism2_tn0d0098p0d0121p0d0012_ip0d0047n0d0163p0d0119_mp0d0210p0d0054p0d0039.xml,prism_y0d0300,False,0.02,4.0,0.45,0.4,0.0,1.0,3.2768981216030197,0.04786584730661082,3.0,0.00971949994139909,0.31112799961801374,0.012921964492859876,0.0015069018582463678,1.0,1.0,0.29444444444444445,1.0,0.29444444444444445,0.29444444444444445,0.7055555555555555,0.07500856250072829,0.04335032509203065,-0.009785904135380658,0.012145531883004285,0.0011952640352207375,0.004714135885396038,-0.01625831757918936,0.011942494800905243,0.021011383902793244,0.00537992948582189,0.003885434767348487,"[-0.005529476116428621, 1.281415796368659, -1.1570510453292107, -0.15229776981705462, 1.5795226668944378, 0.9476579007443208, -0.03774779370692541, 1.5154372647191428, 0.9705674185439906]"
prism2,483,/home/humanoid/Programs/hand/results/phase1/run_20260413_pollard_multiscene_500_run3/prism2/generated_mjcf/scene_prism2_tp0d0109p0d0127p0d0019_ip0d0088n0d0202p0d0065_mp0d0187p0d0240p0d0000.xml,prism_y0d0300,False,0.02,4.0,0.45,0.4,0.0,1.0,2.692383139345511,0.048112680686272565,4.0,0.011401215418410935,0.3766110844671713,0.0038868926755313013,0.0021009708316606507,1.0,1.0,0.0,1.0,0.0,0.0,1.0,0.037699024840066396,0.05206912058789812,0.010894348867085565,0.012710075306302046,0.0018722219357900777,0.008848358440154708,-0.020194848826237767,0.006485100261905189,0.018678946417392296,0.024026488161248492,4.530683727942651e-05,"[-0.005529476116428621, 1.281415796368659, -1.1570510453292107, -0.15229776981705462, 1.5795226668944378, 0.9476579007443208, -0.03774779370692541, 1.5154372647191428, 0.9705674185439906]"
prism2,484,/home/humanoid/Programs/hand/results/phase1/run_20260413_pollard_multiscene_500_run3/prism2/generated_mjcf/scene_prism2_tn0d0052p0d0171p0d0000_ip0d0114n0d0080p0d0001_mp0d0184p0d0173p0d0101.xml,prism_y0d0300,True,0.02,4.0,0.45,0.4,1.0,1.0,6.848995893952288,0.049811162957547464,5.0,0.007941056785968577,0.22202579663181174,0.004117678517395188,0.00019601261064448872,1.0,1.0,1.0,1.0,1.0,1.0,0.0,0.004203707541512637,0.02789379304309414,-0.005160010769570534,0.017119655572404743,0.0,0.011431032996217559,-0.008025402495112839,6.745440736844431e-05,0.018422271121277062,0.017256367578312053,0.010058918050668147,"[-0.005529476116428621, 1.281415796368659, -1.1570510453292107, -0.15229776981705462, 1.5795226668944378, 0.9476579007443208, -0.03774779370692541, 1.5154372647191428, 0.9705674185439906]"
prism2,485,/home/humanoid/Programs/hand/results/phase1/run_20260413_pollard_multiscene_500_run3/prism2/generated_mjcf/scene_prism2_tp0d0088p0d0135p0d0000_ip0d0118n0d0067p0d0000_mp0d0202p0d0130p0d0000.xml,prism_y0d0300,True,0.02,4.0,0.45,0.4,1.0,1.0,6.856009167799346,0.04959206388856924,5.0,0.008014072921705851,0.08905753483467833,0.0019659527533517946,0.0009492976274640269,1.0,1.0,1.0,1.0,1.0,1.0,0.0,0.004038730650614113,0.04620054706334072,0.008772642373253814,0.013473487068065018,0.0,0.011840300635021877,-0.0066831136960992295,0.0,0.020173904665329145,0.012994021296588502,0.0,"[-0.005529476116428621, 1.281415796368659, -1.1570510453292107, -0.15229776981705462, 1.5795226668944378, 0.9476579007443208, -0.03774779370692541, 1.5154372647191428, 0.9705674185439906]"
prism2,486,/home/humanoid/Programs/hand/results/phase1/run_20260413_pollard_multiscene_500_run3/prism2/generated_mjcf/scene_prism2_tp0d0076p0d0110p0d0119_ip0d0205n0d0031p0d0000_mp0d0192p0d0140p0d0000.xml,prism_y0d0300,False,0.02,4.0,0.45,0.4,0.0,1.0,4.009154768749966,0.04894494057174657,5.0,0.008086055869111016,0.235238594078552,0.0019034631284980679,0.0019056539583789112,1.0,1.0,0.225,1.0,0.225,0.225,0.775,0.012103275200321359,0.032136697878608254,0.007581525711751653,0.010985390094024649,0.01190669299281387,0.020533639884696864,-0.00312243768418328,0.0,0.019226256050701995,0.014038426579401892,0.0,"[-0.005529476116428621, 1.281415796368659, -1.1570510453292107, -0.15229776981705462, 1.5795226668944378, 0.9476579007443208, -0.03774779370692541, 1.5154372647191428, 0.9705674185439906]"
prism2,487,/home/humanoid/Programs/hand/results/phase1/run_20260413_pollard_multiscene_500_run3/prism2/generated_mjcf/scene_prism2_tp0d0088p0d0220p0d0000_ip0d0041n0d0100p0d0000_mp0d0023p0d0105p0d0000.xml,prism_y0d0300,True,0.02,4.0,0.45,0.4,1.0,1.0,6.856773649684818,0.04992817300747128,5.0,0.005643188173757761,0.17316162940029228,0.0017017516505174201,5.564960166129507e-05,1.0,1.0,1.0,1.0,1.0,1.0,0.0,0.03862764040484808,0.007891678582458391,0.008751521139274309,0.02195813433495425,0.0,0.004088112811065856,-0.010035573251982316,0.0,0.0022695589478362553,0.010519856420060628,0.0,"[-0.005529476116428621, 1.281415796368659, -1.1570510453292107, -0.15229776981705462, 1.5795226668944378, 0.9476579007443208, -0.03774779370692541, 1.5154372647191428, 0.9705674185439906]"
prism2,488,/home/humanoid/Programs/hand/results/phase1/run_20260413_pollard_multiscene_500_run3/prism2/generated_mjcf/scene_prism2_tp0d0040p0d0252p0d0000_ip0d0175n0d0024p0d0099_mp0d0139p0d0140p0d0000.xml,prism_y0d0300,True,0.02,4.0,0.45,0.4,1.0,1.0,6.771637148482893,0.04864134229848259,5.0,0.005685051807972528,0.2987802159416125,0.0030399905428393145,0.0,1.0,1.0,1.0,1.0,1.0,1.0,0.0,0.04920795059120006,0.014349604217148279,0.0040151865912417435,0.02517965433679476,0.0,0.017472318988795123,-0.0023861769190015748,0.009858527470894534,0.013947603886014506,0.014000716894325091,0.0,"[-0.005529476116428621, 1.281415796368659, -1.1570510453292107, -0.15229776981705462, 1.5795226668944378, 0.9476579007443208, -0.03774779370692541, 1.5154372647191428, 0.9705674185439906]"
prism2,489,/home/humanoid/Programs/hand/results/phase1/run_20260413_pollard_multiscene_500_run3/prism2/generated_mjcf/scene_prism2_tp0d0115p0d0273p0d0000_ip0d0172n0d0229p0d0117_mp0d0010p0d0058p0d0081.xml,prism_y0d0300,False,0.02,4.0,0.45,0.4,0.0,1.0,0.8286499452368931,0.04898089432167284,2.0,0.010345338872597696,2.270352803884089,0.006403906708148316,0.0032072145999183788,0.0,1.0,0.0,0.0,0.0,0.0,1.0,0.01764818232425232,0.059759119843368756,0.011498811694675162,0.02730715923601008,0.0,0.01719954964271813,-0.02291522830305808,0.011660194511019378,0.000951591731001138,0.005777731413406928,0.008084415280346147,"[-0.005529476116428621, 1.281415796368659, -1.1570510453292107, -0.15229776981705462, 1.5795226668944378, 0.9476579007443208, -0.03774779370692541, 1.5154372647191428, 0.9705674185439906]"
prism2,490,/home/humanoid/Programs/hand/results/phase1/run_20260413_pollard_multiscene_500_run3/prism2/generated_mjcf/scene_prism2_tn0d0103p0d0157p0d0000_ip0d0039n0d0154p0d0024_mp0d0106p0d0269p0d0095.xml,prism_y0d0300,False,0.02,4.0,0.45,0.4,0.0,1.0,5.271101752344829,0.047819348532117605,3.0,0.008669598553747307,0.21996244287825711,0.0016364410179725134,0.0011884969447912425,1.0,1.0,0.8055555555555556,1.0,0.8055555555555556,0.8055555555555556,0.19444444444444442,0.01386467864073826,0.028593189307972538,-0.01033819147763369,0.015694722108475882,0.0,0.0038626213160662783,-0.01540010741443225,0.002371286748752201,0.010604854281785482,0.02690137877281787,0.009546302702118915,"[-0.005529476116428621, 1.281415796368659, -1.1570510453292107, -0.15229776981705462, 1.5795226668944378, 0.9476579007443208, -0.03774779370692541, 1.5154372647191428, 0.9705674185439906]"
prism2,491,/home/humanoid/Programs/hand/results/phase1/run_20260413_pollard_multiscene_500_run3/prism2/generated_mjcf/scene_prism2_tn0d0023p0d0233p0d0063_ip0d0006n0d0094p0d0055_mp0d0146p0d0041p0d0107.xml,prism_y0d0300,True,0.02,4.0,0.45,0.4,1.0,1.0,6.888251677297013,0.049573190181486815,5.0,0.0057535550439791056,0.08065118905631553,0.00042604715357134036,6.0151799278623796e-05,1.0,1.0,1.0,1.0,1.0,1.0,0.0,0.016885546052017877,0.006083080087661193,-0.002329973913256801,0.023270871193499486,0.006282828895953191,0.0005698282814026179,-0.00942041051014574,0.005458426041261531,0.014598589441035268,0.00405319105217238,0.010694641674625756,"[-0.005529476116428621, 1.281415796368659, -1.1570510453292107, -0.15229776981705462, 1.5795226668944378, 0.9476579007443208, -0.03774779370692541, 1.5154372647191428, 0.9705674185439906]"
prism2,492,/home/humanoid/Programs/hand/results/phase1/run_20260413_pollard_multiscene_500_run3/prism2/generated_mjcf/scene_prism2_tn0d0120p0d0103p0d0000_ip0d0137n0d0123p0d0000_mp0d0054p0d0081p0d0045.xml,prism_y0d0300,True,0.02,4.0,0.45,0.4,1.0,1.0,5.9318485220244925,0.0513910661635841,6.0,0.0071464334404024365,0.20673825623284797,0.0031051249239925733,0.0,1.0,1.0,0.6194444444444445,1.0,0.6194444444444445,0.6194444444444445,0.38055555555555554,0.007909919377727623,0.049989038927070295,-0.011976922786092133,0.010296461513639622,0.0,0.013723523804438831,-0.01225337989012358,0.0,0.005424176997103532,0.008063687818109542,0.004537319127635171,"[-0.005529476116428621, 1.281415796368659, -1.1570510453292107, -0.15229776981705462, 1.5795226668944378, 0.9476579007443208, -0.03774779370692541, 1.5154372647191428, 0.9705674185439906]"
prism2,493,/home/humanoid/Programs/hand/results/phase1/run_20260413_pollard_multiscene_500_run3/prism2/generated_mjcf/scene_prism2_tp0d0088p0d0282p0d0000_ip0d0061n0d0212p0d0086_mp0d0193p0d0217p0d0044.xml,prism_y0d0300,False,0.02,4.0,0.45,0.4,0.0,1.0,4.631974715332652,0.05151915751537842,6.0,0.005793972823976516,0.3859840603087882,0.026709375117020106,0.0013374589660763853,1.0,1.0,1.0,0.37222222222222223,0.37222222222222223,0.37222222222222223,0.6277777777777778,0.18906374882793409,0.15268147177670136,0.008810582318479962,0.02823864594716607,0.0,0.006079133984940187,-0.021190124465350433,0.008551471268848924,0.0193094866325604,0.021664834753422582,0.004377443391571888,"[-0.005529476116428621, 1.281415796368659, -1.1570510453292107, -0.15229776981705462, 1.5795226668944378, 0.9476579007443208, -0.03774779370692541, 1.5154372647191428, 0.9705674185439906]"
prism2,494,/home/humanoid/Programs/hand/results/phase1/run_20260413_pollard_multiscene_500_run3/prism2/generated_mjcf/scene_prism2_tp0d0006p0d0298p0d0000_ip0d0182n0d0143p0d0033_mp0d0144p0d0134p0d0000.xml,prism_y0d0300,False,0.02,4.0,0.45,0.4,0.0,1.0,2.674132500276372,0.04867330827524914,4.0,0.008348851365436269,0.6142006209052625,0.008572673708081985,0.0021908333990129786,1.0,1.0,1.0,0.0,0.0,0.0,1.0,0.00927571314766718,0.06720747461274197,0.0006423515573065076,0.029804859421237912,0.0,0.01822084788801706,-0.014321454506167038,0.0032808942086269676,0.0143580323783207,0.013396258077430756,0.0,"[-0.005529476116428621, 1.281415796368659, -1.1570510453292107, -0.15229776981705462, 1.5795226668944378, 0.9476579007443208, -0.03774779370692541, 1.5154372647191428, 0.9705674185439906]"
prism2,495,/home/humanoid/Programs/hand/results/phase1/run_20260413_pollard_multiscene_500_run3/prism2/generated_mjcf/scene_prism2_tp0d0045p0d0202p0d0000_ip0d0187n0d0027p0d0000_mp0d0092p0d0076p0d0019.xml,prism_y0d0300,True,0.02,4.0,0.45,0.4,1.0,1.0,6.89971963358418,0.04946841408844053,5.0,0.005675857961433478,0.022412613164006043,0.0007909029487111257,5.6863908312582145e-05,1.0,1.0,1.0,1.0,1.0,1.0,0.0,0.010387353185795754,0.002292227671914504,0.004459944146623599,0.020157888414723962,0.0,0.018738071733546885,-0.002711925195349201,0.0,0.0092276115898702,0.0075653226688972225,0.0018619001808148194,"[-0.005529476116428621, 1.281415796368659, -1.1570510453292107, -0.15229776981705462, 1.5795226668944378, 0.9476579007443208, -0.03774779370692541, 1.5154372647191428, 0.9705674185439906]"
prism2,496,/home/humanoid/Programs/hand/results/phase1/run_20260413_pollard_multiscene_500_run3/prism2/generated_mjcf/scene_prism2_tn0d0009p0d0248p0d0099_ip0d0088n0d0012p0d0000_mp0d0184p0d0181p0d0000.xml,prism_y0d0300,True,0.02,4.0,0.45,0.4,1.0,1.0,7.235950090195714,0.050342655128448155,6.0,0.0069543683952117364,0.21911354746711242,0.0015753444311708477,0.0014641003583088785,1.0,1.0,1.0,1.0,1.0,1.0,0.0,0.024571183157033546,0.05534923269142942,-0.0008933137833174749,0.024786767158425156,0.009864986063080061,0.008841727231664482,-0.0012339940763756874,0.0,0.018411304301340338,0.01808062999647958,0.0,"[-0.005529476116428621, 1.281415796368659, -1.1570510453292107, -0.15229776981705462, 1.5795226668944378, 0.9476579007443208, -0.03774779370692541, 1.5154372647191428, 0.9705674185439906]"
prism2,497,/home/humanoid/Programs/hand/results/phase1/run_20260413_pollard_multiscene_500_run3/prism2/generated_mjcf/scene_prism2_tn0d0097p0d0212p0d0092_ip0d0104n0d0190p0d0000_mp0d0216p0d0200p0d0095.xml,prism_y0d0300,True,0.02,4.0,0.45,0.4,1.0,1.0,6.81719653134715,0.054712297990487976,5.0,0.005916462147726798,0.08661723099771317,0.012688261190026943,0.0,1.0,1.0,1.0,1.0,1.0,1.0,0.0,0.15049801266622356,0.09256161913686717,-0.009713218372601893,0.021152490188781035,0.009228060343378315,0.010391589576232495,-0.019031929684336403,0.0,0.02163107469634539,0.020045375014204635,0.009475648985567953,"[-0.005529476116428621, 1.281415796368659, -1.1570510453292107, -0.15229776981705462, 1.5795226668944378, 0.9476579007443208, -0.03774779370692541, 1.5154372647191428, 0.9705674185439906]"
prism2,498,/home/humanoid/Programs/hand/results/phase1/run_20260413_pollard_multiscene_500_run3/prism2/generated_mjcf/scene_prism2_tn0d0119p0d0090p0d0017_ip0d0053n0d0047p0d0038_mp0d0079p0d0177p0d0074.xml,prism_y0d0300,False,0.02,4.0,0.45,0.4,0.0,1.0,2.8596560815129344,0.04944974250149451,4.0,0.008900736589238229,0.09484187662681458,0.004180743230873684,0.00024278505231409286,1.0,1.0,0.0,1.0,0.0,0.0,1.0,0.0026235871959869365,0.016871368315754903,-0.011909862353567426,0.008988565285749352,0.001733493470553472,0.005262883245504537,-0.00472709212620471,0.003801006143391579,0.00789349564076763,0.01765195848887168,0.0073960258272467334,"[-0.005529476116428621, 1.281415796368659, -1.1570510453292107, -0.15229776981705462, 1.5795226668944378, 0.9476579007443208, -0.03774779370692541, 1.5154372647191428, 0.9705674185439906]"
prism2,499,/home/humanoid/Programs/hand/results/phase1/run_20260413_pollard_multiscene_500_run3/prism2/generated_mjcf/scene_prism2_tp0d0014p0d0095p0d0000_ip0d0084n0d0171p0d0015_mp0d0149p0d0186p0d0000.xml,prism_y0d0300,False,0.02,4.0,0.45,0.4,0.0,1.0,4.3001260611014525,0.04831656161994224,4.0,0.008643134298640871,0.1380476904693964,0.001465475136251777,0.002151248119008173,1.0,1.0,0.41944444444444445,1.0,0.41944444444444445,0.41944444444444445,0.5805555555555555,0.011985983767665706,0.03273272283112205,0.0013764715164408785,0.00947601429432269,0.0,0.008399100002780555,-0.017066066196626872,0.0014972733179993147,0.014912960203866244,0.018649016434409443,0.0,"[-0.005529476116428621, 1.281415796368659, -1.1570510453292107, -0.15229776981705462, 1.5795226668944378, 0.9476579007443208, -0.03774779370692541, 1.5154372647191428, 0.9705674185439906]"
