scene_key,candidate_id,scene_xml,selected_foundational_pose,feasible,feasibility_max_mean_tip_distance,feasibility_min_contacts,feasible_pose_count,foundational_pose_count,score,cube_lift,cube_tip_contacts,mean_tip_distance,cube_vel_norm,cube_xy_drift,cube_z_drop_from_peak,contact_persistence,thumb_x,thumb_y,thumb_len,index_x,index_y,index_len,middle_x,middle_y,middle_len,chosen_ctrl_json
prism1,0,/home/humanoid/Programs/hand/results/phase1/run_20260413_pollard_multiscene_500_run2_refined/prism1/generated_mjcf/scene_prism1_tp0d0000p0d0200p0d0000_ip0d0100n0d0123p0d0000_mp0d0100p0d0153p0d0000.xml,prism_y0d0250,True,0.02,4.0,1.0,1.0,4.908230516639992,0.05413003966267706,6.0,0.005568993888433138,0.5338184931790108,0.015358679539055753,0.000246502713804414,1.0,0.0,0.02,0.0,0.01,-0.0123,0.0,0.01,0.0153,0.0,"[0.02227467475146645, 1.3847741367849997, -1.2, -0.12486767277292685, 1.5711627979365057, 1.0331946164332715, 0.03781392886992544, 1.534976746126043, 1.0655112267638374]"
prism1,1,/home/humanoid/Programs/hand/results/phase1/run_20260413_pollard_multiscene_500_run2_refined/prism1/generated_mjcf/scene_prism1_tp0d0033p0d0145p0d0000_in0d0016n0d0048p0d0099_mp0d0126p0d0208p0d0010.xml,prism_y0d0250,True,0.02,4.0,1.0,1.0,4.107041557748391,0.050115985369147506,4.0,0.008984478190746829,0.10339406364624286,0.0014057884427066986,0.000425427798925071,1.0,0.0032870804957149027,0.014474881130332889,0.0,-0.001603336747315302,-0.004781514259193461,0.009906133854665322,0.012559258618412316,0.02080791746361596,0.0010469997951701483,"[0.02227467475146645, 1.3847741367849997, -1.2, -0.12486767277292685, 1.5711627979365057, 1.0331946164332715, 0.03781392886992544, 1.534976746126043, 1.0655112267638374]"
prism1,2,/home/humanoid/Programs/hand/results/phase1/run_20260413_pollard_multiscene_500_run2_refined/prism1/generated_mjcf/scene_prism1_tp0d0104p0d0276p0d0000_ip0d0186n0d0235p0d0055_mp0d0022p0d0240p0d0010.xml,prism_y0d0250,True,0.02,4.0,1.0,1.0,3.9743497134918826,0.047984634958285546,5.0,0.00807997621311301,1.2485046786141991,0.021401227206515456,0.014439124382555242,1.0,0.010441738170906437,0.02758048529891677,0.0,0.018577702638101663,-0.023493946192668855,0.005511730714318659,0.002215734894461416,0.024016294136397276,0.0009950692859782007,"[0.02227467475146645, 1.3847741367849997, -1.2, -0.12486767277292685, 1.5711627979365057, 1.0331946164332715, 0.03781392886992544, 1.534976746126043, 1.0655112267638374]"
prism1,3,/home/humanoid/Programs/hand/results/phase1/run_20260413_pollard_multiscene_500_run2_refined/prism1/generated_mjcf/scene_prism1_tn0d0048p0d0181p0d0000_ip0d0010n0d0082p0d0035_mp0d0128p0d0125p0d0119.xml,prism_y0d0250,True,0.02,4.0,1.0,1.0,4.059810362831694,0.049491460319283455,4.0,0.0078937055274342,0.157940617511458,0.0029225231225568867,0.0012814254938581793,1.0,-0.004806914627102765,0.018144493308743802,0.0,0.0009827986359895336,-0.008205014047352873,0.003532548277782002,0.012769242675550093,0.012508261302285202,0.011933038458941066,"[0.02227467475146645, 1.3847741367849997, -1.2, -0.12486767277292685, 1.5711627979365057, 1.0331946164332715, 0.03781392886992544, 1.534976746126043, 1.0655112267638374]"
prism1,4,/home/humanoid/Programs/hand/results/phase1/run_20260413_pollard_multiscene_500_run2_refined/prism1/generated_mjcf/scene_prism1_tp0d0115p0d0245p0d0036_ip0d0145n0d0150p0d0000_mp0d0153p0d0159p0d0000.xml,prism_y0d0250,True,0.02,4.0,1.0,1.0,4.800842938778564,0.0499583344052562,6.0,0.005325639252238036,0.7680302285783516,0.0036404921023624635,0.0,1.0,0.011540048130629522,0.024453007627536674,0.0036110226304275905,0.014522721533702562,-0.014965885824501509,0.0,0.01531572016465796,0.01590850373941742,0.0,"[0.02227467475146645, 1.3847741367849997, -1.2, -0.12486767277292685, 1.5711627979365057, 1.0331946164332715, 0.03781392886992544, 1.534976746126043, 1.0655112267638374]"
prism1,5,/home/humanoid/Programs/hand/results/phase1/run_20260413_pollard_multiscene_500_run2_refined/prism1/generated_mjcf/scene_prism1_tn0d0003p0d0293p0d0104_ip0d0066n0d0106p0d0000_mp0d0123p0d0114p0d0000.xml,prism_y0d0250,True,0.02,4.0,1.0,1.0,4.465764615513033,0.05189409973480151,5.0,0.00617628645197378,0.29530367439511973,0.013294723488384931,0.001176034184291297,1.0,-0.00033995138803706235,0.02934770802437601,0.010417044382949991,0.006587084721017685,-0.010583284062485737,0.0,0.012263200724792723,0.011409869412171198,0.0,"[0.02227467475146645, 1.3847741367849997, -1.2, -0.12486767277292685, 1.5711627979365057, 1.0331946164332715, 0.03781392886992544, 1.534976746126043, 1.0655112267638374]"
prism1,6,/home/humanoid/Programs/hand/results/phase1/run_20260413_pollard_multiscene_500_run2_refined/prism1/generated_mjcf/scene_prism1_tp0d0094p0d0135p0d0030_ip0d0000n0d0043p0d0069_mp0d0037p0d0243p0d0000.xml,prism_y0d0250,True,0.02,4.0,1.0,1.0,2.310694530237529,0.04772791543119603,4.0,0.01282098340797086,4.222141685377603,0.06441070119586151,0.04434440506952994,0.7722222222222223,0.009366584448115015,0.013451782244801112,0.002956491472465019,1.6368245977236087e-05,-0.004316540456318454,0.0068903593797284,0.003744866631830852,0.02433562153945689,0.0,"[0.02227467475146645, 1.3847741367849997, -1.2, -0.12486767277292685, 1.5711627979365057, 1.0331946164332715, 0.03781392886992544, 1.534976746126043, 1.0655112267638374]"
prism1,7,/home/humanoid/Programs/hand/results/phase1/run_20260413_pollard_multiscene_500_run2_refined/prism1/generated_mjcf/scene_prism1_tn0d0039p0d0116p0d0000_ip0d0171n0d0188p0d0000_mp0d0077p0d0081p0d0000.xml,prism_y0d0250,True,0.02,4.0,1.0,1.0,4.496822010130873,0.05349492540682904,5.0,0.005427001469664373,0.20055496489321534,0.022427188572472063,0.0,1.0,-0.003933190546904152,0.011606707205476137,0.0,0.017111782486895065,-0.01876458698415006,0.0,0.007709244155716676,0.008064313068222126,0.0,"[0.02227467475146645, 1.3847741367849997, -1.2, -0.12486767277292685, 1.5711627979365057, 1.0331946164332715, 0.03781392886992544, 1.534976746126043, 1.0655112267638374]"
prism1,8,/home/humanoid/Programs/hand/results/phase1/run_20260413_pollard_multiscene_500_run2_refined/prism1/generated_mjcf/scene_prism1_tp0d0019p0d0152p0d0041_ip0d0028n0d0017p0d0000_mp0d0005p0d0184p0d0103.xml,prism_y0d0250,True,0.02,4.0,1.0,1.0,4.030188789191514,0.04928722921965058,4.0,0.00860430978919246,0.16866337016627178,0.005767845417375437,0.0014790863240564528,1.0,0.0019279772636844154,0.015168707187654142,0.004127877070952624,0.002788370655237119,-0.0016892853478440526,0.0,0.0005318867096855088,0.018398595636953022,0.010251709273628819,"[0.02227467475146645, 1.3847741367849997, -1.2, -0.12486767277292685, 1.5711627979365057, 1.0331946164332715, 0.03781392886992544, 1.534976746126043, 1.0655112267638374]"
prism1,9,/home/humanoid/Programs/hand/results/phase1/run_20260413_pollard_multiscene_500_run2_refined/prism1/generated_mjcf/scene_prism1_tn0d0014p0d0300p0d0000_ip0d0082n0d0094p0d0119_mp0d0208p0d0143p0d0062.xml,prism_y0d0250,True,0.02,4.0,1.0,1.0,4.7441211692777365,0.05249109263725123,6.0,0.005312294617631881,1.5573169059100564,0.00814082465071402,0.0,1.0,-0.0014309482868211845,0.03,0.0,0.008205486996377813,-0.009414877151630932,0.011882316125647777,0.02077464819850637,0.014341083343418305,0.006185492287398994,"[0.02227467475146645, 1.3847741367849997, -1.2, -0.12486767277292685, 1.5711627979365057, 1.0331946164332715, 0.03781392886992544, 1.534976746126043, 1.0655112267638374]"
prism1,10,/home/humanoid/Programs/hand/results/phase1/run_20260413_pollard_multiscene_500_run2_refined/prism1/generated_mjcf/scene_prism1_tn0d0001p0d0207p0d0069_ip0d0080n0d0067p0d0051_mp0d0204p0d0061p0d0055.xml,prism_y0d0250,True,0.02,4.0,1.0,1.0,4.545515906087805,0.05221616881018763,5.0,0.0069585000256014795,0.20207454478214634,0.006303636750039513,0.0,1.0,-6.185530829714431e-05,0.02070349184472249,0.00685885681713138,0.0079517403845361,-0.006672394277070495,0.005067429071753997,0.020369432478721076,0.006058383198741723,0.005496362809831425,"[0.02227467475146645, 1.3847741367849997, -1.2, -0.12486767277292685, 1.5711627979365057, 1.0331946164332715, 0.03781392886992544, 1.534976746126043, 1.0655112267638374]"
prism1,11,/home/humanoid/Programs/hand/results/phase1/run_20260413_pollard_multiscene_500_run2_refined/prism1/generated_mjcf/scene_prism1_tp0d0103p0d0300p0d0000_ip0d0187n0d0008p0d0110_mp0d0016p0d0266p0d0094.xml,prism_y0d0250,True,0.02,4.0,1.0,1.0,4.848372313351151,0.04950056800130789,6.0,0.005298672052411559,0.3995955902722088,0.0019207539003610829,0.00017386338723378303,1.0,0.010258174286989438,0.03,0.0,0.018727362165893817,-0.0007513190384077374,0.010973044310663125,0.0015703362935799488,0.026643091531750922,0.009358453337292495,"[0.02227467475146645, 1.3847741367849997, -1.2, -0.12486767277292685, 1.5711627979365057, 1.0331946164332715, 0.03781392886992544, 1.534976746126043, 1.0655112267638374]"
prism1,12,/home/humanoid/Programs/hand/results/phase1/run_20260413_pollard_multiscene_500_run2_refined/prism1/generated_mjcf/scene_prism1_tp0d0077p0d0195p0d0000_ip0d0172n0d0021p0d0000_mp0d0109p0d0139p0d0103.xml,prism_y0d0250,True,0.02,4.0,1.0,1.0,4.4866403571220985,0.050260201448029396,5.0,0.00767030717712882,0.1501446067604113,0.0045514782929732605,0.0006079598693976007,1.0,0.007736971861033691,0.019519710171387972,0.0,0.017245133889239386,-0.0021352761651967315,0.0,0.010934425782932486,0.013926067895388755,0.01034441558354772,"[0.02227467475146645, 1.3847741367849997, -1.2, -0.12486767277292685, 1.5711627979365057, 1.0331946164332715, 0.03781392886992544, 1.534976746126043, 1.0655112267638374]"
prism1,13,/home/humanoid/Programs/hand/results/phase1/run_20260413_pollard_multiscene_500_run2_refined/prism1/generated_mjcf/scene_prism1_tn0d0110p0d0256p0d0027_in0d0013n0d0070p0d0000_mp0d0162p0d0156p0d0103.xml,prism_y0d0250,True,0.02,4.0,1.0,1.0,4.9390565455687465,0.05049167437724703,6.0,0.006839029994701619,0.05000493983186891,0.0011273747234992622,1.741736081008194e-05,1.0,-0.011027742931477569,0.025568148695757457,0.002744957926775919,-0.001319231237275495,-0.007038725452158232,0.0,0.016190824056554275,0.015606209358289873,0.010298501299128147,"[0.02227467475146645, 1.3847741367849997, -1.2, -0.12486767277292685, 1.5711627979365057, 1.0331946164332715, 0.03781392886992544, 1.534976746126043, 1.0655112267638374]"
prism1,14,/home/humanoid/Programs/hand/results/phase1/run_20260413_pollard_multiscene_500_run2_refined/prism1/generated_mjcf/scene_prism1_tn0d0104p0d0282p0d0000_ip0d0063n0d0140p0d0112_mp0d0115p0d0095p0d0000.xml,prism_y0d0250,True,0.02,4.0,1.0,1.0,4.925776951811264,0.050571101689459025,6.0,0.007160861292769047,0.0887964765973363,0.002761735540777121,0.0,1.0,-0.010414020078622207,0.0281916147106972,0.0,0.006263439491299004,-0.013972830433252,0.011185489938817683,0.011493564213482969,0.009512750236102374,0.0,"[0.02227467475146645, 1.3847741367849997, -1.2, -0.12486767277292685, 1.5711627979365057, 1.0331946164332715, 0.03781392886992544, 1.534976746126043, 1.0655112267638374]"
prism1,15,/home/humanoid/Programs/hand/results/phase1/run_20260413_pollard_multiscene_500_run2_refined/prism1/generated_mjcf/scene_prism1_tp0d0093p0d0134p0d0000_ip0d0049n0d0102p0d0013_mp0d0174p0d0168p0d0000.xml,prism_y0d0250,True,0.02,4.0,1.0,1.0,4.02046573599303,0.04890511417946673,4.0,0.008175208767535967,0.25676905121132887,0.0021780745125969717,0.001939919832996101,1.0,0.009314839695820316,0.013420866282015786,0.0,0.004919938168181862,-0.010233046444494413,0.001298172052158427,0.017433058621906666,0.01675142284814846,0.0,"[0.02227467475146645, 1.3847741367849997, -1.2, -0.12486767277292685, 1.5711627979365057, 1.0331946164332715, 0.03781392886992544, 1.534976746126043, 1.0655112267638374]"
prism1,16,/home/humanoid/Programs/hand/results/phase1/run_20260413_pollard_multiscene_500_run2_refined/prism1/generated_mjcf/scene_prism1_tn0d0021p0d0276p0d0030_ip0d0210n0d0154p0d0013_mp0d0123p0d0237p0d0000.xml,prism_y0d0250,True,0.02,4.0,1.0,1.0,5.006574600719344,0.05462928074456623,6.0,0.005624460229485505,0.23396910603665935,0.009850989829333997,0.0,1.0,-0.002090487775658576,0.02763490330330185,0.003036155098074084,0.021017863424738617,-0.01543429413379966,0.0012626762525108932,0.01225418083871604,0.023658988998601437,0.0,"[0.02227467475146645, 1.3847741367849997, -1.2, -0.12486767277292685, 1.5711627979365057, 1.0331946164332715, 0.03781392886992544, 1.534976746126043, 1.0655112267638374]"
prism1,17,/home/humanoid/Programs/hand/results/phase1/run_20260413_pollard_multiscene_500_run2_refined/prism1/generated_mjcf/scene_prism1_tn0d0022p0d0298p0d0000_ip0d0177n0d0143p0d0079_mn0d0018p0d0121p0d0000.xml,prism_y0d0250,True,0.02,4.0,1.0,1.0,4.491508950437506,0.04981897693003608,5.0,0.007676381906932562,0.09322067600600818,0.0016949785209666264,0.0010541254810992051,1.0,-0.00224375191804496,0.02983901507989513,0.0,0.01774495072435605,-0.014330783103090609,0.007915295646674467,-0.0017610905406249926,0.012061107786198495,0.0,"[0.02227467475146645, 1.3847741367849997, -1.2, -0.12486767277292685, 1.5711627979365057, 1.0331946164332715, 0.03781392886992544, 1.534976746126043, 1.0655112267638374]"
prism1,18,/home/humanoid/Programs/hand/results/phase1/run_20260413_pollard_multiscene_500_run2_refined/prism1/generated_mjcf/scene_prism1_tp0d0037p0d0146p0d0049_ip0d0207n0d0213p0d0088_mn0d0006p0d0124p0d0000.xml,prism_y0d0250,True,0.02,4.0,1.0,1.0,4.716538466263847,0.05004637994286612,6.0,0.00544956263687611,0.6797437460562966,0.020370690759045195,0.0,1.0,0.003662749832079322,0.014572378366389374,0.00486364969583487,0.02065123424661018,-0.021256389545730052,0.008754679089618578,-0.0005728603615918777,0.012438492199461346,0.0,"[0.02227467475146645, 1.3847741367849997, -1.2, -0.12486767277292685, 1.5711627979365057, 1.0331946164332715, 0.03781392886992544, 1.534976746126043, 1.0655112267638374]"
prism1,19,/home/humanoid/Programs/hand/results/phase1/run_20260413_pollard_multiscene_500_run2_refined/prism1/generated_mjcf/scene_prism1_tn0d0003p0d0300p0d0066_ip0d0054n0d0178p0d0087_mp0d0192p0d0156p0d0000.xml,prism_y0d0250,True,0.02,4.0,1.0,1.0,4.0518518562781916,0.04915648872105734,4.0,0.009445290184631708,0.167106822306786,0.0012131752893819025,0.0014491327922702413,1.0,-0.0002676108759968581,0.03,0.0066165885144438795,0.005412576705262264,-0.017823917147980796,0.008714884900543628,0.01915137214570456,0.015556956133047486,0.0,"[0.02227467475146645, 1.3847741367849997, -1.2, -0.12486767277292685, 1.5711627979365057, 1.0331946164332715, 0.03781392886992544, 1.534976746126043, 1.0655112267638374]"
prism1,20,/home/humanoid/Programs/hand/results/phase1/run_20260413_pollard_multiscene_500_run2_refined/prism1/generated_mjcf/scene_prism1_tp0d0119p0d0156p0d0000_ip0d0191n0d0048p0d0040_mp0d0210p0d0255p0d0060.xml,prism_y0d0250,True,0.02,4.0,1.0,1.0,4.100218325999358,0.049856093376529464,4.0,0.009200772943704244,0.06943485807526123,0.001619247926288414,0.0005177233352287591,1.0,0.011878016355862029,0.015582645088824804,0.0,0.01912235491129767,-0.0048039504453299044,0.004029345733712431,0.021001927162670846,0.02551714985314605,0.005957964079242099,"[0.02227467475146645, 1.3847741367849997, -1.2, -0.12486767277292685, 1.5711627979365057, 1.0331946164332715, 0.03781392886992544, 1.534976746126043, 1.0655112267638374]"
prism1,21,/home/humanoid/Programs/hand/results/phase1/run_20260413_pollard_multiscene_500_run2_refined/prism1/generated_mjcf/scene_prism1_tp0d0087p0d0139p0d0000_ip0d0141n0d0071p0d0000_mp0d0075p0d0251p0d0015.xml,prism_y0d0250,True,0.02,4.0,1.0,1.0,2.8465974838767205,0.04642748090329944,4.0,0.010771167528511769,0.000144534321011298,0.03216503195140388,0.0527249191428375,0.5861111111111111,0.008656833829144266,0.01393152176773058,0.0,0.014081484383558463,-0.007149155120285933,0.0,0.007493374554517023,0.025146138389185314,0.0014736184212053513,"[0.02227467475146645, 1.3847741367849997, -1.2, -0.12486767277292685, 1.5711627979365057, 1.0331946164332715, 0.03781392886992544, 1.534976746126043, 1.0655112267638374]"
prism1,22,/home/humanoid/Programs/hand/results/phase1/run_20260413_pollard_multiscene_500_run2_refined/prism1/generated_mjcf/scene_prism1_tp0d0019p0d0127p0d0006_ip0d0106n0d0222p0d0116_mp0d0117p0d0035p0d0065.xml,prism_y0d0250,True,0.02,4.0,1.0,1.0,4.42595916925556,0.04881918065763513,5.0,0.005250054343034938,0.33782972274432566,0.0031288856735070926,0.00023035605190896424,1.0,0.001880061958230544,0.012659114549379047,0.000624533966829004,0.010562433457478078,-0.02216554463408947,0.011566624635040951,0.011713494410938587,0.003453813183943444,0.006543580829409326,"[0.02227467475146645, 1.3847741367849997, -1.2, -0.12486767277292685, 1.5711627979365057, 1.0331946164332715, 0.03781392886992544, 1.534976746126043, 1.0655112267638374]"
prism1,23,/home/humanoid/Programs/hand/results/phase1/run_20260413_pollard_multiscene_500_run2_refined/prism1/generated_mjcf/scene_prism1_tp0d0115p0d0222p0d0000_ip0d0025n0d0082p0d0000_mp0d0119p0d0178p0d0111.xml,prism_y0d0250,True,0.02,4.0,1.0,1.0,4.3457544693200685,0.048237939202123326,5.0,0.008274116315922854,0.25550513542644726,0.007543830693857061,0.0035363679704410456,1.0,0.011478377132163497,0.02215688067970281,0.0,0.0025001851774668375,-0.008159360785995136,0.0,0.011864509420428621,0.017753740233111017,0.011098154234985145,"[0.02227467475146645, 1.3847741367849997, -1.2, -0.12486767277292685, 1.5711627979365057, 1.0331946164332715, 0.03781392886992544, 1.534976746126043, 1.0655112267638374]"
prism1,24,/home/humanoid/Programs/hand/results/phase1/run_20260413_pollard_multiscene_500_run2_refined/prism1/generated_mjcf/scene_prism1_tn0d0103p0d0200p0d0059_ip0d0023n0d0150p0d0000_mp0d0154p0d0054p0d0000.xml,prism_y0d0250,True,0.02,4.0,1.0,1.0,4.912602226970105,0.04961690669022956,6.0,0.005406371149438227,0.06285631908941135,0.0003997880803236183,0.00011246571197499888,1.0,-0.010265633627282958,0.019999347767806847,0.0058583395027835584,0.0022534417713918117,-0.014986398437171538,0.0,0.015421140730618644,0.005406429282227681,0.0,"[0.02227467475146645, 1.3847741367849997, -1.2, -0.12486767277292685, 1.5711627979365057, 1.0331946164332715, 0.03781392886992544, 1.534976746126043, 1.0655112267638374]"
prism1,25,/home/humanoid/Programs/hand/results/phase1/run_20260413_pollard_multiscene_500_run2_refined/prism1/generated_mjcf/scene_prism1_tp0d0090p0d0193p0d0099_ip0d0164n0d0023p0d0000_mn0d0002p0d0050p0d0089.xml,prism_y0d0250,True,0.02,4.0,1.0,1.0,4.531467561662675,0.050011847700356035,5.0,0.005445637741725428,0.029465777999003333,0.0005059455916331495,5.0024343057231135e-05,1.0,0.008964543146897572,0.019335208082000274,0.009902926407381257,0.016382010825732936,-0.00233222495731762,0.0,-0.00023449027206483113,0.004987830085661232,0.008852503064335663,"[0.02227467475146645, 1.3847741367849997, -1.2, -0.12486767277292685, 1.5711627979365057, 1.0331946164332715, 0.03781392886992544, 1.534976746126043, 1.0655112267638374]"
prism1,26,/home/humanoid/Programs/hand/results/phase1/run_20260413_pollard_multiscene_500_run2_refined/prism1/generated_mjcf/scene_prism1_tp0d0032p0d0199p0d0000_ip0d0142n0d0167p0d0051_mp0d0090p0d0155p0d0070.xml,prism_y0d0250,True,0.02,4.0,1.0,1.0,4.504847563883446,0.04938671586251528,5.0,0.005250629309104092,0.06117541622333889,0.0004371470948229541,0.00011558647366180508,1.0,0.003217679504338638,0.019917720651172473,0.0,0.014169602505454569,-0.01666758269170085,0.005061116718382677,0.009048527892815794,0.015479276653068651,0.006951977579036889,"[0.02227467475146645, 1.3847741367849997, -1.2, -0.12486767277292685, 1.5711627979365057, 1.0331946164332715, 0.03781392886992544, 1.534976746126043, 1.0655112267638374]"
prism1,27,/home/humanoid/Programs/hand/results/phase1/run_20260413_pollard_multiscene_500_run2_refined/prism1/generated_mjcf/scene_prism1_tn0d0098p0d0219p0d0000_ip0d0174n0d0126p0d0117_mp0d0024p0d0264p0d0072.xml,prism_y0d0250,True,0.02,4.0,1.0,1.0,5.134857989222199,0.05077785741984748,7.0,0.005317873230518991,1.0704342366776733,0.011861023084962384,0.0,1.0,-0.009774108587438862,0.02189020407976406,0.0,0.017395282043525633,-0.012567695132897762,0.011728688000827672,0.0023906397922172492,0.026412459362982414,0.0072220088786066165,"[0.02227467475146645, 1.3847741367849997, -1.2, -0.12486767277292685, 1.5711627979365057, 1.0331946164332715, 0.03781392886992544, 1.534976746126043, 1.0655112267638374]"
prism1,28,/home/humanoid/Programs/hand/results/phase1/run_20260413_pollard_multiscene_500_run2_refined/prism1/generated_mjcf/scene_prism1_tn0d0004p0d0275p0d0025_ip0d0137n0d0024p0d0000_mp0d0180p0d0125p0d0000.xml,prism_y0d0250,True,0.02,4.0,1.0,1.0,4.533276700157697,0.04996646574703351,5.0,0.005306294320863408,0.018009766922434556,0.00021957100492018248,7.65101065718643e-05,1.0,-0.00044974808219355386,0.02752481754031125,0.002468373725786793,0.013722905535793127,-0.0023714216950226647,0.0,0.018039716895001612,0.01246355471918973,0.0,"[0.02227467475146645, 1.3847741367849997, -1.2, -0.12486767277292685, 1.5711627979365057, 1.0331946164332715, 0.03781392886992544, 1.534976746126043, 1.0655112267638374]"
prism1,29,/home/humanoid/Programs/hand/results/phase1/run_20260413_pollard_multiscene_500_run2_refined/prism1/generated_mjcf/scene_prism1_tp0d0119p0d0267p0d0000_ip0d0081n0d0032p0d0000_mp0d0150p0d0222p0d0072.xml,prism_y0d0250,True,0.02,4.0,1.0,1.0,4.852716926780503,0.049615926152750664,6.0,0.007850171431514104,0.20155116652499291,0.0034530871084398943,0.0014324123394461041,1.0,0.011856642509039624,0.026748572049833077,0.0,0.00814308151419475,-0.0032393062590768944,0.0,0.015002050165932786,0.022239710968923507,0.007180713113186753,"[0.02227467475146645, 1.3847741367849997, -1.2, -0.12486767277292685, 1.5711627979365057, 1.0331946164332715, 0.03781392886992544, 1.534976746126043, 1.0655112267638374]"
prism1,30,/home/humanoid/Programs/hand/results/phase1/run_20260413_pollard_multiscene_500_run2_refined/prism1/generated_mjcf/scene_prism1_tn0d0043p0d0271p0d0000_ip0d0067n0d0143p0d0010_mp0d0007p0d0131p0d0000.xml,prism_y0d0250,True,0.02,4.0,1.0,1.0,3.9966380362669947,0.050010735334185874,4.0,0.007494492496348061,0.5253385792541184,0.00691231898100308,0.001539501221889894,1.0,-0.004265118606244038,0.02711934038590531,0.0,0.006695390811629658,-0.014281245307094884,0.00099383960712395,0.0007027279729733722,0.013066747215343347,0.0,"[0.02227467475146645, 1.3847741367849997, -1.2, -0.12486767277292685, 1.5711627979365057, 1.0331946164332715, 0.03781392886992544, 1.534976746126043, 1.0655112267638374]"
prism1,31,/home/humanoid/Programs/hand/results/phase1/run_20260413_pollard_multiscene_500_run2_refined/prism1/generated_mjcf/scene_prism1_tp0d0059p0d0284p0d0000_ip0d0149n0d0046p0d0116_mp0d0183p0d0135p0d0115.xml,prism_y0d0250,True,0.02,4.0,1.0,1.0,4.1391042961743505,0.04827701111415879,5.0,0.00525508832187574,1.9039010587346146,0.009082626227877236,0.0,1.0,0.005865137432337578,0.028445021893622167,0.0,0.014890858462403149,-0.004593525878528669,0.011563879748923051,0.01825097349684944,0.013478555650656308,0.011512529004231758,"[0.02227467475146645, 1.3847741367849997, -1.2, -0.12486767277292685, 1.5711627979365057, 1.0331946164332715, 0.03781392886992544, 1.534976746126043, 1.0655112267638374]"
prism1,32,/home/humanoid/Programs/hand/results/phase1/run_20260413_pollard_multiscene_500_run2_refined/prism1/generated_mjcf/scene_prism1_tp0d0114p0d0201p0d0061_ip0d0199n0d0129p0d0087_mp0d0148p0d0104p0d0064.xml,prism_y0d0250,True,0.02,4.0,1.0,1.0,4.408680047473389,0.04998878052229323,5.0,0.005401063777048124,0.7148021181466617,0.003817470921796509,0.0,1.0,0.011375625716456523,0.020088247500813894,0.006082716926013726,0.019932104024155912,-0.012872470272749927,0.008730869786330038,0.014837645585484947,0.010354182143389382,0.006423654479603365,"[0.02227467475146645, 1.3847741367849997, -1.2, -0.12486767277292685, 1.5711627979365057, 1.0331946164332715, 0.03781392886992544, 1.534976746126043, 1.0655112267638374]"
prism1,33,/home/humanoid/Programs/hand/results/phase1/run_20260413_pollard_multiscene_500_run2_refined/prism1/generated_mjcf/scene_prism1_tp0d0017p0d0103p0d0000_in0d0002n0d0129p0d0000_mp0d0082p0d0174p0d0000.xml,prism_y0d0250,True,0.02,4.0,1.0,1.0,4.490840122575608,0.0495713523593684,5.0,0.00782925725429272,0.09480622476649078,0.0004428424303616639,0.0009683922663797501,1.0,0.0016964348606279787,0.01025228368239935,0.0,-0.00023021567845265753,-0.012871992882792106,0.0,0.008169698631290736,0.017371208486178825,0.0,"[0.02227467475146645, 1.3847741367849997, -1.2, -0.12486767277292685, 1.5711627979365057, 1.0331946164332715, 0.03781392886992544, 1.534976746126043, 1.0655112267638374]"
prism1,34,/home/humanoid/Programs/hand/results/phase1/run_20260413_pollard_multiscene_500_run2_refined/prism1/generated_mjcf/scene_prism1_tp0d0104p0d0244p0d0078_ip0d0195n0d0103p0d0000_mp0d0151p0d0170p0d0078.xml,prism_y0d0250,True,0.02,4.0,1.0,1.0,4.529373424083482,0.04994487638351855,5.0,0.005384126736832665,0.03728943184563401,0.0001848240264048239,0.00010221974422731928,1.0,0.010410453838964225,0.024417210753800794,0.0077707526014265185,0.01952322957433024,-0.010300318873836577,0.0,0.015075683778826192,0.016956620502320593,0.007822973332089582,"[0.02227467475146645, 1.3847741367849997, -1.2, -0.12486767277292685, 1.5711627979365057, 1.0331946164332715, 0.03781392886992544, 1.534976746126043, 1.0655112267638374]"
prism1,35,/home/humanoid/Programs/hand/results/phase1/run_20260413_pollard_multiscene_500_run2_refined/prism1/generated_mjcf/scene_prism1_tp0d0008p0d0275p0d0119_ip0d0064n0d0202p0d0000_mp0d0161p0d0138p0d0021.xml,prism_y0d0250,True,0.02,4.0,1.0,1.0,4.46568690289056,0.05208166586142618,5.0,0.00627395203589911,0.2802153540347166,0.013923046121465535,0.001587743196129754,1.0,0.0007718513633842589,0.027517858288740617,0.011928247033739802,0.006413315472829315,-0.02019548543950382,0.0,0.016073199756776235,0.013841494364599355,0.0021211226263011564,"[0.02227467475146645, 1.3847741367849997, -1.2, -0.12486767277292685, 1.5711627979365057, 1.0331946164332715, 0.03781392886992544, 1.534976746126043, 1.0655112267638374]"
prism1,36,/home/humanoid/Programs/hand/results/phase1/run_20260413_pollard_multiscene_500_run2_refined/prism1/generated_mjcf/scene_prism1_tn0d0089p0d0254p0d0000_ip0d0026n0d0036p0d0015_mp0d0096p0d0249p0d0000.xml,prism_y0d0250,True,0.02,4.0,1.0,1.0,4.49824699794918,0.05045118876597845,5.0,0.006827324845021209,0.2538872459761748,0.0012278406914716022,0.0007033190103972187,1.0,-0.008943396673879896,0.025426964262415527,0.0,0.0025748214496964378,-0.0035892000340033304,0.0015459077068942575,0.00962797461631001,0.02487177036596363,0.0,"[0.02227467475146645, 1.3847741367849997, -1.2, -0.12486767277292685, 1.5711627979365057, 1.0331946164332715, 0.03781392886992544, 1.534976746126043, 1.0655112267638374]"
prism1,37,/home/humanoid/Programs/hand/results/phase1/run_20260413_pollard_multiscene_500_run2_refined/prism1/generated_mjcf/scene_prism1_tp0d0047p0d0159p0d0000_ip0d0142n0d0156p0d0000_mp0d0206p0d0081p0d0003.xml,prism_y0d0250,True,0.02,4.0,1.0,1.0,4.9900767405924285,0.055150329812129,6.0,0.005506141528986579,0.19572900934553647,0.016635528062047027,0.0,1.0,0.004707706808181427,0.01587157495435046,0.0,0.014195167599214695,-0.015592273179289533,0.0,0.02064826636550051,0.008083160176307667,0.00029216778810564094,"[0.02227467475146645, 1.3847741367849997, -1.2, -0.12486767277292685, 1.5711627979365057, 1.0331946164332715, 0.03781392886992544, 1.534976746126043, 1.0655112267638374]"
prism1,38,/home/humanoid/Programs/hand/results/phase1/run_20260413_pollard_multiscene_500_run2_refined/prism1/generated_mjcf/scene_prism1_tn0d0114p0d0119p0d0092_ip0d0169n0d0109p0d0000_mp0d0114p0d0036p0d0051.xml,prism_y0d0250,True,0.02,4.0,1.0,1.0,4.569566435107332,0.05386781243832847,5.0,0.006744768190998941,0.41071694707245815,0.006784986965216282,0.0,1.0,-0.011423683183887617,0.011920834187286948,0.009202049607205488,0.01694194115806423,-0.010935948238704234,0.0,0.011385941982911355,0.0035915166267267012,0.005111847142510097,"[0.02227467475146645, 1.3847741367849997, -1.2, -0.12486767277292685, 1.5711627979365057, 1.0331946164332715, 0.03781392886992544, 1.534976746126043, 1.0655112267638374]"
prism1,39,/home/humanoid/Programs/hand/results/phase1/run_20260413_pollard_multiscene_500_run2_refined/prism1/generated_mjcf/scene_prism1_tp0d0052p0d0235p0d0027_in0d0002n0d0184p0d0018_mp0d0075p0d0271p0d0102.xml,prism_y0d0250,True,0.02,4.0,1.0,1.0,4.247845125881164,0.047757106465312865,5.0,0.008243240780022814,1.0121580136947632,0.002101910987697513,0.0035609959053617413,1.0,0.005202016333529475,0.023505080565592515,0.002672128422604829,-0.00023080561701109906,-0.018386256742776587,0.0017850731543503657,0.007460482384693542,0.027108557485954678,0.010169888577004349,"[0.02227467475146645, 1.3847741367849997, -1.2, -0.12486767277292685, 1.5711627979365057, 1.0331946164332715, 0.03781392886992544, 1.534976746126043, 1.0655112267638374]"
prism1,40,/home/humanoid/Programs/hand/results/phase1/run_20260413_pollard_multiscene_500_run2_refined/prism1/generated_mjcf/scene_prism1_tn0d0084p0d0222p0d0047_ip0d0013n0d0168p0d0052_mp0d0196p0d0115p0d0000.xml,prism_y0d0250,True,0.02,4.0,1.0,1.0,4.521687848470056,0.04984096272235723,5.0,0.00543495672185354,0.06507051191940383,0.00011552738284874158,0.0001185160236446825,1.0,-0.008351810339459111,0.022159054223588735,0.004709162546482959,0.0012770419432212663,-0.016797704469571892,0.005182028326211865,0.019626594242148077,0.011501823604947245,0.0,"[0.02227467475146645, 1.3847741367849997, -1.2, -0.12486767277292685, 1.5711627979365057, 1.0331946164332715, 0.03781392886992544, 1.534976746126043, 1.0655112267638374]"
prism1,41,/home/humanoid/Programs/hand/results/phase1/run_20260413_pollard_multiscene_500_run2_refined/prism1/generated_mjcf/scene_prism1_tp0d0077p0d0220p0d0000_ip0d0041n0d0226p0d0000_mp0d0119p0d0079p0d0114.xml,prism_y0d0250,True,0.02,4.0,1.0,1.0,1.9359289708838243,0.052913996985389136,5.0,0.005829000778320101,11.42203486897588,0.02465088881291623,0.0541549187909119,0.7583333333333333,0.007723008065525151,0.022039584325416278,0.0,0.0041476005142694165,-0.022556199632440297,0.0,0.011919284333538276,0.007886646563041794,0.011412791482243691,"[0.02227467475146645, 1.3847741367849997, -1.2, -0.12486767277292685, 1.5711627979365057, 1.0331946164332715, 0.03781392886992544, 1.534976746126043, 1.0655112267638374]"
prism1,42,/home/humanoid/Programs/hand/results/phase1/run_20260413_pollard_multiscene_500_run2_refined/prism1/generated_mjcf/scene_prism1_tn0d0094p0d0189p0d0000_ip0d0036n0d0063p0d0034_mp0d0154p0d0053p0d0000.xml,prism_y0d0250,True,0.02,4.0,1.0,1.0,4.919073486650921,0.05366151458781167,6.0,0.005566707787074669,0.5832346120336783,0.01007681942388099,0.0,1.0,-0.009420546518732465,0.0188501309198506,0.0,0.003575475406852743,-0.00632986259990556,0.003448914289927449,0.015418184441244877,0.005287405821515873,0.0,"[0.02227467475146645, 1.3847741367849997, -1.2, -0.12486767277292685, 1.5711627979365057, 1.0331946164332715, 0.03781392886992544, 1.534976746126043, 1.0655112267638374]"
prism1,43,/home/humanoid/Programs/hand/results/phase1/run_20260413_pollard_multiscene_500_run2_refined/prism1/generated_mjcf/scene_prism1_tp0d0005p0d0182p0d0000_ip0d0027n0d0016p0d0000_mp0d0184p0d0230p0d0000.xml,prism_y0d0250,True,0.02,4.0,1.0,1.0,4.935539798362258,0.05044748961509056,6.0,0.007423595382770068,0.08802492349605563,0.0003452348126603484,0.0,1.0,0.00047599378402156216,0.018241307449525786,0.0,0.0026566589176190373,-0.001619408440688962,0.0,0.018449255979106606,0.02303129181754656,0.0,"[0.02227467475146645, 1.3847741367849997, -1.2, -0.12486767277292685, 1.5711627979365057, 1.0331946164332715, 0.03781392886992544, 1.534976746126043, 1.0655112267638374]"
prism1,44,/home/humanoid/Programs/hand/results/phase1/run_20260413_pollard_multiscene_500_run2_refined/prism1/generated_mjcf/scene_prism1_tn0d0008p0d0278p0d0043_ip0d0181n0d0061p0d0046_mp0d0199p0d0230p0d0000.xml,prism_y0d0250,True,0.02,4.0,1.0,1.0,4.857170457778082,0.05124703846339463,6.0,0.005445360319377886,0.4297278408556934,0.010187665278936725,0.0,1.0,-0.000797195523737677,0.027776043383598063,0.0043364718136851,0.018086649674297704,-0.006117681940029028,0.004590515506574511,0.019911378544165075,0.023047371194270132,0.0,"[0.02227467475146645, 1.3847741367849997, -1.2, -0.12486767277292685, 1.5711627979365057, 1.0331946164332715, 0.03781392886992544, 1.534976746126043, 1.0655112267638374]"
prism1,45,/home/humanoid/Programs/hand/results/phase1/run_20260413_pollard_multiscene_500_run2_refined/prism1/generated_mjcf/scene_prism1_tp0d0060p0d0101p0d0000_ip0d0075n0d0194p0d0105_mp0d0003p0d0034p0d0000.xml,prism_y0d0250,True,0.02,4.0,1.0,1.0,4.582696384245328,0.05571207771895534,5.0,0.007405622563334963,0.5322955631567093,0.01209512605298872,0.0,1.0,0.005957382601949876,0.010080351754749027,0.0,0.007522045291682206,-0.019447965744588368,0.010509722607263742,0.00027464028066800754,0.0034175859597258135,0.0,"[0.02227467475146645, 1.3847741367849997, -1.2, -0.12486767277292685, 1.5711627979365057, 1.0331946164332715, 0.03781392886992544, 1.534976746126043, 1.0655112267638374]"
prism1,46,/home/humanoid/Programs/hand/results/phase1/run_20260413_pollard_multiscene_500_run2_refined/prism1/generated_mjcf/scene_prism1_tp0d0118p0d0144p0d0079_ip0d0022n0d0102p0d0110_mp0d0152p0d0268p0d0018.xml,prism_y0d0250,True,0.02,4.0,1.0,1.0,3.9797820772499533,0.04753549602916165,4.0,0.013018241775020908,0.15880614485859962,0.0019303706830658357,0.001876721199456463,1.0,0.011777873237789328,0.014352683081322558,0.007936662372425542,0.0021547272884911706,-0.010226919484838934,0.011001824044305407,0.01519631762957937,0.026832191404283674,0.0017893595781369523,"[0.02227467475146645, 1.3847741367849997, -1.2, -0.12486767277292685, 1.5711627979365057, 1.0331946164332715, 0.03781392886992544, 1.534976746126043, 1.0655112267638374]"
prism1,47,/home/humanoid/Programs/hand/results/phase1/run_20260413_pollard_multiscene_500_run2_refined/prism1/generated_mjcf/scene_prism1_tp0d0116p0d0281p0d0067_ip0d0193n0d0091p0d0000_mp0d0107p0d0087p0d0067.xml,prism_y0d0250,True,0.02,4.0,1.0,1.0,4.014967202154318,0.05087574474305808,4.0,0.008120885391949193,0.6102918275443627,0.006673151530942147,0.0014882841459591262,1.0,0.011600032957282114,0.028089128761280092,0.006677957426446279,0.019323757285876007,-0.0091442035857212,0.0,0.010678778561367832,0.008736009496376724,0.006661058973160928,"[0.02227467475146645, 1.3847741367849997, -1.2, -0.12486767277292685, 1.5711627979365057, 1.0331946164332715, 0.03781392886992544, 1.534976746126043, 1.0655112267638374]"
prism1,48,/home/humanoid/Programs/hand/results/phase1/run_20260413_pollard_multiscene_500_run2_refined/prism1/generated_mjcf/scene_prism1_tn0d0079p0d0219p0d0009_ip0d0141n0d0060p0d0000_mp0d0130p0d0132p0d0027.xml,prism_y0d0250,True,0.02,4.0,1.0,1.0,5.029909498741674,0.05492793309452868,6.0,0.005507893301300175,0.24431536045217542,0.0074841781494004765,0.0,1.0,-0.007918115961243205,0.02185275077567818,0.0008615743098987442,0.014125667283464571,-0.006048321632033999,0.0,0.012998583080031604,0.013234941179164626,0.0027408344560308894,"[0.02227467475146645, 1.3847741367849997, -1.2, -0.12486767277292685, 1.5711627979365057, 1.0331946164332715, 0.03781392886992544, 1.534976746126043, 1.0655112267638374]"
prism1,49,/home/humanoid/Programs/hand/results/phase1/run_20260413_pollard_multiscene_500_run2_refined/prism1/generated_mjcf/scene_prism1_tp0d0047p0d0221p0d0056_ip0d0105n0d0132p0d0000_mp0d0035p0d0200p0d0047.xml,prism_y0d0250,True,0.02,4.0,1.0,1.0,4.798551732966769,0.0520305523168771,6.0,0.005461687214373192,0.564962937977304,0.01961753951756911,0.000762045491097818,1.0,0.004655629035515887,0.022051510058254925,0.005589265844609163,0.010480606172911551,-0.013191172580897479,0.0,0.003499640079920957,0.019987250546203643,0.004697072467498984,"[0.02227467475146645, 1.3847741367849997, -1.2, -0.12486767277292685, 1.5711627979365057, 1.0331946164332715, 0.03781392886992544, 1.534976746126043, 1.0655112267638374]"
prism1,50,/home/humanoid/Programs/hand/results/phase1/run_20260413_pollard_multiscene_500_run2_refined/prism1/generated_mjcf/scene_prism1_tn0d0073p0d0300p0d0041_ip0d0107n0d0041p0d0000_mp0d0094p0d0095p0d0000.xml,prism_y0d0250,True,0.02,4.0,1.0,1.0,4.593465875763451,0.05415734016103023,5.0,0.005551149147105597,0.1578151035821153,0.01121107767351312,0.0,1.0,-0.007308419688561688,0.03,0.004107618726945504,0.01074918695703583,-0.004111791562920778,0.0,0.009422676882407844,0.009498585601860884,0.0,"[0.02227467475146645, 1.3847741367849997, -1.2, -0.12486767277292685, 1.5711627979365057, 1.0331946164332715, 0.03781392886992544, 1.534976746126043, 1.0655112267638374]"
prism1,51,/home/humanoid/Programs/hand/results/phase1/run_20260413_pollard_multiscene_500_run2_refined/prism1/generated_mjcf/scene_prism1_tp0d0051p0d0283p0d0043_ip0d0069n0d0105p0d0015_mp0d0205p0d0126p0d0000.xml,prism_y0d0250,True,0.02,4.0,1.0,1.0,4.775840883065288,0.05010387433706634,6.0,0.005409828623260553,0.9533258693794969,0.003996030179764676,0.0,1.0,0.00507889389314202,0.02825866323773702,0.004267170674303017,0.006851716400702805,-0.010482669810742749,0.0015218993681757591,0.020477586003383057,0.012604181086936542,0.0,"[0.02227467475146645, 1.3847741367849997, -1.2, -0.12486767277292685, 1.5711627979365057, 1.0331946164332715, 0.03781392886992544, 1.534976746126043, 1.0655112267638374]"
prism1,52,/home/humanoid/Programs/hand/results/phase1/run_20260413_pollard_multiscene_500_run2_refined/prism1/generated_mjcf/scene_prism1_tp0d0090p0d0295p0d0000_ip0d0028n0d0090p0d0069_mp0d0126p0d0079p0d0000.xml,prism_y0d0250,True,0.02,4.0,1.0,1.0,4.699658776997182,0.05237354942031565,6.0,0.005585665602061787,1.160826263599317,0.019815029698000818,0.0024358336484866794,1.0,0.00904638943989626,0.029473483925284844,0.0,0.0027573767401475767,-0.009029192313612964,0.006932283735236109,0.012560620161773211,0.007898140707037397,0.0,"[0.02227467475146645, 1.3847741367849997, -1.2, -0.12486767277292685, 1.5711627979365057, 1.0331946164332715, 0.03781392886992544, 1.534976746126043, 1.0655112267638374]"
prism1,53,/home/humanoid/Programs/hand/results/phase1/run_20260413_pollard_multiscene_500_run2_refined/prism1/generated_mjcf/scene_prism1_tp0d0001p0d0276p0d0000_in0d0002n0d0111p0d0000_mn0d0004p0d0219p0d0077.xml,prism_y0d0250,True,0.02,4.0,1.0,1.0,4.915517146412233,0.049903521447991234,6.0,0.0052211859940753695,0.10355906346346176,0.0005556694165865654,0.00014965468835589912,1.0,0.00014334321756440463,0.027572249759816276,0.0,-0.00019681532305319306,-0.011074920100960688,0.0,-0.0003818307083775299,0.021858350352990434,0.00770943854587014,"[0.02227467475146645, 1.3847741367849997, -1.2, -0.12486767277292685, 1.5711627979365057, 1.0331946164332715, 0.03781392886992544, 1.534976746126043, 1.0655112267638374]"
prism1,54,/home/humanoid/Programs/hand/results/phase1/run_20260413_pollard_multiscene_500_run2_refined/prism1/generated_mjcf/scene_prism1_tn0d0024p0d0151p0d0000_ip0d0067n0d0105p0d0007_mp0d0065p0d0186p0d0042.xml,prism_y0d0250,True,0.02,4.0,1.0,1.0,4.503767743623724,0.04995272754769012,5.0,0.007671635290665454,0.08666914620279442,0.0014949796162377598,0.0006053500280210622,1.0,-0.0024399467736423517,0.015057832644038826,0.0,0.006663314219880421,-0.01045421656520971,0.0006676818746994568,0.006528380348144711,0.018598103501716354,0.004218418606739039,"[0.02227467475146645, 1.3847741367849997, -1.2, -0.12486767277292685, 1.5711627979365057, 1.0331946164332715, 0.03781392886992544, 1.534976746126043, 1.0655112267638374]"
prism1,55,/home/humanoid/Programs/hand/results/phase1/run_20260413_pollard_multiscene_500_run2_refined/prism1/generated_mjcf/scene_prism1_tp0d0014p0d0173p0d0030_ip0d0122n0d0161p0d0000_mp0d0111p0d0180p0d0027.xml,prism_y0d0250,True,0.02,4.0,1.0,1.0,4.1210498834071565,0.05159173441183196,4.0,0.006832246808971811,0.15413114059418687,0.007805067175154249,8.71877707470381e-05,1.0,0.0013986947514008224,0.017295077961244975,0.0029736667665392225,0.012205666797138652,-0.016132227422864007,0.0,0.011097973096462878,0.017996201736044416,0.00265916253412341,"[0.02227467475146645, 1.3847741367849997, -1.2, -0.12486767277292685, 1.5711627979365057, 1.0331946164332715, 0.03781392886992544, 1.534976746126043, 1.0655112267638374]"
prism1,56,/home/humanoid/Programs/hand/results/phase1/run_20260413_pollard_multiscene_500_run2_refined/prism1/generated_mjcf/scene_prism1_tn0d0028p0d0216p0d0117_ip0d0083n0d0041p0d0000_mp0d0190p0d0259p0d0000.xml,prism_y0d0250,True,0.02,4.0,1.0,1.0,4.903829119873305,0.04996210776804388,6.0,0.007082626345961703,0.11509137588918592,0.0007527294129734769,0.0007416097045906955,1.0,-0.002811887786451483,0.021578573773190127,0.011658471244714058,0.008272588457054841,-0.004067646849840225,0.0,0.019005478088847325,0.02590094773271727,0.0,"[0.02227467475146645, 1.3847741367849997, -1.2, -0.12486767277292685, 1.5711627979365057, 1.0331946164332715, 0.03781392886992544, 1.534976746126043, 1.0655112267638374]"
prism1,57,/home/humanoid/Programs/hand/results/phase1/run_20260413_pollard_multiscene_500_run2_refined/prism1/generated_mjcf/scene_prism1_tn0d0117p0d0196p0d0000_ip0d0213n0d0028p0d0111_mp0d0125p0d0157p0d0080.xml,prism_y0d0250,True,0.02,4.0,1.0,1.0,4.977283947524969,0.05148311203011928,6.0,0.005981214989161084,0.039183836222479125,0.0011308280195853056,0.0,1.0,-0.011709566023867376,0.019592201922411186,0.0,0.021319150102846428,-0.00275523755717884,0.01105595726232652,0.012492871785778067,0.015663848805663412,0.00798522838512554,"[0.02227467475146645, 1.3847741367849997, -1.2, -0.12486767277292685, 1.5711627979365057, 1.0331946164332715, 0.03781392886992544, 1.534976746126043, 1.0655112267638374]"
prism1,58,/home/humanoid/Programs/hand/results/phase1/run_20260413_pollard_multiscene_500_run2_refined/prism1/generated_mjcf/scene_prism1_tp0d0037p0d0140p0d0104_ip0d0086n0d0057p0d0000_mp0d0024p0d0104p0d0018.xml,prism_y0d0250,True,0.02,4.0,1.0,1.0,4.0034821509791145,0.04891043620528207,4.0,0.00818225823117453,0.2566206278676994,0.005119240014543135,0.0019008387896662093,1.0,0.0036563751765365075,0.013965384232813884,0.010422864918188692,0.008552786799172752,-0.005734650520576824,2.251096772368233e-05,0.002400549834523061,0.010402244328225918,0.0017858584512676114,"[0.02227467475146645, 1.3847741367849997, -1.2, -0.12486767277292685, 1.5711627979365057, 1.0331946164332715, 0.03781392886992544, 1.534976746126043, 1.0655112267638374]"
prism1,59,/home/humanoid/Programs/hand/results/phase1/run_20260413_pollard_multiscene_500_run2_refined/prism1/generated_mjcf/scene_prism1_tn0d0086p0d0083p0d0000_ip0d0163n0d0096p0d0000_mp0d0152p0d0149p0d0120.xml,prism_y0d0250,True,0.02,4.0,1.0,1.0,4.519255825053812,0.05025109513510018,5.0,0.007696827672677477,0.05328636796753902,0.0026909823557014854,0.0,1.0,-0.008567949977657268,0.008329708606795487,0.0,0.01629273212462127,-0.00956022543017069,0.0,0.01521378254309184,0.014928351194636959,0.011988032454168646,"[0.02227467475146645, 1.3847741367849997, -1.2, -0.12486767277292685, 1.5711627979365057, 1.0331946164332715, 0.03781392886992544, 1.534976746126043, 1.0655112267638374]"
prism1,60,/home/humanoid/Programs/hand/results/phase1/run_20260413_pollard_multiscene_500_run2_refined/prism1/generated_mjcf/scene_prism1_tp0d0066p0d0279p0d0000_ip0d0017n0d0195p0d0000_mp0d0103p0d0080p0d0067.xml,prism_y0d0250,True,0.02,4.0,1.0,1.0,2.7315906357066284,0.04887554795698412,4.0,0.012377421356479942,0.24167598700037018,0.047941009413289035,0.05401491861023699,0.5222222222222223,0.006624759658674734,0.027935154590522218,0.0,0.0016550791083715342,-0.019516706181432,0.0,0.010291578870901609,0.007970624345573628,0.006718674503725958,"[0.02227467475146645, 1.3847741367849997, -1.2, -0.12486767277292685, 1.5711627979365057, 1.0331946164332715, 0.03781392886992544, 1.534976746126043, 1.0655112267638374]"
prism1,61,/home/humanoid/Programs/hand/results/phase1/run_20260413_pollard_multiscene_500_run2_refined/prism1/generated_mjcf/scene_prism1_tp0d0088p0d0156p0d0002_ip0d0123n0d0070p0d0000_mp0d0047p0d0208p0d0016.xml,prism_y0d0250,True,0.02,4.0,1.0,1.0,1.888776253108529,0.047564137149455635,4.0,0.00971964311384869,6.967416612174497,0.028923416386279523,0.04667487441442426,0.5277777777777778,0.008842347706013512,0.015584119658245781,0.00019354072215095955,0.012264990460306213,-0.006962923825653033,0.0,0.004740905473675754,0.020836943900601666,0.001636615543023039,"[0.02227467475146645, 1.3847741367849997, -1.2, -0.12486767277292685, 1.5711627979365057, 1.0331946164332715, 0.03781392886992544, 1.534976746126043, 1.0655112267638374]"
prism1,62,/home/humanoid/Programs/hand/results/phase1/run_20260413_pollard_multiscene_500_run2_refined/prism1/generated_mjcf/scene_prism1_tp0d0096p0d0187p0d0000_ip0d0054n0d0187p0d0036_mp0d0044p0d0240p0d0000.xml,prism_y0d0250,True,0.02,4.0,1.0,1.0,3.4684197910081576,0.05144283301494683,6.0,0.00548453571747799,8.62062711562935,0.033350118959941666,0.0023262926646644283,1.0,0.009598699042534763,0.018748600687729843,0.0,0.005356173220736853,-0.018747058256286107,0.0036183920343215593,0.004352464043744693,0.023994612495433137,0.0,"[0.02227467475146645, 1.3847741367849997, -1.2, -0.12486767277292685, 1.5711627979365057, 1.0331946164332715, 0.03781392886992544, 1.534976746126043, 1.0655112267638374]"
prism1,63,/home/humanoid/Programs/hand/results/phase1/run_20260413_pollard_multiscene_500_run2_refined/prism1/generated_mjcf/scene_prism1_tp0d0042p0d0216p0d0031_ip0d0195n0d0202p0d0000_mp0d0009p0d0051p0d0008.xml,prism_y0d0250,True,0.02,4.0,1.0,1.0,4.45741410932747,0.04955959039010126,5.0,0.007035834800921907,0.2048785841775823,0.003219828462431469,0.0010874271935836788,1.0,0.0041606311494035465,0.021636419405641566,0.0030830111490938,0.019490002615164113,-0.020220277164734096,0.0,0.00092565331204735,0.005134536502037207,0.0008215445664897757,"[0.02227467475146645, 1.3847741367849997, -1.2, -0.12486767277292685, 1.5711627979365057, 1.0331946164332715, 0.03781392886992544, 1.534976746126043, 1.0655112267638374]"
prism1,64,/home/humanoid/Programs/hand/results/phase1/run_20260413_pollard_multiscene_500_run2_refined/prism1/generated_mjcf/scene_prism1_tn0d0080p0d0274p0d0000_ip0d0070n0d0129p0d0000_mp0d0065p0d0086p0d0000.xml,prism_y0d0250,True,0.02,4.0,1.0,1.0,4.508559132425434,0.0517971889575997,5.0,0.00672942829425426,0.42263543645114804,0.003757020988515232,0.00041218192527357755,1.0,-0.008022452353145467,0.027372030322243758,0.0,0.006990567321636585,-0.012943104686674348,0.0,0.006541749268414972,0.008646994452682851,0.0,"[0.02227467475146645, 1.3847741367849997, -1.2, -0.12486767277292685, 1.5711627979365057, 1.0331946164332715, 0.03781392886992544, 1.534976746126043, 1.0655112267638374]"
prism1,65,/home/humanoid/Programs/hand/results/phase1/run_20260413_pollard_multiscene_500_run2_refined/prism1/generated_mjcf/scene_prism1_tp0d0102p0d0180p0d0000_ip0d0127n0d0084p0d0038_mp0d0000p0d0173p0d0057.xml,prism_y0d0250,True,0.02,4.0,1.0,1.0,3.860743460266809,0.04806974033692433,4.0,0.009956055456596056,0.5269410599541892,0.014539515784892897,0.0029589239091554337,1.0,0.010244905457486197,0.01801220879143583,0.0,0.012668186858420182,-0.008360595438035868,0.003846637078264433,3.421521337633286e-05,0.01726566189683254,0.005662166397551415,"[0.02227467475146645, 1.3847741367849997, -1.2, -0.12486767277292685, 1.5711627979365057, 1.0331946164332715, 0.03781392886992544, 1.534976746126043, 1.0655112267638374]"
prism1,66,/home/humanoid/Programs/hand/results/phase1/run_20260413_pollard_multiscene_500_run2_refined/prism1/generated_mjcf/scene_prism1_tp0d0071p0d0221p0d0000_ip0d0000n0d0165p0d0103_mp0d0093p0d0248p0d0000.xml,prism_y0d0250,True,0.02,4.0,1.0,1.0,4.679453211658914,0.05233176926544457,6.0,0.005473266780339293,1.0311925832671278,0.027632273313908266,0.0017283043081207095,1.0,0.00709364078744279,0.022124822046544465,0.0,9.767773522696352e-06,-0.01654671136546037,0.010261411427183106,0.009342820692003578,0.024791373771543557,0.0,"[0.02227467475146645, 1.3847741367849997, -1.2, -0.12486767277292685, 1.5711627979365057, 1.0331946164332715, 0.03781392886992544, 1.534976746126043, 1.0655112267638374]"
prism1,67,/home/humanoid/Programs/hand/results/phase1/run_20260413_pollard_multiscene_500_run2_refined/prism1/generated_mjcf/scene_prism1_tp0d0061p0d0196p0d0050_ip0d0056n0d0029p0d0000_mn0d0019p0d0206p0d0042.xml,prism_y0d0250,True,0.02,4.0,1.0,1.0,4.386472509445982,0.04767596303546838,5.0,0.008207726224849825,0.13674361008159647,0.0023556294576026655,0.0025937855073213945,1.0,0.006122834557443047,0.019643052216551368,0.005008854274377212,0.00561230264001231,-0.002943233672719108,0.0,-0.0018517561091773247,0.02060797886680421,0.004238507117869911,"[0.02227467475146645, 1.3847741367849997, -1.2, -0.12486767277292685, 1.5711627979365057, 1.0331946164332715, 0.03781392886992544, 1.534976746126043, 1.0655112267638374]"
prism1,68,/home/humanoid/Programs/hand/results/phase1/run_20260413_pollard_multiscene_500_run2_refined/prism1/generated_mjcf/scene_prism1_tp0d0038p0d0245p0d0021_ip0d0008n0d0082p0d0000_mp0d0024p0d0134p0d0000.xml,prism_y0d0250,True,0.02,4.0,1.0,1.0,4.5262541997351144,0.04998974008627689,5.0,0.0052439520498930815,0.06009970487615302,0.0005628187272228354,4.224425750257166e-05,1.0,0.0037656347982162504,0.024497960055519838,0.002070341064443596,0.0007666948738843469,-0.008239110662878768,0.0,0.002388229094912815,0.013401081724688357,0.0,"[0.02227467475146645, 1.3847741367849997, -1.2, -0.12486767277292685, 1.5711627979365057, 1.0331946164332715, 0.03781392886992544, 1.534976746126043, 1.0655112267638374]"
prism1,69,/home/humanoid/Programs/hand/results/phase1/run_20260413_pollard_multiscene_500_run2_refined/prism1/generated_mjcf/scene_prism1_tn0d0091p0d0182p0d0030_ip0d0071n0d0073p0d0000_mp0d0015p0d0213p0d0040.xml,prism_y0d0250,True,0.02,4.0,1.0,1.0,4.087612872171236,0.049493581067589276,4.0,0.007609484574262501,0.14524205380981964,0.0007608733487610542,0.00025766232348541085,1.0,-0.009144836102051577,0.018246982496957297,0.0029668138469602177,0.007059122356778417,-0.007296012401118981,0.0,0.001451806534502163,0.021273596267723675,0.004049475114289318,"[0.02227467475146645, 1.3847741367849997, -1.2, -0.12486767277292685, 1.5711627979365057, 1.0331946164332715, 0.03781392886992544, 1.534976746126043, 1.0655112267638374]"
prism1,70,/home/humanoid/Programs/hand/results/phase1/run_20260413_pollard_multiscene_500_run2_refined/prism1/generated_mjcf/scene_prism1_tn0d0017p0d0113p0d0039_ip0d0160n0d0204p0d0045_mp0d0065p0d0253p0d0060.xml,prism_y0d0250,True,0.02,4.0,1.0,1.0,4.0324983713024265,0.049170674773853146,4.0,0.011873422297694608,0.22771900231279354,0.003127737660511361,0.0009836770730880517,1.0,-0.001695103360925699,0.011282414835625114,0.003928409743895453,0.015998937998229143,-0.020365376323012177,0.004543241686324421,0.006535290073162862,0.025262846757352395,0.006036952502601393,"[0.02227467475146645, 1.3847741367849997, -1.2, -0.12486767277292685, 1.5711627979365057, 1.0331946164332715, 0.03781392886992544, 1.534976746126043, 1.0655112267638374]"
prism1,71,/home/humanoid/Programs/hand/results/phase1/run_20260413_pollard_multiscene_500_run2_refined/prism1/generated_mjcf/scene_prism1_tn0d0054p0d0300p0d0000_ip0d0024n0d0185p0d0056_mp0d0106p0d0144p0d0000.xml,prism_y0d0250,True,0.02,4.0,1.0,1.0,3.994230638068877,0.04948011398323131,4.0,0.008797657631224434,0.4140807806376936,0.005901268300821808,0.0018715257650988304,1.0,-0.0054304519143984886,0.03,0.0,0.002435776347481558,-0.01849432869246876,0.005569922000877223,0.010628032732038916,0.01444500978945759,0.0,"[0.02227467475146645, 1.3847741367849997, -1.2, -0.12486767277292685, 1.5711627979365057, 1.0331946164332715, 0.03781392886992544, 1.534976746126043, 1.0655112267638374]"
prism1,72,/home/humanoid/Programs/hand/results/phase1/run_20260413_pollard_multiscene_500_run2_refined/prism1/generated_mjcf/scene_prism1_tp0d0062p0d0108p0d0000_ip0d0174n0d0135p0d0090_mp0d0124p0d0222p0d0000.xml,prism_y0d0250,True,0.02,4.0,1.0,1.0,4.069508615967788,0.04940314989442125,4.0,0.012590718820984335,0.12221204846136943,0.000582547035446478,0.0010494252677586136,1.0,0.006155210648630671,0.010810553793238229,0.0,0.01735264766979943,-0.013474860852813792,0.009043625678390614,0.012439938501574144,0.022249071527001167,0.0,"[0.02227467475146645, 1.3847741367849997, -1.2, -0.12486767277292685, 1.5711627979365057, 1.0331946164332715, 0.03781392886992544, 1.534976746126043, 1.0655112267638374]"
prism1,73,/home/humanoid/Programs/hand/results/phase1/run_20260413_pollard_multiscene_500_run2_refined/prism1/generated_mjcf/scene_prism1_tn0d0044p0d0170p0d0000_ip0d0093n0d0046p0d0000_mp0d0184p0d0246p0d0000.xml,prism_y0d0250,True,0.02,4.0,1.0,1.0,4.5361574759273795,0.05042823491503448,5.0,0.007177770478608306,0.09049896609672461,0.0001500600378502606,0.0,1.0,-0.004410675175764798,0.017040945243216383,0.0,0.009339208587460731,-0.004560812218020674,0.0,0.018435661951111647,0.02463711105944183,0.0,"[0.02227467475146645, 1.3847741367849997, -1.2, -0.12486767277292685, 1.5711627979365057, 1.0331946164332715, 0.03781392886992544, 1.534976746126043, 1.0655112267638374]"
prism1,74,/home/humanoid/Programs/hand/results/phase1/run_20260413_pollard_multiscene_500_run2_refined/prism1/generated_mjcf/scene_prism1_tn0d0118p0d0150p0d0000_ip0d0213n0d0226p0d0068_mp0d0094p0d0064p0d0000.xml,prism_y0d0250,True,0.02,4.0,1.0,1.0,4.915474886303484,0.050847007238153885,6.0,0.005872956413214441,0.30713183551370066,0.0009639634984383834,4.757482398232149e-05,1.0,-0.011774631129091623,0.015026071347668844,0.0,0.021290785761964172,-0.022586193670716414,0.006751326365479232,0.00941019888610549,0.00641696459455523,0.0,"[0.02227467475146645, 1.3847741367849997, -1.2, -0.12486767277292685, 1.5711627979365057, 1.0331946164332715, 0.03781392886992544, 1.534976746126043, 1.0655112267638374]"
prism1,75,/home/humanoid/Programs/hand/results/phase1/run_20260413_pollard_multiscene_500_run2_refined/prism1/generated_mjcf/scene_prism1_tn0d0029p0d0138p0d0000_ip0d0081n0d0012p0d0000_mp0d0208p0d0040p0d0000.xml,prism_y0d0250,True,0.02,4.0,1.0,1.0,4.548733005818187,0.05219761687528154,5.0,0.007579514662467886,0.13220336191875628,0.007199008533986234,0.0,1.0,-0.0028583662300581437,0.0138457400072515,0.0,0.008078051948861801,-0.0012057265220458985,0.0,0.02080324029069562,0.0040327697180053326,0.0,"[0.02227467475146645, 1.3847741367849997, -1.2, -0.12486767277292685, 1.5711627979365057, 1.0331946164332715, 0.03781392886992544, 1.534976746126043, 1.0655112267638374]"
prism1,76,/home/humanoid/Programs/hand/results/phase1/run_20260413_pollard_multiscene_500_run2_refined/prism1/generated_mjcf/scene_prism1_tn0d0113p0d0240p0d0000_ip0d0118n0d0052p0d0000_mp0d0039p0d0207p0d0000.xml,prism_y0d0250,True,0.02,4.0,1.0,1.0,4.602847809838017,0.05426320842100124,5.0,0.0059210265637052424,0.29476468985830057,0.006717954715145196,0.0,1.0,-0.011332418251265538,0.023982671318296504,0.0,0.011834084351033164,-0.005211212745469809,0.0,0.0038962598250180834,0.020709806091373795,0.0,"[0.02227467475146645, 1.3847741367849997, -1.2, -0.12486767277292685, 1.5711627979365057, 1.0331946164332715, 0.03781392886992544, 1.534976746126043, 1.0655112267638374]"
prism1,77,/home/humanoid/Programs/hand/results/phase1/run_20260413_pollard_multiscene_500_run2_refined/prism1/generated_mjcf/scene_prism1_tn0d0084p0d0101p0d0057_ip0d0186n0d0029p0d0002_mp0d0017p0d0087p0d0000.xml,prism_y0d0250,True,0.02,4.0,1.0,1.0,4.0786546631860165,0.04992440321910806,4.0,0.00982120617027502,0.16542840569915834,0.0025325072873296378,0.0007539777136136294,1.0,-0.008418956494816787,0.010098682819272528,0.005692020027346097,0.018649896037094195,-0.00293131012119569,0.00024213617963288712,0.0016829095927515317,0.00871577789468347,0.0,"[0.02227467475146645, 1.3847741367849997, -1.2, -0.12486767277292685, 1.5711627979365057, 1.0331946164332715, 0.03781392886992544, 1.534976746126043, 1.0655112267638374]"
prism1,78,/home/humanoid/Programs/hand/results/phase1/run_20260413_pollard_multiscene_500_run2_refined/prism1/generated_mjcf/scene_prism1_tp0d0084p0d0236p0d0000_ip0d0161n0d0138p0d0116_mp0d0083p0d0234p0d0000.xml,prism_y0d0250,True,0.02,4.0,1.0,1.0,4.917606543705402,0.04963744092122088,6.0,0.005279922855245635,0.04298041717867585,0.00029369487638770107,7.790091597595361e-05,1.0,0.008444576966534726,0.02360473805204645,0.0,0.016142527397372305,-0.013849435792305355,0.011586334684659968,0.008289451299635327,0.023392712373685107,0.0,"[0.02227467475146645, 1.3847741367849997, -1.2, -0.12486767277292685, 1.5711627979365057, 1.0331946164332715, 0.03781392886992544, 1.534976746126043, 1.0655112267638374]"
prism1,79,/home/humanoid/Programs/hand/results/phase1/run_20260413_pollard_multiscene_500_run2_refined/prism1/generated_mjcf/scene_prism1_tp0d0052p0d0176p0d0000_ip0d0028n0d0020p0d0000_mp0d0115p0d0176p0d0086.xml,prism_y0d0250,True,0.02,4.0,1.0,1.0,4.479461326630884,0.04964809761030212,5.0,0.008223159320869018,0.055062794605691676,0.003466861990185572,0.001059598329665415,1.0,0.005237310362236038,0.017563482626837892,0.0,0.0027718192087738923,-0.0019917236705522656,0.0,0.011478080897803443,0.017636294965843274,0.008602642255188277,"[0.02227467475146645, 1.3847741367849997, -1.2, -0.12486767277292685, 1.5711627979365057, 1.0331946164332715, 0.03781392886992544, 1.534976746126043, 1.0655112267638374]"
prism1,80,/home/humanoid/Programs/hand/results/phase1/run_20260413_pollard_multiscene_500_run2_refined/prism1/generated_mjcf/scene_prism1_tn0d0008p0d0279p0d0006_ip0d0210n0d0071p0d0099_mp0d0206p0d0226p0d0000.xml,prism_y0d0250,True,0.02,4.0,1.0,1.0,4.476746333332684,0.048889765646336916,5.0,0.005333606991093386,0.06903577565465795,0.0020434515536666012,9.268121972691445e-05,1.0,-0.0008000030475453623,0.027917390747862772,0.000573517541445712,0.02095203182614285,-0.007101411990425551,0.009890526263616365,0.02061665277540771,0.022553907751633406,0.0,"[0.02227467475146645, 1.3847741367849997, -1.2, -0.12486767277292685, 1.5711627979365057, 1.0331946164332715, 0.03781392886992544, 1.534976746126043, 1.0655112267638374]"
prism1,81,/home/humanoid/Programs/hand/results/phase1/run_20260413_pollard_multiscene_500_run2_refined/prism1/generated_mjcf/scene_prism1_tn0d0090p0d0228p0d0000_ip0d0072n0d0201p0d0063_mp0d0185p0d0065p0d0004.xml,prism_y0d0250,True,0.02,4.0,1.0,1.0,4.387226866804601,0.051358828556070046,5.0,0.006449241469160223,1.2699907105632438,0.0011558405225073924,0.0,1.0,-0.009013713642375616,0.02278980200712923,0.0,0.007243655781430538,-0.020128123761032943,0.006292119913449305,0.018507944887493133,0.006487311049542916,0.0004040384823368326,"[0.02227467475146645, 1.3847741367849997, -1.2, -0.12486767277292685, 1.5711627979365057, 1.0331946164332715, 0.03781392886992544, 1.534976746126043, 1.0655112267638374]"
prism1,82,/home/humanoid/Programs/hand/results/phase1/run_20260413_pollard_multiscene_500_run2_refined/prism1/generated_mjcf/scene_prism1_tn0d0025p0d0270p0d0000_ip0d0155n0d0107p0d0115_mp0d0081p0d0270p0d0000.xml,prism_y0d0250,True,0.02,4.0,1.0,1.0,4.910781213206295,0.049611571934586596,6.0,0.0052716060561316105,0.07041373513272958,0.0005446832852422611,0.00010420270088411232,1.0,-0.002519689680057913,0.0269603676315392,0.0,0.015539417179556146,-0.010713506962094235,0.011477954736469145,0.00807119382275073,0.027004100871841748,0.0,"[0.02227467475146645, 1.3847741367849997, -1.2, -0.12486767277292685, 1.5711627979365057, 1.0331946164332715, 0.03781392886992544, 1.534976746126043, 1.0655112267638374]"
prism1,83,/home/humanoid/Programs/hand/results/phase1/run_20260413_pollard_multiscene_500_run2_refined/prism1/generated_mjcf/scene_prism1_tn0d0076p0d0268p0d0000_ip0d0116n0d0088p0d0000_mn0d0012p0d0270p0d0076.xml,prism_y0d0250,True,0.02,4.0,1.0,1.0,4.512887469049487,0.053851207658386746,5.0,0.005362404313089036,0.5995724769344406,0.01187401980461749,0.0,1.0,-0.007615952366620589,0.02676994545049784,0.0,0.011578113540041342,-0.00879563808260816,0.0,-0.0011742335437274105,0.026988800245438982,0.007617363433869751,"[0.02227467475146645, 1.3847741367849997, -1.2, -0.12486767277292685, 1.5711627979365057, 1.0331946164332715, 0.03781392886992544, 1.534976746126043, 1.0655112267638374]"
prism1,84,/home/humanoid/Programs/hand/results/phase1/run_20260413_pollard_multiscene_500_run2_refined/prism1/generated_mjcf/scene_prism1_tn0d0090p0d0284p0d0000_ip0d0039n0d0058p0d0062_mp0d0183p0d0066p0d0059.xml,prism_y0d0250,True,0.02,4.0,1.0,1.0,4.8898271312302075,0.04985813829359544,6.0,0.005252282281405987,0.23719163097886511,0.0015207333059986694,0.0,1.0,-0.00903107388097255,0.0283512663229558,0.0,0.003934833769319825,-0.005757207590804102,0.006176688296570931,0.018302976254368976,0.006579648189279809,0.005942068205402055,"[0.02227467475146645, 1.3847741367849997, -1.2, -0.12486767277292685, 1.5711627979365057, 1.0331946164332715, 0.03781392886992544, 1.534976746126043, 1.0655112267638374]"
prism1,85,/home/humanoid/Programs/hand/results/phase1/run_20260413_pollard_multiscene_500_run2_refined/prism1/generated_mjcf/scene_prism1_tn0d0007p0d0158p0d0056_ip0d0183n0d0166p0d0000_mp0d0218p0d0254p0d0000.xml,prism_y0d0250,True,0.02,4.0,1.0,1.0,4.1209305447080276,0.050543886249000754,4.0,0.007609642670841098,0.10546322644076077,0.002800859011997898,2.179588560125012e-05,1.0,-0.0007242270174430531,0.01582120179505725,0.005623269061173778,0.018283433942996835,-0.01656094181848386,0.0,0.021800433240013316,0.025360559741709553,0.0,"[0.02227467475146645, 1.3847741367849997, -1.2, -0.12486767277292685, 1.5711627979365057, 1.0331946164332715, 0.03781392886992544, 1.534976746126043, 1.0655112267638374]"
prism1,86,/home/humanoid/Programs/hand/results/phase1/run_20260413_pollard_multiscene_500_run2_refined/prism1/generated_mjcf/scene_prism1_tp0d0075p0d0102p0d0099_ip0d0166n0d0196p0d0000_mp0d0123p0d0118p0d0057.xml,prism_y0d0250,True,0.02,4.0,1.0,1.0,4.316194240416439,0.059546581783533004,4.0,0.007829226079628082,0.6578832348704216,0.00893253076956614,0.0,1.0,0.007545943391991963,0.010152637333193278,0.009901101778887714,0.016591653646360095,-0.019575285245747365,0.0,0.012293316516183985,0.011838183941553431,0.005669611582738907,"[0.02227467475146645, 1.3847741367849997, -1.2, -0.12486767277292685, 1.5711627979365057, 1.0331946164332715, 0.03781392886992544, 1.534976746126043, 1.0655112267638374]"
prism1,87,/home/humanoid/Programs/hand/results/phase1/run_20260413_pollard_multiscene_500_run2_refined/prism1/generated_mjcf/scene_prism1_tp0d0022p0d0130p0d0026_in0d0017n0d0216p0d0000_mp0d0065p0d0036p0d0103.xml,prism_y0d0250,True,0.02,4.0,1.0,1.0,4.538943414966986,0.05567674459821825,5.0,0.007436067129668667,0.5980040872049044,0.017528316438430037,0.0,1.0,0.002216708864255847,0.012968687661631752,0.002642628237215415,-0.0016625819564261152,-0.021618052432726936,0.0,0.006488265088465934,0.003585833720184428,0.01031778056792828,"[0.02227467475146645, 1.3847741367849997, -1.2, -0.12486767277292685, 1.5711627979365057, 1.0331946164332715, 0.03781392886992544, 1.534976746126043, 1.0655112267638374]"
prism1,88,/home/humanoid/Programs/hand/results/phase1/run_20260413_pollard_multiscene_500_run2_refined/prism1/generated_mjcf/scene_prism1_tn0d0063p0d0145p0d0000_ip0d0206n0d0159p0d0000_mp0d0052p0d0267p0d0000.xml,prism_y0d0250,True,0.02,4.0,1.0,1.0,4.040467931027006,0.04910793805227376,4.0,0.010401610035245128,0.18075948692664054,0.0028120877396289696,0.0011266859379429062,1.0,-0.006251785068665728,0.014495325210681365,0.0,0.020577729177482608,-0.015856336100447087,0.0,0.00516417454005876,0.026729880841243052,0.0,"[0.02227467475146645, 1.3847741367849997, -1.2, -0.12486767277292685, 1.5711627979365057, 1.0331946164332715, 0.03781392886992544, 1.534976746126043, 1.0655112267638374]"
prism1,89,/home/humanoid/Programs/hand/results/phase1/run_20260413_pollard_multiscene_500_run2_refined/prism1/generated_mjcf/scene_prism1_tn0d0100p0d0238p0d0052_ip0d0069n0d0192p0d0000_mp0d0085p0d0272p0d0086.xml,prism_y0d0250,True,0.02,4.0,1.0,1.0,5.041149424744733,0.05462580690161038,6.0,0.005676431619021989,0.08411614685895946,0.007676554975134455,6.035014116141657e-05,1.0,-0.009995101896248837,0.02379157746173784,0.005198518097171433,0.0069337845806804535,-0.0192267562692027,0.0,0.00853763705229673,0.027187195281308668,0.008602447813300492,"[0.02227467475146645, 1.3847741367849997, -1.2, -0.12486767277292685, 1.5711627979365057, 1.0331946164332715, 0.03781392886992544, 1.534976746126043, 1.0655112267638374]"
prism1,90,/home/humanoid/Programs/hand/results/phase1/run_20260413_pollard_multiscene_500_run2_refined/prism1/generated_mjcf/scene_prism1_tp0d0029p0d0127p0d0045_ip0d0162n0d0225p0d0000_mp0d0058p0d0170p0d0037.xml,prism_y0d0250,True,0.02,4.0,1.0,1.0,4.405424626429407,0.05136222700111163,5.0,0.005465646991440234,0.32798786419906467,0.02202064083279328,0.0,1.0,0.0029018135620788327,0.012654030748838113,0.004509948513336814,0.016215976054769522,-0.022490670271335656,0.0,0.005844347141099411,0.0169903517426752,0.0036732772408389104,"[0.02227467475146645, 1.3847741367849997, -1.2, -0.12486767277292685, 1.5711627979365057, 1.0331946164332715, 0.03781392886992544, 1.534976746126043, 1.0655112267638374]"
prism1,91,/home/humanoid/Programs/hand/results/phase1/run_20260413_pollard_multiscene_500_run2_refined/prism1/generated_mjcf/scene_prism1_tn0d0076p0d0193p0d0118_in0d0016n0d0154p0d0000_mp0d0077p0d0242p0d0000.xml,prism_y0d0250,True,0.02,4.0,1.0,1.0,4.484824739857242,0.049831158802785186,5.0,0.007157456714113179,0.1338236831706468,0.003379406308825161,0.00038340954028880103,1.0,-0.007646693078679328,0.019271826466729144,0.01181202927686147,-0.0016195366585430217,-0.015396153316103115,0.0,0.007733992480541187,0.024160649172592356,0.0,"[0.02227467475146645, 1.3847741367849997, -1.2, -0.12486767277292685, 1.5711627979365057, 1.0331946164332715, 0.03781392886992544, 1.534976746126043, 1.0655112267638374]"
prism1,92,/home/humanoid/Programs/hand/results/phase1/run_20260413_pollard_multiscene_500_run2_refined/prism1/generated_mjcf/scene_prism1_tp0d0092p0d0218p0d0000_ip0d0041n0d0045p0d0035_mp0d0031p0d0064p0d0000.xml,prism_y0d0250,True,0.02,4.0,1.0,1.0,4.531280904226185,0.04998104125507534,5.0,0.00526276322884408,0.02889034183675036,0.00041041533831448636,6.116416153033322e-05,1.0,0.009193872035903945,0.02181295623272573,0.0,0.0040552741037858985,-0.0045332674722808695,0.003460812432078599,0.0030934256771718233,0.006421691842922003,0.0,"[0.02227467475146645, 1.3847741367849997, -1.2, -0.12486767277292685, 1.5711627979365057, 1.0331946164332715, 0.03781392886992544, 1.534976746126043, 1.0655112267638374]"
prism1,93,/home/humanoid/Programs/hand/results/phase1/run_20260413_pollard_multiscene_500_run2_refined/prism1/generated_mjcf/scene_prism1_tp0d0098p0d0177p0d0077_ip0d0195n0d0189p0d0000_mp0d0023p0d0219p0d0000.xml,prism_y0d0250,True,0.02,4.0,1.0,1.0,5.300012742806586,0.04994297052848931,7.0,0.005433785222328053,0.1935915895057484,0.0010825380298316227,0.00013247405341924867,1.0,0.009817727108383325,0.0176813969023054,0.007687387064662939,0.019488690226234645,-0.01886800685293718,0.0,0.0023280660770963867,0.021851488935866546,0.0,"[0.02227467475146645, 1.3847741367849997, -1.2, -0.12486767277292685, 1.5711627979365057, 1.0331946164332715, 0.03781392886992544, 1.534976746126043, 1.0655112267638374]"
prism1,94,/home/humanoid/Programs/hand/results/phase1/run_20260413_pollard_multiscene_500_run2_refined/prism1/generated_mjcf/scene_prism1_tp0d0015p0d0126p0d0064_ip0d0095n0d0111p0d0000_mp0d0090p0d0044p0d0074.xml,prism_y0d0250,True,0.02,4.0,1.0,1.0,4.569660553992253,0.05418534937779831,5.0,0.007208168006134906,0.43671256119516416,0.007817242339857365,0.0,1.0,0.001539169440428645,0.012590402374113123,0.006399856377125625,0.009505016714306917,-0.011122081462157587,0.0,0.008957884088755294,0.004397102470699158,0.007428471529678085,"[0.02227467475146645, 1.3847741367849997, -1.2, -0.12486767277292685, 1.5711627979365057, 1.0331946164332715, 0.03781392886992544, 1.534976746126043, 1.0655112267638374]"
prism1,95,/home/humanoid/Programs/hand/results/phase1/run_20260413_pollard_multiscene_500_run2_refined/prism1/generated_mjcf/scene_prism1_tp0d0098p0d0261p0d0000_ip0d0183n0d0242p0d0040_mp0d0164p0d0111p0d0086.xml,prism_y0d0250,True,0.02,4.0,1.0,1.0,3.9412490375511773,0.04844239635507347,4.0,0.010992187447955585,0.5460136899955865,0.003286412447604747,0.0025524943162930636,1.0,0.009779974161027216,0.026063540473240793,0.0,0.018250824386656643,-0.024208298980820234,0.003982977767717059,0.016417262015573204,0.011139749692614482,0.00855772058265547,"[0.02227467475146645, 1.3847741367849997, -1.2, -0.12486767277292685, 1.5711627979365057, 1.0331946164332715, 0.03781392886992544, 1.534976746126043, 1.0655112267638374]"
prism1,96,/home/humanoid/Programs/hand/results/phase1/run_20260413_pollard_multiscene_500_run2_refined/prism1/generated_mjcf/scene_prism1_tn0d0120p0d0232p0d0000_ip0d0131n0d0183p0d0000_mp0d0130p0d0152p0d0000.xml,prism_y0d0250,True,0.02,4.0,1.0,1.0,4.7267975818424315,0.050827095594943396,6.0,0.005310497529750588,1.2592750755720978,0.008773084597545427,0.0,1.0,-0.011995439961423757,0.023170885074527296,0.0,0.013087070170243659,-0.01826739217079296,0.0,0.01302784928333284,0.015226435694788317,0.0,"[0.02227467475146645, 1.3847741367849997, -1.2, -0.12486767277292685, 1.5711627979365057, 1.0331946164332715, 0.03781392886992544, 1.534976746126043, 1.0655112267638374]"
prism1,97,/home/humanoid/Programs/hand/results/phase1/run_20260413_pollard_multiscene_500_run2_refined/prism1/generated_mjcf/scene_prism1_tp0d0093p0d0292p0d0012_ip0d0149n0d0135p0d0072_mp0d0180p0d0216p0d0000.xml,prism_y0d0250,True,0.02,4.0,1.0,1.0,4.818942309691265,0.0522232398597657,6.0,0.005327872663126179,0.6697037085752628,0.016293297297998742,0.0,1.0,0.009268198317895226,0.029177279887696635,0.001189641720707622,0.014946304660889418,-0.013466718358715133,0.007234640744900829,0.018012549910744587,0.02163983278281282,0.0,"[0.02227467475146645, 1.3847741367849997, -1.2, -0.12486767277292685, 1.5711627979365057, 1.0331946164332715, 0.03781392886992544, 1.534976746126043, 1.0655112267638374]"
prism1,98,/home/humanoid/Programs/hand/results/phase1/run_20260413_pollard_multiscene_500_run2_refined/prism1/generated_mjcf/scene_prism1_tn0d0114p0d0238p0d0000_ip0d0195n0d0037p0d0008_mp0d0071p0d0204p0d0050.xml,prism_y0d0250,True,0.02,4.0,1.0,1.0,4.566796086729224,0.052613805077143194,5.0,0.005893854720289937,0.3419015580732788,0.001935691303202678,0.0,1.0,-0.011412276955248405,0.02379807387899146,0.0,0.019462260282733714,-0.0036636593388789888,0.0008100502558857133,0.0070586596157323,0.02041174898220853,0.005024872692297698,"[0.02227467475146645, 1.3847741367849997, -1.2, -0.12486767277292685, 1.5711627979365057, 1.0331946164332715, 0.03781392886992544, 1.534976746126043, 1.0655112267638374]"
prism1,99,/home/humanoid/Programs/hand/results/phase1/run_20260413_pollard_multiscene_500_run2_refined/prism1/generated_mjcf/scene_prism1_tp0d0044p0d0282p0d0019_ip0d0104n0d0119p0d0093_mp0d0068p0d0235p0d0001.xml,prism_y0d0250,True,0.02,4.0,1.0,1.0,4.379666183102248,0.050381643462752264,5.0,0.005297547924680243,0.4542999776130885,0.017491874267126235,0.0,1.0,0.004374789435312346,0.028218177304168056,0.0018556460458758403,0.010385043516164927,-0.011894204793422361,0.009335535792464315,0.006802027202263075,0.023505980635449716,0.00011734953019630276,"[0.02227467475146645, 1.3847741367849997, -1.2, -0.12486767277292685, 1.5711627979365057, 1.0331946164332715, 0.03781392886992544, 1.534976746126043, 1.0655112267638374]"
prism1,100,/home/humanoid/Programs/hand/results/phase1/run_20260413_pollard_multiscene_500_run2_refined/prism1/generated_mjcf/scene_prism1_tn0d0100p0d0188p0d0000_ip0d0107n0d0038p0d0000_mp0d0094p0d0173p0d0065.xml,prism_y0d0250,True,0.02,4.0,1.0,1.0,4.927419341706171,0.050697012893319925,6.0,0.007104936769329222,0.14187737959124014,0.0019141048471135783,0.0,1.0,-0.009951865181536158,0.018775567695502312,0.0,0.010669241071932166,-0.003820563471950528,0.0,0.009405390983008566,0.017280054041644587,0.0064756874760196585,"[0.02227467475146645, 1.3847741367849997, -1.2, -0.12486767277292685, 1.5711627979365057, 1.0331946164332715, 0.03781392886992544, 1.534976746126043, 1.0655112267638374]"
prism1,101,/home/humanoid/Programs/hand/results/phase1/run_20260413_pollard_multiscene_500_run2_refined/prism1/generated_mjcf/scene_prism1_tp0d0106p0d0212p0d0101_ip0d0061n0d0060p0d0063_mp0d0112p0d0075p0d0000.xml,prism_y0d0250,True,0.02,4.0,1.0,1.0,4.599917395535124,0.04987440072226505,6.0,0.005392539588665735,2.067243558757225,0.0040226875493927635,5.6574288073471535e-05,1.0,0.010583447100032992,0.021214589149641843,0.010118832452697093,0.006077415096292973,-0.005956325488376159,0.006329410999625626,0.011230695538510659,0.007470929249459784,0.0,"[0.02227467475146645, 1.3847741367849997, -1.2, -0.12486767277292685, 1.5711627979365057, 1.0331946164332715, 0.03781392886992544, 1.534976746126043, 1.0655112267638374]"
prism1,102,/home/humanoid/Programs/hand/results/phase1/run_20260413_pollard_multiscene_500_run2_refined/prism1/generated_mjcf/scene_prism1_tn0d0050p0d0300p0d0035_ip0d0198n0d0172p0d0000_mp0d0116p0d0118p0d0000.xml,prism_y0d0250,True,0.02,4.0,1.0,1.0,4.5357772523316155,0.050346230107674646,5.0,0.006868864556189719,0.05657504113109896,0.00022893696437175577,0.00022859953072684736,1.0,-0.00501959716225856,0.03,0.0034709390634110604,0.019816908082287803,-0.017192165528774707,0.0,0.01161693581676551,0.011813476401367424,0.0,"[0.02227467475146645, 1.3847741367849997, -1.2, -0.12486767277292685, 1.5711627979365057, 1.0331946164332715, 0.03781392886992544, 1.534976746126043, 1.0655112267638374]"
prism1,103,/home/humanoid/Programs/hand/results/phase1/run_20260413_pollard_multiscene_500_run2_refined/prism1/generated_mjcf/scene_prism1_tp0d0024p0d0087p0d0000_in0d0020n0d0127p0d0026_mp0d0002p0d0091p0d0073.xml,prism_y0d0250,True,0.02,4.0,1.0,1.0,4.006947276058704,0.0489813285649865,4.0,0.009399894560449385,0.2225412462213903,0.0052126658141860875,0.0019951877313833383,1.0,0.002383369372827144,0.008678863384413857,0.0,-0.0019946792069528447,-0.01271909707195985,0.002592015961930566,0.00023177104157602255,0.00911026565147512,0.0072958037054163295,"[0.02227467475146645, 1.3847741367849997, -1.2, -0.12486767277292685, 1.5711627979365057, 1.0331946164332715, 0.03781392886992544, 1.534976746126043, 1.0655112267638374]"
prism1,104,/home/humanoid/Programs/hand/results/phase1/run_20260413_pollard_multiscene_500_run2_refined/prism1/generated_mjcf/scene_prism1_tp0d0082p0d0173p0d0075_ip0d0047n0d0074p0d0011_mp0d0086p0d0191p0d0000.xml,prism_y0d0250,True,0.02,4.0,1.0,1.0,4.014079074384818,0.04840342700216197,4.0,0.00798583384920362,0.1538052464084043,0.0032822929631683524,0.0017753881876811234,1.0,0.008166757436390344,0.017305598102488752,0.007541369532989443,0.004651366072771426,-0.007353402664476439,0.0010909589677707467,0.008562377893663898,0.019054614628170638,0.0,"[0.02227467475146645, 1.3847741367849997, -1.2, -0.12486767277292685, 1.5711627979365057, 1.0331946164332715, 0.03781392886992544, 1.534976746126043, 1.0655112267638374]"
prism1,105,/home/humanoid/Programs/hand/results/phase1/run_20260413_pollard_multiscene_500_run2_refined/prism1/generated_mjcf/scene_prism1_tn0d0081p0d0151p0d0043_ip0d0149n0d0080p0d0064_mn0d0001p0d0058p0d0085.xml,prism_y0d0250,True,0.02,4.0,1.0,1.0,4.7500755308396725,0.05005803421020166,6.0,0.005375746449160952,1.185492709666803,0.002230044528173944,0.0,1.0,-0.008101357374999472,0.015051763145310957,0.004333502634470354,0.014949647520672982,-0.007961740219535359,0.0064228105575298185,-9.076253567036861e-05,0.005841333801968511,0.008528427846290734,"[0.02227467475146645, 1.3847741367849997, -1.2, -0.12486767277292685, 1.5711627979365057, 1.0331946164332715, 0.03781392886992544, 1.534976746126043, 1.0655112267638374]"
prism1,106,/home/humanoid/Programs/hand/results/phase1/run_20260413_pollard_multiscene_500_run2_refined/prism1/generated_mjcf/scene_prism1_tn0d0034p0d0216p0d0001_ip0d0130n0d0225p0d0065_mp0d0010p0d0197p0d0000.xml,prism_y0d0250,True,0.02,4.0,1.0,1.0,4.901013689566706,0.050627076173405484,6.0,0.00640754502902158,0.19185823041342534,0.001963690974577653,0.0014631671695803372,1.0,-0.003435893928932775,0.021640910971604234,8.406733760194136e-05,0.01303990171210299,-0.022453278930529147,0.006474965432793946,0.0009616558759156877,0.019652987084016846,0.0,"[0.02227467475146645, 1.3847741367849997, -1.2, -0.12486767277292685, 1.5711627979365057, 1.0331946164332715, 0.03781392886992544, 1.534976746126043, 1.0655112267638374]"
prism1,107,/home/humanoid/Programs/hand/results/phase1/run_20260413_pollard_multiscene_500_run2_refined/prism1/generated_mjcf/scene_prism1_tn0d0002p0d0241p0d0000_in0d0009n0d0012p0d0005_mp0d0158p0d0161p0d0077.xml,prism_y0d0250,True,0.02,4.0,1.0,1.0,4.913567260462942,0.05034997054253548,6.0,0.0072586157718972045,0.10247695175966645,0.002555009577216947,0.00028857306289618856,1.0,-0.0001857207345086799,0.024120649624657868,0.0,-0.0008951006875646678,-0.0011589227586814663,0.000544245585789983,0.015811471385460664,0.01605107600938014,0.007672485664079333,"[0.02227467475146645, 1.3847741367849997, -1.2, -0.12486767277292685, 1.5711627979365057, 1.0331946164332715, 0.03781392886992544, 1.534976746126043, 1.0655112267638374]"
prism1,108,/home/humanoid/Programs/hand/results/phase1/run_20260413_pollard_multiscene_500_run2_refined/prism1/generated_mjcf/scene_prism1_tp0d0016p0d0109p0d0034_ip0d0021n0d0045p0d0043_mp0d0206p0d0184p0d0000.xml,prism_y0d0250,True,0.02,4.0,1.0,1.0,4.532919176801309,0.05020520578650588,5.0,0.007736200294340315,0.045585860580063794,0.0002027032133489988,6.13772308843824e-05,1.0,0.0015507882981054214,0.010946165081292702,0.0034057575517393284,0.002145776066487623,-0.004532300759600939,0.00434547841134757,0.020555407315434586,0.018397938948996252,0.0,"[0.02227467475146645, 1.3847741367849997, -1.2, -0.12486767277292685, 1.5711627979365057, 1.0331946164332715, 0.03781392886992544, 1.534976746126043, 1.0655112267638374]"
prism1,109,/home/humanoid/Programs/hand/results/phase1/run_20260413_pollard_multiscene_500_run2_refined/prism1/generated_mjcf/scene_prism1_tp0d0014p0d0265p0d0051_ip0d0062n0d0086p0d0104_mp0d0144p0d0121p0d0099.xml,prism_y0d0250,True,0.02,4.0,1.0,1.0,4.422830361950149,0.04997422845622468,5.0,0.005381697522181425,0.6501039216486078,0.002998108454343362,0.0,1.0,0.0013713010998067932,0.026522534647037528,0.00508531914060183,0.006215120944035642,-0.0085715723855087,0.010446457471225783,0.014435441034388851,0.012115233654059249,0.009858199929202283,"[0.02227467475146645, 1.3847741367849997, -1.2, -0.12486767277292685, 1.5711627979365057, 1.0331946164332715, 0.03781392886992544, 1.534976746126043, 1.0655112267638374]"
prism1,110,/home/humanoid/Programs/hand/results/phase1/run_20260413_pollard_multiscene_500_run2_refined/prism1/generated_mjcf/scene_prism1_tp0d0079p0d0285p0d0000_ip0d0050n0d0053p0d0000_mn0d0002p0d0197p0d0072.xml,prism_y0d0250,True,0.02,4.0,1.0,1.0,4.522219402887175,0.049753094716172175,5.0,0.005211017092361284,0.03662059953477526,0.0003474563618072766,9.492082442244532e-05,1.0,0.007862980625476145,0.028524410246412026,0.0,0.004979892007376512,-0.005336932736155145,0.0,-0.0002310575466114538,0.019698384299342057,0.007182478955496934,"[0.02227467475146645, 1.3847741367849997, -1.2, -0.12486767277292685, 1.5711627979365057, 1.0331946164332715, 0.03781392886992544, 1.534976746126043, 1.0655112267638374]"
prism1,111,/home/humanoid/Programs/hand/results/phase1/run_20260413_pollard_multiscene_500_run2_refined/prism1/generated_mjcf/scene_prism1_tp0d0034p0d0163p0d0014_in0d0015n0d0108p0d0086_mn0d0001p0d0125p0d0000.xml,prism_y0d0250,True,0.02,4.0,1.0,1.0,3.912540675051649,0.049399520113809735,4.0,0.011929313333842846,0.621105827778873,0.008998658880404235,0.0037855062345624607,1.0,0.003402427395368751,0.01627624007420011,0.0014345596552211674,-0.0014835211652609488,-0.010796120261926605,0.008563228193161875,-0.00012672235965031746,0.012499665517147967,0.0,"[0.02227467475146645, 1.3847741367849997, -1.2, -0.12486767277292685, 1.5711627979365057, 1.0331946164332715, 0.03781392886992544, 1.534976746126043, 1.0655112267638374]"
prism1,112,/home/humanoid/Programs/hand/results/phase1/run_20260413_pollard_multiscene_500_run2_refined/prism1/generated_mjcf/scene_prism1_tn0d0029p0d0083p0d0079_ip0d0099n0d0138p0d0024_mp0d0184p0d0103p0d0000.xml,prism_y0d0250,True,0.02,4.0,1.0,1.0,4.508499601844967,0.052019136436181744,5.0,0.007589547730373799,0.2926916686726789,0.008847887943290722,0.0,1.0,-0.0028798104808018445,0.008312184160997247,0.00786631007594749,0.00990983944819043,-0.01383796642650531,0.00244307317527483,0.018400676902117614,0.010290257395785304,0.0,"[0.02227467475146645, 1.3847741367849997, -1.2, -0.12486767277292685, 1.5711627979365057, 1.0331946164332715, 0.03781392886992544, 1.534976746126043, 1.0655112267638374]"
prism1,113,/home/humanoid/Programs/hand/results/phase1/run_20260413_pollard_multiscene_500_run2_refined/prism1/generated_mjcf/scene_prism1_tn0d0108p0d0144p0d0000_in0d0010n0d0110p0d0000_mn0d0002p0d0253p0d0000.xml,prism_y0d0250,True,0.02,4.0,1.0,1.0,4.074493327937423,0.04944836580360527,4.0,0.00992852285432946,0.14398288244625448,0.0007608085952083656,0.000848345461826161,1.0,-0.010812139014908118,0.014393578249598981,0.0,-0.0010025963078267048,-0.011034466506951189,0.0,-0.00021781467042988716,0.025301153793920166,0.0,"[0.02227467475146645, 1.3847741367849997, -1.2, -0.12486767277292685, 1.5711627979365057, 1.0331946164332715, 0.03781392886992544, 1.534976746126043, 1.0655112267638374]"
prism1,114,/home/humanoid/Programs/hand/results/phase1/run_20260413_pollard_multiscene_500_run2_refined/prism1/generated_mjcf/scene_prism1_tn0d0097p0d0300p0d0040_ip0d0154n0d0108p0d0000_mp0d0182p0d0133p0d0000.xml,prism_y0d0250,True,0.02,4.0,1.0,1.0,4.5953419838260485,0.05255244580685907,5.0,0.00616548711968324,0.06184087164149129,0.0037310857380713717,0.0,1.0,-0.009724061022624773,0.03,0.0040072071336392685,0.015418097000075947,-0.010783104100315308,0.0,0.018205053769901072,0.013332696100926186,0.0,"[0.02227467475146645, 1.3847741367849997, -1.2, -0.12486767277292685, 1.5711627979365057, 1.0331946164332715, 0.03781392886992544, 1.534976746126043, 1.0655112267638374]"
prism1,115,/home/humanoid/Programs/hand/results/phase1/run_20260413_pollard_multiscene_500_run2_refined/prism1/generated_mjcf/scene_prism1_tn0d0088p0d0107p0d0005_ip0d0116n0d0119p0d0027_mp0d0191p0d0154p0d0000.xml,prism_y0d0250,True,0.02,4.0,1.0,1.0,4.515574881553464,0.050313897034646685,5.0,0.006927579200570206,0.13504270094779905,0.0011920604349979673,0.0003456323754893048,1.0,-0.008752578143894657,0.010717277259950732,0.0005339023898471625,0.011649846149658704,-0.011851546974094098,0.0027149922709011447,0.019063443114098563,0.015400916278669291,0.0,"[0.02227467475146645, 1.3847741367849997, -1.2, -0.12486767277292685, 1.5711627979365057, 1.0331946164332715, 0.03781392886992544, 1.534976746126043, 1.0655112267638374]"
prism1,116,/home/humanoid/Programs/hand/results/phase1/run_20260413_pollard_multiscene_500_run2_refined/prism1/generated_mjcf/scene_prism1_tn0d0058p0d0154p0d0015_ip0d0171n0d0137p0d0000_mp0d0025p0d0055p0d0000.xml,prism_y0d0250,True,0.02,4.0,1.0,1.0,4.90528420911053,0.04998249408523048,6.0,0.00530040875606564,0.14995302023212084,0.0016819887131186756,7.644842057298595e-05,1.0,-0.005842255138069734,0.015364319418918195,0.0014593692806168217,0.01708893618799274,-0.01371309528163105,0.0,0.002515708089826485,0.00547565360219901,0.0,"[0.02227467475146645, 1.3847741367849997, -1.2, -0.12486767277292685, 1.5711627979365057, 1.0331946164332715, 0.03781392886992544, 1.534976746126043, 1.0655112267638374]"
prism1,117,/home/humanoid/Programs/hand/results/phase1/run_20260413_pollard_multiscene_500_run2_refined/prism1/generated_mjcf/scene_prism1_tp0d0044p0d0222p0d0039_ip0d0089n0d0217p0d0000_mp0d0103p0d0152p0d0000.xml,prism_y0d0250,True,0.02,4.0,1.0,1.0,4.748837894599595,0.05013579605685567,6.0,0.005387380412300235,0.5381252527009784,0.019070236443434512,0.0,1.0,0.004425039793702623,0.022177153565716874,0.0038910621589977774,0.00891028314209102,-0.02166526711317343,0.0,0.010263051494114807,0.015231959161743686,0.0,"[0.02227467475146645, 1.3847741367849997, -1.2, -0.12486767277292685, 1.5711627979365057, 1.0331946164332715, 0.03781392886992544, 1.534976746126043, 1.0655112267638374]"
prism1,118,/home/humanoid/Programs/hand/results/phase1/run_20260413_pollard_multiscene_500_run2_refined/prism1/generated_mjcf/scene_prism1_tp0d0078p0d0184p0d0083_ip0d0044n0d0017p0d0000_mp0d0165p0d0038p0d0000.xml,prism_y0d0250,True,0.02,4.0,1.0,1.0,4.475437213907435,0.05069436543703764,5.0,0.007783416919304589,0.28170947254578527,0.0068403869447343085,0.0,1.0,0.007807237396004606,0.01839952006368896,0.008290947003856325,0.004371823127956276,-0.0016934499390448814,0.0,0.016460379772354136,0.0037844748722332625,0.0,"[0.02227467475146645, 1.3847741367849997, -1.2, -0.12486767277292685, 1.5711627979365057, 1.0331946164332715, 0.03781392886992544, 1.534976746126043, 1.0655112267638374]"
prism1,119,/home/humanoid/Programs/hand/results/phase1/run_20260413_pollard_multiscene_500_run2_refined/prism1/generated_mjcf/scene_prism1_tp0d0089p0d0164p0d0104_ip0d0203n0d0051p0d0000_mp0d0186p0d0143p0d0000.xml,prism_y0d0250,True,0.02,4.0,1.0,1.0,4.047821925323433,0.04962209437542264,4.0,0.007568125039806265,0.21622603059163792,0.0034622706438163704,0.0017172999404252431,1.0,0.008893279303444638,0.01640251999547089,0.010379507833410868,0.020306008014948564,-0.005095378154555871,0.0,0.01859844408246346,0.014270504086291665,0.0,"[0.02227467475146645, 1.3847741367849997, -1.2, -0.12486767277292685, 1.5711627979365057, 1.0331946164332715, 0.03781392886992544, 1.534976746126043, 1.0655112267638374]"
prism1,120,/home/humanoid/Programs/hand/results/phase1/run_20260413_pollard_multiscene_500_run2_refined/prism1/generated_mjcf/scene_prism1_tp0d0084p0d0276p0d0000_ip0d0188n0d0118p0d0058_mp0d0044p0d0085p0d0084.xml,prism_y0d0250,True,0.02,4.0,1.0,1.0,4.087620813012261,0.04993439054174477,4.0,0.008313536451678582,0.23001064517520362,0.00043418367770326697,0.000529090350245745,1.0,0.00844700085406028,0.0275899209061255,0.0,0.01879663640748299,-0.01184488672550997,0.005846178204292226,0.004436224499191826,0.00847107561171959,0.008359507557784272,"[0.02227467475146645, 1.3847741367849997, -1.2, -0.12486767277292685, 1.5711627979365057, 1.0331946164332715, 0.03781392886992544, 1.534976746126043, 1.0655112267638374]"
prism1,121,/home/humanoid/Programs/hand/results/phase1/run_20260413_pollard_multiscene_500_run2_refined/prism1/generated_mjcf/scene_prism1_tp0d0024p0d0115p0d0000_ip0d0186n0d0131p0d0000_mp0d0062p0d0231p0d0000.xml,prism_y0d0250,True,0.02,4.0,1.0,1.0,4.044806505327142,0.04892887066235603,4.0,0.012565789945585394,0.12245376309923865,0.0013810183482871896,0.0013265177841282477,1.0,0.0024051311534063324,0.011544931174607635,0.0,0.01861685963731509,-0.013061194038860484,0.0,0.006182892757216741,0.02309146085361523,0.0,"[0.02227467475146645, 1.3847741367849997, -1.2, -0.12486767277292685, 1.5711627979365057, 1.0331946164332715, 0.03781392886992544, 1.534976746126043, 1.0655112267638374]"
prism1,122,/home/humanoid/Programs/hand/results/phase1/run_20260413_pollard_multiscene_500_run2_refined/prism1/generated_mjcf/scene_prism1_tp0d0108p0d0155p0d0062_ip0d0049n0d0059p0d0000_mp0d0011p0d0095p0d0089.xml,prism_y0d0250,True,0.02,4.0,1.0,1.0,3.919510239764132,0.04899478723919513,4.0,0.008899191223404273,0.45043629442345473,0.012650615231541368,0.002836649634010216,1.0,0.01076048406563343,0.015492803621637762,0.006155527900058046,0.00485693182457647,-0.00587186875258037,0.0,0.0011157035574780073,0.009522165756708695,0.008882207151154464,"[0.02227467475146645, 1.3847741367849997, -1.2, -0.12486767277292685, 1.5711627979365057, 1.0331946164332715, 0.03781392886992544, 1.534976746126043, 1.0655112267638374]"
prism1,123,/home/humanoid/Programs/hand/results/phase1/run_20260413_pollard_multiscene_500_run2_refined/prism1/generated_mjcf/scene_prism1_tn0d0043p0d0196p0d0000_ip0d0116n0d0220p0d0000_mp0d0172p0d0092p0d0000.xml,prism_y0d0250,True,0.02,4.0,1.0,1.0,4.665773161145835,0.050424925962695474,6.0,0.005361507730074241,1.3810205024545152,0.013537192786696869,0.0,1.0,-0.004260038967681772,0.01960461298881959,0.0,0.011600278864472048,-0.0219961311853588,0.0,0.017223337484585828,0.009153846869822672,0.0,"[0.02227467475146645, 1.3847741367849997, -1.2, -0.12486767277292685, 1.5711627979365057, 1.0331946164332715, 0.03781392886992544, 1.534976746126043, 1.0655112267638374]"
prism1,124,/home/humanoid/Programs/hand/results/phase1/run_20260413_pollard_multiscene_500_run2_refined/prism1/generated_mjcf/scene_prism1_tp0d0024p0d0115p0d0000_ip0d0179n0d0148p0d0088_mp0d0159p0d0081p0d0000.xml,prism_y0d0250,True,0.02,4.0,1.0,1.0,4.565954340017203,0.05403195262952579,5.0,0.006093152935256291,0.1915956396242213,0.014039725033675707,0.0,1.0,0.00244379712564664,0.011516003744496317,0.0,0.017933255596691573,-0.014767612297100151,0.008771401825721701,0.01585675523326934,0.008123136719758773,0.0,"[0.02227467475146645, 1.3847741367849997, -1.2, -0.12486767277292685, 1.5711627979365057, 1.0331946164332715, 0.03781392886992544, 1.534976746126043, 1.0655112267638374]"
prism1,125,/home/humanoid/Programs/hand/results/phase1/run_20260413_pollard_multiscene_500_run2_refined/prism1/generated_mjcf/scene_prism1_tn0d0079p0d0199p0d0000_ip0d0180n0d0130p0d0013_mp0d0073p0d0214p0d0045.xml,prism_y0d0250,True,0.02,4.0,1.0,1.0,4.474043065384712,0.05478293470003802,5.0,0.0054219820691496405,1.1813827443831697,0.009218045553473948,0.0,1.0,-0.007887425942232639,0.019869923947212237,0.0,0.01796756903605752,-0.01303821976671418,0.0013139928106517436,0.0072988538669776434,0.021417608120759872,0.004534554990868175,"[0.02227467475146645, 1.3847741367849997, -1.2, -0.12486767277292685, 1.5711627979365057, 1.0331946164332715, 0.03781392886992544, 1.534976746126043, 1.0655112267638374]"
prism1,126,/home/humanoid/Programs/hand/results/phase1/run_20260413_pollard_multiscene_500_run2_refined/prism1/generated_mjcf/scene_prism1_tp0d0045p0d0265p0d0000_ip0d0009n0d0047p0d0000_mp0d0146p0d0270p0d0048.xml,prism_y0d0250,True,0.02,4.0,1.0,1.0,4.805660912861964,0.04931296209347401,6.0,0.007818150906682973,0.3415900313399075,0.005034703240724816,0.0019341445375770094,1.0,0.004458536017805364,0.02651826532165731,0.0,0.0008580601897542929,-0.004669597340441882,0.0,0.014602302785354992,0.02702318182498961,0.004842281650674841,"[0.02227467475146645, 1.3847741367849997, -1.2, -0.12486767277292685, 1.5711627979365057, 1.0331946164332715, 0.03781392886992544, 1.534976746126043, 1.0655112267638374]"
prism1,127,/home/humanoid/Programs/hand/results/phase1/run_20260413_pollard_multiscene_500_run2_refined/prism1/generated_mjcf/scene_prism1_tp0d0098p0d0083p0d0025_ip0d0003n0d0034p0d0110_mn0d0012p0d0065p0d0080.xml,prism_y0d0250,False,0.02,4.0,0.0,1.0,3.352570374334096,0.052622400485624304,2.0,0.01360677258740685,0.11664452678162619,0.003047964883695006,0.00014759872700688403,0.9694444444444444,0.009760457547150138,0.008320518767227713,0.002489219276482083,0.00033574461251641846,-0.003359888860213432,0.011045946072750848,-0.0011803141391436098,0.006498272408853792,0.007986264843585493,"[0.02227467475146645, 1.3847741367849997, -1.2, -0.12486767277292685, 1.5711627979365057, 1.0331946164332715, 0.03781392886992544, 1.534976746126043, 1.0655112267638374]"
prism1,128,/home/humanoid/Programs/hand/results/phase1/run_20260413_pollard_multiscene_500_run2_refined/prism1/generated_mjcf/scene_prism1_tp0d0045p0d0300p0d0062_ip0d0123n0d0114p0d0000_mp0d0168p0d0125p0d0000.xml,prism_y0d0250,True,0.02,4.0,1.0,1.0,4.032179789771232,0.05070486642837534,4.0,0.008491519398710108,0.48009909859441025,0.0053643109342658675,0.0017755638358107617,1.0,0.004485274247750803,0.03,0.006156220676458435,0.012260561788589615,-0.011358161911042592,0.0,0.016811552901191067,0.012516042873784501,0.0,"[0.02227467475146645, 1.3847741367849997, -1.2, -0.12486767277292685, 1.5711627979365057, 1.0331946164332715, 0.03781392886992544, 1.534976746126043, 1.0655112267638374]"
prism1,129,/home/humanoid/Programs/hand/results/phase1/run_20260413_pollard_multiscene_500_run2_refined/prism1/generated_mjcf/scene_prism1_tp0d0011p0d0169p0d0025_in0d0016n0d0203p0d0010_mp0d0126p0d0053p0d0033.xml,prism_y0d0250,True,0.02,4.0,1.0,1.0,4.869354869956872,0.05294583480909084,6.0,0.005409215090217135,0.31841555463991317,0.02082078794225269,2.032144428083804e-05,1.0,0.001124035130705775,0.016879105762682,0.002540590918859706,-0.0015998689586662306,-0.020340573322197117,0.0009559423156456498,0.012637777989375407,0.0052731398225478055,0.003273069010678602,"[0.02227467475146645, 1.3847741367849997, -1.2, -0.12486767277292685, 1.5711627979365057, 1.0331946164332715, 0.03781392886992544, 1.534976746126043, 1.0655112267638374]"
prism1,130,/home/humanoid/Programs/hand/results/phase1/run_20260413_pollard_multiscene_500_run2_refined/prism1/generated_mjcf/scene_prism1_tp0d0082p0d0149p0d0005_ip0d0197n0d0074p0d0000_mp0d0212p0d0115p0d0078.xml,prism_y0d0250,True,0.02,4.0,1.0,1.0,4.52211373139227,0.05040232371839505,5.0,0.007543637379080141,0.08123129805470515,0.0022088461008181438,0.00012021272335684119,1.0,0.008189307560810648,0.014882807021886352,0.0005119386873650589,0.01974686259815555,-0.007428967554101598,0.0,0.02119582419996409,0.011509801055097127,0.007780858579894308,"[0.02227467475146645, 1.3847741367849997, -1.2, -0.12486767277292685, 1.5711627979365057, 1.0331946164332715, 0.03781392886992544, 1.534976746126043, 1.0655112267638374]"
prism1,131,/home/humanoid/Programs/hand/results/phase1/run_20260413_pollard_multiscene_500_run2_refined/prism1/generated_mjcf/scene_prism1_tn0d0011p0d0270p0d0101_ip0d0197n0d0050p0d0000_mp0d0199p0d0070p0d0000.xml,prism_y0d0250,True,0.02,4.0,1.0,1.0,4.122139933609579,0.05043399916184577,5.0,0.0055236255638935194,2.5913358917300675,0.007217067027954351,0.0,1.0,-0.0011395805826361627,0.026954421492883872,0.010102144179137976,0.019665360013878683,-0.004989540944297587,0.0,0.019903111947131187,0.00698015457820993,0.0,"[0.02227467475146645, 1.3847741367849997, -1.2, -0.12486767277292685, 1.5711627979365057, 1.0331946164332715, 0.03781392886992544, 1.534976746126043, 1.0655112267638374]"
prism1,132,/home/humanoid/Programs/hand/results/phase1/run_20260413_pollard_multiscene_500_run2_refined/prism1/generated_mjcf/scene_prism1_tp0d0035p0d0260p0d0000_ip0d0045n0d0154p0d0083_mn0d0020p0d0247p0d0000.xml,prism_y0d0250,True,0.02,4.0,1.0,1.0,4.201866126302108,0.050110144063159806,6.0,0.00525003155489252,4.6148126086326355,0.008211160250634045,0.0,1.0,0.003512477377717779,0.02595634688580678,0.0,0.004452740128532561,-0.015443202872165433,0.008333916584662072,-0.001953983419333517,0.024659893923409178,0.0,"[0.02227467475146645, 1.3847741367849997, -1.2, -0.12486767277292685, 1.5711627979365057, 1.0331946164332715, 0.03781392886992544, 1.534976746126043, 1.0655112267638374]"
prism1,133,/home/humanoid/Programs/hand/results/phase1/run_20260413_pollard_multiscene_500_run2_refined/prism1/generated_mjcf/scene_prism1_tp0d0028p0d0300p0d0000_ip0d0111n0d0190p0d0049_mp0d0176p0d0092p0d0086.xml,prism_y0d0250,True,0.02,4.0,1.0,1.0,3.9441395162827275,0.04747567075697942,4.0,0.01128841188011549,0.21600707384951703,0.0052305303545707605,0.002595657770539078,1.0,0.0027977652898282263,0.03,0.0,0.011086082907261777,-0.018966780190806512,0.004853939664313668,0.01762763991258995,0.009209986654092634,0.008637469710466666,"[0.02227467475146645, 1.3847741367849997, -1.2, -0.12486767277292685, 1.5711627979365057, 1.0331946164332715, 0.03781392886992544, 1.534976746126043, 1.0655112267638374]"
prism1,134,/home/humanoid/Programs/hand/results/phase1/run_20260413_pollard_multiscene_500_run2_refined/prism1/generated_mjcf/scene_prism1_tn0d0077p0d0195p0d0000_ip0d0054n0d0153p0d0047_mp0d0056p0d0160p0d0036.xml,prism_y0d0250,True,0.02,4.0,1.0,1.0,5.001879068435551,0.05543496820338486,6.0,0.005395531932911725,0.27335663469626253,0.01442504326877608,0.0,1.0,-0.007742076707245167,0.019521734459900235,0.0,0.005380400973209519,-0.015320954689492202,0.004686405960974107,0.00560440286082812,0.016011727803561176,0.0036316851150580594,"[0.02227467475146645, 1.3847741367849997, -1.2, -0.12486767277292685, 1.5711627979365057, 1.0331946164332715, 0.03781392886992544, 1.534976746126043, 1.0655112267638374]"
prism1,135,/home/humanoid/Programs/hand/results/phase1/run_20260413_pollard_multiscene_500_run2_refined/prism1/generated_mjcf/scene_prism1_tp0d0069p0d0150p0d0000_ip0d0037n0d0112p0d0091_mp0d0138p0d0179p0d0000.xml,prism_y0d0250,True,0.02,4.0,1.0,1.0,4.07134855444522,0.04987004839590038,4.0,0.011621080328177059,0.21351646304082159,0.0010843286496709697,0.0010272947833992185,1.0,0.006857647735637552,0.01504492230118383,0.0,0.0036892498449809796,-0.011197272548679756,0.009064254186342637,0.01378107685401934,0.017874691451246903,0.0,"[0.02227467475146645, 1.3847741367849997, -1.2, -0.12486767277292685, 1.5711627979365057, 1.0331946164332715, 0.03781392886992544, 1.534976746126043, 1.0655112267638374]"
prism1,136,/home/humanoid/Programs/hand/results/phase1/run_20260413_pollard_multiscene_500_run2_refined/prism1/generated_mjcf/scene_prism1_tn0d0000p0d0159p0d0000_ip0d0210n0d0204p0d0000_mp0d0053p0d0187p0d0000.xml,prism_y0d0250,True,0.02,4.0,1.0,1.0,5.302615088496614,0.0499518175376953,7.0,0.005304019669339312,0.17844734165310913,0.0012211457332187343,8.304252806379253e-05,1.0,-4.7116339295641754e-05,0.015941643153524383,0.0,0.02102531309204351,-0.02037678228072287,0.0,0.005322139856231826,0.01872476021489625,0.0,"[0.02227467475146645, 1.3847741367849997, -1.2, -0.12486767277292685, 1.5711627979365057, 1.0331946164332715, 0.03781392886992544, 1.534976746126043, 1.0655112267638374]"
prism1,137,/home/humanoid/Programs/hand/results/phase1/run_20260413_pollard_multiscene_500_run2_refined/prism1/generated_mjcf/scene_prism1_tp0d0049p0d0247p0d0000_ip0d0180n0d0165p0d0030_mp0d0110p0d0050p0d0000.xml,prism_y0d0250,True,0.02,4.0,1.0,1.0,4.4031286009890565,0.04972495834007069,5.0,0.007124241178592554,0.5023430971794534,0.005135400221958277,0.001402716053963679,1.0,0.004939700650079103,0.024682204869321503,0.0,0.018032783027366765,-0.016529194989133536,0.0029566510456937745,0.010960551337871752,0.005020658944108913,0.0,"[0.02227467475146645, 1.3847741367849997, -1.2, -0.12486767277292685, 1.5711627979365057, 1.0331946164332715, 0.03781392886992544, 1.534976746126043, 1.0655112267638374]"
prism1,138,/home/humanoid/Programs/hand/results/phase1/run_20260413_pollard_multiscene_500_run2_refined/prism1/generated_mjcf/scene_prism1_tp0d0015p0d0300p0d0068_ip0d0095n0d0196p0d0000_mn0d0010p0d0173p0d0000.xml,prism_y0d0250,True,0.02,4.0,1.0,1.0,3.9784291172278774,0.04928351014360855,4.0,0.00897024466785445,0.48803316931192514,0.004803507833844436,0.0022106021719048435,1.0,0.001515325259618382,0.03,0.006807639524938257,0.009541767906657332,-0.019584708658321362,0.0,-0.000981823473950495,0.01725793949067561,0.0,"[0.02227467475146645, 1.3847741367849997, -1.2, -0.12486767277292685, 1.5711627979365057, 1.0331946164332715, 0.03781392886992544, 1.534976746126043, 1.0655112267638374]"
prism1,139,/home/humanoid/Programs/hand/results/phase1/run_20260413_pollard_multiscene_500_run2_refined/prism1/generated_mjcf/scene_prism1_tp0d0038p0d0208p0d0000_ip0d0064n0d0233p0d0116_mn0d0002p0d0039p0d0000.xml,prism_y0d0250,True,0.02,4.0,1.0,1.0,3.3857812412096546,0.04349638350221775,5.0,0.006656513704126507,3.236421678268401,0.02741248387887943,0.013333972134403654,0.8583333333333333,0.0038050259348188786,0.020755100794810622,0.0,0.006448623398971592,-0.023325066083498283,0.011591209693892372,-0.00019526507632723449,0.0039111861558529856,0.0,"[0.02227467475146645, 1.3847741367849997, -1.2, -0.12486767277292685, 1.5711627979365057, 1.0331946164332715, 0.03781392886992544, 1.534976746126043, 1.0655112267638374]"
prism1,140,/home/humanoid/Programs/hand/results/phase1/run_20260413_pollard_multiscene_500_run2_refined/prism1/generated_mjcf/scene_prism1_tn0d0087p0d0271p0d0000_ip0d0062n0d0240p0d0104_mp0d0057p0d0235p0d0111.xml,prism_y0d0250,True,0.02,4.0,1.0,1.0,4.4243808011453165,0.052693428959368814,5.0,0.005439999959086918,1.1174962069928522,0.006897463577581764,0.0,1.0,-0.008731530079981356,0.027066388090933438,0.0,0.0061588016073141905,-0.023982038856395667,0.010357658104953149,0.005704969469548151,0.02352908190489477,0.011086436192306204,"[0.02227467475146645, 1.3847741367849997, -1.2, -0.12486767277292685, 1.5711627979365057, 1.0331946164332715, 0.03781392886992544, 1.534976746126043, 1.0655112267638374]"
prism1,141,/home/humanoid/Programs/hand/results/phase1/run_20260413_pollard_multiscene_500_run2_refined/prism1/generated_mjcf/scene_prism1_tp0d0055p0d0143p0d0000_ip0d0168n0d0075p0d0079_mp0d0111p0d0191p0d0000.xml,prism_y0d0250,True,0.02,4.0,1.0,1.0,4.057037794351756,0.04967853362556991,4.0,0.01151784123921388,0.21846979539595474,0.001849202455608926,0.0012341263351430543,1.0,0.00545884849963154,0.014257804502089013,0.0,0.016783646536371433,-0.007532492230778167,0.007861720757539256,0.011069781825323213,0.019080062523594087,0.0,"[0.02227467475146645, 1.3847741367849997, -1.2, -0.12486767277292685, 1.5711627979365057, 1.0331946164332715, 0.03781392886992544, 1.534976746126043, 1.0655112267638374]"
prism1,142,/home/humanoid/Programs/hand/results/phase1/run_20260413_pollard_multiscene_500_run2_refined/prism1/generated_mjcf/scene_prism1_tn0d0074p0d0247p0d0000_ip0d0168n0d0241p0d0028_mp0d0123p0d0058p0d0022.xml,prism_y0d0250,True,0.02,4.0,1.0,1.0,4.505470213090472,0.05066795558460266,5.0,0.0069556486564674265,0.35217406516283584,0.00019513754721008943,0.0,1.0,-0.007406249106069644,0.024733766378574083,0.0,0.01681314259118548,-0.024126402710446332,0.002803222095158712,0.01227073241585616,0.005832298099170255,0.0022128550031997474,"[0.02227467475146645, 1.3847741367849997, -1.2, -0.12486767277292685, 1.5711627979365057, 1.0331946164332715, 0.03781392886992544, 1.534976746126043, 1.0655112267638374]"
prism1,143,/home/humanoid/Programs/hand/results/phase1/run_20260413_pollard_multiscene_500_run2_refined/prism1/generated_mjcf/scene_prism1_tp0d0062p0d0209p0d0041_ip0d0150n0d0194p0d0102_mp0d0059p0d0173p0d0000.xml,prism_y0d0250,True,0.02,4.0,1.0,1.0,4.899184265793252,0.05288351753014155,6.0,0.005402383618996701,0.30422930883586374,0.014559186678228954,0.0006620470107463472,1.0,0.006188329518560347,0.020863806997200564,0.0041462532147777224,0.015008121104932009,-0.019358162822748666,0.010238796153919451,0.005860994776989337,0.017308846946232706,0.0,"[0.02227467475146645, 1.3847741367849997, -1.2, -0.12486767277292685, 1.5711627979365057, 1.0331946164332715, 0.03781392886992544, 1.534976746126043, 1.0655112267638374]"
prism1,144,/home/humanoid/Programs/hand/results/phase1/run_20260413_pollard_multiscene_500_run2_refined/prism1/generated_mjcf/scene_prism1_tp0d0119p0d0237p0d0000_ip0d0116n0d0236p0d0000_mp0d0214p0d0052p0d0000.xml,prism_y0d0250,True,0.02,4.0,1.0,1.0,2.847295889433325,0.04597875307100803,4.0,0.0119345862723952,2.4624430832176318e-08,0.014936404365700762,0.05274310917197844,0.48055555555555557,0.011913720408939114,0.023699386605017154,0.0,0.011586873910987512,-0.02364748026497579,0.0,0.021392537358011006,0.005244756480698892,0.0,"[0.02227467475146645, 1.3847741367849997, -1.2, -0.12486767277292685, 1.5711627979365057, 1.0331946164332715, 0.03781392886992544, 1.534976746126043, 1.0655112267638374]"
prism1,145,/home/humanoid/Programs/hand/results/phase1/run_20260413_pollard_multiscene_500_run2_refined/prism1/generated_mjcf/scene_prism1_tp0d0018p0d0266p0d0085_ip0d0187n0d0061p0d0000_mp0d0120p0d0228p0d0000.xml,prism_y0d0250,True,0.02,4.0,1.0,1.0,4.413302143924246,0.05012582536437883,5.0,0.005494804676661716,0.25078459320317126,0.015415740915869084,0.0,1.0,0.0017538542680252782,0.026575331008186886,0.008468955846821315,0.01866947878821324,-0.00605466824628304,0.0,0.011957947693719377,0.02281495484257566,0.0,"[0.02227467475146645, 1.3847741367849997, -1.2, -0.12486767277292685, 1.5711627979365057, 1.0331946164332715, 0.03781392886992544, 1.534976746126043, 1.0655112267638374]"
prism1,146,/home/humanoid/Programs/hand/results/phase1/run_20260413_pollard_multiscene_500_run2_refined/prism1/generated_mjcf/scene_prism1_tn0d0100p0d0190p0d0000_in0d0019n0d0119p0d0000_mp0d0192p0d0113p0d0039.xml,prism_y0d0250,True,0.02,4.0,1.0,1.0,4.936613446989687,0.05045885338952537,6.0,0.006681867110184467,0.04858188185936774,0.001263398648010503,0.00010125110469692833,1.0,-0.010045906244288014,0.019006044700280358,0.0,-0.001910366479366826,-0.011895275575458145,0.0,0.019195229064207682,0.011320224616773731,0.0039041055259550206,"[0.02227467475146645, 1.3847741367849997, -1.2, -0.12486767277292685, 1.5711627979365057, 1.0331946164332715, 0.03781392886992544, 1.534976746126043, 1.0655112267638374]"
prism1,147,/home/humanoid/Programs/hand/results/phase1/run_20260413_pollard_multiscene_500_run2_refined/prism1/generated_mjcf/scene_prism1_tp0d0016p0d0152p0d0000_ip0d0068n0d0186p0d0000_mn0d0007p0d0086p0d0000.xml,prism_y0d0250,True,0.02,4.0,1.0,1.0,4.518544688855365,0.04988471755639731,5.0,0.005252747460857229,0.07092227777674233,0.0004892712732910144,0.00027841344921407385,1.0,0.0016338811302797802,0.01519199864331583,0.0,0.0068238390588518626,-0.0185979348006101,0.0,-0.0007490881804916184,0.008644874935491244,0.0,"[0.02227467475146645, 1.3847741367849997, -1.2, -0.12486767277292685, 1.5711627979365057, 1.0331946164332715, 0.03781392886992544, 1.534976746126043, 1.0655112267638374]"
prism1,148,/home/humanoid/Programs/hand/results/phase1/run_20260413_pollard_multiscene_500_run2_refined/prism1/generated_mjcf/scene_prism1_tn0d0084p0d0110p0d0000_ip0d0037n0d0242p0d0000_mp0d0218p0d0092p0d0000.xml,prism_y0d0250,True,0.02,4.0,1.0,1.0,4.453369224338178,0.05006064918818824,5.0,0.007232179498816132,0.2445713798699115,0.00793390521171523,0.0,1.0,-0.008384850114827124,0.010998077251796115,0.0,0.0037161724242142525,-0.024194187208261365,0.0,0.021761286768522584,0.009183467605082948,0.0,"[0.02227467475146645, 1.3847741367849997, -1.2, -0.12486767277292685, 1.5711627979365057, 1.0331946164332715, 0.03781392886992544, 1.534976746126043, 1.0655112267638374]"
prism1,149,/home/humanoid/Programs/hand/results/phase1/run_20260413_pollard_multiscene_500_run2_refined/prism1/generated_mjcf/scene_prism1_tp0d0030p0d0212p0d0000_ip0d0156n0d0018p0d0000_mp0d0070p0d0156p0d0000.xml,prism_y0d0250,True,0.02,4.0,1.0,1.0,4.398816697305699,0.05150410572172108,5.0,0.006502532449773964,0.7164421756436598,0.011377284845477053,0.001257658552965002,1.0,0.0030242349553947154,0.02123938513737227,0.0,0.015599964008212794,-0.0018124103626753294,0.0,0.007007819845969626,0.01564040034937387,0.0,"[0.02227467475146645, 1.3847741367849997, -1.2, -0.12486767277292685, 1.5711627979365057, 1.0331946164332715, 0.03781392886992544, 1.534976746126043, 1.0655112267638374]"
prism1,150,/home/humanoid/Programs/hand/results/phase1/run_20260413_pollard_multiscene_500_run2_refined/prism1/generated_mjcf/scene_prism1_tn0d0078p0d0173p0d0042_in0d0016n0d0210p0d0074_mp0d0060p0d0167p0d0000.xml,prism_y0d0250,True,0.02,4.0,1.0,1.0,4.939236943771655,0.05396500964545701,6.0,0.005516626006514307,0.20320671212046734,0.018004022498040194,0.0,1.0,-0.007824626139829111,0.01732834438676897,0.004248456658127203,-0.0016455198819331964,-0.020978514055772536,0.007394594912894001,0.0059714869993543855,0.016719741941420785,0.0,"[0.02227467475146645, 1.3847741367849997, -1.2, -0.12486767277292685, 1.5711627979365057, 1.0331946164332715, 0.03781392886992544, 1.534976746126043, 1.0655112267638374]"
prism1,151,/home/humanoid/Programs/hand/results/phase1/run_20260413_pollard_multiscene_500_run2_refined/prism1/generated_mjcf/scene_prism1_tp0d0012p0d0087p0d0000_ip0d0087n0d0117p0d0000_mp0d0090p0d0220p0d0049.xml,prism_y0d0250,True,0.02,4.0,1.0,1.0,4.08999431525482,0.049581290169241114,4.0,0.008646118660803948,0.036377129130600705,0.00118852560683523,0.0012892400280341276,1.0,0.001218564240804446,0.00866571424061289,0.0,0.008749523164934754,-0.011728504763940096,0.0,0.009016880749428276,0.0220316040367717,0.0049388979727751255,"[0.02227467475146645, 1.3847741367849997, -1.2, -0.12486767277292685, 1.5711627979365057, 1.0331946164332715, 0.03781392886992544, 1.534976746126043, 1.0655112267638374]"
prism1,152,/home/humanoid/Programs/hand/results/phase1/run_20260413_pollard_multiscene_500_run2_refined/prism1/generated_mjcf/scene_prism1_tn0d0031p0d0199p0d0072_ip0d0043n0d0209p0d0113_mp0d0190p0d0243p0d0000.xml,prism_y0d0250,True,0.02,4.0,1.0,1.0,4.505334388768881,0.052095858156881676,5.0,0.005873647565825257,0.16807138373882716,0.013510440671583846,0.0,1.0,-0.0031420885393652637,0.019907472351036487,0.007176067022170336,0.004316225501834821,-0.020934708518782652,0.01125617333642238,0.018952176361857136,0.024280508339097374,0.0,"[0.02227467475146645, 1.3847741367849997, -1.2, -0.12486767277292685, 1.5711627979365057, 1.0331946164332715, 0.03781392886992544, 1.534976746126043, 1.0655112267638374]"
prism1,153,/home/humanoid/Programs/hand/results/phase1/run_20260413_pollard_multiscene_500_run2_refined/prism1/generated_mjcf/scene_prism1_tn0d0112p0d0258p0d0070_ip0d0212n0d0234p0d0075_mp0d0061p0d0193p0d0096.xml,prism_y0d0250,True,0.02,4.0,1.0,1.0,4.545259370329327,0.05097281345298811,5.0,0.006608762479837047,0.09815295507262604,0.0013785584178817234,0.00021477348311660371,1.0,-0.011151549883476946,0.02583112419855533,0.0069637886035893125,0.021163138926686795,-0.023441266575308213,0.00750747979912832,0.006083154920940297,0.01929815313027885,0.009613447105348082,"[0.02227467475146645, 1.3847741367849997, -1.2, -0.12486767277292685, 1.5711627979365057, 1.0331946164332715, 0.03781392886992544, 1.534976746126043, 1.0655112267638374]"
prism1,154,/home/humanoid/Programs/hand/results/phase1/run_20260413_pollard_multiscene_500_run2_refined/prism1/generated_mjcf/scene_prism1_tn0d0060p0d0300p0d0000_ip0d0008n0d0128p0d0053_mp0d0202p0d0236p0d0113.xml,prism_y0d0250,True,0.02,4.0,1.0,1.0,4.550012908414839,0.05209268394055748,5.0,0.0053073933887709465,0.06484659150317787,0.008500747600715777,0.00015706403311326056,1.0,-0.005961165487680037,0.03,0.0,0.0007531740575051921,-0.012763734213142173,0.005254819597036012,0.020235854375230844,0.023634514741201866,0.011292320198183152,"[0.02227467475146645, 1.3847741367849997, -1.2, -0.12486767277292685, 1.5711627979365057, 1.0331946164332715, 0.03781392886992544, 1.534976746126043, 1.0655112267638374]"
prism1,155,/home/humanoid/Programs/hand/results/phase1/run_20260413_pollard_multiscene_500_run2_refined/prism1/generated_mjcf/scene_prism1_tn0d0014p0d0178p0d0021_ip0d0146n0d0026p0d0022_mp0d0197p0d0133p0d0065.xml,prism_y0d0250,True,0.02,4.0,1.0,1.0,4.939373352575526,0.050716993049125456,6.0,0.007132298672319111,0.0731347331095776,0.0017477661387983701,0.0,1.0,-0.0014073926538075085,0.01775156940829652,0.00214680221506695,0.014606775448273735,-0.0026308522758124574,0.0022085622184445826,0.019743230789970055,0.013276280780333086,0.006512602441148773,"[0.02227467475146645, 1.3847741367849997, -1.2, -0.12486767277292685, 1.5711627979365057, 1.0331946164332715, 0.03781392886992544, 1.534976746126043, 1.0655112267638374]"
prism1,156,/home/humanoid/Programs/hand/results/phase1/run_20260413_pollard_multiscene_500_run2_refined/prism1/generated_mjcf/scene_prism1_tp0d0120p0d0099p0d0050_ip0d0197n0d0028p0d0089_mp0d0047p0d0131p0d0002.xml,prism_y0d0250,False,0.02,4.0,0.0,1.0,2.444450976948924,0.07860673855898237,3.0,0.009769794327224565,5.884893079519528,0.03413175856041214,0.06831006422255062,0.525,0.011953618961592274,0.009890472913476396,0.004973856886651324,0.019675836613181563,-0.0028322182956766213,0.008946206172153887,0.0046899317603590635,0.013051221715934756,0.00019432070821016716,"[0.02227467475146645, 1.3847741367849997, -1.2, -0.12486767277292685, 1.5711627979365057, 1.0331946164332715, 0.03781392886992544, 1.534976746126043, 1.0655112267638374]"
prism1,157,/home/humanoid/Programs/hand/results/phase1/run_20260413_pollard_multiscene_500_run2_refined/prism1/generated_mjcf/scene_prism1_tp0d0113p0d0144p0d0039_ip0d0162n0d0208p0d0089_mp0d0101p0d0263p0d0094.xml,prism_y0d0250,True,0.02,4.0,1.0,1.0,4.219879155460592,0.053955797836947636,5.0,0.006031452556630615,2.0422594555547144,0.01830186103158245,0.003363398266384432,1.0,0.011272147501967051,0.014373501696804333,0.003851906420196817,0.01623469939494379,-0.0207794824341704,0.008888251116506849,0.01012549654790459,0.02625110103573041,0.00935258777511349,"[0.02227467475146645, 1.3847741367849997, -1.2, -0.12486767277292685, 1.5711627979365057, 1.0331946164332715, 0.03781392886992544, 1.534976746126043, 1.0655112267638374]"
prism1,158,/home/humanoid/Programs/hand/results/phase1/run_20260413_pollard_multiscene_500_run2_refined/prism1/generated_mjcf/scene_prism1_tp0d0107p0d0124p0d0080_ip0d0187n0d0016p0d0036_mp0d0068p0d0174p0d0000.xml,prism_y0d0250,True,0.02,4.0,1.0,1.0,4.036392287432281,0.048865980301305574,4.0,0.011307140839221595,0.11106712579006206,0.0009236199322428658,0.002425079414417025,1.0,0.01073853532475701,0.012387630681511006,0.008031577607341533,0.018707664354787955,-0.0015653204796709976,0.0035891289918922806,0.006844769507781586,0.017385410079520693,0.0,"[0.02227467475146645, 1.3847741367849997, -1.2, -0.12486767277292685, 1.5711627979365057, 1.0331946164332715, 0.03781392886992544, 1.534976746126043, 1.0655112267638374]"
prism1,159,/home/humanoid/Programs/hand/results/phase1/run_20260413_pollard_multiscene_500_run2_refined/prism1/generated_mjcf/scene_prism1_tp0d0119p0d0253p0d0000_ip0d0201n0d0072p0d0000_mp0d0203p0d0111p0d0000.xml,prism_y0d0250,True,0.02,4.0,1.0,1.0,4.509849789578915,0.05002714088202187,5.0,0.005289353588532895,0.1423500773568548,0.0015281537518760779,0.0,1.0,0.011908468213914038,0.025333279743847862,0.0,0.02005299318962482,-0.007202619005446663,0.0,0.02030522813099945,0.01108420496281693,0.0,"[0.02227467475146645, 1.3847741367849997, -1.2, -0.12486767277292685, 1.5711627979365057, 1.0331946164332715, 0.03781392886992544, 1.534976746126043, 1.0655112267638374]"
prism1,160,/home/humanoid/Programs/hand/results/phase1/run_20260413_pollard_multiscene_500_run2_refined/prism1/generated_mjcf/scene_prism1_tn0d0113p0d0248p0d0000_in0d0008n0d0086p0d0112_mn0d0005p0d0215p0d0000.xml,prism_y0d0250,True,0.02,4.0,1.0,1.0,4.94945838907296,0.054803795725752016,6.0,0.005430313786197353,0.46725228181435635,0.014362991180850212,0.00012900369989259086,1.0,-0.01128660729865892,0.024821794228799127,0.0,-0.00083186608066977,-0.008554373849221279,0.01124052496537592,-0.00045976902830612704,0.02153632241141243,0.0,"[0.02227467475146645, 1.3847741367849997, -1.2, -0.12486767277292685, 1.5711627979365057, 1.0331946164332715, 0.03781392886992544, 1.534976746126043, 1.0655112267638374]"
prism1,161,/home/humanoid/Programs/hand/results/phase1/run_20260413_pollard_multiscene_500_run2_refined/prism1/generated_mjcf/scene_prism1_tp0d0087p0d0083p0d0000_ip0d0214n0d0105p0d0000_mn0d0019p0d0131p0d0000.xml,prism_y0d0250,True,0.02,4.0,1.0,1.0,3.7994971127421087,0.04842561720866122,4.0,0.011548013113697632,1.147853653954528,0.009129027014871073,0.0037792710959360515,1.0,0.008669593171338762,0.00829146285729023,0.0,0.021403486505120473,-0.010490628603991449,0.0,-0.0018867354281598952,0.013116773146138423,0.0,"[0.02227467475146645, 1.3847741367849997, -1.2, -0.12486767277292685, 1.5711627979365057, 1.0331946164332715, 0.03781392886992544, 1.534976746126043, 1.0655112267638374]"
prism1,162,/home/humanoid/Programs/hand/results/phase1/run_20260413_pollard_multiscene_500_run2_refined/prism1/generated_mjcf/scene_prism1_tp0d0008p0d0243p0d0000_ip0d0056n0d0230p0d0119_mp0d0082p0d0196p0d0000.xml,prism_y0d0250,True,0.02,4.0,1.0,1.0,4.579227604988645,0.052454678988217554,6.0,0.005410936234803492,2.518526533211163,0.01134755119128128,0.0,1.0,0.0007872815147419634,0.024339149896880262,0.0,0.005640705116096214,-0.02302834268353677,0.01191609277025579,0.008172407472881515,0.01958364266529724,0.0,"[0.02227467475146645, 1.3847741367849997, -1.2, -0.12486767277292685, 1.5711627979365057, 1.0331946164332715, 0.03781392886992544, 1.534976746126043, 1.0655112267638374]"
prism1,163,/home/humanoid/Programs/hand/results/phase1/run_20260413_pollard_multiscene_500_run2_refined/prism1/generated_mjcf/scene_prism1_tn0d0086p0d0126p0d0000_ip0d0145n0d0005p0d0000_mp0d0020p0d0225p0d0033.xml,prism_y0d0250,True,0.02,4.0,1.0,1.0,4.073303728975891,0.04971155435790301,4.0,0.009569046038770667,0.18938603115694883,0.0021497580412145685,0.0005130107126952166,1.0,-0.008586770952238532,0.012644829297614164,0.0,0.014518686427156752,-0.0005474510000305095,0.0,0.001965759771380771,0.022540723821144228,0.003273335117701349,"[0.02227467475146645, 1.3847741367849997, -1.2, -0.12486767277292685, 1.5711627979365057, 1.0331946164332715, 0.03781392886992544, 1.534976746126043, 1.0655112267638374]"
prism1,164,/home/humanoid/Programs/hand/results/phase1/run_20260413_pollard_multiscene_500_run2_refined/prism1/generated_mjcf/scene_prism1_tp0d0107p0d0168p0d0000_ip0d0049n0d0050p0d0000_mp0d0071p0d0191p0d0099.xml,prism_y0d0250,True,0.02,4.0,1.0,1.0,3.93126852089323,0.048405882874483185,4.0,0.008378497520801982,0.16242275175721396,0.013612560464004383,0.003345134093705765,1.0,0.010747195468850355,0.01675308957305969,0.0,0.00487366060525649,-0.004994659363875083,0.0,0.007115221286644597,0.01912555289909626,0.009921219314163253,"[0.02227467475146645, 1.3847741367849997, -1.2, -0.12486767277292685, 1.5711627979365057, 1.0331946164332715, 0.03781392886992544, 1.534976746126043, 1.0655112267638374]"
prism1,165,/home/humanoid/Programs/hand/results/phase1/run_20260413_pollard_multiscene_500_run2_refined/prism1/generated_mjcf/scene_prism1_tp0d0075p0d0100p0d0087_ip0d0170n0d0130p0d0013_mp0d0086p0d0046p0d0000.xml,prism_y0d0250,True,0.02,4.0,1.0,1.0,4.6447787915048036,0.05748714376893132,5.0,0.007018036605516582,0.6318266083252734,0.009743529324661389,0.0,1.0,0.007507910790054063,0.010039102780949638,0.008737907867536678,0.016991815976954282,-0.013002375180709125,0.0012906382131382538,0.008637117703904192,0.004631095879577326,0.0,"[0.02227467475146645, 1.3847741367849997, -1.2, -0.12486767277292685, 1.5711627979365057, 1.0331946164332715, 0.03781392886992544, 1.534976746126043, 1.0655112267638374]"
prism1,166,/home/humanoid/Programs/hand/results/phase1/run_20260413_pollard_multiscene_500_run2_refined/prism1/generated_mjcf/scene_prism1_tp0d0099p0d0224p0d0000_ip0d0112n0d0095p0d0075_mp0d0120p0d0081p0d0113.xml,prism_y0d0250,True,0.02,4.0,1.0,1.0,4.507806654591372,0.04978813930609656,5.0,0.005235545101185697,0.1268449639179918,0.0008269536773950125,2.6555355630605848e-05,1.0,0.009914028604362819,0.02236731891349133,0.0,0.011234581749742536,-0.009457652688120629,0.007469727117063573,0.011958058295655653,0.008132251114838226,0.011278282523067704,"[0.02227467475146645, 1.3847741367849997, -1.2, -0.12486767277292685, 1.5711627979365057, 1.0331946164332715, 0.03781392886992544, 1.534976746126043, 1.0655112267638374]"
prism1,167,/home/humanoid/Programs/hand/results/phase1/run_20260413_pollard_multiscene_500_run2_refined/prism1/generated_mjcf/scene_prism1_tn0d0049p0d0254p0d0045_ip0d0202n0d0059p0d0000_mn0d0008p0d0191p0d0000.xml,prism_y0d0250,True,0.02,4.0,1.0,1.0,4.103836095485511,0.050211829758198864,5.0,0.005433795959318367,2.7176964134993007,0.005842648684652881,0.0,1.0,-0.00488964265872333,0.02540873439896553,0.004505410724312587,0.020158641957999573,-0.005939355777245107,0.0,-0.0008475818379703112,0.019052107364078294,0.0,"[0.02227467475146645, 1.3847741367849997, -1.2, -0.12486767277292685, 1.5711627979365057, 1.0331946164332715, 0.03781392886992544, 1.534976746126043, 1.0655112267638374]"
prism1,168,/home/humanoid/Programs/hand/results/phase1/run_20260413_pollard_multiscene_500_run2_refined/prism1/generated_mjcf/scene_prism1_tn0d0107p0d0086p0d0018_ip0d0169n0d0226p0d0000_mp0d0071p0d0249p0d0035.xml,prism_y0d0250,True,0.02,4.0,1.0,1.0,4.097070275181115,0.050054495570685406,4.0,0.01125364018993238,0.14222349240045334,0.0010917697697474405,0.00037047057787141513,1.0,-0.010742330134104312,0.008555869754555611,0.0017551315816082304,0.016898620275038925,-0.022613950580024002,0.0,0.007100308119039354,0.024886353180967997,0.0035120658990042738,"[0.02227467475146645, 1.3847741367849997, -1.2, -0.12486767277292685, 1.5711627979365057, 1.0331946164332715, 0.03781392886992544, 1.534976746126043, 1.0655112267638374]"
prism1,169,/home/humanoid/Programs/hand/results/phase1/run_20260413_pollard_multiscene_500_run2_refined/prism1/generated_mjcf/scene_prism1_tn0d0023p0d0300p0d0045_ip0d0141n0d0072p0d0010_mp0d0092p0d0266p0d0017.xml,prism_y0d0250,True,0.02,4.0,1.0,1.0,4.526239271736268,0.049937176931112354,5.0,0.005373253090997949,0.04414563602317127,0.0004018761685424002,0.00014852602132821302,1.0,-0.0022859760465189123,0.03,0.004491148993976263,0.014133915252692657,-0.00720976135270515,0.0010038693069339966,0.009219964776903154,0.026639798958592052,0.0017238483621419484,"[0.02227467475146645, 1.3847741367849997, -1.2, -0.12486767277292685, 1.5711627979365057, 1.0331946164332715, 0.03781392886992544, 1.534976746126043, 1.0655112267638374]"
prism1,170,/home/humanoid/Programs/hand/results/phase1/run_20260413_pollard_multiscene_500_run2_refined/prism1/generated_mjcf/scene_prism1_tn0d0023p0d0102p0d0000_ip0d0216n0d0012p0d0000_mn0d0001p0d0196p0d0000.xml,prism_y0d0250,True,0.02,4.0,1.0,1.0,3.988795565371995,0.049520640867896655,4.0,0.01187155880069418,0.5910673252448735,0.0037411880781586544,0.0007980433456097474,1.0,-0.0022512569426476337,0.010245824732785286,0.0,0.021598950036595156,-0.0012190901501439397,0.0,-0.000132916285661977,0.019593371151241823,0.0,"[0.02227467475146645, 1.3847741367849997, -1.2, -0.12486767277292685, 1.5711627979365057, 1.0331946164332715, 0.03781392886992544, 1.534976746126043, 1.0655112267638374]"
prism1,171,/home/humanoid/Programs/hand/results/phase1/run_20260413_pollard_multiscene_500_run2_refined/prism1/generated_mjcf/scene_prism1_tp0d0039p0d0130p0d0000_ip0d0058n0d0184p0d0066_mp0d0053p0d0253p0d0000.xml,prism_y0d0250,True,0.02,4.0,1.0,1.0,4.031608002632258,0.04897254178688289,4.0,0.01211086095930232,0.20625083895107552,0.0016448512335531613,0.0014502087288381649,1.0,0.003927672446135566,0.013035727953339283,0.0,0.005821268678713911,-0.018384392421899758,0.006602746162043826,0.005291531853126817,0.025251723655812762,0.0,"[0.02227467475146645, 1.3847741367849997, -1.2, -0.12486767277292685, 1.5711627979365057, 1.0331946164332715, 0.03781392886992544, 1.534976746126043, 1.0655112267638374]"
prism1,172,/home/humanoid/Programs/hand/results/phase1/run_20260413_pollard_multiscene_500_run2_refined/prism1/generated_mjcf/scene_prism1_tp0d0095p0d0117p0d0000_ip0d0216n0d0232p0d0081_mp0d0019p0d0158p0d0110.xml,prism_y0d0250,True,0.02,4.0,1.0,1.0,4.508516298002173,0.04982669400673512,6.0,0.005319926008433469,1.9955405173808034,0.02090784376826144,0.0,1.0,0.009478466612064692,0.01168372526952211,0.0,0.02160887059855398,-0.023164369430652178,0.008119067766142584,0.0019284014760311882,0.015758297922973116,0.01099679951817091,"[0.02227467475146645, 1.3847741367849997, -1.2, -0.12486767277292685, 1.5711627979365057, 1.0331946164332715, 0.03781392886992544, 1.534976746126043, 1.0655112267638374]"
prism1,173,/home/humanoid/Programs/hand/results/phase1/run_20260413_pollard_multiscene_500_run2_refined/prism1/generated_mjcf/scene_prism1_tn0d0091p0d0170p0d0002_ip0d0137n0d0162p0d0000_mp0d0198p0d0035p0d0115.xml,prism_y0d0250,True,0.02,4.0,1.0,1.0,4.648114165005817,0.0564749271164086,5.0,0.005324870672499792,0.649463108587802,0.003406512739219209,0.0,1.0,-0.009145682503664064,0.017045684283200635,0.00019631914511307816,0.013653580327099199,-0.01623028555312832,0.0,0.019787687411714293,0.0034936345899613894,0.011549356045366811,"[0.02227467475146645, 1.3847741367849997, -1.2, -0.12486767277292685, 1.5711627979365057, 1.0331946164332715, 0.03781392886992544, 1.534976746126043, 1.0655112267638374]"
prism1,174,/home/humanoid/Programs/hand/results/phase1/run_20260413_pollard_multiscene_500_run2_refined/prism1/generated_mjcf/scene_prism1_tn0d0084p0d0135p0d0056_ip0d0161n0d0120p0d0000_mp0d0033p0d0083p0d0094.xml,prism_y0d0250,True,0.02,4.0,1.0,1.0,4.967026955915221,0.05160479200990775,6.0,0.006863737243919965,0.09518263941946262,0.0018559823384652209,0.0,1.0,-0.008416704660400457,0.013544724004021461,0.0055591496449118975,0.01607346868467647,-0.011987541353118166,0.0,0.003343847788665107,0.00829167228915013,0.009415614975348773,"[0.02227467475146645, 1.3847741367849997, -1.2, -0.12486767277292685, 1.5711627979365057, 1.0331946164332715, 0.03781392886992544, 1.534976746126043, 1.0655112267638374]"
prism1,175,/home/humanoid/Programs/hand/results/phase1/run_20260413_pollard_multiscene_500_run2_refined/prism1/generated_mjcf/scene_prism1_tn0d0010p0d0264p0d0097_ip0d0074n0d0021p0d0043_mp0d0125p0d0141p0d0000.xml,prism_y0d0250,True,0.02,4.0,1.0,1.0,4.850190276556239,0.050978298574223646,6.0,0.005478848900271809,0.27663762604466624,0.013599471972391001,0.0,1.0,-0.000987966722941342,0.02641863323770267,0.009749655067213505,0.007435624649495688,-0.002126774060817691,0.004329946350058643,0.012516638434641977,0.014116350948087338,0.0,"[0.02227467475146645, 1.3847741367849997, -1.2, -0.12486767277292685, 1.5711627979365057, 1.0331946164332715, 0.03781392886992544, 1.534976746126043, 1.0655112267638374]"
prism1,176,/home/humanoid/Programs/hand/results/phase1/run_20260413_pollard_multiscene_500_run2_refined/prism1/generated_mjcf/scene_prism1_tn0d0042p0d0147p0d0000_ip0d0078n0d0180p0d0000_mp0d0214p0d0170p0d0000.xml,prism_y0d0250,True,0.02,4.0,1.0,1.0,4.539206149937237,0.05055957899019245,5.0,0.006764761633601336,0.04758038686867346,0.0005863938530607677,0.0005161808586358618,1.0,-0.004224321255218628,0.014693684350748644,0.0,0.007783851825736274,-0.018004387774481902,0.0,0.021358462961561187,0.017045554947876396,0.0,"[0.02227467475146645, 1.3847741367849997, -1.2, -0.12486767277292685, 1.5711627979365057, 1.0331946164332715, 0.03781392886992544, 1.534976746126043, 1.0655112267638374]"
prism1,177,/home/humanoid/Programs/hand/results/phase1/run_20260413_pollard_multiscene_500_run2_refined/prism1/generated_mjcf/scene_prism1_tp0d0082p0d0197p0d0081_ip0d0020n0d0208p0d0000_mp0d0186p0d0217p0d0000.xml,prism_y0d0250,True,0.02,4.0,1.0,1.0,4.858870208869056,0.0496293171446532,6.0,0.0070590272425481914,0.11250268952394156,0.005335929861426458,0.001262237842629979,1.0,0.008167387550689544,0.01968914444390417,0.008060320464359848,0.0019543986615473425,-0.02080566383837565,0.0,0.018645458933625167,0.021650883133752408,0.0,"[0.02227467475146645, 1.3847741367849997, -1.2, -0.12486767277292685, 1.5711627979365057, 1.0331946164332715, 0.03781392886992544, 1.534976746126043, 1.0655112267638374]"
prism1,178,/home/humanoid/Programs/hand/results/phase1/run_20260413_pollard_multiscene_500_run2_refined/prism1/generated_mjcf/scene_prism1_tp0d0104p0d0286p0d0000_ip0d0124n0d0007p0d0050_mp0d0027p0d0177p0d0094.xml,prism_y0d0250,True,0.02,4.0,1.0,1.0,4.521033672995227,0.049854797145657374,5.0,0.00525867612725072,0.05779569144453319,0.0006182718842571278,8.232415217145073e-05,1.0,0.010404850160773957,0.02864850095402521,0.0,0.012396573576992977,-0.0006640127032650541,0.004951171989004948,0.0027457737026305084,0.01766712406835367,0.00939002581709478,"[0.02227467475146645, 1.3847741367849997, -1.2, -0.12486767277292685, 1.5711627979365057, 1.0331946164332715, 0.03781392886992544, 1.534976746126043, 1.0655112267638374]"
prism1,179,/home/humanoid/Programs/hand/results/phase1/run_20260413_pollard_multiscene_500_run2_refined/prism1/generated_mjcf/scene_prism1_tp0d0008p0d0192p0d0059_ip0d0089n0d0091p0d0000_mp0d0163p0d0264p0d0083.xml,prism_y0d0250,True,0.02,4.0,1.0,1.0,4.885844871798505,0.04959114246784979,6.0,0.00782864300734059,0.05702966810121873,0.0016722298346606118,0.0012999999448675137,1.0,0.000775856375392953,0.019217011949822636,0.005889455773125243,0.008897061470780695,-0.009104554451179199,0.0,0.01630746355080402,0.026364703453000786,0.008285323912689182,"[0.02227467475146645, 1.3847741367849997, -1.2, -0.12486767277292685, 1.5711627979365057, 1.0331946164332715, 0.03781392886992544, 1.534976746126043, 1.0655112267638374]"
prism1,180,/home/humanoid/Programs/hand/results/phase1/run_20260413_pollard_multiscene_500_run2_refined/prism1/generated_mjcf/scene_prism1_tp0d0076p0d0194p0d0056_ip0d0097n0d0216p0d0000_mp0d0064p0d0234p0d0000.xml,prism_y0d0250,True,0.02,4.0,1.0,1.0,4.796575068307501,0.0499113998655666,6.0,0.005341334248829017,0.7921476970949994,0.0034275929403092763,2.1128856963939513e-05,1.0,0.007601073351175328,0.019366103985973,0.005648628398581976,0.009739818482690336,-0.021574981248505112,0.0,0.006356703445989577,0.02337913098547223,0.0,"[0.02227467475146645, 1.3847741367849997, -1.2, -0.12486767277292685, 1.5711627979365057, 1.0331946164332715, 0.03781392886992544, 1.534976746126043, 1.0655112267638374]"
prism1,181,/home/humanoid/Programs/hand/results/phase1/run_20260413_pollard_multiscene_500_run2_refined/prism1/generated_mjcf/scene_prism1_tn0d0093p0d0088p0d0007_ip0d0040n0d0090p0d0000_mp0d0086p0d0067p0d0000.xml,prism_y0d0250,True,0.02,4.0,1.0,1.0,4.532460253960328,0.053338664427497934,5.0,0.007218148112106527,0.3394108087919732,0.011507513909848478,0.0,1.0,-0.00933543154492234,0.008805327185990803,0.000668602678969548,0.003961819525625501,-0.008970762740116253,0.0,0.008646250009056356,0.006693370993602678,0.0,"[0.02227467475146645, 1.3847741367849997, -1.2, -0.12486767277292685, 1.5711627979365057, 1.0331946164332715, 0.03781392886992544, 1.534976746126043, 1.0655112267638374]"
prism1,182,/home/humanoid/Programs/hand/results/phase1/run_20260413_pollard_multiscene_500_run2_refined/prism1/generated_mjcf/scene_prism1_tp0d0016p0d0207p0d0000_ip0d0186n0d0072p0d0000_mp0d0006p0d0075p0d0000.xml,prism_y0d0250,True,0.02,4.0,1.0,1.0,4.715590269486941,0.05041411506961547,6.0,0.005327230726379121,1.0378665497651318,0.013761552338678837,0.0,1.0,0.0016470894595621167,0.02073131030867892,0.0,0.018640972661330295,-0.007166913517253069,0.0,0.0006460636272721757,0.00746074094995392,0.0,"[0.02227467475146645, 1.3847741367849997, -1.2, -0.12486767277292685, 1.5711627979365057, 1.0331946164332715, 0.03781392886992544, 1.534976746126043, 1.0655112267638374]"
prism1,183,/home/humanoid/Programs/hand/results/phase1/run_20260413_pollard_multiscene_500_run2_refined/prism1/generated_mjcf/scene_prism1_tn0d0061p0d0135p0d0031_ip0d0009n0d0192p0d0099_mp0d0008p0d0086p0d0098.xml,prism_y0d0250,True,0.02,4.0,1.0,1.0,4.033363818079414,0.049248179205377864,4.0,0.007963493899245716,0.12518584833058927,0.006680194487579661,0.0012947018446044928,1.0,-0.006124041163500725,0.01348762563825465,0.003063555658450347,0.0008658191334914387,-0.019187756292742966,0.009946785525691476,0.0008247528584014556,0.008646561502834105,0.009803886638379881,"[0.02227467475146645, 1.3847741367849997, -1.2, -0.12486767277292685, 1.5711627979365057, 1.0331946164332715, 0.03781392886992544, 1.534976746126043, 1.0655112267638374]"
prism1,184,/home/humanoid/Programs/hand/results/phase1/run_20260413_pollard_multiscene_500_run2_refined/prism1/generated_mjcf/scene_prism1_tp0d0067p0d0188p0d0113_ip0d0058n0d0101p0d0000_mp0d0090p0d0092p0d0053.xml,prism_y0d0250,True,0.02,4.0,1.0,1.0,4.876331310627715,0.05013806603355457,6.0,0.007269109268358825,0.1610852598671379,0.004526189678966026,0.0010535712463425467,1.0,0.00674552063868359,0.01875844570534435,0.011269136853523525,0.00584627774575262,-0.010051085845152196,0.0,0.009021495589241701,0.009187286818277404,0.005298283897151278,"[0.02227467475146645, 1.3847741367849997, -1.2, -0.12486767277292685, 1.5711627979365057, 1.0331946164332715, 0.03781392886992544, 1.534976746126043, 1.0655112267638374]"
prism1,185,/home/humanoid/Programs/hand/results/phase1/run_20260413_pollard_multiscene_500_run2_refined/prism1/generated_mjcf/scene_prism1_tn0d0076p0d0293p0d0095_ip0d0164n0d0030p0d0000_mn0d0008p0d0251p0d0018.xml,prism_y0d0250,True,0.02,4.0,1.0,1.0,4.519558236507382,0.04997322679284508,5.0,0.005455464436602837,0.08786517613407241,0.0007314211518462075,8.545575315019316e-05,1.0,-0.007579144053407563,0.02926402140053649,0.009526551407758252,0.016445449506548186,-0.0030376445306050295,0.0,-0.000757042771043057,0.025099540621265633,0.0018448931286065753,"[0.02227467475146645, 1.3847741367849997, -1.2, -0.12486767277292685, 1.5711627979365057, 1.0331946164332715, 0.03781392886992544, 1.534976746126043, 1.0655112267638374]"
prism1,186,/home/humanoid/Programs/hand/results/phase1/run_20260413_pollard_multiscene_500_run2_refined/prism1/generated_mjcf/scene_prism1_tn0d0109p0d0266p0d0000_ip0d0208n0d0007p0d0025_mp0d0198p0d0119p0d0000.xml,prism_y0d0250,True,0.02,4.0,1.0,1.0,4.517298897241783,0.04963363201825967,5.0,0.005285740227624258,0.018236824338256217,0.0009595327350103346,6.783524010467445e-05,1.0,-0.01094530967303526,0.026622520374406416,0.0,0.02084817749367661,-0.0006692405604083445,0.0024633831944326275,0.019788114268166283,0.011869035729068184,0.0,"[0.02227467475146645, 1.3847741367849997, -1.2, -0.12486767277292685, 1.5711627979365057, 1.0331946164332715, 0.03781392886992544, 1.534976746126043, 1.0655112267638374]"
prism1,187,/home/humanoid/Programs/hand/results/phase1/run_20260413_pollard_multiscene_500_run2_refined/prism1/generated_mjcf/scene_prism1_tp0d0055p0d0214p0d0000_ip0d0064n0d0241p0d0000_mp0d0092p0d0120p0d0006.xml,prism_y0d0250,True,0.02,4.0,1.0,1.0,4.15292588159159,0.05323703264373445,5.0,0.0054686663794954815,1.587947815251417,0.030082303837726563,0.006728911072171079,1.0,0.005524128560409666,0.021412513004040876,0.0,0.006369495553362655,-0.02409273098003277,0.0,0.0092245498650162,0.011986839827390296,0.0005794426517732355,"[0.02227467475146645, 1.3847741367849997, -1.2, -0.12486767277292685, 1.5711627979365057, 1.0331946164332715, 0.03781392886992544, 1.534976746126043, 1.0655112267638374]"
prism1,188,/home/humanoid/Programs/hand/results/phase1/run_20260413_pollard_multiscene_500_run2_refined/prism1/generated_mjcf/scene_prism1_tn0d0113p0d0300p0d0000_ip0d0000n0d0098p0d0041_mp0d0057p0d0253p0d0000.xml,prism_y0d0250,True,0.02,4.0,1.0,1.0,4.909779041974116,0.049901858120291756,6.0,0.0052421791165331785,0.1238340754408163,0.0008379656775839401,0.00022489405178366395,1.0,-0.011292589471460104,0.03,0.0,1.896314324718526e-05,-0.009754604433349351,0.004105129779418168,0.0057010780266160835,0.025270931042320165,0.0,"[0.02227467475146645, 1.3847741367849997, -1.2, -0.12486767277292685, 1.5711627979365057, 1.0331946164332715, 0.03781392886992544, 1.534976746126043, 1.0655112267638374]"
prism1,189,/home/humanoid/Programs/hand/results/phase1/run_20260413_pollard_multiscene_500_run2_refined/prism1/generated_mjcf/scene_prism1_tn0d0079p0d0282p0d0000_ip0d0114n0d0059p0d0000_mp0d0194p0d0087p0d0000.xml,prism_y0d0250,True,0.02,4.0,1.0,1.0,4.8771943022856945,0.050174804394301595,6.0,0.005313188758660912,0.3811184853154339,0.0018549502000375802,0.0,1.0,-0.007871923122523284,0.02824721477700434,0.0,0.011434791023358513,-0.005873051273154057,0.0,0.019370976136729598,0.00867365001472788,0.0,"[0.02227467475146645, 1.3847741367849997, -1.2, -0.12486767277292685, 1.5711627979365057, 1.0331946164332715, 0.03781392886992544, 1.534976746126043, 1.0655112267638374]"
prism1,190,/home/humanoid/Programs/hand/results/phase1/run_20260413_pollard_multiscene_500_run2_refined/prism1/generated_mjcf/scene_prism1_tn0d0079p0d0137p0d0027_ip0d0124n0d0151p0d0000_mp0d0088p0d0098p0d0119.xml,prism_y0d0250,True,0.02,4.0,1.0,1.0,4.946617096214005,0.05089014558797597,6.0,0.007200384500807043,0.06039410593103786,0.0018463524123141716,0.0,1.0,-0.007922255873662335,0.01371029600381386,0.002721329818083271,0.012447962530512873,-0.01514861068170811,0.0,0.008759742605920662,0.009773312969026872,0.011886714086111382,"[0.02227467475146645, 1.3847741367849997, -1.2, -0.12486767277292685, 1.5711627979365057, 1.0331946164332715, 0.03781392886992544, 1.534976746126043, 1.0655112267638374]"
prism1,191,/home/humanoid/Programs/hand/results/phase1/run_20260413_pollard_multiscene_500_run2_refined/prism1/generated_mjcf/scene_prism1_tp0d0019p0d0293p0d0046_ip0d0002n0d0125p0d0108_mp0d0108p0d0067p0d0063.xml,prism_y0d0250,True,0.02,4.0,1.0,1.0,3.9718159184695647,0.04951563995825005,4.0,0.009428421477291062,0.42833714551828705,0.008256014703940327,0.0023823314219350022,1.0,0.0018830516039466342,0.029256296294360287,0.004590055672901827,0.00019418877198786565,-0.012523302376143691,0.010792955576711082,0.010752739267010073,0.006693250662758721,0.006299504218256629,"[0.02227467475146645, 1.3847741367849997, -1.2, -0.12486767277292685, 1.5711627979365057, 1.0331946164332715, 0.03781392886992544, 1.534976746126043, 1.0655112267638374]"
prism1,192,/home/humanoid/Programs/hand/results/phase1/run_20260413_pollard_multiscene_500_run2_refined/prism1/generated_mjcf/scene_prism1_tp0d0067p0d0256p0d0039_ip0d0184n0d0140p0d0000_mp0d0195p0d0054p0d0113.xml,prism_y0d0250,True,0.02,4.0,1.0,1.0,4.149576008126849,0.05210837878825986,4.0,0.006350214348416409,0.2515333012730473,0.0014418345051974704,0.0012613182119392968,1.0,0.006672177446761959,0.025628884167786206,0.0038572142634211992,0.01842128999050232,-0.01397234999711339,0.0,0.019494678344776084,0.00535814621895145,0.011258684809489543,"[0.02227467475146645, 1.3847741367849997, -1.2, -0.12486767277292685, 1.5711627979365057, 1.0331946164332715, 0.03781392886992544, 1.534976746126043, 1.0655112267638374]"
prism1,193,/home/humanoid/Programs/hand/results/phase1/run_20260413_pollard_multiscene_500_run2_refined/prism1/generated_mjcf/scene_prism1_tn0d0077p0d0160p0d0072_ip0d0010n0d0154p0d0036_mp0d0059p0d0236p0d0000.xml,prism_y0d0250,True,0.02,4.0,1.0,1.0,4.053913957607909,0.04941821599462763,4.0,0.010183957659938573,0.14224713318770377,0.0034907496203518216,0.0010895099319928464,1.0,-0.00771825165600488,0.016023573175587044,0.007244651236789669,0.0009979894119062204,-0.015350633875943372,0.0035716783631282913,0.005934109057548915,0.023579488684636142,0.0,"[0.02227467475146645, 1.3847741367849997, -1.2, -0.12486767277292685, 1.5711627979365057, 1.0331946164332715, 0.03781392886992544, 1.534976746126043, 1.0655112267638374]"
prism1,194,/home/humanoid/Programs/hand/results/phase1/run_20260413_pollard_multiscene_500_run2_refined/prism1/generated_mjcf/scene_prism1_tp0d0022p0d0165p0d0000_ip0d0047n0d0047p0d0000_mp0d0063p0d0246p0d0100.xml,prism_y0d0250,True,0.02,4.0,1.0,1.0,4.027133982117433,0.04924539537191751,4.0,0.008652431836843272,0.2172363981497034,0.004858093546562461,0.0014513309353469256,1.0,0.002155875607059588,0.016463019431581197,0.0,0.004682261512893564,-0.004712124701702984,0.0,0.0062873914158132205,0.024625541596942857,0.00997814352824699,"[0.02227467475146645, 1.3847741367849997, -1.2, -0.12486767277292685, 1.5711627979365057, 1.0331946164332715, 0.03781392886992544, 1.534976746126043, 1.0655112267638374]"
prism1,195,/home/humanoid/Programs/hand/results/phase1/run_20260413_pollard_multiscene_500_run2_refined/prism1/generated_mjcf/scene_prism1_tp0d0018p0d0106p0d0000_ip0d0170n0d0152p0d0103_mp0d0071p0d0270p0d0037.xml,prism_y0d0250,True,0.02,4.0,1.0,1.0,3.9621379101300818,0.048086254174978804,4.0,0.012728527584903185,0.25112070440999534,0.006563858805747993,0.0015310560273652102,1.0,0.0017769351336203425,0.010649600421908078,0.0,0.01699612895829177,-0.015198481678962258,0.010277068222255922,0.007100374659333967,0.026988793720779093,0.0037334332006010336,"[0.02227467475146645, 1.3847741367849997, -1.2, -0.12486767277292685, 1.5711627979365057, 1.0331946164332715, 0.03781392886992544, 1.534976746126043, 1.0655112267638374]"
prism1,196,/home/humanoid/Programs/hand/results/phase1/run_20260413_pollard_multiscene_500_run2_refined/prism1/generated_mjcf/scene_prism1_tn0d0053p0d0211p0d0072_ip0d0040n0d0172p0d0000_mp0d0067p0d0258p0d0035.xml,prism_y0d0250,True,0.02,4.0,1.0,1.0,4.535225174886507,0.05108892918098859,5.0,0.00690184709058539,0.14440353427790914,0.0017760584075239868,0.0005638976400077211,1.0,-0.0053098841582090335,0.021132674117052504,0.007208012367465232,0.003956516461473281,-0.017214401410508604,0.0,0.006708835529898857,0.025847389121555535,0.0035319824742441833,"[0.02227467475146645, 1.3847741367849997, -1.2, -0.12486767277292685, 1.5711627979365057, 1.0331946164332715, 0.03781392886992544, 1.534976746126043, 1.0655112267638374]"
prism1,197,/home/humanoid/Programs/hand/results/phase1/run_20260413_pollard_multiscene_500_run2_refined/prism1/generated_mjcf/scene_prism1_tp0d0022p0d0300p0d0000_ip0d0145n0d0203p0d0080_mp0d0059p0d0148p0d0000.xml,prism_y0d0250,True,0.02,4.0,1.0,1.0,4.455423978654902,0.04942594134270399,5.0,0.008049836132444832,0.16412420087347648,0.002343419959032655,0.0016420955158026052,1.0,0.0021564249091571043,0.03,0.0,0.014468781203926235,-0.020254798853280895,0.008013052781932012,0.0058755062034899115,0.014774526273414537,0.0,"[0.02227467475146645, 1.3847741367849997, -1.2, -0.12486767277292685, 1.5711627979365057, 1.0331946164332715, 0.03781392886992544, 1.534976746126043, 1.0655112267638374]"
prism1,198,/home/humanoid/Programs/hand/results/phase1/run_20260413_pollard_multiscene_500_run2_refined/prism1/generated_mjcf/scene_prism1_tn0d0085p0d0275p0d0042_in0d0019n0d0060p0d0030_mp0d0208p0d0256p0d0000.xml,prism_y0d0250,True,0.02,4.0,1.0,1.0,4.926272696338946,0.05075545189416586,6.0,0.006487840987252154,0.14257643759718863,0.0021743242370912998,0.00023000224335238684,1.0,-0.008474962952994883,0.027544844041051023,0.0042187069829906915,-0.001881759480586151,-0.006017930301457348,0.0030434827684328956,0.020751674831435835,0.025630698873934675,0.0,"[0.02227467475146645, 1.3847741367849997, -1.2, -0.12486767277292685, 1.5711627979365057, 1.0331946164332715, 0.03781392886992544, 1.534976746126043, 1.0655112267638374]"
prism1,199,/home/humanoid/Programs/hand/results/phase1/run_20260413_pollard_multiscene_500_run2_refined/prism1/generated_mjcf/scene_prism1_tn0d0093p0d0181p0d0000_ip0d0100n0d0183p0d0000_mn0d0005p0d0214p0d0000.xml,prism_y0d0250,True,0.02,4.0,1.0,1.0,4.793231607667002,0.05010517935510607,6.0,0.00535432879094334,0.847478552153469,0.003769871559467493,0.0,1.0,-0.009332624553411184,0.01806849608943887,0.0,0.010000531041565066,-0.018317445898405317,0.0,-0.00046335726395006424,0.021357809487047297,0.0,"[0.02227467475146645, 1.3847741367849997, -1.2, -0.12486767277292685, 1.5711627979365057, 1.0331946164332715, 0.03781392886992544, 1.534976746126043, 1.0655112267638374]"
prism1,200,/home/humanoid/Programs/hand/results/phase1/run_20260413_pollard_multiscene_500_run2_refined/prism1/generated_mjcf/scene_prism1_tp0d0043p0d0146p0d0082_ip0d0037n0d0214p0d0067_mp0d0035p0d0075p0d0017.xml,prism_y0d0250,True,0.02,4.0,1.0,1.0,4.506236535455331,0.049903652100944544,5.0,0.0054131012780080125,0.1300185064581598,0.0011949552509296132,0.00024104817061748607,1.0,0.00433975812341485,0.014641479233585792,0.00819268659890612,0.0037178996504195006,-0.021405517517139025,0.006744157953358632,0.003474166052851514,0.0074895616345749694,0.0017029246504212722,"[0.02227467475146645, 1.3847741367849997, -1.2, -0.12486767277292685, 1.5711627979365057, 1.0331946164332715, 0.03781392886992544, 1.534976746126043, 1.0655112267638374]"
prism1,201,/home/humanoid/Programs/hand/results/phase1/run_20260413_pollard_multiscene_500_run2_refined/prism1/generated_mjcf/scene_prism1_tn0d0105p0d0214p0d0000_ip0d0083n0d0143p0d0000_mn0d0000p0d0174p0d0000.xml,prism_y0d0250,True,0.02,4.0,1.0,1.0,4.530250168393558,0.04995083453487367,5.0,0.005276479585582888,0.034573320786100606,0.0001534866341860089,0.00011409693606859173,1.0,-0.010500790107284589,0.02140432770793027,0.0,0.008281450060615545,-0.014333063935340966,0.0,-3.0320783561186768e-05,0.017389064274110563,0.0,"[0.02227467475146645, 1.3847741367849997, -1.2, -0.12486767277292685, 1.5711627979365057, 1.0331946164332715, 0.03781392886992544, 1.534976746126043, 1.0655112267638374]"
prism1,202,/home/humanoid/Programs/hand/results/phase1/run_20260413_pollard_multiscene_500_run2_refined/prism1/generated_mjcf/scene_prism1_tp0d0056p0d0168p0d0000_ip0d0208n0d0238p0d0030_mn0d0016p0d0125p0d0000.xml,prism_y0d0250,True,0.02,4.0,1.0,1.0,4.804029781061721,0.051263452977610646,6.0,0.005653596407333755,0.5467593642870289,0.010741499743187161,0.002701748103150617,1.0,0.005561306286262741,0.01684537198761257,0.0,0.02082503109106207,-0.0237630864305896,0.0030471449279324964,-0.0015712075422167678,0.012468062242123311,0.0,"[0.02227467475146645, 1.3847741367849997, -1.2, -0.12486767277292685, 1.5711627979365057, 1.0331946164332715, 0.03781392886992544, 1.534976746126043, 1.0655112267638374]"
prism1,203,/home/humanoid/Programs/hand/results/phase1/run_20260413_pollard_multiscene_500_run2_refined/prism1/generated_mjcf/scene_prism1_tn0d0101p0d0268p0d0017_in0d0001n0d0008p0d0000_mp0d0098p0d0040p0d0000.xml,prism_y0d0250,True,0.02,4.0,1.0,1.0,3.624579008646138,0.05435560477419756,5.0,0.006330651204580738,6.661945350841322,0.0058308466735265685,0.002577414447854795,1.0,-0.010071792123051598,0.026796554965191104,0.0017246215799356143,-0.00014392769721268718,-0.0008479304860448244,0.0,0.009809882367594778,0.004032230339763861,0.0,"[0.02227467475146645, 1.3847741367849997, -1.2, -0.12486767277292685, 1.5711627979365057, 1.0331946164332715, 0.03781392886992544, 1.534976746126043, 1.0655112267638374]"
prism1,204,/home/humanoid/Programs/hand/results/phase1/run_20260413_pollard_multiscene_500_run2_refined/prism1/generated_mjcf/scene_prism1_tn0d0002p0d0286p0d0043_ip0d0065n0d0199p0d0000_mp0d0059p0d0048p0d0000.xml,prism_y0d0250,True,0.02,4.0,1.0,1.0,3.9966831554425246,0.049390993834472485,4.0,0.009039962871375798,0.3640380415739748,0.004651586272988944,0.0026172065956025503,1.0,-0.0002021810662841579,0.028551378760065353,0.004261095795399832,0.006454661361814582,-0.019876773530676677,0.0,0.005884300171022228,0.00480782853712527,0.0,"[0.02227467475146645, 1.3847741367849997, -1.2, -0.12486767277292685, 1.5711627979365057, 1.0331946164332715, 0.03781392886992544, 1.534976746126043, 1.0655112267638374]"
prism1,205,/home/humanoid/Programs/hand/results/phase1/run_20260413_pollard_multiscene_500_run2_refined/prism1/generated_mjcf/scene_prism1_tp0d0036p0d0128p0d0000_in0d0018n0d0024p0d0082_mp0d0003p0d0197p0d0000.xml,prism_y0d0250,True,0.02,4.0,1.0,1.0,4.014897951444987,0.04906080828548239,4.0,0.012074943263476459,0.2588255632459196,0.004423095982951403,0.001059836802945649,1.0,0.0036179364962463777,0.012837212448013606,0.0,-0.0018298901071419332,-0.002395784622160021,0.008180570878864576,0.0002708761776541446,0.01972964691536254,0.0,"[0.02227467475146645, 1.3847741367849997, -1.2, -0.12486767277292685, 1.5711627979365057, 1.0331946164332715, 0.03781392886992544, 1.534976746126043, 1.0655112267638374]"
prism1,206,/home/humanoid/Programs/hand/results/phase1/run_20260413_pollard_multiscene_500_run2_refined/prism1/generated_mjcf/scene_prism1_tp0d0077p0d0123p0d0000_ip0d0209n0d0193p0d0000_mp0d0020p0d0111p0d0000.xml,prism_y0d0250,True,0.02,4.0,1.0,1.0,4.897975410358796,0.04984518153022009,6.0,0.005337030254875774,0.1710286546294869,0.0010948918715659897,0.0003090194387781048,1.0,0.007725404707774584,0.012289821737621096,0.0,0.02089606498753578,-0.019301676188381724,0.0,0.00201339210259017,0.011099656579559913,0.0,"[0.02227467475146645, 1.3847741367849997, -1.2, -0.12486767277292685, 1.5711627979365057, 1.0331946164332715, 0.03781392886992544, 1.534976746126043, 1.0655112267638374]"
prism1,207,/home/humanoid/Programs/hand/results/phase1/run_20260413_pollard_multiscene_500_run2_refined/prism1/generated_mjcf/scene_prism1_tp0d0026p0d0207p0d0110_ip0d0174n0d0065p0d0000_mp0d0053p0d0143p0d0000.xml,prism_y0d0250,True,0.02,4.0,1.0,1.0,4.154734044938743,0.04977677883738085,5.0,0.005477850387365773,1.8800099295457542,0.015749337360498727,0.0,1.0,0.00258495564686813,0.02069911329584996,0.010962643851090574,0.01738795186372892,-0.006457234525400016,0.0,0.005268949493629474,0.014280105921970699,0.0,"[0.02227467475146645, 1.3847741367849997, -1.2, -0.12486767277292685, 1.5711627979365057, 1.0331946164332715, 0.03781392886992544, 1.534976746126043, 1.0655112267638374]"
prism1,208,/home/humanoid/Programs/hand/results/phase1/run_20260413_pollard_multiscene_500_run2_refined/prism1/generated_mjcf/scene_prism1_tn0d0075p0d0127p0d0000_ip0d0061n0d0017p0d0025_mp0d0189p0d0057p0d0000.xml,prism_y0d0250,True,0.02,4.0,1.0,1.0,4.697799755097661,0.056293851721157556,5.0,0.007367313048914484,0.048091800974573926,0.008422776483139832,0.0,1.0,-0.007541185456607181,0.012720330103871616,0.0,0.006068945183136646,-0.0017135969398752223,0.002520631410691936,0.018875773155536048,0.005666852414929724,0.0,"[0.02227467475146645, 1.3847741367849997, -1.2, -0.12486767277292685, 1.5711627979365057, 1.0331946164332715, 0.03781392886992544, 1.534976746126043, 1.0655112267638374]"
prism1,209,/home/humanoid/Programs/hand/results/phase1/run_20260413_pollard_multiscene_500_run2_refined/prism1/generated_mjcf/scene_prism1_tp0d0080p0d0185p0d0012_ip0d0045n0d0139p0d0000_mp0d0218p0d0165p0d0000.xml,prism_y0d0250,True,0.02,4.0,1.0,1.0,4.867904510202922,0.04952668709952357,6.0,0.007278685256232945,0.1526378749863718,0.0023988279589669697,0.0011402932305149965,1.0,0.008009543041537861,0.01849580852523615,0.0012160635687190995,0.004545161135832775,-0.013902840430843947,0.0,0.021799144081568696,0.01649161773793147,0.0,"[0.02227467475146645, 1.3847741367849997, -1.2, -0.12486767277292685, 1.5711627979365057, 1.0331946164332715, 0.03781392886992544, 1.534976746126043, 1.0655112267638374]"
prism1,210,/home/humanoid/Programs/hand/results/phase1/run_20260413_pollard_multiscene_500_run2_refined/prism1/generated_mjcf/scene_prism1_tp0d0084p0d0183p0d0032_ip0d0018n0d0148p0d0000_mp0d0099p0d0230p0d0000.xml,prism_y0d0250,True,0.02,4.0,1.0,1.0,3.904953380110072,0.048293021935843505,4.0,0.00873886590547934,0.7066767382547435,0.004887245163758585,0.002708306176060743,1.0,0.008437855756050418,0.018321910618821588,0.0032447348294870563,0.001774035165684324,-0.014805875470069332,0.0,0.009934062318164237,0.02297414626775439,0.0,"[0.02227467475146645, 1.3847741367849997, -1.2, -0.12486767277292685, 1.5711627979365057, 1.0331946164332715, 0.03781392886992544, 1.534976746126043, 1.0655112267638374]"
prism1,211,/home/humanoid/Programs/hand/results/phase1/run_20260413_pollard_multiscene_500_run2_refined/prism1/generated_mjcf/scene_prism1_tn0d0047p0d0144p0d0000_ip0d0093n0d0180p0d0000_mp0d0028p0d0172p0d0000.xml,prism_y0d0250,True,0.02,4.0,1.0,1.0,4.096822742799255,0.05122196553297169,4.0,0.008457236094049,0.2312232000807148,0.006962491464032398,0.00021442915586281086,1.0,-0.004740005191379473,0.014426123005675029,0.0,0.009336022162219368,-0.01795692563587443,0.0,0.0027816673199039963,0.017175738094334703,0.0,"[0.02227467475146645, 1.3847741367849997, -1.2, -0.12486767277292685, 1.5711627979365057, 1.0331946164332715, 0.03781392886992544, 1.534976746126043, 1.0655112267638374]"
prism1,212,/home/humanoid/Programs/hand/results/phase1/run_20260413_pollard_multiscene_500_run2_refined/prism1/generated_mjcf/scene_prism1_tn0d0040p0d0142p0d0000_ip0d0023n0d0182p0d0081_mp0d0033p0d0232p0d0058.xml,prism_y0d0250,True,0.02,4.0,1.0,1.0,4.07740886492342,0.04987299198968967,4.0,0.01069594908299818,0.24067820842774298,0.0005985716715326201,0.0005883996046970319,1.0,-0.00403609409022875,0.014205866070954665,0.0,0.0023294378827807428,-0.018192462569061693,0.008144399751782865,0.0033094172629732008,0.023181547653119555,0.005839190597031859,"[0.02227467475146645, 1.3847741367849997, -1.2, -0.12486767277292685, 1.5711627979365057, 1.0331946164332715, 0.03781392886992544, 1.534976746126043, 1.0655112267638374]"
prism1,213,/home/humanoid/Programs/hand/results/phase1/run_20260413_pollard_multiscene_500_run2_refined/prism1/generated_mjcf/scene_prism1_tp0d0114p0d0261p0d0000_ip0d0206n0d0041p0d0000_mp0d0084p0d0040p0d0000.xml,prism_y0d0250,True,0.02,4.0,1.0,1.0,4.9314813088327485,0.05385389549111627,6.0,0.0054677010484043,0.30304191405142283,0.016168890691966437,0.0,1.0,0.011383068446832144,0.026086163461476453,0.0,0.020561026075589607,-0.004089729095602563,0.0,0.008406134637600387,0.004042902804046244,0.0,"[0.02227467475146645, 1.3847741367849997, -1.2, -0.12486767277292685, 1.5711627979365057, 1.0331946164332715, 0.03781392886992544, 1.534976746126043, 1.0655112267638374]"
prism1,214,/home/humanoid/Programs/hand/results/phase1/run_20260413_pollard_multiscene_500_run2_refined/prism1/generated_mjcf/scene_prism1_tp0d0052p0d0107p0d0118_in0d0015n0d0005p0d0000_mp0d0091p0d0164p0d0000.xml,prism_y0d0250,True,0.02,4.0,1.0,1.0,4.441168411529329,0.04929617969900342,5.0,0.008253154612412288,0.20519974852630649,0.002322374951420609,0.0019147797269580963,1.0,0.005157266769256267,0.010652643185760103,0.01180187743075043,-0.0014796206306259777,-0.0005166369421601685,0.0,0.009060765136741021,0.016391314855483393,0.0,"[0.02227467475146645, 1.3847741367849997, -1.2, -0.12486767277292685, 1.5711627979365057, 1.0331946164332715, 0.03781392886992544, 1.534976746126043, 1.0655112267638374]"
prism1,215,/home/humanoid/Programs/hand/results/phase1/run_20260413_pollard_multiscene_500_run2_refined/prism1/generated_mjcf/scene_prism1_tn0d0067p0d0092p0d0078_ip0d0213n0d0213p0d0086_mp0d0153p0d0213p0d0000.xml,prism_y0d0250,True,0.02,4.0,1.0,1.0,4.077192484186728,0.05005988382557548,4.0,0.009012277757853867,0.15350130477124546,0.005374028344722241,0.00013412736739046305,1.0,-0.006708058313022306,0.009213660685445347,0.007762392106353707,0.0213354249050623,-0.021286620578137176,0.008635940125201812,0.015292946730816092,0.021305408188239255,0.0,"[0.02227467475146645, 1.3847741367849997, -1.2, -0.12486767277292685, 1.5711627979365057, 1.0331946164332715, 0.03781392886992544, 1.534976746126043, 1.0655112267638374]"
prism1,216,/home/humanoid/Programs/hand/results/phase1/run_20260413_pollard_multiscene_500_run2_refined/prism1/generated_mjcf/scene_prism1_tn0d0106p0d0246p0d0111_ip0d0138n0d0187p0d0009_mp0d0009p0d0205p0d0041.xml,prism_y0d0250,True,0.02,4.0,1.0,1.0,4.982161655039669,0.05369395136064618,6.0,0.0057692595835191806,0.10787579632321787,0.01156779232790434,0.0,1.0,-0.010618202159571382,0.024570154966587918,0.011091034286356438,0.013810197920546557,-0.018682744474052514,0.0008816463383836057,0.000920203433224737,0.020529085107590155,0.004148740653331526,"[0.02227467475146645, 1.3847741367849997, -1.2, -0.12486767277292685, 1.5711627979365057, 1.0331946164332715, 0.03781392886992544, 1.534976746126043, 1.0655112267638374]"
prism1,217,/home/humanoid/Programs/hand/results/phase1/run_20260413_pollard_multiscene_500_run2_refined/prism1/generated_mjcf/scene_prism1_tn0d0013p0d0082p0d0000_ip0d0144n0d0077p0d0018_mp0d0035p0d0192p0d0000.xml,prism_y0d0250,True,0.02,4.0,1.0,1.0,4.04577219082337,0.04982680464786802,4.0,0.011103985135125507,0.3786848909905744,0.0016989327983236988,0.0007468059286026285,1.0,-0.0012769440151296722,0.008207947848866467,0.0,0.014367464472860894,-0.007682079760128633,0.0018050238451683114,0.0034645893469029436,0.019215158092247116,0.0,"[0.02227467475146645, 1.3847741367849997, -1.2, -0.12486767277292685, 1.5711627979365057, 1.0331946164332715, 0.03781392886992544, 1.534976746126043, 1.0655112267638374]"
prism1,218,/home/humanoid/Programs/hand/results/phase1/run_20260413_pollard_multiscene_500_run2_refined/prism1/generated_mjcf/scene_prism1_tp0d0031p0d0217p0d0000_ip0d0033n0d0069p0d0000_mp0d0018p0d0185p0d0039.xml,prism_y0d0250,True,0.02,4.0,1.0,1.0,4.231951070406555,0.04973787575381898,5.0,0.0075431824094316195,1.8059502381550434,0.0018040067430056897,0.0010059699980796838,1.0,0.0030643337970542965,0.021735629790901958,0.0,0.003259984998778856,-0.006910015120126513,0.0,0.0017765117936147622,0.018486338857577528,0.003854988740890814,"[0.02227467475146645, 1.3847741367849997, -1.2, -0.12486767277292685, 1.5711627979365057, 1.0331946164332715, 0.03781392886992544, 1.534976746126043, 1.0655112267638374]"
prism1,219,/home/humanoid/Programs/hand/results/phase1/run_20260413_pollard_multiscene_500_run2_refined/prism1/generated_mjcf/scene_prism1_tn0d0096p0d0143p0d0000_ip0d0199n0d0241p0d0000_mp0d0018p0d0145p0d0098.xml,prism_y0d0250,True,0.02,4.0,1.0,1.0,4.921379079834117,0.04974874818541982,6.0,0.005237000426645817,0.03492608102556754,0.0003467326554646808,0.00016948314297182687,1.0,-0.009552741642320943,0.014294919368854606,0.0,0.019931955097158255,-0.024098723637486875,0.0,0.001763704178351715,0.014507877048380777,0.009764096577343173,"[0.02227467475146645, 1.3847741367849997, -1.2, -0.12486767277292685, 1.5711627979365057, 1.0331946164332715, 0.03781392886992544, 1.534976746126043, 1.0655112267638374]"
prism1,220,/home/humanoid/Programs/hand/results/phase1/run_20260413_pollard_multiscene_500_run2_refined/prism1/generated_mjcf/scene_prism1_tp0d0050p0d0166p0d0000_ip0d0149n0d0113p0d0053_mn0d0009p0d0075p0d0000.xml,prism_y0d0250,True,0.02,4.0,1.0,1.0,4.884209461960208,0.04994415989751442,6.0,0.005280095600315271,0.25798650194406125,0.002243745160785785,9.295808298688535e-05,1.0,0.0049770330315987155,0.016644170110704855,0.0,0.014920291210715418,-0.011294019048296643,0.0052869592715543215,-0.0009234731340144204,0.007455374979847362,0.0,"[0.02227467475146645, 1.3847741367849997, -1.2, -0.12486767277292685, 1.5711627979365057, 1.0331946164332715, 0.03781392886992544, 1.534976746126043, 1.0655112267638374]"
prism1,221,/home/humanoid/Programs/hand/results/phase1/run_20260413_pollard_multiscene_500_run2_refined/prism1/generated_mjcf/scene_prism1_tn0d0008p0d0217p0d0015_ip0d0110n0d0107p0d0000_mp0d0047p0d0157p0d0000.xml,prism_y0d0250,True,0.02,4.0,1.0,1.0,4.8655397091724835,0.04993867648595393,6.0,0.005307437710390838,0.4097039365786214,0.0016300569387453989,3.859669132134924e-05,1.0,-0.0008031192769778952,0.02166670448785033,0.001490255873888683,0.011029975886306324,-0.010713207814525373,0.0,0.004691508371224975,0.015735108981150926,0.0,"[0.02227467475146645, 1.3847741367849997, -1.2, -0.12486767277292685, 1.5711627979365057, 1.0331946164332715, 0.03781392886992544, 1.534976746126043, 1.0655112267638374]"
prism1,222,/home/humanoid/Programs/hand/results/phase1/run_20260413_pollard_multiscene_500_run2_refined/prism1/generated_mjcf/scene_prism1_tp0d0060p0d0300p0d0000_ip0d0168n0d0189p0d0000_mn0d0012p0d0266p0d0015.xml,prism_y0d0250,True,0.02,4.0,1.0,1.0,3.9738052959361525,0.049936807771123276,4.0,0.00789162951245121,0.5671765814697931,0.004915258782468805,0.0036359730927482126,1.0,0.005982512874455746,0.03,0.0,0.01677585138666949,-0.01892801061196864,0.0,-0.001195083786028438,0.026558059126059096,0.0014902945294227848,"[0.02227467475146645, 1.3847741367849997, -1.2, -0.12486767277292685, 1.5711627979365057, 1.0331946164332715, 0.03781392886992544, 1.534976746126043, 1.0655112267638374]"
prism1,223,/home/humanoid/Programs/hand/results/phase1/run_20260413_pollard_multiscene_500_run2_refined/prism1/generated_mjcf/scene_prism1_tn0d0100p0d0157p0d0115_in0d0006n0d0023p0d0000_mn0d0001p0d0183p0d0095.xml,prism_y0d0250,True,0.02,4.0,1.0,1.0,4.8614656141059145,0.04959698585156515,6.0,0.007905874887314935,0.1437057942619128,0.003568983345025573,0.00130394764289965,1.0,-0.010042045626139749,0.01571733522921598,0.011454745589257506,-0.0005590098185030423,-0.0022702534687448223,0.0,-0.0001307095736232007,0.018291499373159582,0.009509675286206443,"[0.02227467475146645, 1.3847741367849997, -1.2, -0.12486767277292685, 1.5711627979365057, 1.0331946164332715, 0.03781392886992544, 1.534976746126043, 1.0655112267638374]"
prism1,224,/home/humanoid/Programs/hand/results/phase1/run_20260413_pollard_multiscene_500_run2_refined/prism1/generated_mjcf/scene_prism1_tn0d0032p0d0163p0d0000_ip0d0055n0d0227p0d0001_mp0d0062p0d0073p0d0053.xml,prism_y0d0250,True,0.02,4.0,1.0,1.0,4.45409870315569,0.04991959749707059,5.0,0.005291914059075212,0.4060728409194689,0.003376453370364739,0.00011114456362676384,1.0,-0.003206023096601387,0.016318901566531582,0.0,0.005469932523932257,-0.022679238364403775,0.00012650587897891467,0.0061976339362588805,0.007287415170120487,0.005336885494463008,"[0.02227467475146645, 1.3847741367849997, -1.2, -0.12486767277292685, 1.5711627979365057, 1.0331946164332715, 0.03781392886992544, 1.534976746126043, 1.0655112267638374]"
prism1,225,/home/humanoid/Programs/hand/results/phase1/run_20260413_pollard_multiscene_500_run2_refined/prism1/generated_mjcf/scene_prism1_tp0d0094p0d0274p0d0000_ip0d0199n0d0145p0d0100_mp0d0000p0d0269p0d0000.xml,prism_y0d0250,True,0.02,4.0,1.0,1.0,4.724692371434537,0.051704563689859304,6.0,0.005540383445764751,0.8548575021532264,0.01945986913697677,0.0024082292228471275,1.0,0.009437691326738953,0.02737170570873626,0.0,0.019924961742623107,-0.014488606505171338,0.009950090735285678,7.2792667555523355e-06,0.026910958156789684,0.0,"[0.02227467475146645, 1.3847741367849997, -1.2, -0.12486767277292685, 1.5711627979365057, 1.0331946164332715, 0.03781392886992544, 1.534976746126043, 1.0655112267638374]"
prism1,226,/home/humanoid/Programs/hand/results/phase1/run_20260413_pollard_multiscene_500_run2_refined/prism1/generated_mjcf/scene_prism1_tp0d0059p0d0251p0d0062_ip0d0039n0d0063p0d0003_mn0d0009p0d0056p0d0000.xml,prism_y0d0250,True,0.02,4.0,1.0,1.0,4.327273917615452,0.050652846401244206,5.0,0.005416748414866557,0.666207086091538,0.022468524447438614,0.0,1.0,0.005890195392200037,0.025145911494812493,0.006172020864999916,0.0038719373070722294,-0.006349688358739556,0.00030962863382305236,-0.0008708134120405647,0.005640698307909073,0.0,"[0.02227467475146645, 1.3847741367849997, -1.2, -0.12486767277292685, 1.5711627979365057, 1.0331946164332715, 0.03781392886992544, 1.534976746126043, 1.0655112267638374]"
prism1,227,/home/humanoid/Programs/hand/results/phase1/run_20260413_pollard_multiscene_500_run2_refined/prism1/generated_mjcf/scene_prism1_tp0d0083p0d0182p0d0000_ip0d0108n0d0164p0d0000_mp0d0028p0d0117p0d0000.xml,prism_y0d0250,True,0.02,4.0,1.0,1.0,4.517024890051831,0.04993462177625188,5.0,0.005268682447375564,0.09112057366001354,0.0008054156053738828,0.0001374106284157406,1.0,0.008338774720204351,0.01821398638179801,0.0,0.010837636468636409,-0.016374744784778288,0.0,0.00275684906579644,0.011731120066497104,0.0,"[0.02227467475146645, 1.3847741367849997, -1.2, -0.12486767277292685, 1.5711627979365057, 1.0331946164332715, 0.03781392886992544, 1.534976746126043, 1.0655112267638374]"
prism1,228,/home/humanoid/Programs/hand/results/phase1/run_20260413_pollard_multiscene_500_run2_refined/prism1/generated_mjcf/scene_prism1_tp0d0018p0d0170p0d0000_ip0d0032n0d0128p0d0000_mp0d0192p0d0047p0d0036.xml,prism_y0d0250,True,0.02,4.0,1.0,1.0,4.3973275147318756,0.0489446994291971,5.0,0.007086021619459335,0.19230206584824233,0.01211993536231134,0.0,1.0,0.0017785008989475558,0.017044118735223775,0.0,0.003186891827523349,-0.012818094553557719,0.0,0.01917602235967445,0.004697717154899158,0.0035502383157635774,"[0.02227467475146645, 1.3847741367849997, -1.2, -0.12486767277292685, 1.5711627979365057, 1.0331946164332715, 0.03781392886992544, 1.534976746126043, 1.0655112267638374]"
prism1,229,/home/humanoid/Programs/hand/results/phase1/run_20260413_pollard_multiscene_500_run2_refined/prism1/generated_mjcf/scene_prism1_tp0d0087p0d0300p0d0000_ip0d0077n0d0234p0d0000_mp0d0136p0d0114p0d0000.xml,prism_y0d0250,True,0.02,4.0,1.0,1.0,2.730531961686937,0.04765058294803677,4.0,0.011313202655797036,0.4678779426930359,0.048568219575641815,0.05330730783263476,0.6083333333333333,0.008663651804597345,0.03,0.0,0.007674482461781696,-0.023444371696119334,0.0,0.013597677390840683,0.011417327075538986,0.0,"[0.02227467475146645, 1.3847741367849997, -1.2, -0.12486767277292685, 1.5711627979365057, 1.0331946164332715, 0.03781392886992544, 1.534976746126043, 1.0655112267638374]"
prism1,230,/home/humanoid/Programs/hand/results/phase1/run_20260413_pollard_multiscene_500_run2_refined/prism1/generated_mjcf/scene_prism1_tn0d0007p0d0119p0d0014_ip0d0090n0d0004p0d0000_mp0d0132p0d0081p0d0000.xml,prism_y0d0250,True,0.02,4.0,1.0,1.0,4.560413579416398,0.054121299123084964,5.0,0.0072910955119844115,0.3355654134317289,0.011485814475474554,0.0,1.0,-0.0007050571053624031,0.011895647447555467,0.0013904247007412648,0.00896790547894913,-0.00042462582777189235,0.0,0.013245101911400738,0.008085967284082467,0.0,"[0.02227467475146645, 1.3847741367849997, -1.2, -0.12486767277292685, 1.5711627979365057, 1.0331946164332715, 0.03781392886992544, 1.534976746126043, 1.0655112267638374]"
prism1,231,/home/humanoid/Programs/hand/results/phase1/run_20260413_pollard_multiscene_500_run2_refined/prism1/generated_mjcf/scene_prism1_tp0d0059p0d0199p0d0000_ip0d0193n0d0034p0d0000_mp0d0003p0d0115p0d0000.xml,prism_y0d0250,True,0.02,4.0,1.0,1.0,5.336067495649336,0.04998087178468801,7.0,0.0052873687656084314,0.009192343316703284,6.40417464308168e-05,7.709810895312197e-05,1.0,0.005938507318874558,0.01993184206212525,0.0,0.019339198063758577,-0.003368889853459343,0.0,0.0002719119063459754,0.011528792962369609,0.0,"[0.02227467475146645, 1.3847741367849997, -1.2, -0.12486767277292685, 1.5711627979365057, 1.0331946164332715, 0.03781392886992544, 1.534976746126043, 1.0655112267638374]"
prism1,232,/home/humanoid/Programs/hand/results/phase1/run_20260413_pollard_multiscene_500_run2_refined/prism1/generated_mjcf/scene_prism1_tp0d0059p0d0233p0d0001_in0d0016n0d0011p0d0000_mp0d0107p0d0137p0d0000.xml,prism_y0d0250,True,0.02,4.0,1.0,1.0,4.780405942841968,0.05031095264887453,6.0,0.0071781505139235134,0.6668382350778651,0.006412211299562467,0.002301841315144937,1.0,0.005876933990951735,0.023325437825919636,0.00012344175559970104,-0.001607011923027096,-0.0011137859434267924,0.0,0.010658788458287707,0.013659464988546774,0.0,"[0.02227467475146645, 1.3847741367849997, -1.2, -0.12486767277292685, 1.5711627979365057, 1.0331946164332715, 0.03781392886992544, 1.534976746126043, 1.0655112267638374]"
prism1,233,/home/humanoid/Programs/hand/results/phase1/run_20260413_pollard_multiscene_500_run2_refined/prism1/generated_mjcf/scene_prism1_tp0d0094p0d0162p0d0016_ip0d0011n0d0230p0d0082_mp0d0011p0d0065p0d0038.xml,prism_y0d0250,True,0.02,4.0,1.0,1.0,3.41253498274816,0.05014282484685087,5.0,0.005393952828710739,6.225321546648378,0.026604898582478283,0.0031873631451727197,1.0,0.009359930196395066,0.01623345201084577,0.0015625808053520377,0.00113350242596077,-0.023041464841855624,0.008165409870575673,0.0010928609572240285,0.006546084912352737,0.0037641457449223113,"[0.02227467475146645, 1.3847741367849997, -1.2, -0.12486767277292685, 1.5711627979365057, 1.0331946164332715, 0.03781392886992544, 1.534976746126043, 1.0655112267638374]"
prism1,234,/home/humanoid/Programs/hand/results/phase1/run_20260413_pollard_multiscene_500_run2_refined/prism1/generated_mjcf/scene_prism1_tn0d0068p0d0267p0d0000_in0d0013n0d0152p0d0088_mp0d0012p0d0034p0d0000.xml,prism_y0d0250,True,0.02,4.0,1.0,1.0,4.380509903022262,0.04981257896366383,5.0,0.007710004028022004,0.7171368278077298,0.004412360987384325,0.0011221385462052286,1.0,-0.006842359440174668,0.02674095924071578,0.0,-0.0012516321530277128,-0.01519729557625085,0.008807048636422697,0.0012271340009776168,0.0034269346338305414,0.0,"[0.02227467475146645, 1.3847741367849997, -1.2, -0.12486767277292685, 1.5711627979365057, 1.0331946164332715, 0.03781392886992544, 1.534976746126043, 1.0655112267638374]"
prism1,235,/home/humanoid/Programs/hand/results/phase1/run_20260413_pollard_multiscene_500_run2_refined/prism1/generated_mjcf/scene_prism1_tn0d0012p0d0185p0d0000_ip0d0150n0d0039p0d0000_mp0d0202p0d0205p0d0000.xml,prism_y0d0250,True,0.02,4.0,1.0,1.0,4.533651390689753,0.05045799732676955,5.0,0.007026007796430544,0.10508609040947223,0.0003171195082692263,5.507246194030868e-05,1.0,-0.0012267169129464937,0.018511203439005447,0.0,0.015046761440901129,-0.003860181566608679,0.0,0.0202218044453141,0.02050055310976201,0.0,"[0.02227467475146645, 1.3847741367849997, -1.2, -0.12486767277292685, 1.5711627979365057, 1.0331946164332715, 0.03781392886992544, 1.534976746126043, 1.0655112267638374]"
prism1,236,/home/humanoid/Programs/hand/results/phase1/run_20260413_pollard_multiscene_500_run2_refined/prism1/generated_mjcf/scene_prism1_tp0d0106p0d0174p0d0031_ip0d0022n0d0118p0d0000_mp0d0137p0d0106p0d0119.xml,prism_y0d0250,True,0.02,4.0,1.0,1.0,4.387520164892822,0.052384108769658835,5.0,0.0078070475331299015,0.6816608089792642,0.021343404272014532,0.0,1.0,0.010570503563294312,0.01742935650204407,0.0030783737719845897,0.0022113929704491346,-0.01179028890874476,0.0,0.013715263425300493,0.010640660788541539,0.011923749986019395,"[0.02227467475146645, 1.3847741367849997, -1.2, -0.12486767277292685, 1.5711627979365057, 1.0331946164332715, 0.03781392886992544, 1.534976746126043, 1.0655112267638374]"
prism1,237,/home/humanoid/Programs/hand/results/phase1/run_20260413_pollard_multiscene_500_run2_refined/prism1/generated_mjcf/scene_prism1_tn0d0094p0d0215p0d0000_ip0d0051n0d0037p0d0000_mp0d0001p0d0208p0d0000.xml,prism_y0d0250,True,0.02,4.0,1.0,1.0,4.027632858572792,0.049849979152078776,4.0,0.007844591434217773,0.41876405366171116,0.003654411488589423,0.001390512658394752,1.0,-0.009386577061587999,0.021536170750964603,0.0,0.005090603042090099,-0.0036513302603408664,3.0621962382121684e-05,0.0001362800775741909,0.02078669139942211,0.0,"[0.02227467475146645, 1.3847741367849997, -1.2, -0.12486767277292685, 1.5711627979365057, 1.0331946164332715, 0.03781392886992544, 1.534976746126043, 1.0655112267638374]"
prism1,238,/home/humanoid/Programs/hand/results/phase1/run_20260413_pollard_multiscene_500_run2_refined/prism1/generated_mjcf/scene_prism1_tn0d0100p0d0196p0d0000_ip0d0120n0d0139p0d0024_mp0d0149p0d0270p0d0014.xml,prism_y0d0250,True,0.02,4.0,1.0,1.0,4.558077758887887,0.05167869335208161,5.0,0.006654943997076879,0.17884538348747317,0.0017566354862824038,0.0,1.0,-0.010015544394671703,0.01962936837177262,0.0,0.012010903863657144,-0.013874930609055808,0.002421640382254354,0.014892154831109993,0.027047093881184453,0.0013830002601442452,"[0.02227467475146645, 1.3847741367849997, -1.2, -0.12486767277292685, 1.5711627979365057, 1.0331946164332715, 0.03781392886992544, 1.534976746126043, 1.0655112267638374]"
prism1,239,/home/humanoid/Programs/hand/results/phase1/run_20260413_pollard_multiscene_500_run2_refined/prism1/generated_mjcf/scene_prism1_tn0d0014p0d0251p0d0099_in0d0014n0d0234p0d0115_mp0d0111p0d0045p0d0038.xml,prism_y0d0250,True,0.02,4.0,1.0,1.0,4.025315035290977,0.04889243023567301,4.0,0.00958897325203298,0.18129278002568602,0.0030799994728752038,0.0017556802177006586,1.0,-0.0014251822600559235,0.025089114689550506,0.009932616401398968,-0.0014478035283586408,-0.023434549415482668,0.011455759744305048,0.011104205335508101,0.004542639825632416,0.00384895126918975,"[0.02227467475146645, 1.3847741367849997, -1.2, -0.12486767277292685, 1.5711627979365057, 1.0331946164332715, 0.03781392886992544, 1.534976746126043, 1.0655112267638374]"
prism1,240,/home/humanoid/Programs/hand/results/phase1/run_20260413_pollard_multiscene_500_run2_refined/prism1/generated_mjcf/scene_prism1_tn0d0097p0d0105p0d0000_ip0d0139n0d0046p0d0085_mp0d0073p0d0268p0d0000.xml,prism_y0d0250,True,0.02,4.0,1.0,1.0,4.089114960309827,0.04969161900515671,4.0,0.012356261748838769,0.09656504524640222,0.0010613815558662668,0.0003771779375686124,1.0,-0.009683335844336121,0.010547451260416061,0.0,0.013928861329337636,-0.004617107265739084,0.008492867289802312,0.0072826999018936085,0.026824365469868522,0.0,"[0.02227467475146645, 1.3847741367849997, -1.2, -0.12486767277292685, 1.5711627979365057, 1.0331946164332715, 0.03781392886992544, 1.534976746126043, 1.0655112267638374]"
prism1,241,/home/humanoid/Programs/hand/results/phase1/run_20260413_pollard_multiscene_500_run2_refined/prism1/generated_mjcf/scene_prism1_tp0d0041p0d0136p0d0050_ip0d0093n0d0236p0d0000_mp0d0051p0d0056p0d0045.xml,prism_y0d0250,True,0.02,4.0,1.0,1.0,4.467755270990401,0.04989419899216177,5.0,0.005373495404833526,0.2988628850251991,0.0032024635052371074,0.00031254076169927314,1.0,0.0040971277273271905,0.013559094872586892,0.0049975779635624,0.00926415941715049,-0.023572964220321315,0.0,0.0051016658072987634,0.005637990037219874,0.004513815243508565,"[0.02227467475146645, 1.3847741367849997, -1.2, -0.12486767277292685, 1.5711627979365057, 1.0331946164332715, 0.03781392886992544, 1.534976746126043, 1.0655112267638374]"
prism1,242,/home/humanoid/Programs/hand/results/phase1/run_20260413_pollard_multiscene_500_run2_refined/prism1/generated_mjcf/scene_prism1_tn0d0009p0d0235p0d0040_in0d0009n0d0143p0d0044_mp0d0197p0d0260p0d0000.xml,prism_y0d0250,True,0.02,4.0,1.0,1.0,4.519540917974515,0.050659959970718794,5.0,0.00669282905336551,0.14661194814946993,0.0024278803132352722,0.0003010790660066126,1.0,-0.0009419216668431589,0.0234563829052057,0.003998428193652388,-0.0008600754512623002,-0.0143499624967743,0.0043891962311728185,0.019674774011803155,0.026003968495236028,0.0,"[0.02227467475146645, 1.3847741367849997, -1.2, -0.12486767277292685, 1.5711627979365057, 1.0331946164332715, 0.03781392886992544, 1.534976746126043, 1.0655112267638374]"
prism1,243,/home/humanoid/Programs/hand/results/phase1/run_20260413_pollard_multiscene_500_run2_refined/prism1/generated_mjcf/scene_prism1_tp0d0018p0d0300p0d0000_ip0d0214n0d0134p0d0084_mp0d0020p0d0258p0d0066.xml,prism_y0d0250,True,0.02,4.0,1.0,1.0,4.037995462347246,0.05010550888335398,4.0,0.0078051823258988295,0.416982977175651,0.00239781397545248,0.0019293877907735207,1.0,0.0018323263906544832,0.03,0.0,0.02142851497409419,-0.01338505726791449,0.008384359098383674,0.002027946052017301,0.025760241751164238,0.0065869486941198575,"[0.02227467475146645, 1.3847741367849997, -1.2, -0.12486767277292685, 1.5711627979365057, 1.0331946164332715, 0.03781392886992544, 1.534976746126043, 1.0655112267638374]"
prism1,244,/home/humanoid/Programs/hand/results/phase1/run_20260413_pollard_multiscene_500_run2_refined/prism1/generated_mjcf/scene_prism1_tp0d0037p0d0122p0d0000_ip0d0121n0d0147p0d0094_mp0d0112p0d0054p0d0090.xml,prism_y0d0250,True,0.02,4.0,1.0,1.0,4.034048041451258,0.0533345318719806,4.0,0.007361192743899483,0.6371756499415592,0.020393640181505177,0.0,1.0,0.003670300442267238,0.012153499062564917,0.0,0.012056547044241235,-0.014653213065510083,0.009428885664088973,0.011218889531032318,0.005437278898803643,0.009008074998322603,"[0.02227467475146645, 1.3847741367849997, -1.2, -0.12486767277292685, 1.5711627979365057, 1.0331946164332715, 0.03781392886992544, 1.534976746126043, 1.0655112267638374]"
prism1,245,/home/humanoid/Programs/hand/results/phase1/run_20260413_pollard_multiscene_500_run2_refined/prism1/generated_mjcf/scene_prism1_tn0d0045p0d0121p0d0034_ip0d0174n0d0173p0d0000_mp0d0212p0d0139p0d0000.xml,prism_y0d0250,True,0.02,4.0,1.0,1.0,4.557930652724952,0.05168424414157348,5.0,0.006684962287766918,0.12285456646066842,0.003203297114247602,0.0,1.0,-0.004528621663971532,0.012117700999274032,0.0034291248847927273,0.01739136599231956,-0.017332691788016226,0.0,0.0212315535462329,0.013907077695475889,0.0,"[0.02227467475146645, 1.3847741367849997, -1.2, -0.12486767277292685, 1.5711627979365057, 1.0331946164332715, 0.03781392886992544, 1.534976746126043, 1.0655112267638374]"
prism1,246,/home/humanoid/Programs/hand/results/phase1/run_20260413_pollard_multiscene_500_run2_refined/prism1/generated_mjcf/scene_prism1_tp0d0012p0d0250p0d0034_in0d0012n0d0017p0d0000_mp0d0149p0d0177p0d0000.xml,prism_y0d0250,True,0.02,4.0,1.0,1.0,4.917201187350935,0.05024681497406039,6.0,0.007032356735899206,0.15351460209735548,0.00010030865334027225,0.0003119650862278972,1.0,0.0012101250122180784,0.02496992892325642,0.0034375336049794307,-0.001203292251601781,-0.0017480540872589299,0.0,0.014901303193678607,0.0176678851782694,0.0,"[0.02227467475146645, 1.3847741367849997, -1.2, -0.12486767277292685, 1.5711627979365057, 1.0331946164332715, 0.03781392886992544, 1.534976746126043, 1.0655112267638374]"
prism1,247,/home/humanoid/Programs/hand/results/phase1/run_20260413_pollard_multiscene_500_run2_refined/prism1/generated_mjcf/scene_prism1_tp0d0119p0d0269p0d0041_ip0d0045n0d0197p0d0000_mp0d0114p0d0084p0d0000.xml,prism_y0d0250,True,0.02,4.0,1.0,1.0,2.390719546556486,0.04879712112539086,4.0,0.010653304085677119,2.0451686227424855,0.07844890019059765,0.05190406954586042,0.6305555555555555,0.011873789448722787,0.02689082524371258,0.004145387045152844,0.0044727054903854375,-0.019704682888720113,0.0,0.011383286691889392,0.008366425886166713,0.0,"[0.02227467475146645, 1.3847741367849997, -1.2, -0.12486767277292685, 1.5711627979365057, 1.0331946164332715, 0.03781392886992544, 1.534976746126043, 1.0655112267638374]"
prism1,248,/home/humanoid/Programs/hand/results/phase1/run_20260413_pollard_multiscene_500_run2_refined/prism1/generated_mjcf/scene_prism1_tp0d0063p0d0226p0d0000_ip0d0002n0d0169p0d0000_mp0d0111p0d0134p0d0000.xml,prism_y0d0250,True,0.02,4.0,1.0,1.0,4.924183744071553,0.04996094938118198,6.0,0.0052799403506106485,0.06731666419212966,0.0005169218960954552,5.754771360023947e-05,1.0,0.00626516238663433,0.02255765916802214,0.0,0.0002281577052011246,-0.016903768045336977,0.0,0.011086386382717419,0.013437684407545863,0.0,"[0.02227467475146645, 1.3847741367849997, -1.2, -0.12486767277292685, 1.5711627979365057, 1.0331946164332715, 0.03781392886992544, 1.534976746126043, 1.0655112267638374]"
prism1,249,/home/humanoid/Programs/hand/results/phase1/run_20260413_pollard_multiscene_500_run2_refined/prism1/generated_mjcf/scene_prism1_tn0d0027p0d0178p0d0000_ip0d0059n0d0061p0d0007_mn0d0017p0d0132p0d0000.xml,prism_y0d0250,True,0.02,4.0,1.0,1.0,4.073051202478636,0.050352461188283876,4.0,0.0087869685651606,0.2925377380387948,0.003118183184052814,0.000760103514236915,1.0,-0.0027271212917241126,0.017791811356062115,0.0,0.005851197812612485,-0.006067555870810265,0.0007001297377480752,-0.001728987071853835,0.013155750839536167,0.0,"[0.02227467475146645, 1.3847741367849997, -1.2, -0.12486767277292685, 1.5711627979365057, 1.0331946164332715, 0.03781392886992544, 1.534976746126043, 1.0655112267638374]"
prism1,250,/home/humanoid/Programs/hand/results/phase1/run_20260413_pollard_multiscene_500_run2_refined/prism1/generated_mjcf/scene_prism1_tp0d0023p0d0281p0d0058_ip0d0010n0d0123p0d0000_mp0d0086p0d0122p0d0045.xml,prism_y0d0250,True,0.02,4.0,1.0,1.0,4.233512606304582,0.05230217331169722,5.0,0.005620908329059679,1.4951398317926403,0.023202358681883757,0.0018613763405418704,1.0,0.0022906939710439344,0.028145105487248016,0.005840805083924282,0.0009521715037869721,-0.012287952266811692,0.0,0.008550085922758204,0.012157418500970765,0.004480712380297534,"[0.02227467475146645, 1.3847741367849997, -1.2, -0.12486767277292685, 1.5711627979365057, 1.0331946164332715, 0.03781392886992544, 1.534976746126043, 1.0655112267638374]"
prism1,251,/home/humanoid/Programs/hand/results/phase1/run_20260413_pollard_multiscene_500_run2_refined/prism1/generated_mjcf/scene_prism1_tn0d0091p0d0092p0d0034_ip0d0028n0d0157p0d0101_mp0d0014p0d0237p0d0000.xml,prism_y0d0250,True,0.02,4.0,1.0,1.0,4.069376108701169,0.04947202254257986,4.0,0.012573842991293578,0.13346687993017237,0.0011287063211500605,0.0008503936991760552,1.0,-0.00907948699181936,0.009197356063655219,0.0034433989733793375,0.002812858527800891,-0.01569261011506301,0.01012942948307732,0.0014055497152433722,0.023694967517092685,0.0,"[0.02227467475146645, 1.3847741367849997, -1.2, -0.12486767277292685, 1.5711627979365057, 1.0331946164332715, 0.03781392886992544, 1.534976746126043, 1.0655112267638374]"
prism1,252,/home/humanoid/Programs/hand/results/phase1/run_20260413_pollard_multiscene_500_run2_refined/prism1/generated_mjcf/scene_prism1_tn0d0074p0d0300p0d0026_ip0d0033n0d0060p0d0000_mp0d0108p0d0119p0d0000.xml,prism_y0d0250,True,0.02,4.0,1.0,1.0,4.461512454917966,0.05045163726864696,6.0,0.005397275269045554,2.7999837005952344,0.012250457309550222,0.0,1.0,-0.007398159794487176,0.03,0.002583933856100673,0.0033336936479035455,-0.005978032145131569,0.0,0.010774200359585784,0.011857555922792454,0.0,"[0.02227467475146645, 1.3847741367849997, -1.2, -0.12486767277292685, 1.5711627979365057, 1.0331946164332715, 0.03781392886992544, 1.534976746126043, 1.0655112267638374]"
prism1,253,/home/humanoid/Programs/hand/results/phase1/run_20260413_pollard_multiscene_500_run2_refined/prism1/generated_mjcf/scene_prism1_tp0d0079p0d0250p0d0000_ip0d0107n0d0240p0d0083_mp0d0033p0d0107p0d0094.xml,prism_y0d0250,True,0.02,4.0,1.0,1.0,3.703830273923235,0.04848541653908632,4.0,0.00908228945253084,1.7176689460451189,0.009658421002535186,0.004949488176478806,1.0,0.007870746006714398,0.024959633130747148,0.0,0.010664501866031857,-0.023994387640275894,0.008275887682406585,0.003335989644740088,0.01068451411033549,0.009375497810093482,"[0.02227467475146645, 1.3847741367849997, -1.2, -0.12486767277292685, 1.5711627979365057, 1.0331946164332715, 0.03781392886992544, 1.534976746126043, 1.0655112267638374]"
prism1,254,/home/humanoid/Programs/hand/results/phase1/run_20260413_pollard_multiscene_500_run2_refined/prism1/generated_mjcf/scene_prism1_tn0d0073p0d0242p0d0000_ip0d0117n0d0058p0d0016_mp0d0219p0d0175p0d0000.xml,prism_y0d0250,True,0.02,4.0,1.0,1.0,4.9841058461363135,0.05165524075359693,6.0,0.006108769920794674,0.04039815332085857,0.0009250528999768841,0.0,1.0,-0.0072830278711218015,0.024233399005324837,0.0,0.01173289864241775,-0.005816682189977438,0.0015985477456331616,0.02187070698869189,0.017479901290416364,0.0,"[0.02227467475146645, 1.3847741367849997, -1.2, -0.12486767277292685, 1.5711627979365057, 1.0331946164332715, 0.03781392886992544, 1.534976746126043, 1.0655112267638374]"
prism1,255,/home/humanoid/Programs/hand/results/phase1/run_20260413_pollard_multiscene_500_run2_refined/prism1/generated_mjcf/scene_prism1_tn0d0049p0d0232p0d0053_ip0d0078n0d0015p0d0045_mp0d0126p0d0103p0d0116.xml,prism_y0d0250,True,0.02,4.0,1.0,1.0,4.988303274666539,0.05208969166800223,6.0,0.0065964455264025355,0.08078708458623786,0.0015874966621330644,0.0,1.0,-0.0048957756328571024,0.023204282559035286,0.005285964347256648,0.007791052812038457,-0.0014875992639632445,0.004507628719607793,0.01263096632514772,0.010252368200474794,0.011605232571004556,"[0.02227467475146645, 1.3847741367849997, -1.2, -0.12486767277292685, 1.5711627979365057, 1.0331946164332715, 0.03781392886992544, 1.534976746126043, 1.0655112267638374]"
prism1,256,/home/humanoid/Programs/hand/results/phase1/run_20260413_pollard_multiscene_500_run2_refined/prism1/generated_mjcf/scene_prism1_tn0d0062p0d0198p0d0000_ip0d0093n0d0156p0d0051_mp0d0176p0d0066p0d0000.xml,prism_y0d0250,True,0.02,4.0,1.0,1.0,4.452211190019567,0.0498750751472177,5.0,0.00528547930626648,0.4031744888292455,0.003728218032688823,0.0,1.0,-0.00617936078977491,0.019845889106613626,0.0,0.009283838582036968,-0.01564231250230316,0.005108479275818825,0.01755878893107922,0.006553664356555156,0.0,"[0.02227467475146645, 1.3847741367849997, -1.2, -0.12486767277292685, 1.5711627979365057, 1.0331946164332715, 0.03781392886992544, 1.534976746126043, 1.0655112267638374]"
prism1,257,/home/humanoid/Programs/hand/results/phase1/run_20260413_pollard_multiscene_500_run2_refined/prism1/generated_mjcf/scene_prism1_tn0d0013p0d0300p0d0040_ip0d0126n0d0136p0d0071_mn0d0004p0d0181p0d0075.xml,prism_y0d0250,True,0.02,4.0,1.0,1.0,4.087513898702456,0.04980842173425415,4.0,0.0083635030529543,0.18119960147567965,0.0003046910336158255,0.0008371474556236741,1.0,-0.0013310279746045726,0.03,0.004007304669342297,0.01263270996685188,-0.013573404996832647,0.007133344311976011,-0.0004286670847191455,0.018119654315755226,0.007547655475809524,"[0.02227467475146645, 1.3847741367849997, -1.2, -0.12486767277292685, 1.5711627979365057, 1.0331946164332715, 0.03781392886992544, 1.534976746126043, 1.0655112267638374]"
prism1,258,/home/humanoid/Programs/hand/results/phase1/run_20260413_pollard_multiscene_500_run2_refined/prism1/generated_mjcf/scene_prism1_tn0d0033p0d0188p0d0000_ip0d0089n0d0085p0d0000_mn0d0010p0d0158p0d0000.xml,prism_y0d0250,True,0.02,4.0,1.0,1.0,4.063144182165592,0.050416794293808215,4.0,0.009023088570604097,0.2995102413256388,0.003341721275378256,0.001535048093780994,1.0,-0.003284192562390034,0.018810799604056093,0.0,0.008948602806368519,-0.008508505563111826,0.0,-0.0009937541860331883,0.015830482276668337,0.0,"[0.02227467475146645, 1.3847741367849997, -1.2, -0.12486767277292685, 1.5711627979365057, 1.0331946164332715, 0.03781392886992544, 1.534976746126043, 1.0655112267638374]"
prism1,259,/home/humanoid/Programs/hand/results/phase1/run_20260413_pollard_multiscene_500_run2_refined/prism1/generated_mjcf/scene_prism1_tn0d0066p0d0185p0d0013_ip0d0158n0d0195p0d0088_mp0d0183p0d0172p0d0000.xml,prism_y0d0250,True,0.02,4.0,1.0,1.0,4.802711247530755,0.04966963447536307,6.0,0.005258325800251603,0.7189123588561578,0.0028954089463376813,0.0,1.0,-0.0066485374175960146,0.018518010205694397,0.0012982978667973911,0.015818160059360285,-0.019498654578332945,0.008823394787387792,0.01834265960575579,0.01719139738609474,0.0,"[0.02227467475146645, 1.3847741367849997, -1.2, -0.12486767277292685, 1.5711627979365057, 1.0331946164332715, 0.03781392886992544, 1.534976746126043, 1.0655112267638374]"
prism1,260,/home/humanoid/Programs/hand/results/phase1/run_20260413_pollard_multiscene_500_run2_refined/prism1/generated_mjcf/scene_prism1_tn0d0016p0d0096p0d0112_ip0d0017n0d0032p0d0006_mp0d0056p0d0052p0d0016.xml,prism_y0d0250,True,0.02,4.0,1.0,1.0,4.592080666182943,0.05469962571886568,5.0,0.007530487386135301,0.33920294945035695,0.009410802797922028,0.0,1.0,-0.0015968470266755248,0.00957306995643702,0.011202290221894236,0.001675734744234568,-0.0032206306161261574,0.0006071599036956091,0.00558793585213605,0.005223797450431731,0.0015580406341598792,"[0.02227467475146645, 1.3847741367849997, -1.2, -0.12486767277292685, 1.5711627979365057, 1.0331946164332715, 0.03781392886992544, 1.534976746126043, 1.0655112267638374]"
prism1,261,/home/humanoid/Programs/hand/results/phase1/run_20260413_pollard_multiscene_500_run2_refined/prism1/generated_mjcf/scene_prism1_tn0d0026p0d0108p0d0000_ip0d0093n0d0210p0d0000_mp0d0215p0d0203p0d0054.xml,prism_y0d0250,True,0.02,4.0,1.0,1.0,4.493642001409406,0.04989826008438097,5.0,0.007556063187645776,0.11550161564614624,0.0015548172037548802,0.0009192357999320833,1.0,-0.002559148442306267,0.010844582132139265,0.0,0.009274960074603024,-0.02103734073064305,0.0,0.021537173868519506,0.02026458374004725,0.005359570246667743,"[0.02227467475146645, 1.3847741367849997, -1.2, -0.12486767277292685, 1.5711627979365057, 1.0331946164332715, 0.03781392886992544, 1.534976746126043, 1.0655112267638374]"
prism1,262,/home/humanoid/Programs/hand/results/phase1/run_20260413_pollard_multiscene_500_run2_refined/prism1/generated_mjcf/scene_prism1_tp0d0114p0d0124p0d0096_in0d0000n0d0080p0d0000_mp0d0182p0d0250p0d0006.xml,prism_y0d0250,True,0.02,4.0,1.0,1.0,4.865709970750516,0.04878932018842872,6.0,0.008410994058414568,0.023656650867075454,0.0014170434956932096,0.0010869574269532778,1.0,0.011434726863572546,0.012431631671534318,0.009574165085641077,-3.2197229452727086e-05,-0.008030768084860739,0.0,0.01818011496386108,0.025010610894033593,0.0006060223705221992,"[0.02227467475146645, 1.3847741367849997, -1.2, -0.12486767277292685, 1.5711627979365057, 1.0331946164332715, 0.03781392886992544, 1.534976746126043, 1.0655112267638374]"
prism1,263,/home/humanoid/Programs/hand/results/phase1/run_20260413_pollard_multiscene_500_run2_refined/prism1/generated_mjcf/scene_prism1_tn0d0026p0d0166p0d0106_ip0d0186n0d0034p0d0042_mn0d0016p0d0137p0d0101.xml,prism_y0d0250,True,0.02,4.0,1.0,1.0,4.051829246431582,0.04967112316117539,4.0,0.008708328241390284,0.257571658579684,0.002847345991182884,0.0011269652493938465,1.0,-0.002617680223593528,0.01656557626298818,0.010573775539080708,0.018619421669964137,-0.0033545673340663,0.004216081429168201,-0.0015522505578777837,0.01372870559258928,0.010117600342834106,"[0.02227467475146645, 1.3847741367849997, -1.2, -0.12486767277292685, 1.5711627979365057, 1.0331946164332715, 0.03781392886992544, 1.534976746126043, 1.0655112267638374]"
prism1,264,/home/humanoid/Programs/hand/results/phase1/run_20260413_pollard_multiscene_500_run2_refined/prism1/generated_mjcf/scene_prism1_tn0d0098p0d0167p0d0098_ip0d0048n0d0056p0d0000_mp0d0081p0d0076p0d0092.xml,prism_y0d0250,True,0.02,4.0,1.0,1.0,4.936029263913607,0.050915912262065016,6.0,0.00698986242701444,0.14874309951740583,0.0014866895098590517,6.802820148953115e-05,1.0,-0.0098174312859883,0.016710597855835244,0.009785136624631905,0.0047505379522936875,-0.00558731996764574,0.0,0.008118077130715488,0.007604253555346375,0.009153488997293208,"[0.02227467475146645, 1.3847741367849997, -1.2, -0.12486767277292685, 1.5711627979365057, 1.0331946164332715, 0.03781392886992544, 1.534976746126043, 1.0655112267638374]"
prism1,265,/home/humanoid/Programs/hand/results/phase1/run_20260413_pollard_multiscene_500_run2_refined/prism1/generated_mjcf/scene_prism1_tp0d0104p0d0234p0d0093_ip0d0069n0d0004p0d0081_mp0d0154p0d0049p0d0096.xml,prism_y0d0250,True,0.02,4.0,1.0,1.0,4.473537151479161,0.05071059111267402,5.0,0.007174011136170703,0.2763869098748045,0.0075879131184779375,0.0,1.0,0.010405971119882437,0.023402318434891774,0.009318597065959895,0.006870174315362881,-0.0003758602573515988,0.008054351980537874,0.01539809898290241,0.004941483542359303,0.009625898391971525,"[0.02227467475146645, 1.3847741367849997, -1.2, -0.12486767277292685, 1.5711627979365057, 1.0331946164332715, 0.03781392886992544, 1.534976746126043, 1.0655112267638374]"
prism1,266,/home/humanoid/Programs/hand/results/phase1/run_20260413_pollard_multiscene_500_run2_refined/prism1/generated_mjcf/scene_prism1_tp0d0080p0d0162p0d0000_in0d0002n0d0171p0d0000_mp0d0071p0d0218p0d0095.xml,prism_y0d0250,True,0.02,4.0,1.0,1.0,3.94298079505215,0.04763323420785137,4.0,0.00871220829322308,0.2510611458482805,0.004530208871279307,0.0034931300442737068,1.0,0.008007112781741085,0.016238264649913087,0.0,-0.00016892381827874302,-0.01712363596371593,0.0,0.0070856367373131526,0.021809635629245268,0.009472099338838351,"[0.02227467475146645, 1.3847741367849997, -1.2, -0.12486767277292685, 1.5711627979365057, 1.0331946164332715, 0.03781392886992544, 1.534976746126043, 1.0655112267638374]"
prism1,267,/home/humanoid/Programs/hand/results/phase1/run_20260413_pollard_multiscene_500_run2_refined/prism1/generated_mjcf/scene_prism1_tn0d0019p0d0119p0d0097_ip0d0014n0d0097p0d0004_mp0d0076p0d0068p0d0027.xml,prism_y0d0250,True,0.02,4.0,1.0,1.0,4.530213815529343,0.053490639225864736,5.0,0.007348662422372608,0.4166930603038213,0.010792878914267345,0.0,1.0,-0.0019033786639038597,0.011918802303719365,0.009742141364256777,0.001446421396381646,-0.009701845637100453,0.0004247947514453253,0.007597777885475282,0.006785559441029652,0.0026801896733662112,"[0.02227467475146645, 1.3847741367849997, -1.2, -0.12486767277292685, 1.5711627979365057, 1.0331946164332715, 0.03781392886992544, 1.534976746126043, 1.0655112267638374]"
prism1,268,/home/humanoid/Programs/hand/results/phase1/run_20260413_pollard_multiscene_500_run2_refined/prism1/generated_mjcf/scene_prism1_tp0d0102p0d0138p0d0107_ip0d0106n0d0072p0d0004_mp0d0019p0d0053p0d0000.xml,prism_y0d0250,True,0.02,4.0,1.0,1.0,4.249914950896807,0.05014535120398203,5.0,0.005546007014481397,0.49750601926227866,0.02741310265822327,0.004581317364576676,1.0,0.010192050973665118,0.013796870560345172,0.01073217435091527,0.010556599209052135,-0.0072346864002176565,0.00041095213145756447,0.001934188977885925,0.0052613143908337,0.0,"[0.02227467475146645, 1.3847741367849997, -1.2, -0.12486767277292685, 1.5711627979365057, 1.0331946164332715, 0.03781392886992544, 1.534976746126043, 1.0655112267638374]"
prism1,269,/home/humanoid/Programs/hand/results/phase1/run_20260413_pollard_multiscene_500_run2_refined/prism1/generated_mjcf/scene_prism1_tn0d0109p0d0188p0d0000_ip0d0152n0d0147p0d0000_mp0d0012p0d0206p0d0000.xml,prism_y0d0250,True,0.02,4.0,1.0,1.0,4.443844082116857,0.051529320391276306,5.0,0.005383981189589546,0.4348607165664966,0.013947510285610127,0.0,1.0,-0.010892479043909305,0.018761057623916402,0.0,0.015191856500809777,-0.0146572238066505,0.0,0.0012429278075790622,0.02056014077460063,0.0,"[0.02227467475146645, 1.3847741367849997, -1.2, -0.12486767277292685, 1.5711627979365057, 1.0331946164332715, 0.03781392886992544, 1.534976746126043, 1.0655112267638374]"
prism1,270,/home/humanoid/Programs/hand/results/phase1/run_20260413_pollard_multiscene_500_run2_refined/prism1/generated_mjcf/scene_prism1_tp0d0063p0d0244p0d0034_in0d0017n0d0047p0d0028_mp0d0126p0d0234p0d0000.xml,prism_y0d0250,True,0.02,4.0,1.0,1.0,4.01991916438094,0.04958859450840743,4.0,0.007495079643765029,0.38944328776462656,0.003337853394735355,0.001853989216057006,1.0,0.006326404225126845,0.024413539928309608,0.0034358131538734186,-0.0016652041607701385,-0.004704614173634861,0.002849669393877664,0.012557523978918841,0.023357815300913888,0.0,"[0.02227467475146645, 1.3847741367849997, -1.2, -0.12486767277292685, 1.5711627979365057, 1.0331946164332715, 0.03781392886992544, 1.534976746126043, 1.0655112267638374]"
prism1,271,/home/humanoid/Programs/hand/results/phase1/run_20260413_pollard_multiscene_500_run2_refined/prism1/generated_mjcf/scene_prism1_tp0d0022p0d0300p0d0079_ip0d0201n0d0117p0d0000_mp0d0139p0d0232p0d0000.xml,prism_y0d0250,True,0.02,4.0,1.0,1.0,4.9056802128080985,0.05324878396492906,6.0,0.005560163933446269,0.343602591365764,0.01589441823211032,0.0,1.0,0.002245291327922347,0.03,0.007914847084908486,0.020077243035357552,-0.01173371425264643,0.0,0.013901697245508137,0.023176085596049063,0.0,"[0.02227467475146645, 1.3847741367849997, -1.2, -0.12486767277292685, 1.5711627979365057, 1.0331946164332715, 0.03781392886992544, 1.534976746126043, 1.0655112267638374]"
prism1,272,/home/humanoid/Programs/hand/results/phase1/run_20260413_pollard_multiscene_500_run2_refined/prism1/generated_mjcf/scene_prism1_tn0d0009p0d0148p0d0000_ip0d0185n0d0080p0d0009_mp0d0179p0d0092p0d0042.xml,prism_y0d0250,True,0.02,4.0,1.0,1.0,4.553778357477924,0.05135020822710344,5.0,0.006892423006638504,0.13265436498879854,0.0016326549515166147,0.0,1.0,-0.0009488846215536303,0.014802931966176474,0.0,0.01846619001000817,-0.008015341938986174,0.0008936013470664285,0.01788502974286396,0.009203218882619397,0.0041798237366650025,"[0.02227467475146645, 1.3847741367849997, -1.2, -0.12486767277292685, 1.5711627979365057, 1.0331946164332715, 0.03781392886992544, 1.534976746126043, 1.0655112267638374]"
prism1,273,/home/humanoid/Programs/hand/results/phase1/run_20260413_pollard_multiscene_500_run2_refined/prism1/generated_mjcf/scene_prism1_tp0d0108p0d0274p0d0048_ip0d0186n0d0162p0d0000_mn0d0018p0d0200p0d0087.xml,prism_y0d0250,True,0.02,4.0,1.0,1.0,4.344415330918268,0.05184018779139793,5.0,0.005753689778467151,0.6808632922638158,0.023264694092362193,0.0013971836524983294,1.0,0.010793172744159973,0.027385637090943743,0.004834036143599344,0.01858721372341072,-0.016209668619703015,0.0,-0.001767901577034518,0.0199563224460901,0.00869297932588134,"[0.02227467475146645, 1.3847741367849997, -1.2, -0.12486767277292685, 1.5711627979365057, 1.0331946164332715, 0.03781392886992544, 1.534976746126043, 1.0655112267638374]"
prism1,274,/home/humanoid/Programs/hand/results/phase1/run_20260413_pollard_multiscene_500_run2_refined/prism1/generated_mjcf/scene_prism1_tn0d0019p0d0292p0d0078_ip0d0164n0d0156p0d0069_mp0d0127p0d0262p0d0000.xml,prism_y0d0250,True,0.02,4.0,1.0,1.0,5.012051053310373,0.054193297068213075,6.0,0.0057505209873993405,0.08213019960602433,0.009928628224825988,0.00011016690103558824,1.0,-0.001916376052160879,0.029220051372745175,0.007795485310387259,0.016412015641354603,-0.015575520612575037,0.006911623253098489,0.012731054858623922,0.026173867771679467,0.0,"[0.02227467475146645, 1.3847741367849997, -1.2, -0.12486767277292685, 1.5711627979365057, 1.0331946164332715, 0.03781392886992544, 1.534976746126043, 1.0655112267638374]"
prism1,275,/home/humanoid/Programs/hand/results/phase1/run_20260413_pollard_multiscene_500_run2_refined/prism1/generated_mjcf/scene_prism1_tp0d0071p0d0185p0d0000_in0d0012n0d0020p0d0000_mp0d0187p0d0125p0d0095.xml,prism_y0d0250,True,0.02,4.0,1.0,1.0,4.501332075965213,0.05013163763763172,5.0,0.007778153436191836,0.11349545039411496,0.0027807630252941018,0.0003341698973859525,1.0,0.007096762773567841,0.018535196712838996,0.0,-0.0012487005109433433,-0.0020060342785642327,0.0,0.018711648686793855,0.012456268016773565,0.009485944431065776,"[0.02227467475146645, 1.3847741367849997, -1.2, -0.12486767277292685, 1.5711627979365057, 1.0331946164332715, 0.03781392886992544, 1.534976746126043, 1.0655112267638374]"
prism1,276,/home/humanoid/Programs/hand/results/phase1/run_20260413_pollard_multiscene_500_run2_refined/prism1/generated_mjcf/scene_prism1_tn0d0045p0d0240p0d0000_ip0d0060n0d0088p0d0066_mp0d0014p0d0053p0d0000.xml,prism_y0d0250,True,0.02,4.0,1.0,1.0,5.0063300868674965,0.05429396440234609,6.0,0.005558589558042758,0.20959925554446723,0.008450047872178672,5.844271114910371e-05,1.0,-0.004471530539230569,0.02395252102903216,0.0,0.006041774072952371,-0.008778636947116529,0.006612827788071422,0.0013904042544706126,0.005326566761932524,0.0,"[0.02227467475146645, 1.3847741367849997, -1.2, -0.12486767277292685, 1.5711627979365057, 1.0331946164332715, 0.03781392886992544, 1.534976746126043, 1.0655112267638374]"
prism1,277,/home/humanoid/Programs/hand/results/phase1/run_20260413_pollard_multiscene_500_run2_refined/prism1/generated_mjcf/scene_prism1_tn0d0085p0d0138p0d0102_ip0d0198n0d0095p0d0098_mp0d0050p0d0056p0d0000.xml,prism_y0d0250,True,0.02,4.0,1.0,1.0,4.507849609012982,0.04944829911515343,5.0,0.005494099587220171,0.043345522276586466,0.00038255955024396794,0.0002546229333330041,1.0,-0.00849020040187634,0.013832043402543716,0.010161341910743568,0.019754372950554135,-0.009469899963966253,0.009754122039431785,0.005023702370497475,0.005560181100361002,0.0,"[0.02227467475146645, 1.3847741367849997, -1.2, -0.12486767277292685, 1.5711627979365057, 1.0331946164332715, 0.03781392886992544, 1.534976746126043, 1.0655112267638374]"
prism1,278,/home/humanoid/Programs/hand/results/phase1/run_20260413_pollard_multiscene_500_run2_refined/prism1/generated_mjcf/scene_prism1_tp0d0091p0d0087p0d0090_ip0d0090n0d0064p0d0007_mp0d0002p0d0209p0d0000.xml,prism_y0d0250,False,0.02,4.0,0.0,1.0,3.5625364732656717,0.048190202926298956,3.0,0.01182897859142814,0.3490561497529433,0.0018766608728293793,0.003070357022668141,1.0,0.009110489609144803,0.008677276423585517,0.008999429842825458,0.008984969193119195,-0.006433298849497485,0.0006513275308667656,0.00016650763492232802,0.02091045788924164,0.0,"[0.02227467475146645, 1.3847741367849997, -1.2, -0.12486767277292685, 1.5711627979365057, 1.0331946164332715, 0.03781392886992544, 1.534976746126043, 1.0655112267638374]"
prism1,279,/home/humanoid/Programs/hand/results/phase1/run_20260413_pollard_multiscene_500_run2_refined/prism1/generated_mjcf/scene_prism1_tp0d0107p0d0203p0d0035_in0d0017n0d0210p0d0076_mn0d0006p0d0043p0d0000.xml,prism_y0d0250,True,0.02,4.0,1.0,1.0,0.0356375422752776,0.049226731030349455,5.0,0.007441603734392957,23.411573672268094,0.04606598364761485,0.05017172178083683,0.8972222222222223,0.010680652573989403,0.02028025196755389,0.0034878590242971314,-0.001651941370340004,-0.021006328028755378,0.007617746444018626,-0.0006043381044495855,0.004307480844639333,0.0,"[0.02227467475146645, 1.3847741367849997, -1.2, -0.12486767277292685, 1.5711627979365057, 1.0331946164332715, 0.03781392886992544, 1.534976746126043, 1.0655112267638374]"
prism1,280,/home/humanoid/Programs/hand/results/phase1/run_20260413_pollard_multiscene_500_run2_refined/prism1/generated_mjcf/scene_prism1_tn0d0078p0d0260p0d0040_ip0d0170n0d0060p0d0000_mp0d0039p0d0256p0d0009.xml,prism_y0d0250,True,0.02,4.0,1.0,1.0,4.532296240427874,0.05291714640977389,5.0,0.005499156073669125,0.2353391065415767,0.012250784297606343,0.0,1.0,-0.007815997886244007,0.026014632824952713,0.003963593641860802,0.01697867174625963,-0.006016436256747587,0.0,0.0039335958645995905,0.025588962022507003,0.0008507281091946969,"[0.02227467475146645, 1.3847741367849997, -1.2, -0.12486767277292685, 1.5711627979365057, 1.0331946164332715, 0.03781392886992544, 1.534976746126043, 1.0655112267638374]"
prism1,281,/home/humanoid/Programs/hand/results/phase1/run_20260413_pollard_multiscene_500_run2_refined/prism1/generated_mjcf/scene_prism1_tp0d0049p0d0300p0d0102_ip0d0202n0d0145p0d0009_mn0d0004p0d0044p0d0008.xml,prism_y0d0250,True,0.02,4.0,1.0,1.0,4.488001577059931,0.04995320048831388,5.0,0.007563990161081173,0.14452237831352308,0.0022372235837784965,0.0008442301215993986,1.0,0.0048956966144989775,0.03,0.01024569696703537,0.02024412345182712,-0.01445113637154469,0.0008572589896428326,-0.00038753717582618377,0.004445373004833839,0.0008281454690186804,"[0.02227467475146645, 1.3847741367849997, -1.2, -0.12486767277292685, 1.5711627979365057, 1.0331946164332715, 0.03781392886992544, 1.534976746126043, 1.0655112267638374]"
prism1,282,/home/humanoid/Programs/hand/results/phase1/run_20260413_pollard_multiscene_500_run2_refined/prism1/generated_mjcf/scene_prism1_tn0d0065p0d0165p0d0000_ip0d0092n0d0020p0d0000_mn0d0000p0d0262p0d0033.xml,prism_y0d0250,True,0.02,4.0,1.0,1.0,3.933945386832641,0.04693505907626413,4.0,0.009270342757890255,0.1893980831889845,0.005226425747090325,0.002539394029994438,1.0,-0.0064790503642382325,0.016456295363345405,0.0,0.009204583455362582,-0.0020444669577706093,0.0,-4.283315304138592e-05,0.02617827396598007,0.003291006560961051,"[0.02227467475146645, 1.3847741367849997, -1.2, -0.12486767277292685, 1.5711627979365057, 1.0331946164332715, 0.03781392886992544, 1.534976746126043, 1.0655112267638374]"
prism1,283,/home/humanoid/Programs/hand/results/phase1/run_20260413_pollard_multiscene_500_run2_refined/prism1/generated_mjcf/scene_prism1_tn0d0031p0d0201p0d0000_ip0d0055n0d0234p0d0000_mp0d0094p0d0053p0d0000.xml,prism_y0d0250,True,0.02,4.0,1.0,1.0,3.79945334820897,0.0520951860921314,4.0,0.007260335795593403,2.0090333269846665,0.010106972115312139,0.003946721807072506,1.0,-0.0031127119824599214,0.02006981702162479,0.0,0.005466174877173833,-0.02337288165376357,0.0,0.009384004791361464,0.005280066378183639,0.0,"[0.02227467475146645, 1.3847741367849997, -1.2, -0.12486767277292685, 1.5711627979365057, 1.0331946164332715, 0.03781392886992544, 1.534976746126043, 1.0655112267638374]"
prism1,284,/home/humanoid/Programs/hand/results/phase1/run_20260413_pollard_multiscene_500_run2_refined/prism1/generated_mjcf/scene_prism1_tp0d0022p0d0287p0d0000_ip0d0067n0d0176p0d0000_mp0d0210p0d0137p0d0074.xml,prism_y0d0250,True,0.02,4.0,1.0,1.0,4.449321416406783,0.054326897272330345,5.0,0.005998819570287387,0.8012968949053317,0.017289414977531104,0.0013492770736014403,1.0,0.002212310947044818,0.02869211517064582,0.0,0.006708244949966628,-0.01764560311344707,0.0,0.021043563899319072,0.01369403107788724,0.007426207120405568,"[0.02227467475146645, 1.3847741367849997, -1.2, -0.12486767277292685, 1.5711627979365057, 1.0331946164332715, 0.03781392886992544, 1.534976746126043, 1.0655112267638374]"
prism1,285,/home/humanoid/Programs/hand/results/phase1/run_20260413_pollard_multiscene_500_run2_refined/prism1/generated_mjcf/scene_prism1_tn0d0084p0d0191p0d0000_ip0d0129n0d0082p0d0000_mp0d0028p0d0260p0d0000.xml,prism_y0d0250,True,0.02,4.0,1.0,1.0,4.0372564251974365,0.04992575357271797,4.0,0.00974403022225666,0.34954492876857174,0.0035859745156814494,0.0013924419161503443,1.0,-0.008405726046085821,0.019073435037175346,0.0,0.012935896814125858,-0.00815431003527776,0.0,0.0027588733677943976,0.025973744589380045,0.0,"[0.02227467475146645, 1.3847741367849997, -1.2, -0.12486767277292685, 1.5711627979365057, 1.0331946164332715, 0.03781392886992544, 1.534976746126043, 1.0655112267638374]"
prism1,286,/home/humanoid/Programs/hand/results/phase1/run_20260413_pollard_multiscene_500_run2_refined/prism1/generated_mjcf/scene_prism1_tn0d0090p0d0210p0d0000_ip0d0172n0d0077p0d0024_mn0d0016p0d0134p0d0013.xml,prism_y0d0250,True,0.02,4.0,1.0,1.0,4.911374905254922,0.05001642101782937,6.0,0.005303501891836623,0.1459428071089308,0.0010775685127557514,1.9666203546639394e-05,1.0,-0.009001236509937414,0.02100112448579263,0.0,0.01721810354913557,-0.0077228019599049815,0.0023983580415141703,-0.0016289059240286,0.013441268146257172,0.0012518988941378137,"[0.02227467475146645, 1.3847741367849997, -1.2, -0.12486767277292685, 1.5711627979365057, 1.0331946164332715, 0.03781392886992544, 1.534976746126043, 1.0655112267638374]"
prism1,287,/home/humanoid/Programs/hand/results/phase1/run_20260413_pollard_multiscene_500_run2_refined/prism1/generated_mjcf/scene_prism1_tp0d0063p0d0162p0d0105_ip0d0087n0d0222p0d0000_mp0d0182p0d0078p0d0000.xml,prism_y0d0250,True,0.02,4.0,1.0,1.0,4.389219399590246,0.04978513262468914,5.0,0.005409838956142207,0.8230916186643128,0.002882327295796656,0.000140238148930244,1.0,0.00633181775487205,0.016181871156262087,0.010455111243500573,0.008714684321061249,-0.022231677971918745,0.0,0.018187127618197026,0.007814269022686898,0.0,"[0.02227467475146645, 1.3847741367849997, -1.2, -0.12486767277292685, 1.5711627979365057, 1.0331946164332715, 0.03781392886992544, 1.534976746126043, 1.0655112267638374]"
prism1,288,/home/humanoid/Programs/hand/results/phase1/run_20260413_pollard_multiscene_500_run2_refined/prism1/generated_mjcf/scene_prism1_tp0d0115p0d0098p0d0000_ip0d0085n0d0127p0d0012_mp0d0144p0d0127p0d0000.xml,prism_y0d0250,True,0.02,4.0,1.0,1.0,4.091234310421736,0.060290448325961005,4.0,0.008287959937494217,1.7912132872926596,0.02116780022522409,0.0,0.9916666666666667,0.011460868883163687,0.009762413078867424,0.0,0.008545145846799607,-0.012748572233989645,0.0011622812345442306,0.01444109386570142,0.01268352312304752,0.0,"[0.02227467475146645, 1.3847741367849997, -1.2, -0.12486767277292685, 1.5711627979365057, 1.0331946164332715, 0.03781392886992544, 1.534976746126043, 1.0655112267638374]"
prism1,289,/home/humanoid/Programs/hand/results/phase1/run_20260413_pollard_multiscene_500_run2_refined/prism1/generated_mjcf/scene_prism1_tn0d0039p0d0085p0d0000_ip0d0189n0d0223p0d0000_mp0d0199p0d0232p0d0057.xml,prism_y0d0250,True,0.02,4.0,1.0,1.0,4.509409234550573,0.049761619831416776,5.0,0.007296881966581574,0.04424386908907754,0.0010369720874517676,0.0003996068939815106,1.0,-0.003870887941646299,0.008510068425696645,2.147707110125921e-05,0.01885922406736481,-0.022279129763833748,0.0,0.01991354447765125,0.02322728882972728,0.005719401483067134,"[0.02227467475146645, 1.3847741367849997, -1.2, -0.12486767277292685, 1.5711627979365057, 1.0331946164332715, 0.03781392886992544, 1.534976746126043, 1.0655112267638374]"
prism1,290,/home/humanoid/Programs/hand/results/phase1/run_20260413_pollard_multiscene_500_run2_refined/prism1/generated_mjcf/scene_prism1_tp0d0051p0d0082p0d0000_ip0d0193n0d0070p0d0000_mp0d0115p0d0182p0d0087.xml,prism_y0d0250,True,0.02,4.0,1.0,1.0,4.449940548424697,0.04983061032360883,5.0,0.008390334527134577,0.25023287536399463,0.006077113588181702,0.00027937758447103833,1.0,0.005055008645931079,0.008185205435119115,0.0,0.01934739605709703,-0.006966878221227218,0.0,0.011454308082746533,0.01816028704682608,0.00872756449685435,"[0.02227467475146645, 1.3847741367849997, -1.2, -0.12486767277292685, 1.5711627979365057, 1.0331946164332715, 0.03781392886992544, 1.534976746126043, 1.0655112267638374]"
prism1,291,/home/humanoid/Programs/hand/results/phase1/run_20260413_pollard_multiscene_500_run2_refined/prism1/generated_mjcf/scene_prism1_tp0d0012p0d0285p0d0057_ip0d0219n0d0161p0d0004_mp0d0131p0d0037p0d0009.xml,prism_y0d0250,True,0.02,4.0,1.0,1.0,4.4726343734857705,0.0497928639770048,5.0,0.0070869997168183305,0.22890407641018906,0.0014825078372316229,0.001059267315903556,1.0,0.0011675607980005179,0.028504627364427576,0.005683773219259367,0.021921120502234,-0.0161110624862868,0.0003764815038989691,0.013144409882243904,0.003657131779178981,0.0009398724230132525,"[0.02227467475146645, 1.3847741367849997, -1.2, -0.12486767277292685, 1.5711627979365057, 1.0331946164332715, 0.03781392886992544, 1.534976746126043, 1.0655112267638374]"
prism1,292,/home/humanoid/Programs/hand/results/phase1/run_20260413_pollard_multiscene_500_run2_refined/prism1/generated_mjcf/scene_prism1_tn0d0007p0d0147p0d0028_ip0d0153n0d0082p0d0098_mp0d0092p0d0204p0d0000.xml,prism_y0d0250,True,0.02,4.0,1.0,1.0,4.054329038068992,0.0494905181105955,4.0,0.011576528547319281,0.20786223513048127,0.0014829595900652365,0.0012174121581040448,1.0,-0.0007184741400830547,0.01468910288390311,0.002774784877777955,0.015310920802742338,-0.008214660937163899,0.009752546374078058,0.009160696680455747,0.02038979583550536,0.0,"[0.02227467475146645, 1.3847741367849997, -1.2, -0.12486767277292685, 1.5711627979365057, 1.0331946164332715, 0.03781392886992544, 1.534976746126043, 1.0655112267638374]"
prism1,293,/home/humanoid/Programs/hand/results/phase1/run_20260413_pollard_multiscene_500_run2_refined/prism1/generated_mjcf/scene_prism1_tp0d0037p0d0112p0d0071_ip0d0175n0d0210p0d0102_mp0d0097p0d0252p0d0088.xml,prism_y0d0250,True,0.02,4.0,1.0,1.0,4.045190967055242,0.049380438770187496,4.0,0.012360299776724004,0.1330851226091161,0.0040647623397275625,0.0011710373265116508,1.0,0.0036691643059410285,0.011168031677914055,0.0071035064157143404,0.0174874152173558,-0.020957483863618308,0.010198679753684964,0.009739292327807252,0.02521756734457692,0.008761185573953705,"[0.02227467475146645, 1.3847741367849997, -1.2, -0.12486767277292685, 1.5711627979365057, 1.0331946164332715, 0.03781392886992544, 1.534976746126043, 1.0655112267638374]"
prism1,294,/home/humanoid/Programs/hand/results/phase1/run_20260413_pollard_multiscene_500_run2_refined/prism1/generated_mjcf/scene_prism1_tn0d0035p0d0255p0d0092_ip0d0220n0d0182p0d0069_mp0d0073p0d0049p0d0000.xml,prism_y0d0250,True,0.02,4.0,1.0,1.0,4.888373567157475,0.04985978404773417,6.0,0.007435037056496338,0.15263192759022448,0.0019283037956351172,0.0006153490406569512,1.0,-0.00351831237667977,0.025495617737661246,0.009156647508028078,0.021974611422218154,-0.01821873944673156,0.006935634176224802,0.007288732641296144,0.00493313314308352,0.0,"[0.02227467475146645, 1.3847741367849997, -1.2, -0.12486767277292685, 1.5711627979365057, 1.0331946164332715, 0.03781392886992544, 1.534976746126043, 1.0655112267638374]"
prism1,295,/home/humanoid/Programs/hand/results/phase1/run_20260413_pollard_multiscene_500_run2_refined/prism1/generated_mjcf/scene_prism1_tn0d0082p0d0253p0d0011_ip0d0016n0d0098p0d0000_mp0d0117p0d0116p0d0062.xml,prism_y0d0250,True,0.02,4.0,1.0,1.0,4.4741753924935095,0.049800005280018725,5.0,0.005319272545055253,0.32303967242271375,0.0016217160589381023,0.0,1.0,-0.008178759147431179,0.025331847446003544,0.001087236685787342,0.0016476684369086982,-0.009787920706200234,0.0,0.011729520074112366,0.011553854061680871,0.006205224653234687,"[0.02227467475146645, 1.3847741367849997, -1.2, -0.12486767277292685, 1.5711627979365057, 1.0331946164332715, 0.03781392886992544, 1.534976746126043, 1.0655112267638374]"
prism1,296,/home/humanoid/Programs/hand/results/phase1/run_20260413_pollard_multiscene_500_run2_refined/prism1/generated_mjcf/scene_prism1_tn0d0002p0d0278p0d0000_ip0d0077n0d0177p0d0046_mp0d0203p0d0050p0d0020.xml,prism_y0d0250,True,0.02,4.0,1.0,1.0,3.99088608135554,0.04965641910933632,4.0,0.00931778684371349,0.5057867689875264,0.004240935916062751,0.002261615244941617,1.0,-0.00015416017301602032,0.027773560750257678,0.0,0.007718942933178331,-0.017747004977604473,0.004648640008873196,0.02026589269461712,0.0049933181981731065,0.0020139967953742392,"[0.02227467475146645, 1.3847741367849997, -1.2, -0.12486767277292685, 1.5711627979365057, 1.0331946164332715, 0.03781392886992544, 1.534976746126043, 1.0655112267638374]"
prism1,297,/home/humanoid/Programs/hand/results/phase1/run_20260413_pollard_multiscene_500_run2_refined/prism1/generated_mjcf/scene_prism1_tp0d0008p0d0282p0d0000_ip0d0131n0d0171p0d0028_mp0d0177p0d0061p0d0041.xml,prism_y0d0250,True,0.02,4.0,1.0,1.0,4.020573801080779,0.05003161855326377,4.0,0.009324766272993492,0.44307362626315,0.004116422314348051,0.001726978159325418,1.0,0.000815779144444511,0.028211465826351836,0.0,0.013139347840734162,-0.01714673167083658,0.002803141927126355,0.0176961014806665,0.00614913157120987,0.0041202523988489136,"[0.02227467475146645, 1.3847741367849997, -1.2, -0.12486767277292685, 1.5711627979365057, 1.0331946164332715, 0.03781392886992544, 1.534976746126043, 1.0655112267638374]"
prism1,298,/home/humanoid/Programs/hand/results/phase1/run_20260413_pollard_multiscene_500_run2_refined/prism1/generated_mjcf/scene_prism1_tn0d0092p0d0267p0d0005_ip0d0126n0d0147p0d0000_mp0d0023p0d0230p0d0000.xml,prism_y0d0250,True,0.02,4.0,1.0,1.0,4.94131902507147,0.05380983408597657,6.0,0.0054494853629431204,0.39348770962990504,0.012017173461223087,0.0,1.0,-0.009185210927350775,0.0267390675875718,0.0005237638250960661,0.012588960759808959,-0.014729614321042037,0.0,0.0022573238581196304,0.022973699460279016,0.0,"[0.02227467475146645, 1.3847741367849997, -1.2, -0.12486767277292685, 1.5711627979365057, 1.0331946164332715, 0.03781392886992544, 1.534976746126043, 1.0655112267638374]"
prism1,299,/home/humanoid/Programs/hand/results/phase1/run_20260413_pollard_multiscene_500_run2_refined/prism1/generated_mjcf/scene_prism1_tp0d0025p0d0244p0d0000_ip0d0009n0d0205p0d0000_mp0d0095p0d0115p0d0000.xml,prism_y0d0250,True,0.02,4.0,1.0,1.0,4.264425636023419,0.05297868505124493,5.0,0.005597068767471615,1.2927951764244827,0.026466932943169433,0.0021594440927101555,1.0,0.0024576653184970546,0.02444624310989508,0.0,0.0008936360140304918,-0.02048514239956397,0.0,0.009460658705404006,0.011545983898964985,0.0,"[0.02227467475146645, 1.3847741367849997, -1.2, -0.12486767277292685, 1.5711627979365057, 1.0331946164332715, 0.03781392886992544, 1.534976746126043, 1.0655112267638374]"
prism1,300,/home/humanoid/Programs/hand/results/phase1/run_20260413_pollard_multiscene_500_run2_refined/prism1/generated_mjcf/scene_prism1_tp0d0094p0d0142p0d0000_ip0d0056n0d0181p0d0000_mp0d0037p0d0114p0d0014.xml,prism_y0d0250,True,0.02,4.0,1.0,1.0,3.8719829865358983,0.04930815240144384,4.0,0.009521250480403106,0.6522790308324207,0.013591802901304007,0.004613931210095179,1.0,0.009431031573822978,0.014164555004429542,0.0,0.00556078548670369,-0.018113495420479627,0.0,0.0036790674553866948,0.011413671818710076,0.0013515823514384066,"[0.02227467475146645, 1.3847741367849997, -1.2, -0.12486767277292685, 1.5711627979365057, 1.0331946164332715, 0.03781392886992544, 1.534976746126043, 1.0655112267638374]"
prism1,301,/home/humanoid/Programs/hand/results/phase1/run_20260413_pollard_multiscene_500_run2_refined/prism1/generated_mjcf/scene_prism1_tn0d0104p0d0096p0d0000_ip0d0086n0d0117p0d0000_mn0d0013p0d0246p0d0000.xml,prism_y0d0250,True,0.02,4.0,1.0,1.0,4.077160616002252,0.049650490684778795,4.0,0.012521732677937566,0.13721910362670045,0.0009808846479176796,0.0007579099314683202,1.0,-0.010382832062159196,0.009638444673624548,0.0,0.008577721457837703,-0.011651469081633956,0.0,-0.0013082337057049656,0.024552623259387223,0.0,"[0.02227467475146645, 1.3847741367849997, -1.2, -0.12486767277292685, 1.5711627979365057, 1.0331946164332715, 0.03781392886992544, 1.534976746126043, 1.0655112267638374]"
prism1,302,/home/humanoid/Programs/hand/results/phase1/run_20260413_pollard_multiscene_500_run2_refined/prism1/generated_mjcf/scene_prism1_tp0d0000p0d0103p0d0000_ip0d0142n0d0186p0d0027_mp0d0106p0d0161p0d0096.xml,prism_y0d0250,True,0.02,4.0,1.0,1.0,3.9933828472884505,0.04937763846552278,4.0,0.008555659908233681,0.5473133670641387,0.0038796212643705547,0.0010290372118779284,1.0,1.52762690730536e-05,0.010318728597676494,0.0,0.014179465942471577,-0.018579129172113917,0.0026778249323777814,0.010603298595188203,0.01606071650706425,0.009598355773355983,"[0.02227467475146645, 1.3847741367849997, -1.2, -0.12486767277292685, 1.5711627979365057, 1.0331946164332715, 0.03781392886992544, 1.534976746126043, 1.0655112267638374]"
prism1,303,/home/humanoid/Programs/hand/results/phase1/run_20260413_pollard_multiscene_500_run2_refined/prism1/generated_mjcf/scene_prism1_tn0d0006p0d0299p0d0024_ip0d0158n0d0130p0d0032_mp0d0196p0d0175p0d0047.xml,prism_y0d0250,True,0.02,4.0,1.0,1.0,4.596382406453312,0.05481868019052316,5.0,0.005519797453969588,0.3348125094201598,0.010168321482339333,0.0,1.0,-0.0006492769847098907,0.02993058211149897,0.0024320889008549503,0.015814892357657186,-0.012996192315159852,0.0032236038815142646,0.01957732412686703,0.017459229331558596,0.004744712311283861,"[0.02227467475146645, 1.3847741367849997, -1.2, -0.12486767277292685, 1.5711627979365057, 1.0331946164332715, 0.03781392886992544, 1.534976746126043, 1.0655112267638374]"
prism1,304,/home/humanoid/Programs/hand/results/phase1/run_20260413_pollard_multiscene_500_run2_refined/prism1/generated_mjcf/scene_prism1_tn0d0073p0d0099p0d0109_ip0d0024n0d0168p0d0000_mp0d0176p0d0104p0d0000.xml,prism_y0d0250,True,0.02,4.0,1.0,1.0,4.4768261694131075,0.0508575608557076,5.0,0.007505954610749377,0.2741221388377394,0.007843038414916513,0.0,1.0,-0.007345071008401084,0.009886281658711714,0.010869095264022344,0.0023958161156247305,-0.016778462015203797,0.0,0.017608854890141502,0.010419729150589387,0.0,"[0.02227467475146645, 1.3847741367849997, -1.2, -0.12486767277292685, 1.5711627979365057, 1.0331946164332715, 0.03781392886992544, 1.534976746126043, 1.0655112267638374]"
prism1,305,/home/humanoid/Programs/hand/results/phase1/run_20260413_pollard_multiscene_500_run2_refined/prism1/generated_mjcf/scene_prism1_tn0d0017p0d0278p0d0000_ip0d0108n0d0074p0d0000_mp0d0189p0d0124p0d0050.xml,prism_y0d0250,True,0.02,4.0,1.0,1.0,4.902802813562377,0.04990496416544969,6.0,0.005274488105886717,0.1706943632051244,0.0012863002559700754,0.0,1.0,-0.0017408261094735249,0.02780418736313567,0.0,0.010806585740967002,-0.007403030916256078,0.0,0.018940815263508597,0.012449759166334423,0.004967160545407856,"[0.02227467475146645, 1.3847741367849997, -1.2, -0.12486767277292685, 1.5711627979365057, 1.0331946164332715, 0.03781392886992544, 1.534976746126043, 1.0655112267638374]"
prism1,306,/home/humanoid/Programs/hand/results/phase1/run_20260413_pollard_multiscene_500_run2_refined/prism1/generated_mjcf/scene_prism1_tn0d0079p0d0113p0d0032_ip0d0083n0d0113p0d0028_mp0d0048p0d0150p0d0082.xml,prism_y0d0250,True,0.02,4.0,1.0,1.0,4.109055517290548,0.05005238382904411,4.0,0.00786374619778834,0.07473744311505294,0.0019617820671438534,0.0003390929550248223,1.0,-0.007949520028345206,0.011271730882256381,0.0032166078755245537,0.008321369537602857,-0.011341325591897251,0.002798662953598284,0.004750780215009746,0.015028930993629836,0.008184510983442563,"[0.02227467475146645, 1.3847741367849997, -1.2, -0.12486767277292685, 1.5711627979365057, 1.0331946164332715, 0.03781392886992544, 1.534976746126043, 1.0655112267638374]"
prism1,307,/home/humanoid/Programs/hand/results/phase1/run_20260413_pollard_multiscene_500_run2_refined/prism1/generated_mjcf/scene_prism1_tn0d0098p0d0217p0d0079_in0d0015n0d0071p0d0000_mp0d0060p0d0034p0d0000.xml,prism_y0d0250,True,0.02,4.0,1.0,1.0,4.532233236574124,0.04996774347772633,5.0,0.0053572574426565475,0.023224444464543578,0.0002623662107935929,7.211719387847926e-05,1.0,-0.009827285635849593,0.02170943168948314,0.007877523590710374,-0.0015025136139426767,-0.007128947369585482,0.0,0.005975776518227791,0.0033902886812089104,0.0,"[0.02227467475146645, 1.3847741367849997, -1.2, -0.12486767277292685, 1.5711627979365057, 1.0331946164332715, 0.03781392886992544, 1.534976746126043, 1.0655112267638374]"
prism1,308,/home/humanoid/Programs/hand/results/phase1/run_20260413_pollard_multiscene_500_run2_refined/prism1/generated_mjcf/scene_prism1_tp0d0080p0d0099p0d0100_ip0d0083n0d0124p0d0000_mp0d0204p0d0081p0d0067.xml,prism_y0d0250,True,0.02,4.0,1.0,1.0,4.56245978405667,0.05412175214167851,5.0,0.0077678590122679326,0.38516079149631544,0.009748617358849156,0.0,1.0,0.008045744352287637,0.009924409482811916,0.010004463148808145,0.008321769141601697,-0.012432880866341435,0.0,0.020448835772659782,0.008050915200431705,0.006698114743253256,"[0.02227467475146645, 1.3847741367849997, -1.2, -0.12486767277292685, 1.5711627979365057, 1.0331946164332715, 0.03781392886992544, 1.534976746126043, 1.0655112267638374]"
prism1,309,/home/humanoid/Programs/hand/results/phase1/run_20260413_pollard_multiscene_500_run2_refined/prism1/generated_mjcf/scene_prism1_tp0d0006p0d0156p0d0043_ip0d0170n0d0032p0d0000_mn0d0016p0d0098p0d0000.xml,prism_y0d0250,True,0.02,4.0,1.0,1.0,4.406512903562492,0.051631898613838545,5.0,0.005540660204984181,0.3846919067424495,0.021241124021516657,0.000364308114285089,1.0,0.0006324874825023377,0.015565669750556,0.004280500788737374,0.01702967036535663,-0.003212690244973523,0.0,-0.0015568809700233412,0.009816366677282138,0.0,"[0.02227467475146645, 1.3847741367849997, -1.2, -0.12486767277292685, 1.5711627979365057, 1.0331946164332715, 0.03781392886992544, 1.534976746126043, 1.0655112267638374]"
prism1,310,/home/humanoid/Programs/hand/results/phase1/run_20260413_pollard_multiscene_500_run2_refined/prism1/generated_mjcf/scene_prism1_tn0d0056p0d0125p0d0000_ip0d0155n0d0157p0d0021_mp0d0112p0d0229p0d0040.xml,prism_y0d0250,True,0.02,4.0,1.0,1.0,4.107832308849474,0.05025621989251408,4.0,0.010019942059351805,0.17761533057848083,0.0005022949399347875,0.00011995283695281911,1.0,-0.005563163096960496,0.012532759528698492,0.0,0.015543933693043676,-0.01568055041769157,0.002085027202804091,0.011231695665054458,0.022883577377717644,0.003994476460303192,"[0.02227467475146645, 1.3847741367849997, -1.2, -0.12486767277292685, 1.5711627979365057, 1.0331946164332715, 0.03781392886992544, 1.534976746126043, 1.0655112267638374]"
prism1,311,/home/humanoid/Programs/hand/results/phase1/run_20260413_pollard_multiscene_500_run2_refined/prism1/generated_mjcf/scene_prism1_tp0d0077p0d0213p0d0000_ip0d0067n0d0177p0d0000_mp0d0136p0d0232p0d0066.xml,prism_y0d0250,True,0.02,4.0,1.0,1.0,4.434008483316176,0.049347682946726756,5.0,0.00785068436592245,0.2979785829688269,0.0022639910021222394,0.0015981931357798435,1.0,0.007722806132150154,0.0212672107537325,0.0,0.006708439125286188,-0.01768278883160991,0.0,0.013597774653776856,0.02318175674415248,0.006585795630331487,"[0.02227467475146645, 1.3847741367849997, -1.2, -0.12486767277292685, 1.5711627979365057, 1.0331946164332715, 0.03781392886992544, 1.534976746126043, 1.0655112267638374]"
prism1,312,/home/humanoid/Programs/hand/results/phase1/run_20260413_pollard_multiscene_500_run2_refined/prism1/generated_mjcf/scene_prism1_tn0d0047p0d0189p0d0000_ip0d0068n0d0135p0d0117_mn0d0001p0d0131p0d0100.xml,prism_y0d0250,True,0.02,4.0,1.0,1.0,4.438297951994975,0.04939662593939718,6.0,0.005164806073981536,2.9216000357227028,0.007002389729593121,0.0,1.0,-0.004651619836714396,0.01889458981639476,0.0,0.006801718080759659,-0.013513747501689115,0.011741231741499061,-6.2609699756749e-05,0.013108661014776889,0.009980013606161506,"[0.02227467475146645, 1.3847741367849997, -1.2, -0.12486767277292685, 1.5711627979365057, 1.0331946164332715, 0.03781392886992544, 1.534976746126043, 1.0655112267638374]"
prism1,313,/home/humanoid/Programs/hand/results/phase1/run_20260413_pollard_multiscene_500_run2_refined/prism1/generated_mjcf/scene_prism1_tp0d0019p0d0166p0d0062_ip0d0215n0d0063p0d0099_mp0d0115p0d0105p0d0000.xml,prism_y0d0250,True,0.02,4.0,1.0,1.0,4.483602678955358,0.052624643008987296,5.0,0.005563751430385617,0.3187908039259929,0.01655228381825458,0.0,1.0,0.00188150996737463,0.016611986811592466,0.006167499459807459,0.021545797553132913,-0.0062979771976450025,0.009870655241977857,0.011538791927578068,0.010523092295829746,0.0,"[0.02227467475146645, 1.3847741367849997, -1.2, -0.12486767277292685, 1.5711627979365057, 1.0331946164332715, 0.03781392886992544, 1.534976746126043, 1.0655112267638374]"
prism1,314,/home/humanoid/Programs/hand/results/phase1/run_20260413_pollard_multiscene_500_run2_refined/prism1/generated_mjcf/scene_prism1_tp0d0106p0d0127p0d0071_ip0d0123n0d0145p0d0000_mn0d0016p0d0250p0d0015.xml,prism_y0d0250,False,0.02,4.0,0.0,1.0,1.9285083539954784,0.04672198330796213,2.0,0.014627438101884653,2.7920933604158176,0.006090853134472336,0.006104847818444295,0.06388888888888888,0.010622972902620723,0.012664110679653057,0.0070910251678643135,0.01225325458228169,-0.014536863541682501,0.0,-0.0016097669568859666,0.025039082473460206,0.001512354160861356,"[0.02227467475146645, 1.3847741367849997, -1.2, -0.12486767277292685, 1.5711627979365057, 1.0331946164332715, 0.03781392886992544, 1.534976746126043, 1.0655112267638374]"
prism1,315,/home/humanoid/Programs/hand/results/phase1/run_20260413_pollard_multiscene_500_run2_refined/prism1/generated_mjcf/scene_prism1_tp0d0064p0d0238p0d0094_ip0d0005n0d0077p0d0049_mp0d0093p0d0079p0d0000.xml,prism_y0d0250,True,0.02,4.0,1.0,1.0,4.920759767675181,0.049970337609445956,6.0,0.005352309519370935,0.0827504741767029,0.0007523482138275594,4.7564100601235615e-05,1.0,0.0064418262025862545,0.02382512857639519,0.00940930945286447,0.00048046698538742154,-0.007686655858078829,0.0048819928150873465,0.009300887477728203,0.007930482920113783,0.0,"[0.02227467475146645, 1.3847741367849997, -1.2, -0.12486767277292685, 1.5711627979365057, 1.0331946164332715, 0.03781392886992544, 1.534976746126043, 1.0655112267638374]"
prism1,316,/home/humanoid/Programs/hand/results/phase1/run_20260413_pollard_multiscene_500_run2_refined/prism1/generated_mjcf/scene_prism1_tn0d0115p0d0253p0d0117_ip0d0184n0d0124p0d0051_mp0d0057p0d0116p0d0000.xml,prism_y0d0250,True,0.02,4.0,1.0,1.0,4.9379316976887555,0.05078582978903508,6.0,0.006650832561230624,0.11027298123561262,0.0015992837424256123,1.1169180426248704e-05,1.0,-0.01153915658107725,0.02525757396028391,0.011696646168133377,0.01838982063075531,-0.012416862666044394,0.0051363310784403,0.005702156030744071,0.011579754501194703,0.0,"[0.02227467475146645, 1.3847741367849997, -1.2, -0.12486767277292685, 1.5711627979365057, 1.0331946164332715, 0.03781392886992544, 1.534976746126043, 1.0655112267638374]"
prism1,317,/home/humanoid/Programs/hand/results/phase1/run_20260413_pollard_multiscene_500_run2_refined/prism1/generated_mjcf/scene_prism1_tp0d0067p0d0165p0d0025_ip0d0171n0d0020p0d0048_mp0d0109p0d0229p0d0000.xml,prism_y0d0250,True,0.02,4.0,1.0,1.0,3.9968630452186282,0.04871306706188201,4.0,0.010863829640213636,0.18907221298311064,0.004924049614034149,0.0023717927529286476,1.0,0.00669673489646572,0.016497317630039653,0.002456004933970593,0.017054913832154163,-0.00197590730264491,0.004771513838172623,0.01091378149096391,0.022875321539631142,0.0,"[0.02227467475146645, 1.3847741367849997, -1.2, -0.12486767277292685, 1.5711627979365057, 1.0331946164332715, 0.03781392886992544, 1.534976746126043, 1.0655112267638374]"
prism1,318,/home/humanoid/Programs/hand/results/phase1/run_20260413_pollard_multiscene_500_run2_refined/prism1/generated_mjcf/scene_prism1_tn0d0008p0d0285p0d0000_ip0d0181n0d0055p0d0113_mp0d0049p0d0175p0d0094.xml,prism_y0d0250,True,0.02,4.0,1.0,1.0,4.973949878942663,0.05351456418609082,6.0,0.0053554184235108755,0.12857442052015336,0.011510477940911734,0.0,1.0,-0.0007991071536155043,0.028521730512058856,0.0,0.018104248858999188,-0.0055495038070125634,0.011304519771684587,0.004939634569660372,0.01750550322546427,0.00944290843747896,"[0.02227467475146645, 1.3847741367849997, -1.2, -0.12486767277292685, 1.5711627979365057, 1.0331946164332715, 0.03781392886992544, 1.534976746126043, 1.0655112267638374]"
prism1,319,/home/humanoid/Programs/hand/results/phase1/run_20260413_pollard_multiscene_500_run2_refined/prism1/generated_mjcf/scene_prism1_tn0d0114p0d0278p0d0076_ip0d0136n0d0104p0d0110_mp0d0075p0d0127p0d0000.xml,prism_y0d0250,True,0.02,4.0,1.0,1.0,4.920910556136948,0.05031568407761712,6.0,0.007010836006462874,0.11101056678963585,0.001549644571244831,1.3938510067632026e-05,1.0,-0.011445896831030486,0.027757158118331206,0.007576657359126732,0.013615579827387526,-0.010422462196609672,0.010966467574557982,0.007487582063668523,0.012685536033825195,0.0,"[0.02227467475146645, 1.3847741367849997, -1.2, -0.12486767277292685, 1.5711627979365057, 1.0331946164332715, 0.03781392886992544, 1.534976746126043, 1.0655112267638374]"
prism1,320,/home/humanoid/Programs/hand/results/phase1/run_20260413_pollard_multiscene_500_run2_refined/prism1/generated_mjcf/scene_prism1_tp0d0001p0d0249p0d0000_ip0d0084n0d0198p0d0012_mp0d0031p0d0182p0d0115.xml,prism_y0d0250,True,0.02,4.0,1.0,1.0,4.363050646436985,0.05066060065969778,5.0,0.005398222171728566,0.5212793490186769,0.02018033832602974,0.0,1.0,8.954728212805067e-05,0.024914219423403595,0.0,0.008395253473563848,-0.019782085431134792,0.001188773655904564,0.003118490355633805,0.01823278586840313,0.011516234631798659,"[0.02227467475146645, 1.3847741367849997, -1.2, -0.12486767277292685, 1.5711627979365057, 1.0331946164332715, 0.03781392886992544, 1.534976746126043, 1.0655112267638374]"
prism1,321,/home/humanoid/Programs/hand/results/phase1/run_20260413_pollard_multiscene_500_run2_refined/prism1/generated_mjcf/scene_prism1_tn0d0013p0d0117p0d0118_ip0d0074n0d0123p0d0090_mp0d0150p0d0145p0d0087.xml,prism_y0d0250,True,0.02,4.0,1.0,1.0,4.122292641605055,0.05000124158028374,4.0,0.0077323301044251,0.025847672493240808,0.0006033663297652163,0.0003990670536206664,1.0,-0.001308658303988297,0.011653899807619073,0.011821212937761724,0.007362602192389317,-0.012304450227773395,0.008964639002801485,0.015002142222784778,0.014468169728742031,0.008710735090992145,"[0.02227467475146645, 1.3847741367849997, -1.2, -0.12486767277292685, 1.5711627979365057, 1.0331946164332715, 0.03781392886992544, 1.534976746126043, 1.0655112267638374]"
prism1,322,/home/humanoid/Programs/hand/results/phase1/run_20260413_pollard_multiscene_500_run2_refined/prism1/generated_mjcf/scene_prism1_tn0d0060p0d0124p0d0036_ip0d0072n0d0115p0d0060_mp0d0093p0d0259p0d0000.xml,prism_y0d0250,True,0.02,4.0,1.0,1.0,4.080593625342692,0.04956083347032712,4.0,0.011887216804078797,0.11256240790450728,0.000795373237601521,0.0007170426582762263,1.0,-0.006037883019561673,0.012360607789034299,0.003646154238670103,0.007169802234934061,-0.011463664595349612,0.0060301678899676615,0.009329889980337522,0.025854569144246775,0.0,"[0.02227467475146645, 1.3847741367849997, -1.2, -0.12486767277292685, 1.5711627979365057, 1.0331946164332715, 0.03781392886992544, 1.534976746126043, 1.0655112267638374]"
prism1,323,/home/humanoid/Programs/hand/results/phase1/run_20260413_pollard_multiscene_500_run2_refined/prism1/generated_mjcf/scene_prism1_tp0d0081p0d0269p0d0000_ip0d0112n0d0055p0d0000_mp0d0096p0d0212p0d0087.xml,prism_y0d0250,True,0.02,4.0,1.0,1.0,4.8874912505412595,0.05097870071198625,6.0,0.005691382287238288,0.28037818146719834,0.005484851220119436,0.000867889605248931,1.0,0.00813622723758739,0.02693502410071081,0.0,0.01122972183519072,-0.005485220463176647,0.0,0.009644899104903461,0.021191839480777783,0.008677349853667724,"[0.02227467475146645, 1.3847741367849997, -1.2, -0.12486767277292685, 1.5711627979365057, 1.0331946164332715, 0.03781392886992544, 1.534976746126043, 1.0655112267638374]"
prism1,324,/home/humanoid/Programs/hand/results/phase1/run_20260413_pollard_multiscene_500_run2_refined/prism1/generated_mjcf/scene_prism1_tn0d0026p0d0281p0d0075_ip0d0008n0d0082p0d0078_mp0d0181p0d0133p0d0000.xml,prism_y0d0250,True,0.02,4.0,1.0,1.0,4.900164547069663,0.04998945070581513,6.0,0.005441109940252659,0.2153013948935191,0.0010481330865556536,0.0,1.0,-0.0025535037194383426,0.028090796303613122,0.007496013422198744,0.0008469494520518955,-0.008247890943094081,0.007770600095958501,0.018089058927950784,0.013335725450952287,0.0,"[0.02227467475146645, 1.3847741367849997, -1.2, -0.12486767277292685, 1.5711627979365057, 1.0331946164332715, 0.03781392886992544, 1.534976746126043, 1.0655112267638374]"
prism1,325,/home/humanoid/Programs/hand/results/phase1/run_20260413_pollard_multiscene_500_run2_refined/prism1/generated_mjcf/scene_prism1_tn0d0079p0d0285p0d0000_ip0d0173n0d0097p0d0000_mp0d0081p0d0227p0d0089.xml,prism_y0d0250,True,0.02,4.0,1.0,1.0,4.48048821663585,0.04982153635008073,5.0,0.005256914960425081,0.2767779092986635,0.0018725065502210713,0.0,1.0,-0.007900998183171592,0.028461975548615688,0.0,0.0173396267945565,-0.009702377578495812,0.0,0.008072663714616258,0.022662028751065037,0.00888291847390046,"[0.02227467475146645, 1.3847741367849997, -1.2, -0.12486767277292685, 1.5711627979365057, 1.0331946164332715, 0.03781392886992544, 1.534976746126043, 1.0655112267638374]"
prism1,326,/home/humanoid/Programs/hand/results/phase1/run_20260413_pollard_multiscene_500_run2_refined/prism1/generated_mjcf/scene_prism1_tn0d0035p0d0267p0d0000_ip0d0107n0d0210p0d0111_mp0d0148p0d0118p0d0111.xml,prism_y0d0250,True,0.02,4.0,1.0,1.0,4.285393293402665,0.051036317020208874,5.0,0.006541612111876621,1.810513459964099,0.0015985037792351155,0.0005522113675722473,1.0,-0.003533623127589605,0.026731347887872518,0.0,0.010690380991547288,-0.020978203527313694,0.011098976169596233,0.014760888567753044,0.011807899356923335,0.011073309227867714,"[0.02227467475146645, 1.3847741367849997, -1.2, -0.12486767277292685, 1.5711627979365057, 1.0331946164332715, 0.03781392886992544, 1.534976746126043, 1.0655112267638374]"
prism1,327,/home/humanoid/Programs/hand/results/phase1/run_20260413_pollard_multiscene_500_run2_refined/prism1/generated_mjcf/scene_prism1_tn0d0096p0d0188p0d0000_ip0d0218n0d0222p0d0007_mp0d0033p0d0200p0d0000.xml,prism_y0d0250,True,0.02,4.0,1.0,1.0,4.947547576260423,0.053566201594829575,6.0,0.005462936598392396,0.422233341591703,0.008834767520512063,0.0,1.0,-0.009595366623260122,0.01878011746178313,0.0,0.021818345211544216,-0.022176840567284622,0.0006623215727734454,0.003348031358619709,0.0199913049273912,0.0,"[0.02227467475146645, 1.3847741367849997, -1.2, -0.12486767277292685, 1.5711627979365057, 1.0331946164332715, 0.03781392886992544, 1.534976746126043, 1.0655112267638374]"
prism1,328,/home/humanoid/Programs/hand/results/phase1/run_20260413_pollard_multiscene_500_run2_refined/prism1/generated_mjcf/scene_prism1_tp0d0085p0d0252p0d0063_ip0d0056n0d0205p0d0000_mn0d0011p0d0091p0d0027.xml,prism_y0d0250,True,0.02,4.0,1.0,1.0,2.1082901509090592,0.04908257130504864,4.0,0.01023580050875971,8.288133997852897,0.017062048179138936,0.039924284212742606,0.7944444444444444,0.008470483460705676,0.025186874191919954,0.00627082810878353,0.005553166882678232,-0.02054841864137812,0.0,-0.001101369602705099,0.009143494418454811,0.0027429297867117373,"[0.02227467475146645, 1.3847741367849997, -1.2, -0.12486767277292685, 1.5711627979365057, 1.0331946164332715, 0.03781392886992544, 1.534976746126043, 1.0655112267638374]"
prism1,329,/home/humanoid/Programs/hand/results/phase1/run_20260413_pollard_multiscene_500_run2_refined/prism1/generated_mjcf/scene_prism1_tn0d0072p0d0089p0d0015_ip0d0167n0d0198p0d0102_mp0d0062p0d0160p0d0032.xml,prism_y0d0250,True,0.02,4.0,1.0,1.0,4.112941878512534,0.05053604914122197,4.0,0.011707433630189085,0.17596107541855505,0.0006647490928627067,0.00016852652499139975,1.0,-0.0071564242006762905,0.00892790557378054,0.001520985217539749,0.016732199478996186,-0.019760480751055125,0.010155262375305212,0.0062015232466851675,0.01602870792153597,0.003191581378922779,"[0.02227467475146645, 1.3847741367849997, -1.2, -0.12486767277292685, 1.5711627979365057, 1.0331946164332715, 0.03781392886992544, 1.534976746126043, 1.0655112267638374]"
prism1,330,/home/humanoid/Programs/hand/results/phase1/run_20260413_pollard_multiscene_500_run2_refined/prism1/generated_mjcf/scene_prism1_tp0d0012p0d0220p0d0000_ip0d0100n0d0063p0d0000_mp0d0203p0d0048p0d0067.xml,prism_y0d0250,True,0.02,4.0,1.0,1.0,4.938911394296042,0.05425058238394422,6.0,0.005300860828086858,0.8749291708761989,0.0030029819757336814,0.0,1.0,0.0011619052935394787,0.02198154952224422,0.0,0.010006750836922313,-0.00630390758965616,0.0,0.020289449585461555,0.00482267330029755,0.0067198073775174595,"[0.02227467475146645, 1.3847741367849997, -1.2, -0.12486767277292685, 1.5711627979365057, 1.0331946164332715, 0.03781392886992544, 1.534976746126043, 1.0655112267638374]"
prism1,331,/home/humanoid/Programs/hand/results/phase1/run_20260413_pollard_multiscene_500_run2_refined/prism1/generated_mjcf/scene_prism1_tn0d0027p0d0150p0d0084_ip0d0177n0d0097p0d0000_mp0d0170p0d0069p0d0000.xml,prism_y0d0250,True,0.02,4.0,1.0,1.0,4.874513971396337,0.051584529695492515,6.0,0.005675253145330098,0.44924469116457755,0.008701226330092368,0.0,1.0,-0.002713056137300246,0.015047473530995125,0.008388906810753879,0.017701611177966994,-0.009731410258570987,0.0,0.016950502084496825,0.006916460763485068,0.0,"[0.02227467475146645, 1.3847741367849997, -1.2, -0.12486767277292685, 1.5711627979365057, 1.0331946164332715, 0.03781392886992544, 1.534976746126043, 1.0655112267638374]"
prism1,332,/home/humanoid/Programs/hand/results/phase1/run_20260413_pollard_multiscene_500_run2_refined/prism1/generated_mjcf/scene_prism1_tn0d0019p0d0118p0d0000_ip0d0068n0d0209p0d0000_mp0d0212p0d0050p0d0000.xml,prism_y0d0250,True,0.02,4.0,1.0,1.0,4.481619336351786,0.05126828779570912,5.0,0.007165026330870424,0.28546641290561875,0.009270120316741744,0.0,1.0,-0.001889452119322092,0.01181647096069391,0.0,0.006823353134024076,-0.02085869245877052,0.0,0.02117244026049945,0.004950164100262918,0.0,"[0.02227467475146645, 1.3847741367849997, -1.2, -0.12486767277292685, 1.5711627979365057, 1.0331946164332715, 0.03781392886992544, 1.534976746126043, 1.0655112267638374]"
prism1,333,/home/humanoid/Programs/hand/results/phase1/run_20260413_pollard_multiscene_500_run2_refined/prism1/generated_mjcf/scene_prism1_tp0d0112p0d0300p0d0000_ip0d0005n0d0097p0d0000_mp0d0208p0d0064p0d0067.xml,prism_y0d0250,True,0.02,4.0,1.0,1.0,5.09396514338003,0.04997748319920703,7.0,0.0053951567636917955,1.5302647553627364,0.002448016397603623,1.9053614566708066e-05,1.0,0.011202755167296092,0.03,0.0,0.0004669455567414202,-0.009692153771668413,0.0,0.020849368803635138,0.006380048934200433,0.00667720340698667,"[0.02227467475146645, 1.3847741367849997, -1.2, -0.12486767277292685, 1.5711627979365057, 1.0331946164332715, 0.03781392886992544, 1.534976746126043, 1.0655112267638374]"
prism1,334,/home/humanoid/Programs/hand/results/phase1/run_20260413_pollard_multiscene_500_run2_refined/prism1/generated_mjcf/scene_prism1_tn0d0114p0d0130p0d0000_ip0d0019n0d0052p0d0000_mp0d0091p0d0064p0d0066.xml,prism_y0d0250,True,0.02,4.0,1.0,1.0,4.478942909322965,0.0517893954268438,5.0,0.007213776639462761,0.2182342247534695,0.014420540604103683,0.0,1.0,-0.01140397248650568,0.012983670777011624,0.0,0.0019462550481140154,-0.005220710672423688,0.0,0.009057911829031907,0.006404210442186477,0.006624372677912969,"[0.02227467475146645, 1.3847741367849997, -1.2, -0.12486767277292685, 1.5711627979365057, 1.0331946164332715, 0.03781392886992544, 1.534976746126043, 1.0655112267638374]"
prism1,335,/home/humanoid/Programs/hand/results/phase1/run_20260413_pollard_multiscene_500_run2_refined/prism1/generated_mjcf/scene_prism1_tp0d0041p0d0092p0d0000_ip0d0130n0d0142p0d0000_mp0d0131p0d0245p0d0000.xml,prism_y0d0250,True,0.02,4.0,1.0,1.0,4.073356800501434,0.049502821309938536,4.0,0.011150299922800968,0.13429341030041156,0.0014362532698755596,0.000681651194708241,1.0,0.004110510184092569,0.009176057139934891,0.0,0.012993713209620113,-0.014159849786857314,0.0,0.013111717987378804,0.02452268766556777,0.0,"[0.02227467475146645, 1.3847741367849997, -1.2, -0.12486767277292685, 1.5711627979365057, 1.0331946164332715, 0.03781392886992544, 1.534976746126043, 1.0655112267638374]"
prism1,336,/home/humanoid/Programs/hand/results/phase1/run_20260413_pollard_multiscene_500_run2_refined/prism1/generated_mjcf/scene_prism1_tn0d0066p0d0208p0d0023_ip0d0030n0d0067p0d0010_mp0d0138p0d0142p0d0000.xml,prism_y0d0250,True,0.02,4.0,1.0,1.0,4.942578984929663,0.050877534722504156,6.0,0.006579960408574626,0.11083591708690835,0.0013915703296328132,0.0,1.0,-0.006642095641111072,0.02081411063117996,0.002308337593864543,0.0030298237844472537,-0.0067284737315375116,0.0010158043909346739,0.013761813687847584,0.014173649887952638,0.0,"[0.02227467475146645, 1.3847741367849997, -1.2, -0.12486767277292685, 1.5711627979365057, 1.0331946164332715, 0.03781392886992544, 1.534976746126043, 1.0655112267638374]"
prism1,337,/home/humanoid/Programs/hand/results/phase1/run_20260413_pollard_multiscene_500_run2_refined/prism1/generated_mjcf/scene_prism1_tn0d0070p0d0294p0d0000_ip0d0040n0d0156p0d0114_mp0d0112p0d0068p0d0081.xml,prism_y0d0250,True,0.02,4.0,1.0,1.0,4.042341516341918,0.050016495810365394,4.0,0.008340937206132736,0.23935907299706063,0.007303952117754378,0.0009855324127099885,1.0,-0.006956747186821582,0.029398900065403025,0.0,0.003984885547102787,-0.015574913925978328,0.01135327078186936,0.0112451678372824,0.00680799543957882,0.00814876798180321,"[0.02227467475146645, 1.3847741367849997, -1.2, -0.12486767277292685, 1.5711627979365057, 1.0331946164332715, 0.03781392886992544, 1.534976746126043, 1.0655112267638374]"
prism1,338,/home/humanoid/Programs/hand/results/phase1/run_20260413_pollard_multiscene_500_run2_refined/prism1/generated_mjcf/scene_prism1_tn0d0050p0d0085p0d0056_ip0d0211n0d0028p0d0000_mp0d0091p0d0079p0d0000.xml,prism_y0d0250,True,0.02,4.0,1.0,1.0,4.5278264209498404,0.05552979523716918,5.0,0.007362576200122796,0.6887463597725019,0.01627988433082671,0.0,1.0,-0.005031818470075887,0.008502763393004273,0.00557479513561333,0.02107996123916827,-0.002824361587778884,0.0,0.009085392487968063,0.007881064450959579,0.0,"[0.02227467475146645, 1.3847741367849997, -1.2, -0.12486767277292685, 1.5711627979365057, 1.0331946164332715, 0.03781392886992544, 1.534976746126043, 1.0655112267638374]"
prism1,339,/home/humanoid/Programs/hand/results/phase1/run_20260413_pollard_multiscene_500_run2_refined/prism1/generated_mjcf/scene_prism1_tn0d0075p0d0268p0d0000_ip0d0212n0d0117p0d0017_mp0d0169p0d0196p0d0087.xml,prism_y0d0250,True,0.02,4.0,1.0,1.0,4.42258496149864,0.04911927515887654,5.0,0.005280254903470533,0.4306198448175358,0.0035726970887444997,0.0,1.0,-0.007505012447623186,0.026817010391516204,0.0,0.021180726780211788,-0.011701865470623995,0.0017297003294388935,0.01690814857663346,0.019635980232701793,0.008694664916698357,"[0.02227467475146645, 1.3847741367849997, -1.2, -0.12486767277292685, 1.5711627979365057, 1.0331946164332715, 0.03781392886992544, 1.534976746126043, 1.0655112267638374]"
prism1,340,/home/humanoid/Programs/hand/results/phase1/run_20260413_pollard_multiscene_500_run2_refined/prism1/generated_mjcf/scene_prism1_tn0d0089p0d0199p0d0011_ip0d0006n0d0067p0d0000_mp0d0129p0d0240p0d0050.xml,prism_y0d0250,True,0.02,4.0,1.0,1.0,4.907136113309404,0.04993911030715704,6.0,0.007419494777713591,0.05842286697414553,0.002279660281332047,0.0002876971792959704,1.0,-0.008943930668215156,0.019893443515087306,0.0011394523105425092,0.0006194110623995754,-0.0067171175287213895,0.0,0.0128836743692138,0.024020869251295048,0.005002433427568752,"[0.02227467475146645, 1.3847741367849997, -1.2, -0.12486767277292685, 1.5711627979365057, 1.0331946164332715, 0.03781392886992544, 1.534976746126043, 1.0655112267638374]"
prism1,341,/home/humanoid/Programs/hand/results/phase1/run_20260413_pollard_multiscene_500_run2_refined/prism1/generated_mjcf/scene_prism1_tp0d0065p0d0150p0d0000_ip0d0202n0d0150p0d0000_mp0d0011p0d0194p0d0000.xml,prism_y0d0250,True,0.02,4.0,1.0,1.0,4.296542260095249,0.05272188199555844,5.0,0.005934761632759297,1.0732774461347834,0.025426466166725795,0.0019419727136004428,1.0,0.006507212909486602,0.015027581047463462,0.0,0.020156862280520417,-0.01496351955724431,0.0,0.0011219360405519772,0.01935862038652124,0.0,"[0.02227467475146645, 1.3847741367849997, -1.2, -0.12486767277292685, 1.5711627979365057, 1.0331946164332715, 0.03781392886992544, 1.534976746126043, 1.0655112267638374]"
prism1,342,/home/humanoid/Programs/hand/results/phase1/run_20260413_pollard_multiscene_500_run2_refined/prism1/generated_mjcf/scene_prism1_tn0d0081p0d0289p0d0000_ip0d0121n0d0179p0d0000_mp0d0200p0d0219p0d0064.xml,prism_y0d0250,True,0.02,4.0,1.0,1.0,5.206073706467554,0.0501157580387389,7.0,0.005318558802109172,0.7615874276178868,0.0038504321902343716,0.0,1.0,-0.008051427805028825,0.02886692052460529,0.0,0.012141767184511945,-0.01791190965341013,0.0,0.020017298166074934,0.021877670546203383,0.006426175172369965,"[0.02227467475146645, 1.3847741367849997, -1.2, -0.12486767277292685, 1.5711627979365057, 1.0331946164332715, 0.03781392886992544, 1.534976746126043, 1.0655112267638374]"
prism1,343,/home/humanoid/Programs/hand/results/phase1/run_20260413_pollard_multiscene_500_run2_refined/prism1/generated_mjcf/scene_prism1_tn0d0098p0d0106p0d0065_ip0d0095n0d0040p0d0000_mp0d0131p0d0097p0d0000.xml,prism_y0d0250,True,0.02,4.0,1.0,1.0,4.530997649652822,0.05289117675102291,5.0,0.007378433075466549,0.2730689965363443,0.010746053500265767,0.0,1.0,-0.009778413672119911,0.010568644417599148,0.0065004416383117325,0.00948534701199422,-0.003980168261011845,0.0,0.013100657311756773,0.00972194969587966,0.0,"[0.02227467475146645, 1.3847741367849997, -1.2, -0.12486767277292685, 1.5711627979365057, 1.0331946164332715, 0.03781392886992544, 1.534976746126043, 1.0655112267638374]"
prism1,344,/home/humanoid/Programs/hand/results/phase1/run_20260413_pollard_multiscene_500_run2_refined/prism1/generated_mjcf/scene_prism1_tn0d0000p0d0122p0d0000_ip0d0065n0d0185p0d0062_mp0d0126p0d0137p0d0018.xml,prism_y0d0250,True,0.02,4.0,1.0,1.0,4.099394452132895,0.0504513453964418,4.0,0.01030386877820038,0.20028017739020174,0.0017550456093066154,0.0004352165768164856,1.0,-4.1296306355530915e-05,0.012194623068909824,0.0,0.006539719483005546,-0.01852327542668413,0.0062211469891701315,0.012556622190267035,0.013698973120376162,0.0017805247967015853,"[0.02227467475146645, 1.3847741367849997, -1.2, -0.12486767277292685, 1.5711627979365057, 1.0331946164332715, 0.03781392886992544, 1.534976746126043, 1.0655112267638374]"
prism1,345,/home/humanoid/Programs/hand/results/phase1/run_20260413_pollard_multiscene_500_run2_refined/prism1/generated_mjcf/scene_prism1_tn0d0013p0d0160p0d0000_ip0d0148n0d0240p0d0000_mp0d0116p0d0102p0d0000.xml,prism_y0d0250,True,0.02,4.0,1.0,1.0,4.42091262768608,0.04991266976384279,5.0,0.0052917950939423385,0.5860500329425634,0.004479016802936178,5.546817512752655e-05,1.0,-0.0012615306168578533,0.015970756130802254,0.0,0.014786075546288061,-0.023980082850206946,0.0,0.01161430962842994,0.010241296432524284,0.0,"[0.02227467475146645, 1.3847741367849997, -1.2, -0.12486767277292685, 1.5711627979365057, 1.0331946164332715, 0.03781392886992544, 1.534976746126043, 1.0655112267638374]"
prism1,346,/home/humanoid/Programs/hand/results/phase1/run_20260413_pollard_multiscene_500_run2_refined/prism1/generated_mjcf/scene_prism1_tp0d0064p0d0300p0d0008_in0d0019n0d0099p0d0061_mp0d0024p0d0091p0d0000.xml,prism_y0d0250,True,0.02,4.0,1.0,1.0,3.8952167598911194,0.04946884287616009,4.0,0.008570495219744166,0.758372590793577,0.01017436124919272,0.0036874745184002633,1.0,0.006448681972681412,0.03,0.0007681309943295394,-0.0019379944738693762,-0.00986630559882477,0.006140728887849618,0.0023524430594721963,0.009130049264678454,0.0,"[0.02227467475146645, 1.3847741367849997, -1.2, -0.12486767277292685, 1.5711627979365057, 1.0331946164332715, 0.03781392886992544, 1.534976746126043, 1.0655112267638374]"
prism1,347,/home/humanoid/Programs/hand/results/phase1/run_20260413_pollard_multiscene_500_run2_refined/prism1/generated_mjcf/scene_prism1_tp0d0068p0d0300p0d0073_ip0d0072n0d0056p0d0011_mp0d0078p0d0143p0d0000.xml,prism_y0d0250,True,0.02,4.0,1.0,1.0,4.368680799597885,0.05157129905138847,5.0,0.005492375081241286,0.5264086849595129,0.024394769049050285,0.0,1.0,0.0068204408858062796,0.03,0.007260725067047551,0.007212293445335222,-0.005553531717368195,0.0010993236469706603,0.007833087650129099,0.014253336241066424,0.0,"[0.02227467475146645, 1.3847741367849997, -1.2, -0.12486767277292685, 1.5711627979365057, 1.0331946164332715, 0.03781392886992544, 1.534976746126043, 1.0655112267638374]"
prism1,348,/home/humanoid/Programs/hand/results/phase1/run_20260413_pollard_multiscene_500_run2_refined/prism1/generated_mjcf/scene_prism1_tp0d0113p0d0278p0d0000_ip0d0135n0d0218p0d0000_mp0d0015p0d0170p0d0000.xml,prism_y0d0250,True,0.02,4.0,1.0,1.0,3.015771128380188,0.0492076590130911,4.0,0.009216964533245128,0.3204312039681115,0.025319582114311002,0.05400673622753566,0.7,0.011322535224134667,0.027764327805852942,0.0,0.013477941205283455,-0.021774686806814398,0.0,0.0015174161105352604,0.01698721858932449,0.0,"[0.02227467475146645, 1.3847741367849997, -1.2, -0.12486767277292685, 1.5711627979365057, 1.0331946164332715, 0.03781392886992544, 1.534976746126043, 1.0655112267638374]"
prism1,349,/home/humanoid/Programs/hand/results/phase1/run_20260413_pollard_multiscene_500_run2_refined/prism1/generated_mjcf/scene_prism1_tp0d0081p0d0226p0d0085_ip0d0211n0d0216p0d0000_mp0d0076p0d0121p0d0000.xml,prism_y0d0250,True,0.02,4.0,1.0,1.0,4.097960755817622,0.049859129428337985,4.0,0.0071125618348538535,0.03159980925559122,0.003446495575723565,0.0006220588051516623,1.0,0.008073792792765176,0.022586335006661292,0.008547471202648944,0.021117014049145004,-0.021585046307989013,0.0,0.007602631380494447,0.012080451574431939,0.0,"[0.02227467475146645, 1.3847741367849997, -1.2, -0.12486767277292685, 1.5711627979365057, 1.0331946164332715, 0.03781392886992544, 1.534976746126043, 1.0655112267638374]"
prism1,350,/home/humanoid/Programs/hand/results/phase1/run_20260413_pollard_multiscene_500_run2_refined/prism1/generated_mjcf/scene_prism1_tp0d0050p0d0123p0d0049_ip0d0073n0d0116p0d0038_mp0d0136p0d0091p0d0000.xml,prism_y0d0250,True,0.02,4.0,1.0,1.0,4.119708906330867,0.0538286802365341,4.0,0.007445495027753157,0.44856282295819844,0.013686581408098454,0.0,1.0,0.004973546412611628,0.012294721280264032,0.004905264142987729,0.007331516406347443,-0.011583437920894857,0.003754449056024657,0.013559791274911331,0.009078488971220607,0.0,"[0.02227467475146645, 1.3847741367849997, -1.2, -0.12486767277292685, 1.5711627979365057, 1.0331946164332715, 0.03781392886992544, 1.534976746126043, 1.0655112267638374]"
prism1,351,/home/humanoid/Programs/hand/results/phase1/run_20260413_pollard_multiscene_500_run2_refined/prism1/generated_mjcf/scene_prism1_tn0d0039p0d0300p0d0031_ip0d0059n0d0183p0d0000_mn0d0001p0d0228p0d0000.xml,prism_y0d0250,True,0.02,4.0,1.0,1.0,4.076225735791803,0.05074614050348282,4.0,0.0078028461995386725,0.19950273798615065,0.0063217303195069454,0.00136897473467118,1.0,-0.0039166529420677654,0.03,0.0030983018076305748,0.005948787222563647,-0.01830520319058511,0.0,-8.798364502618158e-05,0.022791051162759063,0.0,"[0.02227467475146645, 1.3847741367849997, -1.2, -0.12486767277292685, 1.5711627979365057, 1.0331946164332715, 0.03781392886992544, 1.534976746126043, 1.0655112267638374]"
prism1,352,/home/humanoid/Programs/hand/results/phase1/run_20260413_pollard_multiscene_500_run2_refined/prism1/generated_mjcf/scene_prism1_tp0d0034p0d0300p0d0000_ip0d0204n0d0197p0d0092_mp0d0155p0d0230p0d0000.xml,prism_y0d0250,True,0.02,4.0,1.0,1.0,4.499096609799677,0.050017834103038075,5.0,0.00740833411653011,0.1275138314312936,0.0018793220134680514,0.0005256590648410331,1.0,0.003412975582055045,0.03,0.0,0.02042065736538831,-0.019749759999292973,0.009245880066049521,0.015487406880309437,0.023006546913343175,0.0,"[0.02227467475146645, 1.3847741367849997, -1.2, -0.12486767277292685, 1.5711627979365057, 1.0331946164332715, 0.03781392886992544, 1.534976746126043, 1.0655112267638374]"
prism1,353,/home/humanoid/Programs/hand/results/phase1/run_20260413_pollard_multiscene_500_run2_refined/prism1/generated_mjcf/scene_prism1_tn0d0050p0d0222p0d0028_ip0d0186n0d0214p0d0000_mp0d0034p0d0119p0d0000.xml,prism_y0d0250,True,0.02,4.0,1.0,1.0,4.5356447329614085,0.051154342902820366,5.0,0.00654892359645472,0.19208090897754376,0.0020599782942136635,4.06179443734056e-05,1.0,-0.005047223917157493,0.022200789717896637,0.0028366476511519825,0.018635731232781283,-0.021376923278164504,0.0,0.003401259195152824,0.011868629062635739,0.0,"[0.02227467475146645, 1.3847741367849997, -1.2, -0.12486767277292685, 1.5711627979365057, 1.0331946164332715, 0.03781392886992544, 1.534976746126043, 1.0655112267638374]"
prism1,354,/home/humanoid/Programs/hand/results/phase1/run_20260413_pollard_multiscene_500_run2_refined/prism1/generated_mjcf/scene_prism1_tn0d0091p0d0153p0d0119_ip0d0146n0d0101p0d0072_mp0d0135p0d0144p0d0004.xml,prism_y0d0250,True,0.02,4.0,1.0,1.0,4.121758300933886,0.051237216696911954,4.0,0.0068262876576512185,0.16619007002439307,0.004443439747849601,0.0005252132626644701,1.0,-0.009122841531660764,0.015328829962151869,0.011877526740116384,0.014612756735501714,-0.010136883345936687,0.00720381312614379,0.013454718008685671,0.014437668626407232,0.0003923962344445347,"[0.02227467475146645, 1.3847741367849997, -1.2, -0.12486767277292685, 1.5711627979365057, 1.0331946164332715, 0.03781392886992544, 1.534976746126043, 1.0655112267638374]"
prism1,355,/home/humanoid/Programs/hand/results/phase1/run_20260413_pollard_multiscene_500_run2_refined/prism1/generated_mjcf/scene_prism1_tn0d0108p0d0258p0d0000_ip0d0180n0d0144p0d0044_mp0d0085p0d0070p0d0005.xml,prism_y0d0250,True,0.02,4.0,1.0,1.0,4.937582692958353,0.050628814655396016,6.0,0.006623199363454746,0.1146159454042462,0.0006645049071601905,0.0,1.0,-0.010837836256156828,0.02584706010196519,0.0,0.017996213602326824,-0.014394856503673016,0.004360530785069212,0.00846710719667944,0.0070305058966985655,0.0004610260596799032,"[0.02227467475146645, 1.3847741367849997, -1.2, -0.12486767277292685, 1.5711627979365057, 1.0331946164332715, 0.03781392886992544, 1.534976746126043, 1.0655112267638374]"
prism1,356,/home/humanoid/Programs/hand/results/phase1/run_20260413_pollard_multiscene_500_run2_refined/prism1/generated_mjcf/scene_prism1_tp0d0112p0d0139p0d0000_ip0d0182n0d0152p0d0003_mp0d0115p0d0173p0d0074.xml,prism_y0d0250,True,0.02,4.0,1.0,1.0,3.9783723811261655,0.04918995819260229,4.0,0.008568732764453085,0.42056178527725424,0.006455936472643204,0.0020265669548800436,1.0,0.01115634821632247,0.013902861925370564,0.0,0.018235892805302557,-0.01517470826905366,0.0002586625091600264,0.011486192576683386,0.017257165777358207,0.007367364731213931,"[0.02227467475146645, 1.3847741367849997, -1.2, -0.12486767277292685, 1.5711627979365057, 1.0331946164332715, 0.03781392886992544, 1.534976746126043, 1.0655112267638374]"
prism1,357,/home/humanoid/Programs/hand/results/phase1/run_20260413_pollard_multiscene_500_run2_refined/prism1/generated_mjcf/scene_prism1_tn0d0022p0d0202p0d0000_ip0d0190n0d0081p0d0000_mp0d0023p0d0160p0d0000.xml,prism_y0d0250,True,0.02,4.0,1.0,1.0,4.80766571161344,0.04994677074241772,6.0,0.005365053251335561,0.7597085701290296,0.0026308120581925174,0.0,1.0,-0.0022114211001733417,0.02015239016423227,0.0,0.019037892298739346,-0.008147344233290962,0.0,0.0022584008568622242,0.01599825880223124,0.0,"[0.02227467475146645, 1.3847741367849997, -1.2, -0.12486767277292685, 1.5711627979365057, 1.0331946164332715, 0.03781392886992544, 1.534976746126043, 1.0655112267638374]"
prism1,358,/home/humanoid/Programs/hand/results/phase1/run_20260413_pollard_multiscene_500_run2_refined/prism1/generated_mjcf/scene_prism1_tn0d0032p0d0212p0d0000_ip0d0113n0d0003p0d0000_mp0d0087p0d0046p0d0074.xml,prism_y0d0250,True,0.02,4.0,1.0,1.0,4.481897227751864,0.04980478828696237,5.0,0.005253042643837244,0.2746508053732193,0.0015944426996936933,0.0,1.0,-0.0032261315123318663,0.0211871862183576,0.0,0.011311302439958055,-0.00033666258881834797,0.0,0.008688902469951895,0.004588963809888574,0.007431512844343829,"[0.02227467475146645, 1.3847741367849997, -1.2, -0.12486767277292685, 1.5711627979365057, 1.0331946164332715, 0.03781392886992544, 1.534976746126043, 1.0655112267638374]"
prism1,359,/home/humanoid/Programs/hand/results/phase1/run_20260413_pollard_multiscene_500_run2_refined/prism1/generated_mjcf/scene_prism1_tp0d0021p0d0300p0d0038_ip0d0094n0d0116p0d0000_mp0d0060p0d0178p0d0000.xml,prism_y0d0250,True,0.02,4.0,1.0,1.0,4.463926003640271,0.052050741634925055,5.0,0.006115087791737857,0.33734866259581936,0.012867553421799991,0.0014843465065381145,1.0,0.002053449878073278,0.03,0.003783683303278742,0.009426483925576358,-0.011583913748456132,0.0,0.006011042113765158,0.017809019608174263,0.0,"[0.02227467475146645, 1.3847741367849997, -1.2, -0.12486767277292685, 1.5711627979365057, 1.0331946164332715, 0.03781392886992544, 1.534976746126043, 1.0655112267638374]"
prism1,360,/home/humanoid/Programs/hand/results/phase1/run_20260413_pollard_multiscene_500_run2_refined/prism1/generated_mjcf/scene_prism1_tp0d0077p0d0288p0d0000_ip0d0146n0d0140p0d0000_mp0d0217p0d0090p0d0038.xml,prism_y0d0250,True,0.02,4.0,1.0,1.0,3.9891098572851984,0.05055076460013111,4.0,0.009115809283984798,0.6197217513019793,0.008115436446778113,0.001690366981287883,1.0,0.007692612643866344,0.028837691525292333,0.0,0.014600800689397628,-0.013961397513764087,0.0,0.02174568502353339,0.009014776072522324,0.003847079872144152,"[0.02227467475146645, 1.3847741367849997, -1.2, -0.12486767277292685, 1.5711627979365057, 1.0331946164332715, 0.03781392886992544, 1.534976746126043, 1.0655112267638374]"
prism1,361,/home/humanoid/Programs/hand/results/phase1/run_20260413_pollard_multiscene_500_run2_refined/prism1/generated_mjcf/scene_prism1_tp0d0063p0d0247p0d0000_ip0d0049n0d0079p0d0000_mp0d0212p0d0139p0d0013.xml,prism_y0d0250,True,0.02,4.0,1.0,1.0,4.930076783700618,0.05102514062033554,6.0,0.006733924807112248,0.11603359695330473,0.003977054935077199,8.899327028701054e-05,1.0,0.006298885232914844,0.024677701527575972,0.0,0.004865482952478182,-0.007899234012555876,0.0,0.021239068743524485,0.013910428198081467,0.0012518095585489566,"[0.02227467475146645, 1.3847741367849997, -1.2, -0.12486767277292685, 1.5711627979365057, 1.0331946164332715, 0.03781392886992544, 1.534976746126043, 1.0655112267638374]"
prism1,362,/home/humanoid/Programs/hand/results/phase1/run_20260413_pollard_multiscene_500_run2_refined/prism1/generated_mjcf/scene_prism1_tp0d0001p0d0184p0d0000_ip0d0200n0d0237p0d0113_mp0d0008p0d0136p0d0046.xml,prism_y0d0250,True,0.02,4.0,1.0,1.0,4.862218514467772,0.049852549061735404,6.0,0.006705419703463288,0.22255475802071434,0.004389793675220619,0.00079065729430082,1.0,9.038651703096798e-05,0.01835541066897918,0.0,0.02001264994905546,-0.023737975227585074,0.011274612962096212,0.000750582854815959,0.013632312421630632,0.004622285063949041,"[0.02227467475146645, 1.3847741367849997, -1.2, -0.12486767277292685, 1.5711627979365057, 1.0331946164332715, 0.03781392886992544, 1.534976746126043, 1.0655112267638374]"
prism1,363,/home/humanoid/Programs/hand/results/phase1/run_20260413_pollard_multiscene_500_run2_refined/prism1/generated_mjcf/scene_prism1_tp0d0072p0d0238p0d0000_ip0d0194n0d0139p0d0000_mp0d0167p0d0168p0d0000.xml,prism_y0d0250,True,0.02,4.0,1.0,1.0,4.501962619997624,0.04997985038637262,5.0,0.005295326999423097,0.1846103072129181,0.0014862324745029373,1.1045716468011113e-05,1.0,0.007206458439634005,0.02379163141151473,0.0,0.019368293958761447,-0.013866451305668421,0.0,0.01674031164559555,0.016847650557893175,0.0,"[0.02227467475146645, 1.3847741367849997, -1.2, -0.12486767277292685, 1.5711627979365057, 1.0331946164332715, 0.03781392886992544, 1.534976746126043, 1.0655112267638374]"
prism1,364,/home/humanoid/Programs/hand/results/phase1/run_20260413_pollard_multiscene_500_run2_refined/prism1/generated_mjcf/scene_prism1_tn0d0041p0d0101p0d0010_ip0d0016n0d0071p0d0013_mp0d0213p0d0036p0d0052.xml,prism_y0d0250,True,0.02,4.0,1.0,1.0,4.047109463999384,0.04967299494004707,4.0,0.0076866515247117585,0.120221295983764,0.009673143575879369,0.0,1.0,-0.004084384463942093,0.010142883921641723,0.000990451667586002,0.0015985144586338831,-0.007118649794417934,0.0013321773609604407,0.02130587540881341,0.003579389141666148,0.0051866735559624386,"[0.02227467475146645, 1.3847741367849997, -1.2, -0.12486767277292685, 1.5711627979365057, 1.0331946164332715, 0.03781392886992544, 1.534976746126043, 1.0655112267638374]"
prism1,365,/home/humanoid/Programs/hand/results/phase1/run_20260413_pollard_multiscene_500_run2_refined/prism1/generated_mjcf/scene_prism1_tn0d0071p0d0088p0d0031_ip0d0111n0d0170p0d0002_mn0d0007p0d0136p0d0018.xml,prism_y0d0250,True,0.02,4.0,1.0,1.0,3.9379973303875415,0.04992084058143181,4.0,0.0098285276781224,1.0642580452971624,0.0042946652816080195,0.00034736134350872583,1.0,-0.007111680416374847,0.00882751144408678,0.0030761017613265777,0.011097168626456416,-0.017043214039433305,0.00017592095316793822,-0.00067781911633992,0.013552297422319226,0.00184459033777753,"[0.02227467475146645, 1.3847741367849997, -1.2, -0.12486767277292685, 1.5711627979365057, 1.0331946164332715, 0.03781392886992544, 1.534976746126043, 1.0655112267638374]"
prism1,366,/home/humanoid/Programs/hand/results/phase1/run_20260413_pollard_multiscene_500_run2_refined/prism1/generated_mjcf/scene_prism1_tp0d0090p0d0283p0d0071_ip0d0201n0d0143p0d0000_mn0d0018p0d0143p0d0002.xml,prism_y0d0250,True,0.02,4.0,1.0,1.0,4.8984933515073195,0.05033973733589188,6.0,0.007264114001128877,0.16641529789387374,0.002491148667007273,0.0007466700467094051,1.0,0.008993048384683937,0.028332332885572582,0.007133172031471843,0.0201278457978318,-0.014265996985525718,0.0,-0.0017792897870281283,0.014276096134759242,0.00021827326428465292,"[0.02227467475146645, 1.3847741367849997, -1.2, -0.12486767277292685, 1.5711627979365057, 1.0331946164332715, 0.03781392886992544, 1.534976746126043, 1.0655112267638374]"
prism1,367,/home/humanoid/Programs/hand/results/phase1/run_20260413_pollard_multiscene_500_run2_refined/prism1/generated_mjcf/scene_prism1_tp0d0013p0d0300p0d0000_ip0d0055n0d0141p0d0078_mp0d0137p0d0226p0d0000.xml,prism_y0d0250,True,0.02,4.0,1.0,1.0,4.839401539212973,0.052919047382555734,6.0,0.005340690248700343,0.736063919051566,0.015279025136890568,0.0,1.0,0.0013243586582645864,0.03,0.0,0.005454282046486432,-0.014076684522502887,0.007848994918644388,0.013675916096374986,0.022612653700813792,0.0,"[0.02227467475146645, 1.3847741367849997, -1.2, -0.12486767277292685, 1.5711627979365057, 1.0331946164332715, 0.03781392886992544, 1.534976746126043, 1.0655112267638374]"
prism1,368,/home/humanoid/Programs/hand/results/phase1/run_20260413_pollard_multiscene_500_run2_refined/prism1/generated_mjcf/scene_prism1_tn0d0041p0d0084p0d0102_ip0d0153n0d0157p0d0001_mn0d0018p0d0221p0d0100.xml,prism_y0d0250,True,0.02,4.0,1.0,1.0,4.034471321737709,0.04871880043987803,4.0,0.010773468570017151,0.12401845600348754,0.0028902578969155247,0.001099620061330936,1.0,-0.004053401737318047,0.008430366835151014,0.010164258692179497,0.015257946914463924,-0.0156555570176925,0.00011680821710949654,-0.0017660762171259354,0.022104252712855398,0.010035043290268227,"[0.02227467475146645, 1.3847741367849997, -1.2, -0.12486767277292685, 1.5711627979365057, 1.0331946164332715, 0.03781392886992544, 1.534976746126043, 1.0655112267638374]"
prism1,369,/home/humanoid/Programs/hand/results/phase1/run_20260413_pollard_multiscene_500_run2_refined/prism1/generated_mjcf/scene_prism1_tn0d0058p0d0248p0d0003_ip0d0140n0d0106p0d0006_mp0d0122p0d0059p0d0000.xml,prism_y0d0250,True,0.02,4.0,1.0,1.0,5.032312144360848,0.05443377194897289,6.0,0.0055350567898802125,0.14153217521829642,0.006761655665116469,0.0,1.0,-0.0058268376677013956,0.024841286858219992,0.0002982599472535624,0.014002525851861946,-0.010559997507252046,0.0006057673427742397,0.012179493967528118,0.005867447662353625,0.0,"[0.02227467475146645, 1.3847741367849997, -1.2, -0.12486767277292685, 1.5711627979365057, 1.0331946164332715, 0.03781392886992544, 1.534976746126043, 1.0655112267638374]"
prism1,370,/home/humanoid/Programs/hand/results/phase1/run_20260413_pollard_multiscene_500_run2_refined/prism1/generated_mjcf/scene_prism1_tn0d0045p0d0101p0d0000_in0d0000n0d0203p0d0049_mn0d0014p0d0174p0d0000.xml,prism_y0d0250,True,0.02,4.0,1.0,1.0,4.034695755874128,0.04946223826439292,4.0,0.011932043826363653,0.33989236793771377,0.0015553708061125094,0.0010252013082971273,1.0,-0.0044817304554041985,0.010133206181426631,0.0,-4.208788127289288e-05,-0.020312697918262373,0.004931652050945971,-0.001420408213504953,0.01743343816215112,0.0,"[0.02227467475146645, 1.3847741367849997, -1.2, -0.12486767277292685, 1.5711627979365057, 1.0331946164332715, 0.03781392886992544, 1.534976746126043, 1.0655112267638374]"
prism1,371,/home/humanoid/Programs/hand/results/phase1/run_20260413_pollard_multiscene_500_run2_refined/prism1/generated_mjcf/scene_prism1_tp0d0060p0d0272p0d0000_ip0d0076n0d0158p0d0033_mp0d0058p0d0188p0d0080.xml,prism_y0d0250,True,0.02,4.0,1.0,1.0,3.8488445743958017,0.051693207607209746,5.0,0.005374844206820883,4.051025624020033,0.023669026639982098,0.0,1.0,0.006042441969243088,0.027228365459574227,0.0,0.007593758980041379,-0.015792569411251185,0.0033017785952277386,0.005776874706348101,0.01882102030819338,0.007980643465284785,"[0.02227467475146645, 1.3847741367849997, -1.2, -0.12486767277292685, 1.5711627979365057, 1.0331946164332715, 0.03781392886992544, 1.534976746126043, 1.0655112267638374]"
prism1,372,/home/humanoid/Programs/hand/results/phase1/run_20260413_pollard_multiscene_500_run2_refined/prism1/generated_mjcf/scene_prism1_tn0d0039p0d0221p0d0076_ip0d0216n0d0035p0d0114_mp0d0217p0d0048p0d0023.xml,prism_y0d0250,True,0.02,4.0,1.0,1.0,4.5216627050306055,0.04998492058271996,5.0,0.005442527547845609,0.0734904640628551,0.0009384741919260202,2.2503792326419858e-05,1.0,-0.0039367057456346135,0.022129036276644528,0.00759938668754058,0.021600388888547803,-0.003458654995397466,0.011387362033031666,0.021716500944982772,0.004846232690389937,0.0023329764739651176,"[0.02227467475146645, 1.3847741367849997, -1.2, -0.12486767277292685, 1.5711627979365057, 1.0331946164332715, 0.03781392886992544, 1.534976746126043, 1.0655112267638374]"
prism1,373,/home/humanoid/Programs/hand/results/phase1/run_20260413_pollard_multiscene_500_run2_refined/prism1/generated_mjcf/scene_prism1_tn0d0117p0d0102p0d0000_ip0d0216n0d0083p0d0034_mn0d0008p0d0137p0d0071.xml,prism_y0d0250,True,0.02,4.0,1.0,1.0,3.9853816891598397,0.04974640299671126,4.0,0.00891540840791234,0.622292735110478,0.00460727245719303,0.0014103378249583354,1.0,-0.011721801351998734,0.010249897424361614,0.0,0.021571248344733958,-0.008281985314991391,0.003362224881755657,-0.0008025599165518201,0.013740737562206125,0.007120033040254055,"[0.02227467475146645, 1.3847741367849997, -1.2, -0.12486767277292685, 1.5711627979365057, 1.0331946164332715, 0.03781392886992544, 1.534976746126043, 1.0655112267638374]"
prism1,374,/home/humanoid/Programs/hand/results/phase1/run_20260413_pollard_multiscene_500_run2_refined/prism1/generated_mjcf/scene_prism1_tn0d0012p0d0088p0d0000_in0d0013n0d0179p0d0087_mp0d0149p0d0097p0d0012.xml,prism_y0d0250,True,0.02,4.0,1.0,1.0,4.188625602873106,0.05530483645746771,4.0,0.007936135062752736,0.4520212663404595,0.010561368843614919,0.0,1.0,-0.0011870628156485583,0.008785765256269625,0.0,-0.0012845129532466984,-0.01790627764087028,0.008705030224436333,0.014947856117084853,0.009691392927035278,0.001202015562066389,"[0.02227467475146645, 1.3847741367849997, -1.2, -0.12486767277292685, 1.5711627979365057, 1.0331946164332715, 0.03781392886992544, 1.534976746126043, 1.0655112267638374]"
prism1,375,/home/humanoid/Programs/hand/results/phase1/run_20260413_pollard_multiscene_500_run2_refined/prism1/generated_mjcf/scene_prism1_tn0d0024p0d0249p0d0000_ip0d0189n0d0020p0d0086_mp0d0011p0d0101p0d0097.xml,prism_y0d0250,True,0.02,4.0,1.0,1.0,4.978546890464329,0.05412692696103493,6.0,0.005297928251854721,0.34695939617934557,0.008875964540213882,0.0,1.0,-0.002364992455036838,0.02485474196775472,0.0,0.0189458288206348,-0.0020460735160279016,0.008558192589777455,0.0010822010446346324,0.010070902748129561,0.009711010137673462,"[0.02227467475146645, 1.3847741367849997, -1.2, -0.12486767277292685, 1.5711627979365057, 1.0331946164332715, 0.03781392886992544, 1.534976746126043, 1.0655112267638374]"
prism1,376,/home/humanoid/Programs/hand/results/phase1/run_20260413_pollard_multiscene_500_run2_refined/prism1/generated_mjcf/scene_prism1_tp0d0105p0d0300p0d0000_ip0d0063n0d0138p0d0000_mn0d0013p0d0092p0d0107.xml,prism_y0d0250,True,0.02,4.0,1.0,1.0,0.11629819179251222,0.048458820872874356,4.0,0.012450875276148805,23.660583348676937,0.030643328167870593,0.013307424556233897,0.9222222222222223,0.010522744540146026,0.03,0.0,0.006265542463366365,-0.013777684366762381,0.0,-0.0013129549292847896,0.009179419376552186,0.010680191381843947,"[0.02227467475146645, 1.3847741367849997, -1.2, -0.12486767277292685, 1.5711627979365057, 1.0331946164332715, 0.03781392886992544, 1.534976746126043, 1.0655112267638374]"
prism1,377,/home/humanoid/Programs/hand/results/phase1/run_20260413_pollard_multiscene_500_run2_refined/prism1/generated_mjcf/scene_prism1_tp0d0098p0d0111p0d0000_ip0d0151n0d0201p0d0000_mp0d0220p0d0245p0d0000.xml,prism_y0d0250,True,0.02,4.0,1.0,1.0,4.070426886397555,0.049711288934903564,4.0,0.008888133545099033,0.10990303440334512,0.0017812449994917651,0.002043252839701623,1.0,0.00981687253429277,0.011120275617783176,0.0,0.015080426789617232,-0.020071235905748067,0.0,0.02197541611441125,0.024494177142076932,0.0,"[0.02227467475146645, 1.3847741367849997, -1.2, -0.12486767277292685, 1.5711627979365057, 1.0331946164332715, 0.03781392886992544, 1.534976746126043, 1.0655112267638374]"
prism1,378,/home/humanoid/Programs/hand/results/phase1/run_20260413_pollard_multiscene_500_run2_refined/prism1/generated_mjcf/scene_prism1_tn0d0031p0d0178p0d0000_ip0d0097n0d0197p0d0076_mp0d0193p0d0182p0d0000.xml,prism_y0d0250,True,0.02,4.0,1.0,1.0,4.938274412455546,0.05393712230046273,6.0,0.005461080983936453,0.46908618237311284,0.011373296456135051,0.0,1.0,-0.003080000567103787,0.01777371674284665,0.0,0.009742211201763528,-0.0197073930433107,0.007610088691735812,0.0192940940515098,0.01819294307398065,0.0,"[0.02227467475146645, 1.3847741367849997, -1.2, -0.12486767277292685, 1.5711627979365057, 1.0331946164332715, 0.03781392886992544, 1.534976746126043, 1.0655112267638374]"
prism1,379,/home/humanoid/Programs/hand/results/phase1/run_20260413_pollard_multiscene_500_run2_refined/prism1/generated_mjcf/scene_prism1_tp0d0005p0d0181p0d0102_ip0d0204n0d0113p0d0000_mp0d0040p0d0080p0d0000.xml,prism_y0d0250,True,0.02,4.0,1.0,1.0,3.8620556089184266,0.04993905228935074,5.0,0.005440227810926374,4.093568318764119,0.010149252962063022,0.0,1.0,0.0005063580441945943,0.018121217785754797,0.010185928300256861,0.020406265641012875,-0.011317239845225827,0.0,0.003969351811511051,0.00798329334682274,0.0,"[0.02227467475146645, 1.3847741367849997, -1.2, -0.12486767277292685, 1.5711627979365057, 1.0331946164332715, 0.03781392886992544, 1.534976746126043, 1.0655112267638374]"
prism1,380,/home/humanoid/Programs/hand/results/phase1/run_20260413_pollard_multiscene_500_run2_refined/prism1/generated_mjcf/scene_prism1_tp0d0053p0d0088p0d0051_ip0d0056n0d0156p0d0120_mp0d0025p0d0214p0d0000.xml,prism_y0d0250,True,0.02,4.0,1.0,1.0,3.981842187044313,0.0481107854939105,4.0,0.013443965556455648,0.2562864315505518,0.0023350949489659508,0.0018911533086054255,1.0,0.005349473339106178,0.008816536146796552,0.005122068738884589,0.005591055319891105,-0.015626360728080328,0.01198958202252913,0.00245615434592318,0.0213548310212551,0.0,"[0.02227467475146645, 1.3847741367849997, -1.2, -0.12486767277292685, 1.5711627979365057, 1.0331946164332715, 0.03781392886992544, 1.534976746126043, 1.0655112267638374]"
prism1,381,/home/humanoid/Programs/hand/results/phase1/run_20260413_pollard_multiscene_500_run2_refined/prism1/generated_mjcf/scene_prism1_tp0d0088p0d0272p0d0000_in0d0018n0d0006p0d0118_mp0d0039p0d0093p0d0065.xml,prism_y0d0250,True,0.02,4.0,1.0,1.0,5.108775675235536,0.05699965664663664,6.0,0.005803924980646291,0.2541592886345791,0.006080094023377847,0.0,1.0,0.00883521132348538,0.02723552528533489,0.0,-0.0017554778323576065,-0.0005744690308488714,0.011781042137225497,0.0038637391976680735,0.009288167528081906,0.006509256874247228,"[0.02227467475146645, 1.3847741367849997, -1.2, -0.12486767277292685, 1.5711627979365057, 1.0331946164332715, 0.03781392886992544, 1.534976746126043, 1.0655112267638374]"
prism1,382,/home/humanoid/Programs/hand/results/phase1/run_20260413_pollard_multiscene_500_run2_refined/prism1/generated_mjcf/scene_prism1_tp0d0073p0d0185p0d0056_ip0d0209n0d0050p0d0000_mp0d0188p0d0110p0d0000.xml,prism_y0d0250,True,0.02,4.0,1.0,1.0,4.896554452211015,0.05119368785616896,6.0,0.006342507488216321,0.22697443669538286,0.007615362826795572,0.00023343877611535502,1.0,0.007305359803473289,0.01853133851136897,0.005595346364554953,0.020921363985685365,-0.0049934306565185185,0.0,0.01877336898563437,0.011049691809589724,0.0,"[0.02227467475146645, 1.3847741367849997, -1.2, -0.12486767277292685, 1.5711627979365057, 1.0331946164332715, 0.03781392886992544, 1.534976746126043, 1.0655112267638374]"
prism1,383,/home/humanoid/Programs/hand/results/phase1/run_20260413_pollard_multiscene_500_run2_refined/prism1/generated_mjcf/scene_prism1_tn0d0118p0d0271p0d0000_ip0d0077n0d0076p0d0000_mp0d0104p0d0062p0d0000.xml,prism_y0d0250,True,0.02,4.0,1.0,1.0,4.596332272756531,0.05370012166548535,5.0,0.005426628897664591,0.1329167947499412,0.008730201421272692,0.0,1.0,-0.011835445780551481,0.02708227762575327,0.0,0.00774784304588942,-0.007563727153970494,0.0,0.010352447859135416,0.00620925942575782,0.0,"[0.02227467475146645, 1.3847741367849997, -1.2, -0.12486767277292685, 1.5711627979365057, 1.0331946164332715, 0.03781392886992544, 1.534976746126043, 1.0655112267638374]"
prism1,384,/home/humanoid/Programs/hand/results/phase1/run_20260413_pollard_multiscene_500_run2_refined/prism1/generated_mjcf/scene_prism1_tp0d0017p0d0255p0d0000_ip0d0031n0d0131p0d0000_mp0d0099p0d0257p0d0033.xml,prism_y0d0250,True,0.02,4.0,1.0,1.0,4.405213261583071,0.049831467522053835,5.0,0.006969943055968513,0.6070983205755724,0.0033506419560300066,0.0011483013128633923,1.0,0.0016914948769208415,0.025535338406468797,0.0,0.0031439657404761087,-0.0130591830163866,0.0,0.009858869067842405,0.02571102656057945,0.0032954859455089983,"[0.02227467475146645, 1.3847741367849997, -1.2, -0.12486767277292685, 1.5711627979365057, 1.0331946164332715, 0.03781392886992544, 1.534976746126043, 1.0655112267638374]"
prism1,385,/home/humanoid/Programs/hand/results/phase1/run_20260413_pollard_multiscene_500_run2_refined/prism1/generated_mjcf/scene_prism1_tn0d0097p0d0110p0d0000_ip0d0125n0d0058p0d0000_mp0d0078p0d0247p0d0000.xml,prism_y0d0250,True,0.02,4.0,1.0,1.0,4.087636158384684,0.04970740336962352,4.0,0.010048691209142244,0.1365663005414898,0.0009774226214970517,0.0004730080269707698,1.0,-0.009705485774302398,0.010951697871815396,0.0,0.01253462152769577,-0.0057613579648361415,0.0,0.007829687300922256,0.024665368578795213,0.0,"[0.02227467475146645, 1.3847741367849997, -1.2, -0.12486767277292685, 1.5711627979365057, 1.0331946164332715, 0.03781392886992544, 1.534976746126043, 1.0655112267638374]"
prism1,386,/home/humanoid/Programs/hand/results/phase1/run_20260413_pollard_multiscene_500_run2_refined/prism1/generated_mjcf/scene_prism1_tp0d0112p0d0234p0d0078_ip0d0165n0d0031p0d0000_mp0d0057p0d0176p0d0000.xml,prism_y0d0250,True,0.02,4.0,1.0,1.0,4.296069819250388,0.05051601477932738,5.0,0.005534033869558346,0.6734801929846476,0.02090189220223213,0.0028741040104887233,1.0,0.011221352133399164,0.023400693629328326,0.007817550025673033,0.016469362116625613,-0.0030606096441238902,0.0,0.0056810241222650226,0.017649806992087,0.0,"[0.02227467475146645, 1.3847741367849997, -1.2, -0.12486767277292685, 1.5711627979365057, 1.0331946164332715, 0.03781392886992544, 1.534976746126043, 1.0655112267638374]"
prism1,387,/home/humanoid/Programs/hand/results/phase1/run_20260413_pollard_multiscene_500_run2_refined/prism1/generated_mjcf/scene_prism1_tp0d0022p0d0296p0d0042_in0d0005n0d0213p0d0114_mn0d0003p0d0235p0d0117.xml,prism_y0d0250,True,0.02,4.0,1.0,1.0,4.44397469755863,0.05175705960538152,5.0,0.005891452091458656,0.34459224706910285,0.012238230757397195,0.0025517719035047653,1.0,0.0022174444709567916,0.02962539332540697,0.004156687339348996,-0.0005198644936682765,-0.02134521506551034,0.011364295824339798,-0.0003092501664925997,0.02351928518610475,0.011679372772733076,"[0.02227467475146645, 1.3847741367849997, -1.2, -0.12486767277292685, 1.5711627979365057, 1.0331946164332715, 0.03781392886992544, 1.534976746126043, 1.0655112267638374]"
prism1,388,/home/humanoid/Programs/hand/results/phase1/run_20260413_pollard_multiscene_500_run2_refined/prism1/generated_mjcf/scene_prism1_tn0d0081p0d0249p0d0074_ip0d0208n0d0041p0d0060_mp0d0165p0d0220p0d0000.xml,prism_y0d0250,True,0.02,4.0,1.0,1.0,4.56071003001424,0.051899892873103044,5.0,0.006013312592792994,0.16460443817131087,0.003178154938847376,0.0,1.0,-0.008107505421219302,0.024897468565151633,0.007392595337002955,0.020834492113102794,-0.004065712382739778,0.005970238289425941,0.01648862815479199,0.021974727226854895,0.0,"[0.02227467475146645, 1.3847741367849997, -1.2, -0.12486767277292685, 1.5711627979365057, 1.0331946164332715, 0.03781392886992544, 1.534976746126043, 1.0655112267638374]"
prism1,389,/home/humanoid/Programs/hand/results/phase1/run_20260413_pollard_multiscene_500_run2_refined/prism1/generated_mjcf/scene_prism1_tn0d0039p0d0285p0d0057_ip0d0208n0d0041p0d0036_mp0d0108p0d0059p0d0000.xml,prism_y0d0250,True,0.02,4.0,1.0,1.0,5.011343866451758,0.05273910315411066,6.0,0.0062168354622694835,0.050416493509068884,0.0024214331652026248,0.0,1.0,-0.0038931974279779093,0.02852385064265748,0.005709619844043064,0.020838318228018286,-0.0041099736522949,0.003648895908196892,0.0108003713735257,0.005888130359499352,0.0,"[0.02227467475146645, 1.3847741367849997, -1.2, -0.12486767277292685, 1.5711627979365057, 1.0331946164332715, 0.03781392886992544, 1.534976746126043, 1.0655112267638374]"
prism1,390,/home/humanoid/Programs/hand/results/phase1/run_20260413_pollard_multiscene_500_run2_refined/prism1/generated_mjcf/scene_prism1_tp0d0111p0d0091p0d0111_ip0d0003n0d0059p0d0000_mp0d0056p0d0107p0d0000.xml,prism_y0d0250,True,0.02,4.0,1.0,1.0,3.9304826746119996,0.048824962950007295,4.0,0.008559094670784034,0.5299443587934701,0.005303571407181491,0.00416331308621487,1.0,0.011086732584622856,0.009114061201632327,0.011143108779249625,0.00025073679208613593,-0.0059266445125180246,0.0,0.0055913408234708984,0.010650676511304417,0.0,"[0.02227467475146645, 1.3847741367849997, -1.2, -0.12486767277292685, 1.5711627979365057, 1.0331946164332715, 0.03781392886992544, 1.534976746126043, 1.0655112267638374]"
prism1,391,/home/humanoid/Programs/hand/results/phase1/run_20260413_pollard_multiscene_500_run2_refined/prism1/generated_mjcf/scene_prism1_tp0d0086p0d0123p0d0089_ip0d0070n0d0226p0d0091_mp0d0164p0d0140p0d0037.xml,prism_y0d0250,True,0.02,4.0,1.0,1.0,4.012388516578477,0.04925131624682691,4.0,0.010063317997180755,0.14916176320298238,0.009449199375216757,0.0010176212778629512,1.0,0.008609555327129374,0.012341154397680697,0.008912346989687733,0.007000500798774553,-0.022583043905803016,0.009075589409086891,0.016411278947240843,0.014031523004441703,0.003694186370186217,"[0.02227467475146645, 1.3847741367849997, -1.2, -0.12486767277292685, 1.5711627979365057, 1.0331946164332715, 0.03781392886992544, 1.534976746126043, 1.0655112267638374]"
prism1,392,/home/humanoid/Programs/hand/results/phase1/run_20260413_pollard_multiscene_500_run2_refined/prism1/generated_mjcf/scene_prism1_tp0d0043p0d0176p0d0012_ip0d0077n0d0128p0d0049_mp0d0080p0d0130p0d0065.xml,prism_y0d0250,True,0.02,4.0,1.0,1.0,4.114361305316556,0.05053927758043332,4.0,0.008512631552198127,0.13908786875421597,0.0011722787597995268,0.0007992745018570724,1.0,0.004254000457927461,0.01759718261799633,0.0011591161610298387,0.007690670392919728,-0.012804244452743358,0.0048799535306744725,0.007961258183951048,0.01299761563100522,0.006523599200057,"[0.02227467475146645, 1.3847741367849997, -1.2, -0.12486767277292685, 1.5711627979365057, 1.0331946164332715, 0.03781392886992544, 1.534976746126043, 1.0655112267638374]"
prism1,393,/home/humanoid/Programs/hand/results/phase1/run_20260413_pollard_multiscene_500_run2_refined/prism1/generated_mjcf/scene_prism1_tn0d0050p0d0163p0d0000_ip0d0035n0d0034p0d0000_mp0d0059p0d0048p0d0000.xml,prism_y0d0250,True,0.02,4.0,1.0,1.0,4.8900274899662755,0.05239769798849274,6.0,0.005695670649601313,0.42404766449028763,0.011482241443037467,0.0,1.0,-0.004985988495398425,0.016300216267685623,0.0,0.0034683806033389258,-0.003396272985994214,0.0,0.005879648740595553,0.004792153550523294,0.0,"[0.02227467475146645, 1.3847741367849997, -1.2, -0.12486767277292685, 1.5711627979365057, 1.0331946164332715, 0.03781392886992544, 1.534976746126043, 1.0655112267638374]"
prism1,394,/home/humanoid/Programs/hand/results/phase1/run_20260413_pollard_multiscene_500_run2_refined/prism1/generated_mjcf/scene_prism1_tp0d0025p0d0092p0d0113_ip0d0219n0d0209p0d0000_mp0d0081p0d0097p0d0000.xml,prism_y0d0250,True,0.02,4.0,1.0,1.0,4.25236074372971,0.0488611214245556,5.0,0.005735263353654208,0.2904330221244313,0.02503547417920015,0.0043775150857134765,1.0,0.002490598221685335,0.00915709564276886,0.011311791537951966,0.021897171626930806,-0.020911052181316225,0.0,0.008075035345848846,0.009678888052115298,0.0,"[0.02227467475146645, 1.3847741367849997, -1.2, -0.12486767277292685, 1.5711627979365057, 1.0331946164332715, 0.03781392886992544, 1.534976746126043, 1.0655112267638374]"
prism1,395,/home/humanoid/Programs/hand/results/phase1/run_20260413_pollard_multiscene_500_run2_refined/prism1/generated_mjcf/scene_prism1_tn0d0095p0d0197p0d0090_ip0d0217n0d0162p0d0000_mp0d0137p0d0125p0d0097.xml,prism_y0d0250,True,0.02,4.0,1.0,1.0,4.483246894594206,0.049999888707659146,5.0,0.005479439299110593,0.2828288423924443,0.002227667536129286,0.0,1.0,-0.00953061315295389,0.01970784975786273,0.009043612848737722,0.02166338004553322,-0.01616864958747996,0.0,0.01367630035117491,0.012518278257087605,0.009730640697078064,"[0.02227467475146645, 1.3847741367849997, -1.2, -0.12486767277292685, 1.5711627979365057, 1.0331946164332715, 0.03781392886992544, 1.534976746126043, 1.0655112267638374]"
prism1,396,/home/humanoid/Programs/hand/results/phase1/run_20260413_pollard_multiscene_500_run2_refined/prism1/generated_mjcf/scene_prism1_tp0d0070p0d0222p0d0038_ip0d0151n0d0084p0d0000_mp0d0110p0d0104p0d0000.xml,prism_y0d0250,True,0.02,4.0,1.0,1.0,4.524665959296166,0.04998873359799667,5.0,0.005344545934818908,0.06205199093939176,0.000724150268080942,4.982704289042961e-05,1.0,0.007035811052865017,0.02218081977592099,0.003815341310432256,0.01510725445699214,-0.008439512570922078,0.0,0.010976962247331351,0.01039287020671183,0.0,"[0.02227467475146645, 1.3847741367849997, -1.2, -0.12486767277292685, 1.5711627979365057, 1.0331946164332715, 0.03781392886992544, 1.534976746126043, 1.0655112267638374]"
prism1,397,/home/humanoid/Programs/hand/results/phase1/run_20260413_pollard_multiscene_500_run2_refined/prism1/generated_mjcf/scene_prism1_tp0d0042p0d0183p0d0082_ip0d0033n0d0180p0d0088_mp0d0066p0d0266p0d0000.xml,prism_y0d0250,True,0.02,4.0,1.0,1.0,3.981037870944749,0.04878518365970271,4.0,0.011361047648811849,0.28753778591728446,0.00540882286895493,0.002344821395491678,1.0,0.004177515190882806,0.018256379083365838,0.008178273670573787,0.0032815323204622516,-0.01803993751952694,0.008760822790220408,0.006593736646331887,0.02663481077537399,0.0,"[0.02227467475146645, 1.3847741367849997, -1.2, -0.12486767277292685, 1.5711627979365057, 1.0331946164332715, 0.03781392886992544, 1.534976746126043, 1.0655112267638374]"
prism1,398,/home/humanoid/Programs/hand/results/phase1/run_20260413_pollard_multiscene_500_run2_refined/prism1/generated_mjcf/scene_prism1_tp0d0086p0d0213p0d0009_ip0d0108n0d0199p0d0066_mp0d0077p0d0183p0d0034.xml,prism_y0d0250,True,0.02,4.0,1.0,1.0,4.394145871109203,0.049762161127821086,5.0,0.005297667166088872,0.777969497911477,0.003337930693275429,1.7618765498592093e-05,1.0,0.008571605710506466,0.021259249860929377,0.0008803123529353071,0.010802095205575884,-0.019921780238881113,0.006613136719011141,0.007685854373764274,0.0183301494512482,0.003400613466890816,"[0.02227467475146645, 1.3847741367849997, -1.2, -0.12486767277292685, 1.5711627979365057, 1.0331946164332715, 0.03781392886992544, 1.534976746126043, 1.0655112267638374]"
prism1,399,/home/humanoid/Programs/hand/results/phase1/run_20260413_pollard_multiscene_500_run2_refined/prism1/generated_mjcf/scene_prism1_tp0d0088p0d0300p0d0009_ip0d0029n0d0117p0d0120_mp0d0050p0d0090p0d0058.xml,prism_y0d0250,True,0.02,4.0,1.0,1.0,3.7290168993123984,0.049106935351663314,4.0,0.010078149793567496,1.8241170845779313,0.01248171733191808,0.0017551393108737184,1.0,0.008824535085985016,0.03,0.0008932574776091152,0.0029455698672819766,-0.011691082195174523,0.011978490078858362,0.005010734973117511,0.00897510569587991,0.0057671861599445234,"[0.02227467475146645, 1.3847741367849997, -1.2, -0.12486767277292685, 1.5711627979365057, 1.0331946164332715, 0.03781392886992544, 1.534976746126043, 1.0655112267638374]"
prism1,400,/home/humanoid/Programs/hand/results/phase1/run_20260413_pollard_multiscene_500_run2_refined/prism1/generated_mjcf/scene_prism1_tp0d0094p0d0127p0d0051_ip0d0209n0d0108p0d0092_mp0d0144p0d0193p0d0000.xml,prism_y0d0250,True,0.02,4.0,1.0,1.0,4.050025763796888,0.049372868145806464,4.0,0.012061974226465535,0.20746272763382856,0.0006467278977609672,0.0015750746934806298,1.0,0.009372313123217593,0.012687591986216464,0.005107999205280118,0.020884326403043323,-0.01077608685664617,0.009235654013356007,0.014419671401879495,0.01932431120884613,0.0,"[0.02227467475146645, 1.3847741367849997, -1.2, -0.12486767277292685, 1.5711627979365057, 1.0331946164332715, 0.03781392886992544, 1.534976746126043, 1.0655112267638374]"
prism1,401,/home/humanoid/Programs/hand/results/phase1/run_20260413_pollard_multiscene_500_run2_refined/prism1/generated_mjcf/scene_prism1_tn0d0066p0d0138p0d0000_ip0d0011n0d0196p0d0076_mp0d0043p0d0047p0d0000.xml,prism_y0d0250,True,0.02,4.0,1.0,1.0,4.510523420047078,0.04957150229224184,5.0,0.005251388039378603,0.057925494389599874,0.00015407359848722027,0.0003635931961054467,1.0,-0.006568166016017537,0.013757574947577381,0.0,0.001065966599342636,-0.01962445671424908,0.0076232278739171815,0.004307982889677852,0.004710504044540714,0.0,"[0.02227467475146645, 1.3847741367849997, -1.2, -0.12486767277292685, 1.5711627979365057, 1.0331946164332715, 0.03781392886992544, 1.534976746126043, 1.0655112267638374]"
prism1,402,/home/humanoid/Programs/hand/results/phase1/run_20260413_pollard_multiscene_500_run2_refined/prism1/generated_mjcf/scene_prism1_tn0d0061p0d0117p0d0000_ip0d0051n0d0055p0d0000_mp0d0162p0d0205p0d0000.xml,prism_y0d0250,True,0.02,4.0,1.0,1.0,4.527724894489933,0.0503413303975849,5.0,0.007402037223740255,0.09783927291786615,0.0007258728182795777,3.220559422503766e-05,1.0,-0.006070162506608994,0.011700464662166754,0.0,0.005108954427857113,-0.005521412233569041,0.0,0.0161877500683167,0.020471673403065584,0.0,"[0.02227467475146645, 1.3847741367849997, -1.2, -0.12486767277292685, 1.5711627979365057, 1.0331946164332715, 0.03781392886992544, 1.534976746126043, 1.0655112267638374]"
prism1,403,/home/humanoid/Programs/hand/results/phase1/run_20260413_pollard_multiscene_500_run2_refined/prism1/generated_mjcf/scene_prism1_tn0d0060p0d0300p0d0038_ip0d0005n0d0059p0d0000_mp0d0128p0d0242p0d0000.xml,prism_y0d0250,True,0.02,4.0,1.0,1.0,4.90491947130688,0.050520752993255605,6.0,0.006406113620480134,0.099382019214054,0.004502152237738169,0.000714536658964135,1.0,-0.006013261280368498,0.03,0.0037994320888812723,0.0004817540822769067,-0.005867111497752016,0.0,0.01282047936393451,0.024198128950756195,0.0,"[0.02227467475146645, 1.3847741367849997, -1.2, -0.12486767277292685, 1.5711627979365057, 1.0331946164332715, 0.03781392886992544, 1.534976746126043, 1.0655112267638374]"
prism1,404,/home/humanoid/Programs/hand/results/phase1/run_20260413_pollard_multiscene_500_run2_refined/prism1/generated_mjcf/scene_prism1_tp0d0014p0d0095p0d0078_ip0d0166n0d0207p0d0000_mp0d0045p0d0151p0d0008.xml,prism_y0d0250,True,0.02,4.0,1.0,1.0,3.9423911226597497,0.0482190786014368,4.0,0.007644170261099482,0.18937191476028833,0.015626748296429623,0.0006518342396432258,1.0,0.001414445381986533,0.009486985216727615,0.007769364107765152,0.01657461588220816,-0.020718033407936723,0.0,0.004544141871500557,0.01511193721917458,0.0007559026465335395,"[0.02227467475146645, 1.3847741367849997, -1.2, -0.12486767277292685, 1.5711627979365057, 1.0331946164332715, 0.03781392886992544, 1.534976746126043, 1.0655112267638374]"
prism1,405,/home/humanoid/Programs/hand/results/phase1/run_20260413_pollard_multiscene_500_run2_refined/prism1/generated_mjcf/scene_prism1_tn0d0054p0d0250p0d0000_in0d0008n0d0049p0d0000_mp0d0209p0d0196p0d0000.xml,prism_y0d0250,True,0.02,4.0,1.0,1.0,4.949191442880612,0.05066642140392837,6.0,0.006740158987728943,0.05212526266634736,0.0004723664802451479,0.0,1.0,-0.005358389402565853,0.025047091820678522,0.0,-0.0007916345280545387,-0.004914922017206636,0.0,0.020890783474579788,0.019618085441763078,0.0,"[0.02227467475146645, 1.3847741367849997, -1.2, -0.12486767277292685, 1.5711627979365057, 1.0331946164332715, 0.03781392886992544, 1.534976746126043, 1.0655112267638374]"
prism1,406,/home/humanoid/Programs/hand/results/phase1/run_20260413_pollard_multiscene_500_run2_refined/prism1/generated_mjcf/scene_prism1_tn0d0060p0d0184p0d0000_ip0d0056n0d0197p0d0000_mp0d0095p0d0212p0d0075.xml,prism_y0d0250,True,0.02,4.0,1.0,1.0,4.492070903342169,0.049907763024342695,5.0,0.0073706625193770275,0.15893447791031856,0.001308082568084372,0.0006892341980014455,1.0,-0.005993677595785198,0.018350511114540634,0.0,0.005583373121617044,-0.019703464659717004,0.0,0.009452975904973352,0.021158879065359362,0.007512942109960084,"[0.02227467475146645, 1.3847741367849997, -1.2, -0.12486767277292685, 1.5711627979365057, 1.0331946164332715, 0.03781392886992544, 1.534976746126043, 1.0655112267638374]"
prism1,407,/home/humanoid/Programs/hand/results/phase1/run_20260413_pollard_multiscene_500_run2_refined/prism1/generated_mjcf/scene_prism1_tn0d0051p0d0279p0d0054_ip0d0150n0d0131p0d0007_mp0d0011p0d0239p0d0037.xml,prism_y0d0250,True,0.02,4.0,1.0,1.0,4.93564055644245,0.05346239515966959,6.0,0.005558206592045957,0.23949468674327873,0.014750442991733758,0.0,1.0,-0.005140192786809574,0.027934052286104214,0.0054220926649164,0.01495389301596657,-0.013107166884916394,0.0007151348632215403,0.0010701092854143394,0.023868681030051596,0.003737171765941818,"[0.02227467475146645, 1.3847741367849997, -1.2, -0.12486767277292685, 1.5711627979365057, 1.0331946164332715, 0.03781392886992544, 1.534976746126043, 1.0655112267638374]"
prism1,408,/home/humanoid/Programs/hand/results/phase1/run_20260413_pollard_multiscene_500_run2_refined/prism1/generated_mjcf/scene_prism1_tn0d0031p0d0175p0d0000_ip0d0080n0d0202p0d0000_mp0d0019p0d0207p0d0000.xml,prism_y0d0250,True,0.02,4.0,1.0,1.0,4.544953322155189,0.050026973902223895,6.0,0.005323151127759965,2.393700486511201,0.006048231531741188,0.0,1.0,-0.0031305004524421823,0.017539118084760424,0.0,0.008034582351909472,-0.02018176662419567,0.0,0.0019428792417899906,0.020656344238335456,0.0,"[0.02227467475146645, 1.3847741367849997, -1.2, -0.12486767277292685, 1.5711627979365057, 1.0331946164332715, 0.03781392886992544, 1.534976746126043, 1.0655112267638374]"
prism1,409,/home/humanoid/Programs/hand/results/phase1/run_20260413_pollard_multiscene_500_run2_refined/prism1/generated_mjcf/scene_prism1_tn0d0016p0d0090p0d0000_ip0d0077n0d0186p0d0000_mp0d0089p0d0119p0d0000.xml,prism_y0d0250,True,0.02,4.0,1.0,1.0,4.047627553681816,0.049869361348298155,4.0,0.00873526467361401,0.46774478162654204,0.0004064288047117665,0.0006441061740949522,1.0,-0.0016323170947495774,0.009036595485457571,0.0,0.007686997919964198,-0.018553378636850654,0.0,0.00890338183766952,0.011899722188182634,0.0,"[0.02227467475146645, 1.3847741367849997, -1.2, -0.12486767277292685, 1.5711627979365057, 1.0331946164332715, 0.03781392886992544, 1.534976746126043, 1.0655112267638374]"
prism1,410,/home/humanoid/Programs/hand/results/phase1/run_20260413_pollard_multiscene_500_run2_refined/prism1/generated_mjcf/scene_prism1_tn0d0053p0d0114p0d0023_ip0d0085n0d0114p0d0018_mp0d0188p0d0116p0d0014.xml,prism_y0d0250,True,0.02,4.0,1.0,1.0,4.510657779619763,0.052451927950752875,5.0,0.007475957995361011,0.32058057805691453,0.010353449326221419,0.0,1.0,-0.005293281935177009,0.011409198503569133,0.0023185881529035456,0.008519201573778543,-0.011410397534888745,0.0017575752571704177,0.01881142883562955,0.011645587587469603,0.00142551727874291,"[0.02227467475146645, 1.3847741367849997, -1.2, -0.12486767277292685, 1.5711627979365057, 1.0331946164332715, 0.03781392886992544, 1.534976746126043, 1.0655112267638374]"
prism1,411,/home/humanoid/Programs/hand/results/phase1/run_20260413_pollard_multiscene_500_run2_refined/prism1/generated_mjcf/scene_prism1_tn0d0048p0d0150p0d0000_ip0d0065n0d0078p0d0000_mn0d0008p0d0033p0d0000.xml,prism_y0d0250,True,0.02,4.0,1.0,1.0,4.612979538871484,0.055351145350881016,5.0,0.006944760109696861,0.43740703250392615,0.007468328885728222,0.0,1.0,-0.00483454322046063,0.0150354995281941,0.0,0.006463405685212573,-0.007794424323765136,0.0,-0.0007991368204927872,0.003305963248475482,0.0,"[0.02227467475146645, 1.3847741367849997, -1.2, -0.12486767277292685, 1.5711627979365057, 1.0331946164332715, 0.03781392886992544, 1.534976746126043, 1.0655112267638374]"
prism1,412,/home/humanoid/Programs/hand/results/phase1/run_20260413_pollard_multiscene_500_run2_refined/prism1/generated_mjcf/scene_prism1_tn0d0022p0d0223p0d0000_ip0d0189n0d0096p0d0055_mp0d0016p0d0090p0d0000.xml,prism_y0d0250,True,0.02,4.0,1.0,1.0,5.006947124479536,0.05279636269564779,6.0,0.005960417234641149,0.09938566951349188,0.0023494808286383855,0.0,1.0,-0.0021633292292821196,0.02230517427223252,0.0,0.018897786349753608,-0.009618802295454976,0.005502816790046914,0.0016095316072317848,0.009027481605026609,0.0,"[0.02227467475146645, 1.3847741367849997, -1.2, -0.12486767277292685, 1.5711627979365057, 1.0331946164332715, 0.03781392886992544, 1.534976746126043, 1.0655112267638374]"
prism1,413,/home/humanoid/Programs/hand/results/phase1/run_20260413_pollard_multiscene_500_run2_refined/prism1/generated_mjcf/scene_prism1_tp0d0027p0d0123p0d0068_ip0d0058n0d0063p0d0039_mp0d0002p0d0195p0d0072.xml,prism_y0d0250,True,0.02,4.0,1.0,1.0,4.008378754073324,0.04877050473811148,4.0,0.009112267699299051,0.3205941681407898,0.0034969624726841316,0.0009411230253963121,1.0,0.0026700165276494457,0.01226117259601896,0.006755428193157744,0.005831519725040962,-0.006284982002491805,0.003932208229509883,0.0001521947786814904,0.019464330946787185,0.007165036133727081,"[0.02227467475146645, 1.3847741367849997, -1.2, -0.12486767277292685, 1.5711627979365057, 1.0331946164332715, 0.03781392886992544, 1.534976746126043, 1.0655112267638374]"
prism1,414,/home/humanoid/Programs/hand/results/phase1/run_20260413_pollard_multiscene_500_run2_refined/prism1/generated_mjcf/scene_prism1_tp0d0119p0d0161p0d0000_ip0d0066n0d0103p0d0010_mn0d0012p0d0040p0d0000.xml,prism_y0d0250,True,0.02,4.0,1.0,1.0,4.532743310161359,0.049971638484834116,5.0,0.005257709166535086,0.01957640190156835,0.00024251696855442947,0.00011308803151696689,1.0,0.011926975172027825,0.016136097000490002,0.0,0.006603760238197899,-0.010256639026435648,0.000980959618551415,-0.0012493701764418955,0.004048123202399532,0.0,"[0.02227467475146645, 1.3847741367849997, -1.2, -0.12486767277292685, 1.5711627979365057, 1.0331946164332715, 0.03781392886992544, 1.534976746126043, 1.0655112267638374]"
prism1,415,/home/humanoid/Programs/hand/results/phase1/run_20260413_pollard_multiscene_500_run2_refined/prism1/generated_mjcf/scene_prism1_tp0d0091p0d0097p0d0079_ip0d0109n0d0031p0d0000_mp0d0176p0d0167p0d0000.xml,prism_y0d0250,True,0.02,4.0,1.0,1.0,4.460317016436831,0.04956405006352471,5.0,0.007978317013053843,0.2837156860800889,0.002081306041895782,0.00028524271641983123,1.0,0.00906606741877758,0.009713425617874147,0.00791014140138167,0.010867190352182917,-0.003114253838119847,0.0,0.017584104657214175,0.01666546351720368,0.0,"[0.02227467475146645, 1.3847741367849997, -1.2, -0.12486767277292685, 1.5711627979365057, 1.0331946164332715, 0.03781392886992544, 1.534976746126043, 1.0655112267638374]"
prism1,416,/home/humanoid/Programs/hand/results/phase1/run_20260413_pollard_multiscene_500_run2_refined/prism1/generated_mjcf/scene_prism1_tn0d0072p0d0300p0d0000_in0d0010n0d0137p0d0020_mp0d0146p0d0033p0d0000.xml,prism_y0d0250,True,0.02,4.0,1.0,1.0,4.016753410277035,0.050227264786901954,4.0,0.009219726701683657,0.4417889780811956,0.0053207280653139975,0.002047390729758569,1.0,-0.007174041971646325,0.03,0.0,-0.0009581709355264475,-0.013714458911787292,0.0019873955854658922,0.014588047567082667,0.0033140840490026857,0.0,"[0.02227467475146645, 1.3847741367849997, -1.2, -0.12486767277292685, 1.5711627979365057, 1.0331946164332715, 0.03781392886992544, 1.534976746126043, 1.0655112267638374]"
prism1,417,/home/humanoid/Programs/hand/results/phase1/run_20260413_pollard_multiscene_500_run2_refined/prism1/generated_mjcf/scene_prism1_tn0d0119p0d0130p0d0033_ip0d0053n0d0196p0d0063_mp0d0108p0d0186p0d0073.xml,prism_y0d0250,True,0.02,4.0,1.0,1.0,4.094287219856604,0.04960610297605691,4.0,0.00820599255841748,0.06154193352373626,0.0014747009725163396,0.0006195752770745966,1.0,-0.011856844397496631,0.01301493444648736,0.0033127292805139857,0.005330779465385114,-0.019633635020686522,0.006301068543077583,0.01080103995901315,0.018606390761993538,0.007283380888463132,"[0.02227467475146645, 1.3847741367849997, -1.2, -0.12486767277292685, 1.5711627979365057, 1.0331946164332715, 0.03781392886992544, 1.534976746126043, 1.0655112267638374]"
prism1,418,/home/humanoid/Programs/hand/results/phase1/run_20260413_pollard_multiscene_500_run2_refined/prism1/generated_mjcf/scene_prism1_tn0d0063p0d0094p0d0039_ip0d0171n0d0119p0d0074_mp0d0067p0d0205p0d0006.xml,prism_y0d0250,True,0.02,4.0,1.0,1.0,4.104936133561521,0.050117613123517105,4.0,0.012038495117769098,0.11540140456048037,0.0006130583667345263,0.0003428978867966864,1.0,-0.006296620053095982,0.009416219417424817,0.003924512405020338,0.01710157573507877,-0.01187522612800575,0.007410642288759425,0.006671445387090337,0.020463784667246666,0.0006463969782932299,"[0.02227467475146645, 1.3847741367849997, -1.2, -0.12486767277292685, 1.5711627979365057, 1.0331946164332715, 0.03781392886992544, 1.534976746126043, 1.0655112267638374]"
prism1,419,/home/humanoid/Programs/hand/results/phase1/run_20260413_pollard_multiscene_500_run2_refined/prism1/generated_mjcf/scene_prism1_tn0d0041p0d0241p0d0000_ip0d0099n0d0077p0d0052_mp0d0009p0d0211p0d0000.xml,prism_y0d0250,True,0.02,4.0,1.0,1.0,4.339996374014364,0.05046854039259893,5.0,0.005372110112144624,0.7639589511957307,0.016844079470491696,0.0,1.0,-0.0041412976865153744,0.02409152225526526,0.0,0.009925318078709394,-0.0076590425951469,0.005194099965976872,0.0008881900785973618,0.021141476289865326,0.0,"[0.02227467475146645, 1.3847741367849997, -1.2, -0.12486767277292685, 1.5711627979365057, 1.0331946164332715, 0.03781392886992544, 1.534976746126043, 1.0655112267638374]"
prism1,420,/home/humanoid/Programs/hand/results/phase1/run_20260413_pollard_multiscene_500_run2_refined/prism1/generated_mjcf/scene_prism1_tp0d0071p0d0239p0d0000_ip0d0117n0d0022p0d0000_mp0d0151p0d0196p0d0030.xml,prism_y0d0250,True,0.02,4.0,1.0,1.0,4.81256616070758,0.04997576354978628,6.0,0.007179862464517806,0.6012597768014815,0.0031806629555118943,0.0010794078627174714,1.0,0.007137772626772659,0.023857670287552885,0.0,0.011669115350941957,-0.002227125826247416,0.0,0.015091260244914308,0.019558435737760817,0.0029842274549594285,"[0.02227467475146645, 1.3847741367849997, -1.2, -0.12486767277292685, 1.5711627979365057, 1.0331946164332715, 0.03781392886992544, 1.534976746126043, 1.0655112267638374]"
prism1,421,/home/humanoid/Programs/hand/results/phase1/run_20260413_pollard_multiscene_500_run2_refined/prism1/generated_mjcf/scene_prism1_tp0d0031p0d0156p0d0000_ip0d0072n0d0037p0d0005_mp0d0046p0d0088p0d0005.xml,prism_y0d0250,True,0.02,4.0,1.0,1.0,4.060632685792766,0.05009879417301677,4.0,0.00804524339645988,0.3016665426054058,0.003091391628338316,0.0010780243590883948,1.0,0.003101723536340091,0.015595989589606042,0.0,0.0072454315533282704,-0.003652126546145917,0.0005213155205137689,0.004554379635483783,0.008842974072948777,0.0005496837176906175,"[0.02227467475146645, 1.3847741367849997, -1.2, -0.12486767277292685, 1.5711627979365057, 1.0331946164332715, 0.03781392886992544, 1.534976746126043, 1.0655112267638374]"
prism1,422,/home/humanoid/Programs/hand/results/phase1/run_20260413_pollard_multiscene_500_run2_refined/prism1/generated_mjcf/scene_prism1_tp0d0075p0d0090p0d0000_ip0d0095n0d0057p0d0041_mp0d0134p0d0225p0d0000.xml,prism_y0d0250,True,0.02,4.0,1.0,1.0,4.093183523520688,0.04964872471536838,4.0,0.011204906771593602,0.06246391238165855,0.0006251229713842571,0.0007493086073719346,1.0,0.00753359398917278,0.009021919988826161,0.0,0.009544862541769275,-0.005731684550799405,0.004082674828820045,0.013428867191625499,0.02246770650074717,0.0,"[0.02227467475146645, 1.3847741367849997, -1.2, -0.12486767277292685, 1.5711627979365057, 1.0331946164332715, 0.03781392886992544, 1.534976746126043, 1.0655112267638374]"
prism1,423,/home/humanoid/Programs/hand/results/phase1/run_20260413_pollard_multiscene_500_run2_refined/prism1/generated_mjcf/scene_prism1_tp0d0012p0d0181p0d0075_ip0d0212n0d0045p0d0015_mp0d0201p0d0059p0d0019.xml,prism_y0d0250,True,0.02,4.0,1.0,1.0,4.54434445593673,0.052207028504372026,5.0,0.006983360661360454,0.2242601206963444,0.005882633714853117,0.0,1.0,0.001238563357003111,0.018056065507205808,0.007519693428228502,0.021206132398409232,-0.004470630085174411,0.001547317764403448,0.020053196267056254,0.005944634302786423,0.0019053686702290105,"[0.02227467475146645, 1.3847741367849997, -1.2, -0.12486767277292685, 1.5711627979365057, 1.0331946164332715, 0.03781392886992544, 1.534976746126043, 1.0655112267638374]"
prism1,424,/home/humanoid/Programs/hand/results/phase1/run_20260413_pollard_multiscene_500_run2_refined/prism1/generated_mjcf/scene_prism1_tp0d0094p0d0236p0d0023_ip0d0102n0d0222p0d0000_mp0d0161p0d0091p0d0072.xml,prism_y0d0250,True,0.02,4.0,1.0,1.0,3.64480994547261,0.051995981006540626,4.0,0.006763301426804262,2.154073453110882,0.019417867721922173,0.010158713550378201,1.0,0.009439976988392936,0.0235887609771427,0.0023219766442525783,0.010182597409066308,-0.022214054731901495,0.0,0.01607133661999266,0.00907854784007011,0.007199720664709967,"[0.02227467475146645, 1.3847741367849997, -1.2, -0.12486767277292685, 1.5711627979365057, 1.0331946164332715, 0.03781392886992544, 1.534976746126043, 1.0655112267638374]"
prism1,425,/home/humanoid/Programs/hand/results/phase1/run_20260413_pollard_multiscene_500_run2_refined/prism1/generated_mjcf/scene_prism1_tn0d0097p0d0265p0d0000_ip0d0173n0d0239p0d0060_mp0d0079p0d0266p0d0000.xml,prism_y0d0250,True,0.02,4.0,1.0,1.0,4.890620420234996,0.050072210648203344,6.0,0.006858951649652067,0.20159119412251186,0.0015852633966940187,0.0007032324711896687,1.0,-0.009735946968143526,0.026515306910265567,0.0,0.017292401019917678,-0.023949163087233355,0.0060141306694627104,0.00787056582813915,0.026566998527488665,0.0,"[0.02227467475146645, 1.3847741367849997, -1.2, -0.12486767277292685, 1.5711627979365057, 1.0331946164332715, 0.03781392886992544, 1.534976746126043, 1.0655112267638374]"
prism1,426,/home/humanoid/Programs/hand/results/phase1/run_20260413_pollard_multiscene_500_run2_refined/prism1/generated_mjcf/scene_prism1_tn0d0023p0d0240p0d0049_ip0d0145n0d0043p0d0105_mp0d0153p0d0156p0d0059.xml,prism_y0d0250,True,0.02,4.0,1.0,1.0,5.00056481336597,0.053788360182555076,6.0,0.005515055302818869,0.152414565965707,0.0077755461795823095,0.00012351837045593284,1.0,-0.002251750389289927,0.023967651029735318,0.004939390703879207,0.014508762345518499,-0.004347934226913543,0.010485183735368647,0.015342193193272654,0.015622395217333425,0.005919397109665846,"[0.02227467475146645, 1.3847741367849997, -1.2, -0.12486767277292685, 1.5711627979365057, 1.0331946164332715, 0.03781392886992544, 1.534976746126043, 1.0655112267638374]"
prism1,427,/home/humanoid/Programs/hand/results/phase1/run_20260413_pollard_multiscene_500_run2_refined/prism1/generated_mjcf/scene_prism1_tp0d0116p0d0081p0d0063_ip0d0084n0d0079p0d0000_mp0d0035p0d0218p0d0063.xml,prism_y0d0250,False,0.02,4.0,0.0,1.0,3.573875014916055,0.0479092795475015,3.0,0.009415722278044958,0.297124323222737,0.003096341509452747,0.0017476355958566808,1.0,0.011554127167321758,0.008094973935045711,0.00634021291148389,0.008382335375273374,-0.007888242921632352,0.0,0.0034908725353503265,0.021847055821519926,0.006253517562865806,"[0.02227467475146645, 1.3847741367849997, -1.2, -0.12486767277292685, 1.5711627979365057, 1.0331946164332715, 0.03781392886992544, 1.534976746126043, 1.0655112267638374]"
prism1,428,/home/humanoid/Programs/hand/results/phase1/run_20260413_pollard_multiscene_500_run2_refined/prism1/generated_mjcf/scene_prism1_tp0d0039p0d0091p0d0000_ip0d0043n0d0228p0d0000_mp0d0132p0d0109p0d0085.xml,prism_y0d0250,True,0.02,4.0,1.0,1.0,3.864820499444229,0.059008152581498746,4.0,0.00787628215459712,1.7358208053194393,0.021442285136780582,0.01371452782244359,0.9611111111111111,0.003934916242328907,0.009055660371116435,0.0,0.0042966683546525174,-0.022817310905164527,0.0,0.013238842010290162,0.010876905015767713,0.008523745451003876,"[0.02227467475146645, 1.3847741367849997, -1.2, -0.12486767277292685, 1.5711627979365057, 1.0331946164332715, 0.03781392886992544, 1.534976746126043, 1.0655112267638374]"
prism1,429,/home/humanoid/Programs/hand/results/phase1/run_20260413_pollard_multiscene_500_run2_refined/prism1/generated_mjcf/scene_prism1_tp0d0051p0d0136p0d0089_in0d0006n0d0155p0d0015_mp0d0118p0d0055p0d0053.xml,prism_y0d0250,True,0.02,4.0,1.0,1.0,4.484681261290877,0.05424883039616233,5.0,0.007523662727141024,0.7801594898825354,0.013659425606357023,0.0,1.0,0.005125087482668465,0.013563331531296553,0.008941585970417887,-0.0005944345291723756,-0.015549005861688751,0.0015394288276203757,0.011795680983158995,0.005463134066536002,0.00529108644876362,"[0.02227467475146645, 1.3847741367849997, -1.2, -0.12486767277292685, 1.5711627979365057, 1.0331946164332715, 0.03781392886992544, 1.534976746126043, 1.0655112267638374]"
prism1,430,/home/humanoid/Programs/hand/results/phase1/run_20260413_pollard_multiscene_500_run2_refined/prism1/generated_mjcf/scene_prism1_tp0d0108p0d0253p0d0023_ip0d0047n0d0158p0d0000_mp0d0045p0d0174p0d0005.xml,prism_y0d0250,True,0.02,4.0,1.0,1.0,4.209998597164015,0.04993123022312753,6.0,0.0052954285421064435,4.430511198776532,0.01040448729079286,0.0,1.0,0.010755727203491484,0.025319041018740367,0.0023424459642572733,0.004681210473767024,-0.0158168109349753,0.0,0.004522423977653443,0.01743127013831674,0.00046354652795747506,"[0.02227467475146645, 1.3847741367849997, -1.2, -0.12486767277292685, 1.5711627979365057, 1.0331946164332715, 0.03781392886992544, 1.534976746126043, 1.0655112267638374]"
prism1,431,/home/humanoid/Programs/hand/results/phase1/run_20260413_pollard_multiscene_500_run2_refined/prism1/generated_mjcf/scene_prism1_tn0d0090p0d0163p0d0012_ip0d0106n0d0210p0d0079_mp0d0186p0d0239p0d0033.xml,prism_y0d0250,True,0.02,4.0,1.0,1.0,4.596230809874403,0.05298062289983155,5.0,0.006452318829088549,0.16120094200974058,0.0035010354433438113,0.0,1.0,-0.009045069329629866,0.016286414078574243,0.001232079353439438,0.010607776781234562,-0.021005149767894388,0.007941771113298229,0.018568443556381972,0.023899946224055856,0.0033294426360466443,"[0.02227467475146645, 1.3847741367849997, -1.2, -0.12486767277292685, 1.5711627979365057, 1.0331946164332715, 0.03781392886992544, 1.534976746126043, 1.0655112267638374]"
prism1,432,/home/humanoid/Programs/hand/results/phase1/run_20260413_pollard_multiscene_500_run2_refined/prism1/generated_mjcf/scene_prism1_tp0d0063p0d0270p0d0000_ip0d0020n0d0149p0d0044_mp0d0158p0d0060p0d0000.xml,prism_y0d0250,True,0.02,4.0,1.0,1.0,0.4720870167598549,0.051467429102363016,4.0,0.006473735838130123,21.509117850067888,0.033822517072421746,0.020585229183489713,0.95,0.0063085193443046805,0.02696360007822303,0.0,0.001961325675993948,-0.014902927055320836,0.00437067189933418,0.015768154956900225,0.005974865905798616,0.0,"[0.02227467475146645, 1.3847741367849997, -1.2, -0.12486767277292685, 1.5711627979365057, 1.0331946164332715, 0.03781392886992544, 1.534976746126043, 1.0655112267638374]"
prism1,433,/home/humanoid/Programs/hand/results/phase1/run_20260413_pollard_multiscene_500_run2_refined/prism1/generated_mjcf/scene_prism1_tn0d0039p0d0300p0d0000_in0d0010n0d0194p0d0059_mp0d0206p0d0041p0d0000.xml,prism_y0d0250,True,0.02,4.0,1.0,1.0,3.8450119285603908,0.04715953133652302,4.0,0.009850459112921718,0.6088775108741189,0.00813450187230985,0.0038110093439245735,1.0,-0.003949258224395914,0.03,0.0,-0.0009504631194709491,-0.019444312238559795,0.005891477691566099,0.02061378315896422,0.004131062854890644,0.0,"[0.02227467475146645, 1.3847741367849997, -1.2, -0.12486767277292685, 1.5711627979365057, 1.0331946164332715, 0.03781392886992544, 1.534976746126043, 1.0655112267638374]"
prism1,434,/home/humanoid/Programs/hand/results/phase1/run_20260413_pollard_multiscene_500_run2_refined/prism1/generated_mjcf/scene_prism1_tp0d0061p0d0184p0d0000_ip0d0176n0d0215p0d0000_mp0d0035p0d0238p0d0000.xml,prism_y0d0250,True,0.02,4.0,1.0,1.0,4.9286210110436866,0.049877497329284384,6.0,0.005380841092347249,0.02630565007648448,0.00020451588630892564,9.639753893722625e-05,1.0,0.006131997720201,0.018435290362744716,0.0,0.017619931956625062,-0.021477761725560728,0.0,0.0035011270404651136,0.02378280003369332,0.0,"[0.02227467475146645, 1.3847741367849997, -1.2, -0.12486767277292685, 1.5711627979365057, 1.0331946164332715, 0.03781392886992544, 1.534976746126043, 1.0655112267638374]"
prism1,435,/home/humanoid/Programs/hand/results/phase1/run_20260413_pollard_multiscene_500_run2_refined/prism1/generated_mjcf/scene_prism1_tp0d0106p0d0242p0d0000_ip0d0096n0d0043p0d0000_mp0d0168p0d0273p0d0000.xml,prism_y0d0250,True,0.02,4.0,1.0,1.0,3.952409981009124,0.04752952773624439,4.0,0.008043696733784944,0.23250596405670193,0.005052408337264784,0.002487145971647106,1.0,0.01063084908390945,0.024171536197284713,0.0,0.009551757925849768,-0.004272562894365733,0.0,0.01678767899884418,0.02727275818868951,0.0,"[0.02227467475146645, 1.3847741367849997, -1.2, -0.12486767277292685, 1.5711627979365057, 1.0331946164332715, 0.03781392886992544, 1.534976746126043, 1.0655112267638374]"
prism1,436,/home/humanoid/Programs/hand/results/phase1/run_20260413_pollard_multiscene_500_run2_refined/prism1/generated_mjcf/scene_prism1_tn0d0076p0d0236p0d0000_ip0d0170n0d0200p0d0017_mn0d0013p0d0079p0d0047.xml,prism_y0d0250,True,0.02,4.0,1.0,1.0,4.499554096628774,0.05005187047325557,5.0,0.00660252364487249,0.2079975820141309,0.0013094475572177065,0.0,1.0,-0.007610571290414185,0.023550381931943205,0.0,0.016999661265836574,-0.019983140800411376,0.0017189998139261614,-0.0013349599660444859,0.007934704045173926,0.004699890575137328,"[0.02227467475146645, 1.3847741367849997, -1.2, -0.12486767277292685, 1.5711627979365057, 1.0331946164332715, 0.03781392886992544, 1.534976746126043, 1.0655112267638374]"
prism1,437,/home/humanoid/Programs/hand/results/phase1/run_20260413_pollard_multiscene_500_run2_refined/prism1/generated_mjcf/scene_prism1_tp0d0026p0d0114p0d0000_ip0d0156n0d0003p0d0000_mp0d0170p0d0047p0d0000.xml,prism_y0d0250,True,0.02,4.0,1.0,1.0,4.57432518248048,0.05480005040708878,5.0,0.0070403273602625055,0.3504195784273152,0.012838831713834134,0.0,1.0,0.0026176839625111185,0.011391178484980292,0.0,0.015624984481607816,-0.0003278282907494979,0.0,0.01703328899292387,0.004654251325363892,0.0,"[0.02227467475146645, 1.3847741367849997, -1.2, -0.12486767277292685, 1.5711627979365057, 1.0331946164332715, 0.03781392886992544, 1.534976746126043, 1.0655112267638374]"
prism1,438,/home/humanoid/Programs/hand/results/phase1/run_20260413_pollard_multiscene_500_run2_refined/prism1/generated_mjcf/scene_prism1_tp0d0102p0d0223p0d0000_ip0d0153n0d0106p0d0001_mp0d0175p0d0220p0d0000.xml,prism_y0d0250,True,0.02,4.0,1.0,1.0,4.006245113712706,0.05050096199572236,4.0,0.00804563246787021,0.4975628485964167,0.008805915384386085,0.0014772809671714932,1.0,0.01018342807798086,0.02234125613906514,0.0,0.015265627310635044,-0.01062878129420388,0.0001183555941337601,0.017501498305174445,0.02201449786772612,0.0,"[0.02227467475146645, 1.3847741367849997, -1.2, -0.12486767277292685, 1.5711627979365057, 1.0331946164332715, 0.03781392886992544, 1.534976746126043, 1.0655112267638374]"
prism1,439,/home/humanoid/Programs/hand/results/phase1/run_20260413_pollard_multiscene_500_run2_refined/prism1/generated_mjcf/scene_prism1_tp0d0041p0d0221p0d0000_ip0d0023n0d0110p0d0000_mp0d0163p0d0236p0d0038.xml,prism_y0d0250,True,0.02,4.0,1.0,1.0,4.868073853295004,0.049371682212144455,6.0,0.007657904371377319,0.14715721470745416,0.0008158171194363623,0.0014708942053801438,1.0,0.004055396234236862,0.02212583123867185,0.0,0.002321135574197007,-0.011019493156771299,0.0,0.016328507377646455,0.0235699176351113,0.0038354519921154837,"[0.02227467475146645, 1.3847741367849997, -1.2, -0.12486767277292685, 1.5711627979365057, 1.0331946164332715, 0.03781392886992544, 1.534976746126043, 1.0655112267638374]"
prism1,440,/home/humanoid/Programs/hand/results/phase1/run_20260413_pollard_multiscene_500_run2_refined/prism1/generated_mjcf/scene_prism1_tn0d0057p0d0197p0d0105_ip0d0083n0d0174p0d0070_mp0d0210p0d0172p0d0027.xml,prism_y0d0250,True,0.02,4.0,1.0,1.0,5.0113336140536475,0.05397513928941623,6.0,0.005804345486773548,0.15899562091954939,0.00705637116074014,0.0,1.0,-0.0057197918777049635,0.019696955628222775,0.010458688009170419,0.008337152167123458,-0.01735205375378309,0.007023605683724916,0.02102385264600795,0.017152563023836435,0.002682832330421164,"[0.02227467475146645, 1.3847741367849997, -1.2, -0.12486767277292685, 1.5711627979365057, 1.0331946164332715, 0.03781392886992544, 1.534976746126043, 1.0655112267638374]"
prism1,441,/home/humanoid/Programs/hand/results/phase1/run_20260413_pollard_multiscene_500_run2_refined/prism1/generated_mjcf/scene_prism1_tp0d0019p0d0226p0d0066_ip0d0082n0d0120p0d0000_mp0d0103p0d0238p0d0000.xml,prism_y0d0250,True,0.02,4.0,1.0,1.0,4.054654956521221,0.05007713551876209,4.0,0.008209043826904497,0.2395867270160292,0.004766736577359802,0.0014240225387566752,1.0,0.0019416655371988813,0.02259363229947895,0.006594002727760957,0.008215286594117186,-0.01202021011361221,0.0,0.010305003915128633,0.023819476571518408,0.0,"[0.02227467475146645, 1.3847741367849997, -1.2, -0.12486767277292685, 1.5711627979365057, 1.0331946164332715, 0.03781392886992544, 1.534976746126043, 1.0655112267638374]"
prism1,442,/home/humanoid/Programs/hand/results/phase1/run_20260413_pollard_multiscene_500_run2_refined/prism1/generated_mjcf/scene_prism1_tp0d0098p0d0113p0d0000_ip0d0119n0d0008p0d0043_mp0d0123p0d0187p0d0000.xml,prism_y0d0250,True,0.02,4.0,1.0,1.0,4.003820810227095,0.04943616818005158,4.0,0.01093614316214568,0.44493336484765783,0.004909367793444062,0.0006980481885505013,1.0,0.009780483521716198,0.01132231065837554,0.0,0.011857494599218721,-0.0007928173974697684,0.004320046888400382,0.012275952742412203,0.018654839480562325,0.0,"[0.02227467475146645, 1.3847741367849997, -1.2, -0.12486767277292685, 1.5711627979365057, 1.0331946164332715, 0.03781392886992544, 1.534976746126043, 1.0655112267638374]"
prism1,443,/home/humanoid/Programs/hand/results/phase1/run_20260413_pollard_multiscene_500_run2_refined/prism1/generated_mjcf/scene_prism1_tp0d0113p0d0300p0d0000_in0d0006n0d0191p0d0000_mp0d0187p0d0119p0d0095.xml,prism_y0d0250,True,0.02,4.0,1.0,1.0,2.9065776363913294,0.04888086679045778,4.0,0.011734144793857018,0.0053344582548806325,0.04184634553622861,0.054445884514651675,0.6555555555555556,0.011258075666834896,0.03,0.0,-0.0006457849871351617,-0.019081365910640965,0.0,0.018655235429646706,0.01185682668301296,0.009518651544530462,"[0.02227467475146645, 1.3847741367849997, -1.2, -0.12486767277292685, 1.5711627979365057, 1.0331946164332715, 0.03781392886992544, 1.534976746126043, 1.0655112267638374]"
prism1,444,/home/humanoid/Programs/hand/results/phase1/run_20260413_pollard_multiscene_500_run2_refined/prism1/generated_mjcf/scene_prism1_tp0d0000p0d0094p0d0090_ip0d0033n0d0070p0d0000_mn0d0015p0d0115p0d0011.xml,prism_y0d0250,False,0.02,4.0,0.0,1.0,4.0042134816072545,0.06424509736860604,3.0,0.010296755281164435,0.9756187457963813,0.012904767310361791,0.0,1.0,3.9475085303166194e-05,0.009449388158865814,0.009004617717149246,0.0033270163392911,-0.006972047386813037,0.0,-0.0014581746872513821,0.01150486117663375,0.0011050946491694934,"[0.02227467475146645, 1.3847741367849997, -1.2, -0.12486767277292685, 1.5711627979365057, 1.0331946164332715, 0.03781392886992544, 1.534976746126043, 1.0655112267638374]"
prism1,445,/home/humanoid/Programs/hand/results/phase1/run_20260413_pollard_multiscene_500_run2_refined/prism1/generated_mjcf/scene_prism1_tp0d0077p0d0300p0d0000_ip0d0026n0d0098p0d0003_mp0d0090p0d0242p0d0073.xml,prism_y0d0250,True,0.02,4.0,1.0,1.0,4.667827598763505,0.04981187580917966,6.0,0.005281788049918284,1.0341622345272512,0.018316690546476506,0.0,1.0,0.00768753876739613,0.03,0.0,0.0025976512521246773,-0.009816610602493132,0.00029591957992342564,0.009017485474437894,0.024158653166428484,0.007259589915213454,"[0.02227467475146645, 1.3847741367849997, -1.2, -0.12486767277292685, 1.5711627979365057, 1.0331946164332715, 0.03781392886992544, 1.534976746126043, 1.0655112267638374]"
prism1,446,/home/humanoid/Programs/hand/results/phase1/run_20260413_pollard_multiscene_500_run2_refined/prism1/generated_mjcf/scene_prism1_tn0d0011p0d0133p0d0000_ip0d0064n0d0056p0d0000_mp0d0169p0d0078p0d0097.xml,prism_y0d0250,True,0.02,4.0,1.0,1.0,4.547360211001274,0.05306030905616558,5.0,0.007430525261292932,0.16620380711071125,0.011659830729221523,0.0,1.0,-0.0011360838082298663,0.01325824991429327,0.0,0.006370644463462772,-0.005629206754397946,0.0,0.016873785784942086,0.00783212339710345,0.009701247693015839,"[0.02227467475146645, 1.3847741367849997, -1.2, -0.12486767277292685, 1.5711627979365057, 1.0331946164332715, 0.03781392886992544, 1.534976746126043, 1.0655112267638374]"
prism1,447,/home/humanoid/Programs/hand/results/phase1/run_20260413_pollard_multiscene_500_run2_refined/prism1/generated_mjcf/scene_prism1_tn0d0090p0d0157p0d0000_ip0d0219n0d0157p0d0059_mp0d0063p0d0143p0d0034.xml,prism_y0d0250,True,0.02,4.0,1.0,1.0,4.6607099222285155,0.05019337507347698,6.0,0.005313445477085531,1.6118597078006422,0.007275393036485301,0.0,1.0,-0.00904278167422818,0.015719803582083764,0.0,0.02194357027748288,-0.01567893837806663,0.005854617823766374,0.006262715532870271,0.0143171905155444,0.00339523737421424,"[0.02227467475146645, 1.3847741367849997, -1.2, -0.12486767277292685, 1.5711627979365057, 1.0331946164332715, 0.03781392886992544, 1.534976746126043, 1.0655112267638374]"
prism1,448,/home/humanoid/Programs/hand/results/phase1/run_20260413_pollard_multiscene_500_run2_refined/prism1/generated_mjcf/scene_prism1_tp0d0003p0d0134p0d0000_ip0d0206n0d0099p0d0000_mp0d0083p0d0251p0d0000.xml,prism_y0d0250,True,0.02,4.0,1.0,1.0,4.001325873451049,0.04869382781022252,4.0,0.012274891543715015,0.10765869873676844,0.005876301137228542,0.0022501420987852544,1.0,0.0002617629877949522,0.013412109453143835,0.0,0.020648687224171146,-0.009855365425905357,0.0,0.008263438874933736,0.02514626012262553,0.0,"[0.02227467475146645, 1.3847741367849997, -1.2, -0.12486767277292685, 1.5711627979365057, 1.0331946164332715, 0.03781392886992544, 1.534976746126043, 1.0655112267638374]"
prism1,449,/home/humanoid/Programs/hand/results/phase1/run_20260413_pollard_multiscene_500_run2_refined/prism1/generated_mjcf/scene_prism1_tn0d0067p0d0251p0d0000_ip0d0118n0d0189p0d0103_mp0d0178p0d0230p0d0000.xml,prism_y0d0250,True,0.02,4.0,1.0,1.0,4.445252326622811,0.04900120715971275,5.0,0.005238916200664701,0.35944301410184354,0.000805624876713563,4.682418252066611e-05,1.0,-0.006688079787446489,0.025055041151438993,0.0,0.011787691163478548,-0.018857419838083388,0.010269059958378499,0.017802052151034024,0.02298066643960671,0.0,"[0.02227467475146645, 1.3847741367849997, -1.2, -0.12486767277292685, 1.5711627979365057, 1.0331946164332715, 0.03781392886992544, 1.534976746126043, 1.0655112267638374]"
prism1,450,/home/humanoid/Programs/hand/results/phase1/run_20260413_pollard_multiscene_500_run2_refined/prism1/generated_mjcf/scene_prism1_tn0d0115p0d0097p0d0000_ip0d0058n0d0039p0d0082_mp0d0180p0d0149p0d0014.xml,prism_y0d0250,True,0.02,4.0,1.0,1.0,4.523598121217543,0.0501700990569284,5.0,0.007127028976739921,0.08602300591883971,0.00021924910578437976,0.0003235285249115344,1.0,-0.011498837979600898,0.009706578963080024,0.0,0.005800274182427564,-0.003875181551276056,0.008213794678798934,0.018034952841468985,0.014892628460001858,0.0014142894425570804,"[0.02227467475146645, 1.3847741367849997, -1.2, -0.12486767277292685, 1.5711627979365057, 1.0331946164332715, 0.03781392886992544, 1.534976746126043, 1.0655112267638374]"
prism1,451,/home/humanoid/Programs/hand/results/phase1/run_20260413_pollard_multiscene_500_run2_refined/prism1/generated_mjcf/scene_prism1_tn0d0015p0d0169p0d0000_ip0d0172n0d0104p0d0011_mp0d0107p0d0072p0d0079.xml,prism_y0d0250,True,0.02,4.0,1.0,1.0,4.594805747324959,0.0548495582463955,5.0,0.005282063104454529,0.1646131972410567,0.014945447583969235,0.0,1.0,-0.0015262415059165927,0.016865296197385568,0.0,0.01723625189913445,-0.010377268605681585,0.0010902005619215262,0.010692937551189264,0.007170400093331903,0.007890693852559163,"[0.02227467475146645, 1.3847741367849997, -1.2, -0.12486767277292685, 1.5711627979365057, 1.0331946164332715, 0.03781392886992544, 1.534976746126043, 1.0655112267638374]"
prism1,452,/home/humanoid/Programs/hand/results/phase1/run_20260413_pollard_multiscene_500_run2_refined/prism1/generated_mjcf/scene_prism1_tp0d0042p0d0187p0d0000_in0d0003n0d0036p0d0030_mp0d0164p0d0240p0d0000.xml,prism_y0d0250,True,0.02,4.0,1.0,1.0,4.506857557225743,0.050006175095635215,5.0,0.007672200604325375,0.0891231389839497,0.0012932522719779267,0.000573848786114925,1.0,0.004224288169672047,0.018713736538135094,0.0,-0.0002762932500023751,-0.0035924675596602177,0.0029657756018682153,0.016360768858148723,0.02400119577539169,0.0,"[0.02227467475146645, 1.3847741367849997, -1.2, -0.12486767277292685, 1.5711627979365057, 1.0331946164332715, 0.03781392886992544, 1.534976746126043, 1.0655112267638374]"
prism1,453,/home/humanoid/Programs/hand/results/phase1/run_20260413_pollard_multiscene_500_run2_refined/prism1/generated_mjcf/scene_prism1_tn0d0023p0d0300p0d0000_ip0d0087n0d0088p0d0000_mp0d0061p0d0096p0d0107.xml,prism_y0d0250,True,0.02,4.0,1.0,1.0,4.575003573562319,0.05352945676737661,5.0,0.0063539702322660515,0.24582543218093744,0.0064406531289249135,0.0008584782692199477,1.0,-0.002253257700280441,0.02996832043086915,0.0,0.008742601393709004,-0.008847917458295534,0.0,0.006059896220482771,0.009636807884215167,0.010725091745554787,"[0.02227467475146645, 1.3847741367849997, -1.2, -0.12486767277292685, 1.5711627979365057, 1.0331946164332715, 0.03781392886992544, 1.534976746126043, 1.0655112267638374]"
prism1,454,/home/humanoid/Programs/hand/results/phase1/run_20260413_pollard_multiscene_500_run2_refined/prism1/generated_mjcf/scene_prism1_tn0d0120p0d0128p0d0116_ip0d0050n0d0194p0d0076_mp0d0166p0d0127p0d0000.xml,prism_y0d0250,True,0.02,4.0,1.0,1.0,4.577017050250712,0.051956726912355616,5.0,0.006413446112130505,0.06332067907158911,0.0031905662661227026,0.0,1.0,-0.011972388872996056,0.01282487263656613,0.011611864056680684,0.005026344630147989,-0.019399767209179065,0.007643009671431975,0.01662868765354221,0.01269309732471084,0.0,"[0.02227467475146645, 1.3847741367849997, -1.2, -0.12486767277292685, 1.5711627979365057, 1.0331946164332715, 0.03781392886992544, 1.534976746126043, 1.0655112267638374]"
prism1,455,/home/humanoid/Programs/hand/results/phase1/run_20260413_pollard_multiscene_500_run2_refined/prism1/generated_mjcf/scene_prism1_tn0d0042p0d0280p0d0000_ip0d0104n0d0162p0d0000_mp0d0194p0d0120p0d0006.xml,prism_y0d0250,True,0.02,4.0,1.0,1.0,4.584607201039871,0.054732485943585665,5.0,0.0061481677589231955,0.4542694524448387,0.007585469688569216,0.00042335295580331334,1.0,-0.004184508743415265,0.027977910545990033,0.0,0.010384936074195428,-0.016192820587361226,0.0,0.019421232223716424,0.011961081300551542,0.0006333455042184973,"[0.02227467475146645, 1.3847741367849997, -1.2, -0.12486767277292685, 1.5711627979365057, 1.0331946164332715, 0.03781392886992544, 1.534976746126043, 1.0655112267638374]"
prism1,456,/home/humanoid/Programs/hand/results/phase1/run_20260413_pollard_multiscene_500_run2_refined/prism1/generated_mjcf/scene_prism1_tn0d0040p0d0123p0d0003_ip0d0092n0d0065p0d0071_mp0d0134p0d0052p0d0000.xml,prism_y0d0250,True,0.02,4.0,1.0,1.0,4.689584940135685,0.05736255510357016,5.0,0.0071474223752561366,0.30759998307438385,0.009611607712933517,0.0,1.0,-0.004036233379079683,0.01228166921896134,0.0003371369671329571,0.009179435430101485,-0.006514778638218343,0.007092787816219352,0.01344244043374698,0.005212812531370138,0.0,"[0.02227467475146645, 1.3847741367849997, -1.2, -0.12486767277292685, 1.5711627979365057, 1.0331946164332715, 0.03781392886992544, 1.534976746126043, 1.0655112267638374]"
prism1,457,/home/humanoid/Programs/hand/results/phase1/run_20260413_pollard_multiscene_500_run2_refined/prism1/generated_mjcf/scene_prism1_tn0d0077p0d0092p0d0053_ip0d0059n0d0119p0d0000_mp0d0084p0d0256p0d0009.xml,prism_y0d0250,True,0.02,4.0,1.0,1.0,4.088170777015619,0.049818295506233054,4.0,0.010352256394755883,0.10705177717501935,0.001854927109492203,0.0006314769733183345,1.0,-0.0077221560129722205,0.009241343482545189,0.005305268489148921,0.005934026353985964,-0.01189567654957444,0.0,0.008416652191713826,0.02558215821274215,0.0008878869964164988,"[0.02227467475146645, 1.3847741367849997, -1.2, -0.12486767277292685, 1.5711627979365057, 1.0331946164332715, 0.03781392886992544, 1.534976746126043, 1.0655112267638374]"
prism1,458,/home/humanoid/Programs/hand/results/phase1/run_20260413_pollard_multiscene_500_run2_refined/prism1/generated_mjcf/scene_prism1_tn0d0087p0d0102p0d0000_ip0d0007n0d0098p0d0001_mp0d0183p0d0189p0d0098.xml,prism_y0d0250,True,0.02,4.0,1.0,1.0,4.490826630534056,0.04942986274789099,5.0,0.007862264751305513,0.050715716317004174,0.0015105318257256101,0.0005686239781344388,1.0,-0.008684111063004037,0.010177429826163853,0.0,0.0006950654730162355,-0.009834574943168922,9.944646366308318e-05,0.018299039648385917,0.01888504637861417,0.00980088854210293,"[0.02227467475146645, 1.3847741367849997, -1.2, -0.12486767277292685, 1.5711627979365057, 1.0331946164332715, 0.03781392886992544, 1.534976746126043, 1.0655112267638374]"
prism1,459,/home/humanoid/Programs/hand/results/phase1/run_20260413_pollard_multiscene_500_run2_refined/prism1/generated_mjcf/scene_prism1_tp0d0038p0d0277p0d0015_ip0d0094n0d0050p0d0087_mp0d0111p0d0248p0d0007.xml,prism_y0d0250,True,0.02,4.0,1.0,1.0,4.862558180733,0.05332494113585098,6.0,0.00551123788792265,0.4513786996252971,0.01851133681641318,0.0011681214503054121,1.0,0.0038372290418067397,0.027679147460744107,0.00146902495111516,0.009444239676410551,-0.005007706588113394,0.008700653976734352,0.01105983181184128,0.024784398737338946,0.0006566282614868125,"[0.02227467475146645, 1.3847741367849997, -1.2, -0.12486767277292685, 1.5711627979365057, 1.0331946164332715, 0.03781392886992544, 1.534976746126043, 1.0655112267638374]"
prism1,460,/home/humanoid/Programs/hand/results/phase1/run_20260413_pollard_multiscene_500_run2_refined/prism1/generated_mjcf/scene_prism1_tp0d0051p0d0151p0d0076_in0d0005n0d0087p0d0083_mp0d0021p0d0071p0d0000.xml,prism_y0d0250,True,0.02,4.0,1.0,1.0,3.9380114266190542,0.05100138807783067,4.0,0.008329427640138212,0.7056252735702635,0.02075575163153398,0.0,1.0,0.005070275558583852,0.015144088267443812,0.0076441035634370325,-0.0004886669091993274,-0.008682677275442627,0.008332307329351672,0.0020755398598146044,0.007136235813742821,0.0,"[0.02227467475146645, 1.3847741367849997, -1.2, -0.12486767277292685, 1.5711627979365057, 1.0331946164332715, 0.03781392886992544, 1.534976746126043, 1.0655112267638374]"
prism1,461,/home/humanoid/Programs/hand/results/phase1/run_20260413_pollard_multiscene_500_run2_refined/prism1/generated_mjcf/scene_prism1_tn0d0027p0d0160p0d0096_ip0d0197n0d0084p0d0031_mp0d0191p0d0191p0d0000.xml,prism_y0d0250,True,0.02,4.0,1.0,1.0,4.093930462466287,0.05001672284311963,4.0,0.007832082913491146,0.13545688295389618,0.0022527661359846084,0.0005962951630772151,1.0,-0.0027418946600591115,0.015962260923850703,0.009641864745706736,0.019737998008139197,-0.008400394671306056,0.003105569813784431,0.019108178305188572,0.01911854850404001,0.0,"[0.02227467475146645, 1.3847741367849997, -1.2, -0.12486767277292685, 1.5711627979365057, 1.0331946164332715, 0.03781392886992544, 1.534976746126043, 1.0655112267638374]"
prism1,462,/home/humanoid/Programs/hand/results/phase1/run_20260413_pollard_multiscene_500_run2_refined/prism1/generated_mjcf/scene_prism1_tn0d0074p0d0158p0d0080_ip0d0193n0d0065p0d0068_mp0d0003p0d0179p0d0022.xml,prism_y0d0250,True,0.02,4.0,1.0,1.0,4.084324261071769,0.05011549953224977,4.0,0.010990700583822706,0.16860420362237527,0.0016503675702597656,0.0010453321187010728,1.0,-0.007404738332604117,0.015765543940939562,0.007990530901553664,0.019324819285983626,-0.006543558792698018,0.006772267263960373,0.0002677811277845294,0.017936383260698505,0.0021669874134804725,"[0.02227467475146645, 1.3847741367849997, -1.2, -0.12486767277292685, 1.5711627979365057, 1.0331946164332715, 0.03781392886992544, 1.534976746126043, 1.0655112267638374]"
prism1,463,/home/humanoid/Programs/hand/results/phase1/run_20260413_pollard_multiscene_500_run2_refined/prism1/generated_mjcf/scene_prism1_tn0d0051p0d0300p0d0000_ip0d0060n0d0056p0d0000_mn0d0001p0d0189p0d0000.xml,prism_y0d0250,True,0.02,4.0,1.0,1.0,4.76364742444037,0.050930841453772704,6.0,0.005319163992554121,0.6845918029082765,0.017600821336720907,0.0,1.0,-0.005099808976157512,0.03,0.0,0.005961773689922919,-0.005637245574518971,0.0,-0.00013024896387718067,0.018937237793003735,0.0,"[0.02227467475146645, 1.3847741367849997, -1.2, -0.12486767277292685, 1.5711627979365057, 1.0331946164332715, 0.03781392886992544, 1.534976746126043, 1.0655112267638374]"
prism1,464,/home/humanoid/Programs/hand/results/phase1/run_20260413_pollard_multiscene_500_run2_refined/prism1/generated_mjcf/scene_prism1_tn0d0054p0d0109p0d0107_ip0d0147n0d0019p0d0104_mp0d0043p0d0052p0d0098.xml,prism_y0d0250,True,0.02,4.0,1.0,1.0,4.548632547712313,0.05519950079066213,5.0,0.007475139532526073,0.6758584736025095,0.011170154975905518,0.0,1.0,-0.005388295655969974,0.010895009566350942,0.010705614806808997,0.014669172889080135,-0.0018880941279286554,0.010449585597510806,0.004269540828584654,0.005219547507113649,0.009837767568049896,"[0.02227467475146645, 1.3847741367849997, -1.2, -0.12486767277292685, 1.5711627979365057, 1.0331946164332715, 0.03781392886992544, 1.534976746126043, 1.0655112267638374]"
prism1,465,/home/humanoid/Programs/hand/results/phase1/run_20260413_pollard_multiscene_500_run2_refined/prism1/generated_mjcf/scene_prism1_tp0d0032p0d0149p0d0000_ip0d0097n0d0096p0d0000_mp0d0036p0d0065p0d0091.xml,prism_y0d0250,True,0.02,4.0,1.0,1.0,4.875671361007172,0.05078078375516844,6.0,0.006994921327152084,0.32412074233827,0.005305781923934025,0.0006011187395895123,1.0,0.0031694280086304993,0.014940037139802399,0.0,0.009734840540635576,-0.009609581632785089,0.0,0.0036017896508224985,0.006460760873302428,0.009061009487349163,"[0.02227467475146645, 1.3847741367849997, -1.2, -0.12486767277292685, 1.5711627979365057, 1.0331946164332715, 0.03781392886992544, 1.534976746126043, 1.0655112267638374]"
prism1,466,/home/humanoid/Programs/hand/results/phase1/run_20260413_pollard_multiscene_500_run2_refined/prism1/generated_mjcf/scene_prism1_tn0d0008p0d0260p0d0051_ip0d0026n0d0104p0d0000_mp0d0041p0d0208p0d0000.xml,prism_y0d0250,True,0.02,4.0,1.0,1.0,4.7842483971282315,0.05016981525077647,6.0,0.005383552372974047,0.3151520280764936,0.01894253794858726,0.0,1.0,-0.00081991629980422,0.026034750194938505,0.005062310391965544,0.0025952577325081662,-0.010359114817091094,0.0,0.0040665430258067965,0.020832864965785874,0.0,"[0.02227467475146645, 1.3847741367849997, -1.2, -0.12486767277292685, 1.5711627979365057, 1.0331946164332715, 0.03781392886992544, 1.534976746126043, 1.0655112267638374]"
prism1,467,/home/humanoid/Programs/hand/results/phase1/run_20260413_pollard_multiscene_500_run2_refined/prism1/generated_mjcf/scene_prism1_tp0d0054p0d0136p0d0082_ip0d0144n0d0058p0d0089_mp0d0113p0d0095p0d0000.xml,prism_y0d0250,True,0.02,4.0,1.0,1.0,4.832631085918037,0.05136422037825744,6.0,0.007396063494991178,0.3507110716260275,0.016286306597847824,0.0,1.0,0.005381576913038623,0.013579279121502625,0.008177907166183992,0.014367376935843145,-0.0058438262028245504,0.008891983580539647,0.011325897271811802,0.00948655199872318,0.0,"[0.02227467475146645, 1.3847741367849997, -1.2, -0.12486767277292685, 1.5711627979365057, 1.0331946164332715, 0.03781392886992544, 1.534976746126043, 1.0655112267638374]"
prism1,468,/home/humanoid/Programs/hand/results/phase1/run_20260413_pollard_multiscene_500_run2_refined/prism1/generated_mjcf/scene_prism1_tn0d0114p0d0187p0d0000_in0d0008n0d0220p0d0034_mn0d0007p0d0127p0d0000.xml,prism_y0d0250,True,0.02,4.0,1.0,1.0,4.3395003375798975,0.050004840988507965,5.0,0.0052818735791476945,1.119265105774019,0.005369263998913872,0.0,1.0,-0.011409274767089164,0.0186899836045733,0.0,-0.0008462088297067905,-0.021983896864782655,0.0034054610646400817,-0.0006828656042447961,0.012675653524392668,0.0,"[0.02227467475146645, 1.3847741367849997, -1.2, -0.12486767277292685, 1.5711627979365057, 1.0331946164332715, 0.03781392886992544, 1.534976746126043, 1.0655112267638374]"
prism1,469,/home/humanoid/Programs/hand/results/phase1/run_20260413_pollard_multiscene_500_run2_refined/prism1/generated_mjcf/scene_prism1_tn0d0118p0d0098p0d0078_ip0d0157n0d0179p0d0052_mp0d0014p0d0208p0d0000.xml,prism_y0d0250,True,0.02,4.0,1.0,1.0,4.044617391425931,0.049477311326404066,4.0,0.011169025992226357,0.23397518258101332,0.002531593297967892,0.0012053846532332074,1.0,-0.011765599472505791,0.009785349809807487,0.007848847332914674,0.015698333536894954,-0.017885917142791793,0.005184286748598808,0.001352126037304658,0.020801664430839015,0.0,"[0.02227467475146645, 1.3847741367849997, -1.2, -0.12486767277292685, 1.5711627979365057, 1.0331946164332715, 0.03781392886992544, 1.534976746126043, 1.0655112267638374]"
prism1,470,/home/humanoid/Programs/hand/results/phase1/run_20260413_pollard_multiscene_500_run2_refined/prism1/generated_mjcf/scene_prism1_tp0d0022p0d0300p0d0106_in0d0001n0d0100p0d0000_mn0d0008p0d0202p0d0001.xml,prism_y0d0250,True,0.02,4.0,1.0,1.0,4.31221384871272,0.05034953460180597,5.0,0.005485463850755803,0.49828951055126747,0.02693233633717971,0.00022595750360072941,1.0,0.00222650229601605,0.03,0.010567096174962709,-5.7014551148235754e-05,-0.010043033904746949,0.0,-0.0007655641616628912,0.020205489345903757,0.0001371397360768658,"[0.02227467475146645, 1.3847741367849997, -1.2, -0.12486767277292685, 1.5711627979365057, 1.0331946164332715, 0.03781392886992544, 1.534976746126043, 1.0655112267638374]"
prism1,471,/home/humanoid/Programs/hand/results/phase1/run_20260413_pollard_multiscene_500_run2_refined/prism1/generated_mjcf/scene_prism1_tp0d0030p0d0113p0d0000_ip0d0151n0d0021p0d0000_mp0d0216p0d0086p0d0000.xml,prism_y0d0250,True,0.02,4.0,1.0,1.0,4.453504162819659,0.05174829336572431,5.0,0.007358693155536258,0.3603752633828555,0.014818738193698623,0.0,1.0,0.003032211930165382,0.011261223420214555,0.0,0.015117565516981355,-0.0020649879170627477,0.0,0.021614954396179616,0.008557351577785258,0.0,"[0.02227467475146645, 1.3847741367849997, -1.2, -0.12486767277292685, 1.5711627979365057, 1.0331946164332715, 0.03781392886992544, 1.534976746126043, 1.0655112267638374]"
prism1,472,/home/humanoid/Programs/hand/results/phase1/run_20260413_pollard_multiscene_500_run2_refined/prism1/generated_mjcf/scene_prism1_tp0d0055p0d0142p0d0109_in0d0009n0d0107p0d0073_mp0d0158p0d0263p0d0000.xml,prism_y0d0250,True,0.02,4.0,1.0,1.0,3.9998563721424905,0.04858320671466253,4.0,0.010819753081620915,0.18383970384291518,0.005831652110054571,0.0013625407058909939,1.0,0.005482028692666837,0.014177397811001843,0.010903324251496305,-0.0008679015118163037,-0.010667320474653916,0.00725789014008766,0.015787351380811068,0.02633354953180985,0.0,"[0.02227467475146645, 1.3847741367849997, -1.2, -0.12486767277292685, 1.5711627979365057, 1.0331946164332715, 0.03781392886992544, 1.534976746126043, 1.0655112267638374]"
prism1,473,/home/humanoid/Programs/hand/results/phase1/run_20260413_pollard_multiscene_500_run2_refined/prism1/generated_mjcf/scene_prism1_tp0d0028p0d0111p0d0000_ip0d0158n0d0076p0d0066_mp0d0190p0d0078p0d0052.xml,prism_y0d0250,False,0.02,4.0,0.0,1.0,3.7055259415136392,0.05391103610729271,3.0,0.008169644516613353,0.39780161759438615,0.017558465094870152,0.0,1.0,0.002787428416073051,0.011124309693084186,0.0,0.015762279253828677,-0.007609730635977962,0.006600435282516717,0.01895273993524628,0.007783232773671751,0.005163729948006412,"[0.02227467475146645, 1.3847741367849997, -1.2, -0.12486767277292685, 1.5711627979365057, 1.0331946164332715, 0.03781392886992544, 1.534976746126043, 1.0655112267638374]"
prism1,474,/home/humanoid/Programs/hand/results/phase1/run_20260413_pollard_multiscene_500_run2_refined/prism1/generated_mjcf/scene_prism1_tp0d0075p0d0138p0d0000_ip0d0057n0d0219p0d0086_mp0d0161p0d0036p0d0000.xml,prism_y0d0250,True,0.02,4.0,1.0,1.0,4.480696893306585,0.04936716767089165,5.0,0.005266349898868757,0.14531302911645178,0.0017394370532798694,0.00036564155747814686,1.0,0.007473701560144725,0.013832646818040854,0.0,0.005676260346304213,-0.021940866096397726,0.008647108538634853,0.016052627074017313,0.0035593571489968313,0.0,"[0.02227467475146645, 1.3847741367849997, -1.2, -0.12486767277292685, 1.5711627979365057, 1.0331946164332715, 0.03781392886992544, 1.534976746126043, 1.0655112267638374]"
prism1,475,/home/humanoid/Programs/hand/results/phase1/run_20260413_pollard_multiscene_500_run2_refined/prism1/generated_mjcf/scene_prism1_tp0d0076p0d0300p0d0000_ip0d0208n0d0131p0d0000_mn0d0016p0d0056p0d0012.xml,prism_y0d0250,True,0.02,4.0,1.0,1.0,4.517509708174653,0.05033607675166364,5.0,0.007574927512956078,0.13559982108321647,0.0008303025019418638,0.00031511124446073624,1.0,0.007629969449959299,0.03,0.0,0.02084695203995446,-0.013079106497613992,0.0,-0.0016474320179972243,0.005604879919699405,0.0012319919719836047,"[0.02227467475146645, 1.3847741367849997, -1.2, -0.12486767277292685, 1.5711627979365057, 1.0331946164332715, 0.03781392886992544, 1.534976746126043, 1.0655112267638374]"
prism1,476,/home/humanoid/Programs/hand/results/phase1/run_20260413_pollard_multiscene_500_run2_refined/prism1/generated_mjcf/scene_prism1_tp0d0118p0d0279p0d0112_ip0d0203n0d0028p0d0075_mp0d0128p0d0199p0d0107.xml,prism_y0d0250,True,0.02,4.0,1.0,1.0,4.314837968668919,0.05003736280337401,5.0,0.005512524393252849,0.8999420168022597,0.015075563023721058,0.0,1.0,0.011840430954169388,0.027935950600095887,0.01118669848282157,0.020329158687063302,-0.002805143197382407,0.007519427185789622,0.01275148782269786,0.019934227857964906,0.010702847419610532,"[0.02227467475146645, 1.3847741367849997, -1.2, -0.12486767277292685, 1.5711627979365057, 1.0331946164332715, 0.03781392886992544, 1.534976746126043, 1.0655112267638374]"
prism1,477,/home/humanoid/Programs/hand/results/phase1/run_20260413_pollard_multiscene_500_run2_refined/prism1/generated_mjcf/scene_prism1_tp0d0035p0d0101p0d0008_ip0d0170n0d0216p0d0000_mp0d0184p0d0054p0d0000.xml,prism_y0d0250,True,0.02,4.0,1.0,1.0,4.908654377085217,0.05361745992364426,6.0,0.005469895690580904,0.7221396155033726,0.008115997755944156,0.0,1.0,0.003532706305282232,0.010064409176203722,0.0007671164180321852,0.016983686550221457,-0.02158511885854595,0.0,0.018377546113442306,0.0054433989863529875,0.0,"[0.02227467475146645, 1.3847741367849997, -1.2, -0.12486767277292685, 1.5711627979365057, 1.0331946164332715, 0.03781392886992544, 1.534976746126043, 1.0655112267638374]"
prism1,478,/home/humanoid/Programs/hand/results/phase1/run_20260413_pollard_multiscene_500_run2_refined/prism1/generated_mjcf/scene_prism1_tp0d0004p0d0216p0d0069_ip0d0154n0d0225p0d0015_mp0d0145p0d0270p0d0071.xml,prism_y0d0250,True,0.02,4.0,1.0,1.0,4.878411529034953,0.051696626284354445,6.0,0.005432794824431995,0.22947525804448834,0.014280585426986033,0.0,1.0,0.0004021373010342118,0.021570085370465064,0.006861995303780965,0.015395232114689744,-0.022512682614668177,0.0014686024647519863,0.014504301258655013,0.027042155239312353,0.007146943895862106,"[0.02227467475146645, 1.3847741367849997, -1.2, -0.12486767277292685, 1.5711627979365057, 1.0331946164332715, 0.03781392886992544, 1.534976746126043, 1.0655112267638374]"
prism1,479,/home/humanoid/Programs/hand/results/phase1/run_20260413_pollard_multiscene_500_run2_refined/prism1/generated_mjcf/scene_prism1_tp0d0096p0d0159p0d0005_in0d0007n0d0051p0d0022_mp0d0147p0d0272p0d0076.xml,prism_y0d0250,False,0.02,4.0,0.0,1.0,3.556094072985892,0.04684664049042485,3.0,0.009392388595490455,0.18443044283643248,0.001193054847568426,0.0024942226230935116,1.0,0.009594060715247866,0.015874209928032755,0.0005246555194527141,-0.0006892630481953044,-0.005095977938302259,0.002235288648113707,0.01474634968078216,0.027241851348343935,0.007604286297816443,"[0.02227467475146645, 1.3847741367849997, -1.2, -0.12486767277292685, 1.5711627979365057, 1.0331946164332715, 0.03781392886992544, 1.534976746126043, 1.0655112267638374]"
prism1,480,/home/humanoid/Programs/hand/results/phase1/run_20260413_pollard_multiscene_500_run2_refined/prism1/generated_mjcf/scene_prism1_tn0d0066p0d0101p0d0000_ip0d0142n0d0234p0d0072_mp0d0124p0d0232p0d0000.xml,prism_y0d0250,True,0.02,4.0,1.0,1.0,4.1175456252678115,0.05061376782882075,4.0,0.008204796163671828,0.11167598779531601,0.0033428985153585006,5.982226267692292e-05,1.0,-0.006594381918308316,0.010115788867042789,0.0,0.014238195089008763,-0.023356292142754483,0.007217844165074538,0.012374884987691043,0.02323082678296967,0.0,"[0.02227467475146645, 1.3847741367849997, -1.2, -0.12486767277292685, 1.5711627979365057, 1.0331946164332715, 0.03781392886992544, 1.534976746126043, 1.0655112267638374]"
prism1,481,/home/humanoid/Programs/hand/results/phase1/run_20260413_pollard_multiscene_500_run2_refined/prism1/generated_mjcf/scene_prism1_tn0d0042p0d0108p0d0000_ip0d0050n0d0165p0d0000_mp0d0091p0d0259p0d0100.xml,prism_y0d0250,True,0.02,4.0,1.0,1.0,4.472497455702833,0.04929225229011373,5.0,0.008148383663790887,0.0745359908899777,0.0021733630042411797,0.0010178358720517866,1.0,-0.0042281149078721115,0.01083128765777069,0.0,0.004986767634672156,-0.016452708630349696,0.0,0.00910392439192348,0.02593147672649057,0.009987862840108785,"[0.02227467475146645, 1.3847741367849997, -1.2, -0.12486767277292685, 1.5711627979365057, 1.0331946164332715, 0.03781392886992544, 1.534976746126043, 1.0655112267638374]"
prism1,482,/home/humanoid/Programs/hand/results/phase1/run_20260413_pollard_multiscene_500_run2_refined/prism1/generated_mjcf/scene_prism1_tn0d0098p0d0121p0d0012_ip0d0047n0d0163p0d0119_mp0d0210p0d0054p0d0039.xml,prism_y0d0250,True,0.02,4.0,1.0,1.0,4.209409160055917,0.054078888755012364,4.0,0.007646961556810053,0.19187722897367118,0.006546073151640907,0.0,1.0,-0.009785904135380658,0.012145531883004285,0.0011952640352207375,0.004714135885396038,-0.01625831757918936,0.011942494800905243,0.021011383902793244,0.00537992948582189,0.003885434767348487,"[0.02227467475146645, 1.3847741367849997, -1.2, -0.12486767277292685, 1.5711627979365057, 1.0331946164332715, 0.03781392886992544, 1.534976746126043, 1.0655112267638374]"
prism1,483,/home/humanoid/Programs/hand/results/phase1/run_20260413_pollard_multiscene_500_run2_refined/prism1/generated_mjcf/scene_prism1_tp0d0109p0d0127p0d0019_ip0d0088n0d0202p0d0065_mp0d0187p0d0240p0d0000.xml,prism_y0d0250,True,0.02,4.0,1.0,1.0,4.003581225425144,0.04987792458736642,4.0,0.012126378121916885,0.7041197903029238,0.0004402103155476948,0.0008028457041768938,1.0,0.010894348867085565,0.012710075306302046,0.0018722219357900777,0.008848358440154708,-0.020194848826237767,0.006485100261905189,0.018678946417392296,0.024026488161248492,4.530683727942651e-05,"[0.02227467475146645, 1.3847741367849997, -1.2, -0.12486767277292685, 1.5711627979365057, 1.0331946164332715, 0.03781392886992544, 1.534976746126043, 1.0655112267638374]"
prism1,484,/home/humanoid/Programs/hand/results/phase1/run_20260413_pollard_multiscene_500_run2_refined/prism1/generated_mjcf/scene_prism1_tn0d0052p0d0171p0d0000_ip0d0114n0d0080p0d0001_mp0d0184p0d0173p0d0101.xml,prism_y0d0250,True,0.02,4.0,1.0,1.0,4.925531810852563,0.05033069353549732,6.0,0.007330037345640777,0.05044109151428413,0.002238397582775156,3.2153247897279136e-05,1.0,-0.005160010769570534,0.017119655572404743,0.0,0.011431032996217559,-0.008025402495112839,6.745440736844431e-05,0.018422271121277062,0.017256367578312053,0.010058918050668147,"[0.02227467475146645, 1.3847741367849997, -1.2, -0.12486767277292685, 1.5711627979365057, 1.0331946164332715, 0.03781392886992544, 1.534976746126043, 1.0655112267638374]"
prism1,485,/home/humanoid/Programs/hand/results/phase1/run_20260413_pollard_multiscene_500_run2_refined/prism1/generated_mjcf/scene_prism1_tp0d0088p0d0135p0d0000_ip0d0118n0d0067p0d0000_mp0d0202p0d0130p0d0000.xml,prism_y0d0250,True,0.02,4.0,1.0,1.0,4.521361795391775,0.050300293400695514,5.0,0.007440026763438278,0.11325172408302961,0.0008750599461198308,0.00016919181804317396,1.0,0.008772642373253814,0.013473487068065018,0.0,0.011840300635021877,-0.0066831136960992295,0.0,0.020173904665329145,0.012994021296588502,0.0,"[0.02227467475146645, 1.3847741367849997, -1.2, -0.12486767277292685, 1.5711627979365057, 1.0331946164332715, 0.03781392886992544, 1.534976746126043, 1.0655112267638374]"
prism1,486,/home/humanoid/Programs/hand/results/phase1/run_20260413_pollard_multiscene_500_run2_refined/prism1/generated_mjcf/scene_prism1_tp0d0076p0d0110p0d0119_ip0d0205n0d0031p0d0000_mp0d0192p0d0140p0d0000.xml,prism_y0d0250,True,0.02,4.0,1.0,1.0,4.198764948559507,0.05438908928285256,4.0,0.007824195462518847,0.28881473101756083,0.007647095960443429,0.0,1.0,0.007581525711751653,0.010985390094024649,0.01190669299281387,0.020533639884696864,-0.00312243768418328,0.0,0.019226256050701995,0.014038426579401892,0.0,"[0.02227467475146645, 1.3847741367849997, -1.2, -0.12486767277292685, 1.5711627979365057, 1.0331946164332715, 0.03781392886992544, 1.534976746126043, 1.0655112267638374]"
prism1,487,/home/humanoid/Programs/hand/results/phase1/run_20260413_pollard_multiscene_500_run2_refined/prism1/generated_mjcf/scene_prism1_tp0d0088p0d0220p0d0000_ip0d0041n0d0100p0d0000_mp0d0023p0d0105p0d0000.xml,prism_y0d0250,True,0.02,4.0,1.0,1.0,4.525591468040223,0.04999291036928821,5.0,0.005257125946015574,0.05900444483968985,0.0006952933351147178,5.1976354682625736e-05,1.0,0.008751521139274309,0.02195813433495425,0.0,0.004088112811065856,-0.010035573251982316,0.0,0.0022695589478362553,0.010519856420060628,0.0,"[0.02227467475146645, 1.3847741367849997, -1.2, -0.12486767277292685, 1.5711627979365057, 1.0331946164332715, 0.03781392886992544, 1.534976746126043, 1.0655112267638374]"
prism1,488,/home/humanoid/Programs/hand/results/phase1/run_20260413_pollard_multiscene_500_run2_refined/prism1/generated_mjcf/scene_prism1_tp0d0040p0d0252p0d0000_ip0d0175n0d0024p0d0099_mp0d0139p0d0140p0d0000.xml,prism_y0d0250,True,0.02,4.0,1.0,1.0,4.507705036513462,0.04946184803586903,5.0,0.0052935269807574655,0.05753359000349471,0.000621026732990074,4.3032656831198945e-05,1.0,0.0040151865912417435,0.02517965433679476,0.0,0.017472318988795123,-0.0023861769190015748,0.009858527470894534,0.013947603886014506,0.014000716894325091,0.0,"[0.02227467475146645, 1.3847741367849997, -1.2, -0.12486767277292685, 1.5711627979365057, 1.0331946164332715, 0.03781392886992544, 1.534976746126043, 1.0655112267638374]"
prism1,489,/home/humanoid/Programs/hand/results/phase1/run_20260413_pollard_multiscene_500_run2_refined/prism1/generated_mjcf/scene_prism1_tp0d0115p0d0273p0d0000_ip0d0172n0d0229p0d0117_mp0d0010p0d0058p0d0081.xml,prism_y0d0250,False,0.02,4.0,0.0,1.0,3.588546366041655,0.04788033215845659,3.0,0.010127022255226227,0.08699665392608699,0.005693756606864535,0.0016499314386477643,1.0,0.011498811694675162,0.02730715923601008,0.0,0.01719954964271813,-0.02291522830305808,0.011660194511019378,0.000951591731001138,0.005777731413406928,0.008084415280346147,"[0.02227467475146645, 1.3847741367849997, -1.2, -0.12486767277292685, 1.5711627979365057, 1.0331946164332715, 0.03781392886992544, 1.534976746126043, 1.0655112267638374]"
prism1,490,/home/humanoid/Programs/hand/results/phase1/run_20260413_pollard_multiscene_500_run2_refined/prism1/generated_mjcf/scene_prism1_tn0d0103p0d0157p0d0000_ip0d0039n0d0154p0d0024_mp0d0106p0d0269p0d0095.xml,prism_y0d0250,True,0.02,4.0,1.0,1.0,4.456922631985288,0.048853890524552475,5.0,0.007857553476371107,0.10962466672791876,0.0013410669843093026,0.0010631939588552353,1.0,-0.01033819147763369,0.015694722108475882,0.0,0.0038626213160662783,-0.01540010741443225,0.002371286748752201,0.010604854281785482,0.02690137877281787,0.009546302702118915,"[0.02227467475146645, 1.3847741367849997, -1.2, -0.12486767277292685, 1.5711627979365057, 1.0331946164332715, 0.03781392886992544, 1.534976746126043, 1.0655112267638374]"
prism1,491,/home/humanoid/Programs/hand/results/phase1/run_20260413_pollard_multiscene_500_run2_refined/prism1/generated_mjcf/scene_prism1_tn0d0023p0d0233p0d0063_ip0d0006n0d0094p0d0055_mp0d0146p0d0041p0d0107.xml,prism_y0d0250,True,0.02,4.0,1.0,1.0,4.419682270867598,0.05072186450610295,5.0,0.0067830059554084875,0.5109366574803973,0.010896079385521574,0.0,1.0,-0.002329973913256801,0.023270871193499486,0.006282828895953191,0.0005698282814026179,-0.00942041051014574,0.005458426041261531,0.014598589441035268,0.00405319105217238,0.010694641674625756,"[0.02227467475146645, 1.3847741367849997, -1.2, -0.12486767277292685, 1.5711627979365057, 1.0331946164332715, 0.03781392886992544, 1.534976746126043, 1.0655112267638374]"
prism1,492,/home/humanoid/Programs/hand/results/phase1/run_20260413_pollard_multiscene_500_run2_refined/prism1/generated_mjcf/scene_prism1_tn0d0120p0d0103p0d0000_ip0d0137n0d0123p0d0000_mp0d0054p0d0081p0d0045.xml,prism_y0d0250,True,0.02,4.0,1.0,1.0,4.8308450138784265,0.05361097561332479,6.0,0.0068049807227650244,0.888213068493102,0.016449535144740964,0.0,1.0,-0.011976922786092133,0.010296461513639622,0.0,0.013723523804438831,-0.01225337989012358,0.0,0.005424176997103532,0.008063687818109542,0.004537319127635171,"[0.02227467475146645, 1.3847741367849997, -1.2, -0.12486767277292685, 1.5711627979365057, 1.0331946164332715, 0.03781392886992544, 1.534976746126043, 1.0655112267638374]"
prism1,493,/home/humanoid/Programs/hand/results/phase1/run_20260413_pollard_multiscene_500_run2_refined/prism1/generated_mjcf/scene_prism1_tp0d0088p0d0282p0d0000_ip0d0061n0d0212p0d0086_mp0d0193p0d0217p0d0044.xml,prism_y0d0250,True,0.02,4.0,1.0,1.0,4.334638847334829,0.04907036216066893,7.0,0.005375287725462985,5.912870711203514,0.014190441026188367,0.0,1.0,0.008810582318479962,0.02823864594716607,0.0,0.006079133984940187,-0.021190124465350433,0.008551471268848924,0.0193094866325604,0.021664834753422582,0.004377443391571888,"[0.02227467475146645, 1.3847741367849997, -1.2, -0.12486767277292685, 1.5711627979365057, 1.0331946164332715, 0.03781392886992544, 1.534976746126043, 1.0655112267638374]"
prism1,494,/home/humanoid/Programs/hand/results/phase1/run_20260413_pollard_multiscene_500_run2_refined/prism1/generated_mjcf/scene_prism1_tp0d0006p0d0298p0d0000_ip0d0182n0d0143p0d0033_mp0d0144p0d0134p0d0000.xml,prism_y0d0250,True,0.02,4.0,1.0,1.0,4.063801384015744,0.05070340039228277,4.0,0.007073988135438779,0.5288820316946364,0.0022505587740579026,0.0003194996703943104,1.0,0.0006423515573065076,0.029804859421237912,0.0,0.01822084788801706,-0.014321454506167038,0.0032808942086269676,0.0143580323783207,0.013396258077430756,0.0,"[0.02227467475146645, 1.3847741367849997, -1.2, -0.12486767277292685, 1.5711627979365057, 1.0331946164332715, 0.03781392886992544, 1.534976746126043, 1.0655112267638374]"
prism1,495,/home/humanoid/Programs/hand/results/phase1/run_20260413_pollard_multiscene_500_run2_refined/prism1/generated_mjcf/scene_prism1_tp0d0045p0d0202p0d0000_ip0d0187n0d0027p0d0000_mp0d0092p0d0076p0d0019.xml,prism_y0d0250,True,0.02,4.0,1.0,1.0,4.933864688963586,0.04997608085903811,6.0,0.005275118448643021,0.018020786038473034,0.00019514358024603064,7.282706818449725e-05,1.0,0.004459944146623599,0.020157888414723962,0.0,0.018738071733546885,-0.002711925195349201,0.0,0.0092276115898702,0.0075653226688972225,0.0018619001808148194,"[0.02227467475146645, 1.3847741367849997, -1.2, -0.12486767277292685, 1.5711627979365057, 1.0331946164332715, 0.03781392886992544, 1.534976746126043, 1.0655112267638374]"
prism1,496,/home/humanoid/Programs/hand/results/phase1/run_20260413_pollard_multiscene_500_run2_refined/prism1/generated_mjcf/scene_prism1_tn0d0009p0d0248p0d0099_ip0d0088n0d0012p0d0000_mp0d0184p0d0181p0d0000.xml,prism_y0d0250,True,0.02,4.0,1.0,1.0,4.906814368722864,0.05017701081925112,6.0,0.006766798250840258,0.11847192694350585,0.0023667522127804206,0.0003230092609197155,1.0,-0.0008933137833174749,0.024786767158425156,0.009864986063080061,0.008841727231664482,-0.0012339940763756874,0.0,0.018411304301340338,0.01808062999647958,0.0,"[0.02227467475146645, 1.3847741367849997, -1.2, -0.12486767277292685, 1.5711627979365057, 1.0331946164332715, 0.03781392886992544, 1.534976746126043, 1.0655112267638374]"
prism1,497,/home/humanoid/Programs/hand/results/phase1/run_20260413_pollard_multiscene_500_run2_refined/prism1/generated_mjcf/scene_prism1_tn0d0097p0d0212p0d0092_ip0d0104n0d0190p0d0000_mp0d0216p0d0200p0d0095.xml,prism_y0d0250,True,0.02,4.0,1.0,1.0,4.948316084596393,0.050656271673973144,6.0,0.0065254326246622545,0.04248487800830952,0.0006933155393657059,8.916115049188711e-05,1.0,-0.009713218372601893,0.021152490188781035,0.009228060343378315,0.010391589576232495,-0.019031929684336403,0.0,0.02163107469634539,0.020045375014204635,0.009475648985567953,"[0.02227467475146645, 1.3847741367849997, -1.2, -0.12486767277292685, 1.5711627979365057, 1.0331946164332715, 0.03781392886992544, 1.534976746126043, 1.0655112267638374]"
prism1,498,/home/humanoid/Programs/hand/results/phase1/run_20260413_pollard_multiscene_500_run2_refined/prism1/generated_mjcf/scene_prism1_tn0d0119p0d0090p0d0017_ip0d0053n0d0047p0d0038_mp0d0079p0d0177p0d0074.xml,prism_y0d0250,True,0.02,4.0,1.0,1.0,4.108704658349524,0.04994138418141219,4.0,0.0080091623856235,0.06765889261524638,0.0019052984741713054,0.00013706987427843098,1.0,-0.011909862353567426,0.008988565285749352,0.001733493470553472,0.005262883245504537,-0.00472709212620471,0.003801006143391579,0.00789349564076763,0.01765195848887168,0.0073960258272467334,"[0.02227467475146645, 1.3847741367849997, -1.2, -0.12486767277292685, 1.5711627979365057, 1.0331946164332715, 0.03781392886992544, 1.534976746126043, 1.0655112267638374]"
prism1,499,/home/humanoid/Programs/hand/results/phase1/run_20260413_pollard_multiscene_500_run2_refined/prism1/generated_mjcf/scene_prism1_tp0d0014p0d0095p0d0000_ip0d0084n0d0171p0d0015_mp0d0149p0d0186p0d0000.xml,prism_y0d0250,True,0.02,4.0,1.0,1.0,4.095467860877627,0.05013870441278151,4.0,0.009959338910312287,0.14524298114344036,0.001806433859337441,0.0005702554517967445,1.0,0.0013764715164408785,0.00947601429432269,0.0,0.008399100002780555,-0.017066066196626872,0.0014972733179993147,0.014912960203866244,0.018649016434409443,0.0,"[0.02227467475146645, 1.3847741367849997, -1.2, -0.12486767277292685, 1.5711627979365057, 1.0331946164332715, 0.03781392886992544, 1.534976746126043, 1.0655112267638374]"
