scene_key,candidate_id,scene_xml,selected_foundational_pose,feasible,feasibility_max_mean_tip_distance,feasibility_min_contacts,feasible_pose_count,foundational_pose_count,score,cube_lift,cube_tip_contacts,mean_tip_distance,cube_vel_norm,thumb_x,thumb_y,thumb_len,index_x,index_y,index_len,middle_x,middle_y,middle_len,chosen_ctrl_json
prism1,0,/home/humanoid/Programs/hand/results/phase1/run_20260413_pollard_multiscene_500_cem/prism1/generated_mjcf/scene_prism1_tp0d0000p0d0200p0d0000_ip0d0100n0d0123p0d0000_mp0d0100p0d0153p0d0000.xml,prism_y0d0250,True,0.03,1.0,1.0,1.0,3.108483661043687,0.05526990763646718,3.0,0.009273940271794038,0.049434837927174756,0.0,0.02,0.0,0.01,-0.0123,0.0,0.01,0.0153,0.0,"[0.17662273551559396, 1.8739684039884141, -0.7805519000249005, -0.08350843124224389, 1.5088519528671127, 1.1033427270019756, -0.08091088694001468, 1.4300866302414768, 1.025778669031499]"
prism1,1,/home/humanoid/Programs/hand/results/phase1/run_20260413_pollard_multiscene_500_cem/prism1/generated_mjcf/scene_prism1_tp0d0033p0d0145p0d0000_in0d0016n0d0048p0d0099_mp0d0126p0d0208p0d0010.xml,prism_y0d0250,True,0.03,1.0,1.0,1.0,2.908902511748608,0.04942662141297194,3.0,0.008872077441401657,0.02190055215071375,0.0032870804957149027,0.014474881130332889,0.0,-0.001603336747315302,-0.004781514259193461,0.009906133854665322,0.012559258618412316,0.02080791746361596,0.0010469997951701483,"[0.17662273551559396, 1.8739684039884141, -0.7805519000249005, -0.08350843124224389, 1.5088519528671127, 1.1033427270019756, -0.08091088694001468, 1.4300866302414768, 1.025778669031499]"
prism1,2,/home/humanoid/Programs/hand/results/phase1/run_20260413_pollard_multiscene_500_cem/prism1/generated_mjcf/scene_prism1_tp0d0104p0d0276p0d0000_ip0d0186n0d0235p0d0055_mp0d0022p0d0240p0d0010.xml,prism_y0d0250,True,0.03,1.0,1.0,1.0,2.9289099736747444,0.04993675245426697,3.0,0.00914210775177226,0.003947644807033203,0.010441738170906437,0.02758048529891677,0.0,0.018577702638101663,-0.023493946192668855,0.005511730714318659,0.002215734894461416,0.024016294136397276,0.0009950692859782007,"[0.17662273551559396, 1.8739684039884141, -0.7805519000249005, -0.08350843124224389, 1.5088519528671127, 1.1033427270019756, -0.08091088694001468, 1.4300866302414768, 1.025778669031499]"
prism1,3,/home/humanoid/Programs/hand/results/phase1/run_20260413_pollard_multiscene_500_cem/prism1/generated_mjcf/scene_prism1_tn0d0048p0d0181p0d0000_ip0d0010n0d0082p0d0035_mp0d0128p0d0125p0d0119.xml,prism_y0d0250,True,0.03,1.0,1.0,1.0,1.0157367964302748,0.03940116963937067,2.0,0.010631892085541661,7.61360237851077,-0.004806914627102765,0.018144493308743802,0.0,0.0009827986359895336,-0.008205014047352873,0.003532548277782002,0.012769242675550093,0.012508261302285202,0.011933038458941066,"[0.17662273551559396, 1.8739684039884141, -0.7805519000249005, -0.08350843124224389, 1.5088519528671127, 1.1033427270019756, -0.08091088694001468, 1.4300866302414768, 1.025778669031499]"
prism1,4,/home/humanoid/Programs/hand/results/phase1/run_20260413_pollard_multiscene_500_cem/prism1/generated_mjcf/scene_prism1_tp0d0115p0d0245p0d0036_ip0d0145n0d0150p0d0000_mp0d0153p0d0159p0d0000.xml,prism_y0d0250,True,0.03,1.0,1.0,1.0,1.9877900064350498,0.04767879634014095,2.0,0.010865479757906374,3.06157937302714,0.011540048130629522,0.024453007627536674,0.0036110226304275905,0.014522721533702562,-0.014965885824501509,0.0,0.01531572016465796,0.01590850373941742,0.0,"[0.17662273551559396, 1.8739684039884141, -0.7805519000249005, -0.08350843124224389, 1.5088519528671127, 1.1033427270019756, -0.08091088694001468, 1.4300866302414768, 1.025778669031499]"
prism1,5,/home/humanoid/Programs/hand/results/phase1/run_20260413_pollard_multiscene_500_cem/prism1/generated_mjcf/scene_prism1_tn0d0003p0d0293p0d0104_ip0d0066n0d0106p0d0000_mp0d0123p0d0114p0d0000.xml,prism_y0d0250,True,0.03,1.0,1.0,1.0,2.1615680553390435,0.03973935370318099,2.0,0.014579617794255678,0.001000591225198821,-0.00033995138803706235,0.02934770802437601,0.010417044382949991,0.006587084721017685,-0.010583284062485737,0.0,0.012263200724792723,0.011409869412171198,0.0,"[0.17662273551559396, 1.8739684039884141, -0.7805519000249005, -0.08350843124224389, 1.5088519528671127, 1.1033427270019756, -0.08091088694001468, 1.4300866302414768, 1.025778669031499]"
prism1,6,/home/humanoid/Programs/hand/results/phase1/run_20260413_pollard_multiscene_500_cem/prism1/generated_mjcf/scene_prism1_tp0d0094p0d0135p0d0030_ip0d0000n0d0043p0d0069_mp0d0037p0d0243p0d0000.xml,prism_y0d0250,True,0.03,1.0,1.0,1.0,2.9301769004007654,0.04996171699186537,3.0,0.008669925345813359,0.007622290819305576,0.009366584448115015,0.013451782244801112,0.002956491472465019,1.6368245977236087e-05,-0.004316540456318454,0.0068903593797284,0.003744866631830852,0.02433562153945689,0.0,"[0.17662273551559396, 1.8739684039884141, -0.7805519000249005, -0.08350843124224389, 1.5088519528671127, 1.1033427270019756, -0.08091088694001468, 1.4300866302414768, 1.025778669031499]"
prism1,7,/home/humanoid/Programs/hand/results/phase1/run_20260413_pollard_multiscene_500_cem/prism1/generated_mjcf/scene_prism1_tn0d0039p0d0116p0d0000_ip0d0171n0d0188p0d0000_mp0d0077p0d0081p0d0000.xml,prism_y0d0250,True,0.03,1.0,1.0,1.0,2.911793432194094,0.0495708877333193,3.0,0.009335705770905933,0.030108179535131948,-0.003933190546904152,0.011606707205476137,0.0,0.017111782486895065,-0.01876458698415006,0.0,0.007709244155716676,0.008064313068222126,0.0,"[0.17662273551559396, 1.8739684039884141, -0.7805519000249005, -0.08350843124224389, 1.5088519528671127, 1.1033427270019756, -0.08091088694001468, 1.4300866302414768, 1.025778669031499]"
prism1,8,/home/humanoid/Programs/hand/results/phase1/run_20260413_pollard_multiscene_500_cem/prism1/generated_mjcf/scene_prism1_tp0d0019p0d0152p0d0041_ip0d0028n0d0017p0d0000_mp0d0005p0d0184p0d0103.xml,prism_y0d0250,True,0.03,1.0,1.0,1.0,2.9243637206585467,0.04983962645840471,3.0,0.008896348248272276,0.014870059260491618,0.0019279772636844154,0.015168707187654142,0.004127877070952624,0.002788370655237119,-0.0016892853478440526,0.0,0.0005318867096855088,0.018398595636953022,0.010251709273628819,"[0.17662273551559396, 1.8739684039884141, -0.7805519000249005, -0.08350843124224389, 1.5088519528671127, 1.1033427270019756, -0.08091088694001468, 1.4300866302414768, 1.025778669031499]"
prism1,9,/home/humanoid/Programs/hand/results/phase1/run_20260413_pollard_multiscene_500_cem/prism1/generated_mjcf/scene_prism1_tn0d0014p0d0300p0d0000_ip0d0082n0d0094p0d0119_mp0d0208p0d0143p0d0062.xml,prism_y0d0250,True,0.03,1.0,1.0,1.0,1.7223575080916003,0.0411597545296999,2.0,0.01555818722148733,3.2474501733661474,-0.0014309482868211845,0.03,0.0,0.008205486996377813,-0.009414877151630932,0.011882316125647777,0.02077464819850637,0.014341083343418305,0.006185492287398994,"[0.17662273551559396, 1.8739684039884141, -0.7805519000249005, -0.08350843124224389, 1.5088519528671127, 1.1033427270019756, -0.08091088694001468, 1.4300866302414768, 1.025778669031499]"
prism1,10,/home/humanoid/Programs/hand/results/phase1/run_20260413_pollard_multiscene_500_cem/prism1/generated_mjcf/scene_prism1_tn0d0001p0d0207p0d0069_ip0d0080n0d0067p0d0051_mp0d0204p0d0061p0d0055.xml,prism_y0d0250,True,0.03,1.0,1.0,1.0,1.1342378553660617,0.03804434746642597,2.0,0.012920042480941992,6.476494806646421,-6.185530829714431e-05,0.02070349184472249,0.00685885681713138,0.0079517403845361,-0.006672394277070495,0.005067429071753997,0.020369432478721076,0.006058383198741723,0.005496362809831425,"[0.17662273551559396, 1.8739684039884141, -0.7805519000249005, -0.08350843124224389, 1.5088519528671127, 1.1033427270019756, -0.08091088694001468, 1.4300866302414768, 1.025778669031499]"
prism1,11,/home/humanoid/Programs/hand/results/phase1/run_20260413_pollard_multiscene_500_cem/prism1/generated_mjcf/scene_prism1_tp0d0103p0d0300p0d0000_ip0d0187n0d0008p0d0110_mp0d0016p0d0266p0d0094.xml,prism_y0d0250,True,0.03,1.0,1.0,1.0,2.9011961025368023,0.04991186611916166,3.0,0.009283462605906444,0.18101524281362127,0.010258174286989438,0.03,0.0,0.018727362165893817,-0.0007513190384077374,0.010973044310663125,0.0015703362935799488,0.026643091531750922,0.009358453337292495,"[0.17662273551559396, 1.8739684039884141, -0.7805519000249005, -0.08350843124224389, 1.5088519528671127, 1.1033427270019756, -0.08091088694001468, 1.4300866302414768, 1.025778669031499]"
prism1,12,/home/humanoid/Programs/hand/results/phase1/run_20260413_pollard_multiscene_500_cem/prism1/generated_mjcf/scene_prism1_tp0d0077p0d0195p0d0000_ip0d0172n0d0021p0d0000_mp0d0109p0d0139p0d0103.xml,prism_y0d0250,True,0.03,1.0,1.0,1.0,2.9005542923456424,0.04916544226571322,3.0,0.009282332199545934,0.011143483701523297,0.007736971861033691,0.019519710171387972,0.0,0.017245133889239386,-0.0021352761651967315,0.0,0.010934425782932486,0.013926067895388755,0.01034441558354772,"[0.17662273551559396, 1.8739684039884141, -0.7805519000249005, -0.08350843124224389, 1.5088519528671127, 1.1033427270019756, -0.08091088694001468, 1.4300866302414768, 1.025778669031499]"
prism1,14,/home/humanoid/Programs/hand/results/phase1/run_20260413_pollard_multiscene_500_cem/prism1/generated_mjcf/scene_prism1_tn0d0104p0d0282p0d0000_ip0d0063n0d0140p0d0112_mp0d0115p0d0095p0d0000.xml,prism_y0d0250,True,0.03,1.0,1.0,1.0,1.8756045701897348,0.04011461299418012,2.0,0.01419429750036659,2.0001219307055775,-0.010414020078622207,0.0281916147106972,0.0,0.006263439491299004,-0.013972830433252,0.011185489938817683,0.011493564213482969,0.009512750236102374,0.0,"[0.17662273551559396, 1.8739684039884141, -0.7805519000249005, -0.08350843124224389, 1.5088519528671127, 1.1033427270019756, -0.08091088694001468, 1.4300866302414768, 1.025778669031499]"
prism1,15,/home/humanoid/Programs/hand/results/phase1/run_20260413_pollard_multiscene_500_cem/prism1/generated_mjcf/scene_prism1_tp0d0093p0d0134p0d0000_ip0d0049n0d0102p0d0013_mp0d0174p0d0168p0d0000.xml,prism_y0d0250,True,0.03,1.0,1.0,1.0,2.495373095157998,0.049236677967289574,2.0,0.00900845670259926,0.06595813527958977,0.009314839695820316,0.013420866282015786,0.0,0.004919938168181862,-0.010233046444494413,0.001298172052158427,0.017433058621906666,0.01675142284814846,0.0,"[0.17662273551559396, 1.8739684039884141, -0.7805519000249005, -0.08350843124224389, 1.5088519528671127, 1.1033427270019756, -0.08091088694001468, 1.4300866302414768, 1.025778669031499]"
prism1,16,/home/humanoid/Programs/hand/results/phase1/run_20260413_pollard_multiscene_500_cem/prism1/generated_mjcf/scene_prism1_tn0d0021p0d0276p0d0030_ip0d0210n0d0154p0d0013_mp0d0123p0d0237p0d0000.xml,prism_y0d0250,True,0.03,1.0,1.0,1.0,0.7070196554245745,0.03839629871190771,2.0,0.009987086592767796,9.445844175377731,-0.002090487775658576,0.02763490330330185,0.003036155098074084,0.021017863424738617,-0.01543429413379966,0.0012626762525108932,0.01225418083871604,0.023658988998601437,0.0,"[0.17662273551559396, 1.8739684039884141, -0.7805519000249005, -0.08350843124224389, 1.5088519528671127, 1.1033427270019756, -0.08091088694001468, 1.4300866302414768, 1.025778669031499]"
prism1,17,/home/humanoid/Programs/hand/results/phase1/run_20260413_pollard_multiscene_500_cem/prism1/generated_mjcf/scene_prism1_tn0d0022p0d0298p0d0000_ip0d0177n0d0143p0d0079_mn0d0018p0d0121p0d0000.xml,prism_y0d0250,True,0.03,1.0,1.0,1.0,3.2099684420475585,0.05872123702061849,3.0,0.009789379741579151,0.17130729460620495,-0.00224375191804496,0.02983901507989513,0.0,0.01774495072435605,-0.014330783103090609,0.007915295646674467,-0.0017610905406249926,0.012061107786198495,0.0,"[0.17662273551559396, 1.8739684039884141, -0.7805519000249005, -0.08350843124224389, 1.5088519528671127, 1.1033427270019756, -0.08091088694001468, 1.4300866302414768, 1.025778669031499]"
prism1,18,/home/humanoid/Programs/hand/results/phase1/run_20260413_pollard_multiscene_500_cem/prism1/generated_mjcf/scene_prism1_tp0d0037p0d0146p0d0049_ip0d0207n0d0213p0d0088_mn0d0006p0d0124p0d0000.xml,prism_y0d0250,True,0.03,1.0,1.0,1.0,2.9251274558341045,0.04988495807939003,3.0,0.009204110341762974,0.01625237507347216,0.003662749832079322,0.014572378366389374,0.00486364969583487,0.02065123424661018,-0.021256389545730052,0.008754679089618578,-0.0005728603615918777,0.012438492199461346,0.0,"[0.17662273551559396, 1.8739684039884141, -0.7805519000249005, -0.08350843124224389, 1.5088519528671127, 1.1033427270019756, -0.08091088694001468, 1.4300866302414768, 1.025778669031499]"
prism1,19,/home/humanoid/Programs/hand/results/phase1/run_20260413_pollard_multiscene_500_cem/prism1/generated_mjcf/scene_prism1_tn0d0003p0d0300p0d0066_ip0d0054n0d0178p0d0087_mp0d0192p0d0156p0d0000.xml,prism_y0d0250,True,0.03,1.0,1.0,1.0,0.8720715158701999,0.036968300736461054,2.0,0.016647681881955808,7.923490974280168,-0.0002676108759968581,0.03,0.0066165885144438795,0.005412576705262264,-0.017823917147980796,0.008714884900543628,0.01915137214570456,0.015556956133047486,0.0,"[0.17662273551559396, 1.8739684039884141, -0.7805519000249005, -0.08350843124224389, 1.5088519528671127, 1.1033427270019756, -0.08091088694001468, 1.4300866302414768, 1.025778669031499]"
prism1,20,/home/humanoid/Programs/hand/results/phase1/run_20260413_pollard_multiscene_500_cem/prism1/generated_mjcf/scene_prism1_tp0d0119p0d0156p0d0000_ip0d0191n0d0048p0d0040_mp0d0210p0d0255p0d0060.xml,prism_y0d0250,True,0.03,1.0,1.0,1.0,2.915665726208632,0.04972200786795623,3.0,0.009114861807372997,0.042498837033937635,0.011878016355862029,0.015582645088824804,0.0,0.01912235491129767,-0.0048039504453299044,0.004029345733712431,0.021001927162670846,0.02551714985314605,0.005957964079242099,"[0.17662273551559396, 1.8739684039884141, -0.7805519000249005, -0.08350843124224389, 1.5088519528671127, 1.1033427270019756, -0.08091088694001468, 1.4300866302414768, 1.025778669031499]"
prism1,21,/home/humanoid/Programs/hand/results/phase1/run_20260413_pollard_multiscene_500_cem/prism1/generated_mjcf/scene_prism1_tp0d0087p0d0139p0d0000_ip0d0141n0d0071p0d0000_mp0d0075p0d0251p0d0015.xml,prism_y0d0250,True,0.03,1.0,1.0,1.0,2.928388992129147,0.04991874527134304,3.0,0.008910072188978583,0.00631298659935039,0.008656833829144266,0.01393152176773058,0.0,0.014081484383558463,-0.007149155120285933,0.0,0.007493374554517023,0.025146138389185314,0.0014736184212053513,"[0.17662273551559396, 1.8739684039884141, -0.7805519000249005, -0.08350843124224389, 1.5088519528671127, 1.1033427270019756, -0.08091088694001468, 1.4300866302414768, 1.025778669031499]"
prism1,22,/home/humanoid/Programs/hand/results/phase1/run_20260413_pollard_multiscene_500_cem/prism1/generated_mjcf/scene_prism1_tp0d0019p0d0127p0d0006_ip0d0106n0d0222p0d0116_mp0d0117p0d0035p0d0065.xml,prism_y0d0250,True,0.03,1.0,1.0,1.0,2.188723956366662,0.04944235240818671,2.0,0.01097140981097233,2.132103721986188,0.001880061958230544,0.012659114549379047,0.000624533966829004,0.010562433457478078,-0.02216554463408947,0.011566624635040951,0.011713494410938587,0.003453813183943444,0.006543580829409326,"[0.17662273551559396, 1.8739684039884141, -0.7805519000249005, -0.08350843124224389, 1.5088519528671127, 1.1033427270019756, -0.08091088694001468, 1.4300866302414768, 1.025778669031499]"
prism1,23,/home/humanoid/Programs/hand/results/phase1/run_20260413_pollard_multiscene_500_cem/prism1/generated_mjcf/scene_prism1_tp0d0115p0d0222p0d0000_ip0d0025n0d0082p0d0000_mp0d0119p0d0178p0d0111.xml,prism_y0d0250,True,0.03,1.0,1.0,1.0,2.934294076657455,0.050130110939472394,3.0,0.00875272882988862,0.018362323762007634,0.011478377132163497,0.02215688067970281,0.0,0.0025001851774668375,-0.008159360785995136,0.0,0.011864509420428621,0.017753740233111017,0.011098154234985145,"[0.17662273551559396, 1.8739684039884141, -0.7805519000249005, -0.08350843124224389, 1.5088519528671127, 1.1033427270019756, -0.08091088694001468, 1.4300866302414768, 1.025778669031499]"
prism1,24,/home/humanoid/Programs/hand/results/phase1/run_20260413_pollard_multiscene_500_cem/prism1/generated_mjcf/scene_prism1_tn0d0103p0d0200p0d0059_ip0d0023n0d0150p0d0000_mp0d0154p0d0054p0d0000.xml,prism_y0d0250,True,0.03,1.0,1.0,1.0,0.8729991733501712,0.03746900746312342,2.0,0.015698416063704843,8.046795038211595,-0.010265633627282958,0.019999347767806847,0.0058583395027835584,0.0022534417713918117,-0.014986398437171538,0.0,0.015421140730618644,0.005406429282227681,0.0,"[0.17662273551559396, 1.8739684039884141, -0.7805519000249005, -0.08350843124224389, 1.5088519528671127, 1.1033427270019756, -0.08091088694001468, 1.4300866302414768, 1.025778669031499]"
prism1,25,/home/humanoid/Programs/hand/results/phase1/run_20260413_pollard_multiscene_500_cem/prism1/generated_mjcf/scene_prism1_tp0d0090p0d0193p0d0099_ip0d0164n0d0023p0d0000_mn0d0002p0d0050p0d0089.xml,prism_y0d0250,True,0.03,1.0,1.0,1.0,2.846503176287379,0.04817977185255236,3.0,0.009539976465483735,0.1380592374732388,0.008964543146897572,0.019335208082000274,0.009902926407381257,0.016382010825732936,-0.00233222495731762,0.0,-0.00023449027206483113,0.004987830085661232,0.008852503064335663,"[0.17662273551559396, 1.8739684039884141, -0.7805519000249005, -0.08350843124224389, 1.5088519528671127, 1.1033427270019756, -0.08091088694001468, 1.4300866302414768, 1.025778669031499]"
prism1,26,/home/humanoid/Programs/hand/results/phase1/run_20260413_pollard_multiscene_500_cem/prism1/generated_mjcf/scene_prism1_tp0d0032p0d0199p0d0000_ip0d0142n0d0167p0d0051_mp0d0090p0d0155p0d0070.xml,prism_y0d0250,True,0.03,1.0,1.0,1.0,2.918443494101466,0.04976275550734707,3.0,0.009311116316790194,0.03087144014734066,0.003217679504338638,0.019917720651172473,0.0,0.014169602505454569,-0.01666758269170085,0.005061116718382677,0.009048527892815794,0.015479276653068651,0.006951977579036889,"[0.17662273551559396, 1.8739684039884141, -0.7805519000249005, -0.08350843124224389, 1.5088519528671127, 1.1033427270019756, -0.08091088694001468, 1.4300866302414768, 1.025778669031499]"
prism1,27,/home/humanoid/Programs/hand/results/phase1/run_20260413_pollard_multiscene_500_cem/prism1/generated_mjcf/scene_prism1_tn0d0098p0d0219p0d0000_ip0d0174n0d0126p0d0117_mp0d0024p0d0264p0d0072.xml,prism_y0d0250,True,0.03,1.0,1.0,1.0,2.8553146829845937,0.04826255668618885,3.0,0.009402043110928215,0.10047143206773057,-0.009774108587438862,0.02189020407976406,0.0,0.017395282043525633,-0.012567695132897762,0.011728688000827672,0.0023906397922172492,0.026412459362982414,0.0072220088786066165,"[0.17662273551559396, 1.8739684039884141, -0.7805519000249005, -0.08350843124224389, 1.5088519528671127, 1.1033427270019756, -0.08091088694001468, 1.4300866302414768, 1.025778669031499]"
prism1,28,/home/humanoid/Programs/hand/results/phase1/run_20260413_pollard_multiscene_500_cem/prism1/generated_mjcf/scene_prism1_tn0d0004p0d0275p0d0025_ip0d0137n0d0024p0d0000_mp0d0180p0d0125p0d0000.xml,prism_y0d0250,True,0.03,1.0,1.0,1.0,1.2390546390410262,0.03662438885995409,2.0,0.011118782838638513,5.470409369200598,-0.00044974808219355386,0.02752481754031125,0.002468373725786793,0.013722905535793127,-0.0023714216950226647,0.0,0.018039716895001612,0.01246355471918973,0.0,"[0.17662273551559396, 1.8739684039884141, -0.7805519000249005, -0.08350843124224389, 1.5088519528671127, 1.1033427270019756, -0.08091088694001468, 1.4300866302414768, 1.025778669031499]"
prism1,29,/home/humanoid/Programs/hand/results/phase1/run_20260413_pollard_multiscene_500_cem/prism1/generated_mjcf/scene_prism1_tp0d0119p0d0267p0d0000_ip0d0081n0d0032p0d0000_mp0d0150p0d0222p0d0072.xml,prism_y0d0250,True,0.03,1.0,1.0,1.0,2.867426181567776,0.0483617071327368,3.0,0.008875980150134114,0.04987738518496004,0.011856642509039624,0.026748572049833077,0.0,0.00814308151419475,-0.0032393062590768944,0.0,0.015002050165932786,0.022239710968923507,0.007180713113186753,"[0.17662273551559396, 1.8739684039884141, -0.7805519000249005, -0.08350843124224389, 1.5088519528671127, 1.1033427270019756, -0.08091088694001468, 1.4300866302414768, 1.025778669031499]"
prism1,30,/home/humanoid/Programs/hand/results/phase1/run_20260413_pollard_multiscene_500_cem/prism1/generated_mjcf/scene_prism1_tn0d0043p0d0271p0d0000_ip0d0067n0d0143p0d0010_mp0d0007p0d0131p0d0000.xml,prism_y0d0250,True,0.03,1.0,1.0,1.0,0.989614525817919,0.040120521435708406,2.0,0.010209682741626404,7.961229059657482,-0.004265118606244038,0.02711934038590531,0.0,0.006695390811629658,-0.014281245307094884,0.00099383960712395,0.0007027279729733722,0.013066747215343347,0.0,"[0.17662273551559396, 1.8739684039884141, -0.7805519000249005, -0.08350843124224389, 1.5088519528671127, 1.1033427270019756, -0.08091088694001468, 1.4300866302414768, 1.025778669031499]"
prism1,31,/home/humanoid/Programs/hand/results/phase1/run_20260413_pollard_multiscene_500_cem/prism1/generated_mjcf/scene_prism1_tp0d0059p0d0284p0d0000_ip0d0149n0d0046p0d0116_mp0d0183p0d0135p0d0115.xml,prism_y0d0250,True,0.03,1.0,1.0,1.0,1.8228422384556473,0.040865975581434386,2.0,0.011392878664054704,2.5645409971096464,0.005865137432337578,0.028445021893622167,0.0,0.014890858462403149,-0.004593525878528669,0.011563879748923051,0.01825097349684944,0.013478555650656308,0.011512529004231758,"[0.17662273551559396, 1.8739684039884141, -0.7805519000249005, -0.08350843124224389, 1.5088519528671127, 1.1033427270019756, -0.08091088694001468, 1.4300866302414768, 1.025778669031499]"
prism1,32,/home/humanoid/Programs/hand/results/phase1/run_20260413_pollard_multiscene_500_cem/prism1/generated_mjcf/scene_prism1_tp0d0114p0d0201p0d0061_ip0d0199n0d0129p0d0087_mp0d0148p0d0104p0d0064.xml,prism_y0d0250,True,0.03,1.0,1.0,1.0,2.5043556956490196,0.04935747551232274,2.0,0.009999587403993182,0.02104514982859808,0.011375625716456523,0.020088247500813894,0.006082716926013726,0.019932104024155912,-0.012872470272749927,0.008730869786330038,0.014837645585484947,0.010354182143389382,0.006423654479603365,"[0.17662273551559396, 1.8739684039884141, -0.7805519000249005, -0.08350843124224389, 1.5088519528671127, 1.1033427270019756, -0.08091088694001468, 1.4300866302414768, 1.025778669031499]"
prism1,33,/home/humanoid/Programs/hand/results/phase1/run_20260413_pollard_multiscene_500_cem/prism1/generated_mjcf/scene_prism1_tp0d0017p0d0103p0d0000_in0d0002n0d0129p0d0000_mp0d0082p0d0174p0d0000.xml,prism_y0d0250,True,0.03,1.0,1.0,1.0,2.9264391678189505,0.04987539589100184,3.0,0.00882262269026485,0.010362953237228393,0.0016964348606279787,0.01025228368239935,0.0,-0.00023021567845265753,-0.012871992882792106,0.0,0.008169698631290736,0.017371208486178825,0.0,"[0.17662273551559396, 1.8739684039884141, -0.7805519000249005, -0.08350843124224389, 1.5088519528671127, 1.1033427270019756, -0.08091088694001468, 1.4300866302414768, 1.025778669031499]"
prism1,34,/home/humanoid/Programs/hand/results/phase1/run_20260413_pollard_multiscene_500_cem/prism1/generated_mjcf/scene_prism1_tp0d0104p0d0244p0d0078_ip0d0195n0d0103p0d0000_mp0d0151p0d0170p0d0078.xml,prism_y0d0250,True,0.03,1.0,1.0,1.0,2.6928760063016317,0.05474952448706886,2.0,0.009462747812435958,0.029545700806042786,0.010410453838964225,0.024417210753800794,0.0077707526014265185,0.01952322957433024,-0.010300318873836577,0.0,0.015075683778826192,0.016956620502320593,0.007822973332089582,"[0.17662273551559396, 1.8739684039884141, -0.7805519000249005, -0.08350843124224389, 1.5088519528671127, 1.1033427270019756, -0.08091088694001468, 1.4300866302414768, 1.025778669031499]"
prism1,35,/home/humanoid/Programs/hand/results/phase1/run_20260413_pollard_multiscene_500_cem/prism1/generated_mjcf/scene_prism1_tp0d0008p0d0275p0d0119_ip0d0064n0d0202p0d0000_mp0d0161p0d0138p0d0021.xml,prism_y0d0250,True,0.03,1.0,1.0,1.0,2.215542926212486,0.04326332443733969,2.0,0.01602905019130688,0.44410219141193064,0.0007718513633842589,0.027517858288740617,0.011928247033739802,0.006413315472829315,-0.02019548543950382,0.0,0.016073199756776235,0.013841494364599355,0.0021211226263011564,"[0.17662273551559396, 1.8739684039884141, -0.7805519000249005, -0.08350843124224389, 1.5088519528671127, 1.1033427270019756, -0.08091088694001468, 1.4300866302414768, 1.025778669031499]"
prism1,36,/home/humanoid/Programs/hand/results/phase1/run_20260413_pollard_multiscene_500_cem/prism1/generated_mjcf/scene_prism1_tn0d0089p0d0254p0d0000_ip0d0026n0d0036p0d0015_mp0d0096p0d0249p0d0000.xml,prism_y0d0250,True,0.03,1.0,1.0,1.0,2.1186197423382396,0.038287040427222106,2.0,0.010713328479187198,1.0437439940087858e-07,-0.008943396673879896,0.025426964262415527,0.0,0.0025748214496964378,-0.0035892000340033304,0.0015459077068942575,0.00962797461631001,0.02487177036596363,0.0,"[0.17662273551559396, 1.8739684039884141, -0.7805519000249005, -0.08350843124224389, 1.5088519528671127, 1.1033427270019756, -0.08091088694001468, 1.4300866302414768, 1.025778669031499]"
prism1,37,/home/humanoid/Programs/hand/results/phase1/run_20260413_pollard_multiscene_500_cem/prism1/generated_mjcf/scene_prism1_tp0d0047p0d0159p0d0000_ip0d0142n0d0156p0d0000_mp0d0206p0d0081p0d0003.xml,prism_y0d0250,True,0.03,1.0,1.0,1.0,2.2009785666853587,0.04877235212705135,2.0,0.011488642294007284,1.8871764878228268,0.004707706808181427,0.01587157495435046,0.0,0.014195167599214695,-0.015592273179289533,0.0,0.02064826636550051,0.008083160176307667,0.00029216778810564094,"[0.17662273551559396, 1.8739684039884141, -0.7805519000249005, -0.08350843124224389, 1.5088519528671127, 1.1033427270019756, -0.08091088694001468, 1.4300866302414768, 1.025778669031499]"
prism1,38,/home/humanoid/Programs/hand/results/phase1/run_20260413_pollard_multiscene_500_cem/prism1/generated_mjcf/scene_prism1_tn0d0114p0d0119p0d0092_ip0d0169n0d0109p0d0000_mp0d0114p0d0036p0d0051.xml,prism_y0d0250,True,0.03,1.0,1.0,1.0,2.370439555088008,0.04559432410027849,2.0,0.010752082259193593,0.025717492689013702,-0.011423683183887617,0.011920834187286948,0.009202049607205488,0.01694194115806423,-0.010935948238704234,0.0,0.011385941982911355,0.0035915166267267012,0.005111847142510097,"[0.17662273551559396, 1.8739684039884141, -0.7805519000249005, -0.08350843124224389, 1.5088519528671127, 1.1033427270019756, -0.08091088694001468, 1.4300866302414768, 1.025778669031499]"
prism1,39,/home/humanoid/Programs/hand/results/phase1/run_20260413_pollard_multiscene_500_cem/prism1/generated_mjcf/scene_prism1_tp0d0052p0d0235p0d0027_in0d0002n0d0184p0d0018_mp0d0075p0d0271p0d0102.xml,prism_y0d0250,True,0.03,1.0,1.0,1.0,0.7024543967236676,0.041445613759532623,2.0,0.011619877299833126,10.16601553506872,0.005202016333529475,0.023505080565592515,0.002672128422604829,-0.00023080561701109906,-0.018386256742776587,0.0017850731543503657,0.007460482384693542,0.027108557485954678,0.010169888577004349,"[0.17662273551559396, 1.8739684039884141, -0.7805519000249005, -0.08350843124224389, 1.5088519528671127, 1.1033427270019756, -0.08091088694001468, 1.4300866302414768, 1.025778669031499]"
prism1,40,/home/humanoid/Programs/hand/results/phase1/run_20260413_pollard_multiscene_500_cem/prism1/generated_mjcf/scene_prism1_tn0d0084p0d0222p0d0047_ip0d0013n0d0168p0d0052_mp0d0196p0d0115p0d0000.xml,prism_y0d0250,True,0.03,1.0,1.0,1.0,0.6625540878430822,0.03707454949160065,2.0,0.017351857015374048,9.335676202214618,-0.008351810339459111,0.022159054223588735,0.004709162546482959,0.0012770419432212663,-0.016797704469571892,0.005182028326211865,0.019626594242148077,0.011501823604947245,0.0,"[0.17662273551559396, 1.8739684039884141, -0.7805519000249005, -0.08350843124224389, 1.5088519528671127, 1.1033427270019756, -0.08091088694001468, 1.4300866302414768, 1.025778669031499]"
prism1,41,/home/humanoid/Programs/hand/results/phase1/run_20260413_pollard_multiscene_500_cem/prism1/generated_mjcf/scene_prism1_tp0d0077p0d0220p0d0000_ip0d0041n0d0226p0d0000_mp0d0119p0d0079p0d0114.xml,prism_y0d0250,True,0.03,1.0,1.0,1.0,2.2533493582857624,0.04929262327643646,2.0,0.014134922998713004,1.6241507359472531,0.007723008065525151,0.022039584325416278,0.0,0.0041476005142694165,-0.022556199632440297,0.0,0.011919284333538276,0.007886646563041794,0.011412791482243691,"[0.17662273551559396, 1.8739684039884141, -0.7805519000249005, -0.08350843124224389, 1.5088519528671127, 1.1033427270019756, -0.08091088694001468, 1.4300866302414768, 1.025778669031499]"
prism1,42,/home/humanoid/Programs/hand/results/phase1/run_20260413_pollard_multiscene_500_cem/prism1/generated_mjcf/scene_prism1_tn0d0094p0d0189p0d0000_ip0d0036n0d0063p0d0034_mp0d0154p0d0053p0d0000.xml,prism_y0d0250,True,0.03,1.0,1.0,1.0,1.39998470917596,0.040003639086786016,2.0,0.011564312898118148,5.180093553768764,-0.009420546518732465,0.0188501309198506,0.0,0.003575475406852743,-0.00632986259990556,0.003448914289927449,0.015418184441244877,0.005287405821515873,0.0,"[0.17662273551559396, 1.8739684039884141, -0.7805519000249005, -0.08350843124224389, 1.5088519528671127, 1.1033427270019756, -0.08091088694001468, 1.4300866302414768, 1.025778669031499]"
prism1,43,/home/humanoid/Programs/hand/results/phase1/run_20260413_pollard_multiscene_500_cem/prism1/generated_mjcf/scene_prism1_tp0d0005p0d0182p0d0000_ip0d0027n0d0016p0d0000_mp0d0184p0d0230p0d0000.xml,prism_y0d0250,True,0.03,1.0,1.0,1.0,2.8045037159437447,0.04656973582013244,3.0,0.009040515066571319,0.04904005085165552,0.00047599378402156216,0.018241307449525786,0.0,0.0026566589176190373,-0.001619408440688962,0.0,0.018449255979106606,0.02303129181754656,0.0,"[0.17662273551559396, 1.8739684039884141, -0.7805519000249005, -0.08350843124224389, 1.5088519528671127, 1.1033427270019756, -0.08091088694001468, 1.4300866302414768, 1.025778669031499]"
prism1,44,/home/humanoid/Programs/hand/results/phase1/run_20260413_pollard_multiscene_500_cem/prism1/generated_mjcf/scene_prism1_tn0d0008p0d0278p0d0043_ip0d0181n0d0061p0d0046_mp0d0199p0d0230p0d0000.xml,prism_y0d0250,True,0.03,1.0,1.0,1.0,1.0911526229981305,0.03638804851666963,2.0,0.011987785728105915,6.389690024193967,-0.000797195523737677,0.027776043383598063,0.0043364718136851,0.018086649674297704,-0.006117681940029028,0.004590515506574511,0.019911378544165075,0.023047371194270132,0.0,"[0.17662273551559396, 1.8739684039884141, -0.7805519000249005, -0.08350843124224389, 1.5088519528671127, 1.1033427270019756, -0.08091088694001468, 1.4300866302414768, 1.025778669031499]"
prism1,45,/home/humanoid/Programs/hand/results/phase1/run_20260413_pollard_multiscene_500_cem/prism1/generated_mjcf/scene_prism1_tp0d0060p0d0101p0d0000_ip0d0075n0d0194p0d0105_mp0d0003p0d0034p0d0000.xml,prism_y0d0250,True,0.03,1.0,1.0,1.0,2.4948626517802412,0.04911089160558179,2.0,0.009983331515950728,0.027012609221466123,0.005957382601949876,0.010080351754749027,0.0,0.007522045291682206,-0.019447965744588368,0.010509722607263742,0.00027464028066800754,0.0034175859597258135,0.0,"[0.17662273551559396, 1.8739684039884141, -0.7805519000249005, -0.08350843124224389, 1.5088519528671127, 1.1033427270019756, -0.08091088694001468, 1.4300866302414768, 1.025778669031499]"
prism1,46,/home/humanoid/Programs/hand/results/phase1/run_20260413_pollard_multiscene_500_cem/prism1/generated_mjcf/scene_prism1_tp0d0118p0d0144p0d0079_ip0d0022n0d0102p0d0110_mp0d0152p0d0268p0d0018.xml,prism_y0d0250,True,0.03,1.0,1.0,1.0,2.926507087428821,0.04990054013914575,3.0,0.008900773510489892,0.014735136135336164,0.011777873237789328,0.014352683081322558,0.007936662372425542,0.0021547272884911706,-0.010226919484838934,0.011001824044305407,0.01519631762957937,0.026832191404283674,0.0017893595781369523,"[0.17662273551559396, 1.8739684039884141, -0.7805519000249005, -0.08350843124224389, 1.5088519528671127, 1.1033427270019756, -0.08091088694001468, 1.4300866302414768, 1.025778669031499]"
prism1,47,/home/humanoid/Programs/hand/results/phase1/run_20260413_pollard_multiscene_500_cem/prism1/generated_mjcf/scene_prism1_tp0d0116p0d0281p0d0067_ip0d0193n0d0091p0d0000_mp0d0107p0d0087p0d0067.xml,prism_y0d0250,True,0.03,1.0,1.0,1.0,2.3024198982841972,0.04369829859954495,2.0,0.009922651066088346,0.04783500378466384,0.011600032957282114,0.028089128761280092,0.006677957426446279,0.019323757285876007,-0.0091442035857212,0.0,0.010678778561367832,0.008736009496376724,0.006661058973160928,"[0.17662273551559396, 1.8739684039884141, -0.7805519000249005, -0.08350843124224389, 1.5088519528671127, 1.1033427270019756, -0.08091088694001468, 1.4300866302414768, 1.025778669031499]"
prism1,48,/home/humanoid/Programs/hand/results/phase1/run_20260413_pollard_multiscene_500_cem/prism1/generated_mjcf/scene_prism1_tn0d0079p0d0219p0d0009_ip0d0141n0d0060p0d0000_mp0d0130p0d0132p0d0027.xml,prism_y0d0250,True,0.03,1.0,1.0,1.0,0.6147002119195246,0.06543900583713089,2.0,0.009811267131051711,16.373616387453023,-0.007918115961243205,0.02185275077567818,0.0008615743098987442,0.014125667283464571,-0.006048321632033999,0.0,0.012998583080031604,0.013234941179164626,0.0027408344560308894,"[0.17662273551559396, 1.8739684039884141, -0.7805519000249005, -0.08350843124224389, 1.5088519528671127, 1.1033427270019756, -0.08091088694001468, 1.4300866302414768, 1.025778669031499]"
prism1,49,/home/humanoid/Programs/hand/results/phase1/run_20260413_pollard_multiscene_500_cem/prism1/generated_mjcf/scene_prism1_tp0d0047p0d0221p0d0056_ip0d0105n0d0132p0d0000_mp0d0035p0d0200p0d0047.xml,prism_y0d0250,True,0.03,1.0,1.0,1.0,2.900222737982728,0.04932519121002963,3.0,0.00911133179850108,0.05290860514204759,0.004655629035515887,0.022051510058254925,0.005589265844609163,0.010480606172911551,-0.013191172580897479,0.0,0.003499640079920957,0.019987250546203643,0.004697072467498984,"[0.17662273551559396, 1.8739684039884141, -0.7805519000249005, -0.08350843124224389, 1.5088519528671127, 1.1033427270019756, -0.08091088694001468, 1.4300866302414768, 1.025778669031499]"
prism1,50,/home/humanoid/Programs/hand/results/phase1/run_20260413_pollard_multiscene_500_cem/prism1/generated_mjcf/scene_prism1_tn0d0073p0d0300p0d0041_ip0d0107n0d0041p0d0000_mp0d0094p0d0095p0d0000.xml,prism_y0d0250,True,0.03,1.0,1.0,1.0,2.065801215961843,0.03681847976102459,2.0,0.011422787833999326,4.0127385894234326e-11,-0.007308419688561688,0.03,0.004107618726945504,0.01074918695703583,-0.004111791562920778,0.0,0.009422676882407844,0.009498585601860884,0.0,"[0.17662273551559396, 1.8739684039884141, -0.7805519000249005, -0.08350843124224389, 1.5088519528671127, 1.1033427270019756, -0.08091088694001468, 1.4300866302414768, 1.025778669031499]"
prism1,51,/home/humanoid/Programs/hand/results/phase1/run_20260413_pollard_multiscene_500_cem/prism1/generated_mjcf/scene_prism1_tp0d0051p0d0283p0d0043_ip0d0069n0d0105p0d0015_mp0d0205p0d0126p0d0000.xml,prism_y0d0250,True,0.03,1.0,1.0,1.0,0.6800071707465583,0.03708454701596253,2.0,0.015476126028408777,9.246664818368753,0.00507889389314202,0.02825866323773702,0.004267170674303017,0.006851716400702805,-0.010482669810742749,0.0015218993681757591,0.020477586003383057,0.012604181086936542,0.0,"[0.17662273551559396, 1.8739684039884141, -0.7805519000249005, -0.08350843124224389, 1.5088519528671127, 1.1033427270019756, -0.08091088694001468, 1.4300866302414768, 1.025778669031499]"
prism1,52,/home/humanoid/Programs/hand/results/phase1/run_20260413_pollard_multiscene_500_cem/prism1/generated_mjcf/scene_prism1_tp0d0090p0d0295p0d0000_ip0d0028n0d0090p0d0069_mp0d0126p0d0079p0d0000.xml,prism_y0d0250,True,0.03,1.0,1.0,1.0,0.7456053664022624,0.03988654813808484,2.0,0.013609516506223142,9.488031902788407,0.00904638943989626,0.029473483925284844,0.0,0.0027573767401475767,-0.009029192313612964,0.006932283735236109,0.012560620161773211,0.007898140707037397,0.0,"[0.17662273551559396, 1.8739684039884141, -0.7805519000249005, -0.08350843124224389, 1.5088519528671127, 1.1033427270019756, -0.08091088694001468, 1.4300866302414768, 1.025778669031499]"
prism1,53,/home/humanoid/Programs/hand/results/phase1/run_20260413_pollard_multiscene_500_cem/prism1/generated_mjcf/scene_prism1_tp0d0001p0d0276p0d0000_in0d0002n0d0111p0d0000_mn0d0004p0d0219p0d0077.xml,prism_y0d0250,True,0.03,1.0,1.0,1.0,0.8165739798420182,0.03677494223116267,2.0,0.009635745431367145,8.341850049239609,0.00014334321756440463,0.027572249759816276,0.0,-0.00019681532305319306,-0.011074920100960688,0.0,-0.0003818307083775299,0.021858350352990434,0.00770943854587014,"[0.17662273551559396, 1.8739684039884141, -0.7805519000249005, -0.08350843124224389, 1.5088519528671127, 1.1033427270019756, -0.08091088694001468, 1.4300866302414768, 1.025778669031499]"
prism1,54,/home/humanoid/Programs/hand/results/phase1/run_20260413_pollard_multiscene_500_cem/prism1/generated_mjcf/scene_prism1_tn0d0024p0d0151p0d0000_ip0d0067n0d0105p0d0007_mp0d0065p0d0186p0d0042.xml,prism_y0d0250,True,0.03,1.0,1.0,1.0,2.9138150226005948,0.049630411133955846,3.0,0.009113891984645585,0.033477220790458125,-0.0024399467736423517,0.015057832644038826,0.0,0.006663314219880421,-0.01045421656520971,0.0006676818746994568,0.006528380348144711,0.018598103501716354,0.004218418606739039,"[0.17662273551559396, 1.8739684039884141, -0.7805519000249005, -0.08350843124224389, 1.5088519528671127, 1.1033427270019756, -0.08091088694001468, 1.4300866302414768, 1.025778669031499]"
prism1,55,/home/humanoid/Programs/hand/results/phase1/run_20260413_pollard_multiscene_500_cem/prism1/generated_mjcf/scene_prism1_tp0d0014p0d0173p0d0030_ip0d0122n0d0161p0d0000_mp0d0111p0d0180p0d0027.xml,prism_y0d0250,True,0.03,1.0,1.0,1.0,2.6369936762269788,0.05309535623893189,2.0,0.00945164087875012,0.01627006918757949,0.0013986947514008224,0.017295077961244975,0.0029736667665392225,0.012205666797138652,-0.016132227422864007,0.0,0.011097973096462878,0.017996201736044416,0.00265916253412341,"[0.17662273551559396, 1.8739684039884141, -0.7805519000249005, -0.08350843124224389, 1.5088519528671127, 1.1033427270019756, -0.08091088694001468, 1.4300866302414768, 1.025778669031499]"
prism1,56,/home/humanoid/Programs/hand/results/phase1/run_20260413_pollard_multiscene_500_cem/prism1/generated_mjcf/scene_prism1_tn0d0028p0d0216p0d0117_ip0d0083n0d0041p0d0000_mp0d0190p0d0259p0d0000.xml,prism_y0d0250,True,0.03,1.0,1.0,1.0,2.058770707807815,0.03669071944864949,2.0,0.012643923396485984,0.0007775073463023759,-0.002811887786451483,0.021578573773190127,0.011658471244714058,0.008272588457054841,-0.004067646849840225,0.0,0.019005478088847325,0.02590094773271727,0.0,"[0.17662273551559396, 1.8739684039884141, -0.7805519000249005, -0.08350843124224389, 1.5088519528671127, 1.1033427270019756, -0.08091088694001468, 1.4300866302414768, 1.025778669031499]"
prism1,57,/home/humanoid/Programs/hand/results/phase1/run_20260413_pollard_multiscene_500_cem/prism1/generated_mjcf/scene_prism1_tn0d0117p0d0196p0d0000_ip0d0213n0d0028p0d0111_mp0d0125p0d0157p0d0080.xml,prism_y0d0250,True,0.03,1.0,1.0,1.0,3.1093587192296614,0.055282267770991864,3.0,0.009701474356473292,0.04078469361405057,-0.011709566023867376,0.019592201922411186,0.0,0.021319150102846428,-0.00275523755717884,0.01105595726232652,0.012492871785778067,0.015663848805663412,0.00798522838512554,"[0.17662273551559396, 1.8739684039884141, -0.7805519000249005, -0.08350843124224389, 1.5088519528671127, 1.1033427270019756, -0.08091088694001468, 1.4300866302414768, 1.025778669031499]"
prism1,58,/home/humanoid/Programs/hand/results/phase1/run_20260413_pollard_multiscene_500_cem/prism1/generated_mjcf/scene_prism1_tp0d0037p0d0140p0d0104_ip0d0086n0d0057p0d0000_mp0d0024p0d0104p0d0018.xml,prism_y0d0250,True,0.03,1.0,1.0,1.0,2.938238455559987,0.0503365448720183,3.0,0.009069268755575323,0.036013849663352845,0.0036563751765365075,0.013965384232813884,0.010422864918188692,0.008552786799172752,-0.005734650520576824,2.251096772368233e-05,0.002400549834523061,0.010402244328225918,0.0017858584512676114,"[0.17662273551559396, 1.8739684039884141, -0.7805519000249005, -0.08350843124224389, 1.5088519528671127, 1.1033427270019756, -0.08091088694001468, 1.4300866302414768, 1.025778669031499]"
prism1,59,/home/humanoid/Programs/hand/results/phase1/run_20260413_pollard_multiscene_500_cem/prism1/generated_mjcf/scene_prism1_tn0d0086p0d0083p0d0000_ip0d0163n0d0096p0d0000_mp0d0152p0d0149p0d0120.xml,prism_y0d0250,True,0.03,1.0,1.0,1.0,2.8884376847443267,0.04928422463998196,3.0,0.009468728146708185,0.11715147574417392,-0.008567949977657268,0.008329708606795487,0.0,0.01629273212462127,-0.00956022543017069,0.0,0.01521378254309184,0.014928351194636959,0.011988032454168646,"[0.17662273551559396, 1.8739684039884141, -0.7805519000249005, -0.08350843124224389, 1.5088519528671127, 1.1033427270019756, -0.08091088694001468, 1.4300866302414768, 1.025778669031499]"
prism1,60,/home/humanoid/Programs/hand/results/phase1/run_20260413_pollard_multiscene_500_cem/prism1/generated_mjcf/scene_prism1_tp0d0066p0d0279p0d0000_ip0d0017n0d0195p0d0000_mp0d0103p0d0080p0d0067.xml,prism_y0d0250,True,0.03,1.0,1.0,1.0,0.8079658906084626,0.04829598340792827,2.0,0.015391610088954379,11.010735389940788,0.006624759658674734,0.027935154590522218,0.0,0.0016550791083715342,-0.019516706181432,0.0,0.010291578870901609,0.007970624345573628,0.006718674503725958,"[0.17662273551559396, 1.8739684039884141, -0.7805519000249005, -0.08350843124224389, 1.5088519528671127, 1.1033427270019756, -0.08091088694001468, 1.4300866302414768, 1.025778669031499]"
prism1,61,/home/humanoid/Programs/hand/results/phase1/run_20260413_pollard_multiscene_500_cem/prism1/generated_mjcf/scene_prism1_tp0d0088p0d0156p0d0002_ip0d0123n0d0070p0d0000_mp0d0047p0d0208p0d0016.xml,prism_y0d0250,True,0.03,1.0,1.0,1.0,2.9291289706980423,0.04992123212113565,3.0,0.008846459799527213,0.002808226284343088,0.008842347706013512,0.015584119658245781,0.00019354072215095955,0.012264990460306213,-0.006962923825653033,0.0,0.004740905473675754,0.020836943900601666,0.001636615543023039,"[0.17662273551559396, 1.8739684039884141, -0.7805519000249005, -0.08350843124224389, 1.5088519528671127, 1.1033427270019756, -0.08091088694001468, 1.4300866302414768, 1.025778669031499]"
prism1,62,/home/humanoid/Programs/hand/results/phase1/run_20260413_pollard_multiscene_500_cem/prism1/generated_mjcf/scene_prism1_tp0d0096p0d0187p0d0000_ip0d0054n0d0187p0d0036_mp0d0044p0d0240p0d0000.xml,prism_y0d0250,True,0.03,1.0,1.0,1.0,2.9279417711767493,0.04991715894380776,3.0,0.008775669950395531,0.010716346371538532,0.009598699042534763,0.018748600687729843,0.0,0.005356173220736853,-0.018747058256286107,0.0036183920343215593,0.004352464043744693,0.023994612495433137,0.0,"[0.17662273551559396, 1.8739684039884141, -0.7805519000249005, -0.08350843124224389, 1.5088519528671127, 1.1033427270019756, -0.08091088694001468, 1.4300866302414768, 1.025778669031499]"
prism1,63,/home/humanoid/Programs/hand/results/phase1/run_20260413_pollard_multiscene_500_cem/prism1/generated_mjcf/scene_prism1_tp0d0042p0d0216p0d0031_ip0d0195n0d0202p0d0000_mp0d0009p0d0051p0d0008.xml,prism_y0d0250,True,0.03,1.0,1.0,1.0,2.907780537442454,0.04979999487554694,3.0,0.0092884784209679,0.11094884239835516,0.0041606311494035465,0.021636419405641566,0.0030830111490938,0.019490002615164113,-0.020220277164734096,0.0,0.00092565331204735,0.005134536502037207,0.0008215445664897757,"[0.17662273551559396, 1.8739684039884141, -0.7805519000249005, -0.08350843124224389, 1.5088519528671127, 1.1033427270019756, -0.08091088694001468, 1.4300866302414768, 1.025778669031499]"
prism1,64,/home/humanoid/Programs/hand/results/phase1/run_20260413_pollard_multiscene_500_cem/prism1/generated_mjcf/scene_prism1_tn0d0080p0d0274p0d0000_ip0d0070n0d0129p0d0000_mp0d0065p0d0086p0d0000.xml,prism_y0d0250,True,0.03,1.0,1.0,1.0,0.830385220029886,0.036850869581661075,2.0,0.012460319987095259,8.229830502360409,-0.008022452353145467,0.027372030322243758,0.0,0.006990567321636585,-0.012943104686674348,0.0,0.006541749268414972,0.008646994452682851,0.0,"[0.17662273551559396, 1.8739684039884141, -0.7805519000249005, -0.08350843124224389, 1.5088519528671127, 1.1033427270019756, -0.08091088694001468, 1.4300866302414768, 1.025778669031499]"
prism1,65,/home/humanoid/Programs/hand/results/phase1/run_20260413_pollard_multiscene_500_cem/prism1/generated_mjcf/scene_prism1_tp0d0102p0d0180p0d0000_ip0d0127n0d0084p0d0038_mp0d0000p0d0173p0d0057.xml,prism_y0d0250,True,0.03,1.0,1.0,1.0,2.9288852744394407,0.0499159026297729,3.0,0.008832353221039547,0.0033774077368795806,0.010244905457486197,0.01801220879143583,0.0,0.012668186858420182,-0.008360595438035868,0.003846637078264433,3.421521337633286e-05,0.01726566189683254,0.005662166397551415,"[0.17662273551559396, 1.8739684039884141, -0.7805519000249005, -0.08350843124224389, 1.5088519528671127, 1.1033427270019756, -0.08091088694001468, 1.4300866302414768, 1.025778669031499]"
prism1,66,/home/humanoid/Programs/hand/results/phase1/run_20260413_pollard_multiscene_500_cem/prism1/generated_mjcf/scene_prism1_tp0d0071p0d0221p0d0000_ip0d0000n0d0165p0d0103_mp0d0093p0d0248p0d0000.xml,prism_y0d0250,True,0.03,1.0,1.0,1.0,2.016671493982202,0.044391456420682755,2.0,0.010051725616600135,2.112840196723295,0.00709364078744279,0.022124822046544465,0.0,9.767773522696352e-06,-0.01654671136546037,0.010261411427183106,0.009342820692003578,0.024791373771543557,0.0,"[0.17662273551559396, 1.8739684039884141, -0.7805519000249005, -0.08350843124224389, 1.5088519528671127, 1.1033427270019756, -0.08091088694001468, 1.4300866302414768, 1.025778669031499]"
prism1,67,/home/humanoid/Programs/hand/results/phase1/run_20260413_pollard_multiscene_500_cem/prism1/generated_mjcf/scene_prism1_tp0d0061p0d0196p0d0050_ip0d0056n0d0029p0d0000_mn0d0019p0d0206p0d0042.xml,prism_y0d0250,True,0.03,1.0,1.0,1.0,2.807331390513518,0.04754022351428246,3.0,0.009237134574748453,0.25401442224581067,0.006122834557443047,0.019643052216551368,0.005008854274377212,0.00561230264001231,-0.002943233672719108,0.0,-0.0018517561091773247,0.02060797886680421,0.004238507117869911,"[0.17662273551559396, 1.8739684039884141, -0.7805519000249005, -0.08350843124224389, 1.5088519528671127, 1.1033427270019756, -0.08091088694001468, 1.4300866302414768, 1.025778669031499]"
prism1,68,/home/humanoid/Programs/hand/results/phase1/run_20260413_pollard_multiscene_500_cem/prism1/generated_mjcf/scene_prism1_tp0d0038p0d0245p0d0021_ip0d0008n0d0082p0d0000_mp0d0024p0d0134p0d0000.xml,prism_y0d0250,True,0.03,1.0,1.0,1.0,2.75671241205613,0.0452789388744121,3.0,0.008914163844991064,0.06814747238874287,0.0037656347982162504,0.024497960055519838,0.002070341064443596,0.0007666948738843469,-0.008239110662878768,0.0,0.002388229094912815,0.013401081724688357,0.0,"[0.17662273551559396, 1.8739684039884141, -0.7805519000249005, -0.08350843124224389, 1.5088519528671127, 1.1033427270019756, -0.08091088694001468, 1.4300866302414768, 1.025778669031499]"
prism1,69,/home/humanoid/Programs/hand/results/phase1/run_20260413_pollard_multiscene_500_cem/prism1/generated_mjcf/scene_prism1_tn0d0091p0d0182p0d0030_ip0d0071n0d0073p0d0000_mp0d0015p0d0213p0d0040.xml,prism_y0d0250,True,0.03,1.0,1.0,1.0,2.901608658664724,0.04934374310636534,3.0,0.009258257560472757,0.04603889958078366,-0.009144836102051577,0.018246982496957297,0.0029668138469602177,0.007059122356778417,-0.007296012401118981,0.0,0.001451806534502163,0.021273596267723675,0.004049475114289318,"[0.17662273551559396, 1.8739684039884141, -0.7805519000249005, -0.08350843124224389, 1.5088519528671127, 1.1033427270019756, -0.08091088694001468, 1.4300866302414768, 1.025778669031499]"
prism1,70,/home/humanoid/Programs/hand/results/phase1/run_20260413_pollard_multiscene_500_cem/prism1/generated_mjcf/scene_prism1_tn0d0017p0d0113p0d0039_ip0d0160n0d0204p0d0045_mp0d0065p0d0253p0d0060.xml,prism_y0d0250,True,0.03,1.0,1.0,1.0,2.924214783708386,0.049830334899705904,3.0,0.009254084654684564,0.00892512314634737,-0.001695103360925699,0.011282414835625114,0.003928409743895453,0.015998937998229143,-0.020365376323012177,0.004543241686324421,0.006535290073162862,0.025262846757352395,0.006036952502601393,"[0.17662273551559396, 1.8739684039884141, -0.7805519000249005, -0.08350843124224389, 1.5088519528671127, 1.1033427270019756, -0.08091088694001468, 1.4300866302414768, 1.025778669031499]"
prism1,71,/home/humanoid/Programs/hand/results/phase1/run_20260413_pollard_multiscene_500_cem/prism1/generated_mjcf/scene_prism1_tn0d0054p0d0300p0d0000_ip0d0024n0d0185p0d0056_mp0d0106p0d0144p0d0000.xml,prism_y0d0250,True,0.03,1.0,1.0,1.0,0.7529880024061903,0.03775486331223875,2.0,0.01495957553074088,8.923420416404563,-0.0054304519143984886,0.03,0.0,0.002435776347481558,-0.01849432869246876,0.005569922000877223,0.010628032732038916,0.01444500978945759,0.0,"[0.17662273551559396, 1.8739684039884141, -0.7805519000249005, -0.08350843124224389, 1.5088519528671127, 1.1033427270019756, -0.08091088694001468, 1.4300866302414768, 1.025778669031499]"
prism1,72,/home/humanoid/Programs/hand/results/phase1/run_20260413_pollard_multiscene_500_cem/prism1/generated_mjcf/scene_prism1_tp0d0062p0d0108p0d0000_ip0d0174n0d0135p0d0090_mp0d0124p0d0222p0d0000.xml,prism_y0d0250,True,0.03,1.0,1.0,1.0,2.9219673273138924,0.04982995034872389,3.0,0.00912070495105353,0.02559683326224593,0.006155210648630671,0.010810553793238229,0.0,0.01735264766979943,-0.013474860852813792,0.009043625678390614,0.012439938501574144,0.022249071527001167,0.0,"[0.17662273551559396, 1.8739684039884141, -0.7805519000249005, -0.08350843124224389, 1.5088519528671127, 1.1033427270019756, -0.08091088694001468, 1.4300866302414768, 1.025778669031499]"
prism1,73,/home/humanoid/Programs/hand/results/phase1/run_20260413_pollard_multiscene_500_cem/prism1/generated_mjcf/scene_prism1_tn0d0044p0d0170p0d0000_ip0d0093n0d0046p0d0000_mp0d0184p0d0246p0d0000.xml,prism_y0d0250,True,0.03,1.0,1.0,1.0,0.8596209096511982,0.03808579456665915,2.0,0.010064554739083882,8.355018604691363,-0.004410675175764798,0.017040945243216383,0.0,0.009339208587460731,-0.004560812218020674,0.0,0.018435661951111647,0.02463711105944183,0.0,"[0.17662273551559396, 1.8739684039884141, -0.7805519000249005, -0.08350843124224389, 1.5088519528671127, 1.1033427270019756, -0.08091088694001468, 1.4300866302414768, 1.025778669031499]"
prism1,74,/home/humanoid/Programs/hand/results/phase1/run_20260413_pollard_multiscene_500_cem/prism1/generated_mjcf/scene_prism1_tn0d0118p0d0150p0d0000_ip0d0213n0d0226p0d0068_mp0d0094p0d0064p0d0000.xml,prism_y0d0250,True,0.03,1.0,1.0,1.0,1.2118273324596545,0.05276150669569299,2.0,0.010221989924905866,9.429209480265257,-0.011774631129091623,0.015026071347668844,0.0,0.021290785761964172,-0.022586193670716414,0.006751326365479232,0.00941019888610549,0.00641696459455523,0.0,"[0.17662273551559396, 1.8739684039884141, -0.7805519000249005, -0.08350843124224389, 1.5088519528671127, 1.1033427270019756, -0.08091088694001468, 1.4300866302414768, 1.025778669031499]"
prism1,75,/home/humanoid/Programs/hand/results/phase1/run_20260413_pollard_multiscene_500_cem/prism1/generated_mjcf/scene_prism1_tn0d0029p0d0138p0d0000_ip0d0081n0d0012p0d0000_mp0d0208p0d0040p0d0000.xml,prism_y0d0250,True,0.03,1.0,1.0,1.0,0.8375238235980313,0.03807315890305567,2.0,0.012471531304521555,8.467291169332494,-0.0028583662300581437,0.0138457400072515,0.0,0.008078051948861801,-0.0012057265220458985,0.0,0.02080324029069562,0.0040327697180053326,0.0,"[0.17662273551559396, 1.8739684039884141, -0.7805519000249005, -0.08350843124224389, 1.5088519528671127, 1.1033427270019756, -0.08091088694001468, 1.4300866302414768, 1.025778669031499]"
prism1,76,/home/humanoid/Programs/hand/results/phase1/run_20260413_pollard_multiscene_500_cem/prism1/generated_mjcf/scene_prism1_tn0d0113p0d0240p0d0000_ip0d0118n0d0052p0d0000_mp0d0039p0d0207p0d0000.xml,prism_y0d0250,True,0.03,1.0,1.0,1.0,2.8482848372310987,0.04792517892582015,3.0,0.009377629837280391,0.06894110332030626,-0.011332418251265538,0.023982671318296504,0.0,0.011834084351033164,-0.005211212745469809,0.0,0.0038962598250180834,0.020709806091373795,0.0,"[0.17662273551559396, 1.8739684039884141, -0.7805519000249005, -0.08350843124224389, 1.5088519528671127, 1.1033427270019756, -0.08091088694001468, 1.4300866302414768, 1.025778669031499]"
prism1,77,/home/humanoid/Programs/hand/results/phase1/run_20260413_pollard_multiscene_500_cem/prism1/generated_mjcf/scene_prism1_tn0d0084p0d0101p0d0057_ip0d0186n0d0029p0d0002_mp0d0017p0d0087p0d0000.xml,prism_y0d0250,True,0.03,1.0,1.0,1.0,2.8579569499166975,0.04824879875193799,3.0,0.009393170948589142,0.07976443002635833,-0.008418956494816787,0.010098682819272528,0.005692020027346097,0.018649896037094195,-0.00293131012119569,0.00024213617963288712,0.0016829095927515317,0.00871577789468347,0.0,"[0.17662273551559396, 1.8739684039884141, -0.7805519000249005, -0.08350843124224389, 1.5088519528671127, 1.1033427270019756, -0.08091088694001468, 1.4300866302414768, 1.025778669031499]"
prism1,78,/home/humanoid/Programs/hand/results/phase1/run_20260413_pollard_multiscene_500_cem/prism1/generated_mjcf/scene_prism1_tp0d0084p0d0236p0d0000_ip0d0161n0d0138p0d0116_mp0d0083p0d0234p0d0000.xml,prism_y0d0250,True,0.03,1.0,1.0,1.0,2.9236374597620878,0.049858171609940286,3.0,0.009125927412210017,0.0209779450760179,0.008444576966534726,0.02360473805204645,0.0,0.016142527397372305,-0.013849435792305355,0.011586334684659968,0.008289451299635327,0.023392712373685107,0.0,"[0.17662273551559396, 1.8739684039884141, -0.7805519000249005, -0.08350843124224389, 1.5088519528671127, 1.1033427270019756, -0.08091088694001468, 1.4300866302414768, 1.025778669031499]"
prism1,79,/home/humanoid/Programs/hand/results/phase1/run_20260413_pollard_multiscene_500_cem/prism1/generated_mjcf/scene_prism1_tp0d0052p0d0176p0d0000_ip0d0028n0d0020p0d0000_mp0d0115p0d0176p0d0086.xml,prism_y0d0250,True,0.03,1.0,1.0,1.0,2.897219494490418,0.049368078658840076,3.0,0.008820462923093582,0.08681555148531342,0.005237310362236038,0.017563482626837892,0.0,0.0027718192087738923,-0.0019917236705522656,0.0,0.011478080897803443,0.017636294965843274,0.008602642255188277,"[0.17662273551559396, 1.8739684039884141, -0.7805519000249005, -0.08350843124224389, 1.5088519528671127, 1.1033427270019756, -0.08091088694001468, 1.4300866302414768, 1.025778669031499]"
prism1,80,/home/humanoid/Programs/hand/results/phase1/run_20260413_pollard_multiscene_500_cem/prism1/generated_mjcf/scene_prism1_tn0d0008p0d0279p0d0006_ip0d0210n0d0071p0d0099_mp0d0206p0d0226p0d0000.xml,prism_y0d0250,True,0.03,1.0,1.0,1.0,1.4542270475008134,0.03985772145810376,2.0,0.011258692569761317,4.788505455955304,-0.0008000030475453623,0.027917390747862772,0.000573517541445712,0.02095203182614285,-0.007101411990425551,0.009890526263616365,0.02061665277540771,0.022553907751633406,0.0,"[0.17662273551559396, 1.8739684039884141, -0.7805519000249005, -0.08350843124224389, 1.5088519528671127, 1.1033427270019756, -0.08091088694001468, 1.4300866302414768, 1.025778669031499]"
prism1,81,/home/humanoid/Programs/hand/results/phase1/run_20260413_pollard_multiscene_500_cem/prism1/generated_mjcf/scene_prism1_tn0d0090p0d0228p0d0000_ip0d0072n0d0201p0d0063_mp0d0185p0d0065p0d0004.xml,prism_y0d0250,True,0.03,1.0,1.0,1.0,0.6582672246199561,0.04087904182431494,2.0,0.01638376992998376,10.264877995807328,-0.009013713642375616,0.02278980200712923,0.0,0.007243655781430538,-0.020128123761032943,0.006292119913449305,0.018507944887493133,0.006487311049542916,0.0004040384823368326,"[0.17662273551559396, 1.8739684039884141, -0.7805519000249005, -0.08350843124224389, 1.5088519528671127, 1.1033427270019756, -0.08091088694001468, 1.4300866302414768, 1.025778669031499]"
prism1,82,/home/humanoid/Programs/hand/results/phase1/run_20260413_pollard_multiscene_500_cem/prism1/generated_mjcf/scene_prism1_tn0d0025p0d0270p0d0000_ip0d0155n0d0107p0d0115_mp0d0081p0d0270p0d0000.xml,prism_y0d0250,True,0.03,1.0,1.0,1.0,2.7404501523028197,0.045175940467130166,3.0,0.009335289321394949,0.1469145693596411,-0.002519689680057913,0.0269603676315392,0.0,0.015539417179556146,-0.010713506962094235,0.011477954736469145,0.00807119382275073,0.027004100871841748,0.0,"[0.17662273551559396, 1.8739684039884141, -0.7805519000249005, -0.08350843124224389, 1.5088519528671127, 1.1033427270019756, -0.08091088694001468, 1.4300866302414768, 1.025778669031499]"
prism1,83,/home/humanoid/Programs/hand/results/phase1/run_20260413_pollard_multiscene_500_cem/prism1/generated_mjcf/scene_prism1_tn0d0076p0d0268p0d0000_ip0d0116n0d0088p0d0000_mn0d0012p0d0270p0d0076.xml,prism_y0d0250,True,0.03,1.0,1.0,1.0,2.8621603479905273,0.04840801480849796,3.0,0.009269534775482924,0.09054067170624032,-0.007615952366620589,0.02676994545049784,0.0,0.011578113540041342,-0.00879563808260816,0.0,-0.0011742335437274105,0.026988800245438982,0.007617363433869751,"[0.17662273551559396, 1.8739684039884141, -0.7805519000249005, -0.08350843124224389, 1.5088519528671127, 1.1033427270019756, -0.08091088694001468, 1.4300866302414768, 1.025778669031499]"
prism1,84,/home/humanoid/Programs/hand/results/phase1/run_20260413_pollard_multiscene_500_cem/prism1/generated_mjcf/scene_prism1_tn0d0090p0d0284p0d0000_ip0d0039n0d0058p0d0062_mp0d0183p0d0066p0d0059.xml,prism_y0d0250,True,0.03,1.0,1.0,1.0,2.214442329902977,0.041309529776645953,2.0,0.01569539526501974,2.8116639451917285e-06,-0.00903107388097255,0.0283512663229558,0.0,0.003934833769319825,-0.005757207590804102,0.006176688296570931,0.018302976254368976,0.006579648189279809,0.005942068205402055,"[0.17662273551559396, 1.8739684039884141, -0.7805519000249005, -0.08350843124224389, 1.5088519528671127, 1.1033427270019756, -0.08091088694001468, 1.4300866302414768, 1.025778669031499]"
prism1,85,/home/humanoid/Programs/hand/results/phase1/run_20260413_pollard_multiscene_500_cem/prism1/generated_mjcf/scene_prism1_tn0d0007p0d0158p0d0056_ip0d0183n0d0166p0d0000_mp0d0218p0d0254p0d0000.xml,prism_y0d0250,True,0.03,1.0,1.0,1.0,1.106501047933593,0.04389371126306904,2.0,0.01198040092741322,8.038786962793314,-0.0007242270174430531,0.01582120179505725,0.005623269061173778,0.018283433942996835,-0.01656094181848386,0.0,0.021800433240013316,0.025360559741709553,0.0,"[0.17662273551559396, 1.8739684039884141, -0.7805519000249005, -0.08350843124224389, 1.5088519528671127, 1.1033427270019756, -0.08091088694001468, 1.4300866302414768, 1.025778669031499]"
prism1,86,/home/humanoid/Programs/hand/results/phase1/run_20260413_pollard_multiscene_500_cem/prism1/generated_mjcf/scene_prism1_tp0d0075p0d0102p0d0099_ip0d0166n0d0196p0d0000_mp0d0123p0d0118p0d0057.xml,prism_y0d0250,True,0.03,1.0,1.0,1.0,2.934373326088936,0.050503134993401554,3.0,0.009247029939445907,0.09828225867484189,0.007545943391991963,0.010152637333193278,0.009901101778887714,0.016591653646360095,-0.019575285245747365,0.0,0.012293316516183985,0.011838183941553431,0.005669611582738907,"[0.17662273551559396, 1.8739684039884141, -0.7805519000249005, -0.08350843124224389, 1.5088519528671127, 1.1033427270019756, -0.08091088694001468, 1.4300866302414768, 1.025778669031499]"
prism1,87,/home/humanoid/Programs/hand/results/phase1/run_20260413_pollard_multiscene_500_cem/prism1/generated_mjcf/scene_prism1_tp0d0022p0d0130p0d0026_in0d0017n0d0216p0d0000_mp0d0065p0d0036p0d0103.xml,prism_y0d0250,True,0.03,1.0,1.0,1.0,0.7712187726619875,0.04712591632208182,2.0,0.011494142574650817,11.034666756410498,0.002216708864255847,0.012968687661631752,0.002642628237215415,-0.0016625819564261152,-0.021618052432726936,0.0,0.006488265088465934,0.003585833720184428,0.01031778056792828,"[0.17662273551559396, 1.8739684039884141, -0.7805519000249005, -0.08350843124224389, 1.5088519528671127, 1.1033427270019756, -0.08091088694001468, 1.4300866302414768, 1.025778669031499]"
prism1,88,/home/humanoid/Programs/hand/results/phase1/run_20260413_pollard_multiscene_500_cem/prism1/generated_mjcf/scene_prism1_tn0d0063p0d0145p0d0000_ip0d0206n0d0159p0d0000_mp0d0052p0d0267p0d0000.xml,prism_y0d0250,True,0.03,1.0,1.0,1.0,2.9171060297940046,0.04964264797105379,3.0,0.00931288009038333,0.011739260080742444,-0.006251785068665728,0.014495325210681365,0.0,0.020577729177482608,-0.015856336100447087,0.0,0.00516417454005876,0.026729880841243052,0.0,"[0.17662273551559396, 1.8739684039884141, -0.7805519000249005, -0.08350843124224389, 1.5088519528671127, 1.1033427270019756, -0.08091088694001468, 1.4300866302414768, 1.025778669031499]"
prism1,89,/home/humanoid/Programs/hand/results/phase1/run_20260413_pollard_multiscene_500_cem/prism1/generated_mjcf/scene_prism1_tn0d0100p0d0238p0d0052_ip0d0069n0d0192p0d0000_mp0d0085p0d0272p0d0086.xml,prism_y0d0250,True,0.03,1.0,1.0,1.0,0.6662628011393898,0.03813469064401564,2.0,0.012503456006775798,9.62296306258404,-0.009995101896248837,0.02379157746173784,0.005198518097171433,0.0069337845806804535,-0.0192267562692027,0.0,0.00853763705229673,0.027187195281308668,0.008602447813300492,"[0.17662273551559396, 1.8739684039884141, -0.7805519000249005, -0.08350843124224389, 1.5088519528671127, 1.1033427270019756, -0.08091088694001468, 1.4300866302414768, 1.025778669031499]"
prism1,90,/home/humanoid/Programs/hand/results/phase1/run_20260413_pollard_multiscene_500_cem/prism1/generated_mjcf/scene_prism1_tp0d0029p0d0127p0d0045_ip0d0162n0d0225p0d0000_mp0d0058p0d0170p0d0037.xml,prism_y0d0250,True,0.03,1.0,1.0,1.0,2.913748568085027,0.04963465335920046,3.0,0.009203293265811026,0.03371808636911557,0.0029018135620788327,0.012654030748838113,0.004509948513336814,0.016215976054769522,-0.022490670271335656,0.0,0.005844347141099411,0.0169903517426752,0.0036732772408389104,"[0.17662273551559396, 1.8739684039884141, -0.7805519000249005, -0.08350843124224389, 1.5088519528671127, 1.1033427270019756, -0.08091088694001468, 1.4300866302414768, 1.025778669031499]"
prism1,91,/home/humanoid/Programs/hand/results/phase1/run_20260413_pollard_multiscene_500_cem/prism1/generated_mjcf/scene_prism1_tn0d0076p0d0193p0d0118_in0d0016n0d0154p0d0000_mp0d0077p0d0242p0d0000.xml,prism_y0d0250,True,0.03,1.0,1.0,1.0,1.081044648897559,0.04622263477808851,2.0,0.01295283654451386,8.738945968310075,-0.007646693078679328,0.019271826466729144,0.01181202927686147,-0.0016195366585430217,-0.015396153316103115,0.0,0.007733992480541187,0.024160649172592356,0.0,"[0.17662273551559396, 1.8739684039884141, -0.7805519000249005, -0.08350843124224389, 1.5088519528671127, 1.1033427270019756, -0.08091088694001468, 1.4300866302414768, 1.025778669031499]"
prism1,92,/home/humanoid/Programs/hand/results/phase1/run_20260413_pollard_multiscene_500_cem/prism1/generated_mjcf/scene_prism1_tp0d0092p0d0218p0d0000_ip0d0041n0d0045p0d0035_mp0d0031p0d0064p0d0000.xml,prism_y0d0250,True,0.03,1.0,1.0,1.0,1.4639085288206921,0.0433061216640732,2.0,0.010609036778428527,5.537251039100086,0.009193872035903945,0.02181295623272573,0.0,0.0040552741037858985,-0.0045332674722808695,0.003460812432078599,0.0030934256771718233,0.006421691842922003,0.0,"[0.17662273551559396, 1.8739684039884141, -0.7805519000249005, -0.08350843124224389, 1.5088519528671127, 1.1033427270019756, -0.08091088694001468, 1.4300866302414768, 1.025778669031499]"
prism1,93,/home/humanoid/Programs/hand/results/phase1/run_20260413_pollard_multiscene_500_cem/prism1/generated_mjcf/scene_prism1_tp0d0098p0d0177p0d0077_ip0d0195n0d0189p0d0000_mp0d0023p0d0219p0d0000.xml,prism_y0d0250,True,0.03,1.0,1.0,1.0,2.9119999525489764,0.04945212601413131,3.0,0.009076470071979882,0.004476785344398968,0.009817727108383325,0.0176813969023054,0.007687387064662939,0.019488690226234645,-0.01886800685293718,0.0,0.0023280660770963867,0.021851488935866546,0.0,"[0.17662273551559396, 1.8739684039884141, -0.7805519000249005, -0.08350843124224389, 1.5088519528671127, 1.1033427270019756, -0.08091088694001468, 1.4300866302414768, 1.025778669031499]"
prism1,94,/home/humanoid/Programs/hand/results/phase1/run_20260413_pollard_multiscene_500_cem/prism1/generated_mjcf/scene_prism1_tp0d0015p0d0126p0d0064_ip0d0095n0d0111p0d0000_mp0d0090p0d0044p0d0074.xml,prism_y0d0250,True,0.03,1.0,1.0,1.0,2.3945247047365563,0.04638555130417303,2.0,0.010292822143241814,0.055892977486775096,0.001539169440428645,0.012590402374113123,0.006399856377125625,0.009505016714306917,-0.011122081462157587,0.0,0.008957884088755294,0.004397102470699158,0.007428471529678085,"[0.17662273551559396, 1.8739684039884141, -0.7805519000249005, -0.08350843124224389, 1.5088519528671127, 1.1033427270019756, -0.08091088694001468, 1.4300866302414768, 1.025778669031499]"
prism1,95,/home/humanoid/Programs/hand/results/phase1/run_20260413_pollard_multiscene_500_cem/prism1/generated_mjcf/scene_prism1_tp0d0098p0d0261p0d0000_ip0d0183n0d0242p0d0040_mp0d0164p0d0111p0d0086.xml,prism_y0d0250,True,0.03,1.0,1.0,1.0,2.2746726288678594,0.0488314375061636,2.0,0.012774438811791656,1.3925253748285567,0.009779974161027216,0.026063540473240793,0.0,0.018250824386656643,-0.024208298980820234,0.003982977767717059,0.016417262015573204,0.011139749692614482,0.00855772058265547,"[0.17662273551559396, 1.8739684039884141, -0.7805519000249005, -0.08350843124224389, 1.5088519528671127, 1.1033427270019756, -0.08091088694001468, 1.4300866302414768, 1.025778669031499]"
prism1,96,/home/humanoid/Programs/hand/results/phase1/run_20260413_pollard_multiscene_500_cem/prism1/generated_mjcf/scene_prism1_tn0d0120p0d0232p0d0000_ip0d0131n0d0183p0d0000_mp0d0130p0d0152p0d0000.xml,prism_y0d0250,True,0.03,1.0,1.0,1.0,1.0144214856127962,0.04112905518848277,2.0,0.012898965183969926,7.995316770774407,-0.011995439961423757,0.023170885074527296,0.0,0.013087070170243659,-0.01826739217079296,0.0,0.01302784928333284,0.015226435694788317,0.0,"[0.17662273551559396, 1.8739684039884141, -0.7805519000249005, -0.08350843124224389, 1.5088519528671127, 1.1033427270019756, -0.08091088694001468, 1.4300866302414768, 1.025778669031499]"
prism1,97,/home/humanoid/Programs/hand/results/phase1/run_20260413_pollard_multiscene_500_cem/prism1/generated_mjcf/scene_prism1_tp0d0093p0d0292p0d0012_ip0d0149n0d0135p0d0072_mp0d0180p0d0216p0d0000.xml,prism_y0d0250,True,0.03,1.0,1.0,1.0,0.6855085399454743,0.042300612523664495,2.0,0.011685129131572838,10.477617600797583,0.009268198317895226,0.029177279887696635,0.001189641720707622,0.014946304660889418,-0.013466718358715133,0.007234640744900829,0.018012549910744587,0.02163983278281282,0.0,"[0.17662273551559396, 1.8739684039884141, -0.7805519000249005, -0.08350843124224389, 1.5088519528671127, 1.1033427270019756, -0.08091088694001468, 1.4300866302414768, 1.025778669031499]"
prism1,98,/home/humanoid/Programs/hand/results/phase1/run_20260413_pollard_multiscene_500_cem/prism1/generated_mjcf/scene_prism1_tn0d0114p0d0238p0d0000_ip0d0195n0d0037p0d0008_mp0d0071p0d0204p0d0050.xml,prism_y0d0250,True,0.03,1.0,1.0,1.0,2.7398399205651582,0.04479917498652264,3.0,0.009525210103556857,0.06053855837346986,-0.011412276955248405,0.02379807387899146,0.0,0.019462260282733714,-0.0036636593388789888,0.0008100502558857133,0.0070586596157323,0.02041174898220853,0.005024872692297698,"[0.17662273551559396, 1.8739684039884141, -0.7805519000249005, -0.08350843124224389, 1.5088519528671127, 1.1033427270019756, -0.08091088694001468, 1.4300866302414768, 1.025778669031499]"
prism1,99,/home/humanoid/Programs/hand/results/phase1/run_20260413_pollard_multiscene_500_cem/prism1/generated_mjcf/scene_prism1_tp0d0044p0d0282p0d0019_ip0d0104n0d0119p0d0093_mp0d0068p0d0235p0d0001.xml,prism_y0d0250,True,0.03,1.0,1.0,1.0,2.734403617196083,0.04510094854078385,3.0,0.00928087770468259,0.17045217547990907,0.004374789435312346,0.028218177304168056,0.0018556460458758403,0.010385043516164927,-0.011894204793422361,0.009335535792464315,0.006802027202263075,0.023505980635449716,0.00011734953019630276,"[0.17662273551559396, 1.8739684039884141, -0.7805519000249005, -0.08350843124224389, 1.5088519528671127, 1.1033427270019756, -0.08091088694001468, 1.4300866302414768, 1.025778669031499]"
prism1,100,/home/humanoid/Programs/hand/results/phase1/run_20260413_pollard_multiscene_500_cem/prism1/generated_mjcf/scene_prism1_tn0d0100p0d0188p0d0000_ip0d0107n0d0038p0d0000_mp0d0094p0d0173p0d0065.xml,prism_y0d0250,True,0.03,1.0,1.0,1.0,2.7952584876361346,0.04634332968623325,3.0,0.009371431131923296,0.05343459412121799,-0.009951865181536158,0.018775567695502312,0.0,0.010669241071932166,-0.003820563471950528,0.0,0.009405390983008566,0.017280054041644587,0.0064756874760196585,"[0.17662273551559396, 1.8739684039884141, -0.7805519000249005, -0.08350843124224389, 1.5088519528671127, 1.1033427270019756, -0.08091088694001468, 1.4300866302414768, 1.025778669031499]"
prism1,101,/home/humanoid/Programs/hand/results/phase1/run_20260413_pollard_multiscene_500_cem/prism1/generated_mjcf/scene_prism1_tp0d0106p0d0212p0d0101_ip0d0061n0d0060p0d0063_mp0d0112p0d0075p0d0000.xml,prism_y0d0250,True,0.03,1.0,1.0,1.0,2.376596651082406,0.04603470021514691,2.0,0.009642032979458384,0.1022252699254611,0.010583447100032992,0.021214589149641843,0.010118832452697093,0.006077415096292973,-0.005956325488376159,0.006329410999625626,0.011230695538510659,0.007470929249459784,0.0,"[0.17662273551559396, 1.8739684039884141, -0.7805519000249005, -0.08350843124224389, 1.5088519528671127, 1.1033427270019756, -0.08091088694001468, 1.4300866302414768, 1.025778669031499]"
prism1,102,/home/humanoid/Programs/hand/results/phase1/run_20260413_pollard_multiscene_500_cem/prism1/generated_mjcf/scene_prism1_tn0d0050p0d0300p0d0035_ip0d0198n0d0172p0d0000_mp0d0116p0d0118p0d0000.xml,prism_y0d0250,True,0.03,1.0,1.0,1.0,0.7247521454223194,0.03723961850304226,2.0,0.01198614632121342,9.03108139694489,-0.00501959716225856,0.03,0.0034709390634110604,0.019816908082287803,-0.017192165528774707,0.0,0.01161693581676551,0.011813476401367424,0.0,"[0.17662273551559396, 1.8739684039884141, -0.7805519000249005, -0.08350843124224389, 1.5088519528671127, 1.1033427270019756, -0.08091088694001468, 1.4300866302414768, 1.025778669031499]"
prism1,103,/home/humanoid/Programs/hand/results/phase1/run_20260413_pollard_multiscene_500_cem/prism1/generated_mjcf/scene_prism1_tp0d0024p0d0087p0d0000_in0d0020n0d0127p0d0026_mp0d0002p0d0091p0d0073.xml,prism_y0d0250,True,0.03,1.0,1.0,1.0,2.97502834023514,0.05132478121630847,3.0,0.00898855631307209,0.02241259806341645,0.002383369372827144,0.008678863384413857,0.0,-0.0019946792069528447,-0.01271909707195985,0.002592015961930566,0.00023177104157602255,0.00911026565147512,0.0072958037054163295,"[0.17662273551559396, 1.8739684039884141, -0.7805519000249005, -0.08350843124224389, 1.5088519528671127, 1.1033427270019756, -0.08091088694001468, 1.4300866302414768, 1.025778669031499]"
prism1,104,/home/humanoid/Programs/hand/results/phase1/run_20260413_pollard_multiscene_500_cem/prism1/generated_mjcf/scene_prism1_tp0d0082p0d0173p0d0075_ip0d0047n0d0074p0d0011_mp0d0086p0d0191p0d0000.xml,prism_y0d0250,True,0.03,1.0,1.0,1.0,2.909896851554323,0.049466369983117806,3.0,0.008871929618998122,0.02454825744535936,0.008166757436390344,0.017305598102488752,0.007541369532989443,0.004651366072771426,-0.007353402664476439,0.0010909589677707467,0.008562377893663898,0.019054614628170638,0.0,"[0.17662273551559396, 1.8739684039884141, -0.7805519000249005, -0.08350843124224389, 1.5088519528671127, 1.1033427270019756, -0.08091088694001468, 1.4300866302414768, 1.025778669031499]"
prism1,105,/home/humanoid/Programs/hand/results/phase1/run_20260413_pollard_multiscene_500_cem/prism1/generated_mjcf/scene_prism1_tn0d0081p0d0151p0d0043_ip0d0149n0d0080p0d0064_mn0d0001p0d0058p0d0085.xml,prism_y0d0250,True,0.03,1.0,1.0,1.0,2.3545139978038367,0.045261901590523075,2.0,0.010152826556937894,0.06231269833730023,-0.008101357374999472,0.015051763145310957,0.004333502634470354,0.014949647520672982,-0.007961740219535359,0.0064228105575298185,-9.076253567036861e-05,0.005841333801968511,0.008528427846290734,"[0.17662273551559396, 1.8739684039884141, -0.7805519000249005, -0.08350843124224389, 1.5088519528671127, 1.1033427270019756, -0.08091088694001468, 1.4300866302414768, 1.025778669031499]"
prism1,106,/home/humanoid/Programs/hand/results/phase1/run_20260413_pollard_multiscene_500_cem/prism1/generated_mjcf/scene_prism1_tn0d0034p0d0216p0d0001_ip0d0130n0d0225p0d0065_mp0d0010p0d0197p0d0000.xml,prism_y0d0250,True,0.03,1.0,1.0,1.0,2.917126105794052,0.0497913687000511,3.0,0.00927428039641034,0.04682158609943953,-0.003435893928932775,0.021640910971604234,8.406733760194136e-05,0.01303990171210299,-0.022453278930529147,0.006474965432793946,0.0009616558759156877,0.019652987084016846,0.0,"[0.17662273551559396, 1.8739684039884141, -0.7805519000249005, -0.08350843124224389, 1.5088519528671127, 1.1033427270019756, -0.08091088694001468, 1.4300866302414768, 1.025778669031499]"
prism1,107,/home/humanoid/Programs/hand/results/phase1/run_20260413_pollard_multiscene_500_cem/prism1/generated_mjcf/scene_prism1_tn0d0002p0d0241p0d0000_in0d0009n0d0012p0d0005_mp0d0158p0d0161p0d0077.xml,prism_y0d0250,True,0.03,1.0,1.0,1.0,2.503579321593919,0.04928486933265491,2.0,0.009347309353540957,0.017976575612808642,-0.0001857207345086799,0.024120649624657868,0.0,-0.0008951006875646678,-0.0011589227586814663,0.000544245585789983,0.015811471385460664,0.01605107600938014,0.007672485664079333,"[0.17662273551559396, 1.8739684039884141, -0.7805519000249005, -0.08350843124224389, 1.5088519528671127, 1.1033427270019756, -0.08091088694001468, 1.4300866302414768, 1.025778669031499]"
prism1,108,/home/humanoid/Programs/hand/results/phase1/run_20260413_pollard_multiscene_500_cem/prism1/generated_mjcf/scene_prism1_tp0d0016p0d0109p0d0034_ip0d0021n0d0045p0d0043_mp0d0206p0d0184p0d0000.xml,prism_y0d0250,True,0.03,1.0,1.0,1.0,3.033587146273088,0.05296134196662913,3.0,0.009162329584542729,0.011567755932307798,0.0015507882981054214,0.010946165081292702,0.0034057575517393284,0.002145776066487623,-0.004532300759600939,0.00434547841134757,0.020555407315434586,0.018397938948996252,0.0,"[0.17662273551559396, 1.8739684039884141, -0.7805519000249005, -0.08350843124224389, 1.5088519528671127, 1.1033427270019756, -0.08091088694001468, 1.4300866302414768, 1.025778669031499]"
prism1,109,/home/humanoid/Programs/hand/results/phase1/run_20260413_pollard_multiscene_500_cem/prism1/generated_mjcf/scene_prism1_tp0d0014p0d0265p0d0051_ip0d0062n0d0086p0d0104_mp0d0144p0d0121p0d0099.xml,prism_y0d0250,True,0.03,1.0,1.0,1.0,2.1073552341041166,0.04099113703730034,2.0,0.013463750266743846,0.6693804111193854,0.0013713010998067932,0.026522534647037528,0.00508531914060183,0.006215120944035642,-0.0085715723855087,0.010446457471225783,0.014435441034388851,0.012115233654059249,0.009858199929202283,"[0.17662273551559396, 1.8739684039884141, -0.7805519000249005, -0.08350843124224389, 1.5088519528671127, 1.1033427270019756, -0.08091088694001468, 1.4300866302414768, 1.025778669031499]"
prism1,110,/home/humanoid/Programs/hand/results/phase1/run_20260413_pollard_multiscene_500_cem/prism1/generated_mjcf/scene_prism1_tp0d0079p0d0285p0d0000_ip0d0050n0d0053p0d0000_mn0d0002p0d0197p0d0072.xml,prism_y0d0250,True,0.03,1.0,1.0,1.0,2.8685939085557766,0.048394492517552484,3.0,0.00879563227195408,0.05081376676434768,0.007862980625476145,0.028524410246412026,0.0,0.004979892007376512,-0.005336932736155145,0.0,-0.0002310575466114538,0.019698384299342057,0.007182478955496934,"[0.17662273551559396, 1.8739684039884141, -0.7805519000249005, -0.08350843124224389, 1.5088519528671127, 1.1033427270019756, -0.08091088694001468, 1.4300866302414768, 1.025778669031499]"
prism1,111,/home/humanoid/Programs/hand/results/phase1/run_20260413_pollard_multiscene_500_cem/prism1/generated_mjcf/scene_prism1_tp0d0034p0d0163p0d0014_in0d0015n0d0108p0d0086_mn0d0001p0d0125p0d0000.xml,prism_y0d0250,True,0.03,1.0,1.0,1.0,2.9372352990954327,0.05020510712580762,3.0,0.008807538880306422,0.015522483648141462,0.003402427395368751,0.01627624007420011,0.0014345596552211674,-0.0014835211652609488,-0.010796120261926605,0.008563228193161875,-0.00012672235965031746,0.012499665517147967,0.0,"[0.17662273551559396, 1.8739684039884141, -0.7805519000249005, -0.08350843124224389, 1.5088519528671127, 1.1033427270019756, -0.08091088694001468, 1.4300866302414768, 1.025778669031499]"
prism1,112,/home/humanoid/Programs/hand/results/phase1/run_20260413_pollard_multiscene_500_cem/prism1/generated_mjcf/scene_prism1_tn0d0029p0d0083p0d0079_ip0d0099n0d0138p0d0024_mp0d0184p0d0103p0d0000.xml,prism_y0d0250,True,0.03,1.0,1.0,1.0,1.5204866975639315,0.045225242615735184,2.0,0.011288880203324822,5.598793557201,-0.0028798104808018445,0.008312184160997247,0.00786631007594749,0.00990983944819043,-0.01383796642650531,0.00244307317527483,0.018400676902117614,0.010290257395785304,0.0,"[0.17662273551559396, 1.8739684039884141, -0.7805519000249005, -0.08350843124224389, 1.5088519528671127, 1.1033427270019756, -0.08091088694001468, 1.4300866302414768, 1.025778669031499]"
prism1,113,/home/humanoid/Programs/hand/results/phase1/run_20260413_pollard_multiscene_500_cem/prism1/generated_mjcf/scene_prism1_tn0d0108p0d0144p0d0000_in0d0010n0d0110p0d0000_mn0d0002p0d0253p0d0000.xml,prism_y0d0250,True,0.03,1.0,1.0,1.0,2.7684811222657,0.04597248434614963,3.0,0.009131538788384705,0.14861834848512034,-0.010812139014908118,0.014393578249598981,0.0,-0.0010025963078267048,-0.011034466506951189,0.0,-0.00021781467042988716,0.025301153793920166,0.0,"[0.17662273551559396, 1.8739684039884141, -0.7805519000249005, -0.08350843124224389, 1.5088519528671127, 1.1033427270019756, -0.08091088694001468, 1.4300866302414768, 1.025778669031499]"
prism1,114,/home/humanoid/Programs/hand/results/phase1/run_20260413_pollard_multiscene_500_cem/prism1/generated_mjcf/scene_prism1_tn0d0097p0d0300p0d0040_ip0d0154n0d0108p0d0000_mp0d0182p0d0133p0d0000.xml,prism_y0d0250,True,0.03,1.0,1.0,1.0,1.9575644491889503,0.03475272269804039,2.0,0.014554357490860035,0.19781420173828926,-0.009724061022624773,0.03,0.0040072071336392685,0.015418097000075947,-0.010783104100315308,0.0,0.018205053769901072,0.013332696100926186,0.0,"[0.17662273551559396, 1.8739684039884141, -0.7805519000249005, -0.08350843124224389, 1.5088519528671127, 1.1033427270019756, -0.08091088694001468, 1.4300866302414768, 1.025778669031499]"
prism1,115,/home/humanoid/Programs/hand/results/phase1/run_20260413_pollard_multiscene_500_cem/prism1/generated_mjcf/scene_prism1_tn0d0088p0d0107p0d0005_ip0d0116n0d0119p0d0027_mp0d0191p0d0154p0d0000.xml,prism_y0d0250,True,0.03,1.0,1.0,1.0,0.7338285114930108,0.042899369019703634,2.0,0.011096363807660393,10.30304451054197,-0.008752578143894657,0.010717277259950732,0.0005339023898471625,0.011649846149658704,-0.011851546974094098,0.0027149922709011447,0.019063443114098563,0.015400916278669291,0.0,"[0.17662273551559396, 1.8739684039884141, -0.7805519000249005, -0.08350843124224389, 1.5088519528671127, 1.1033427270019756, -0.08091088694001468, 1.4300866302414768, 1.025778669031499]"
prism1,116,/home/humanoid/Programs/hand/results/phase1/run_20260413_pollard_multiscene_500_cem/prism1/generated_mjcf/scene_prism1_tn0d0058p0d0154p0d0015_ip0d0171n0d0137p0d0000_mp0d0025p0d0055p0d0000.xml,prism_y0d0250,True,0.03,1.0,1.0,1.0,2.4541694053627325,0.04798895559900335,2.0,0.009640049722110982,0.04109294105441499,-0.005842255138069734,0.015364319418918195,0.0014593692806168217,0.01708893618799274,-0.01371309528163105,0.0,0.002515708089826485,0.00547565360219901,0.0,"[0.17662273551559396, 1.8739684039884141, -0.7805519000249005, -0.08350843124224389, 1.5088519528671127, 1.1033427270019756, -0.08091088694001468, 1.4300866302414768, 1.025778669031499]"
prism1,117,/home/humanoid/Programs/hand/results/phase1/run_20260413_pollard_multiscene_500_cem/prism1/generated_mjcf/scene_prism1_tp0d0044p0d0222p0d0039_ip0d0089n0d0217p0d0000_mp0d0103p0d0152p0d0000.xml,prism_y0d0250,True,0.03,1.0,1.0,1.0,1.3969206990812237,0.04630573127973263,2.0,0.011669212926999998,6.669609799036124,0.004425039793702623,0.022177153565716874,0.0038910621589977774,0.00891028314209102,-0.02166526711317343,0.0,0.010263051494114807,0.015231959161743686,0.0,"[0.17662273551559396, 1.8739684039884141, -0.7805519000249005, -0.08350843124224389, 1.5088519528671127, 1.1033427270019756, -0.08091088694001468, 1.4300866302414768, 1.025778669031499]"
prism1,118,/home/humanoid/Programs/hand/results/phase1/run_20260413_pollard_multiscene_500_cem/prism1/generated_mjcf/scene_prism1_tp0d0078p0d0184p0d0083_ip0d0044n0d0017p0d0000_mp0d0165p0d0038p0d0000.xml,prism_y0d0250,True,0.03,1.0,1.0,1.0,1.1033320780586426,0.03830975807883557,2.0,0.01229155780597751,6.752842260590985,0.007807237396004606,0.01839952006368896,0.008290947003856325,0.004371823127956276,-0.0016934499390448814,0.0,0.016460379772354136,0.0037844748722332625,0.0,"[0.17662273551559396, 1.8739684039884141, -0.7805519000249005, -0.08350843124224389, 1.5088519528671127, 1.1033427270019756, -0.08091088694001468, 1.4300866302414768, 1.025778669031499]"
prism1,119,/home/humanoid/Programs/hand/results/phase1/run_20260413_pollard_multiscene_500_cem/prism1/generated_mjcf/scene_prism1_tp0d0089p0d0164p0d0104_ip0d0203n0d0051p0d0000_mp0d0186p0d0143p0d0000.xml,prism_y0d0250,True,0.03,1.0,1.0,1.0,2.9035606264163727,0.04930965202694959,3.0,0.009287706115545061,0.024678548638487854,0.008893279303444638,0.01640251999547089,0.010379507833410868,0.020306008014948564,-0.005095378154555871,0.0,0.01859844408246346,0.014270504086291665,0.0,"[0.17662273551559396, 1.8739684039884141, -0.7805519000249005, -0.08350843124224389, 1.5088519528671127, 1.1033427270019756, -0.08091088694001468, 1.4300866302414768, 1.025778669031499]"
prism1,120,/home/humanoid/Programs/hand/results/phase1/run_20260413_pollard_multiscene_500_cem/prism1/generated_mjcf/scene_prism1_tp0d0084p0d0276p0d0000_ip0d0188n0d0118p0d0058_mp0d0044p0d0085p0d0084.xml,prism_y0d0250,True,0.03,1.0,1.0,1.0,2.9206939248896244,0.049992290584888965,3.0,0.009265009803794822,0.07004150649266444,0.00844700085406028,0.0275899209061255,0.0,0.01879663640748299,-0.01184488672550997,0.005846178204292226,0.004436224499191826,0.00847107561171959,0.008359507557784272,"[0.17662273551559396, 1.8739684039884141, -0.7805519000249005, -0.08350843124224389, 1.5088519528671127, 1.1033427270019756, -0.08091088694001468, 1.4300866302414768, 1.025778669031499]"
prism1,121,/home/humanoid/Programs/hand/results/phase1/run_20260413_pollard_multiscene_500_cem/prism1/generated_mjcf/scene_prism1_tp0d0024p0d0115p0d0000_ip0d0186n0d0131p0d0000_mp0d0062p0d0231p0d0000.xml,prism_y0d0250,True,0.03,1.0,1.0,1.0,2.9266990922673477,0.049882933282940106,3.0,0.009116101681647596,0.006475795148407878,0.0024051311534063324,0.011544931174607635,0.0,0.01861685963731509,-0.013061194038860484,0.0,0.006182892757216741,0.02309146085361523,0.0,"[0.17662273551559396, 1.8739684039884141, -0.7805519000249005, -0.08350843124224389, 1.5088519528671127, 1.1033427270019756, -0.08091088694001468, 1.4300866302414768, 1.025778669031499]"
prism1,122,/home/humanoid/Programs/hand/results/phase1/run_20260413_pollard_multiscene_500_cem/prism1/generated_mjcf/scene_prism1_tp0d0108p0d0155p0d0062_ip0d0049n0d0059p0d0000_mp0d0011p0d0095p0d0089.xml,prism_y0d0250,True,0.03,1.0,1.0,1.0,2.400847292379926,0.046442154962936064,2.0,0.009927330750815614,0.03182313214136899,0.01076048406563343,0.015492803621637762,0.006155527900058046,0.00485693182457647,-0.00587186875258037,0.0,0.0011157035574780073,0.009522165756708695,0.008882207151154464,"[0.17662273551559396, 1.8739684039884141, -0.7805519000249005, -0.08350843124224389, 1.5088519528671127, 1.1033427270019756, -0.08091088694001468, 1.4300866302414768, 1.025778669031499]"
prism1,123,/home/humanoid/Programs/hand/results/phase1/run_20260413_pollard_multiscene_500_cem/prism1/generated_mjcf/scene_prism1_tn0d0043p0d0196p0d0000_ip0d0116n0d0220p0d0000_mp0d0172p0d0092p0d0000.xml,prism_y0d0250,True,0.03,1.0,1.0,1.0,0.9970241969033182,0.047592412214916224,2.0,0.014000096153827427,9.604733588740633,-0.004260038967681772,0.01960461298881959,0.0,0.011600278864472048,-0.0219961311853588,0.0,0.017223337484585828,0.009153846869822672,0.0,"[0.17662273551559396, 1.8739684039884141, -0.7805519000249005, -0.08350843124224389, 1.5088519528671127, 1.1033427270019756, -0.08091088694001468, 1.4300866302414768, 1.025778669031499]"
prism1,124,/home/humanoid/Programs/hand/results/phase1/run_20260413_pollard_multiscene_500_cem/prism1/generated_mjcf/scene_prism1_tp0d0024p0d0115p0d0000_ip0d0179n0d0148p0d0088_mp0d0159p0d0081p0d0000.xml,prism_y0d0250,True,0.03,1.0,1.0,1.0,2.5130280249888717,0.04949646646393742,2.0,0.009450221708449303,0.002985718880261955,0.00244379712564664,0.011516003744496317,0.0,0.017933255596691573,-0.014767612297100151,0.008771401825721701,0.01585675523326934,0.008123136719758773,0.0,"[0.17662273551559396, 1.8739684039884141, -0.7805519000249005, -0.08350843124224389, 1.5088519528671127, 1.1033427270019756, -0.08091088694001468, 1.4300866302414768, 1.025778669031499]"
prism1,125,/home/humanoid/Programs/hand/results/phase1/run_20260413_pollard_multiscene_500_cem/prism1/generated_mjcf/scene_prism1_tn0d0079p0d0199p0d0000_ip0d0180n0d0130p0d0013_mp0d0073p0d0214p0d0045.xml,prism_y0d0250,True,0.03,1.0,1.0,1.0,2.8812726277641576,0.04881992047324135,3.0,0.009420338446505059,0.05722607937519881,-0.007887425942232639,0.019869923947212237,0.0,0.01796756903605752,-0.01303821976671418,0.0013139928106517436,0.0072988538669776434,0.021417608120759872,0.004534554990868175,"[0.17662273551559396, 1.8739684039884141, -0.7805519000249005, -0.08350843124224389, 1.5088519528671127, 1.1033427270019756, -0.08091088694001468, 1.4300866302414768, 1.025778669031499]"
prism1,126,/home/humanoid/Programs/hand/results/phase1/run_20260413_pollard_multiscene_500_cem/prism1/generated_mjcf/scene_prism1_tp0d0045p0d0265p0d0000_ip0d0009n0d0047p0d0000_mp0d0146p0d0270p0d0048.xml,prism_y0d0250,True,0.03,1.0,1.0,1.0,1.0368342209346852,0.03739224605503948,2.0,0.010888019163306867,7.000789017767218,0.004458536017805364,0.02651826532165731,0.0,0.0008580601897542929,-0.004669597340441882,0.0,0.014602302785354992,0.02702318182498961,0.004842281650674841,"[0.17662273551559396, 1.8739684039884141, -0.7805519000249005, -0.08350843124224389, 1.5088519528671127, 1.1033427270019756, -0.08091088694001468, 1.4300866302414768, 1.025778669031499]"
prism1,127,/home/humanoid/Programs/hand/results/phase1/run_20260413_pollard_multiscene_500_cem/prism1/generated_mjcf/scene_prism1_tp0d0098p0d0083p0d0025_ip0d0003n0d0034p0d0110_mn0d0012p0d0065p0d0080.xml,prism_y0d0250,True,0.03,1.0,1.0,1.0,2.459565489048321,0.04812615041209469,2.0,0.009629163233731116,0.03727632605020674,0.009760457547150138,0.008320518767227713,0.002489219276482083,0.00033574461251641846,-0.003359888860213432,0.011045946072750848,-0.0011803141391436098,0.006498272408853792,0.007986264843585493,"[0.17662273551559396, 1.8739684039884141, -0.7805519000249005, -0.08350843124224389, 1.5088519528671127, 1.1033427270019756, -0.08091088694001468, 1.4300866302414768, 1.025778669031499]"
prism1,128,/home/humanoid/Programs/hand/results/phase1/run_20260413_pollard_multiscene_500_cem/prism1/generated_mjcf/scene_prism1_tp0d0045p0d0300p0d0062_ip0d0123n0d0114p0d0000_mp0d0168p0d0125p0d0000.xml,prism_y0d0250,True,0.03,1.0,1.0,1.0,0.8123483235873994,0.036969341370867145,2.0,0.014247088263936595,8.353896319100517,0.004485274247750803,0.03,0.006156220676458435,0.012260561788589615,-0.011358161911042592,0.0,0.016811552901191067,0.012516042873784501,0.0,"[0.17662273551559396, 1.8739684039884141, -0.7805519000249005, -0.08350843124224389, 1.5088519528671127, 1.1033427270019756, -0.08091088694001468, 1.4300866302414768, 1.025778669031499]"
prism1,129,/home/humanoid/Programs/hand/results/phase1/run_20260413_pollard_multiscene_500_cem/prism1/generated_mjcf/scene_prism1_tp0d0011p0d0169p0d0025_in0d0016n0d0203p0d0010_mp0d0126p0d0053p0d0033.xml,prism_y0d0250,True,0.03,1.0,1.0,1.0,0.8613869705781345,0.042973318802188604,2.0,0.014307561430650137,9.427093764247775,0.001124035130705775,0.016879105762682,0.002540590918859706,-0.0015998689586662306,-0.020340573322197117,0.0009559423156456498,0.012637777989375407,0.0052731398225478055,0.003273069010678602,"[0.17662273551559396, 1.8739684039884141, -0.7805519000249005, -0.08350843124224389, 1.5088519528671127, 1.1033427270019756, -0.08091088694001468, 1.4300866302414768, 1.025778669031499]"
prism1,130,/home/humanoid/Programs/hand/results/phase1/run_20260413_pollard_multiscene_500_cem/prism1/generated_mjcf/scene_prism1_tp0d0082p0d0149p0d0005_ip0d0197n0d0074p0d0000_mp0d0212p0d0115p0d0078.xml,prism_y0d0250,True,0.03,1.0,1.0,1.0,2.444871267536628,0.047761693079830705,2.0,0.01085932001433629,0.03379566819182865,0.008189307560810648,0.014882807021886352,0.0005119386873650589,0.01974686259815555,-0.007428967554101598,0.0,0.02119582419996409,0.011509801055097127,0.007780858579894308,"[0.17662273551559396, 1.8739684039884141, -0.7805519000249005, -0.08350843124224389, 1.5088519528671127, 1.1033427270019756, -0.08091088694001468, 1.4300866302414768, 1.025778669031499]"
prism1,131,/home/humanoid/Programs/hand/results/phase1/run_20260413_pollard_multiscene_500_cem/prism1/generated_mjcf/scene_prism1_tn0d0011p0d0270p0d0101_ip0d0197n0d0050p0d0000_mp0d0199p0d0070p0d0000.xml,prism_y0d0250,True,0.03,1.0,1.0,1.0,1.9655074217871455,0.034063860774135514,2.0,0.012558780286436566,0.010734298231496117,-0.0011395805826361627,0.026954421492883872,0.010102144179137976,0.019665360013878683,-0.004989540944297587,0.0,0.019903111947131187,0.00698015457820993,0.0,"[0.17662273551559396, 1.8739684039884141, -0.7805519000249005, -0.08350843124224389, 1.5088519528671127, 1.1033427270019756, -0.08091088694001468, 1.4300866302414768, 1.025778669031499]"
prism1,132,/home/humanoid/Programs/hand/results/phase1/run_20260413_pollard_multiscene_500_cem/prism1/generated_mjcf/scene_prism1_tp0d0035p0d0260p0d0000_ip0d0045n0d0154p0d0083_mn0d0020p0d0247p0d0000.xml,prism_y0d0250,True,0.03,1.0,1.0,1.0,2.9043202033481093,0.04957464012789072,3.0,0.00899664506930823,0.08532607326299936,0.003512477377717779,0.02595634688580678,0.0,0.004452740128532561,-0.015443202872165433,0.008333916584662072,-0.001953983419333517,0.024659893923409178,0.0,"[0.17662273551559396, 1.8739684039884141, -0.7805519000249005, -0.08350843124224389, 1.5088519528671127, 1.1033427270019756, -0.08091088694001468, 1.4300866302414768, 1.025778669031499]"
prism1,133,/home/humanoid/Programs/hand/results/phase1/run_20260413_pollard_multiscene_500_cem/prism1/generated_mjcf/scene_prism1_tp0d0028p0d0300p0d0000_ip0d0111n0d0190p0d0049_mp0d0176p0d0092p0d0086.xml,prism_y0d0250,True,0.03,1.0,1.0,1.0,0.7577624674676524,0.04114059777693593,2.0,0.016061844942493488,9.666898432267455,0.0027977652898282263,0.03,0.0,0.011086082907261777,-0.018966780190806512,0.004853939664313668,0.01762763991258995,0.009209986654092634,0.008637469710466666,"[0.17662273551559396, 1.8739684039884141, -0.7805519000249005, -0.08350843124224389, 1.5088519528671127, 1.1033427270019756, -0.08091088694001468, 1.4300866302414768, 1.025778669031499]"
prism1,134,/home/humanoid/Programs/hand/results/phase1/run_20260413_pollard_multiscene_500_cem/prism1/generated_mjcf/scene_prism1_tn0d0077p0d0195p0d0000_ip0d0054n0d0153p0d0047_mp0d0056p0d0160p0d0036.xml,prism_y0d0250,True,0.03,1.0,1.0,1.0,0.7805302654669097,0.04031592864565414,2.0,0.010338804296821442,9.398997523582283,-0.007742076707245167,0.019521734459900235,0.0,0.005380400973209519,-0.015320954689492202,0.004686405960974107,0.00560440286082812,0.016011727803561176,0.0036316851150580594,"[0.17662273551559396, 1.8739684039884141, -0.7805519000249005, -0.08350843124224389, 1.5088519528671127, 1.1033427270019756, -0.08091088694001468, 1.4300866302414768, 1.025778669031499]"
prism1,135,/home/humanoid/Programs/hand/results/phase1/run_20260413_pollard_multiscene_500_cem/prism1/generated_mjcf/scene_prism1_tp0d0069p0d0150p0d0000_ip0d0037n0d0112p0d0091_mp0d0138p0d0179p0d0000.xml,prism_y0d0250,True,0.03,1.0,1.0,1.0,2.9285587488702713,0.04993209808766147,3.0,0.008919914048304911,0.008165707341803868,0.006857647735637552,0.01504492230118383,0.0,0.0036892498449809796,-0.011197272548679756,0.009064254186342637,0.01378107685401934,0.017874691451246903,0.0,"[0.17662273551559396, 1.8739684039884141, -0.7805519000249005, -0.08350843124224389, 1.5088519528671127, 1.1033427270019756, -0.08091088694001468, 1.4300866302414768, 1.025778669031499]"
prism1,136,/home/humanoid/Programs/hand/results/phase1/run_20260413_pollard_multiscene_500_cem/prism1/generated_mjcf/scene_prism1_tn0d0000p0d0159p0d0000_ip0d0210n0d0204p0d0000_mp0d0053p0d0187p0d0000.xml,prism_y0d0250,True,0.03,1.0,1.0,1.0,2.9199266105277832,0.04973170037465342,3.0,0.009243995866699673,0.014632739011250081,-4.7116339295641754e-05,0.015941643153524383,0.0,0.02102531309204351,-0.02037678228072287,0.0,0.005322139856231826,0.01872476021489625,0.0,"[0.17662273551559396, 1.8739684039884141, -0.7805519000249005, -0.08350843124224389, 1.5088519528671127, 1.1033427270019756, -0.08091088694001468, 1.4300866302414768, 1.025778669031499]"
prism1,137,/home/humanoid/Programs/hand/results/phase1/run_20260413_pollard_multiscene_500_cem/prism1/generated_mjcf/scene_prism1_tp0d0049p0d0247p0d0000_ip0d0180n0d0165p0d0030_mp0d0110p0d0050p0d0000.xml,prism_y0d0250,True,0.03,1.0,1.0,1.0,0.6992391866889034,0.045440793933508875,2.0,0.010674768811591137,11.132260422404832,0.004939700650079103,0.024682204869321503,0.0,0.018032783027366765,-0.016529194989133536,0.0029566510456937745,0.010960551337871752,0.005020658944108913,0.0,"[0.17662273551559396, 1.8739684039884141, -0.7805519000249005, -0.08350843124224389, 1.5088519528671127, 1.1033427270019756, -0.08091088694001468, 1.4300866302414768, 1.025778669031499]"
prism1,138,/home/humanoid/Programs/hand/results/phase1/run_20260413_pollard_multiscene_500_cem/prism1/generated_mjcf/scene_prism1_tp0d0015p0d0300p0d0068_ip0d0095n0d0196p0d0000_mn0d0010p0d0173p0d0000.xml,prism_y0d0250,True,0.03,1.0,1.0,1.0,1.6486196738626222,0.04204644369184811,2.0,0.01018159806899511,4.0176177280938115,0.001515325259618382,0.03,0.006807639524938257,0.009541767906657332,-0.019584708658321362,0.0,-0.000981823473950495,0.01725793949067561,0.0,"[0.17662273551559396, 1.8739684039884141, -0.7805519000249005, -0.08350843124224389, 1.5088519528671127, 1.1033427270019756, -0.08091088694001468, 1.4300866302414768, 1.025778669031499]"
prism1,139,/home/humanoid/Programs/hand/results/phase1/run_20260413_pollard_multiscene_500_cem/prism1/generated_mjcf/scene_prism1_tp0d0038p0d0208p0d0000_ip0d0064n0d0233p0d0116_mn0d0002p0d0039p0d0000.xml,prism_y0d0250,True,0.03,1.0,1.0,1.0,1.769170053135708,0.04801986030552777,2.0,0.009680061954021763,4.6144328909981365,0.0038050259348188786,0.020755100794810622,0.0,0.006448623398971592,-0.023325066083498283,0.011591209693892372,-0.00019526507632723449,0.0039111861558529856,0.0,"[0.17662273551559396, 1.8739684039884141, -0.7805519000249005, -0.08350843124224389, 1.5088519528671127, 1.1033427270019756, -0.08091088694001468, 1.4300866302414768, 1.025778669031499]"
prism1,140,/home/humanoid/Programs/hand/results/phase1/run_20260413_pollard_multiscene_500_cem/prism1/generated_mjcf/scene_prism1_tn0d0087p0d0271p0d0000_ip0d0062n0d0240p0d0104_mp0d0057p0d0235p0d0111.xml,prism_y0d0250,True,0.03,1.0,1.0,1.0,0.7733922870369625,0.03900937691040871,2.0,0.01246179262825603,9.113415463805534,-0.008731530079981356,0.027066388090933438,0.0,0.0061588016073141905,-0.023982038856395667,0.010357658104953149,0.005704969469548151,0.02352908190489477,0.011086436192306204,"[0.17662273551559396, 1.8739684039884141, -0.7805519000249005, -0.08350843124224389, 1.5088519528671127, 1.1033427270019756, -0.08091088694001468, 1.4300866302414768, 1.025778669031499]"
prism1,141,/home/humanoid/Programs/hand/results/phase1/run_20260413_pollard_multiscene_500_cem/prism1/generated_mjcf/scene_prism1_tp0d0055p0d0143p0d0000_ip0d0168n0d0075p0d0079_mp0d0111p0d0191p0d0000.xml,prism_y0d0250,True,0.03,1.0,1.0,1.0,2.928727702891565,0.04991629072027787,3.0,0.00911456548711983,0.0007556089594724482,0.00545884849963154,0.014257804502089013,0.0,0.016783646536371433,-0.007532492230778167,0.007861720757539256,0.011069781825323213,0.019080062523594087,0.0,"[0.17662273551559396, 1.8739684039884141, -0.7805519000249005, -0.08350843124224389, 1.5088519528671127, 1.1033427270019756, -0.08091088694001468, 1.4300866302414768, 1.025778669031499]"
prism1,142,/home/humanoid/Programs/hand/results/phase1/run_20260413_pollard_multiscene_500_cem/prism1/generated_mjcf/scene_prism1_tn0d0074p0d0247p0d0000_ip0d0168n0d0241p0d0028_mp0d0123p0d0058p0d0022.xml,prism_y0d0250,True,0.03,1.0,1.0,1.0,0.7830689365490608,0.04447843777398697,2.0,0.013294301286773962,10.3139185531129,-0.007406249106069644,0.024733766378574083,0.0,0.01681314259118548,-0.024126402710446332,0.002803222095158712,0.01227073241585616,0.005832298099170255,0.0022128550031997474,"[0.17662273551559396, 1.8739684039884141, -0.7805519000249005, -0.08350843124224389, 1.5088519528671127, 1.1033427270019756, -0.08091088694001468, 1.4300866302414768, 1.025778669031499]"
prism1,143,/home/humanoid/Programs/hand/results/phase1/run_20260413_pollard_multiscene_500_cem/prism1/generated_mjcf/scene_prism1_tp0d0062p0d0209p0d0041_ip0d0150n0d0194p0d0102_mp0d0059p0d0173p0d0000.xml,prism_y0d0250,True,0.03,1.0,1.0,1.0,2.924404600859331,0.04988518099616861,3.0,0.009225435809087046,0.02083908258930624,0.006188329518560347,0.020863806997200564,0.0041462532147777224,0.015008121104932009,-0.019358162822748666,0.010238796153919451,0.005860994776989337,0.017308846946232706,0.0,"[0.17662273551559396, 1.8739684039884141, -0.7805519000249005, -0.08350843124224389, 1.5088519528671127, 1.1033427270019756, -0.08091088694001468, 1.4300866302414768, 1.025778669031499]"
prism1,144,/home/humanoid/Programs/hand/results/phase1/run_20260413_pollard_multiscene_500_cem/prism1/generated_mjcf/scene_prism1_tp0d0119p0d0237p0d0000_ip0d0116n0d0236p0d0000_mp0d0214p0d0052p0d0000.xml,prism_y0d0250,True,0.03,1.0,1.0,1.0,1.4976689783637762,0.04778311828938045,2.0,0.01538410183828047,6.2931463872531905,0.011913720408939114,0.023699386605017154,0.0,0.011586873910987512,-0.02364748026497579,0.0,0.021392537358011006,0.005244756480698892,0.0,"[0.17662273551559396, 1.8739684039884141, -0.7805519000249005, -0.08350843124224389, 1.5088519528671127, 1.1033427270019756, -0.08091088694001468, 1.4300866302414768, 1.025778669031499]"
prism1,145,/home/humanoid/Programs/hand/results/phase1/run_20260413_pollard_multiscene_500_cem/prism1/generated_mjcf/scene_prism1_tp0d0018p0d0266p0d0085_ip0d0187n0d0061p0d0000_mp0d0120p0d0228p0d0000.xml,prism_y0d0250,True,0.03,1.0,1.0,1.0,3.245392663791064,0.05931284021728736,3.0,0.009434408450965338,0.07791951274708644,0.0017538542680252782,0.026575331008186886,0.008468955846821315,0.01866947878821324,-0.00605466824628304,0.0,0.011957947693719377,0.02281495484257566,0.0,"[0.17662273551559396, 1.8739684039884141, -0.7805519000249005, -0.08350843124224389, 1.5088519528671127, 1.1033427270019756, -0.08091088694001468, 1.4300866302414768, 1.025778669031499]"
prism1,146,/home/humanoid/Programs/hand/results/phase1/run_20260413_pollard_multiscene_500_cem/prism1/generated_mjcf/scene_prism1_tn0d0100p0d0190p0d0000_in0d0019n0d0119p0d0000_mp0d0192p0d0113p0d0039.xml,prism_y0d0250,True,0.03,1.0,1.0,1.0,2.1193408137694205,0.0385861673349272,2.0,0.015580743604751666,9.037162352139529e-05,-0.010045906244288014,0.019006044700280358,0.0,-0.001910366479366826,-0.011895275575458145,0.0,0.019195229064207682,0.011320224616773731,0.0039041055259550206,"[0.17662273551559396, 1.8739684039884141, -0.7805519000249005, -0.08350843124224389, 1.5088519528671127, 1.1033427270019756, -0.08091088694001468, 1.4300866302414768, 1.025778669031499]"
prism1,147,/home/humanoid/Programs/hand/results/phase1/run_20260413_pollard_multiscene_500_cem/prism1/generated_mjcf/scene_prism1_tp0d0016p0d0152p0d0000_ip0d0068n0d0186p0d0000_mn0d0007p0d0086p0d0000.xml,prism_y0d0250,True,0.03,1.0,1.0,1.0,2.928407345589324,0.04991843034201317,3.0,0.008978998365661938,0.005198130998756931,0.0016338811302797802,0.01519199864331583,0.0,0.0068238390588518626,-0.0185979348006101,0.0,-0.0007490881804916184,0.008644874935491244,0.0,"[0.17662273551559396, 1.8739684039884141, -0.7805519000249005, -0.08350843124224389, 1.5088519528671127, 1.1033427270019756, -0.08091088694001468, 1.4300866302414768, 1.025778669031499]"
prism1,148,/home/humanoid/Programs/hand/results/phase1/run_20260413_pollard_multiscene_500_cem/prism1/generated_mjcf/scene_prism1_tn0d0084p0d0110p0d0000_ip0d0037n0d0242p0d0000_mp0d0218p0d0092p0d0000.xml,prism_y0d0250,True,0.03,1.0,1.0,1.0,2.096861159655771,0.04953387454603144,2.0,0.015944017684019183,2.699576093915273,-0.008384850114827124,0.010998077251796115,0.0,0.0037161724242142525,-0.024194187208261365,0.0,0.021761286768522584,0.009183467605082948,0.0,"[0.17662273551559396, 1.8739684039884141, -0.7805519000249005, -0.08350843124224389, 1.5088519528671127, 1.1033427270019756, -0.08091088694001468, 1.4300866302414768, 1.025778669031499]"
prism1,149,/home/humanoid/Programs/hand/results/phase1/run_20260413_pollard_multiscene_500_cem/prism1/generated_mjcf/scene_prism1_tp0d0030p0d0212p0d0000_ip0d0156n0d0018p0d0000_mp0d0070p0d0156p0d0000.xml,prism_y0d0250,True,0.03,1.0,1.0,1.0,2.918871776197893,0.04970729116133442,3.0,0.009104852928688734,0.017824723942897178,0.0030242349553947154,0.02123938513737227,0.0,0.015599964008212794,-0.0018124103626753294,0.0,0.007007819845969626,0.01564040034937387,0.0,"[0.17662273551559396, 1.8739684039884141, -0.7805519000249005, -0.08350843124224389, 1.5088519528671127, 1.1033427270019756, -0.08091088694001468, 1.4300866302414768, 1.025778669031499]"
prism1,150,/home/humanoid/Programs/hand/results/phase1/run_20260413_pollard_multiscene_500_cem/prism1/generated_mjcf/scene_prism1_tn0d0078p0d0173p0d0042_in0d0016n0d0210p0d0074_mp0d0060p0d0167p0d0000.xml,prism_y0d0250,True,0.03,1.0,1.0,1.0,0.8014039479250703,0.039743517385153984,2.0,0.012288869716087551,9.100276140820963,-0.007824626139829111,0.01732834438676897,0.004248456658127203,-0.0016455198819331964,-0.020978514055772536,0.007394594912894001,0.0059714869993543855,0.016719741941420785,0.0,"[0.17662273551559396, 1.8739684039884141, -0.7805519000249005, -0.08350843124224389, 1.5088519528671127, 1.1033427270019756, -0.08091088694001468, 1.4300866302414768, 1.025778669031499]"
prism1,151,/home/humanoid/Programs/hand/results/phase1/run_20260413_pollard_multiscene_500_cem/prism1/generated_mjcf/scene_prism1_tp0d0012p0d0087p0d0000_ip0d0087n0d0117p0d0000_mp0d0090p0d0220p0d0049.xml,prism_y0d0250,True,0.03,1.0,1.0,1.0,2.9284229135411484,0.04991060827279515,3.0,0.009048811094745942,0.00233835878126692,0.001218564240804446,0.00866571424061289,0.0,0.008749523164934754,-0.011728504763940096,0.0,0.009016880749428276,0.0220316040367717,0.0049388979727751255,"[0.17662273551559396, 1.8739684039884141, -0.7805519000249005, -0.08350843124224389, 1.5088519528671127, 1.1033427270019756, -0.08091088694001468, 1.4300866302414768, 1.025778669031499]"
prism1,152,/home/humanoid/Programs/hand/results/phase1/run_20260413_pollard_multiscene_500_cem/prism1/generated_mjcf/scene_prism1_tn0d0031p0d0199p0d0072_ip0d0043n0d0209p0d0113_mp0d0190p0d0243p0d0000.xml,prism_y0d0250,True,0.03,1.0,1.0,1.0,1.2675261207140278,0.040445655883945594,2.0,0.01460454312273244,6.125751659857354,-0.0031420885393652637,0.019907472351036487,0.007176067022170336,0.004316225501834821,-0.020934708518782652,0.01125617333642238,0.018952176361857136,0.024280508339097374,0.0,"[0.17662273551559396, 1.8739684039884141, -0.7805519000249005, -0.08350843124224389, 1.5088519528671127, 1.1033427270019756, -0.08091088694001468, 1.4300866302414768, 1.025778669031499]"
prism1,154,/home/humanoid/Programs/hand/results/phase1/run_20260413_pollard_multiscene_500_cem/prism1/generated_mjcf/scene_prism1_tn0d0060p0d0300p0d0000_ip0d0008n0d0128p0d0053_mp0d0202p0d0236p0d0113.xml,prism_y0d0250,True,0.03,1.0,1.0,1.0,1.4087666351215975,0.03903147667032994,2.0,0.017380205605190522,4.817164247530464,-0.005961165487680037,0.03,0.0,0.0007531740575051921,-0.012763734213142173,0.005254819597036012,0.020235854375230844,0.023634514741201866,0.011292320198183152,"[0.17662273551559396, 1.8739684039884141, -0.7805519000249005, -0.08350843124224389, 1.5088519528671127, 1.1033427270019756, -0.08091088694001468, 1.4300866302414768, 1.025778669031499]"
prism1,155,/home/humanoid/Programs/hand/results/phase1/run_20260413_pollard_multiscene_500_cem/prism1/generated_mjcf/scene_prism1_tn0d0014p0d0178p0d0021_ip0d0146n0d0026p0d0022_mp0d0197p0d0133p0d0065.xml,prism_y0d0250,True,0.03,1.0,1.0,1.0,2.3073199242342954,0.04366785714788651,2.0,0.009532293411266853,0.013269927461326698,-0.0014073926538075085,0.01775156940829652,0.00214680221506695,0.014606775448273735,-0.0026308522758124574,0.0022085622184445826,0.019743230789970055,0.013276280780333086,0.006512602441148773,"[0.17662273551559396, 1.8739684039884141, -0.7805519000249005, -0.08350843124224389, 1.5088519528671127, 1.1033427270019756, -0.08091088694001468, 1.4300866302414768, 1.025778669031499]"
prism1,156,/home/humanoid/Programs/hand/results/phase1/run_20260413_pollard_multiscene_500_cem/prism1/generated_mjcf/scene_prism1_tp0d0120p0d0099p0d0050_ip0d0197n0d0028p0d0089_mp0d0047p0d0131p0d0002.xml,prism_y0d0250,True,0.03,1.0,1.0,1.0,2.531050692273897,0.050112519525956245,2.0,0.009493410359092033,0.02600446944258419,0.011953618961592274,0.009890472913476396,0.004973856886651324,0.019675836613181563,-0.0028322182956766213,0.008946206172153887,0.0046899317603590635,0.013051221715934756,0.00019432070821016716,"[0.17662273551559396, 1.8739684039884141, -0.7805519000249005, -0.08350843124224389, 1.5088519528671127, 1.1033427270019756, -0.08091088694001468, 1.4300866302414768, 1.025778669031499]"
prism1,157,/home/humanoid/Programs/hand/results/phase1/run_20260413_pollard_multiscene_500_cem/prism1/generated_mjcf/scene_prism1_tp0d0113p0d0144p0d0039_ip0d0162n0d0208p0d0089_mp0d0101p0d0263p0d0094.xml,prism_y0d0250,True,0.03,1.0,1.0,1.0,2.9113993839309393,0.049779978347529466,3.0,0.009072573171928583,0.08503141259156831,0.011272147501967051,0.014373501696804333,0.003851906420196817,0.01623469939494379,-0.0207794824341704,0.008888251116506849,0.01012549654790459,0.02625110103573041,0.00935258777511349,"[0.17662273551559396, 1.8739684039884141, -0.7805519000249005, -0.08350843124224389, 1.5088519528671127, 1.1033427270019756, -0.08091088694001468, 1.4300866302414768, 1.025778669031499]"
prism1,158,/home/humanoid/Programs/hand/results/phase1/run_20260413_pollard_multiscene_500_cem/prism1/generated_mjcf/scene_prism1_tp0d0107p0d0124p0d0080_ip0d0187n0d0016p0d0036_mp0d0068p0d0174p0d0000.xml,prism_y0d0250,True,0.03,1.0,1.0,1.0,2.9187516042425816,0.049627010490492875,3.0,0.009023374988363805,0.0009800863196095686,0.01073853532475701,0.012387630681511006,0.008031577607341533,0.018707664354787955,-0.0015653204796709976,0.0035891289918922806,0.006844769507781586,0.017385410079520693,0.0,"[0.17662273551559396, 1.8739684039884141, -0.7805519000249005, -0.08350843124224389, 1.5088519528671127, 1.1033427270019756, -0.08091088694001468, 1.4300866302414768, 1.025778669031499]"
prism1,159,/home/humanoid/Programs/hand/results/phase1/run_20260413_pollard_multiscene_500_cem/prism1/generated_mjcf/scene_prism1_tp0d0119p0d0253p0d0000_ip0d0201n0d0072p0d0000_mp0d0203p0d0111p0d0000.xml,prism_y0d0250,True,0.03,1.0,1.0,1.0,1.876302799941194,0.04461794125191545,2.0,0.010341879380211322,3.0976092341028263,0.011908468213914038,0.025333279743847862,0.0,0.02005299318962482,-0.007202619005446663,0.0,0.02030522813099945,0.01108420496281693,0.0,"[0.17662273551559396, 1.8739684039884141, -0.7805519000249005, -0.08350843124224389, 1.5088519528671127, 1.1033427270019756, -0.08091088694001468, 1.4300866302414768, 1.025778669031499]"
prism1,160,/home/humanoid/Programs/hand/results/phase1/run_20260413_pollard_multiscene_500_cem/prism1/generated_mjcf/scene_prism1_tn0d0113p0d0248p0d0000_in0d0008n0d0086p0d0112_mn0d0005p0d0215p0d0000.xml,prism_y0d0250,True,0.03,1.0,1.0,1.0,2.704148091591599,0.044129883029486776,3.0,0.009351312501184254,0.1446345962537989,-0.01128660729865892,0.024821794228799127,0.0,-0.00083186608066977,-0.008554373849221279,0.01124052496537592,-0.00045976902830612704,0.02153632241141243,0.0,"[0.17662273551559396, 1.8739684039884141, -0.7805519000249005, -0.08350843124224389, 1.5088519528671127, 1.1033427270019756, -0.08091088694001468, 1.4300866302414768, 1.025778669031499]"
prism1,161,/home/humanoid/Programs/hand/results/phase1/run_20260413_pollard_multiscene_500_cem/prism1/generated_mjcf/scene_prism1_tp0d0087p0d0083p0d0000_ip0d0214n0d0105p0d0000_mn0d0019p0d0131p0d0000.xml,prism_y0d0250,True,0.03,1.0,1.0,1.0,2.927163618583236,0.04990036482054992,3.0,0.008892660543566215,0.010425526992524744,0.008669593171338762,0.00829146285729023,0.0,0.021403486505120473,-0.010490628603991449,0.0,-0.0018867354281598952,0.013116773146138423,0.0,"[0.17662273551559396, 1.8739684039884141, -0.7805519000249005, -0.08350843124224389, 1.5088519528671127, 1.1033427270019756, -0.08091088694001468, 1.4300866302414768, 1.025778669031499]"
prism1,162,/home/humanoid/Programs/hand/results/phase1/run_20260413_pollard_multiscene_500_cem/prism1/generated_mjcf/scene_prism1_tp0d0008p0d0243p0d0000_ip0d0056n0d0230p0d0119_mp0d0082p0d0196p0d0000.xml,prism_y0d0250,True,0.03,1.0,1.0,1.0,2.1976132772939274,0.043102324279489186,2.0,0.010946851606104329,0.5938291285065709,0.0007872815147419634,0.024339149896880262,0.0,0.005640705116096214,-0.02302834268353677,0.01191609277025579,0.008172407472881515,0.01958364266529724,0.0,"[0.17662273551559396, 1.8739684039884141, -0.7805519000249005, -0.08350843124224389, 1.5088519528671127, 1.1033427270019756, -0.08091088694001468, 1.4300866302414768, 1.025778669031499]"
prism1,163,/home/humanoid/Programs/hand/results/phase1/run_20260413_pollard_multiscene_500_cem/prism1/generated_mjcf/scene_prism1_tn0d0086p0d0126p0d0000_ip0d0145n0d0005p0d0000_mp0d0020p0d0225p0d0033.xml,prism_y0d0250,True,0.03,1.0,1.0,1.0,2.8771966197822216,0.049403140305598496,3.0,0.009259148335389857,0.22263329495297352,-0.008586770952238532,0.012644829297614164,0.0,0.014518686427156752,-0.0005474510000305095,0.0,0.001965759771380771,0.022540723821144228,0.003273335117701349,"[0.17662273551559396, 1.8739684039884141, -0.7805519000249005, -0.08350843124224389, 1.5088519528671127, 1.1033427270019756, -0.08091088694001468, 1.4300866302414768, 1.025778669031499]"
prism1,164,/home/humanoid/Programs/hand/results/phase1/run_20260413_pollard_multiscene_500_cem/prism1/generated_mjcf/scene_prism1_tp0d0107p0d0168p0d0000_ip0d0049n0d0050p0d0000_mp0d0071p0d0191p0d0099.xml,prism_y0d0250,True,0.03,1.0,1.0,1.0,2.9292306683192555,0.04991285365990368,3.0,0.00867023698615727,0.002524905367060025,0.010747195468850355,0.01675308957305969,0.0,0.00487366060525649,-0.004994659363875083,0.0,0.007115221286644597,0.01912555289909626,0.009921219314163253,"[0.17662273551559396, 1.8739684039884141, -0.7805519000249005, -0.08350843124224389, 1.5088519528671127, 1.1033427270019756, -0.08091088694001468, 1.4300866302414768, 1.025778669031499]"
prism1,165,/home/humanoid/Programs/hand/results/phase1/run_20260413_pollard_multiscene_500_cem/prism1/generated_mjcf/scene_prism1_tp0d0075p0d0100p0d0087_ip0d0170n0d0130p0d0013_mp0d0086p0d0046p0d0000.xml,prism_y0d0250,True,0.03,1.0,1.0,1.0,2.503502980399423,0.04935635598555632,2.0,0.010817110715577222,0.015568384425959647,0.007507910790054063,0.010039102780949638,0.008737907867536678,0.016991815976954282,-0.013002375180709125,0.0012906382131382538,0.008637117703904192,0.004631095879577326,0.0,"[0.17662273551559396, 1.8739684039884141, -0.7805519000249005, -0.08350843124224389, 1.5088519528671127, 1.1033427270019756, -0.08091088694001468, 1.4300866302414768, 1.025778669031499]"
prism1,166,/home/humanoid/Programs/hand/results/phase1/run_20260413_pollard_multiscene_500_cem/prism1/generated_mjcf/scene_prism1_tp0d0099p0d0224p0d0000_ip0d0112n0d0095p0d0075_mp0d0120p0d0081p0d0113.xml,prism_y0d0250,True,0.03,1.0,1.0,1.0,2.3971540192100935,0.04623727798120959,2.0,0.0104845971684741,0.001210105301960455,0.009914028604362819,0.02236731891349133,0.0,0.011234581749742536,-0.009457652688120629,0.007469727117063573,0.011958058295655653,0.008132251114838226,0.011278282523067704,"[0.17662273551559396, 1.8739684039884141, -0.7805519000249005, -0.08350843124224389, 1.5088519528671127, 1.1033427270019756, -0.08091088694001468, 1.4300866302414768, 1.025778669031499]"
prism1,167,/home/humanoid/Programs/hand/results/phase1/run_20260413_pollard_multiscene_500_cem/prism1/generated_mjcf/scene_prism1_tn0d0049p0d0254p0d0045_ip0d0202n0d0059p0d0000_mn0d0008p0d0191p0d0000.xml,prism_y0d0250,True,0.03,1.0,1.0,1.0,2.5240939925088823,0.050232462259513055,2.0,0.009969511472372627,0.09402109086219827,-0.00488964265872333,0.02540873439896553,0.004505410724312587,0.020158641957999573,-0.005939355777245107,0.0,-0.0008475818379703112,0.019052107364078294,0.0,"[0.17662273551559396, 1.8739684039884141, -0.7805519000249005, -0.08350843124224389, 1.5088519528671127, 1.1033427270019756, -0.08091088694001468, 1.4300866302414768, 1.025778669031499]"
prism1,168,/home/humanoid/Programs/hand/results/phase1/run_20260413_pollard_multiscene_500_cem/prism1/generated_mjcf/scene_prism1_tn0d0107p0d0086p0d0018_ip0d0169n0d0226p0d0000_mp0d0071p0d0249p0d0035.xml,prism_y0d0250,True,0.03,1.0,1.0,1.0,2.8885970212390406,0.04903985272743022,3.0,0.009417165310041142,0.059756624006232786,-0.010742330134104312,0.008555869754555611,0.0017551315816082304,0.016898620275038925,-0.022613950580024002,0.0,0.007100308119039354,0.024886353180967997,0.0035120658990042738,"[0.17662273551559396, 1.8739684039884141, -0.7805519000249005, -0.08350843124224389, 1.5088519528671127, 1.1033427270019756, -0.08091088694001468, 1.4300866302414768, 1.025778669031499]"
prism1,169,/home/humanoid/Programs/hand/results/phase1/run_20260413_pollard_multiscene_500_cem/prism1/generated_mjcf/scene_prism1_tn0d0023p0d0300p0d0045_ip0d0141n0d0072p0d0010_mp0d0092p0d0266p0d0017.xml,prism_y0d0250,True,0.03,1.0,1.0,1.0,1.3889882761034023,0.036713641455703314,2.0,0.009960158808348595,4.507125714863443,-0.0022859760465189123,0.03,0.004491148993976263,0.014133915252692657,-0.00720976135270515,0.0010038693069339966,0.009219964776903154,0.026639798958592052,0.0017238483621419484,"[0.17662273551559396, 1.8739684039884141, -0.7805519000249005, -0.08350843124224389, 1.5088519528671127, 1.1033427270019756, -0.08091088694001468, 1.4300866302414768, 1.025778669031499]"
prism1,170,/home/humanoid/Programs/hand/results/phase1/run_20260413_pollard_multiscene_500_cem/prism1/generated_mjcf/scene_prism1_tn0d0023p0d0102p0d0000_ip0d0216n0d0012p0d0000_mn0d0001p0d0196p0d0000.xml,prism_y0d0250,True,0.03,1.0,1.0,1.0,2.919910761864508,0.049723210670636314,3.0,0.00931781098898384,0.011773264198635235,-0.0022512569426476337,0.010245824732785286,0.0,0.021598950036595156,-0.0012190901501439397,0.0,-0.000132916285661977,0.019593371151241823,0.0,"[0.17662273551559396, 1.8739684039884141, -0.7805519000249005, -0.08350843124224389, 1.5088519528671127, 1.1033427270019756, -0.08091088694001468, 1.4300866302414768, 1.025778669031499]"
prism1,171,/home/humanoid/Programs/hand/results/phase1/run_20260413_pollard_multiscene_500_cem/prism1/generated_mjcf/scene_prism1_tp0d0039p0d0130p0d0000_ip0d0058n0d0184p0d0066_mp0d0053p0d0253p0d0000.xml,prism_y0d0250,True,0.03,1.0,1.0,1.0,2.9280488085072562,0.04990385683725884,3.0,0.008925712093239746,0.004898377402158981,0.003927672446135566,0.013035727953339283,0.0,0.005821268678713911,-0.018384392421899758,0.006602746162043826,0.005291531853126817,0.025251723655812762,0.0,"[0.17662273551559396, 1.8739684039884141, -0.7805519000249005, -0.08350843124224389, 1.5088519528671127, 1.1033427270019756, -0.08091088694001468, 1.4300866302414768, 1.025778669031499]"
prism1,172,/home/humanoid/Programs/hand/results/phase1/run_20260413_pollard_multiscene_500_cem/prism1/generated_mjcf/scene_prism1_tp0d0095p0d0117p0d0000_ip0d0216n0d0232p0d0081_mp0d0019p0d0158p0d0110.xml,prism_y0d0250,True,0.03,1.0,1.0,1.0,2.9335118267416216,0.05037856260968718,3.0,0.009079245263174903,0.07719582714053004,0.009478466612064692,0.01168372526952211,0.0,0.02160887059855398,-0.023164369430652178,0.008119067766142584,0.0019284014760311882,0.015758297922973116,0.01099679951817091,"[0.17662273551559396, 1.8739684039884141, -0.7805519000249005, -0.08350843124224389, 1.5088519528671127, 1.1033427270019756, -0.08091088694001468, 1.4300866302414768, 1.025778669031499]"
prism1,173,/home/humanoid/Programs/hand/results/phase1/run_20260413_pollard_multiscene_500_cem/prism1/generated_mjcf/scene_prism1_tn0d0091p0d0170p0d0002_ip0d0137n0d0162p0d0000_mp0d0198p0d0035p0d0115.xml,prism_y0d0250,True,0.03,1.0,1.0,1.0,0.8888343007953308,0.04485758448141052,2.0,0.014237097862589912,9.68471306885905,-0.009145682503664064,0.017045684283200635,0.00019631914511307816,0.013653580327099199,-0.01623028555312832,0.0,0.019787687411714293,0.0034936345899613894,0.011549356045366811,"[0.17662273551559396, 1.8739684039884141, -0.7805519000249005, -0.08350843124224389, 1.5088519528671127, 1.1033427270019756, -0.08091088694001468, 1.4300866302414768, 1.025778669031499]"
prism1,174,/home/humanoid/Programs/hand/results/phase1/run_20260413_pollard_multiscene_500_cem/prism1/generated_mjcf/scene_prism1_tn0d0084p0d0135p0d0056_ip0d0161n0d0120p0d0000_mp0d0033p0d0083p0d0094.xml,prism_y0d0250,True,0.03,1.0,1.0,1.0,2.9274317163716623,0.05008054892979408,3.0,0.009410647756717625,0.043774671051304045,-0.008416704660400457,0.013544724004021461,0.0055591496449118975,0.01607346868467647,-0.011987541353118166,0.0,0.003343847788665107,0.00829167228915013,0.009415614975348773,"[0.17662273551559396, 1.8739684039884141, -0.7805519000249005, -0.08350843124224389, 1.5088519528671127, 1.1033427270019756, -0.08091088694001468, 1.4300866302414768, 1.025778669031499]"
prism1,175,/home/humanoid/Programs/hand/results/phase1/run_20260413_pollard_multiscene_500_cem/prism1/generated_mjcf/scene_prism1_tn0d0010p0d0264p0d0097_ip0d0074n0d0021p0d0043_mp0d0125p0d0141p0d0000.xml,prism_y0d0250,True,0.03,1.0,1.0,1.0,2.126790894563797,0.03853229310032533,2.0,0.010919679796260476,2.9033788985513724e-08,-0.000987966722941342,0.02641863323770267,0.009749655067213505,0.007435624649495688,-0.002126774060817691,0.004329946350058643,0.012516638434641977,0.014116350948087338,0.0,"[0.17662273551559396, 1.8739684039884141, -0.7805519000249005, -0.08350843124224389, 1.5088519528671127, 1.1033427270019756, -0.08091088694001468, 1.4300866302414768, 1.025778669031499]"
prism1,176,/home/humanoid/Programs/hand/results/phase1/run_20260413_pollard_multiscene_500_cem/prism1/generated_mjcf/scene_prism1_tn0d0042p0d0147p0d0000_ip0d0078n0d0180p0d0000_mp0d0214p0d0170p0d0000.xml,prism_y0d0250,True,0.03,1.0,1.0,1.0,0.9531128991801721,0.04752776928734938,2.0,0.01384985843211943,9.884395393418783,-0.004224321255218628,0.014693684350748644,0.0,0.007783851825736274,-0.018004387774481902,0.0,0.021358462961561187,0.017045554947876396,0.0,"[0.17662273551559396, 1.8739684039884141, -0.7805519000249005, -0.08350843124224389, 1.5088519528671127, 1.1033427270019756, -0.08091088694001468, 1.4300866302414768, 1.025778669031499]"
prism1,177,/home/humanoid/Programs/hand/results/phase1/run_20260413_pollard_multiscene_500_cem/prism1/generated_mjcf/scene_prism1_tp0d0082p0d0197p0d0081_ip0d0020n0d0208p0d0000_mp0d0186p0d0217p0d0000.xml,prism_y0d0250,True,0.03,1.0,1.0,1.0,1.993537354672437,0.04631064915061253,2.0,0.014522466772598384,2.6552695470253633,0.008167387550689544,0.01968914444390417,0.008060320464359848,0.0019543986615473425,-0.02080566383837565,0.0,0.018645458933625167,0.021650883133752408,0.0,"[0.17662273551559396, 1.8739684039884141, -0.7805519000249005, -0.08350843124224389, 1.5088519528671127, 1.1033427270019756, -0.08091088694001468, 1.4300866302414768, 1.025778669031499]"
prism1,178,/home/humanoid/Programs/hand/results/phase1/run_20260413_pollard_multiscene_500_cem/prism1/generated_mjcf/scene_prism1_tp0d0104p0d0286p0d0000_ip0d0124n0d0007p0d0050_mp0d0027p0d0177p0d0094.xml,prism_y0d0250,True,0.03,1.0,1.0,1.0,2.805537748707332,0.047931581117406724,3.0,0.0093779691565974,0.35541101392472846,0.010404850160773957,0.02864850095402521,0.0,0.012396573576992977,-0.0006640127032650541,0.004951171989004948,0.0027457737026305084,0.01766712406835367,0.00939002581709478,"[0.17662273551559396, 1.8739684039884141, -0.7805519000249005, -0.08350843124224389, 1.5088519528671127, 1.1033427270019756, -0.08091088694001468, 1.4300866302414768, 1.025778669031499]"
prism1,179,/home/humanoid/Programs/hand/results/phase1/run_20260413_pollard_multiscene_500_cem/prism1/generated_mjcf/scene_prism1_tp0d0008p0d0192p0d0059_ip0d0089n0d0091p0d0000_mp0d0163p0d0264p0d0083.xml,prism_y0d0250,True,0.03,1.0,1.0,1.0,0.6639204616661052,0.03786555800294461,2.0,0.01095786726668723,9.596388892690545,0.000775856375392953,0.019217011949822636,0.005889455773125243,0.008897061470780695,-0.009104554451179199,0.0,0.01630746355080402,0.026364703453000786,0.008285323912689182,"[0.17662273551559396, 1.8739684039884141, -0.7805519000249005, -0.08350843124224389, 1.5088519528671127, 1.1033427270019756, -0.08091088694001468, 1.4300866302414768, 1.025778669031499]"
prism1,180,/home/humanoid/Programs/hand/results/phase1/run_20260413_pollard_multiscene_500_cem/prism1/generated_mjcf/scene_prism1_tp0d0076p0d0194p0d0056_ip0d0097n0d0216p0d0000_mp0d0064p0d0234p0d0000.xml,prism_y0d0250,True,0.03,1.0,1.0,1.0,2.9160335413672005,0.049675459531437885,3.0,0.009047428500619445,0.03008456821257727,0.007601073351175328,0.019366103985973,0.005648628398581976,0.009739818482690336,-0.021574981248505112,0.0,0.006356703445989577,0.02337913098547223,0.0,"[0.17662273551559396, 1.8739684039884141, -0.7805519000249005, -0.08350843124224389, 1.5088519528671127, 1.1033427270019756, -0.08091088694001468, 1.4300866302414768, 1.025778669031499]"
prism1,181,/home/humanoid/Programs/hand/results/phase1/run_20260413_pollard_multiscene_500_cem/prism1/generated_mjcf/scene_prism1_tn0d0093p0d0088p0d0007_ip0d0040n0d0090p0d0000_mp0d0086p0d0067p0d0000.xml,prism_y0d0250,True,0.03,1.0,1.0,1.0,2.38778080435522,0.04611435084119212,2.0,0.00943653194954938,0.048989407916036044,-0.00933543154492234,0.008805327185990803,0.000668602678969548,0.003961819525625501,-0.008970762740116253,0.0,0.008646250009056356,0.006693370993602678,0.0,"[0.17662273551559396, 1.8739684039884141, -0.7805519000249005, -0.08350843124224389, 1.5088519528671127, 1.1033427270019756, -0.08091088694001468, 1.4300866302414768, 1.025778669031499]"
prism1,182,/home/humanoid/Programs/hand/results/phase1/run_20260413_pollard_multiscene_500_cem/prism1/generated_mjcf/scene_prism1_tp0d0016p0d0207p0d0000_ip0d0186n0d0072p0d0000_mp0d0006p0d0075p0d0000.xml,prism_y0d0250,True,0.03,1.0,1.0,1.0,2.8690993692679383,0.04992177944229621,3.0,0.00917034322380475,0.3988148317654633,0.0016470894595621167,0.02073131030867892,0.0,0.018640972661330295,-0.007166913517253069,0.0,0.0006460636272721757,0.00746074094995392,0.0,"[0.17662273551559396, 1.8739684039884141, -0.7805519000249005, -0.08350843124224389, 1.5088519528671127, 1.1033427270019756, -0.08091088694001468, 1.4300866302414768, 1.025778669031499]"
prism1,183,/home/humanoid/Programs/hand/results/phase1/run_20260413_pollard_multiscene_500_cem/prism1/generated_mjcf/scene_prism1_tn0d0061p0d0135p0d0031_ip0d0009n0d0192p0d0099_mp0d0008p0d0086p0d0098.xml,prism_y0d0250,True,0.03,1.0,1.0,1.0,2.086087479241387,0.04328015001457859,2.0,0.009556712487207778,1.3973623086296538,-0.006124041163500725,0.01348762563825465,0.003063555658450347,0.0008658191334914387,-0.019187756292742966,0.009946785525691476,0.0008247528584014556,0.008646561502834105,0.009803886638379881,"[0.17662273551559396, 1.8739684039884141, -0.7805519000249005, -0.08350843124224389, 1.5088519528671127, 1.1033427270019756, -0.08091088694001468, 1.4300866302414768, 1.025778669031499]"
prism1,184,/home/humanoid/Programs/hand/results/phase1/run_20260413_pollard_multiscene_500_cem/prism1/generated_mjcf/scene_prism1_tp0d0067p0d0188p0d0113_ip0d0058n0d0101p0d0000_mp0d0090p0d0092p0d0053.xml,prism_y0d0250,True,0.03,1.0,1.0,1.0,2.9956441379974037,0.05207017547835332,3.0,0.009133824015406978,0.056962371427660606,0.00674552063868359,0.01875844570534435,0.011269136853523525,0.00584627774575262,-0.010051085845152196,0.0,0.009021495589241701,0.009187286818277404,0.005298283897151278,"[0.17662273551559396, 1.8739684039884141, -0.7805519000249005, -0.08350843124224389, 1.5088519528671127, 1.1033427270019756, -0.08091088694001468, 1.4300866302414768, 1.025778669031499]"
prism1,185,/home/humanoid/Programs/hand/results/phase1/run_20260413_pollard_multiscene_500_cem/prism1/generated_mjcf/scene_prism1_tn0d0076p0d0293p0d0095_ip0d0164n0d0030p0d0000_mn0d0008p0d0251p0d0018.xml,prism_y0d0250,True,0.03,1.0,1.0,1.0,0.636168510496516,0.032677703740578365,2.0,0.012767429520429455,8.546775075885787,-0.007579144053407563,0.02926402140053649,0.009526551407758252,0.016445449506548186,-0.0030376445306050295,0.0,-0.000757042771043057,0.025099540621265633,0.0018448931286065753,"[0.17662273551559396, 1.8739684039884141, -0.7805519000249005, -0.08350843124224389, 1.5088519528671127, 1.1033427270019756, -0.08091088694001468, 1.4300866302414768, 1.025778669031499]"
prism1,186,/home/humanoid/Programs/hand/results/phase1/run_20260413_pollard_multiscene_500_cem/prism1/generated_mjcf/scene_prism1_tn0d0109p0d0266p0d0000_ip0d0208n0d0007p0d0025_mp0d0198p0d0119p0d0000.xml,prism_y0d0250,True,0.03,1.0,1.0,1.0,1.9281590134898043,0.032864099047045625,2.0,0.011042152808910912,9.835931366006805e-07,-0.01094530967303526,0.026622520374406416,0.0,0.02084817749367661,-0.0006692405604083445,0.0024633831944326275,0.019788114268166283,0.011869035729068184,0.0,"[0.17662273551559396, 1.8739684039884141, -0.7805519000249005, -0.08350843124224389, 1.5088519528671127, 1.1033427270019756, -0.08091088694001468, 1.4300866302414768, 1.025778669031499]"
prism1,187,/home/humanoid/Programs/hand/results/phase1/run_20260413_pollard_multiscene_500_cem/prism1/generated_mjcf/scene_prism1_tp0d0055p0d0214p0d0000_ip0d0064n0d0241p0d0000_mp0d0092p0d0120p0d0006.xml,prism_y0d0250,True,0.03,1.0,1.0,1.0,2.4823348596513477,0.04943810818182906,2.0,0.011938179531326613,0.16081711766677767,0.005524128560409666,0.021412513004040876,0.0,0.006369495553362655,-0.02409273098003277,0.0,0.0092245498650162,0.011986839827390296,0.0005794426517732355,"[0.17662273551559396, 1.8739684039884141, -0.7805519000249005, -0.08350843124224389, 1.5088519528671127, 1.1033427270019756, -0.08091088694001468, 1.4300866302414768, 1.025778669031499]"
prism1,188,/home/humanoid/Programs/hand/results/phase1/run_20260413_pollard_multiscene_500_cem/prism1/generated_mjcf/scene_prism1_tn0d0113p0d0300p0d0000_ip0d0000n0d0098p0d0041_mp0d0057p0d0253p0d0000.xml,prism_y0d0250,True,0.03,1.0,1.0,1.0,2.157627771633576,0.03950652148516178,2.0,0.012550240163618298,1.3233207012612914e-10,-0.011292589471460104,0.03,0.0,1.896314324718526e-05,-0.009754604433349351,0.004105129779418168,0.0057010780266160835,0.025270931042320165,0.0,"[0.17662273551559396, 1.8739684039884141, -0.7805519000249005, -0.08350843124224389, 1.5088519528671127, 1.1033427270019756, -0.08091088694001468, 1.4300866302414768, 1.025778669031499]"
prism1,189,/home/humanoid/Programs/hand/results/phase1/run_20260413_pollard_multiscene_500_cem/prism1/generated_mjcf/scene_prism1_tn0d0079p0d0282p0d0000_ip0d0114n0d0059p0d0000_mp0d0194p0d0087p0d0000.xml,prism_y0d0250,True,0.03,1.0,1.0,1.0,1.6837737762966463,0.03661303893135953,2.0,0.01410988162440605,2.4630854870141685,-0.007871923122523284,0.02824721477700434,0.0,0.011434791023358513,-0.005873051273154057,0.0,0.019370976136729598,0.00867365001472788,0.0,"[0.17662273551559396, 1.8739684039884141, -0.7805519000249005, -0.08350843124224389, 1.5088519528671127, 1.1033427270019756, -0.08091088694001468, 1.4300866302414768, 1.025778669031499]"
prism1,190,/home/humanoid/Programs/hand/results/phase1/run_20260413_pollard_multiscene_500_cem/prism1/generated_mjcf/scene_prism1_tn0d0079p0d0137p0d0027_ip0d0124n0d0151p0d0000_mp0d0088p0d0098p0d0119.xml,prism_y0d0250,True,0.03,1.0,1.0,1.0,2.434522255460889,0.047290875607836784,2.0,0.009526216234234143,0.010706388966200632,-0.007922255873662335,0.01371029600381386,0.002721329818083271,0.012447962530512873,-0.01514861068170811,0.0,0.008759742605920662,0.009773312969026872,0.011886714086111382,"[0.17662273551559396, 1.8739684039884141, -0.7805519000249005, -0.08350843124224389, 1.5088519528671127, 1.1033427270019756, -0.08091088694001468, 1.4300866302414768, 1.025778669031499]"
prism1,191,/home/humanoid/Programs/hand/results/phase1/run_20260413_pollard_multiscene_500_cem/prism1/generated_mjcf/scene_prism1_tp0d0019p0d0293p0d0046_ip0d0002n0d0125p0d0108_mp0d0108p0d0067p0d0063.xml,prism_y0d0250,True,0.03,1.0,1.0,1.0,1.8992466591063362,0.04006724342973964,2.0,0.016022847776166405,1.8070744358814592,0.0018830516039466342,0.029256296294360287,0.004590055672901827,0.00019418877198786565,-0.012523302376143691,0.010792955576711082,0.010752739267010073,0.006693250662758721,0.006299504218256629,"[0.17662273551559396, 1.8739684039884141, -0.7805519000249005, -0.08350843124224389, 1.5088519528671127, 1.1033427270019756, -0.08091088694001468, 1.4300866302414768, 1.025778669031499]"
prism1,192,/home/humanoid/Programs/hand/results/phase1/run_20260413_pollard_multiscene_500_cem/prism1/generated_mjcf/scene_prism1_tp0d0067p0d0256p0d0039_ip0d0184n0d0140p0d0000_mp0d0195p0d0054p0d0113.xml,prism_y0d0250,True,0.03,1.0,1.0,1.0,0.7273988309963699,0.041598007424500386,2.0,0.01348247146986535,10.010443239476086,0.006672177446761959,0.025628884167786206,0.0038572142634211992,0.01842128999050232,-0.01397234999711339,0.0,0.019494678344776084,0.00535814621895145,0.011258684809489543,"[0.17662273551559396, 1.8739684039884141, -0.7805519000249005, -0.08350843124224389, 1.5088519528671127, 1.1033427270019756, -0.08091088694001468, 1.4300866302414768, 1.025778669031499]"
prism1,193,/home/humanoid/Programs/hand/results/phase1/run_20260413_pollard_multiscene_500_cem/prism1/generated_mjcf/scene_prism1_tn0d0077p0d0160p0d0072_ip0d0010n0d0154p0d0036_mp0d0059p0d0236p0d0000.xml,prism_y0d0250,True,0.03,1.0,1.0,1.0,0.6091276244933794,0.03777779284500865,2.0,0.010881678556747923,9.942211786456184,-0.00771825165600488,0.016023573175587044,0.007244651236789669,0.0009979894119062204,-0.015350633875943372,0.0035716783631282913,0.005934109057548915,0.023579488684636142,0.0,"[0.17662273551559396, 1.8739684039884141, -0.7805519000249005, -0.08350843124224389, 1.5088519528671127, 1.1033427270019756, -0.08091088694001468, 1.4300866302414768, 1.025778669031499]"
prism1,194,/home/humanoid/Programs/hand/results/phase1/run_20260413_pollard_multiscene_500_cem/prism1/generated_mjcf/scene_prism1_tp0d0022p0d0165p0d0000_ip0d0047n0d0047p0d0000_mp0d0063p0d0246p0d0100.xml,prism_y0d0250,True,0.03,1.0,1.0,1.0,2.9178432900562092,0.0497053162264459,3.0,0.00891720445430408,0.02672245973859584,0.002155875607059588,0.016463019431581197,0.0,0.004682261512893564,-0.004712124701702984,0.0,0.0062873914158132205,0.024625541596942857,0.00997814352824699,"[0.17662273551559396, 1.8739684039884141, -0.7805519000249005, -0.08350843124224389, 1.5088519528671127, 1.1033427270019756, -0.08091088694001468, 1.4300866302414768, 1.025778669031499]"
prism1,195,/home/humanoid/Programs/hand/results/phase1/run_20260413_pollard_multiscene_500_cem/prism1/generated_mjcf/scene_prism1_tp0d0018p0d0106p0d0000_ip0d0170n0d0152p0d0103_mp0d0071p0d0270p0d0037.xml,prism_y0d0250,True,0.03,1.0,1.0,1.0,2.92266144578913,0.04977547538276786,3.0,0.00916506259833775,0.007667116073799102,0.0017769351336203425,0.010649600421908078,0.0,0.01699612895829177,-0.015198481678962258,0.010277068222255922,0.007100374659333967,0.026988793720779093,0.0037334332006010336,"[0.17662273551559396, 1.8739684039884141, -0.7805519000249005, -0.08350843124224389, 1.5088519528671127, 1.1033427270019756, -0.08091088694001468, 1.4300866302414768, 1.025778669031499]"
prism1,196,/home/humanoid/Programs/hand/results/phase1/run_20260413_pollard_multiscene_500_cem/prism1/generated_mjcf/scene_prism1_tn0d0053p0d0211p0d0072_ip0d0040n0d0172p0d0000_mp0d0067p0d0258p0d0035.xml,prism_y0d0250,True,0.03,1.0,1.0,1.0,0.6905496359508767,0.03792260490110973,2.0,0.01124488919526185,9.428345047982933,-0.0053098841582090335,0.021132674117052504,0.007208012367465232,0.003956516461473281,-0.017214401410508604,0.0,0.006708835529898857,0.025847389121555535,0.0035319824742441833,"[0.17662273551559396, 1.8739684039884141, -0.7805519000249005, -0.08350843124224389, 1.5088519528671127, 1.1033427270019756, -0.08091088694001468, 1.4300866302414768, 1.025778669031499]"
prism1,197,/home/humanoid/Programs/hand/results/phase1/run_20260413_pollard_multiscene_500_cem/prism1/generated_mjcf/scene_prism1_tp0d0022p0d0300p0d0000_ip0d0145n0d0203p0d0080_mp0d0059p0d0148p0d0000.xml,prism_y0d0250,True,0.03,1.0,1.0,1.0,0.6217688556788985,0.04023237388827154,2.0,0.010462706630488693,10.436258780997523,0.0021564249091571043,0.03,0.0,0.014468781203926235,-0.020254798853280895,0.008013052781932012,0.0058755062034899115,0.014774526273414537,0.0,"[0.17662273551559396, 1.8739684039884141, -0.7805519000249005, -0.08350843124224389, 1.5088519528671127, 1.1033427270019756, -0.08091088694001468, 1.4300866302414768, 1.025778669031499]"
prism1,199,/home/humanoid/Programs/hand/results/phase1/run_20260413_pollard_multiscene_500_cem/prism1/generated_mjcf/scene_prism1_tn0d0093p0d0181p0d0000_ip0d0100n0d0183p0d0000_mn0d0005p0d0214p0d0000.xml,prism_y0d0250,True,0.03,1.0,1.0,1.0,2.9069787576876696,0.0495782969601795,3.0,0.009272615461615646,0.06477603330254694,-0.009332624553411184,0.01806849608943887,0.0,0.010000531041565066,-0.018317445898405317,0.0,-0.00046335726395006424,0.021357809487047297,0.0,"[0.17662273551559396, 1.8739684039884141, -0.7805519000249005, -0.08350843124224389, 1.5088519528671127, 1.1033427270019756, -0.08091088694001468, 1.4300866302414768, 1.025778669031499]"
prism1,200,/home/humanoid/Programs/hand/results/phase1/run_20260413_pollard_multiscene_500_cem/prism1/generated_mjcf/scene_prism1_tp0d0043p0d0146p0d0082_ip0d0037n0d0214p0d0067_mp0d0035p0d0075p0d0017.xml,prism_y0d0250,True,0.03,1.0,1.0,1.0,1.990840325672652,0.04826114133827135,2.0,0.009796853225322333,3.1913727647746724,0.00433975812341485,0.014641479233585792,0.00819268659890612,0.0037178996504195006,-0.021405517517139025,0.006744157953358632,0.003474166052851514,0.0074895616345749694,0.0017029246504212722,"[0.17662273551559396, 1.8739684039884141, -0.7805519000249005, -0.08350843124224389, 1.5088519528671127, 1.1033427270019756, -0.08091088694001468, 1.4300866302414768, 1.025778669031499]"
prism1,201,/home/humanoid/Programs/hand/results/phase1/run_20260413_pollard_multiscene_500_cem/prism1/generated_mjcf/scene_prism1_tn0d0105p0d0214p0d0000_ip0d0083n0d0143p0d0000_mn0d0000p0d0174p0d0000.xml,prism_y0d0250,True,0.03,1.0,1.0,1.0,2.936795619354825,0.050367756079416806,3.0,0.009349468846370465,0.04917937154681846,-0.010500790107284589,0.02140432770793027,0.0,0.008281450060615545,-0.014333063935340966,0.0,-3.0320783561186768e-05,0.017389064274110563,0.0,"[0.17662273551559396, 1.8739684039884141, -0.7805519000249005, -0.08350843124224389, 1.5088519528671127, 1.1033427270019756, -0.08091088694001468, 1.4300866302414768, 1.025778669031499]"
prism1,202,/home/humanoid/Programs/hand/results/phase1/run_20260413_pollard_multiscene_500_cem/prism1/generated_mjcf/scene_prism1_tp0d0056p0d0168p0d0000_ip0d0208n0d0238p0d0030_mn0d0016p0d0125p0d0000.xml,prism_y0d0250,True,0.03,1.0,1.0,1.0,2.9251641041063112,0.04989337173200925,3.0,0.009132958414014911,0.018919931239886736,0.005561306286262741,0.01684537198761257,0.0,0.02082503109106207,-0.0237630864305896,0.0030471449279324964,-0.0015712075422167678,0.012468062242123311,0.0,"[0.17662273551559396, 1.8739684039884141, -0.7805519000249005, -0.08350843124224389, 1.5088519528671127, 1.1033427270019756, -0.08091088694001468, 1.4300866302414768, 1.025778669031499]"
prism1,204,/home/humanoid/Programs/hand/results/phase1/run_20260413_pollard_multiscene_500_cem/prism1/generated_mjcf/scene_prism1_tn0d0002p0d0286p0d0043_ip0d0065n0d0199p0d0000_mp0d0059p0d0048p0d0000.xml,prism_y0d0250,True,0.03,1.0,1.0,1.0,0.6689501773722364,0.040068520251092615,2.0,0.01440157559080676,10.030965868229279,-0.0002021810662841579,0.028551378760065353,0.004261095795399832,0.006454661361814582,-0.019876773530676677,0.0,0.005884300171022228,0.00480782853712527,0.0,"[0.17662273551559396, 1.8739684039884141, -0.7805519000249005, -0.08350843124224389, 1.5088519528671127, 1.1033427270019756, -0.08091088694001468, 1.4300866302414768, 1.025778669031499]"
prism1,205,/home/humanoid/Programs/hand/results/phase1/run_20260413_pollard_multiscene_500_cem/prism1/generated_mjcf/scene_prism1_tp0d0036p0d0128p0d0000_in0d0018n0d0024p0d0082_mp0d0003p0d0197p0d0000.xml,prism_y0d0250,True,0.03,1.0,1.0,1.0,2.929847956651462,0.0499867472751326,3.0,0.0087383648003194,0.014743122516933828,0.0036179364962463777,0.012837212448013606,0.0,-0.0018298901071419332,-0.002395784622160021,0.008180570878864576,0.0002708761776541446,0.01972964691536254,0.0,"[0.17662273551559396, 1.8739684039884141, -0.7805519000249005, -0.08350843124224389, 1.5088519528671127, 1.1033427270019756, -0.08091088694001468, 1.4300866302414768, 1.025778669031499]"
prism1,206,/home/humanoid/Programs/hand/results/phase1/run_20260413_pollard_multiscene_500_cem/prism1/generated_mjcf/scene_prism1_tp0d0077p0d0123p0d0000_ip0d0209n0d0193p0d0000_mp0d0020p0d0111p0d0000.xml,prism_y0d0250,True,0.03,1.0,1.0,1.0,2.924668963881145,0.04987094434630476,3.0,0.009034062790662543,0.018306417721310846,0.007725404707774584,0.012289821737621096,0.0,0.02089606498753578,-0.019301676188381724,0.0,0.00201339210259017,0.011099656579559913,0.0,"[0.17662273551559396, 1.8739684039884141, -0.7805519000249005, -0.08350843124224389, 1.5088519528671127, 1.1033427270019756, -0.08091088694001468, 1.4300866302414768, 1.025778669031499]"
prism1,207,/home/humanoid/Programs/hand/results/phase1/run_20260413_pollard_multiscene_500_cem/prism1/generated_mjcf/scene_prism1_tp0d0026p0d0207p0d0110_ip0d0174n0d0065p0d0000_mp0d0053p0d0143p0d0000.xml,prism_y0d0250,True,0.03,1.0,1.0,1.0,2.8912443246746387,0.04896663366229757,3.0,0.009276243322023226,0.026902445744868702,0.00258495564686813,0.02069911329584996,0.010962643851090574,0.01738795186372892,-0.006457234525400016,0.0,0.005268949493629474,0.014280105921970699,0.0,"[0.17662273551559396, 1.8739684039884141, -0.7805519000249005, -0.08350843124224389, 1.5088519528671127, 1.1033427270019756, -0.08091088694001468, 1.4300866302414768, 1.025778669031499]"
prism1,208,/home/humanoid/Programs/hand/results/phase1/run_20260413_pollard_multiscene_500_cem/prism1/generated_mjcf/scene_prism1_tn0d0075p0d0127p0d0000_ip0d0061n0d0017p0d0025_mp0d0189p0d0057p0d0000.xml,prism_y0d0250,True,0.03,1.0,1.0,1.0,0.8992544342701376,0.03732297879147991,2.0,0.01131834194807177,7.896087596903438,-0.007541185456607181,0.012720330103871616,0.0,0.006068945183136646,-0.0017135969398752223,0.002520631410691936,0.018875773155536048,0.005666852414929724,0.0,"[0.17662273551559396, 1.8739684039884141, -0.7805519000249005, -0.08350843124224389, 1.5088519528671127, 1.1033427270019756, -0.08091088694001468, 1.4300866302414768, 1.025778669031499]"
prism1,209,/home/humanoid/Programs/hand/results/phase1/run_20260413_pollard_multiscene_500_cem/prism1/generated_mjcf/scene_prism1_tp0d0080p0d0185p0d0012_ip0d0045n0d0139p0d0000_mp0d0218p0d0165p0d0000.xml,prism_y0d0250,True,0.03,1.0,1.0,1.0,0.9530422328415988,0.04731213891928068,2.0,0.01259864194272991,9.851235636318435,0.008009543041537861,0.01849580852523615,0.0012160635687190995,0.004545161135832775,-0.013902840430843947,0.0,0.021799144081568696,0.01649161773793147,0.0,"[0.17662273551559396, 1.8739684039884141, -0.7805519000249005, -0.08350843124224389, 1.5088519528671127, 1.1033427270019756, -0.08091088694001468, 1.4300866302414768, 1.025778669031499]"
prism1,210,/home/humanoid/Programs/hand/results/phase1/run_20260413_pollard_multiscene_500_cem/prism1/generated_mjcf/scene_prism1_tp0d0084p0d0183p0d0032_ip0d0018n0d0148p0d0000_mp0d0099p0d0230p0d0000.xml,prism_y0d0250,True,0.03,1.0,1.0,1.0,0.8724621653506037,0.046218188122947326,2.0,0.009249133402108594,10.177841014322235,0.008437855756050418,0.018321910618821588,0.0032447348294870563,0.001774035165684324,-0.014805875470069332,0.0,0.009934062318164237,0.02297414626775439,0.0,"[0.17662273551559396, 1.8739684039884141, -0.7805519000249005, -0.08350843124224389, 1.5088519528671127, 1.1033427270019756, -0.08091088694001468, 1.4300866302414768, 1.025778669031499]"
prism1,211,/home/humanoid/Programs/hand/results/phase1/run_20260413_pollard_multiscene_500_cem/prism1/generated_mjcf/scene_prism1_tn0d0047p0d0144p0d0000_ip0d0093n0d0180p0d0000_mp0d0028p0d0172p0d0000.xml,prism_y0d0250,True,0.03,1.0,1.0,1.0,2.92800896011302,0.04990365743341755,3.0,0.009202590351641388,0.0014257956887427097,-0.004740005191379473,0.014426123005675029,0.0,0.009336022162219368,-0.01795692563587443,0.0,0.0027816673199039963,0.017175738094334703,0.0,"[0.17662273551559396, 1.8739684039884141, -0.7805519000249005, -0.08350843124224389, 1.5088519528671127, 1.1033427270019756, -0.08091088694001468, 1.4300866302414768, 1.025778669031499]"
prism1,212,/home/humanoid/Programs/hand/results/phase1/run_20260413_pollard_multiscene_500_cem/prism1/generated_mjcf/scene_prism1_tn0d0040p0d0142p0d0000_ip0d0023n0d0182p0d0081_mp0d0033p0d0232p0d0058.xml,prism_y0d0250,True,0.03,1.0,1.0,1.0,2.9260276524073574,0.0501489057072875,3.0,0.009151532677856315,0.07253987994661683,-0.00403609409022875,0.014205866070954665,0.0,0.0023294378827807428,-0.018192462569061693,0.008144399751782865,0.0033094172629732008,0.023181547653119555,0.005839190597031859,"[0.17662273551559396, 1.8739684039884141, -0.7805519000249005, -0.08350843124224389, 1.5088519528671127, 1.1033427270019756, -0.08091088694001468, 1.4300866302414768, 1.025778669031499]"
prism1,213,/home/humanoid/Programs/hand/results/phase1/run_20260413_pollard_multiscene_500_cem/prism1/generated_mjcf/scene_prism1_tp0d0114p0d0261p0d0000_ip0d0206n0d0041p0d0000_mp0d0084p0d0040p0d0000.xml,prism_y0d0250,True,0.03,1.0,1.0,1.0,0.6197527489442798,0.041962000415863024,2.0,0.011855426335689164,10.834709419596987,0.011383068446832144,0.026086163461476453,0.0,0.020561026075589607,-0.004089729095602563,0.0,0.008406134637600387,0.004042902804046244,0.0,"[0.17662273551559396, 1.8739684039884141, -0.7805519000249005, -0.08350843124224389, 1.5088519528671127, 1.1033427270019756, -0.08091088694001468, 1.4300866302414768, 1.025778669031499]"
prism1,214,/home/humanoid/Programs/hand/results/phase1/run_20260413_pollard_multiscene_500_cem/prism1/generated_mjcf/scene_prism1_tp0d0052p0d0107p0d0118_in0d0015n0d0005p0d0000_mp0d0091p0d0164p0d0000.xml,prism_y0d0250,True,0.03,1.0,1.0,1.0,2.960697157099001,0.05087382228611329,3.0,0.008891877792425604,0.014019115534088973,0.005157266769256267,0.010652643185760103,0.01180187743075043,-0.0014796206306259777,-0.0005166369421601685,0.0,0.009060765136741021,0.016391314855483393,0.0,"[0.17662273551559396, 1.8739684039884141, -0.7805519000249005, -0.08350843124224389, 1.5088519528671127, 1.1033427270019756, -0.08091088694001468, 1.4300866302414768, 1.025778669031499]"
prism1,215,/home/humanoid/Programs/hand/results/phase1/run_20260413_pollard_multiscene_500_cem/prism1/generated_mjcf/scene_prism1_tn0d0067p0d0092p0d0078_ip0d0213n0d0213p0d0086_mp0d0153p0d0213p0d0000.xml,prism_y0d0250,True,0.03,1.0,1.0,1.0,2.2743071365743193,0.046904679306666835,2.0,0.009864529784577677,0.9841838639324315,-0.006708058313022306,0.009213660685445347,0.007762392106353707,0.0213354249050623,-0.021286620578137176,0.008635940125201812,0.015292946730816092,0.021305408188239255,0.0,"[0.17662273551559396, 1.8739684039884141, -0.7805519000249005, -0.08350843124224389, 1.5088519528671127, 1.1033427270019756, -0.08091088694001468, 1.4300866302414768, 1.025778669031499]"
prism1,216,/home/humanoid/Programs/hand/results/phase1/run_20260413_pollard_multiscene_500_cem/prism1/generated_mjcf/scene_prism1_tn0d0106p0d0246p0d0111_ip0d0138n0d0187p0d0009_mp0d0009p0d0205p0d0041.xml,prism_y0d0250,True,0.03,1.0,1.0,1.0,2.3049492742635604,0.044673728023839815,2.0,0.010038763216476785,0.2570245342525316,-0.010618202159571382,0.024570154966587918,0.011091034286356438,0.013810197920546557,-0.018682744474052514,0.0008816463383836057,0.000920203433224737,0.020529085107590155,0.004148740653331526,"[0.17662273551559396, 1.8739684039884141, -0.7805519000249005, -0.08350843124224389, 1.5088519528671127, 1.1033427270019756, -0.08091088694001468, 1.4300866302414768, 1.025778669031499]"
prism1,217,/home/humanoid/Programs/hand/results/phase1/run_20260413_pollard_multiscene_500_cem/prism1/generated_mjcf/scene_prism1_tn0d0013p0d0082p0d0000_ip0d0144n0d0077p0d0018_mp0d0035p0d0192p0d0000.xml,prism_y0d0250,True,0.03,1.0,1.0,1.0,2.927410961179443,0.049904362920369726,3.0,0.009115186969607265,0.006742447295216306,-0.0012769440151296722,0.008207947848866467,0.0,0.014367464472860894,-0.007682079760128633,0.0018050238451683114,0.0034645893469029436,0.019215158092247116,0.0,"[0.17662273551559396, 1.8739684039884141, -0.7805519000249005, -0.08350843124224389, 1.5088519528671127, 1.1033427270019756, -0.08091088694001468, 1.4300866302414768, 1.025778669031499]"
prism1,218,/home/humanoid/Programs/hand/results/phase1/run_20260413_pollard_multiscene_500_cem/prism1/generated_mjcf/scene_prism1_tp0d0031p0d0217p0d0000_ip0d0033n0d0069p0d0000_mp0d0018p0d0185p0d0039.xml,prism_y0d0250,True,0.03,1.0,1.0,1.0,2.909861426441994,0.04950488581784814,3.0,0.008841451252938575,0.034177831178761164,0.0030643337970542965,0.021735629790901958,0.0,0.003259984998778856,-0.006910015120126513,0.0,0.0017765117936147622,0.018486338857577528,0.003854988740890814,"[0.17662273551559396, 1.8739684039884141, -0.7805519000249005, -0.08350843124224389, 1.5088519528671127, 1.1033427270019756, -0.08091088694001468, 1.4300866302414768, 1.025778669031499]"
prism1,219,/home/humanoid/Programs/hand/results/phase1/run_20260413_pollard_multiscene_500_cem/prism1/generated_mjcf/scene_prism1_tn0d0096p0d0143p0d0000_ip0d0199n0d0241p0d0000_mp0d0018p0d0145p0d0098.xml,prism_y0d0250,True,0.03,1.0,1.0,1.0,2.9018304396197645,0.049344700292561675,3.0,0.009440823244259152,0.04234949420917655,-0.009552741642320943,0.014294919368854606,0.0,0.019931955097158255,-0.024098723637486875,0.0,0.001763704178351715,0.014507877048380777,0.009764096577343173,"[0.17662273551559396, 1.8739684039884141, -0.7805519000249005, -0.08350843124224389, 1.5088519528671127, 1.1033427270019756, -0.08091088694001468, 1.4300866302414768, 1.025778669031499]"
prism1,220,/home/humanoid/Programs/hand/results/phase1/run_20260413_pollard_multiscene_500_cem/prism1/generated_mjcf/scene_prism1_tp0d0050p0d0166p0d0000_ip0d0149n0d0113p0d0053_mn0d0009p0d0075p0d0000.xml,prism_y0d0250,True,0.03,1.0,1.0,1.0,2.924839002182896,0.04990970880807798,3.0,0.009034178016992559,0.02621633377232171,0.0049770330315987155,0.016644170110704855,0.0,0.014920291210715418,-0.011294019048296643,0.0052869592715543215,-0.0009234731340144204,0.007455374979847362,0.0,"[0.17662273551559396, 1.8739684039884141, -0.7805519000249005, -0.08350843124224389, 1.5088519528671127, 1.1033427270019756, -0.08091088694001468, 1.4300866302414768, 1.025778669031499]"
prism1,221,/home/humanoid/Programs/hand/results/phase1/run_20260413_pollard_multiscene_500_cem/prism1/generated_mjcf/scene_prism1_tn0d0008p0d0217p0d0015_ip0d0110n0d0107p0d0000_mp0d0047p0d0157p0d0000.xml,prism_y0d0250,True,0.03,1.0,1.0,1.0,2.911167892289854,0.04959210588905315,3.0,0.009207268811633936,0.04094184135825819,-0.0008031192769778952,0.02166670448785033,0.001490255873888683,0.011029975886306324,-0.010713207814525373,0.0,0.004691508371224975,0.015735108981150926,0.0,"[0.17662273551559396, 1.8739684039884141, -0.7805519000249005, -0.08350843124224389, 1.5088519528671127, 1.1033427270019756, -0.08091088694001468, 1.4300866302414768, 1.025778669031499]"
prism1,222,/home/humanoid/Programs/hand/results/phase1/run_20260413_pollard_multiscene_500_cem/prism1/generated_mjcf/scene_prism1_tp0d0060p0d0300p0d0000_ip0d0168n0d0189p0d0000_mn0d0012p0d0266p0d0015.xml,prism_y0d0250,True,0.03,1.0,1.0,1.0,2.894633018438872,0.04932640137728175,3.0,0.009141199064126766,0.09005754425157526,0.005982512874455746,0.03,0.0,0.01677585138666949,-0.01892801061196864,0.0,-0.001195083786028438,0.026558059126059096,0.0014902945294227848,"[0.17662273551559396, 1.8739684039884141, -0.7805519000249005, -0.08350843124224389, 1.5088519528671127, 1.1033427270019756, -0.08091088694001468, 1.4300866302414768, 1.025778669031499]"
prism1,223,/home/humanoid/Programs/hand/results/phase1/run_20260413_pollard_multiscene_500_cem/prism1/generated_mjcf/scene_prism1_tn0d0100p0d0157p0d0115_in0d0006n0d0023p0d0000_mn0d0001p0d0183p0d0095.xml,prism_y0d0250,True,0.03,1.0,1.0,1.0,3.1968009791919165,0.058529210933967166,3.0,0.009277788694584852,0.22110550738509907,-0.010042045626139749,0.01571733522921598,0.011454745589257506,-0.0005590098185030423,-0.0022702534687448223,0.0,-0.0001307095736232007,0.018291499373159582,0.009509675286206443,"[0.17662273551559396, 1.8739684039884141, -0.7805519000249005, -0.08350843124224389, 1.5088519528671127, 1.1033427270019756, -0.08091088694001468, 1.4300866302414768, 1.025778669031499]"
prism1,224,/home/humanoid/Programs/hand/results/phase1/run_20260413_pollard_multiscene_500_cem/prism1/generated_mjcf/scene_prism1_tn0d0032p0d0163p0d0000_ip0d0055n0d0227p0d0001_mp0d0062p0d0073p0d0053.xml,prism_y0d0250,True,0.03,1.0,1.0,1.0,2.0259080491000576,0.048410703730012924,2.0,0.011260990267438264,2.972964006103455,-0.003206023096601387,0.016318901566531582,0.0,0.005469932523932257,-0.022679238364403775,0.00012650587897891467,0.0061976339362588805,0.007287415170120487,0.005336885494463008,"[0.17662273551559396, 1.8739684039884141, -0.7805519000249005, -0.08350843124224389, 1.5088519528671127, 1.1033427270019756, -0.08091088694001468, 1.4300866302414768, 1.025778669031499]"
prism1,225,/home/humanoid/Programs/hand/results/phase1/run_20260413_pollard_multiscene_500_cem/prism1/generated_mjcf/scene_prism1_tp0d0094p0d0274p0d0000_ip0d0199n0d0145p0d0100_mp0d0000p0d0269p0d0000.xml,prism_y0d0250,True,0.03,1.0,1.0,1.0,2.9230879827246454,0.049893956092422656,3.0,0.009064667110134749,0.0338076419325202,0.009437691326738953,0.02737170570873626,0.0,0.019924961742623107,-0.014488606505171338,0.009950090735285678,7.2792667555523355e-06,0.026910958156789684,0.0,"[0.17662273551559396, 1.8739684039884141, -0.7805519000249005, -0.08350843124224389, 1.5088519528671127, 1.1033427270019756, -0.08091088694001468, 1.4300866302414768, 1.025778669031499]"
prism1,226,/home/humanoid/Programs/hand/results/phase1/run_20260413_pollard_multiscene_500_cem/prism1/generated_mjcf/scene_prism1_tp0d0059p0d0251p0d0062_ip0d0039n0d0063p0d0003_mn0d0009p0d0056p0d0000.xml,prism_y0d0250,True,0.03,1.0,1.0,1.0,2.9394944441629973,0.05044835343018038,3.0,0.008936158380115546,0.05550406088723268,0.005890195392200037,0.025145911494812493,0.006172020864999916,0.0038719373070722294,-0.006349688358739556,0.00030962863382305236,-0.0008708134120405647,0.005640698307909073,0.0,"[0.17662273551559396, 1.8739684039884141, -0.7805519000249005, -0.08350843124224389, 1.5088519528671127, 1.1033427270019756, -0.08091088694001468, 1.4300866302414768, 1.025778669031499]"
prism1,227,/home/humanoid/Programs/hand/results/phase1/run_20260413_pollard_multiscene_500_cem/prism1/generated_mjcf/scene_prism1_tp0d0083p0d0182p0d0000_ip0d0108n0d0164p0d0000_mp0d0028p0d0117p0d0000.xml,prism_y0d0250,True,0.03,1.0,1.0,1.0,2.928433979673566,0.049906965059860434,3.0,0.008901040560628045,0.0033847753352876935,0.008338774720204351,0.01821398638179801,0.0,0.010837636468636409,-0.016374744784778288,0.0,0.00275684906579644,0.011731120066497104,0.0,"[0.17662273551559396, 1.8739684039884141, -0.7805519000249005, -0.08350843124224389, 1.5088519528671127, 1.1033427270019756, -0.08091088694001468, 1.4300866302414768, 1.025778669031499]"
prism1,228,/home/humanoid/Programs/hand/results/phase1/run_20260413_pollard_multiscene_500_cem/prism1/generated_mjcf/scene_prism1_tp0d0018p0d0170p0d0000_ip0d0032n0d0128p0d0000_mp0d0192p0d0047p0d0036.xml,prism_y0d0250,True,0.03,1.0,1.0,1.0,0.9038584618308518,0.04557099894751532,2.0,0.012779444800776252,9.77045074487088,0.0017785008989475558,0.017044118735223775,0.0,0.003186891827523349,-0.012818094553557719,0.0,0.01917602235967445,0.004697717154899158,0.0035502383157635774,"[0.17662273551559396, 1.8739684039884141, -0.7805519000249005, -0.08350843124224389, 1.5088519528671127, 1.1033427270019756, -0.08091088694001468, 1.4300866302414768, 1.025778669031499]"
prism1,229,/home/humanoid/Programs/hand/results/phase1/run_20260413_pollard_multiscene_500_cem/prism1/generated_mjcf/scene_prism1_tp0d0087p0d0300p0d0000_ip0d0077n0d0234p0d0000_mp0d0136p0d0114p0d0000.xml,prism_y0d0250,True,0.03,1.0,1.0,1.0,1.9226939472554148,0.04873125243433803,2.0,0.014745384934296933,3.689394120518816,0.008663651804597345,0.03,0.0,0.007674482461781696,-0.023444371696119334,0.0,0.013597677390840683,0.011417327075538986,0.0,"[0.17662273551559396, 1.8739684039884141, -0.7805519000249005, -0.08350843124224389, 1.5088519528671127, 1.1033427270019756, -0.08091088694001468, 1.4300866302414768, 1.025778669031499]"
prism1,230,/home/humanoid/Programs/hand/results/phase1/run_20260413_pollard_multiscene_500_cem/prism1/generated_mjcf/scene_prism1_tn0d0007p0d0119p0d0014_ip0d0090n0d0004p0d0000_mp0d0132p0d0081p0d0000.xml,prism_y0d0250,True,0.03,1.0,1.0,1.0,1.1675061586677535,0.041301614540046355,2.0,0.010746456201021673,7.043716252212171,-0.0007050571053624031,0.011895647447555467,0.0013904247007412648,0.00896790547894913,-0.00042462582777189235,0.0,0.013245101911400738,0.008085967284082467,0.0,"[0.17662273551559396, 1.8739684039884141, -0.7805519000249005, -0.08350843124224389, 1.5088519528671127, 1.1033427270019756, -0.08091088694001468, 1.4300866302414768, 1.025778669031499]"
prism1,231,/home/humanoid/Programs/hand/results/phase1/run_20260413_pollard_multiscene_500_cem/prism1/generated_mjcf/scene_prism1_tp0d0059p0d0199p0d0000_ip0d0193n0d0034p0d0000_mp0d0003p0d0115p0d0000.xml,prism_y0d0250,True,0.03,1.0,1.0,1.0,2.9005103547522144,0.049379191783277425,3.0,0.00935007138113274,0.06040809933486615,0.005938507318874558,0.01993184206212525,0.0,0.019339198063758577,-0.003368889853459343,0.0,0.0002719119063459754,0.011528792962369609,0.0,"[0.17662273551559396, 1.8739684039884141, -0.7805519000249005, -0.08350843124224389, 1.5088519528671127, 1.1033427270019756, -0.08091088694001468, 1.4300866302414768, 1.025778669031499]"
prism1,232,/home/humanoid/Programs/hand/results/phase1/run_20260413_pollard_multiscene_500_cem/prism1/generated_mjcf/scene_prism1_tp0d0059p0d0233p0d0001_in0d0016n0d0011p0d0000_mp0d0107p0d0137p0d0000.xml,prism_y0d0250,True,0.03,1.0,1.0,1.0,2.8948206516364574,0.04993250960258398,3.0,0.00957093711473733,0.22450206816338245,0.005876933990951735,0.023325437825919636,0.00012344175559970104,-0.001607011923027096,-0.0011137859434267924,0.0,0.010658788458287707,0.013659464988546774,0.0,"[0.17662273551559396, 1.8739684039884141, -0.7805519000249005, -0.08350843124224389, 1.5088519528671127, 1.1033427270019756, -0.08091088694001468, 1.4300866302414768, 1.025778669031499]"
prism1,233,/home/humanoid/Programs/hand/results/phase1/run_20260413_pollard_multiscene_500_cem/prism1/generated_mjcf/scene_prism1_tp0d0094p0d0162p0d0016_ip0d0011n0d0230p0d0082_mp0d0011p0d0065p0d0038.xml,prism_y0d0250,True,0.03,1.0,1.0,1.0,1.5438770233085848,0.04843043066984512,2.0,0.009643983709409063,6.212667218114508,0.009359930196395066,0.01623345201084577,0.0015625808053520377,0.00113350242596077,-0.023041464841855624,0.008165409870575673,0.0010928609572240285,0.006546084912352737,0.0037641457449223113,"[0.17662273551559396, 1.8739684039884141, -0.7805519000249005, -0.08350843124224389, 1.5088519528671127, 1.1033427270019756, -0.08091088694001468, 1.4300866302414768, 1.025778669031499]"
prism1,234,/home/humanoid/Programs/hand/results/phase1/run_20260413_pollard_multiscene_500_cem/prism1/generated_mjcf/scene_prism1_tn0d0068p0d0267p0d0000_in0d0013n0d0152p0d0088_mp0d0012p0d0034p0d0000.xml,prism_y0d0250,True,0.03,1.0,1.0,1.0,1.8858592291121035,0.040776894485569676,2.0,0.013184202803871966,2.0997578151672753,-0.006842359440174668,0.02674095924071578,0.0,-0.0012516321530277128,-0.01519729557625085,0.008807048636422697,0.0012271340009776168,0.0034269346338305414,0.0,"[0.17662273551559396, 1.8739684039884141, -0.7805519000249005, -0.08350843124224389, 1.5088519528671127, 1.1033427270019756, -0.08091088694001468, 1.4300866302414768, 1.025778669031499]"
prism1,235,/home/humanoid/Programs/hand/results/phase1/run_20260413_pollard_multiscene_500_cem/prism1/generated_mjcf/scene_prism1_tn0d0012p0d0185p0d0000_ip0d0150n0d0039p0d0000_mp0d0202p0d0205p0d0000.xml,prism_y0d0250,True,0.03,1.0,1.0,1.0,2.9958379964411064,0.05207805158729807,3.0,0.009402491584805476,0.05392550629810075,-0.0012267169129464937,0.018511203439005447,0.0,0.015046761440901129,-0.003860181566608679,0.0,0.0202218044453141,0.02050055310976201,0.0,"[0.17662273551559396, 1.8739684039884141, -0.7805519000249005, -0.08350843124224389, 1.5088519528671127, 1.1033427270019756, -0.08091088694001468, 1.4300866302414768, 1.025778669031499]"
prism1,236,/home/humanoid/Programs/hand/results/phase1/run_20260413_pollard_multiscene_500_cem/prism1/generated_mjcf/scene_prism1_tp0d0106p0d0174p0d0031_ip0d0022n0d0118p0d0000_mp0d0137p0d0106p0d0119.xml,prism_y0d0250,True,0.03,1.0,1.0,1.0,0.9269967074685803,0.04629058599931455,2.0,0.009887387365200152,9.82266018518019,0.010570503563294312,0.01742935650204407,0.0030783737719845897,0.0022113929704491346,-0.01179028890874476,0.0,0.013715263425300493,0.010640660788541539,0.011923749986019395,"[0.17662273551559396, 1.8739684039884141, -0.7805519000249005, -0.08350843124224389, 1.5088519528671127, 1.1033427270019756, -0.08091088694001468, 1.4300866302414768, 1.025778669031499]"
prism1,237,/home/humanoid/Programs/hand/results/phase1/run_20260413_pollard_multiscene_500_cem/prism1/generated_mjcf/scene_prism1_tn0d0094p0d0215p0d0000_ip0d0051n0d0037p0d0000_mp0d0001p0d0208p0d0000.xml,prism_y0d0250,True,0.03,1.0,1.0,1.0,2.9015272976369655,0.04936232486021554,3.0,0.009197898152855193,0.05172184109911942,-0.009386577061587999,0.021536170750964603,0.0,0.005090603042090099,-0.0036513302603408664,3.0621962382121684e-05,0.0001362800775741909,0.02078669139942211,0.0,"[0.17662273551559396, 1.8739684039884141, -0.7805519000249005, -0.08350843124224389, 1.5088519528671127, 1.1033427270019756, -0.08091088694001468, 1.4300866302414768, 1.025778669031499]"
prism1,238,/home/humanoid/Programs/hand/results/phase1/run_20260413_pollard_multiscene_500_cem/prism1/generated_mjcf/scene_prism1_tn0d0100p0d0196p0d0000_ip0d0120n0d0139p0d0024_mp0d0149p0d0270p0d0014.xml,prism_y0d0250,True,0.03,1.0,1.0,1.0,0.8343473021690928,0.03943191773650816,2.0,0.011856757509408603,8.81370869059917,-0.010015544394671703,0.01962936837177262,0.0,0.012010903863657144,-0.013874930609055808,0.002421640382254354,0.014892154831109993,0.027047093881184453,0.0013830002601442452,"[0.17662273551559396, 1.8739684039884141, -0.7805519000249005, -0.08350843124224389, 1.5088519528671127, 1.1033427270019756, -0.08091088694001468, 1.4300866302414768, 1.025778669031499]"
prism1,239,/home/humanoid/Programs/hand/results/phase1/run_20260413_pollard_multiscene_500_cem/prism1/generated_mjcf/scene_prism1_tn0d0014p0d0251p0d0099_in0d0014n0d0234p0d0115_mp0d0111p0d0045p0d0038.xml,prism_y0d0250,True,0.03,1.0,1.0,1.0,1.746522136696915,0.04436470947252494,2.0,0.0173508552025402,3.810273229575848,-0.0014251822600559235,0.025089114689550506,0.009932616401398968,-0.0014478035283586408,-0.023434549415482668,0.011455759744305048,0.011104205335508101,0.004542639825632416,0.00384895126918975,"[0.17662273551559396, 1.8739684039884141, -0.7805519000249005, -0.08350843124224389, 1.5088519528671127, 1.1033427270019756, -0.08091088694001468, 1.4300866302414768, 1.025778669031499]"
prism1,240,/home/humanoid/Programs/hand/results/phase1/run_20260413_pollard_multiscene_500_cem/prism1/generated_mjcf/scene_prism1_tn0d0097p0d0105p0d0000_ip0d0139n0d0046p0d0085_mp0d0073p0d0268p0d0000.xml,prism_y0d0250,True,0.03,1.0,1.0,1.0,2.9127400124546323,0.04958298366268684,3.0,0.009330737706004342,0.026686268849325966,-0.009683335844336121,0.010547451260416061,0.0,0.013928861329337636,-0.004617107265739084,0.008492867289802312,0.0072826999018936085,0.026824365469868522,0.0,"[0.17662273551559396, 1.8739684039884141, -0.7805519000249005, -0.08350843124224389, 1.5088519528671127, 1.1033427270019756, -0.08091088694001468, 1.4300866302414768, 1.025778669031499]"
prism1,241,/home/humanoid/Programs/hand/results/phase1/run_20260413_pollard_multiscene_500_cem/prism1/generated_mjcf/scene_prism1_tp0d0041p0d0136p0d0050_ip0d0093n0d0236p0d0000_mp0d0051p0d0056p0d0045.xml,prism_y0d0250,True,0.03,1.0,1.0,1.0,2.505606041838033,0.04973581723655497,2.0,0.009398794708781933,0.10899981349218452,0.0040971277273271905,0.013559094872586892,0.0049975779635624,0.00926415941715049,-0.023572964220321315,0.0,0.0051016658072987634,0.005637990037219874,0.004513815243508565,"[0.17662273551559396, 1.8739684039884141, -0.7805519000249005, -0.08350843124224389, 1.5088519528671127, 1.1033427270019756, -0.08091088694001468, 1.4300866302414768, 1.025778669031499]"
prism1,242,/home/humanoid/Programs/hand/results/phase1/run_20260413_pollard_multiscene_500_cem/prism1/generated_mjcf/scene_prism1_tn0d0009p0d0235p0d0040_in0d0009n0d0143p0d0044_mp0d0197p0d0260p0d0000.xml,prism_y0d0250,True,0.03,1.0,1.0,1.0,0.70718463552553,0.036862856142623454,2.0,0.015208177108378356,9.017326501663561,-0.0009419216668431589,0.0234563829052057,0.003998428193652388,-0.0008600754512623002,-0.0143499624967743,0.0043891962311728185,0.019674774011803155,0.026003968495236028,0.0,"[0.17662273551559396, 1.8739684039884141, -0.7805519000249005, -0.08350843124224389, 1.5088519528671127, 1.1033427270019756, -0.08091088694001468, 1.4300866302414768, 1.025778669031499]"
prism1,243,/home/humanoid/Programs/hand/results/phase1/run_20260413_pollard_multiscene_500_cem/prism1/generated_mjcf/scene_prism1_tp0d0018p0d0300p0d0000_ip0d0214n0d0134p0d0084_mp0d0020p0d0258p0d0066.xml,prism_y0d0250,True,0.03,1.0,1.0,1.0,2.8441392091023445,0.047929877325918684,3.0,0.0092819507506519,0.0989506386900393,0.0018323263906544832,0.03,0.0,0.02142851497409419,-0.01338505726791449,0.008384359098383674,0.002027946052017301,0.025760241751164238,0.0065869486941198575,"[0.17662273551559396, 1.8739684039884141, -0.7805519000249005, -0.08350843124224389, 1.5088519528671127, 1.1033427270019756, -0.08091088694001468, 1.4300866302414768, 1.025778669031499]"
prism1,244,/home/humanoid/Programs/hand/results/phase1/run_20260413_pollard_multiscene_500_cem/prism1/generated_mjcf/scene_prism1_tp0d0037p0d0122p0d0000_ip0d0121n0d0147p0d0094_mp0d0112p0d0054p0d0090.xml,prism_y0d0250,True,0.03,1.0,1.0,1.0,2.47730132921446,0.04855975662224578,2.0,0.01033920461648775,0.010744955541111502,0.003670300442267238,0.012153499062564917,0.0,0.012056547044241235,-0.014653213065510083,0.009428885664088973,0.011218889531032318,0.005437278898803643,0.009008074998322603,"[0.17662273551559396, 1.8739684039884141, -0.7805519000249005, -0.08350843124224389, 1.5088519528671127, 1.1033427270019756, -0.08091088694001468, 1.4300866302414768, 1.025778669031499]"
prism1,245,/home/humanoid/Programs/hand/results/phase1/run_20260413_pollard_multiscene_500_cem/prism1/generated_mjcf/scene_prism1_tn0d0045p0d0121p0d0034_ip0d0174n0d0173p0d0000_mp0d0212p0d0139p0d0000.xml,prism_y0d0250,True,0.03,1.0,1.0,1.0,2.1934088524270097,0.04713740993896795,2.0,0.012122292225460596,1.5477060732396508,-0.004528621663971532,0.012117700999274032,0.0034291248847927273,0.01739136599231956,-0.017332691788016226,0.0,0.0212315535462329,0.013907077695475889,0.0,"[0.17662273551559396, 1.8739684039884141, -0.7805519000249005, -0.08350843124224389, 1.5088519528671127, 1.1033427270019756, -0.08091088694001468, 1.4300866302414768, 1.025778669031499]"
prism1,246,/home/humanoid/Programs/hand/results/phase1/run_20260413_pollard_multiscene_500_cem/prism1/generated_mjcf/scene_prism1_tp0d0012p0d0250p0d0034_in0d0012n0d0017p0d0000_mp0d0149p0d0177p0d0000.xml,prism_y0d0250,True,0.03,1.0,1.0,1.0,2.1624053120291884,0.039587492056849145,2.0,0.009886792781166233,0.02255549598799422,0.0012101250122180784,0.02496992892325642,0.0034375336049794307,-0.001203292251601781,-0.0017480540872589299,0.0,0.014901303193678607,0.0176678851782694,0.0,"[0.17662273551559396, 1.8739684039884141, -0.7805519000249005, -0.08350843124224389, 1.5088519528671127, 1.1033427270019756, -0.08091088694001468, 1.4300866302414768, 1.025778669031499]"
prism1,247,/home/humanoid/Programs/hand/results/phase1/run_20260413_pollard_multiscene_500_cem/prism1/generated_mjcf/scene_prism1_tp0d0119p0d0269p0d0041_ip0d0045n0d0197p0d0000_mp0d0114p0d0084p0d0000.xml,prism_y0d0250,True,0.03,1.0,1.0,1.0,1.8394403348304518,0.04597148016365153,2.0,0.014555041310669972,3.6030092551734136,0.011873789448722787,0.02689082524371258,0.004145387045152844,0.0044727054903854375,-0.019704682888720113,0.0,0.011383286691889392,0.008366425886166713,0.0,"[0.17662273551559396, 1.8739684039884141, -0.7805519000249005, -0.08350843124224389, 1.5088519528671127, 1.1033427270019756, -0.08091088694001468, 1.4300866302414768, 1.025778669031499]"
prism1,248,/home/humanoid/Programs/hand/results/phase1/run_20260413_pollard_multiscene_500_cem/prism1/generated_mjcf/scene_prism1_tp0d0063p0d0226p0d0000_ip0d0002n0d0169p0d0000_mp0d0111p0d0134p0d0000.xml,prism_y0d0250,True,0.03,1.0,1.0,1.0,0.7835617289971362,0.047289682604521335,2.0,0.01276673126634445,10.973624664189478,0.00626516238663433,0.02255765916802214,0.0,0.0002281577052011246,-0.016903768045336977,0.0,0.011086386382717419,0.013437684407545863,0.0,"[0.17662273551559396, 1.8739684039884141, -0.7805519000249005, -0.08350843124224389, 1.5088519528671127, 1.1033427270019756, -0.08091088694001468, 1.4300866302414768, 1.025778669031499]"
prism1,249,/home/humanoid/Programs/hand/results/phase1/run_20260413_pollard_multiscene_500_cem/prism1/generated_mjcf/scene_prism1_tn0d0027p0d0178p0d0000_ip0d0059n0d0061p0d0007_mn0d0017p0d0132p0d0000.xml,prism_y0d0250,True,0.03,1.0,1.0,1.0,2.9256396698872007,0.04987498879736217,3.0,0.009014070878454118,0.013045308423781042,-0.0027271212917241126,0.017791811356062115,0.0,0.005851197812612485,-0.006067555870810265,0.0007001297377480752,-0.001728987071853835,0.013155750839536167,0.0,"[0.17662273551559396, 1.8739684039884141, -0.7805519000249005, -0.08350843124224389, 1.5088519528671127, 1.1033427270019756, -0.08091088694001468, 1.4300866302414768, 1.025778669031499]"
prism1,250,/home/humanoid/Programs/hand/results/phase1/run_20260413_pollard_multiscene_500_cem/prism1/generated_mjcf/scene_prism1_tp0d0023p0d0281p0d0058_ip0d0010n0d0123p0d0000_mp0d0086p0d0122p0d0045.xml,prism_y0d0250,True,0.03,1.0,1.0,1.0,0.9590783477007203,0.03646376526154902,2.0,0.01402436017225285,7.260698107393267,0.0022906939710439344,0.028145105487248016,0.005840805083924282,0.0009521715037869721,-0.012287952266811692,0.0,0.008550085922758204,0.012157418500970765,0.004480712380297534,"[0.17662273551559396, 1.8739684039884141, -0.7805519000249005, -0.08350843124224389, 1.5088519528671127, 1.1033427270019756, -0.08091088694001468, 1.4300866302414768, 1.025778669031499]"
prism1,251,/home/humanoid/Programs/hand/results/phase1/run_20260413_pollard_multiscene_500_cem/prism1/generated_mjcf/scene_prism1_tn0d0091p0d0092p0d0034_ip0d0028n0d0157p0d0101_mp0d0014p0d0237p0d0000.xml,prism_y0d0250,True,0.03,1.0,1.0,1.0,2.924209363128535,0.049868297898430655,3.0,0.009223502397064863,0.01822705681605576,-0.00907948699181936,0.009197356063655219,0.0034433989733793375,0.002812858527800891,-0.01569261011506301,0.01012942948307732,0.0014055497152433722,0.023694967517092685,0.0,"[0.17662273551559396, 1.8739684039884141, -0.7805519000249005, -0.08350843124224389, 1.5088519528671127, 1.1033427270019756, -0.08091088694001468, 1.4300866302414768, 1.025778669031499]"
prism1,252,/home/humanoid/Programs/hand/results/phase1/run_20260413_pollard_multiscene_500_cem/prism1/generated_mjcf/scene_prism1_tn0d0074p0d0300p0d0026_ip0d0033n0d0060p0d0000_mp0d0108p0d0119p0d0000.xml,prism_y0d0250,True,0.03,1.0,1.0,1.0,2.050436206683158,0.03650609991854002,2.0,0.013638397787773829,3.2992679671823995e-06,-0.007398159794487176,0.03,0.002583933856100673,0.0033336936479035455,-0.005978032145131569,0.0,0.010774200359585784,0.011857555922792454,0.0,"[0.17662273551559396, 1.8739684039884141, -0.7805519000249005, -0.08350843124224389, 1.5088519528671127, 1.1033427270019756, -0.08091088694001468, 1.4300866302414768, 1.025778669031499]"
prism1,253,/home/humanoid/Programs/hand/results/phase1/run_20260413_pollard_multiscene_500_cem/prism1/generated_mjcf/scene_prism1_tp0d0079p0d0250p0d0000_ip0d0107n0d0240p0d0083_mp0d0033p0d0107p0d0094.xml,prism_y0d0250,True,0.03,1.0,1.0,1.0,2.3989828189940665,0.048908348524397044,2.0,0.010703434315704924,0.6093500715228004,0.007870746006714398,0.024959633130747148,0.0,0.010664501866031857,-0.023994387640275894,0.008275887682406585,0.003335989644740088,0.01068451411033549,0.009375497810093482,"[0.17662273551559396, 1.8739684039884141, -0.7805519000249005, -0.08350843124224389, 1.5088519528671127, 1.1033427270019756, -0.08091088694001468, 1.4300866302414768, 1.025778669031499]"
prism1,254,/home/humanoid/Programs/hand/results/phase1/run_20260413_pollard_multiscene_500_cem/prism1/generated_mjcf/scene_prism1_tn0d0073p0d0242p0d0000_ip0d0117n0d0058p0d0016_mp0d0219p0d0175p0d0000.xml,prism_y0d0250,True,0.03,1.0,1.0,1.0,1.0500606700571817,0.03693182660035309,2.0,0.013412845954034682,6.771517126980713,-0.0072830278711218015,0.024233399005324837,0.0,0.01173289864241775,-0.005816682189977438,0.0015985477456331616,0.02187070698869189,0.017479901290416364,0.0,"[0.17662273551559396, 1.8739684039884141, -0.7805519000249005, -0.08350843124224389, 1.5088519528671127, 1.1033427270019756, -0.08091088694001468, 1.4300866302414768, 1.025778669031499]"
prism1,255,/home/humanoid/Programs/hand/results/phase1/run_20260413_pollard_multiscene_500_cem/prism1/generated_mjcf/scene_prism1_tn0d0049p0d0232p0d0053_ip0d0078n0d0015p0d0045_mp0d0126p0d0103p0d0116.xml,prism_y0d0250,True,0.03,1.0,1.0,1.0,2.2305510549121967,0.04144083167953298,2.0,0.009922918536392414,0.00021477865782136863,-0.0048957756328571024,0.023204282559035286,0.005285964347256648,0.007791052812038457,-0.0014875992639632445,0.004507628719607793,0.01263096632514772,0.010252368200474794,0.011605232571004556,"[0.17662273551559396, 1.8739684039884141, -0.7805519000249005, -0.08350843124224389, 1.5088519528671127, 1.1033427270019756, -0.08091088694001468, 1.4300866302414768, 1.025778669031499]"
prism1,256,/home/humanoid/Programs/hand/results/phase1/run_20260413_pollard_multiscene_500_cem/prism1/generated_mjcf/scene_prism1_tn0d0062p0d0198p0d0000_ip0d0093n0d0156p0d0051_mp0d0176p0d0066p0d0000.xml,prism_y0d0250,True,0.03,1.0,1.0,1.0,0.7584248388850645,0.04096398745745103,2.0,0.013741395263236958,9.652212877328317,-0.00617936078977491,0.019845889106613626,0.0,0.009283838582036968,-0.01564231250230316,0.005108479275818825,0.01755878893107922,0.006553664356555156,0.0,"[0.17662273551559396, 1.8739684039884141, -0.7805519000249005, -0.08350843124224389, 1.5088519528671127, 1.1033427270019756, -0.08091088694001468, 1.4300866302414768, 1.025778669031499]"
prism1,257,/home/humanoid/Programs/hand/results/phase1/run_20260413_pollard_multiscene_500_cem/prism1/generated_mjcf/scene_prism1_tn0d0013p0d0300p0d0040_ip0d0126n0d0136p0d0071_mn0d0004p0d0181p0d0075.xml,prism_y0d0250,True,0.03,1.0,1.0,1.0,2.7582368505867962,0.04555467641887772,3.0,0.009407384219214818,0.11574703756996349,-0.0013310279746045726,0.03,0.004007304669342297,0.01263270996685188,-0.013573404996832647,0.007133344311976011,-0.0004286670847191455,0.018119654315755226,0.007547655475809524,"[0.17662273551559396, 1.8739684039884141, -0.7805519000249005, -0.08350843124224389, 1.5088519528671127, 1.1033427270019756, -0.08091088694001468, 1.4300866302414768, 1.025778669031499]"
prism1,258,/home/humanoid/Programs/hand/results/phase1/run_20260413_pollard_multiscene_500_cem/prism1/generated_mjcf/scene_prism1_tn0d0033p0d0188p0d0000_ip0d0089n0d0085p0d0000_mn0d0010p0d0158p0d0000.xml,prism_y0d0250,True,0.03,1.0,1.0,1.0,2.9231983050187167,0.04983833390344984,3.0,0.009096178367614212,0.0196734991119946,-0.003284192562390034,0.018810799604056093,0.0,0.008948602806368519,-0.008508505563111826,0.0,-0.0009937541860331883,0.015830482276668337,0.0,"[0.17662273551559396, 1.8739684039884141, -0.7805519000249005, -0.08350843124224389, 1.5088519528671127, 1.1033427270019756, -0.08091088694001468, 1.4300866302414768, 1.025778669031499]"
prism1,259,/home/humanoid/Programs/hand/results/phase1/run_20260413_pollard_multiscene_500_cem/prism1/generated_mjcf/scene_prism1_tn0d0066p0d0185p0d0013_ip0d0158n0d0195p0d0088_mp0d0183p0d0172p0d0000.xml,prism_y0d0250,True,0.03,1.0,1.0,1.0,1.272899856011718,0.043305428355600493,2.0,0.012543443560370368,6.784688328757056,-0.0066485374175960146,0.018518010205694397,0.0012982978667973911,0.015818160059360285,-0.019498654578332945,0.008823394787387792,0.01834265960575579,0.01719139738609474,0.0,"[0.17662273551559396, 1.8739684039884141, -0.7805519000249005, -0.08350843124224389, 1.5088519528671127, 1.1033427270019756, -0.08091088694001468, 1.4300866302414768, 1.025778669031499]"
prism1,260,/home/humanoid/Programs/hand/results/phase1/run_20260413_pollard_multiscene_500_cem/prism1/generated_mjcf/scene_prism1_tn0d0016p0d0096p0d0112_ip0d0017n0d0032p0d0006_mp0d0056p0d0052p0d0016.xml,prism_y0d0250,True,0.03,1.0,1.0,1.0,2.3564456563375398,0.04513417515126468,2.0,0.010369984465184064,0.016736700175704295,-0.0015968470266755248,0.00957306995643702,0.011202290221894236,0.001675734744234568,-0.0032206306161261574,0.0006071599036956091,0.00558793585213605,0.005223797450431731,0.0015580406341598792,"[0.17662273551559396, 1.8739684039884141, -0.7805519000249005, -0.08350843124224389, 1.5088519528671127, 1.1033427270019756, -0.08091088694001468, 1.4300866302414768, 1.025778669031499]"
prism1,261,/home/humanoid/Programs/hand/results/phase1/run_20260413_pollard_multiscene_500_cem/prism1/generated_mjcf/scene_prism1_tn0d0026p0d0108p0d0000_ip0d0093n0d0210p0d0000_mp0d0215p0d0203p0d0054.xml,prism_y0d0250,True,0.03,1.0,1.0,1.0,2.2884010161615276,0.049664645061558654,2.0,0.013267364139061426,1.4888455514326848,-0.002559148442306267,0.010844582132139265,0.0,0.009274960074603024,-0.02103734073064305,0.0,0.021537173868519506,0.02026458374004725,0.005359570246667743,"[0.17662273551559396, 1.8739684039884141, -0.7805519000249005, -0.08350843124224389, 1.5088519528671127, 1.1033427270019756, -0.08091088694001468, 1.4300866302414768, 1.025778669031499]"
prism1,262,/home/humanoid/Programs/hand/results/phase1/run_20260413_pollard_multiscene_500_cem/prism1/generated_mjcf/scene_prism1_tp0d0114p0d0124p0d0096_in0d0000n0d0080p0d0000_mp0d0182p0d0250p0d0006.xml,prism_y0d0250,True,0.03,1.0,1.0,1.0,2.9143496458462668,0.04959254959438792,3.0,0.008753713981860277,0.025881079957265636,0.011434726863572546,0.012431631671534318,0.009574165085641077,-3.2197229452727086e-05,-0.008030768084860739,0.0,0.01818011496386108,0.025010610894033593,0.0006060223705221992,"[0.17662273551559396, 1.8739684039884141, -0.7805519000249005, -0.08350843124224389, 1.5088519528671127, 1.1033427270019756, -0.08091088694001468, 1.4300866302414768, 1.025778669031499]"
prism1,263,/home/humanoid/Programs/hand/results/phase1/run_20260413_pollard_multiscene_500_cem/prism1/generated_mjcf/scene_prism1_tn0d0026p0d0166p0d0106_ip0d0186n0d0034p0d0042_mn0d0016p0d0137p0d0101.xml,prism_y0d0250,True,0.03,1.0,1.0,1.0,2.753559055287364,0.050443562896007973,3.0,0.009584203388625522,1.2853149286377579,-0.002617680223593528,0.01656557626298818,0.010573775539080708,0.018619421669964137,-0.0033545673340663,0.004216081429168201,-0.0015522505578777837,0.01372870559258928,0.010117600342834106,"[0.17662273551559396, 1.8739684039884141, -0.7805519000249005, -0.08350843124224389, 1.5088519528671127, 1.1033427270019756, -0.08091088694001468, 1.4300866302414768, 1.025778669031499]"
prism1,264,/home/humanoid/Programs/hand/results/phase1/run_20260413_pollard_multiscene_500_cem/prism1/generated_mjcf/scene_prism1_tn0d0098p0d0167p0d0098_ip0d0048n0d0056p0d0000_mp0d0081p0d0076p0d0092.xml,prism_y0d0250,True,0.03,1.0,1.0,1.0,3.308070446720734,0.06088767584633279,3.0,0.009444928217562461,0.0273890097719257,-0.0098174312859883,0.016710597855835244,0.009785136624631905,0.0047505379522936875,-0.00558731996764574,0.0,0.008118077130715488,0.007604253555346375,0.009153488997293208,"[0.17662273551559396, 1.8739684039884141, -0.7805519000249005, -0.08350843124224389, 1.5088519528671127, 1.1033427270019756, -0.08091088694001468, 1.4300866302414768, 1.025778669031499]"
prism1,265,/home/humanoid/Programs/hand/results/phase1/run_20260413_pollard_multiscene_500_cem/prism1/generated_mjcf/scene_prism1_tp0d0104p0d0234p0d0093_ip0d0069n0d0004p0d0081_mp0d0154p0d0049p0d0096.xml,prism_y0d0250,True,0.03,1.0,1.0,1.0,0.8313102722568704,0.03966434560822861,2.0,0.011539582086352126,8.89241773238951,0.010405971119882437,0.023402318434891774,0.009318597065959895,0.006870174315362881,-0.0003758602573515988,0.008054351980537874,0.01539809898290241,0.004941483542359303,0.009625898391971525,"[0.17662273551559396, 1.8739684039884141, -0.7805519000249005, -0.08350843124224389, 1.5088519528671127, 1.1033427270019756, -0.08091088694001468, 1.4300866302414768, 1.025778669031499]"
prism1,266,/home/humanoid/Programs/hand/results/phase1/run_20260413_pollard_multiscene_500_cem/prism1/generated_mjcf/scene_prism1_tp0d0080p0d0162p0d0000_in0d0002n0d0171p0d0000_mp0d0071p0d0218p0d0095.xml,prism_y0d0250,True,0.03,1.0,1.0,1.0,1.6676563734678869,0.04993316500480501,2.0,0.008831893228736662,5.748937434952103,0.008007112781741085,0.016238264649913087,0.0,-0.00016892381827874302,-0.01712363596371593,0.0,0.0070856367373131526,0.021809635629245268,0.009472099338838351,"[0.17662273551559396, 1.8739684039884141, -0.7805519000249005, -0.08350843124224389, 1.5088519528671127, 1.1033427270019756, -0.08091088694001468, 1.4300866302414768, 1.025778669031499]"
prism1,267,/home/humanoid/Programs/hand/results/phase1/run_20260413_pollard_multiscene_500_cem/prism1/generated_mjcf/scene_prism1_tn0d0019p0d0119p0d0097_ip0d0014n0d0097p0d0004_mp0d0076p0d0068p0d0027.xml,prism_y0d0250,True,0.03,1.0,1.0,1.0,3.0410834006211966,0.05316851612579295,3.0,0.00926455853229029,0.008570311446508444,-0.0019033786639038597,0.011918802303719365,0.009742141364256777,0.001446421396381646,-0.009701845637100453,0.0004247947514453253,0.007597777885475282,0.006785559441029652,0.0026801896733662112,"[0.17662273551559396, 1.8739684039884141, -0.7805519000249005, -0.08350843124224389, 1.5088519528671127, 1.1033427270019756, -0.08091088694001468, 1.4300866302414768, 1.025778669031499]"
prism1,268,/home/humanoid/Programs/hand/results/phase1/run_20260413_pollard_multiscene_500_cem/prism1/generated_mjcf/scene_prism1_tp0d0102p0d0138p0d0107_ip0d0106n0d0072p0d0004_mp0d0019p0d0053p0d0000.xml,prism_y0d0250,True,0.03,1.0,1.0,1.0,2.465005316279695,0.04820714754565658,2.0,0.010572377686700435,0.007333949632562334,0.010192050973665118,0.013796870560345172,0.01073217435091527,0.010556599209052135,-0.0072346864002176565,0.00041095213145756447,0.001934188977885925,0.0052613143908337,0.0,"[0.17662273551559396, 1.8739684039884141, -0.7805519000249005, -0.08350843124224389, 1.5088519528671127, 1.1033427270019756, -0.08091088694001468, 1.4300866302414768, 1.025778669031499]"
prism1,269,/home/humanoid/Programs/hand/results/phase1/run_20260413_pollard_multiscene_500_cem/prism1/generated_mjcf/scene_prism1_tn0d0109p0d0188p0d0000_ip0d0152n0d0147p0d0000_mp0d0012p0d0206p0d0000.xml,prism_y0d0250,True,0.03,1.0,1.0,1.0,2.899980535088973,0.04930350860903703,3.0,0.009355852877884707,0.046203736477028905,-0.010892479043909305,0.018761057623916402,0.0,0.015191856500809777,-0.0146572238066505,0.0,0.0012429278075790622,0.02056014077460063,0.0,"[0.17662273551559396, 1.8739684039884141, -0.7805519000249005, -0.08350843124224389, 1.5088519528671127, 1.1033427270019756, -0.08091088694001468, 1.4300866302414768, 1.025778669031499]"
prism1,270,/home/humanoid/Programs/hand/results/phase1/run_20260413_pollard_multiscene_500_cem/prism1/generated_mjcf/scene_prism1_tp0d0063p0d0244p0d0034_in0d0017n0d0047p0d0028_mp0d0126p0d0234p0d0000.xml,prism_y0d0250,True,0.03,1.0,1.0,1.0,0.24154164191157745,0.039183331624038586,2.0,0.009535912751116508,12.738687596183599,0.006326404225126845,0.024413539928309608,0.0034358131538734186,-0.0016652041607701385,-0.004704614173634861,0.002849669393877664,0.012557523978918841,0.023357815300913888,0.0,"[0.17662273551559396, 1.8739684039884141, -0.7805519000249005, -0.08350843124224389, 1.5088519528671127, 1.1033427270019756, -0.08091088694001468, 1.4300866302414768, 1.025778669031499]"
prism1,271,/home/humanoid/Programs/hand/results/phase1/run_20260413_pollard_multiscene_500_cem/prism1/generated_mjcf/scene_prism1_tp0d0022p0d0300p0d0079_ip0d0201n0d0117p0d0000_mp0d0139p0d0232p0d0000.xml,prism_y0d0250,True,0.03,1.0,1.0,1.0,0.8340899811165334,0.03523090370552316,2.0,0.010865601723820456,7.848402967527577,0.002245291327922347,0.03,0.007914847084908486,0.020077243035357552,-0.01173371425264643,0.0,0.013901697245508137,0.023176085596049063,0.0,"[0.17662273551559396, 1.8739684039884141, -0.7805519000249005, -0.08350843124224389, 1.5088519528671127, 1.1033427270019756, -0.08091088694001468, 1.4300866302414768, 1.025778669031499]"
prism1,272,/home/humanoid/Programs/hand/results/phase1/run_20260413_pollard_multiscene_500_cem/prism1/generated_mjcf/scene_prism1_tn0d0009p0d0148p0d0000_ip0d0185n0d0080p0d0009_mp0d0179p0d0092p0d0042.xml,prism_y0d0250,True,0.03,1.0,1.0,1.0,1.6115912685560945,0.044471439260397094,2.0,0.009883365475042946,4.834282497384787,-0.0009488846215536303,0.014802931966176474,0.0,0.01846619001000817,-0.008015341938986174,0.0008936013470664285,0.01788502974286396,0.009203218882619397,0.0041798237366650025,"[0.17662273551559396, 1.8739684039884141, -0.7805519000249005, -0.08350843124224389, 1.5088519528671127, 1.1033427270019756, -0.08091088694001468, 1.4300866302414768, 1.025778669031499]"
prism1,273,/home/humanoid/Programs/hand/results/phase1/run_20260413_pollard_multiscene_500_cem/prism1/generated_mjcf/scene_prism1_tp0d0108p0d0274p0d0048_ip0d0186n0d0162p0d0000_mn0d0018p0d0200p0d0087.xml,prism_y0d0250,True,0.03,1.0,1.0,1.0,2.9159921467531245,0.049678737708239856,3.0,0.00912265127657406,0.030122469880814975,0.010793172744159973,0.027385637090943743,0.004834036143599344,0.01858721372341072,-0.016209668619703015,0.0,-0.001767901577034518,0.0199563224460901,0.00869297932588134,"[0.17662273551559396, 1.8739684039884141, -0.7805519000249005, -0.08350843124224389, 1.5088519528671127, 1.1033427270019756, -0.08091088694001468, 1.4300866302414768, 1.025778669031499]"
prism1,274,/home/humanoid/Programs/hand/results/phase1/run_20260413_pollard_multiscene_500_cem/prism1/generated_mjcf/scene_prism1_tn0d0019p0d0292p0d0078_ip0d0164n0d0156p0d0069_mp0d0127p0d0262p0d0000.xml,prism_y0d0250,True,0.03,1.0,1.0,1.0,1.2224060042164515,0.037734656691268936,2.0,0.011357267328202204,5.837282968810378,-0.001916376052160879,0.029220051372745175,0.007795485310387259,0.016412015641354603,-0.015575520612575037,0.006911623253098489,0.012731054858623922,0.026173867771679467,0.0,"[0.17662273551559396, 1.8739684039884141, -0.7805519000249005, -0.08350843124224389, 1.5088519528671127, 1.1033427270019756, -0.08091088694001468, 1.4300866302414768, 1.025778669031499]"
prism1,275,/home/humanoid/Programs/hand/results/phase1/run_20260413_pollard_multiscene_500_cem/prism1/generated_mjcf/scene_prism1_tp0d0071p0d0185p0d0000_in0d0012n0d0020p0d0000_mp0d0187p0d0125p0d0095.xml,prism_y0d0250,True,0.03,1.0,1.0,1.0,0.8492290009873975,0.038188345711336454,2.0,0.010878360510925287,8.43737585258352,0.007096762773567841,0.018535196712838996,0.0,-0.0012487005109433433,-0.0020060342785642327,0.0,0.018711648686793855,0.012456268016773565,0.009485944431065776,"[0.17662273551559396, 1.8739684039884141, -0.7805519000249005, -0.08350843124224389, 1.5088519528671127, 1.1033427270019756, -0.08091088694001468, 1.4300866302414768, 1.025778669031499]"
prism1,276,/home/humanoid/Programs/hand/results/phase1/run_20260413_pollard_multiscene_500_cem/prism1/generated_mjcf/scene_prism1_tn0d0045p0d0240p0d0000_ip0d0060n0d0088p0d0066_mp0d0014p0d0053p0d0000.xml,prism_y0d0250,True,0.03,1.0,1.0,1.0,3.039491586073729,0.05315921301318252,3.0,0.009320433653931719,0.016266680531972,-0.004471530539230569,0.02395252102903216,0.0,0.006041774072952371,-0.008778636947116529,0.006612827788071422,0.0013904042544706126,0.005326566761932524,0.0,"[0.17662273551559396, 1.8739684039884141, -0.7805519000249005, -0.08350843124224389, 1.5088519528671127, 1.1033427270019756, -0.08091088694001468, 1.4300866302414768, 1.025778669031499]"
prism1,277,/home/humanoid/Programs/hand/results/phase1/run_20260413_pollard_multiscene_500_cem/prism1/generated_mjcf/scene_prism1_tn0d0085p0d0138p0d0102_ip0d0198n0d0095p0d0098_mp0d0050p0d0056p0d0000.xml,prism_y0d0250,True,0.03,1.0,1.0,1.0,2.5040989842688877,0.049458630023830226,2.0,0.009835042117812614,0.048553215530299426,-0.00849020040187634,0.013832043402543716,0.010161341910743568,0.019754372950554135,-0.009469899963966253,0.009754122039431785,0.005023702370497475,0.005560181100361002,0.0,"[0.17662273551559396, 1.8739684039884141, -0.7805519000249005, -0.08350843124224389, 1.5088519528671127, 1.1033427270019756, -0.08091088694001468, 1.4300866302414768, 1.025778669031499]"
prism1,278,/home/humanoid/Programs/hand/results/phase1/run_20260413_pollard_multiscene_500_cem/prism1/generated_mjcf/scene_prism1_tp0d0091p0d0087p0d0090_ip0d0090n0d0064p0d0007_mp0d0002p0d0209p0d0000.xml,prism_y0d0250,True,0.03,1.0,1.0,1.0,2.926658265765116,0.04984179428817843,3.0,0.008855799653027248,0.0006195667671643058,0.009110489609144803,0.008677276423585517,0.008999429842825458,0.008984969193119195,-0.006433298849497485,0.0006513275308667656,0.00016650763492232802,0.02091045788924164,0.0,"[0.17662273551559396, 1.8739684039884141, -0.7805519000249005, -0.08350843124224389, 1.5088519528671127, 1.1033427270019756, -0.08091088694001468, 1.4300866302414768, 1.025778669031499]"
prism1,279,/home/humanoid/Programs/hand/results/phase1/run_20260413_pollard_multiscene_500_cem/prism1/generated_mjcf/scene_prism1_tp0d0107p0d0203p0d0035_in0d0017n0d0210p0d0076_mn0d0006p0d0043p0d0000.xml,prism_y0d0250,True,0.03,1.0,1.0,1.0,0.8984327439202908,0.049153091180997484,2.0,0.011553055537296205,10.658795575600193,0.010680652573989403,0.02028025196755389,0.0034878590242971314,-0.001651941370340004,-0.021006328028755378,0.007617746444018626,-0.0006043381044495855,0.004307480844639333,0.0,"[0.17662273551559396, 1.8739684039884141, -0.7805519000249005, -0.08350843124224389, 1.5088519528671127, 1.1033427270019756, -0.08091088694001468, 1.4300866302414768, 1.025778669031499]"
prism1,280,/home/humanoid/Programs/hand/results/phase1/run_20260413_pollard_multiscene_500_cem/prism1/generated_mjcf/scene_prism1_tn0d0078p0d0260p0d0040_ip0d0170n0d0060p0d0000_mp0d0039p0d0256p0d0009.xml,prism_y0d0250,True,0.03,1.0,1.0,1.0,2.893513758969617,0.04934634121705572,3.0,0.009393171608607165,0.09881226940079428,-0.007815997886244007,0.026014632824952713,0.003963593641860802,0.01697867174625963,-0.006016436256747587,0.0,0.0039335958645995905,0.025588962022507003,0.0008507281091946969,"[0.17662273551559396, 1.8739684039884141, -0.7805519000249005, -0.08350843124224389, 1.5088519528671127, 1.1033427270019756, -0.08091088694001468, 1.4300866302414768, 1.025778669031499]"
prism1,281,/home/humanoid/Programs/hand/results/phase1/run_20260413_pollard_multiscene_500_cem/prism1/generated_mjcf/scene_prism1_tp0d0049p0d0300p0d0102_ip0d0202n0d0145p0d0009_mn0d0004p0d0044p0d0008.xml,prism_y0d0250,True,0.03,1.0,1.0,1.0,2.648610753987271,0.05353630855019853,2.0,0.009510996723865258,0.04092034547964634,0.0048956966144989775,0.03,0.01024569696703537,0.02024412345182712,-0.01445113637154469,0.0008572589896428326,-0.00038753717582618377,0.004445373004833839,0.0008281454690186804,"[0.17662273551559396, 1.8739684039884141, -0.7805519000249005, -0.08350843124224389, 1.5088519528671127, 1.1033427270019756, -0.08091088694001468, 1.4300866302414768, 1.025778669031499]"
prism1,282,/home/humanoid/Programs/hand/results/phase1/run_20260413_pollard_multiscene_500_cem/prism1/generated_mjcf/scene_prism1_tn0d0065p0d0165p0d0000_ip0d0092n0d0020p0d0000_mn0d0000p0d0262p0d0033.xml,prism_y0d0250,True,0.03,1.0,1.0,1.0,2.846233517630424,0.048448084817605305,3.0,0.009345774705082266,0.20505267717064715,-0.0064790503642382325,0.016456295363345405,0.0,0.009204583455362582,-0.0020444669577706093,0.0,-4.283315304138592e-05,0.02617827396598007,0.003291006560961051,"[0.17662273551559396, 1.8739684039884141, -0.7805519000249005, -0.08350843124224389, 1.5088519528671127, 1.1033427270019756, -0.08091088694001468, 1.4300866302414768, 1.025778669031499]"
prism1,283,/home/humanoid/Programs/hand/results/phase1/run_20260413_pollard_multiscene_500_cem/prism1/generated_mjcf/scene_prism1_tn0d0031p0d0201p0d0000_ip0d0055n0d0234p0d0000_mp0d0094p0d0053p0d0000.xml,prism_y0d0250,True,0.03,1.0,1.0,1.0,1.0653137742477947,0.04754116053744137,2.0,0.013447428632509903,9.144879915317555,-0.0031127119824599214,0.02006981702162479,0.0,0.005466174877173833,-0.02337288165376357,0.0,0.009384004791361464,0.005280066378183639,0.0,"[0.17662273551559396, 1.8739684039884141, -0.7805519000249005, -0.08350843124224389, 1.5088519528671127, 1.1033427270019756, -0.08091088694001468, 1.4300866302414768, 1.025778669031499]"
prism1,284,/home/humanoid/Programs/hand/results/phase1/run_20260413_pollard_multiscene_500_cem/prism1/generated_mjcf/scene_prism1_tp0d0022p0d0287p0d0000_ip0d0067n0d0176p0d0000_mp0d0210p0d0137p0d0074.xml,prism_y0d0250,True,0.03,1.0,1.0,1.0,1.046553177740726,0.04319845152321872,2.0,0.016747694006415275,8.212648250393991,0.002212310947044818,0.02869211517064582,0.0,0.006708244949966628,-0.01764560311344707,0.0,0.021043563899319072,0.01369403107788724,0.007426207120405568,"[0.17662273551559396, 1.8739684039884141, -0.7805519000249005, -0.08350843124224389, 1.5088519528671127, 1.1033427270019756, -0.08091088694001468, 1.4300866302414768, 1.025778669031499]"
prism1,285,/home/humanoid/Programs/hand/results/phase1/run_20260413_pollard_multiscene_500_cem/prism1/generated_mjcf/scene_prism1_tn0d0084p0d0191p0d0000_ip0d0129n0d0082p0d0000_mp0d0028p0d0260p0d0000.xml,prism_y0d0250,True,0.03,1.0,1.0,1.0,2.8980984454082876,0.04927052331914429,3.0,0.009266515700612724,0.05224559573691549,-0.008405726046085821,0.019073435037175346,0.0,0.012935896814125858,-0.00815431003527776,0.0,0.0027588733677943976,0.025973744589380045,0.0,"[0.17662273551559396, 1.8739684039884141, -0.7805519000249005, -0.08350843124224389, 1.5088519528671127, 1.1033427270019756, -0.08091088694001468, 1.4300866302414768, 1.025778669031499]"
prism1,286,/home/humanoid/Programs/hand/results/phase1/run_20260413_pollard_multiscene_500_cem/prism1/generated_mjcf/scene_prism1_tn0d0090p0d0210p0d0000_ip0d0172n0d0077p0d0024_mn0d0016p0d0134p0d0013.xml,prism_y0d0250,True,0.03,1.0,1.0,1.0,2.932263371040353,0.05040491170656982,3.0,0.009634334686369333,0.0842657954456815,-0.009001236509937414,0.02100112448579263,0.0,0.01721810354913557,-0.0077228019599049815,0.0023983580415141703,-0.0016289059240286,0.013441268146257172,0.0012518988941378137,"[0.17662273551559396, 1.8739684039884141, -0.7805519000249005, -0.08350843124224389, 1.5088519528671127, 1.1033427270019756, -0.08091088694001468, 1.4300866302414768, 1.025778669031499]"
prism1,287,/home/humanoid/Programs/hand/results/phase1/run_20260413_pollard_multiscene_500_cem/prism1/generated_mjcf/scene_prism1_tp0d0063p0d0162p0d0105_ip0d0087n0d0222p0d0000_mp0d0182p0d0078p0d0000.xml,prism_y0d0250,True,0.03,1.0,1.0,1.0,2.50089551709328,0.04952422557691355,2.0,0.01409511144289627,0.02841436808601275,0.00633181775487205,0.016181871156262087,0.010455111243500573,0.008714684321061249,-0.022231677971918745,0.0,0.018187127618197026,0.007814269022686898,0.0,"[0.17662273551559396, 1.8739684039884141, -0.7805519000249005, -0.08350843124224389, 1.5088519528671127, 1.1033427270019756, -0.08091088694001468, 1.4300866302414768, 1.025778669031499]"
prism1,288,/home/humanoid/Programs/hand/results/phase1/run_20260413_pollard_multiscene_500_cem/prism1/generated_mjcf/scene_prism1_tp0d0115p0d0098p0d0000_ip0d0085n0d0127p0d0012_mp0d0144p0d0127p0d0000.xml,prism_y0d0250,True,0.03,1.0,1.0,1.0,2.4518731200641586,0.047925542631007526,2.0,0.010885433501177905,0.025000033458326253,0.011460868883163687,0.009762413078867424,0.0,0.008545145846799607,-0.012748572233989645,0.0011622812345442306,0.01444109386570142,0.01268352312304752,0.0,"[0.17662273551559396, 1.8739684039884141, -0.7805519000249005, -0.08350843124224389, 1.5088519528671127, 1.1033427270019756, -0.08091088694001468, 1.4300866302414768, 1.025778669031499]"
prism1,289,/home/humanoid/Programs/hand/results/phase1/run_20260413_pollard_multiscene_500_cem/prism1/generated_mjcf/scene_prism1_tn0d0039p0d0085p0d0000_ip0d0189n0d0223p0d0000_mp0d0199p0d0232p0d0057.xml,prism_y0d0250,True,0.03,1.0,1.0,1.0,2.1980574427662667,0.04901893395813717,2.0,0.01094492446818609,1.9714359788810816,-0.003870887941646299,0.008510068425696645,2.147707110125921e-05,0.01885922406736481,-0.022279129763833748,0.0,0.01991354447765125,0.02322728882972728,0.005719401483067134,"[0.17662273551559396, 1.8739684039884141, -0.7805519000249005, -0.08350843124224389, 1.5088519528671127, 1.1033427270019756, -0.08091088694001468, 1.4300866302414768, 1.025778669031499]"
prism1,290,/home/humanoid/Programs/hand/results/phase1/run_20260413_pollard_multiscene_500_cem/prism1/generated_mjcf/scene_prism1_tp0d0051p0d0082p0d0000_ip0d0193n0d0070p0d0000_mp0d0115p0d0182p0d0087.xml,prism_y0d0250,True,0.03,1.0,1.0,1.0,2.9227178425290257,0.049882210067573984,3.0,0.009140680140331642,0.032520997036003425,0.005055008645931079,0.008185205435119115,0.0,0.01934739605709703,-0.006966878221227218,0.0,0.011454308082746533,0.01816028704682608,0.00872756449685435,"[0.17662273551559396, 1.8739684039884141, -0.7805519000249005, -0.08350843124224389, 1.5088519528671127, 1.1033427270019756, -0.08091088694001468, 1.4300866302414768, 1.025778669031499]"
prism1,291,/home/humanoid/Programs/hand/results/phase1/run_20260413_pollard_multiscene_500_cem/prism1/generated_mjcf/scene_prism1_tp0d0012p0d0285p0d0057_ip0d0219n0d0161p0d0004_mp0d0131p0d0037p0d0009.xml,prism_y0d0250,True,0.03,1.0,1.0,1.0,0.6073921086299512,0.037612573160039846,2.0,0.012203888041915028,9.897601172584091,0.0011675607980005179,0.028504627364427576,0.005683773219259367,0.021921120502234,-0.0161110624862868,0.0003764815038989691,0.013144409882243904,0.003657131779178981,0.0009398724230132525,"[0.17662273551559396, 1.8739684039884141, -0.7805519000249005, -0.08350843124224389, 1.5088519528671127, 1.1033427270019756, -0.08091088694001468, 1.4300866302414768, 1.025778669031499]"
prism1,292,/home/humanoid/Programs/hand/results/phase1/run_20260413_pollard_multiscene_500_cem/prism1/generated_mjcf/scene_prism1_tn0d0007p0d0147p0d0028_ip0d0153n0d0082p0d0098_mp0d0092p0d0204p0d0000.xml,prism_y0d0250,True,0.03,1.0,1.0,1.0,2.923048857792257,0.049830186745224714,3.0,0.009242866572959136,0.016812967631266863,-0.0007184741400830547,0.01468910288390311,0.002774784877777955,0.015310920802742338,-0.008214660937163899,0.009752546374078058,0.009160696680455747,0.02038979583550536,0.0,"[0.17662273551559396, 1.8739684039884141, -0.7805519000249005, -0.08350843124224389, 1.5088519528671127, 1.1033427270019756, -0.08091088694001468, 1.4300866302414768, 1.025778669031499]"
prism1,293,/home/humanoid/Programs/hand/results/phase1/run_20260413_pollard_multiscene_500_cem/prism1/generated_mjcf/scene_prism1_tp0d0037p0d0112p0d0071_ip0d0175n0d0210p0d0102_mp0d0097p0d0252p0d0088.xml,prism_y0d0250,True,0.03,1.0,1.0,1.0,2.924643933240508,0.04986442475092581,3.0,0.009249494718003732,0.014079624039255565,0.0036691643059410285,0.011168031677914055,0.0071035064157143404,0.0174874152173558,-0.020957483863618308,0.010198679753684964,0.009739292327807252,0.02521756734457692,0.008761185573953705,"[0.17662273551559396, 1.8739684039884141, -0.7805519000249005, -0.08350843124224389, 1.5088519528671127, 1.1033427270019756, -0.08091088694001468, 1.4300866302414768, 1.025778669031499]"
prism1,294,/home/humanoid/Programs/hand/results/phase1/run_20260413_pollard_multiscene_500_cem/prism1/generated_mjcf/scene_prism1_tn0d0035p0d0255p0d0092_ip0d0220n0d0182p0d0069_mp0d0073p0d0049p0d0000.xml,prism_y0d0250,True,0.03,1.0,1.0,1.0,0.8652175677672871,0.03924423703120166,2.0,0.010475559265768604,8.582530731954893,-0.00351831237667977,0.025495617737661246,0.009156647508028078,0.021974611422218154,-0.01821873944673156,0.006935634176224802,0.007288732641296144,0.00493313314308352,0.0,"[0.17662273551559396, 1.8739684039884141, -0.7805519000249005, -0.08350843124224389, 1.5088519528671127, 1.1033427270019756, -0.08091088694001468, 1.4300866302414768, 1.025778669031499]"
prism1,295,/home/humanoid/Programs/hand/results/phase1/run_20260413_pollard_multiscene_500_cem/prism1/generated_mjcf/scene_prism1_tn0d0082p0d0253p0d0011_ip0d0016n0d0098p0d0000_mp0d0117p0d0116p0d0062.xml,prism_y0d0250,True,0.03,1.0,1.0,1.0,1.0730972890444739,0.036455469431046134,2.0,0.013926555844879715,6.4999401956825436,-0.008178759147431179,0.025331847446003544,0.001087236685787342,0.0016476684369086982,-0.009787920706200234,0.0,0.011729520074112366,0.011553854061680871,0.006205224653234687,"[0.17662273551559396, 1.8739684039884141, -0.7805519000249005, -0.08350843124224389, 1.5088519528671127, 1.1033427270019756, -0.08091088694001468, 1.4300866302414768, 1.025778669031499]"
prism1,296,/home/humanoid/Programs/hand/results/phase1/run_20260413_pollard_multiscene_500_cem/prism1/generated_mjcf/scene_prism1_tn0d0002p0d0278p0d0000_ip0d0077n0d0177p0d0046_mp0d0203p0d0050p0d0020.xml,prism_y0d0250,True,0.03,1.0,1.0,1.0,0.745312946284296,0.04011770928830265,2.0,0.017377815974092183,9.493674979054084,-0.00015416017301602032,0.027773560750257678,0.0,0.007718942933178331,-0.017747004977604473,0.004648640008873196,0.02026589269461712,0.0049933181981731065,0.0020139967953742392,"[0.17662273551559396, 1.8739684039884141, -0.7805519000249005, -0.08350843124224389, 1.5088519528671127, 1.1033427270019756, -0.08091088694001468, 1.4300866302414768, 1.025778669031499]"
prism1,297,/home/humanoid/Programs/hand/results/phase1/run_20260413_pollard_multiscene_500_cem/prism1/generated_mjcf/scene_prism1_tp0d0008p0d0282p0d0000_ip0d0131n0d0171p0d0028_mp0d0177p0d0061p0d0041.xml,prism_y0d0250,True,0.03,1.0,1.0,1.0,0.9075678146418749,0.04117990216100367,2.0,0.015346006517478182,8.686911653055317,0.000815779144444511,0.028211465826351836,0.0,0.013139347840734162,-0.01714673167083658,0.002803141927126355,0.0176961014806665,0.00614913157120987,0.0041202523988489136,"[0.17662273551559396, 1.8739684039884141, -0.7805519000249005, -0.08350843124224389, 1.5088519528671127, 1.1033427270019756, -0.08091088694001468, 1.4300866302414768, 1.025778669031499]"
prism1,298,/home/humanoid/Programs/hand/results/phase1/run_20260413_pollard_multiscene_500_cem/prism1/generated_mjcf/scene_prism1_tn0d0092p0d0267p0d0005_ip0d0126n0d0147p0d0000_mp0d0023p0d0230p0d0000.xml,prism_y0d0250,True,0.03,1.0,1.0,1.0,3.004707776366106,0.052652346050473454,3.0,0.009448905169144303,0.12817683374784283,-0.009185210927350775,0.0267390675875718,0.0005237638250960661,0.012588960759808959,-0.014729614321042037,0.0,0.0022573238581196304,0.022973699460279016,0.0,"[0.17662273551559396, 1.8739684039884141, -0.7805519000249005, -0.08350843124224389, 1.5088519528671127, 1.1033427270019756, -0.08091088694001468, 1.4300866302414768, 1.025778669031499]"
prism1,299,/home/humanoid/Programs/hand/results/phase1/run_20260413_pollard_multiscene_500_cem/prism1/generated_mjcf/scene_prism1_tp0d0025p0d0244p0d0000_ip0d0009n0d0205p0d0000_mp0d0095p0d0115p0d0000.xml,prism_y0d0250,True,0.03,1.0,1.0,1.0,0.8155916361998696,0.04749935533622553,2.0,0.013752626696790818,10.795870314496282,0.0024576653184970546,0.02444624310989508,0.0,0.0008936360140304918,-0.02048514239956397,0.0,0.009460658705404006,0.011545983898964985,0.0,"[0.17662273551559396, 1.8739684039884141, -0.7805519000249005, -0.08350843124224389, 1.5088519528671127, 1.1033427270019756, -0.08091088694001468, 1.4300866302414768, 1.025778669031499]"
prism1,300,/home/humanoid/Programs/hand/results/phase1/run_20260413_pollard_multiscene_500_cem/prism1/generated_mjcf/scene_prism1_tp0d0094p0d0142p0d0000_ip0d0056n0d0181p0d0000_mp0d0037p0d0114p0d0014.xml,prism_y0d0250,True,0.03,1.0,1.0,1.0,2.917404178987949,0.04978797749385934,3.0,0.008766555066560452,0.050946154426715365,0.009431031573822978,0.014164555004429542,0.0,0.00556078548670369,-0.018113495420479627,0.0,0.0036790674553866948,0.011413671818710076,0.0013515823514384066,"[0.17662273551559396, 1.8739684039884141, -0.7805519000249005, -0.08350843124224389, 1.5088519528671127, 1.1033427270019756, -0.08091088694001468, 1.4300866302414768, 1.025778669031499]"
prism1,301,/home/humanoid/Programs/hand/results/phase1/run_20260413_pollard_multiscene_500_cem/prism1/generated_mjcf/scene_prism1_tn0d0104p0d0096p0d0000_ip0d0086n0d0117p0d0000_mn0d0013p0d0246p0d0000.xml,prism_y0d0250,True,0.03,1.0,1.0,1.0,2.9187192645013553,0.04975489924659572,3.0,0.00920202705644336,0.02865436677738934,-0.010382832062159196,0.009638444673624548,0.0,0.008577721457837703,-0.011651469081633956,0.0,-0.0013082337057049656,0.024552623259387223,0.0,"[0.17662273551559396, 1.8739684039884141, -0.7805519000249005, -0.08350843124224389, 1.5088519528671127, 1.1033427270019756, -0.08091088694001468, 1.4300866302414768, 1.025778669031499]"
prism1,302,/home/humanoid/Programs/hand/results/phase1/run_20260413_pollard_multiscene_500_cem/prism1/generated_mjcf/scene_prism1_tp0d0000p0d0103p0d0000_ip0d0142n0d0186p0d0027_mp0d0106p0d0161p0d0096.xml,prism_y0d0250,True,0.03,1.0,1.0,1.0,2.9252790590879307,0.04987649604066846,3.0,0.009260677085951,0.012512987757091875,1.52762690730536e-05,0.010318728597676494,0.0,0.014179465942471577,-0.018579129172113917,0.0026778249323777814,0.010603298595188203,0.01606071650706425,0.009598355773355983,"[0.17662273551559396, 1.8739684039884141, -0.7805519000249005, -0.08350843124224389, 1.5088519528671127, 1.1033427270019756, -0.08091088694001468, 1.4300866302414768, 1.025778669031499]"
prism1,303,/home/humanoid/Programs/hand/results/phase1/run_20260413_pollard_multiscene_500_cem/prism1/generated_mjcf/scene_prism1_tn0d0006p0d0299p0d0024_ip0d0158n0d0130p0d0032_mp0d0196p0d0175p0d0047.xml,prism_y0d0250,True,0.03,1.0,1.0,1.0,0.6996401373294743,0.03672941606099655,2.0,0.014179372382958064,9.050204533596592,-0.0006492769847098907,0.02993058211149897,0.0024320889008549503,0.015814892357657186,-0.012996192315159852,0.0032236038815142646,0.01957732412686703,0.017459229331558596,0.004744712311283861,"[0.17662273551559396, 1.8739684039884141, -0.7805519000249005, -0.08350843124224389, 1.5088519528671127, 1.1033427270019756, -0.08091088694001468, 1.4300866302414768, 1.025778669031499]"
prism1,304,/home/humanoid/Programs/hand/results/phase1/run_20260413_pollard_multiscene_500_cem/prism1/generated_mjcf/scene_prism1_tn0d0073p0d0099p0d0109_ip0d0024n0d0168p0d0000_mp0d0176p0d0104p0d0000.xml,prism_y0d0250,True,0.03,1.0,1.0,1.0,1.1319759596711598,0.04584909030394979,2.0,0.014001552597398876,8.298260638481903,-0.007345071008401084,0.009886281658711714,0.010869095264022344,0.0023958161156247305,-0.016778462015203797,0.0,0.017608854890141502,0.010419729150589387,0.0,"[0.17662273551559396, 1.8739684039884141, -0.7805519000249005, -0.08350843124224389, 1.5088519528671127, 1.1033427270019756, -0.08091088694001468, 1.4300866302414768, 1.025778669031499]"
prism1,305,/home/humanoid/Programs/hand/results/phase1/run_20260413_pollard_multiscene_500_cem/prism1/generated_mjcf/scene_prism1_tn0d0017p0d0278p0d0000_ip0d0108n0d0074p0d0000_mp0d0189p0d0124p0d0050.xml,prism_y0d0250,True,0.03,1.0,1.0,1.0,0.8946525720564531,0.03680296715726113,2.0,0.01367658217226149,7.773987427354422,-0.0017408261094735249,0.02780418736313567,0.0,0.010806585740967002,-0.007403030916256078,0.0,0.018940815263508597,0.012449759166334423,0.004967160545407856,"[0.17662273551559396, 1.8739684039884141, -0.7805519000249005, -0.08350843124224389, 1.5088519528671127, 1.1033427270019756, -0.08091088694001468, 1.4300866302414768, 1.025778669031499]"
prism1,306,/home/humanoid/Programs/hand/results/phase1/run_20260413_pollard_multiscene_500_cem/prism1/generated_mjcf/scene_prism1_tn0d0079p0d0113p0d0032_ip0d0083n0d0113p0d0028_mp0d0048p0d0150p0d0082.xml,prism_y0d0250,True,0.03,1.0,1.0,1.0,2.913749299923119,0.04959591463342049,3.0,0.009282843782246896,0.023613497880693904,-0.007949520028345206,0.011271730882256381,0.0032166078755245537,0.008321369537602857,-0.011341325591897251,0.002798662953598284,0.004750780215009746,0.015028930993629836,0.008184510983442563,"[0.17662273551559396, 1.8739684039884141, -0.7805519000249005, -0.08350843124224389, 1.5088519528671127, 1.1033427270019756, -0.08091088694001468, 1.4300866302414768, 1.025778669031499]"
prism1,308,/home/humanoid/Programs/hand/results/phase1/run_20260413_pollard_multiscene_500_cem/prism1/generated_mjcf/scene_prism1_tp0d0080p0d0099p0d0100_ip0d0083n0d0124p0d0000_mp0d0204p0d0081p0d0067.xml,prism_y0d0250,True,0.03,1.0,1.0,1.0,1.8993980731054894,0.048529093572010164,2.0,0.011607265594280469,3.8393711381753697,0.008045744352287637,0.009924409482811916,0.010004463148808145,0.008321769141601697,-0.012432880866341435,0.0,0.020448835772659782,0.008050915200431705,0.006698114743253256,"[0.17662273551559396, 1.8739684039884141, -0.7805519000249005, -0.08350843124224389, 1.5088519528671127, 1.1033427270019756, -0.08091088694001468, 1.4300866302414768, 1.025778669031499]"
prism1,309,/home/humanoid/Programs/hand/results/phase1/run_20260413_pollard_multiscene_500_cem/prism1/generated_mjcf/scene_prism1_tp0d0006p0d0156p0d0043_ip0d0170n0d0032p0d0000_mn0d0016p0d0098p0d0000.xml,prism_y0d0250,True,0.03,1.0,1.0,1.0,2.9004310606637187,0.04921650762843374,3.0,0.009404604779966862,0.02224997847686106,0.0006324874825023377,0.015565669750556,0.004280500788737374,0.01702967036535663,-0.003212690244973523,0.0,-0.0015568809700233412,0.009816366677282138,0.0,"[0.17662273551559396, 1.8739684039884141, -0.7805519000249005, -0.08350843124224389, 1.5088519528671127, 1.1033427270019756, -0.08091088694001468, 1.4300866302414768, 1.025778669031499]"
prism1,310,/home/humanoid/Programs/hand/results/phase1/run_20260413_pollard_multiscene_500_cem/prism1/generated_mjcf/scene_prism1_tn0d0056p0d0125p0d0000_ip0d0155n0d0157p0d0021_mp0d0112p0d0229p0d0040.xml,prism_y0d0250,True,0.03,1.0,1.0,1.0,2.915215898101943,0.04970661719672293,3.0,0.009377091034004767,0.03841014476900439,-0.005563163096960496,0.012532759528698492,0.0,0.015543933693043676,-0.01568055041769157,0.002085027202804091,0.011231695665054458,0.022883577377717644,0.003994476460303192,"[0.17662273551559396, 1.8739684039884141, -0.7805519000249005, -0.08350843124224389, 1.5088519528671127, 1.1033427270019756, -0.08091088694001468, 1.4300866302414768, 1.025778669031499]"
prism1,311,/home/humanoid/Programs/hand/results/phase1/run_20260413_pollard_multiscene_500_cem/prism1/generated_mjcf/scene_prism1_tp0d0077p0d0213p0d0000_ip0d0067n0d0177p0d0000_mp0d0136p0d0232p0d0066.xml,prism_y0d0250,True,0.03,1.0,1.0,1.0,1.3201077941055668,0.048386193637574654,2.0,0.011059067233844292,7.675272324945717,0.007722806132150154,0.0212672107537325,0.0,0.006708439125286188,-0.01768278883160991,0.0,0.013597774653776856,0.02318175674415248,0.006585795630331487,"[0.17662273551559396, 1.8739684039884141, -0.7805519000249005, -0.08350843124224389, 1.5088519528671127, 1.1033427270019756, -0.08091088694001468, 1.4300866302414768, 1.025778669031499]"
prism1,312,/home/humanoid/Programs/hand/results/phase1/run_20260413_pollard_multiscene_500_cem/prism1/generated_mjcf/scene_prism1_tn0d0047p0d0189p0d0000_ip0d0068n0d0135p0d0117_mn0d0001p0d0131p0d0100.xml,prism_y0d0250,True,0.03,1.0,1.0,1.0,2.9097202625370535,0.04949484974321204,3.0,0.009260876138900606,0.02718484131710964,-0.004651619836714396,0.01889458981639476,0.0,0.006801718080759659,-0.013513747501689115,0.011741231741499061,-6.2609699756749e-05,0.013108661014776889,0.009980013606161506,"[0.17662273551559396, 1.8739684039884141, -0.7805519000249005, -0.08350843124224389, 1.5088519528671127, 1.1033427270019756, -0.08091088694001468, 1.4300866302414768, 1.025778669031499]"
prism1,313,/home/humanoid/Programs/hand/results/phase1/run_20260413_pollard_multiscene_500_cem/prism1/generated_mjcf/scene_prism1_tp0d0019p0d0166p0d0062_ip0d0215n0d0063p0d0099_mp0d0115p0d0105p0d0000.xml,prism_y0d0250,True,0.03,1.0,1.0,1.0,2.8527570201011847,0.04974014329570613,3.0,0.009319689343848346,0.4633907770722238,0.00188150996737463,0.016611986811592466,0.006167499459807459,0.021545797553132913,-0.0062979771976450025,0.009870655241977857,0.011538791927578068,0.010523092295829746,0.0,"[0.17662273551559396, 1.8739684039884141, -0.7805519000249005, -0.08350843124224389, 1.5088519528671127, 1.1033427270019756, -0.08091088694001468, 1.4300866302414768, 1.025778669031499]"
prism1,314,/home/humanoid/Programs/hand/results/phase1/run_20260413_pollard_multiscene_500_cem/prism1/generated_mjcf/scene_prism1_tp0d0106p0d0127p0d0071_ip0d0123n0d0145p0d0000_mn0d0016p0d0250p0d0015.xml,prism_y0d0250,True,0.03,1.0,1.0,1.0,2.924330656322834,0.04978048195229441,3.0,0.008839167541830575,0.002052512825392521,0.010622972902620723,0.012664110679653057,0.0070910251678643135,0.01225325458228169,-0.014536863541682501,0.0,-0.0016097669568859666,0.025039082473460206,0.001512354160861356,"[0.17662273551559396, 1.8739684039884141, -0.7805519000249005, -0.08350843124224389, 1.5088519528671127, 1.1033427270019756, -0.08091088694001468, 1.4300866302414768, 1.025778669031499]"
prism1,315,/home/humanoid/Programs/hand/results/phase1/run_20260413_pollard_multiscene_500_cem/prism1/generated_mjcf/scene_prism1_tp0d0064p0d0238p0d0094_ip0d0005n0d0077p0d0049_mp0d0093p0d0079p0d0000.xml,prism_y0d0250,True,0.03,1.0,1.0,1.0,1.3038494976625672,0.037775446904671106,2.0,0.011022113045863287,5.3083127860612995,0.0064418262025862545,0.02382512857639519,0.00940930945286447,0.00048046698538742154,-0.007686655858078829,0.0048819928150873465,0.009300887477728203,0.007930482920113783,0.0,"[0.17662273551559396, 1.8739684039884141, -0.7805519000249005, -0.08350843124224389, 1.5088519528671127, 1.1033427270019756, -0.08091088694001468, 1.4300866302414768, 1.025778669031499]"
prism1,316,/home/humanoid/Programs/hand/results/phase1/run_20260413_pollard_multiscene_500_cem/prism1/generated_mjcf/scene_prism1_tn0d0115p0d0253p0d0117_ip0d0184n0d0124p0d0051_mp0d0057p0d0116p0d0000.xml,prism_y0d0250,True,0.03,1.0,1.0,1.0,0.9699310421933944,0.03669694053925783,2.0,0.010515792004700474,7.289535284474859,-0.01153915658107725,0.02525757396028391,0.011696646168133377,0.01838982063075531,-0.012416862666044394,0.0051363310784403,0.005702156030744071,0.011579754501194703,0.0,"[0.17662273551559396, 1.8739684039884141, -0.7805519000249005, -0.08350843124224389, 1.5088519528671127, 1.1033427270019756, -0.08091088694001468, 1.4300866302414768, 1.025778669031499]"
prism1,317,/home/humanoid/Programs/hand/results/phase1/run_20260413_pollard_multiscene_500_cem/prism1/generated_mjcf/scene_prism1_tp0d0067p0d0165p0d0025_ip0d0171n0d0020p0d0048_mp0d0109p0d0229p0d0000.xml,prism_y0d0250,True,0.03,1.0,1.0,1.0,2.9244465653092124,0.049841509437914766,3.0,0.009089393156401811,0.012183191366672447,0.00669673489646572,0.016497317630039653,0.002456004933970593,0.017054913832154163,-0.00197590730264491,0.004771513838172623,0.01091378149096391,0.022875321539631142,0.0,"[0.17662273551559396, 1.8739684039884141, -0.7805519000249005, -0.08350843124224389, 1.5088519528671127, 1.1033427270019756, -0.08091088694001468, 1.4300866302414768, 1.025778669031499]"
prism1,318,/home/humanoid/Programs/hand/results/phase1/run_20260413_pollard_multiscene_500_cem/prism1/generated_mjcf/scene_prism1_tn0d0008p0d0285p0d0000_ip0d0181n0d0055p0d0113_mp0d0049p0d0175p0d0094.xml,prism_y0d0250,True,0.03,1.0,1.0,1.0,2.7439671260468823,0.0449235658693225,3.0,0.009339047022683185,0.06453056889359196,-0.0007991071536155043,0.028521730512058856,0.0,0.018104248858999188,-0.0055495038070125634,0.011304519771684587,0.004939634569660372,0.01750550322546427,0.00944290843747896,"[0.17662273551559396, 1.8739684039884141, -0.7805519000249005, -0.08350843124224389, 1.5088519528671127, 1.1033427270019756, -0.08091088694001468, 1.4300866302414768, 1.025778669031499]"
prism1,319,/home/humanoid/Programs/hand/results/phase1/run_20260413_pollard_multiscene_500_cem/prism1/generated_mjcf/scene_prism1_tn0d0114p0d0278p0d0076_ip0d0136n0d0104p0d0110_mp0d0075p0d0127p0d0000.xml,prism_y0d0250,True,0.03,1.0,1.0,1.0,1.3098548680341575,0.03516732133688818,2.0,0.011573224548337693,4.652366197735024,-0.011445896831030486,0.027757158118331206,0.007576657359126732,0.013615579827387526,-0.010422462196609672,0.010966467574557982,0.007487582063668523,0.012685536033825195,0.0,"[0.17662273551559396, 1.8739684039884141, -0.7805519000249005, -0.08350843124224389, 1.5088519528671127, 1.1033427270019756, -0.08091088694001468, 1.4300866302414768, 1.025778669031499]"
prism1,320,/home/humanoid/Programs/hand/results/phase1/run_20260413_pollard_multiscene_500_cem/prism1/generated_mjcf/scene_prism1_tp0d0001p0d0249p0d0000_ip0d0084n0d0198p0d0012_mp0d0031p0d0182p0d0115.xml,prism_y0d0250,True,0.03,1.0,1.0,1.0,0.7867991654103419,0.04596131549808305,2.0,0.010185167430655123,10.676510281075032,8.954728212805067e-05,0.024914219423403595,0.0,0.008395253473563848,-0.019782085431134792,0.001188773655904564,0.003118490355633805,0.01823278586840313,0.011516234631798659,"[0.17662273551559396, 1.8739684039884141, -0.7805519000249005, -0.08350843124224389, 1.5088519528671127, 1.1033427270019756, -0.08091088694001468, 1.4300866302414768, 1.025778669031499]"
prism1,321,/home/humanoid/Programs/hand/results/phase1/run_20260413_pollard_multiscene_500_cem/prism1/generated_mjcf/scene_prism1_tn0d0013p0d0117p0d0118_ip0d0074n0d0123p0d0090_mp0d0150p0d0145p0d0087.xml,prism_y0d0250,True,0.03,1.0,1.0,1.0,1.3628107429486247,0.04000233274880241,2.0,0.010869651936374708,5.436877329244735,-0.001308658303988297,0.011653899807619073,0.011821212937761724,0.007362602192389317,-0.012304450227773395,0.008964639002801485,0.015002142222784778,0.014468169728742031,0.008710735090992145,"[0.17662273551559396, 1.8739684039884141, -0.7805519000249005, -0.08350843124224389, 1.5088519528671127, 1.1033427270019756, -0.08091088694001468, 1.4300866302414768, 1.025778669031499]"
prism1,322,/home/humanoid/Programs/hand/results/phase1/run_20260413_pollard_multiscene_500_cem/prism1/generated_mjcf/scene_prism1_tn0d0060p0d0124p0d0036_ip0d0072n0d0115p0d0060_mp0d0093p0d0259p0d0000.xml,prism_y0d0250,True,0.03,1.0,1.0,1.0,2.8940977298651673,0.049348901006796564,3.0,0.009337274408914431,0.09626171036589366,-0.006037883019561673,0.012360607789034299,0.003646154238670103,0.007169802234934061,-0.011463664595349612,0.0060301678899676615,0.009329889980337522,0.025854569144246775,0.0,"[0.17662273551559396, 1.8739684039884141, -0.7805519000249005, -0.08350843124224389, 1.5088519528671127, 1.1033427270019756, -0.08091088694001468, 1.4300866302414768, 1.025778669031499]"
prism1,323,/home/humanoid/Programs/hand/results/phase1/run_20260413_pollard_multiscene_500_cem/prism1/generated_mjcf/scene_prism1_tp0d0081p0d0269p0d0000_ip0d0112n0d0055p0d0000_mp0d0096p0d0212p0d0087.xml,prism_y0d0250,True,0.03,1.0,1.0,1.0,2.8795007140951,0.04872909117311007,3.0,0.009002726378760288,0.053413494708215034,0.00813622723758739,0.02693502410071081,0.0,0.01122972183519072,-0.005485220463176647,0.0,0.009644899104903461,0.021191839480777783,0.008677349853667724,"[0.17662273551559396, 1.8739684039884141, -0.7805519000249005, -0.08350843124224389, 1.5088519528671127, 1.1033427270019756, -0.08091088694001468, 1.4300866302414768, 1.025778669031499]"
prism1,324,/home/humanoid/Programs/hand/results/phase1/run_20260413_pollard_multiscene_500_cem/prism1/generated_mjcf/scene_prism1_tn0d0026p0d0281p0d0075_ip0d0008n0d0082p0d0078_mp0d0181p0d0133p0d0000.xml,prism_y0d0250,True,0.03,1.0,1.0,1.0,2.0661803875015385,0.03714031240474871,2.0,0.01639806467847757,0.006229448718073969,-0.0025535037194383426,0.028090796303613122,0.007496013422198744,0.0008469494520518955,-0.008247890943094081,0.007770600095958501,0.018089058927950784,0.013335725450952287,0.0,"[0.17662273551559396, 1.8739684039884141, -0.7805519000249005, -0.08350843124224389, 1.5088519528671127, 1.1033427270019756, -0.08091088694001468, 1.4300866302414768, 1.025778669031499]"
prism1,325,/home/humanoid/Programs/hand/results/phase1/run_20260413_pollard_multiscene_500_cem/prism1/generated_mjcf/scene_prism1_tn0d0079p0d0285p0d0000_ip0d0173n0d0097p0d0000_mp0d0081p0d0227p0d0089.xml,prism_y0d0250,True,0.03,1.0,1.0,1.0,1.2996094769285855,0.05418649807265674,2.0,0.009729996261226394,9.18305308727965,-0.007900998183171592,0.028461975548615688,0.0,0.0173396267945565,-0.009702377578495812,0.0,0.008072663714616258,0.022662028751065037,0.00888291847390046,"[0.17662273551559396, 1.8739684039884141, -0.7805519000249005, -0.08350843124224389, 1.5088519528671127, 1.1033427270019756, -0.08091088694001468, 1.4300866302414768, 1.025778669031499]"
prism1,326,/home/humanoid/Programs/hand/results/phase1/run_20260413_pollard_multiscene_500_cem/prism1/generated_mjcf/scene_prism1_tn0d0035p0d0267p0d0000_ip0d0107n0d0210p0d0111_mp0d0148p0d0118p0d0111.xml,prism_y0d0250,True,0.03,1.0,1.0,1.0,0.7032291382143068,0.03977934753284334,2.0,0.014811044887564975,9.729506237733865,-0.003533623127589605,0.026731347887872518,0.0,0.010690380991547288,-0.020978203527313694,0.011098976169596233,0.014760888567753044,0.011807899356923335,0.011073309227867714,"[0.17662273551559396, 1.8739684039884141, -0.7805519000249005, -0.08350843124224389, 1.5088519528671127, 1.1033427270019756, -0.08091088694001468, 1.4300866302414768, 1.025778669031499]"
prism1,327,/home/humanoid/Programs/hand/results/phase1/run_20260413_pollard_multiscene_500_cem/prism1/generated_mjcf/scene_prism1_tn0d0096p0d0188p0d0000_ip0d0218n0d0222p0d0007_mp0d0033p0d0200p0d0000.xml,prism_y0d0250,True,0.03,1.0,1.0,1.0,2.899024715156178,0.04911992032125945,3.0,0.009484724396716486,0.008020315296465288,-0.009595366623260122,0.01878011746178313,0.0,0.021818345211544216,-0.022176840567284622,0.0006623215727734454,0.003348031358619709,0.0199913049273912,0.0,"[0.17662273551559396, 1.8739684039884141, -0.7805519000249005, -0.08350843124224389, 1.5088519528671127, 1.1033427270019756, -0.08091088694001468, 1.4300866302414768, 1.025778669031499]"
prism1,328,/home/humanoid/Programs/hand/results/phase1/run_20260413_pollard_multiscene_500_cem/prism1/generated_mjcf/scene_prism1_tp0d0085p0d0252p0d0063_ip0d0056n0d0205p0d0000_mn0d0011p0d0091p0d0027.xml,prism_y0d0250,True,0.03,1.0,1.0,1.0,0.9518425209110077,0.04428752002418268,2.0,0.010871637904224638,9.176516027512912,0.008470483460705676,0.025186874191919954,0.00627082810878353,0.005553166882678232,-0.02054841864137812,0.0,-0.001101369602705099,0.009143494418454811,0.0027429297867117373,"[0.17662273551559396, 1.8739684039884141, -0.7805519000249005, -0.08350843124224389, 1.5088519528671127, 1.1033427270019756, -0.08091088694001468, 1.4300866302414768, 1.025778669031499]"
prism1,329,/home/humanoid/Programs/hand/results/phase1/run_20260413_pollard_multiscene_500_cem/prism1/generated_mjcf/scene_prism1_tn0d0072p0d0089p0d0015_ip0d0167n0d0198p0d0102_mp0d0062p0d0160p0d0032.xml,prism_y0d0250,True,0.03,1.0,1.0,1.0,2.900238843144303,0.04934574741388145,3.0,0.009354381022328712,0.054357028645937125,-0.0071564242006762905,0.00892790557378054,0.001520985217539749,0.016732199478996186,-0.019760480751055125,0.010155262375305212,0.0062015232466851675,0.01602870792153597,0.003191581378922779,"[0.17662273551559396, 1.8739684039884141, -0.7805519000249005, -0.08350843124224389, 1.5088519528671127, 1.1033427270019756, -0.08091088694001468, 1.4300866302414768, 1.025778669031499]"
prism1,330,/home/humanoid/Programs/hand/results/phase1/run_20260413_pollard_multiscene_500_cem/prism1/generated_mjcf/scene_prism1_tp0d0012p0d0220p0d0000_ip0d0100n0d0063p0d0000_mp0d0203p0d0048p0d0067.xml,prism_y0d0250,True,0.03,1.0,1.0,1.0,0.9021691423493534,0.038991336772341116,2.0,0.012378214004350246,8.251808111159237,0.0011619052935394787,0.02198154952224422,0.0,0.010006750836922313,-0.00630390758965616,0.0,0.020289449585461555,0.00482267330029755,0.0067198073775174595,"[0.17662273551559396, 1.8739684039884141, -0.7805519000249005, -0.08350843124224389, 1.5088519528671127, 1.1033427270019756, -0.08091088694001468, 1.4300866302414768, 1.025778669031499]"
prism1,331,/home/humanoid/Programs/hand/results/phase1/run_20260413_pollard_multiscene_500_cem/prism1/generated_mjcf/scene_prism1_tn0d0027p0d0150p0d0084_ip0d0177n0d0097p0d0000_mp0d0170p0d0069p0d0000.xml,prism_y0d0250,True,0.03,1.0,1.0,1.0,1.8335350602127156,0.04173289179029367,2.0,0.010597271950991543,2.706144056970533,-0.002713056137300246,0.015047473530995125,0.008388906810753879,0.017701611177966994,-0.009731410258570987,0.0,0.016950502084496825,0.006916460763485068,0.0,"[0.17662273551559396, 1.8739684039884141, -0.7805519000249005, -0.08350843124224389, 1.5088519528671127, 1.1033427270019756, -0.08091088694001468, 1.4300866302414768, 1.025778669031499]"
prism1,332,/home/humanoid/Programs/hand/results/phase1/run_20260413_pollard_multiscene_500_cem/prism1/generated_mjcf/scene_prism1_tn0d0019p0d0118p0d0000_ip0d0068n0d0209p0d0000_mp0d0212p0d0050p0d0000.xml,prism_y0d0250,True,0.03,1.0,1.0,1.0,2.2444656677726518,0.04959376080447224,2.0,0.013977265431956305,1.7557428634664258,-0.001889452119322092,0.01181647096069391,0.0,0.006823353134024076,-0.02085869245877052,0.0,0.02117244026049945,0.004950164100262918,0.0,"[0.17662273551559396, 1.8739684039884141, -0.7805519000249005, -0.08350843124224389, 1.5088519528671127, 1.1033427270019756, -0.08091088694001468, 1.4300866302414768, 1.025778669031499]"
prism1,333,/home/humanoid/Programs/hand/results/phase1/run_20260413_pollard_multiscene_500_cem/prism1/generated_mjcf/scene_prism1_tp0d0112p0d0300p0d0000_ip0d0005n0d0097p0d0000_mp0d0208p0d0064p0d0067.xml,prism_y0d0250,True,0.03,1.0,1.0,1.0,1.1311629467749063,0.04484027113626979,2.0,0.018033635311904866,8.014528482471514,0.011202755167296092,0.03,0.0,0.0004669455567414202,-0.009692153771668413,0.0,0.020849368803635138,0.006380048934200433,0.00667720340698667,"[0.17662273551559396, 1.8739684039884141, -0.7805519000249005, -0.08350843124224389, 1.5088519528671127, 1.1033427270019756, -0.08091088694001468, 1.4300866302414768, 1.025778669031499]"
prism1,334,/home/humanoid/Programs/hand/results/phase1/run_20260413_pollard_multiscene_500_cem/prism1/generated_mjcf/scene_prism1_tn0d0114p0d0130p0d0000_ip0d0019n0d0052p0d0000_mp0d0091p0d0064p0d0066.xml,prism_y0d0250,True,0.03,1.0,1.0,1.0,2.9801543294736437,0.05140539572588862,3.0,0.009332716311958507,0.002460588723606621,-0.01140397248650568,0.012983670777011624,0.0,0.0019462550481140154,-0.005220710672423688,0.0,0.009057911829031907,0.006404210442186477,0.006624372677912969,"[0.17662273551559396, 1.8739684039884141, -0.7805519000249005, -0.08350843124224389, 1.5088519528671127, 1.1033427270019756, -0.08091088694001468, 1.4300866302414768, 1.025778669031499]"
prism1,335,/home/humanoid/Programs/hand/results/phase1/run_20260413_pollard_multiscene_500_cem/prism1/generated_mjcf/scene_prism1_tp0d0041p0d0092p0d0000_ip0d0130n0d0142p0d0000_mp0d0131p0d0245p0d0000.xml,prism_y0d0250,True,0.03,1.0,1.0,1.0,2.9248644992909547,0.049870551915251124,3.0,0.009080805181839414,0.016288049194373336,0.004110510184092569,0.009176057139934891,0.0,0.012993713209620113,-0.014159849786857314,0.0,0.013111717987378804,0.02452268766556777,0.0,"[0.17662273551559396, 1.8739684039884141, -0.7805519000249005, -0.08350843124224389, 1.5088519528671127, 1.1033427270019756, -0.08091088694001468, 1.4300866302414768, 1.025778669031499]"
prism1,336,/home/humanoid/Programs/hand/results/phase1/run_20260413_pollard_multiscene_500_cem/prism1/generated_mjcf/scene_prism1_tn0d0066p0d0208p0d0023_ip0d0030n0d0067p0d0010_mp0d0138p0d0142p0d0000.xml,prism_y0d0250,True,0.03,1.0,1.0,1.0,1.2000326005803308,0.03773980599296775,2.0,0.011377522705227251,5.9873704250872395,-0.006642095641111072,0.02081411063117996,0.002308337593864543,0.0030298237844472537,-0.0067284737315375116,0.0010158043909346739,0.013761813687847584,0.014173649887952638,0.0,"[0.17662273551559396, 1.8739684039884141, -0.7805519000249005, -0.08350843124224389, 1.5088519528671127, 1.1033427270019756, -0.08091088694001468, 1.4300866302414768, 1.025778669031499]"
prism1,337,/home/humanoid/Programs/hand/results/phase1/run_20260413_pollard_multiscene_500_cem/prism1/generated_mjcf/scene_prism1_tn0d0070p0d0294p0d0000_ip0d0040n0d0156p0d0114_mp0d0112p0d0068p0d0081.xml,prism_y0d0250,True,0.03,1.0,1.0,1.0,1.7315884409700675,0.04033187254469775,2.0,0.016006010346505718,2.986767182675616,-0.006956747186821582,0.029398900065403025,0.0,0.003984885547102787,-0.015574913925978328,0.01135327078186936,0.0112451678372824,0.00680799543957882,0.00814876798180321,"[0.17662273551559396, 1.8739684039884141, -0.7805519000249005, -0.08350843124224389, 1.5088519528671127, 1.1033427270019756, -0.08091088694001468, 1.4300866302414768, 1.025778669031499]"
prism1,338,/home/humanoid/Programs/hand/results/phase1/run_20260413_pollard_multiscene_500_cem/prism1/generated_mjcf/scene_prism1_tn0d0050p0d0085p0d0056_ip0d0211n0d0028p0d0000_mp0d0091p0d0079p0d0000.xml,prism_y0d0250,True,0.03,1.0,1.0,1.0,0.8624290748482639,0.04743836043190798,2.0,0.010053452636843312,10.518710899965525,-0.005031818470075887,0.008502763393004273,0.00557479513561333,0.02107996123916827,-0.002824361587778884,0.0,0.009085392487968063,0.007881064450959579,0.0,"[0.17662273551559396, 1.8739684039884141, -0.7805519000249005, -0.08350843124224389, 1.5088519528671127, 1.1033427270019756, -0.08091088694001468, 1.4300866302414768, 1.025778669031499]"
prism1,339,/home/humanoid/Programs/hand/results/phase1/run_20260413_pollard_multiscene_500_cem/prism1/generated_mjcf/scene_prism1_tn0d0075p0d0268p0d0000_ip0d0212n0d0117p0d0017_mp0d0169p0d0196p0d0087.xml,prism_y0d0250,True,0.03,1.0,1.0,1.0,0.8267046137155181,0.03653391097989365,2.0,0.011823361435352226,8.188903651400368,-0.007505012447623186,0.026817010391516204,0.0,0.021180726780211788,-0.011701865470623995,0.0017297003294388935,0.01690814857663346,0.019635980232701793,0.008694664916698357,"[0.17662273551559396, 1.8739684039884141, -0.7805519000249005, -0.08350843124224389, 1.5088519528671127, 1.1033427270019756, -0.08091088694001468, 1.4300866302414768, 1.025778669031499]"
prism1,340,/home/humanoid/Programs/hand/results/phase1/run_20260413_pollard_multiscene_500_cem/prism1/generated_mjcf/scene_prism1_tn0d0089p0d0199p0d0011_ip0d0006n0d0067p0d0000_mp0d0129p0d0240p0d0050.xml,prism_y0d0250,True,0.03,1.0,1.0,1.0,2.0967512793276546,0.03802445436460691,2.0,0.01171602656567923,0.07115046868152745,-0.008943930668215156,0.019893443515087306,0.0011394523105425092,0.0006194110623995754,-0.0067171175287213895,0.0,0.0128836743692138,0.024020869251295048,0.005002433427568752,"[0.17662273551559396, 1.8739684039884141, -0.7805519000249005, -0.08350843124224389, 1.5088519528671127, 1.1033427270019756, -0.08091088694001468, 1.4300866302414768, 1.025778669031499]"
prism1,341,/home/humanoid/Programs/hand/results/phase1/run_20260413_pollard_multiscene_500_cem/prism1/generated_mjcf/scene_prism1_tp0d0065p0d0150p0d0000_ip0d0202n0d0150p0d0000_mp0d0011p0d0194p0d0000.xml,prism_y0d0250,True,0.03,1.0,1.0,1.0,2.928549144686614,0.04991616640052645,3.0,0.009009982061353262,0.003311434727369571,0.006507212909486602,0.015027581047463462,0.0,0.020156862280520417,-0.01496351955724431,0.0,0.0011219360405519772,0.01935862038652124,0.0,"[0.17662273551559396, 1.8739684039884141, -0.7805519000249005, -0.08350843124224389, 1.5088519528671127, 1.1033427270019756, -0.08091088694001468, 1.4300866302414768, 1.025778669031499]"
prism1,342,/home/humanoid/Programs/hand/results/phase1/run_20260413_pollard_multiscene_500_cem/prism1/generated_mjcf/scene_prism1_tn0d0081p0d0289p0d0000_ip0d0121n0d0179p0d0000_mp0d0200p0d0219p0d0064.xml,prism_y0d0250,True,0.03,1.0,1.0,1.0,0.9427250183685132,0.03892874421744136,2.0,0.015333552442258333,7.927426162382787,-0.008051427805028825,0.02886692052460529,0.0,0.012141767184511945,-0.01791190965341013,0.0,0.020017298166074934,0.021877670546203383,0.006426175172369965,"[0.17662273551559396, 1.8739684039884141, -0.7805519000249005, -0.08350843124224389, 1.5088519528671127, 1.1033427270019756, -0.08091088694001468, 1.4300866302414768, 1.025778669031499]"
prism1,343,/home/humanoid/Programs/hand/results/phase1/run_20260413_pollard_multiscene_500_cem/prism1/generated_mjcf/scene_prism1_tn0d0098p0d0106p0d0065_ip0d0095n0d0040p0d0000_mp0d0131p0d0097p0d0000.xml,prism_y0d0250,True,0.03,1.0,1.0,1.0,2.975783101071495,0.05131506637886147,3.0,0.009466174073797863,0.008745826940405977,-0.009778413672119911,0.010568644417599148,0.0065004416383117325,0.00948534701199422,-0.003980168261011845,0.0,0.013100657311756773,0.00972194969587966,0.0,"[0.17662273551559396, 1.8739684039884141, -0.7805519000249005, -0.08350843124224389, 1.5088519528671127, 1.1033427270019756, -0.08091088694001468, 1.4300866302414768, 1.025778669031499]"
prism1,344,/home/humanoid/Programs/hand/results/phase1/run_20260413_pollard_multiscene_500_cem/prism1/generated_mjcf/scene_prism1_tn0d0000p0d0122p0d0000_ip0d0065n0d0185p0d0062_mp0d0126p0d0137p0d0018.xml,prism_y0d0250,True,0.03,1.0,1.0,1.0,1.195068893101449,0.04845239590973463,2.0,0.009894457931408097,8.539840319176314,-4.1296306355530915e-05,0.012194623068909824,0.0,0.006539719483005546,-0.01852327542668413,0.0062211469891701315,0.012556622190267035,0.013698973120376162,0.0017805247967015853,"[0.17662273551559396, 1.8739684039884141, -0.7805519000249005, -0.08350843124224389, 1.5088519528671127, 1.1033427270019756, -0.08091088694001468, 1.4300866302414768, 1.025778669031499]"
prism1,345,/home/humanoid/Programs/hand/results/phase1/run_20260413_pollard_multiscene_500_cem/prism1/generated_mjcf/scene_prism1_tn0d0013p0d0160p0d0000_ip0d0148n0d0240p0d0000_mp0d0116p0d0102p0d0000.xml,prism_y0d0250,True,0.03,1.0,1.0,1.0,2.2577130604103246,0.049444014196717664,2.0,0.01057267717548379,1.6778805474921727,-0.0012615306168578533,0.015970756130802254,0.0,0.014786075546288061,-0.023980082850206946,0.0,0.01161430962842994,0.010241296432524284,0.0,"[0.17662273551559396, 1.8739684039884141, -0.7805519000249005, -0.08350843124224389, 1.5088519528671127, 1.1033427270019756, -0.08091088694001468, 1.4300866302414768, 1.025778669031499]"
prism1,346,/home/humanoid/Programs/hand/results/phase1/run_20260413_pollard_multiscene_500_cem/prism1/generated_mjcf/scene_prism1_tp0d0064p0d0300p0d0008_in0d0019n0d0099p0d0061_mp0d0024p0d0091p0d0000.xml,prism_y0d0250,True,0.03,1.0,1.0,1.0,1.0778218592350013,0.03859147774425316,2.0,0.012545464956837045,6.985259546001236,0.006448681972681412,0.03,0.0007681309943295394,-0.0019379944738693762,-0.00986630559882477,0.006140728887849618,0.0023524430594721963,0.009130049264678454,0.0,"[0.17662273551559396, 1.8739684039884141, -0.7805519000249005, -0.08350843124224389, 1.5088519528671127, 1.1033427270019756, -0.08091088694001468, 1.4300866302414768, 1.025778669031499]"
prism1,347,/home/humanoid/Programs/hand/results/phase1/run_20260413_pollard_multiscene_500_cem/prism1/generated_mjcf/scene_prism1_tp0d0068p0d0300p0d0073_ip0d0072n0d0056p0d0011_mp0d0078p0d0143p0d0000.xml,prism_y0d0250,True,0.03,1.0,1.0,1.0,1.2076654089103598,0.036405321278423594,2.0,0.010608409601254353,5.635360110879714,0.0068204408858062796,0.03,0.007260725067047551,0.007212293445335222,-0.005553531717368195,0.0010993236469706603,0.007833087650129099,0.014253336241066424,0.0,"[0.17662273551559396, 1.8739684039884141, -0.7805519000249005, -0.08350843124224389, 1.5088519528671127, 1.1033427270019756, -0.08091088694001468, 1.4300866302414768, 1.025778669031499]"
prism1,348,/home/humanoid/Programs/hand/results/phase1/run_20260413_pollard_multiscene_500_cem/prism1/generated_mjcf/scene_prism1_tp0d0113p0d0278p0d0000_ip0d0135n0d0218p0d0000_mp0d0015p0d0170p0d0000.xml,prism_y0d0250,True,0.03,1.0,1.0,1.0,2.928307378772698,0.04992783975879084,3.0,0.009115365999066061,0.006241871912331917,0.011322535224134667,0.027764327805852942,0.0,0.013477941205283455,-0.021774686806814398,0.0,0.0015174161105352604,0.01698721858932449,0.0,"[0.17662273551559396, 1.8739684039884141, -0.7805519000249005, -0.08350843124224389, 1.5088519528671127, 1.1033427270019756, -0.08091088694001468, 1.4300866302414768, 1.025778669031499]"
prism1,349,/home/humanoid/Programs/hand/results/phase1/run_20260413_pollard_multiscene_500_cem/prism1/generated_mjcf/scene_prism1_tp0d0081p0d0226p0d0085_ip0d0211n0d0216p0d0000_mp0d0076p0d0121p0d0000.xml,prism_y0d0250,True,0.03,1.0,1.0,1.0,2.9306782222438352,0.050077629061177555,3.0,0.009394651633259006,0.021663277539074585,0.008073792792765176,0.022586335006661292,0.008547471202648944,0.021117014049145004,-0.021585046307989013,0.0,0.007602631380494447,0.012080451574431939,0.0,"[0.17662273551559396, 1.8739684039884141, -0.7805519000249005, -0.08350843124224389, 1.5088519528671127, 1.1033427270019756, -0.08091088694001468, 1.4300866302414768, 1.025778669031499]"
prism1,350,/home/humanoid/Programs/hand/results/phase1/run_20260413_pollard_multiscene_500_cem/prism1/generated_mjcf/scene_prism1_tp0d0050p0d0123p0d0049_ip0d0073n0d0116p0d0038_mp0d0136p0d0091p0d0000.xml,prism_y0d0250,True,0.03,1.0,1.0,1.0,2.4659184463270893,0.04831508016126491,2.0,0.009531858442397049,0.04030428288259,0.004973546412611628,0.012294721280264032,0.004905264142987729,0.007331516406347443,-0.011583437920894857,0.003754449056024657,0.013559791274911331,0.009078488971220607,0.0,"[0.17662273551559396, 1.8739684039884141, -0.7805519000249005, -0.08350843124224389, 1.5088519528671127, 1.1033427270019756, -0.08091088694001468, 1.4300866302414768, 1.025778669031499]"
prism1,351,/home/humanoid/Programs/hand/results/phase1/run_20260413_pollard_multiscene_500_cem/prism1/generated_mjcf/scene_prism1_tn0d0039p0d0300p0d0031_ip0d0059n0d0183p0d0000_mn0d0001p0d0228p0d0000.xml,prism_y0d0250,True,0.03,1.0,1.0,1.0,0.6638857716727014,0.03802699548522042,2.0,0.01014491005323421,9.645128334690298,-0.0039166529420677654,0.03,0.0030983018076305748,0.005948787222563647,-0.01830520319058511,0.0,-8.798364502618158e-05,0.022791051162759063,0.0,"[0.17662273551559396, 1.8739684039884141, -0.7805519000249005, -0.08350843124224389, 1.5088519528671127, 1.1033427270019756, -0.08091088694001468, 1.4300866302414768, 1.025778669031499]"
prism1,352,/home/humanoid/Programs/hand/results/phase1/run_20260413_pollard_multiscene_500_cem/prism1/generated_mjcf/scene_prism1_tp0d0034p0d0300p0d0000_ip0d0204n0d0197p0d0092_mp0d0155p0d0230p0d0000.xml,prism_y0d0250,True,0.03,1.0,1.0,1.0,0.6005637058451407,0.04001976598743789,2.0,0.010502398495943081,10.527488711488662,0.003412975582055045,0.03,0.0,0.02042065736538831,-0.019749759999292973,0.009245880066049521,0.015487406880309437,0.023006546913343175,0.0,"[0.17662273551559396, 1.8739684039884141, -0.7805519000249005, -0.08350843124224389, 1.5088519528671127, 1.1033427270019756, -0.08091088694001468, 1.4300866302414768, 1.025778669031499]"
prism1,353,/home/humanoid/Programs/hand/results/phase1/run_20260413_pollard_multiscene_500_cem/prism1/generated_mjcf/scene_prism1_tn0d0050p0d0222p0d0028_ip0d0186n0d0214p0d0000_mp0d0034p0d0119p0d0000.xml,prism_y0d0250,True,0.03,1.0,1.0,1.0,2.996472270461114,0.05188723505874593,3.0,0.009484242933556854,0.004083138185865566,-0.005047223917157493,0.022200789717896637,0.0028366476511519825,0.018635731232781283,-0.021376923278164504,0.0,0.003401259195152824,0.011868629062635739,0.0,"[0.17662273551559396, 1.8739684039884141, -0.7805519000249005, -0.08350843124224389, 1.5088519528671127, 1.1033427270019756, -0.08091088694001468, 1.4300866302414768, 1.025778669031499]"
prism1,354,/home/humanoid/Programs/hand/results/phase1/run_20260413_pollard_multiscene_500_cem/prism1/generated_mjcf/scene_prism1_tn0d0091p0d0153p0d0119_ip0d0146n0d0101p0d0072_mp0d0135p0d0144p0d0004.xml,prism_y0d0250,True,0.03,1.0,1.0,1.0,1.1938204650982733,0.03639345083850391,2.0,0.010727405517775642,5.72330335475875,-0.009122841531660764,0.015328829962151869,0.011877526740116384,0.014612756735501714,-0.010136883345936687,0.00720381312614379,0.013454718008685671,0.014437668626407232,0.0003923962344445347,"[0.17662273551559396, 1.8739684039884141, -0.7805519000249005, -0.08350843124224389, 1.5088519528671127, 1.1033427270019756, -0.08091088694001468, 1.4300866302414768, 1.025778669031499]"
prism1,355,/home/humanoid/Programs/hand/results/phase1/run_20260413_pollard_multiscene_500_cem/prism1/generated_mjcf/scene_prism1_tn0d0108p0d0258p0d0000_ip0d0180n0d0144p0d0044_mp0d0085p0d0070p0d0005.xml,prism_y0d0250,True,0.03,1.0,1.0,1.0,0.8877255560270501,0.038768984777941544,2.0,0.010964848549121851,8.31506142735107,-0.010837836256156828,0.02584706010196519,0.0,0.017996213602326824,-0.014394856503673016,0.004360530785069212,0.00846710719667944,0.0070305058966985655,0.0004610260596799032,"[0.17662273551559396, 1.8739684039884141, -0.7805519000249005, -0.08350843124224389, 1.5088519528671127, 1.1033427270019756, -0.08091088694001468, 1.4300866302414768, 1.025778669031499]"
prism1,356,/home/humanoid/Programs/hand/results/phase1/run_20260413_pollard_multiscene_500_cem/prism1/generated_mjcf/scene_prism1_tp0d0112p0d0139p0d0000_ip0d0182n0d0152p0d0003_mp0d0115p0d0173p0d0074.xml,prism_y0d0250,True,0.03,1.0,1.0,1.0,3.004019688190281,0.052776639567571004,3.0,0.009210450825395134,0.16494530015942593,0.01115634821632247,0.013902861925370564,0.0,0.018235892805302557,-0.01517470826905366,0.0002586625091600264,0.011486192576683386,0.017257165777358207,0.007367364731213931,"[0.17662273551559396, 1.8739684039884141, -0.7805519000249005, -0.08350843124224389, 1.5088519528671127, 1.1033427270019756, -0.08091088694001468, 1.4300866302414768, 1.025778669031499]"
prism1,357,/home/humanoid/Programs/hand/results/phase1/run_20260413_pollard_multiscene_500_cem/prism1/generated_mjcf/scene_prism1_tn0d0022p0d0202p0d0000_ip0d0190n0d0081p0d0000_mp0d0023p0d0160p0d0000.xml,prism_y0d0250,True,0.03,1.0,1.0,1.0,2.9216089764622373,0.04977367653177117,3.0,0.009233627878754883,0.013349642614961726,-0.0022114211001733417,0.02015239016423227,0.0,0.019037892298739346,-0.008147344233290962,0.0,0.0022584008568622242,0.01599825880223124,0.0,"[0.17662273551559396, 1.8739684039884141, -0.7805519000249005, -0.08350843124224389, 1.5088519528671127, 1.1033427270019756, -0.08091088694001468, 1.4300866302414768, 1.025778669031499]"
prism1,358,/home/humanoid/Programs/hand/results/phase1/run_20260413_pollard_multiscene_500_cem/prism1/generated_mjcf/scene_prism1_tn0d0032p0d0212p0d0000_ip0d0113n0d0003p0d0000_mp0d0087p0d0046p0d0074.xml,prism_y0d0250,True,0.03,1.0,1.0,1.0,1.1364145434062718,0.03782808511403314,2.0,0.010308654370406475,6.4463408456271685,-0.0032261315123318663,0.0211871862183576,0.0,0.011311302439958055,-0.00033666258881834797,0.0,0.008688902469951895,0.004588963809888574,0.007431512844343829,"[0.17662273551559396, 1.8739684039884141, -0.7805519000249005, -0.08350843124224389, 1.5088519528671127, 1.1033427270019756, -0.08091088694001468, 1.4300866302414768, 1.025778669031499]"
prism1,359,/home/humanoid/Programs/hand/results/phase1/run_20260413_pollard_multiscene_500_cem/prism1/generated_mjcf/scene_prism1_tp0d0021p0d0300p0d0038_ip0d0094n0d0116p0d0000_mp0d0060p0d0178p0d0000.xml,prism_y0d0250,True,0.03,1.0,1.0,1.0,0.7397928570489554,0.03655154741407239,2.0,0.01087038098956449,8.78513693642966,0.002053449878073278,0.03,0.003783683303278742,0.009426483925576358,-0.011583913748456132,0.0,0.006011042113765158,0.017809019608174263,0.0,"[0.17662273551559396, 1.8739684039884141, -0.7805519000249005, -0.08350843124224389, 1.5088519528671127, 1.1033427270019756, -0.08091088694001468, 1.4300866302414768, 1.025778669031499]"
prism1,360,/home/humanoid/Programs/hand/results/phase1/run_20260413_pollard_multiscene_500_cem/prism1/generated_mjcf/scene_prism1_tp0d0077p0d0288p0d0000_ip0d0146n0d0140p0d0000_mp0d0217p0d0090p0d0038.xml,prism_y0d0250,True,0.03,1.0,1.0,1.0,1.0031825845942515,0.04473044153247403,2.0,0.01502635153833655,8.882201106437776,0.007692612643866344,0.028837691525292333,0.0,0.014600800689397628,-0.013961397513764087,0.0,0.02174568502353339,0.009014776072522324,0.003847079872144152,"[0.17662273551559396, 1.8739684039884141, -0.7805519000249005, -0.08350843124224389, 1.5088519528671127, 1.1033427270019756, -0.08091088694001468, 1.4300866302414768, 1.025778669031499]"
prism1,361,/home/humanoid/Programs/hand/results/phase1/run_20260413_pollard_multiscene_500_cem/prism1/generated_mjcf/scene_prism1_tp0d0063p0d0247p0d0000_ip0d0049n0d0079p0d0000_mp0d0212p0d0139p0d0013.xml,prism_y0d0250,True,0.03,1.0,1.0,1.0,1.0575219314966249,0.040655439571264884,2.0,0.012891800804115297,7.597565679262769,0.006298885232914844,0.024677701527575972,0.0,0.004865482952478182,-0.007899234012555876,0.0,0.021239068743524485,0.013910428198081467,0.0012518095585489566,"[0.17662273551559396, 1.8739684039884141, -0.7805519000249005, -0.08350843124224389, 1.5088519528671127, 1.1033427270019756, -0.08091088694001468, 1.4300866302414768, 1.025778669031499]"
prism1,362,/home/humanoid/Programs/hand/results/phase1/run_20260413_pollard_multiscene_500_cem/prism1/generated_mjcf/scene_prism1_tp0d0001p0d0184p0d0000_ip0d0200n0d0237p0d0113_mp0d0008p0d0136p0d0046.xml,prism_y0d0250,True,0.03,1.0,1.0,1.0,2.9185936476025622,0.049721600396112134,3.0,0.009285435977935708,0.020609962036606855,9.038651703096798e-05,0.01835541066897918,0.0,0.02001264994905546,-0.023737975227585074,0.011274612962096212,0.000750582854815959,0.013632312421630632,0.004622285063949041,"[0.17662273551559396, 1.8739684039884141, -0.7805519000249005, -0.08350843124224389, 1.5088519528671127, 1.1033427270019756, -0.08091088694001468, 1.4300866302414768, 1.025778669031499]"
prism1,363,/home/humanoid/Programs/hand/results/phase1/run_20260413_pollard_multiscene_500_cem/prism1/generated_mjcf/scene_prism1_tp0d0072p0d0238p0d0000_ip0d0194n0d0139p0d0000_mp0d0167p0d0168p0d0000.xml,prism_y0d0250,True,0.03,1.0,1.0,1.0,0.7659162389335596,0.047073386712383446,2.0,0.01001281643771769,11.077511087496173,0.007206458439634005,0.02379163141151473,0.0,0.019368293958761447,-0.013866451305668421,0.0,0.01674031164559555,0.016847650557893175,0.0,"[0.17662273551559396, 1.8739684039884141, -0.7805519000249005, -0.08350843124224389, 1.5088519528671127, 1.1033427270019756, -0.08091088694001468, 1.4300866302414768, 1.025778669031499]"
prism1,364,/home/humanoid/Programs/hand/results/phase1/run_20260413_pollard_multiscene_500_cem/prism1/generated_mjcf/scene_prism1_tn0d0041p0d0101p0d0010_ip0d0016n0d0071p0d0013_mp0d0213p0d0036p0d0052.xml,prism_y0d0250,True,0.03,1.0,1.0,1.0,0.8037543289057314,0.0397300178824265,2.0,0.013041217198304533,9.07142575055058,-0.004084384463942093,0.010142883921641723,0.000990451667586002,0.0015985144586338831,-0.007118649794417934,0.0013321773609604407,0.02130587540881341,0.003579389141666148,0.0051866735559624386,"[0.17662273551559396, 1.8739684039884141, -0.7805519000249005, -0.08350843124224389, 1.5088519528671127, 1.1033427270019756, -0.08091088694001468, 1.4300866302414768, 1.025778669031499]"
prism1,365,/home/humanoid/Programs/hand/results/phase1/run_20260413_pollard_multiscene_500_cem/prism1/generated_mjcf/scene_prism1_tn0d0071p0d0088p0d0031_ip0d0111n0d0170p0d0002_mn0d0007p0d0136p0d0018.xml,prism_y0d0250,True,0.03,1.0,1.0,1.0,2.922419290013505,0.0498245141604295,3.0,0.009224102575883528,0.019936669665070888,-0.007111680416374847,0.00882751144408678,0.0030761017613265777,0.011097168626456416,-0.017043214039433305,0.00017592095316793822,-0.00067781911633992,0.013552297422319226,0.00184459033777753,"[0.17662273551559396, 1.8739684039884141, -0.7805519000249005, -0.08350843124224389, 1.5088519528671127, 1.1033427270019756, -0.08091088694001468, 1.4300866302414768, 1.025778669031499]"
prism1,366,/home/humanoid/Programs/hand/results/phase1/run_20260413_pollard_multiscene_500_cem/prism1/generated_mjcf/scene_prism1_tp0d0090p0d0283p0d0071_ip0d0201n0d0143p0d0000_mn0d0018p0d0143p0d0002.xml,prism_y0d0250,True,0.03,1.0,1.0,1.0,2.9401715137239695,0.05045735154456515,3.0,0.009224693199743858,0.04924269290882025,0.008993048384683937,0.028332332885572582,0.007133172031471843,0.0201278457978318,-0.014265996985525718,0.0,-0.0017792897870281283,0.014276096134759242,0.00021827326428465292,"[0.17662273551559396, 1.8739684039884141, -0.7805519000249005, -0.08350843124224389, 1.5088519528671127, 1.1033427270019756, -0.08091088694001468, 1.4300866302414768, 1.025778669031499]"
prism1,367,/home/humanoid/Programs/hand/results/phase1/run_20260413_pollard_multiscene_500_cem/prism1/generated_mjcf/scene_prism1_tp0d0013p0d0300p0d0000_ip0d0055n0d0141p0d0078_mp0d0137p0d0226p0d0000.xml,prism_y0d0250,True,0.03,1.0,1.0,1.0,1.0074049273574803,0.039095069490197934,2.0,0.012998544088377284,7.566169444151286,0.0013243586582645864,0.03,0.0,0.005454282046486432,-0.014076684522502887,0.007848994918644388,0.013675916096374986,0.022612653700813792,0.0,"[0.17662273551559396, 1.8739684039884141, -0.7805519000249005, -0.08350843124224389, 1.5088519528671127, 1.1033427270019756, -0.08091088694001468, 1.4300866302414768, 1.025778669031499]"
prism1,368,/home/humanoid/Programs/hand/results/phase1/run_20260413_pollard_multiscene_500_cem/prism1/generated_mjcf/scene_prism1_tn0d0041p0d0084p0d0102_ip0d0153n0d0157p0d0001_mn0d0018p0d0221p0d0100.xml,prism_y0d0250,True,0.03,1.0,1.0,1.0,2.907672388503672,0.0494088115549898,3.0,0.009255104766217229,0.020838709256911385,-0.004053401737318047,0.008430366835151014,0.010164258692179497,0.015257946914463924,-0.0156555570176925,0.00011680821710949654,-0.0017660762171259354,0.022104252712855398,0.010035043290268227,"[0.17662273551559396, 1.8739684039884141, -0.7805519000249005, -0.08350843124224389, 1.5088519528671127, 1.1033427270019756, -0.08091088694001468, 1.4300866302414768, 1.025778669031499]"
prism1,369,/home/humanoid/Programs/hand/results/phase1/run_20260413_pollard_multiscene_500_cem/prism1/generated_mjcf/scene_prism1_tn0d0058p0d0248p0d0003_ip0d0140n0d0106p0d0006_mp0d0122p0d0059p0d0000.xml,prism_y0d0250,True,0.03,1.0,1.0,1.0,0.8279870025942495,0.03744955086973573,2.0,0.01140259229862566,8.399613954994999,-0.0058268376677013956,0.024841286858219992,0.0002982599472535624,0.014002525851861946,-0.010559997507252046,0.0006057673427742397,0.012179493967528118,0.005867447662353625,0.0,"[0.17662273551559396, 1.8739684039884141, -0.7805519000249005, -0.08350843124224389, 1.5088519528671127, 1.1033427270019756, -0.08091088694001468, 1.4300866302414768, 1.025778669031499]"
prism1,370,/home/humanoid/Programs/hand/results/phase1/run_20260413_pollard_multiscene_500_cem/prism1/generated_mjcf/scene_prism1_tn0d0045p0d0101p0d0000_in0d0000n0d0203p0d0049_mn0d0014p0d0174p0d0000.xml,prism_y0d0250,True,0.03,1.0,1.0,1.0,2.9247104144626164,0.049913170827534395,3.0,0.008995091436317047,0.02840254418969186,-0.0044817304554041985,0.010133206181426631,0.0,-4.208788127289288e-05,-0.020312697918262373,0.004931652050945971,-0.001420408213504953,0.01743343816215112,0.0,"[0.17662273551559396, 1.8739684039884141, -0.7805519000249005, -0.08350843124224389, 1.5088519528671127, 1.1033427270019756, -0.08091088694001468, 1.4300866302414768, 1.025778669031499]"
prism1,371,/home/humanoid/Programs/hand/results/phase1/run_20260413_pollard_multiscene_500_cem/prism1/generated_mjcf/scene_prism1_tp0d0060p0d0272p0d0000_ip0d0076n0d0158p0d0033_mp0d0058p0d0188p0d0080.xml,prism_y0d0250,True,0.03,1.0,1.0,1.0,0.8214759180221358,0.04349402531815235,2.0,0.010497541632950193,9.865465898981974,0.006042441969243088,0.027228365459574227,0.0,0.007593758980041379,-0.015792569411251185,0.0033017785952277386,0.005776874706348101,0.01882102030819338,0.007980643465284785,"[0.17662273551559396, 1.8739684039884141, -0.7805519000249005, -0.08350843124224389, 1.5088519528671127, 1.1033427270019756, -0.08091088694001468, 1.4300866302414768, 1.025778669031499]"
prism1,372,/home/humanoid/Programs/hand/results/phase1/run_20260413_pollard_multiscene_500_cem/prism1/generated_mjcf/scene_prism1_tn0d0039p0d0221p0d0076_ip0d0216n0d0035p0d0114_mp0d0217p0d0048p0d0023.xml,prism_y0d0250,True,0.03,1.0,1.0,1.0,1.3284307674420353,0.03427682464243066,2.0,0.011973728334289663,4.315404255829724,-0.0039367057456346135,0.022129036276644528,0.00759938668754058,0.021600388888547803,-0.003458654995397466,0.011387362033031666,0.021716500944982772,0.004846232690389937,0.0023329764739651176,"[0.17662273551559396, 1.8739684039884141, -0.7805519000249005, -0.08350843124224389, 1.5088519528671127, 1.1033427270019756, -0.08091088694001468, 1.4300866302414768, 1.025778669031499]"
prism1,373,/home/humanoid/Programs/hand/results/phase1/run_20260413_pollard_multiscene_500_cem/prism1/generated_mjcf/scene_prism1_tn0d0117p0d0102p0d0000_ip0d0216n0d0083p0d0034_mn0d0008p0d0137p0d0071.xml,prism_y0d0250,True,0.03,1.0,1.0,1.0,2.8924665178195226,0.048956261568748785,3.0,0.009394509913843307,0.014757448393322742,-0.011721801351998734,0.010249897424361614,0.0,0.021571248344733958,-0.008281985314991391,0.003362224881755657,-0.0008025599165518201,0.013740737562206125,0.007120033040254055,"[0.17662273551559396, 1.8739684039884141, -0.7805519000249005, -0.08350843124224389, 1.5088519528671127, 1.1033427270019756, -0.08091088694001468, 1.4300866302414768, 1.025778669031499]"
prism1,374,/home/humanoid/Programs/hand/results/phase1/run_20260413_pollard_multiscene_500_cem/prism1/generated_mjcf/scene_prism1_tn0d0012p0d0088p0d0000_in0d0013n0d0179p0d0087_mp0d0149p0d0097p0d0012.xml,prism_y0d0250,True,0.03,1.0,1.0,1.0,0.3056394780140348,0.04742085919087466,2.0,0.010647263817305914,14.21864044021311,-0.0011870628156485583,0.008785765256269625,0.0,-0.0012845129532466984,-0.01790627764087028,0.008705030224436333,0.014947856117084853,0.009691392927035278,0.001202015562066389,"[0.17662273551559396, 1.8739684039884141, -0.7805519000249005, -0.08350843124224389, 1.5088519528671127, 1.1033427270019756, -0.08091088694001468, 1.4300866302414768, 1.025778669031499]"
prism1,375,/home/humanoid/Programs/hand/results/phase1/run_20260413_pollard_multiscene_500_cem/prism1/generated_mjcf/scene_prism1_tn0d0024p0d0249p0d0000_ip0d0189n0d0020p0d0086_mp0d0011p0d0101p0d0097.xml,prism_y0d0250,True,0.03,1.0,1.0,1.0,2.653365550182313,0.04435988096006453,3.0,0.009348415656133091,0.536889680717866,-0.002364992455036838,0.02485474196775472,0.0,0.0189458288206348,-0.0020460735160279016,0.008558192589777455,0.0010822010446346324,0.010070902748129561,0.009711010137673462,"[0.17662273551559396, 1.8739684039884141, -0.7805519000249005, -0.08350843124224389, 1.5088519528671127, 1.1033427270019756, -0.08091088694001468, 1.4300866302414768, 1.025778669031499]"
prism1,376,/home/humanoid/Programs/hand/results/phase1/run_20260413_pollard_multiscene_500_cem/prism1/generated_mjcf/scene_prism1_tp0d0105p0d0300p0d0000_ip0d0063n0d0138p0d0000_mn0d0013p0d0092p0d0107.xml,prism_y0d0250,True,0.03,1.0,1.0,1.0,0.8183599458596258,0.0477697028583369,2.0,0.01099679308704988,10.877240453387106,0.010522744540146026,0.03,0.0,0.006265542463366365,-0.013777684366762381,0.0,-0.0013129549292847896,0.009179419376552186,0.010680191381843947,"[0.17662273551559396, 1.8739684039884141, -0.7805519000249005, -0.08350843124224389, 1.5088519528671127, 1.1033427270019756, -0.08091088694001468, 1.4300866302414768, 1.025778669031499]"
prism1,377,/home/humanoid/Programs/hand/results/phase1/run_20260413_pollard_multiscene_500_cem/prism1/generated_mjcf/scene_prism1_tp0d0098p0d0111p0d0000_ip0d0151n0d0201p0d0000_mp0d0220p0d0245p0d0000.xml,prism_y0d0250,True,0.03,1.0,1.0,1.0,0.7172914089913494,0.045837652458284986,2.0,0.009625615264077214,11.118501310136473,0.00981687253429277,0.011120275617783176,0.0,0.015080426789617232,-0.020071235905748067,0.0,0.02197541611441125,0.024494177142076932,0.0,"[0.17662273551559396, 1.8739684039884141, -0.7805519000249005, -0.08350843124224389, 1.5088519528671127, 1.1033427270019756, -0.08091088694001468, 1.4300866302414768, 1.025778669031499]"
prism1,378,/home/humanoid/Programs/hand/results/phase1/run_20260413_pollard_multiscene_500_cem/prism1/generated_mjcf/scene_prism1_tn0d0031p0d0178p0d0000_ip0d0097n0d0197p0d0076_mp0d0193p0d0182p0d0000.xml,prism_y0d0250,True,0.03,1.0,1.0,1.0,1.8732458606629498,0.04500179953886299,2.0,0.013161065754532913,3.1699666112545937,-0.003080000567103787,0.01777371674284665,0.0,0.009742211201763528,-0.0197073930433107,0.007610088691735812,0.0192940940515098,0.01819294307398065,0.0,"[0.17662273551559396, 1.8739684039884141, -0.7805519000249005, -0.08350843124224389, 1.5088519528671127, 1.1033427270019756, -0.08091088694001468, 1.4300866302414768, 1.025778669031499]"
prism1,379,/home/humanoid/Programs/hand/results/phase1/run_20260413_pollard_multiscene_500_cem/prism1/generated_mjcf/scene_prism1_tp0d0005p0d0181p0d0102_ip0d0204n0d0113p0d0000_mp0d0040p0d0080p0d0000.xml,prism_y0d0250,True,0.03,1.0,1.0,1.0,2.876056030932659,0.049210519251479595,3.0,0.009345683591763469,0.18413850457067066,0.0005063580441945943,0.018121217785754797,0.010185928300256861,0.020406265641012875,-0.011317239845225827,0.0,0.003969351811511051,0.00798329334682274,0.0,"[0.17662273551559396, 1.8739684039884141, -0.7805519000249005, -0.08350843124224389, 1.5088519528671127, 1.1033427270019756, -0.08091088694001468, 1.4300866302414768, 1.025778669031499]"
prism1,380,/home/humanoid/Programs/hand/results/phase1/run_20260413_pollard_multiscene_500_cem/prism1/generated_mjcf/scene_prism1_tp0d0053p0d0088p0d0051_ip0d0056n0d0156p0d0120_mp0d0025p0d0214p0d0000.xml,prism_y0d0250,True,0.03,1.0,1.0,1.0,2.9278130145271852,0.04994016555047349,3.0,0.008945302859069911,0.014681160141647418,0.005349473339106178,0.008816536146796552,0.005122068738884589,0.005591055319891105,-0.015626360728080328,0.01198958202252913,0.00245615434592318,0.0213548310212551,0.0,"[0.17662273551559396, 1.8739684039884141, -0.7805519000249005, -0.08350843124224389, 1.5088519528671127, 1.1033427270019756, -0.08091088694001468, 1.4300866302414768, 1.025778669031499]"
prism1,381,/home/humanoid/Programs/hand/results/phase1/run_20260413_pollard_multiscene_500_cem/prism1/generated_mjcf/scene_prism1_tp0d0088p0d0272p0d0000_in0d0018n0d0006p0d0118_mp0d0039p0d0093p0d0065.xml,prism_y0d0250,True,0.03,1.0,1.0,1.0,2.847712957737236,0.047666376891432265,3.0,0.008904252327656072,0.01867819205053725,0.00883521132348538,0.02723552528533489,0.0,-0.0017554778323576065,-0.0005744690308488714,0.011781042137225497,0.0038637391976680735,0.009288167528081906,0.006509256874247228,"[0.17662273551559396, 1.8739684039884141, -0.7805519000249005, -0.08350843124224389, 1.5088519528671127, 1.1033427270019756, -0.08091088694001468, 1.4300866302414768, 1.025778669031499]"
prism1,382,/home/humanoid/Programs/hand/results/phase1/run_20260413_pollard_multiscene_500_cem/prism1/generated_mjcf/scene_prism1_tp0d0073p0d0185p0d0056_ip0d0209n0d0050p0d0000_mp0d0188p0d0110p0d0000.xml,prism_y0d0250,True,0.03,1.0,1.0,1.0,2.625639088963637,0.05277956626665952,2.0,0.009409868815192585,0.01883995159374181,0.007305359803473289,0.01853133851136897,0.005595346364554953,0.020921363985685365,-0.0049934306565185185,0.0,0.01877336898563437,0.011049691809589724,0.0,"[0.17662273551559396, 1.8739684039884141, -0.7805519000249005, -0.08350843124224389, 1.5088519528671127, 1.1033427270019756, -0.08091088694001468, 1.4300866302414768, 1.025778669031499]"
prism1,383,/home/humanoid/Programs/hand/results/phase1/run_20260413_pollard_multiscene_500_cem/prism1/generated_mjcf/scene_prism1_tn0d0118p0d0271p0d0000_ip0d0077n0d0076p0d0000_mp0d0104p0d0062p0d0000.xml,prism_y0d0250,True,0.03,1.0,1.0,1.0,0.20240540592943934,0.03666539863859902,2.0,0.012514245507320098,12.37236703604591,-0.011835445780551481,0.02708227762575327,0.0,0.00774784304588942,-0.007563727153970494,0.0,0.010352447859135416,0.00620925942575782,0.0,"[0.17662273551559396, 1.8739684039884141, -0.7805519000249005, -0.08350843124224389, 1.5088519528671127, 1.1033427270019756, -0.08091088694001468, 1.4300866302414768, 1.025778669031499]"
prism1,384,/home/humanoid/Programs/hand/results/phase1/run_20260413_pollard_multiscene_500_cem/prism1/generated_mjcf/scene_prism1_tp0d0017p0d0255p0d0000_ip0d0031n0d0131p0d0000_mp0d0099p0d0257p0d0033.xml,prism_y0d0250,True,0.03,1.0,1.0,1.0,1.034005784516547,0.040126988760718886,2.0,0.011222392978235914,7.653293574347615,0.0016914948769208415,0.025535338406468797,0.0,0.0031439657404761087,-0.0130591830163866,0.0,0.009858869067842405,0.02571102656057945,0.0032954859455089983,"[0.17662273551559396, 1.8739684039884141, -0.7805519000249005, -0.08350843124224389, 1.5088519528671127, 1.1033427270019756, -0.08091088694001468, 1.4300866302414768, 1.025778669031499]"
prism1,385,/home/humanoid/Programs/hand/results/phase1/run_20260413_pollard_multiscene_500_cem/prism1/generated_mjcf/scene_prism1_tn0d0097p0d0110p0d0000_ip0d0125n0d0058p0d0000_mp0d0078p0d0247p0d0000.xml,prism_y0d0250,True,0.03,1.0,1.0,1.0,2.903101568179106,0.04934312914134811,3.0,0.009313786965835178,0.0352025189093868,-0.009705485774302398,0.010951697871815396,0.0,0.01253462152769577,-0.0057613579648361415,0.0,0.007829687300922256,0.024665368578795213,0.0,"[0.17662273551559396, 1.8739684039884141, -0.7805519000249005, -0.08350843124224389, 1.5088519528671127, 1.1033427270019756, -0.08091088694001468, 1.4300866302414768, 1.025778669031499]"
prism1,386,/home/humanoid/Programs/hand/results/phase1/run_20260413_pollard_multiscene_500_cem/prism1/generated_mjcf/scene_prism1_tp0d0112p0d0234p0d0078_ip0d0165n0d0031p0d0000_mp0d0057p0d0176p0d0000.xml,prism_y0d0250,True,0.03,1.0,1.0,1.0,2.9110761651813672,0.049483520571742975,3.0,0.009019505294228286,0.018720294941205532,0.011221352133399164,0.023400693629328326,0.007817550025673033,0.016469362116625613,-0.0030606096441238902,0.0,0.0056810241222650226,0.017649806992087,0.0,"[0.17662273551559396, 1.8739684039884141, -0.7805519000249005, -0.08350843124224389, 1.5088519528671127, 1.1033427270019756, -0.08091088694001468, 1.4300866302414768, 1.025778669031499]"
prism1,387,/home/humanoid/Programs/hand/results/phase1/run_20260413_pollard_multiscene_500_cem/prism1/generated_mjcf/scene_prism1_tp0d0022p0d0296p0d0042_in0d0005n0d0213p0d0114_mn0d0003p0d0235p0d0117.xml,prism_y0d0250,True,0.03,1.0,1.0,1.0,0.9234841543533479,0.03876442717063659,2.0,0.011568044772990024,8.067564713819687,0.0022174444709567916,0.02962539332540697,0.004156687339348996,-0.0005198644936682765,-0.02134521506551034,0.011364295824339798,-0.0003092501664925997,0.02351928518610475,0.011679372772733076,"[0.17662273551559396, 1.8739684039884141, -0.7805519000249005, -0.08350843124224389, 1.5088519528671127, 1.1033427270019756, -0.08091088694001468, 1.4300866302414768, 1.025778669031499]"
prism1,388,/home/humanoid/Programs/hand/results/phase1/run_20260413_pollard_multiscene_500_cem/prism1/generated_mjcf/scene_prism1_tn0d0081p0d0249p0d0074_ip0d0208n0d0041p0d0060_mp0d0165p0d0220p0d0000.xml,prism_y0d0250,True,0.03,1.0,1.0,1.0,1.9404942647249166,0.03318332775713426,2.0,0.010459084589819347,2.6917300958397787e-05,-0.008107505421219302,0.024897468565151633,0.007392595337002955,0.020834492113102794,-0.004065712382739778,0.005970238289425941,0.01648862815479199,0.021974727226854895,0.0,"[0.17662273551559396, 1.8739684039884141, -0.7805519000249005, -0.08350843124224389, 1.5088519528671127, 1.1033427270019756, -0.08091088694001468, 1.4300866302414768, 1.025778669031499]"
prism1,389,/home/humanoid/Programs/hand/results/phase1/run_20260413_pollard_multiscene_500_cem/prism1/generated_mjcf/scene_prism1_tn0d0039p0d0285p0d0057_ip0d0208n0d0041p0d0036_mp0d0108p0d0059p0d0000.xml,prism_y0d0250,True,0.03,1.0,1.0,1.0,1.2228678832128737,0.039287260372385224,2.0,0.010102836357586957,6.213203714036237,-0.0038931974279779093,0.02852385064265748,0.005709619844043064,0.020838318228018286,-0.0041099736522949,0.003648895908196892,0.0108003713735257,0.005888130359499352,0.0,"[0.17662273551559396, 1.8739684039884141, -0.7805519000249005, -0.08350843124224389, 1.5088519528671127, 1.1033427270019756, -0.08091088694001468, 1.4300866302414768, 1.025778669031499]"
prism1,390,/home/humanoid/Programs/hand/results/phase1/run_20260413_pollard_multiscene_500_cem/prism1/generated_mjcf/scene_prism1_tp0d0111p0d0091p0d0111_ip0d0003n0d0059p0d0000_mp0d0056p0d0107p0d0000.xml,prism_y0d0250,True,0.03,1.0,1.0,1.0,2.4964929466856707,0.04908081519925207,2.0,0.009505182728087072,0.015501465546518467,0.011086732584622856,0.009114061201632327,0.011143108779249625,0.00025073679208613593,-0.0059266445125180246,0.0,0.0055913408234708984,0.010650676511304417,0.0,"[0.17662273551559396, 1.8739684039884141, -0.7805519000249005, -0.08350843124224389, 1.5088519528671127, 1.1033427270019756, -0.08091088694001468, 1.4300866302414768, 1.025778669031499]"
prism1,391,/home/humanoid/Programs/hand/results/phase1/run_20260413_pollard_multiscene_500_cem/prism1/generated_mjcf/scene_prism1_tp0d0086p0d0123p0d0089_ip0d0070n0d0226p0d0091_mp0d0164p0d0140p0d0037.xml,prism_y0d0250,True,0.03,1.0,1.0,1.0,0.7621474410945925,0.04911513866795134,2.0,0.011791583347563578,11.55532830392385,0.008609555327129374,0.012341154397680697,0.008912346989687733,0.007000500798774553,-0.022583043905803016,0.009075589409086891,0.016411278947240843,0.014031523004441703,0.003694186370186217,"[0.17662273551559396, 1.8739684039884141, -0.7805519000249005, -0.08350843124224389, 1.5088519528671127, 1.1033427270019756, -0.08091088694001468, 1.4300866302414768, 1.025778669031499]"
prism1,392,/home/humanoid/Programs/hand/results/phase1/run_20260413_pollard_multiscene_500_cem/prism1/generated_mjcf/scene_prism1_tp0d0043p0d0176p0d0012_ip0d0077n0d0128p0d0049_mp0d0080p0d0130p0d0065.xml,prism_y0d0250,True,0.03,1.0,1.0,1.0,2.9278242643018797,0.0499887340717966,3.0,0.009072064336333951,0.024248663588889975,0.004254000457927461,0.01759718261799633,0.0011591161610298387,0.007690670392919728,-0.012804244452743358,0.0048799535306744725,0.007961258183951048,0.01299761563100522,0.006523599200057,"[0.17662273551559396, 1.8739684039884141, -0.7805519000249005, -0.08350843124224389, 1.5088519528671127, 1.1033427270019756, -0.08091088694001468, 1.4300866302414768, 1.025778669031499]"
prism1,393,/home/humanoid/Programs/hand/results/phase1/run_20260413_pollard_multiscene_500_cem/prism1/generated_mjcf/scene_prism1_tn0d0050p0d0163p0d0000_ip0d0035n0d0034p0d0000_mp0d0059p0d0048p0d0000.xml,prism_y0d0250,True,0.03,1.0,1.0,1.0,1.0178950862805924,0.04002732845605957,2.0,0.010048996223072265,7.753089448235656,-0.004985988495398425,0.016300216267685623,0.0,0.0034683806033389258,-0.003396272985994214,0.0,0.005879648740595553,0.004792153550523294,0.0,"[0.17662273551559396, 1.8739684039884141, -0.7805519000249005, -0.08350843124224389, 1.5088519528671127, 1.1033427270019756, -0.08091088694001468, 1.4300866302414768, 1.025778669031499]"
prism1,394,/home/humanoid/Programs/hand/results/phase1/run_20260413_pollard_multiscene_500_cem/prism1/generated_mjcf/scene_prism1_tp0d0025p0d0092p0d0113_ip0d0219n0d0209p0d0000_mp0d0081p0d0097p0d0000.xml,prism_y0d0250,True,0.03,1.0,1.0,1.0,2.8871806987168966,0.04889565638348839,3.0,0.009338833945269626,0.03659737876438584,0.002490598221685335,0.00915709564276886,0.011311791537951966,0.021897171626930806,-0.020911052181316225,0.0,0.008075035345848846,0.009678888052115298,0.0,"[0.17662273551559396, 1.8739684039884141, -0.7805519000249005, -0.08350843124224389, 1.5088519528671127, 1.1033427270019756, -0.08091088694001468, 1.4300866302414768, 1.025778669031499]"
prism1,395,/home/humanoid/Programs/hand/results/phase1/run_20260413_pollard_multiscene_500_cem/prism1/generated_mjcf/scene_prism1_tn0d0095p0d0197p0d0090_ip0d0217n0d0162p0d0000_mp0d0137p0d0125p0d0097.xml,prism_y0d0250,True,0.03,1.0,1.0,1.0,1.0829338011334546,0.04071843195493365,2.0,0.010625018926154308,7.473075196246097,-0.00953061315295389,0.01970784975786273,0.009043612848737722,0.02166338004553322,-0.01616864958747996,0.0,0.01367630035117491,0.012518278257087605,0.009730640697078064,"[0.17662273551559396, 1.8739684039884141, -0.7805519000249005, -0.08350843124224389, 1.5088519528671127, 1.1033427270019756, -0.08091088694001468, 1.4300866302414768, 1.025778669031499]"
prism1,396,/home/humanoid/Programs/hand/results/phase1/run_20260413_pollard_multiscene_500_cem/prism1/generated_mjcf/scene_prism1_tp0d0070p0d0222p0d0038_ip0d0151n0d0084p0d0000_mp0d0110p0d0104p0d0000.xml,prism_y0d0250,True,0.03,1.0,1.0,1.0,2.905250324521557,0.049496218034644296,3.0,0.009171363179991211,0.05849720220674253,0.007035811052865017,0.02218081977592099,0.003815341310432256,0.01510725445699214,-0.008439512570922078,0.0,0.010976962247331351,0.01039287020671183,0.0,"[0.17662273551559396, 1.8739684039884141, -0.7805519000249005, -0.08350843124224389, 1.5088519528671127, 1.1033427270019756, -0.08091088694001468, 1.4300866302414768, 1.025778669031499]"
prism1,397,/home/humanoid/Programs/hand/results/phase1/run_20260413_pollard_multiscene_500_cem/prism1/generated_mjcf/scene_prism1_tp0d0042p0d0183p0d0082_ip0d0033n0d0180p0d0088_mp0d0066p0d0266p0d0000.xml,prism_y0d0250,True,0.03,1.0,1.0,1.0,3.0042553062879063,0.05216385829595356,3.0,0.009125561359934952,0.02152407567065602,0.004177515190882806,0.018256379083365838,0.008178273670573787,0.0032815323204622516,-0.01803993751952694,0.008760822790220408,0.006593736646331887,0.02663481077537399,0.0,"[0.17662273551559396, 1.8739684039884141, -0.7805519000249005, -0.08350843124224389, 1.5088519528671127, 1.1033427270019756, -0.08091088694001468, 1.4300866302414768, 1.025778669031499]"
prism1,398,/home/humanoid/Programs/hand/results/phase1/run_20260413_pollard_multiscene_500_cem/prism1/generated_mjcf/scene_prism1_tp0d0086p0d0213p0d0009_ip0d0108n0d0199p0d0066_mp0d0077p0d0183p0d0034.xml,prism_y0d0250,True,0.03,1.0,1.0,1.0,2.9292212204284214,0.04995884250119887,3.0,0.009138580233945185,0.007074044304325258,0.008571605710506466,0.021259249860929377,0.0008803123529353071,0.010802095205575884,-0.019921780238881113,0.006613136719011141,0.007685854373764274,0.0183301494512482,0.003400613466890816,"[0.17662273551559396, 1.8739684039884141, -0.7805519000249005, -0.08350843124224389, 1.5088519528671127, 1.1033427270019756, -0.08091088694001468, 1.4300866302414768, 1.025778669031499]"
prism1,399,/home/humanoid/Programs/hand/results/phase1/run_20260413_pollard_multiscene_500_cem/prism1/generated_mjcf/scene_prism1_tp0d0088p0d0300p0d0009_ip0d0029n0d0117p0d0120_mp0d0050p0d0090p0d0058.xml,prism_y0d0250,True,0.03,1.0,1.0,1.0,1.044566598738071,0.039562836046050945,2.0,0.012583948795584858,7.433098435216948,0.008824535085985016,0.03,0.0008932574776091152,0.0029455698672819766,-0.011691082195174523,0.011978490078858362,0.005010734973117511,0.00897510569587991,0.0057671861599445234,"[0.17662273551559396, 1.8739684039884141, -0.7805519000249005, -0.08350843124224389, 1.5088519528671127, 1.1033427270019756, -0.08091088694001468, 1.4300866302414768, 1.025778669031499]"
prism1,400,/home/humanoid/Programs/hand/results/phase1/run_20260413_pollard_multiscene_500_cem/prism1/generated_mjcf/scene_prism1_tp0d0094p0d0127p0d0051_ip0d0209n0d0108p0d0092_mp0d0144p0d0193p0d0000.xml,prism_y0d0250,True,0.03,1.0,1.0,1.0,2.924880566937834,0.049879444282550645,3.0,0.009175487010351174,0.01699339287157783,0.009372313123217593,0.012687591986216464,0.005107999205280118,0.020884326403043323,-0.01077608685664617,0.009235654013356007,0.014419671401879495,0.01932431120884613,0.0,"[0.17662273551559396, 1.8739684039884141, -0.7805519000249005, -0.08350843124224389, 1.5088519528671127, 1.1033427270019756, -0.08091088694001468, 1.4300866302414768, 1.025778669031499]"
prism1,401,/home/humanoid/Programs/hand/results/phase1/run_20260413_pollard_multiscene_500_cem/prism1/generated_mjcf/scene_prism1_tn0d0066p0d0138p0d0000_ip0d0011n0d0196p0d0076_mp0d0043p0d0047p0d0000.xml,prism_y0d0250,True,0.03,1.0,1.0,1.0,2.1217092421610695,0.045080997486405636,2.0,0.01014852797527443,1.5721907594171913,-0.006568166016017537,0.013757574947577381,0.0,0.001065966599342636,-0.01962445671424908,0.0076232278739171815,0.004307982889677852,0.004710504044540714,0.0,"[0.17662273551559396, 1.8739684039884141, -0.7805519000249005, -0.08350843124224389, 1.5088519528671127, 1.1033427270019756, -0.08091088694001468, 1.4300866302414768, 1.025778669031499]"
prism1,402,/home/humanoid/Programs/hand/results/phase1/run_20260413_pollard_multiscene_500_cem/prism1/generated_mjcf/scene_prism1_tn0d0061p0d0117p0d0000_ip0d0051n0d0055p0d0000_mp0d0162p0d0205p0d0000.xml,prism_y0d0250,True,0.03,1.0,1.0,1.0,2.836360980734981,0.047472328862914935,3.0,0.009299405495637514,0.04381145650511029,-0.006070162506608994,0.011700464662166754,0.0,0.005108954427857113,-0.005521412233569041,0.0,0.0161877500683167,0.020471673403065584,0.0,"[0.17662273551559396, 1.8739684039884141, -0.7805519000249005, -0.08350843124224389, 1.5088519528671127, 1.1033427270019756, -0.08091088694001468, 1.4300866302414768, 1.025778669031499]"
prism1,404,/home/humanoid/Programs/hand/results/phase1/run_20260413_pollard_multiscene_500_cem/prism1/generated_mjcf/scene_prism1_tp0d0014p0d0095p0d0078_ip0d0166n0d0207p0d0000_mp0d0045p0d0151p0d0008.xml,prism_y0d0250,True,0.03,1.0,1.0,1.0,2.9302349785524244,0.050113302556541915,3.0,0.00922365883692461,0.03522195501795878,0.001414445381986533,0.009486985216727615,0.007769364107765152,0.01657461588220816,-0.020718033407936723,0.0,0.004544141871500557,0.01511193721917458,0.0007559026465335395,"[0.17662273551559396, 1.8739684039884141, -0.7805519000249005, -0.08350843124224389, 1.5088519528671127, 1.1033427270019756, -0.08091088694001468, 1.4300866302414768, 1.025778669031499]"
prism1,406,/home/humanoid/Programs/hand/results/phase1/run_20260413_pollard_multiscene_500_cem/prism1/generated_mjcf/scene_prism1_tn0d0060p0d0184p0d0000_ip0d0056n0d0197p0d0000_mp0d0095p0d0212p0d0075.xml,prism_y0d0250,True,0.03,1.0,1.0,1.0,0.7342483454922542,0.04667551735015481,2.0,0.01166599977133592,11.173751748136615,-0.005993677595785198,0.018350511114540634,0.0,0.005583373121617044,-0.019703464659717004,0.0,0.009452975904973352,0.021158879065359362,0.007512942109960084,"[0.17662273551559396, 1.8739684039884141, -0.7805519000249005, -0.08350843124224389, 1.5088519528671127, 1.1033427270019756, -0.08091088694001468, 1.4300866302414768, 1.025778669031499]"
prism1,407,/home/humanoid/Programs/hand/results/phase1/run_20260413_pollard_multiscene_500_cem/prism1/generated_mjcf/scene_prism1_tn0d0051p0d0279p0d0054_ip0d0150n0d0131p0d0007_mp0d0011p0d0239p0d0037.xml,prism_y0d0250,True,0.03,1.0,1.0,1.0,2.98349801658585,0.05198482515774468,3.0,0.009383003325251731,0.11469904856473437,-0.005140192786809574,0.027934052286104214,0.0054220926649164,0.01495389301596657,-0.013107166884916394,0.0007151348632215403,0.0010701092854143394,0.023868681030051596,0.003737171765941818,"[0.17662273551559396, 1.8739684039884141, -0.7805519000249005, -0.08350843124224389, 1.5088519528671127, 1.1033427270019756, -0.08091088694001468, 1.4300866302414768, 1.025778669031499]"
prism1,408,/home/humanoid/Programs/hand/results/phase1/run_20260413_pollard_multiscene_500_cem/prism1/generated_mjcf/scene_prism1_tn0d0031p0d0175p0d0000_ip0d0080n0d0202p0d0000_mp0d0019p0d0207p0d0000.xml,prism_y0d0250,True,0.03,1.0,1.0,1.0,2.9241570783906474,0.049900135272135764,3.0,0.009167427364684623,0.02675200936490346,-0.0031305004524421823,0.017539118084760424,0.0,0.008034582351909472,-0.02018176662419567,0.0,0.0019428792417899906,0.020656344238335456,0.0,"[0.17662273551559396, 1.8739684039884141, -0.7805519000249005, -0.08350843124224389, 1.5088519528671127, 1.1033427270019756, -0.08091088694001468, 1.4300866302414768, 1.025778669031499]"
prism1,409,/home/humanoid/Programs/hand/results/phase1/run_20260413_pollard_multiscene_500_cem/prism1/generated_mjcf/scene_prism1_tn0d0016p0d0090p0d0000_ip0d0077n0d0186p0d0000_mp0d0089p0d0119p0d0000.xml,prism_y0d0250,True,0.03,1.0,1.0,1.0,2.9229045007736505,0.04988833452305448,3.0,0.009148619845398826,0.032599785616390715,-0.0016323170947495774,0.009036595485457571,0.0,0.007686997919964198,-0.018553378636850654,0.0,0.00890338183766952,0.011899722188182634,0.0,"[0.17662273551559396, 1.8739684039884141, -0.7805519000249005, -0.08350843124224389, 1.5088519528671127, 1.1033427270019756, -0.08091088694001468, 1.4300866302414768, 1.025778669031499]"
prism1,410,/home/humanoid/Programs/hand/results/phase1/run_20260413_pollard_multiscene_500_cem/prism1/generated_mjcf/scene_prism1_tn0d0053p0d0114p0d0023_ip0d0085n0d0114p0d0018_mp0d0188p0d0116p0d0014.xml,prism_y0d0250,True,0.03,1.0,1.0,1.0,0.7007430348317005,0.04217006475558603,2.0,0.011147324864867624,10.352763879227169,-0.005293281935177009,0.011409198503569133,0.0023185881529035456,0.008519201573778543,-0.011410397534888745,0.0017575752571704177,0.01881142883562955,0.011645587587469603,0.00142551727874291,"[0.17662273551559396, 1.8739684039884141, -0.7805519000249005, -0.08350843124224389, 1.5088519528671127, 1.1033427270019756, -0.08091088694001468, 1.4300866302414768, 1.025778669031499]"
prism1,411,/home/humanoid/Programs/hand/results/phase1/run_20260413_pollard_multiscene_500_cem/prism1/generated_mjcf/scene_prism1_tn0d0048p0d0150p0d0000_ip0d0065n0d0078p0d0000_mn0d0008p0d0033p0d0000.xml,prism_y0d0250,True,0.03,1.0,1.0,1.0,1.33363198436987,0.043269990668146116,2.0,0.010439715667259411,6.39958838453817,-0.00483454322046063,0.0150354995281941,0.0,0.006463405685212573,-0.007794424323765136,0.0,-0.0007991368204927872,0.003305963248475482,0.0,"[0.17662273551559396, 1.8739684039884141, -0.7805519000249005, -0.08350843124224389, 1.5088519528671127, 1.1033427270019756, -0.08091088694001468, 1.4300866302414768, 1.025778669031499]"
prism1,412,/home/humanoid/Programs/hand/results/phase1/run_20260413_pollard_multiscene_500_cem/prism1/generated_mjcf/scene_prism1_tn0d0022p0d0223p0d0000_ip0d0189n0d0096p0d0055_mp0d0016p0d0090p0d0000.xml,prism_y0d0250,True,0.03,1.0,1.0,1.0,2.9208518310637506,0.049754147211905325,3.0,0.009285916360403388,0.013143257547526509,-0.0021633292292821196,0.02230517427223252,0.0,0.018897786349753608,-0.009618802295454976,0.005502816790046914,0.0016095316072317848,0.009027481605026609,0.0,"[0.17662273551559396, 1.8739684039884141, -0.7805519000249005, -0.08350843124224389, 1.5088519528671127, 1.1033427270019756, -0.08091088694001468, 1.4300866302414768, 1.025778669031499]"
prism1,413,/home/humanoid/Programs/hand/results/phase1/run_20260413_pollard_multiscene_500_cem/prism1/generated_mjcf/scene_prism1_tp0d0027p0d0123p0d0068_ip0d0058n0d0063p0d0039_mp0d0002p0d0195p0d0072.xml,prism_y0d0250,True,0.03,1.0,1.0,1.0,2.9259547493621714,0.049866752477648504,3.0,0.0089851009978442,0.009409235732255892,0.0026700165276494457,0.01226117259601896,0.006755428193157744,0.005831519725040962,-0.006284982002491805,0.003932208229509883,0.0001521947786814904,0.019464330946787185,0.007165036133727081,"[0.17662273551559396, 1.8739684039884141, -0.7805519000249005, -0.08350843124224389, 1.5088519528671127, 1.1033427270019756, -0.08091088694001468, 1.4300866302414768, 1.025778669031499]"
prism1,414,/home/humanoid/Programs/hand/results/phase1/run_20260413_pollard_multiscene_500_cem/prism1/generated_mjcf/scene_prism1_tp0d0119p0d0161p0d0000_ip0d0066n0d0103p0d0010_mn0d0012p0d0040p0d0000.xml,prism_y0d0250,True,0.03,1.0,1.0,1.0,2.3825395820293105,0.048070134341041376,2.0,0.01083182221269396,0.5216765032116658,0.011926975172027825,0.016136097000490002,0.0,0.006603760238197899,-0.010256639026435648,0.000980959618551415,-0.0012493701764418955,0.004048123202399532,0.0,"[0.17662273551559396, 1.8739684039884141, -0.7805519000249005, -0.08350843124224389, 1.5088519528671127, 1.1033427270019756, -0.08091088694001468, 1.4300866302414768, 1.025778669031499]"
prism1,415,/home/humanoid/Programs/hand/results/phase1/run_20260413_pollard_multiscene_500_cem/prism1/generated_mjcf/scene_prism1_tp0d0091p0d0097p0d0079_ip0d0109n0d0031p0d0000_mp0d0176p0d0167p0d0000.xml,prism_y0d0250,True,0.03,1.0,1.0,1.0,2.4760079440187264,0.04856517462395146,2.0,0.009905581552880535,0.026413364758757628,0.00906606741877758,0.009713425617874147,0.00791014140138167,0.010867190352182917,-0.003114253838119847,0.0,0.017584104657214175,0.01666546351720368,0.0,"[0.17662273551559396, 1.8739684039884141, -0.7805519000249005, -0.08350843124224389, 1.5088519528671127, 1.1033427270019756, -0.08091088694001468, 1.4300866302414768, 1.025778669031499]"
prism1,416,/home/humanoid/Programs/hand/results/phase1/run_20260413_pollard_multiscene_500_cem/prism1/generated_mjcf/scene_prism1_tn0d0072p0d0300p0d0000_in0d0010n0d0137p0d0020_mp0d0146p0d0033p0d0000.xml,prism_y0d0250,True,0.03,1.0,1.0,1.0,0.9995182977032422,0.035476652479652676,2.0,0.018377543109021222,6.702729685777061,-0.007174041971646325,0.03,0.0,-0.0009581709355264475,-0.013714458911787292,0.0019873955854658922,0.014588047567082667,0.0033140840490026857,0.0,"[0.17662273551559396, 1.8739684039884141, -0.7805519000249005, -0.08350843124224389, 1.5088519528671127, 1.1033427270019756, -0.08091088694001468, 1.4300866302414768, 1.025778669031499]"
prism1,417,/home/humanoid/Programs/hand/results/phase1/run_20260413_pollard_multiscene_500_cem/prism1/generated_mjcf/scene_prism1_tn0d0119p0d0130p0d0033_ip0d0053n0d0196p0d0063_mp0d0108p0d0186p0d0073.xml,prism_y0d0250,True,0.03,1.0,1.0,1.0,1.2342067296262313,0.043424810112288534,2.0,0.012460808573214369,7.071600047716259,-0.011856844397496631,0.01301493444648736,0.0033127292805139857,0.005330779465385114,-0.019633635020686522,0.006301068543077583,0.01080103995901315,0.018606390761993538,0.007283380888463132,"[0.17662273551559396, 1.8739684039884141, -0.7805519000249005, -0.08350843124224389, 1.5088519528671127, 1.1033427270019756, -0.08091088694001468, 1.4300866302414768, 1.025778669031499]"
prism1,418,/home/humanoid/Programs/hand/results/phase1/run_20260413_pollard_multiscene_500_cem/prism1/generated_mjcf/scene_prism1_tn0d0063p0d0094p0d0039_ip0d0171n0d0119p0d0074_mp0d0067p0d0205p0d0006.xml,prism_y0d0250,True,0.03,1.0,1.0,1.0,2.9155487481010183,0.04960000071861761,3.0,0.009328428297310634,0.011962803039846264,-0.006296620053095982,0.009416219417424817,0.003924512405020338,0.01710157573507877,-0.01187522612800575,0.007410642288759425,0.006671445387090337,0.020463784667246666,0.0006463969782932299,"[0.17662273551559396, 1.8739684039884141, -0.7805519000249005, -0.08350843124224389, 1.5088519528671127, 1.1033427270019756, -0.08091088694001468, 1.4300866302414768, 1.025778669031499]"
prism1,419,/home/humanoid/Programs/hand/results/phase1/run_20260413_pollard_multiscene_500_cem/prism1/generated_mjcf/scene_prism1_tn0d0041p0d0241p0d0000_ip0d0099n0d0077p0d0052_mp0d0009p0d0211p0d0000.xml,prism_y0d0250,True,0.03,1.0,1.0,1.0,2.892294136669361,0.04912826498218282,3.0,0.009205644027556865,0.05855899767949497,-0.0041412976865153744,0.02409152225526526,0.0,0.009925318078709394,-0.0076590425951469,0.005194099965976872,0.0008881900785973618,0.021141476289865326,0.0,"[0.17662273551559396, 1.8739684039884141, -0.7805519000249005, -0.08350843124224389, 1.5088519528671127, 1.1033427270019756, -0.08091088694001468, 1.4300866302414768, 1.025778669031499]"
prism1,420,/home/humanoid/Programs/hand/results/phase1/run_20260413_pollard_multiscene_500_cem/prism1/generated_mjcf/scene_prism1_tp0d0071p0d0239p0d0000_ip0d0117n0d0022p0d0000_mp0d0151p0d0196p0d0030.xml,prism_y0d0250,True,0.03,1.0,1.0,1.0,2.9093648400487075,0.049504749470204584,3.0,0.009011812802572287,0.03518510535539161,0.007137772626772659,0.023857670287552885,0.0,0.011669115350941957,-0.002227125826247416,0.0,0.015091260244914308,0.019558435737760817,0.0029842274549594285,"[0.17662273551559396, 1.8739684039884141, -0.7805519000249005, -0.08350843124224389, 1.5088519528671127, 1.1033427270019756, -0.08091088694001468, 1.4300866302414768, 1.025778669031499]"
prism1,421,/home/humanoid/Programs/hand/results/phase1/run_20260413_pollard_multiscene_500_cem/prism1/generated_mjcf/scene_prism1_tp0d0031p0d0156p0d0000_ip0d0072n0d0037p0d0005_mp0d0046p0d0088p0d0005.xml,prism_y0d0250,True,0.03,1.0,1.0,1.0,2.4192788934862945,0.046854158541409056,2.0,0.009310190021776158,0.013308502796465584,0.003101723536340091,0.015595989589606042,0.0,0.0072454315533282704,-0.003652126546145917,0.0005213155205137689,0.004554379635483783,0.008842974072948777,0.0005496837176906175,"[0.17662273551559396, 1.8739684039884141, -0.7805519000249005, -0.08350843124224389, 1.5088519528671127, 1.1033427270019756, -0.08091088694001468, 1.4300866302414768, 1.025778669031499]"
prism1,422,/home/humanoid/Programs/hand/results/phase1/run_20260413_pollard_multiscene_500_cem/prism1/generated_mjcf/scene_prism1_tp0d0075p0d0090p0d0000_ip0d0095n0d0057p0d0041_mp0d0134p0d0225p0d0000.xml,prism_y0d0250,True,0.03,1.0,1.0,1.0,2.9280886970204945,0.04991137843160244,3.0,0.008943546808879132,0.006149696452220267,0.00753359398917278,0.009021919988826161,0.0,0.009544862541769275,-0.005731684550799405,0.004082674828820045,0.013428867191625499,0.02246770650074717,0.0,"[0.17662273551559396, 1.8739684039884141, -0.7805519000249005, -0.08350843124224389, 1.5088519528671127, 1.1033427270019756, -0.08091088694001468, 1.4300866302414768, 1.025778669031499]"
prism1,423,/home/humanoid/Programs/hand/results/phase1/run_20260413_pollard_multiscene_500_cem/prism1/generated_mjcf/scene_prism1_tp0d0012p0d0181p0d0075_ip0d0212n0d0045p0d0015_mp0d0201p0d0059p0d0019.xml,prism_y0d0250,True,0.03,1.0,1.0,1.0,1.187897075660265,0.04036038714577703,2.0,0.011015316055614384,6.684572282204683,0.001238563357003111,0.018056065507205808,0.007519693428228502,0.021206132398409232,-0.004470630085174411,0.001547317764403448,0.020053196267056254,0.005944634302786423,0.0019053686702290105,"[0.17662273551559396, 1.8739684039884141, -0.7805519000249005, -0.08350843124224389, 1.5088519528671127, 1.1033427270019756, -0.08091088694001468, 1.4300866302414768, 1.025778669031499]"
prism1,424,/home/humanoid/Programs/hand/results/phase1/run_20260413_pollard_multiscene_500_cem/prism1/generated_mjcf/scene_prism1_tp0d0094p0d0236p0d0023_ip0d0102n0d0222p0d0000_mp0d0161p0d0091p0d0072.xml,prism_y0d0250,True,0.03,1.0,1.0,1.0,1.8060661698179628,0.049345563684762714,2.0,0.014006365916304117,4.6201055154408275,0.009439976988392936,0.0235887609771427,0.0023219766442525783,0.010182597409066308,-0.022214054731901495,0.0,0.01607133661999266,0.00907854784007011,0.007199720664709967,"[0.17662273551559396, 1.8739684039884141, -0.7805519000249005, -0.08350843124224389, 1.5088519528671127, 1.1033427270019756, -0.08091088694001468, 1.4300866302414768, 1.025778669031499]"
prism1,425,/home/humanoid/Programs/hand/results/phase1/run_20260413_pollard_multiscene_500_cem/prism1/generated_mjcf/scene_prism1_tn0d0097p0d0265p0d0000_ip0d0173n0d0239p0d0060_mp0d0079p0d0266p0d0000.xml,prism_y0d0250,True,0.03,1.0,1.0,1.0,2.785302151678888,0.04640366677888984,3.0,0.009610881565491789,0.13069614967515442,-0.009735946968143526,0.026515306910265567,0.0,0.017292401019917678,-0.023949163087233355,0.0060141306694627104,0.00787056582813915,0.026566998527488665,0.0,"[0.17662273551559396, 1.8739684039884141, -0.7805519000249005, -0.08350843124224389, 1.5088519528671127, 1.1033427270019756, -0.08091088694001468, 1.4300866302414768, 1.025778669031499]"
prism1,426,/home/humanoid/Programs/hand/results/phase1/run_20260413_pollard_multiscene_500_cem/prism1/generated_mjcf/scene_prism1_tn0d0023p0d0240p0d0049_ip0d0145n0d0043p0d0105_mp0d0153p0d0156p0d0059.xml,prism_y0d0250,True,0.03,1.0,1.0,1.0,1.1239509443846574,0.04100432312852313,2.0,0.01029346404385645,7.270756246839595,-0.002251750389289927,0.023967651029735318,0.004939390703879207,0.014508762345518499,-0.004347934226913543,0.010485183735368647,0.015342193193272654,0.015622395217333425,0.005919397109665846,"[0.17662273551559396, 1.8739684039884141, -0.7805519000249005, -0.08350843124224389, 1.5088519528671127, 1.1033427270019756, -0.08091088694001468, 1.4300866302414768, 1.025778669031499]"
prism1,427,/home/humanoid/Programs/hand/results/phase1/run_20260413_pollard_multiscene_500_cem/prism1/generated_mjcf/scene_prism1_tp0d0116p0d0081p0d0063_ip0d0084n0d0079p0d0000_mp0d0035p0d0218p0d0063.xml,prism_y0d0250,True,0.03,1.0,1.0,1.0,2.92703497374138,0.04990615196332358,3.0,0.008792774048862527,0.013965312514803804,0.011554127167321758,0.008094973935045711,0.00634021291148389,0.008382335375273374,-0.007888242921632352,0.0,0.0034908725353503265,0.021847055821519926,0.006253517562865806,"[0.17662273551559396, 1.8739684039884141, -0.7805519000249005, -0.08350843124224389, 1.5088519528671127, 1.1033427270019756, -0.08091088694001468, 1.4300866302414768, 1.025778669031499]"
prism1,428,/home/humanoid/Programs/hand/results/phase1/run_20260413_pollard_multiscene_500_cem/prism1/generated_mjcf/scene_prism1_tp0d0039p0d0091p0d0000_ip0d0043n0d0228p0d0000_mp0d0132p0d0109p0d0085.xml,prism_y0d0250,True,0.03,1.0,1.0,1.0,2.1728422189145857,0.04949317831669819,2.0,0.010451555466426385,2.256772741579987,0.003934916242328907,0.009055660371116435,0.0,0.0042966683546525174,-0.022817310905164527,0.0,0.013238842010290162,0.010876905015767713,0.008523745451003876,"[0.17662273551559396, 1.8739684039884141, -0.7805519000249005, -0.08350843124224389, 1.5088519528671127, 1.1033427270019756, -0.08091088694001468, 1.4300866302414768, 1.025778669031499]"
prism1,429,/home/humanoid/Programs/hand/results/phase1/run_20260413_pollard_multiscene_500_cem/prism1/generated_mjcf/scene_prism1_tp0d0051p0d0136p0d0089_in0d0006n0d0155p0d0015_mp0d0118p0d0055p0d0053.xml,prism_y0d0250,True,0.03,1.0,1.0,1.0,1.9795411223836428,0.04432528201204476,2.0,0.011024217572596412,2.331968752618206,0.005125087482668465,0.013563331531296553,0.008941585970417887,-0.0005944345291723756,-0.015549005861688751,0.0015394288276203757,0.011795680983158995,0.005463134066536002,0.00529108644876362,"[0.17662273551559396, 1.8739684039884141, -0.7805519000249005, -0.08350843124224389, 1.5088519528671127, 1.1033427270019756, -0.08091088694001468, 1.4300866302414768, 1.025778669031499]"
prism1,430,/home/humanoid/Programs/hand/results/phase1/run_20260413_pollard_multiscene_500_cem/prism1/generated_mjcf/scene_prism1_tp0d0108p0d0253p0d0023_ip0d0047n0d0158p0d0000_mp0d0045p0d0174p0d0005.xml,prism_y0d0250,True,0.03,1.0,1.0,1.0,0.8760801628679351,0.0467436725594112,2.0,0.00987840736501709,10.267943746542816,0.010755727203491484,0.025319041018740367,0.0023424459642572733,0.004681210473767024,-0.0158168109349753,0.0,0.004522423977653443,0.01743127013831674,0.00046354652795747506,"[0.17662273551559396, 1.8739684039884141, -0.7805519000249005, -0.08350843124224389, 1.5088519528671127, 1.1033427270019756, -0.08091088694001468, 1.4300866302414768, 1.025778669031499]"
prism1,431,/home/humanoid/Programs/hand/results/phase1/run_20260413_pollard_multiscene_500_cem/prism1/generated_mjcf/scene_prism1_tn0d0090p0d0163p0d0012_ip0d0106n0d0210p0d0079_mp0d0186p0d0239p0d0033.xml,prism_y0d0250,True,0.03,1.0,1.0,1.0,1.0995717828356946,0.0432978908009983,2.0,0.013589694589525641,7.924500040134631,-0.009045069329629866,0.016286414078574243,0.001232079353439438,0.010607776781234562,-0.021005149767894388,0.007941771113298229,0.018568443556381972,0.023899946224055856,0.0033294426360466443,"[0.17662273551559396, 1.8739684039884141, -0.7805519000249005, -0.08350843124224389, 1.5088519528671127, 1.1033427270019756, -0.08091088694001468, 1.4300866302414768, 1.025778669031499]"
prism1,432,/home/humanoid/Programs/hand/results/phase1/run_20260413_pollard_multiscene_500_cem/prism1/generated_mjcf/scene_prism1_tp0d0063p0d0270p0d0000_ip0d0020n0d0149p0d0044_mp0d0158p0d0060p0d0000.xml,prism_y0d0250,True,0.03,1.0,1.0,1.0,0.8025095788319074,0.04151367023134368,2.0,0.015922550282526843,9.457491858000452,0.0063085193443046805,0.02696360007822303,0.0,0.001961325675993948,-0.014902927055320836,0.00437067189933418,0.015768154956900225,0.005974865905798616,0.0,"[0.17662273551559396, 1.8739684039884141, -0.7805519000249005, -0.08350843124224389, 1.5088519528671127, 1.1033427270019756, -0.08091088694001468, 1.4300866302414768, 1.025778669031499]"
prism1,433,/home/humanoid/Programs/hand/results/phase1/run_20260413_pollard_multiscene_500_cem/prism1/generated_mjcf/scene_prism1_tn0d0039p0d0300p0d0000_in0d0010n0d0194p0d0059_mp0d0206p0d0041p0d0000.xml,prism_y0d0250,True,0.03,1.0,1.0,1.0,0.7484838658809061,0.0374054437451069,2.0,0.020105500537627132,8.803304427483873,-0.003949258224395914,0.03,0.0,-0.0009504631194709491,-0.019444312238559795,0.005891477691566099,0.02061378315896422,0.004131062854890644,0.0,"[0.17662273551559396, 1.8739684039884141, -0.7805519000249005, -0.08350843124224389, 1.5088519528671127, 1.1033427270019756, -0.08091088694001468, 1.4300866302414768, 1.025778669031499]"
prism1,434,/home/humanoid/Programs/hand/results/phase1/run_20260413_pollard_multiscene_500_cem/prism1/generated_mjcf/scene_prism1_tp0d0061p0d0184p0d0000_ip0d0176n0d0215p0d0000_mp0d0035p0d0238p0d0000.xml,prism_y0d0250,True,0.03,1.0,1.0,1.0,2.928800645196573,0.04992426583647228,3.0,0.00906148729735976,0.002837896568251448,0.006131997720201,0.018435290362744716,0.0,0.017619931956625062,-0.021477761725560728,0.0,0.0035011270404651136,0.02378280003369332,0.0,"[0.17662273551559396, 1.8739684039884141, -0.7805519000249005, -0.08350843124224389, 1.5088519528671127, 1.1033427270019756, -0.08091088694001468, 1.4300866302414768, 1.025778669031499]"
prism1,435,/home/humanoid/Programs/hand/results/phase1/run_20260413_pollard_multiscene_500_cem/prism1/generated_mjcf/scene_prism1_tp0d0106p0d0242p0d0000_ip0d0096n0d0043p0d0000_mp0d0168p0d0273p0d0000.xml,prism_y0d0250,True,0.03,1.0,1.0,1.0,2.8813170963237433,0.048826365065947314,3.0,0.008899874149304177,0.06537288457203116,0.01063084908390945,0.024171536197284713,0.0,0.009551757925849768,-0.004272562894365733,0.0,0.01678767899884418,0.02727275818868951,0.0,"[0.17662273551559396, 1.8739684039884141, -0.7805519000249005, -0.08350843124224389, 1.5088519528671127, 1.1033427270019756, -0.08091088694001468, 1.4300866302414768, 1.025778669031499]"
prism1,436,/home/humanoid/Programs/hand/results/phase1/run_20260413_pollard_multiscene_500_cem/prism1/generated_mjcf/scene_prism1_tn0d0076p0d0236p0d0000_ip0d0170n0d0200p0d0017_mn0d0013p0d0079p0d0047.xml,prism_y0d0250,True,0.03,1.0,1.0,1.0,2.8723881041605708,0.04844166215952839,3.0,0.009469364436832581,0.027542283661717258,-0.007610571290414185,0.023550381931943205,0.0,0.016999661265836574,-0.019983140800411376,0.0017189998139261614,-0.0013349599660444859,0.007934704045173926,0.004699890575137328,"[0.17662273551559396, 1.8739684039884141, -0.7805519000249005, -0.08350843124224389, 1.5088519528671127, 1.1033427270019756, -0.08091088694001468, 1.4300866302414768, 1.025778669031499]"
prism1,437,/home/humanoid/Programs/hand/results/phase1/run_20260413_pollard_multiscene_500_cem/prism1/generated_mjcf/scene_prism1_tp0d0026p0d0114p0d0000_ip0d0156n0d0003p0d0000_mp0d0170p0d0047p0d0000.xml,prism_y0d0250,True,0.03,1.0,1.0,1.0,0.9179212805910972,0.043000405009790854,2.0,0.012647745313658679,9.078649360828436,0.0026176839625111185,0.011391178484980292,0.0,0.015624984481607816,-0.0003278282907494979,0.0,0.01703328899292387,0.004654251325363892,0.0,"[0.17662273551559396, 1.8739684039884141, -0.7805519000249005, -0.08350843124224389, 1.5088519528671127, 1.1033427270019756, -0.08091088694001468, 1.4300866302414768, 1.025778669031499]"
prism1,438,/home/humanoid/Programs/hand/results/phase1/run_20260413_pollard_multiscene_500_cem/prism1/generated_mjcf/scene_prism1_tp0d0102p0d0223p0d0000_ip0d0153n0d0106p0d0001_mp0d0175p0d0220p0d0000.xml,prism_y0d0250,True,0.03,1.0,1.0,1.0,2.9761306926188182,0.05130277423090196,3.0,0.009152549894379065,0.007742037826613201,0.01018342807798086,0.02234125613906514,0.0,0.015265627310635044,-0.01062878129420388,0.0001183555941337601,0.017501498305174445,0.02201449786772612,0.0,"[0.17662273551559396, 1.8739684039884141, -0.7805519000249005, -0.08350843124224389, 1.5088519528671127, 1.1033427270019756, -0.08091088694001468, 1.4300866302414768, 1.025778669031499]"
prism1,439,/home/humanoid/Programs/hand/results/phase1/run_20260413_pollard_multiscene_500_cem/prism1/generated_mjcf/scene_prism1_tp0d0041p0d0221p0d0000_ip0d0023n0d0110p0d0000_mp0d0163p0d0236p0d0038.xml,prism_y0d0250,True,0.03,1.0,1.0,1.0,1.0798354656685616,0.041290438125397164,2.0,0.01191780362922322,7.609961743079285,0.004055396234236862,0.02212583123867185,0.0,0.002321135574197007,-0.011019493156771299,0.0,0.016328507377646455,0.0235699176351113,0.0038354519921154837,"[0.17662273551559396, 1.8739684039884141, -0.7805519000249005, -0.08350843124224389, 1.5088519528671127, 1.1033427270019756, -0.08091088694001468, 1.4300866302414768, 1.025778669031499]"
prism1,440,/home/humanoid/Programs/hand/results/phase1/run_20260413_pollard_multiscene_500_cem/prism1/generated_mjcf/scene_prism1_tn0d0057p0d0197p0d0105_ip0d0083n0d0174p0d0070_mp0d0210p0d0172p0d0027.xml,prism_y0d0250,True,0.03,1.0,1.0,1.0,0.9910200588625522,0.038401598130338985,2.0,0.0158252146785061,7.475902975615336,-0.0057197918777049635,0.019696955628222775,0.010458688009170419,0.008337152167123458,-0.01735205375378309,0.007023605683724916,0.02102385264600795,0.017152563023836435,0.002682832330421164,"[0.17662273551559396, 1.8739684039884141, -0.7805519000249005, -0.08350843124224389, 1.5088519528671127, 1.1033427270019756, -0.08091088694001468, 1.4300866302414768, 1.025778669031499]"
prism1,441,/home/humanoid/Programs/hand/results/phase1/run_20260413_pollard_multiscene_500_cem/prism1/generated_mjcf/scene_prism1_tp0d0019p0d0226p0d0066_ip0d0082n0d0120p0d0000_mp0d0103p0d0238p0d0000.xml,prism_y0d0250,True,0.03,1.0,1.0,1.0,0.6969651758567992,0.03807706433195663,2.0,0.010341859124952441,9.433655716745186,0.0019416655371988813,0.02259363229947895,0.006594002727760957,0.008215286594117186,-0.01202021011361221,0.0,0.010305003915128633,0.023819476571518408,0.0,"[0.17662273551559396, 1.8739684039884141, -0.7805519000249005, -0.08350843124224389, 1.5088519528671127, 1.1033427270019756, -0.08091088694001468, 1.4300866302414768, 1.025778669031499]"
prism1,442,/home/humanoid/Programs/hand/results/phase1/run_20260413_pollard_multiscene_500_cem/prism1/generated_mjcf/scene_prism1_tp0d0098p0d0113p0d0000_ip0d0119n0d0008p0d0043_mp0d0123p0d0187p0d0000.xml,prism_y0d0250,True,0.03,1.0,1.0,1.0,2.9541368989368713,0.050718079569992344,3.0,0.009238345650687417,0.016794631409905964,0.009780483521716198,0.01132231065837554,0.0,0.011857494599218721,-0.0007928173974697684,0.004320046888400382,0.012275952742412203,0.018654839480562325,0.0,"[0.17662273551559396, 1.8739684039884141, -0.7805519000249005, -0.08350843124224389, 1.5088519528671127, 1.1033427270019756, -0.08091088694001468, 1.4300866302414768, 1.025778669031499]"
prism1,443,/home/humanoid/Programs/hand/results/phase1/run_20260413_pollard_multiscene_500_cem/prism1/generated_mjcf/scene_prism1_tp0d0113p0d0300p0d0000_in0d0006n0d0191p0d0000_mp0d0187p0d0119p0d0095.xml,prism_y0d0250,True,0.03,1.0,1.0,1.0,2.448875906989813,0.04862948101839343,2.0,0.01640321549275978,0.13566331778958293,0.011258075666834896,0.03,0.0,-0.0006457849871351617,-0.019081365910640965,0.0,0.018655235429646706,0.01185682668301296,0.009518651544530462,"[0.17662273551559396, 1.8739684039884141, -0.7805519000249005, -0.08350843124224389, 1.5088519528671127, 1.1033427270019756, -0.08091088694001468, 1.4300866302414768, 1.025778669031499]"
prism1,444,/home/humanoid/Programs/hand/results/phase1/run_20260413_pollard_multiscene_500_cem/prism1/generated_mjcf/scene_prism1_tp0d0000p0d0094p0d0090_ip0d0033n0d0070p0d0000_mn0d0015p0d0115p0d0011.xml,prism_y0d0250,True,0.03,1.0,1.0,1.0,2.9290306724395094,0.04996603487197196,3.0,0.009251740513555049,0.008513780349327364,3.9475085303166194e-05,0.009449388158865814,0.009004617717149246,0.0033270163392911,-0.006972047386813037,0.0,-0.0014581746872513821,0.01150486117663375,0.0011050946491694934,"[0.17662273551559396, 1.8739684039884141, -0.7805519000249005, -0.08350843124224389, 1.5088519528671127, 1.1033427270019756, -0.08091088694001468, 1.4300866302414768, 1.025778669031499]"
prism1,445,/home/humanoid/Programs/hand/results/phase1/run_20260413_pollard_multiscene_500_cem/prism1/generated_mjcf/scene_prism1_tp0d0077p0d0300p0d0000_ip0d0026n0d0098p0d0003_mp0d0090p0d0242p0d0073.xml,prism_y0d0250,True,0.03,1.0,1.0,1.0,1.0119392491342216,0.03908602666097151,2.0,0.011466152613989916,7.554262525145343,0.00768753876739613,0.03,0.0,0.0025976512521246773,-0.009816610602493132,0.00029591957992342564,0.009017485474437894,0.024158653166428484,0.007259589915213454,"[0.17662273551559396, 1.8739684039884141, -0.7805519000249005, -0.08350843124224389, 1.5088519528671127, 1.1033427270019756, -0.08091088694001468, 1.4300866302414768, 1.025778669031499]"
prism1,446,/home/humanoid/Programs/hand/results/phase1/run_20260413_pollard_multiscene_500_cem/prism1/generated_mjcf/scene_prism1_tn0d0011p0d0133p0d0000_ip0d0064n0d0056p0d0000_mp0d0169p0d0078p0d0097.xml,prism_y0d0250,True,0.03,1.0,1.0,1.0,0.950132574898624,0.04046971887624874,2.0,0.011004661199709748,8.295321755804418,-0.0011360838082298663,0.01325824991429327,0.0,0.006370644463462772,-0.005629206754397946,0.0,0.016873785784942086,0.00783212339710345,0.009701247693015839,"[0.17662273551559396, 1.8739684039884141, -0.7805519000249005, -0.08350843124224389, 1.5088519528671127, 1.1033427270019756, -0.08091088694001468, 1.4300866302414768, 1.025778669031499]"
prism1,447,/home/humanoid/Programs/hand/results/phase1/run_20260413_pollard_multiscene_500_cem/prism1/generated_mjcf/scene_prism1_tn0d0090p0d0157p0d0000_ip0d0219n0d0157p0d0059_mp0d0063p0d0143p0d0034.xml,prism_y0d0250,True,0.03,1.0,1.0,1.0,2.8994493406144457,0.04916866623574008,3.0,0.009493307323428587,0.01644908659733519,-0.00904278167422818,0.015719803582083764,0.0,0.02194357027748288,-0.01567893837806663,0.005854617823766374,0.006262715532870271,0.0143171905155444,0.00339523737421424,"[0.17662273551559396, 1.8739684039884141, -0.7805519000249005, -0.08350843124224389, 1.5088519528671127, 1.1033427270019756, -0.08091088694001468, 1.4300866302414768, 1.025778669031499]"
prism1,448,/home/humanoid/Programs/hand/results/phase1/run_20260413_pollard_multiscene_500_cem/prism1/generated_mjcf/scene_prism1_tp0d0003p0d0134p0d0000_ip0d0206n0d0099p0d0000_mp0d0083p0d0251p0d0000.xml,prism_y0d0250,True,0.03,1.0,1.0,1.0,2.9220829662579497,0.04976876377007361,3.0,0.009209402041520582,0.009366410743904593,0.0002617629877949522,0.013412109453143835,0.0,0.020648687224171146,-0.009855365425905357,0.0,0.008263438874933736,0.02514626012262553,0.0,"[0.17662273551559396, 1.8739684039884141, -0.7805519000249005, -0.08350843124224389, 1.5088519528671127, 1.1033427270019756, -0.08091088694001468, 1.4300866302414768, 1.025778669031499]"
prism1,449,/home/humanoid/Programs/hand/results/phase1/run_20260413_pollard_multiscene_500_cem/prism1/generated_mjcf/scene_prism1_tn0d0067p0d0251p0d0000_ip0d0118n0d0189p0d0103_mp0d0178p0d0230p0d0000.xml,prism_y0d0250,True,0.03,1.0,1.0,1.0,0.7547510373592643,0.03915803297261786,2.0,0.01327451538008409,9.261540572814617,-0.006688079787446489,0.025055041151438993,0.0,0.011787691163478548,-0.018857419838083388,0.010269059958378499,0.017802052151034024,0.02298066643960671,0.0,"[0.17662273551559396, 1.8739684039884141, -0.7805519000249005, -0.08350843124224389, 1.5088519528671127, 1.1033427270019756, -0.08091088694001468, 1.4300866302414768, 1.025778669031499]"
prism1,450,/home/humanoid/Programs/hand/results/phase1/run_20260413_pollard_multiscene_500_cem/prism1/generated_mjcf/scene_prism1_tn0d0115p0d0097p0d0000_ip0d0058n0d0039p0d0082_mp0d0180p0d0149p0d0014.xml,prism_y0d0250,True,0.03,1.0,1.0,1.0,2.691130299157062,0.0546110962404262,2.0,0.00948866580471252,0.008538250989531475,-0.011498837979600898,0.009706578963080024,0.0,0.005800274182427564,-0.003875181551276056,0.008213794678798934,0.018034952841468985,0.014892628460001858,0.0014142894425570804,"[0.17662273551559396, 1.8739684039884141, -0.7805519000249005, -0.08350843124224389, 1.5088519528671127, 1.1033427270019756, -0.08091088694001468, 1.4300866302414768, 1.025778669031499]"
prism1,451,/home/humanoid/Programs/hand/results/phase1/run_20260413_pollard_multiscene_500_cem/prism1/generated_mjcf/scene_prism1_tn0d0015p0d0169p0d0000_ip0d0172n0d0104p0d0011_mp0d0107p0d0072p0d0079.xml,prism_y0d0250,True,0.03,1.0,1.0,1.0,2.9506662834292983,0.05066284036046489,3.0,0.009409007584364573,0.024767426788292798,-0.0015262415059165927,0.016865296197385568,0.0,0.01723625189913445,-0.010377268605681585,0.0010902005619215262,0.010692937551189264,0.007170400093331903,0.007890693852559163,"[0.17662273551559396, 1.8739684039884141, -0.7805519000249005, -0.08350843124224389, 1.5088519528671127, 1.1033427270019756, -0.08091088694001468, 1.4300866302414768, 1.025778669031499]"
prism1,452,/home/humanoid/Programs/hand/results/phase1/run_20260413_pollard_multiscene_500_cem/prism1/generated_mjcf/scene_prism1_tp0d0042p0d0187p0d0000_in0d0003n0d0036p0d0030_mp0d0164p0d0240p0d0000.xml,prism_y0d0250,True,0.03,1.0,1.0,1.0,2.8261293400072,0.04717016821957219,3.0,0.008857162848925022,0.04741481319984428,0.004224288169672047,0.018713736538135094,0.0,-0.0002762932500023751,-0.0035924675596602177,0.0029657756018682153,0.016360768858148723,0.02400119577539169,0.0,"[0.17662273551559396, 1.8739684039884141, -0.7805519000249005, -0.08350843124224389, 1.5088519528671127, 1.1033427270019756, -0.08091088694001468, 1.4300866302414768, 1.025778669031499]"
prism1,453,/home/humanoid/Programs/hand/results/phase1/run_20260413_pollard_multiscene_500_cem/prism1/generated_mjcf/scene_prism1_tn0d0023p0d0300p0d0000_ip0d0087n0d0088p0d0000_mp0d0061p0d0096p0d0107.xml,prism_y0d0250,True,0.03,1.0,1.0,1.0,0.8977252937703952,0.03626243614107677,2.0,0.011591459652079616,7.655180345754217,-0.002253257700280441,0.02996832043086915,0.0,0.008742601393709004,-0.008847917458295534,0.0,0.006059896220482771,0.009636807884215167,0.010725091745554787,"[0.17662273551559396, 1.8739684039884141, -0.7805519000249005, -0.08350843124224389, 1.5088519528671127, 1.1033427270019756, -0.08091088694001468, 1.4300866302414768, 1.025778669031499]"
prism1,454,/home/humanoid/Programs/hand/results/phase1/run_20260413_pollard_multiscene_500_cem/prism1/generated_mjcf/scene_prism1_tn0d0120p0d0128p0d0116_ip0d0050n0d0194p0d0076_mp0d0166p0d0127p0d0000.xml,prism_y0d0250,True,0.03,1.0,1.0,1.0,1.9376876353686039,0.04249803878911458,2.0,0.01518181984875483,2.1292005503526474,-0.011972388872996056,0.01282487263656613,0.011611864056680684,0.005026344630147989,-0.019399767209179065,0.007643009671431975,0.01662868765354221,0.01269309732471084,0.0,"[0.17662273551559396, 1.8739684039884141, -0.7805519000249005, -0.08350843124224389, 1.5088519528671127, 1.1033427270019756, -0.08091088694001468, 1.4300866302414768, 1.025778669031499]"
prism1,455,/home/humanoid/Programs/hand/results/phase1/run_20260413_pollard_multiscene_500_cem/prism1/generated_mjcf/scene_prism1_tn0d0042p0d0280p0d0000_ip0d0104n0d0162p0d0000_mp0d0194p0d0120p0d0006.xml,prism_y0d0250,True,0.03,1.0,1.0,1.0,0.9626921707604219,0.039393396664358385,2.0,0.01583469783837703,7.896048778769116,-0.004184508743415265,0.027977910545990033,0.0,0.010384936074195428,-0.016192820587361226,0.0,0.019421232223716424,0.011961081300551542,0.0006333455042184973,"[0.17662273551559396, 1.8739684039884141, -0.7805519000249005, -0.08350843124224389, 1.5088519528671127, 1.1033427270019756, -0.08091088694001468, 1.4300866302414768, 1.025778669031499]"
prism1,456,/home/humanoid/Programs/hand/results/phase1/run_20260413_pollard_multiscene_500_cem/prism1/generated_mjcf/scene_prism1_tn0d0040p0d0123p0d0003_ip0d0092n0d0065p0d0071_mp0d0134p0d0052p0d0000.xml,prism_y0d0250,True,0.03,1.0,1.0,1.0,1.7942638331925367,0.043388581210729256,2.0,0.01039515136483115,3.3569747096888354,-0.004036233379079683,0.01228166921896134,0.0003371369671329571,0.009179435430101485,-0.006514778638218343,0.007092787816219352,0.01344244043374698,0.005212812531370138,0.0,"[0.17662273551559396, 1.8739684039884141, -0.7805519000249005, -0.08350843124224389, 1.5088519528671127, 1.1033427270019756, -0.08091088694001468, 1.4300866302414768, 1.025778669031499]"
prism1,457,/home/humanoid/Programs/hand/results/phase1/run_20260413_pollard_multiscene_500_cem/prism1/generated_mjcf/scene_prism1_tn0d0077p0d0092p0d0053_ip0d0059n0d0119p0d0000_mp0d0084p0d0256p0d0009.xml,prism_y0d0250,True,0.03,1.0,1.0,1.0,3.1400779950147584,0.05607747041371884,3.0,0.009351907703955034,0.026197693716606917,-0.0077221560129722205,0.009241343482545189,0.005305268489148921,0.005934026353985964,-0.01189567654957444,0.0,0.008416652191713826,0.02558215821274215,0.0008878869964164988,"[0.17662273551559396, 1.8739684039884141, -0.7805519000249005, -0.08350843124224389, 1.5088519528671127, 1.1033427270019756, -0.08091088694001468, 1.4300866302414768, 1.025778669031499]"
prism1,458,/home/humanoid/Programs/hand/results/phase1/run_20260413_pollard_multiscene_500_cem/prism1/generated_mjcf/scene_prism1_tn0d0087p0d0102p0d0000_ip0d0007n0d0098p0d0001_mp0d0183p0d0189p0d0098.xml,prism_y0d0250,True,0.03,1.0,1.0,1.0,0.9103271671513917,0.039441037108721246,2.0,0.011419864534426718,8.315129350566657,-0.008684111063004037,0.010177429826163853,0.0,0.0006950654730162355,-0.009834574943168922,9.944646366308318e-05,0.018299039648385917,0.01888504637861417,0.00980088854210293,"[0.17662273551559396, 1.8739684039884141, -0.7805519000249005, -0.08350843124224389, 1.5088519528671127, 1.1033427270019756, -0.08091088694001468, 1.4300866302414768, 1.025778669031499]"
prism1,459,/home/humanoid/Programs/hand/results/phase1/run_20260413_pollard_multiscene_500_cem/prism1/generated_mjcf/scene_prism1_tp0d0038p0d0277p0d0015_ip0d0094n0d0050p0d0087_mp0d0111p0d0248p0d0007.xml,prism_y0d0250,True,0.03,1.0,1.0,1.0,2.7208725340139486,0.04451426485821798,3.0,0.009238103191717795,0.12433686426830187,0.0038372290418067397,0.027679147460744107,0.00146902495111516,0.009444239676410551,-0.005007706588113394,0.008700653976734352,0.01105983181184128,0.024784398737338946,0.0006566282614868125,"[0.17662273551559396, 1.8739684039884141, -0.7805519000249005, -0.08350843124224389, 1.5088519528671127, 1.1033427270019756, -0.08091088694001468, 1.4300866302414768, 1.025778669031499]"
prism1,460,/home/humanoid/Programs/hand/results/phase1/run_20260413_pollard_multiscene_500_cem/prism1/generated_mjcf/scene_prism1_tp0d0051p0d0151p0d0076_in0d0005n0d0087p0d0083_mp0d0021p0d0071p0d0000.xml,prism_y0d0250,True,0.03,1.0,1.0,1.0,2.890771946160078,0.048863911237535904,3.0,0.009079384461338482,0.008707854873347345,0.005070275558583852,0.015144088267443812,0.0076441035634370325,-0.0004886669091993274,-0.008682677275442627,0.008332307329351672,0.0020755398598146044,0.007136235813742821,0.0,"[0.17662273551559396, 1.8739684039884141, -0.7805519000249005, -0.08350843124224389, 1.5088519528671127, 1.1033427270019756, -0.08091088694001468, 1.4300866302414768, 1.025778669031499]"
prism1,461,/home/humanoid/Programs/hand/results/phase1/run_20260413_pollard_multiscene_500_cem/prism1/generated_mjcf/scene_prism1_tn0d0027p0d0160p0d0096_ip0d0197n0d0084p0d0031_mp0d0191p0d0191p0d0000.xml,prism_y0d0250,True,0.03,1.0,1.0,1.0,0.6402583422307044,0.03612139241999294,2.0,0.010586753319576968,9.352112572199296,-0.0027418946600591115,0.015962260923850703,0.009641864745706736,0.019737998008139197,-0.008400394671306056,0.003105569813784431,0.019108178305188572,0.01911854850404001,0.0,"[0.17662273551559396, 1.8739684039884141, -0.7805519000249005, -0.08350843124224389, 1.5088519528671127, 1.1033427270019756, -0.08091088694001468, 1.4300866302414768, 1.025778669031499]"
prism1,462,/home/humanoid/Programs/hand/results/phase1/run_20260413_pollard_multiscene_500_cem/prism1/generated_mjcf/scene_prism1_tn0d0074p0d0158p0d0080_ip0d0193n0d0065p0d0068_mp0d0003p0d0179p0d0022.xml,prism_y0d0250,True,0.03,1.0,1.0,1.0,2.898784473759704,0.04918456052923065,3.0,0.009368691572495605,0.02625174412251686,-0.007404738332604117,0.015765543940939562,0.007990530901553664,0.019324819285983626,-0.006543558792698018,0.006772267263960373,0.0002677811277845294,0.017936383260698505,0.0021669874134804725,"[0.17662273551559396, 1.8739684039884141, -0.7805519000249005, -0.08350843124224389, 1.5088519528671127, 1.1033427270019756, -0.08091088694001468, 1.4300866302414768, 1.025778669031499]"
prism1,463,/home/humanoid/Programs/hand/results/phase1/run_20260413_pollard_multiscene_500_cem/prism1/generated_mjcf/scene_prism1_tn0d0051p0d0300p0d0000_ip0d0060n0d0056p0d0000_mn0d0001p0d0189p0d0000.xml,prism_y0d0250,True,0.03,1.0,1.0,1.0,2.7053783216899445,0.043921814235380136,3.0,0.009256411189685862,0.08914902779325891,-0.005099808976157512,0.03,0.0,0.005961773689922919,-0.005637245574518971,0.0,-0.00013024896387718067,0.018937237793003735,0.0,"[0.17662273551559396, 1.8739684039884141, -0.7805519000249005, -0.08350843124224389, 1.5088519528671127, 1.1033427270019756, -0.08091088694001468, 1.4300866302414768, 1.025778669031499]"
prism1,464,/home/humanoid/Programs/hand/results/phase1/run_20260413_pollard_multiscene_500_cem/prism1/generated_mjcf/scene_prism1_tn0d0054p0d0109p0d0107_ip0d0147n0d0019p0d0104_mp0d0043p0d0052p0d0098.xml,prism_y0d0250,True,0.03,1.0,1.0,1.0,2.296078594389094,0.0434948867659499,2.0,0.010987594528355071,0.028448355749617155,-0.005388295655969974,0.010895009566350942,0.010705614806808997,0.014669172889080135,-0.0018880941279286554,0.010449585597510806,0.004269540828584654,0.005219547507113649,0.009837767568049896,"[0.17662273551559396, 1.8739684039884141, -0.7805519000249005, -0.08350843124224389, 1.5088519528671127, 1.1033427270019756, -0.08091088694001468, 1.4300866302414768, 1.025778669031499]"
prism1,465,/home/humanoid/Programs/hand/results/phase1/run_20260413_pollard_multiscene_500_cem/prism1/generated_mjcf/scene_prism1_tp0d0032p0d0149p0d0000_ip0d0097n0d0096p0d0000_mp0d0036p0d0065p0d0091.xml,prism_y0d0250,True,0.03,1.0,1.0,1.0,2.2144343294633315,0.044837765641783774,2.0,0.009982618602467462,0.8994815386277734,0.0031694280086304993,0.014940037139802399,0.0,0.009734840540635576,-0.009609581632785089,0.0,0.0036017896508224985,0.006460760873302428,0.009061009487349163,"[0.17662273551559396, 1.8739684039884141, -0.7805519000249005, -0.08350843124224389, 1.5088519528671127, 1.1033427270019756, -0.08091088694001468, 1.4300866302414768, 1.025778669031499]"
prism1,466,/home/humanoid/Programs/hand/results/phase1/run_20260413_pollard_multiscene_500_cem/prism1/generated_mjcf/scene_prism1_tn0d0008p0d0260p0d0051_ip0d0026n0d0104p0d0000_mp0d0041p0d0208p0d0000.xml,prism_y0d0250,True,0.03,1.0,1.0,1.0,0.9309383168915835,0.03600177054325927,2.0,0.010323820634539592,7.38984007235608,-0.00081991629980422,0.026034750194938505,0.005062310391965544,0.0025952577325081662,-0.010359114817091094,0.0,0.0040665430258067965,0.020832864965785874,0.0,"[0.17662273551559396, 1.8739684039884141, -0.7805519000249005, -0.08350843124224389, 1.5088519528671127, 1.1033427270019756, -0.08091088694001468, 1.4300866302414768, 1.025778669031499]"
prism1,467,/home/humanoid/Programs/hand/results/phase1/run_20260413_pollard_multiscene_500_cem/prism1/generated_mjcf/scene_prism1_tp0d0054p0d0136p0d0082_ip0d0144n0d0058p0d0089_mp0d0113p0d0095p0d0000.xml,prism_y0d0250,True,0.03,1.0,1.0,1.0,2.4571676131027393,0.04797361583456686,2.0,0.009653202823708363,0.017350236397894372,0.005381576913038623,0.013579279121502625,0.008177907166183992,0.014367376935843145,-0.0058438262028245504,0.008891983580539647,0.011325897271811802,0.00948655199872318,0.0,"[0.17662273551559396, 1.8739684039884141, -0.7805519000249005, -0.08350843124224389, 1.5088519528671127, 1.1033427270019756, -0.08091088694001468, 1.4300866302414768, 1.025778669031499]"
prism1,468,/home/humanoid/Programs/hand/results/phase1/run_20260413_pollard_multiscene_500_cem/prism1/generated_mjcf/scene_prism1_tn0d0114p0d0187p0d0000_in0d0008n0d0220p0d0034_mn0d0007p0d0127p0d0000.xml,prism_y0d0250,True,0.03,1.0,1.0,1.0,0.720725184116981,0.04032858573372543,2.0,0.01103137227864708,9.791417146707433,-0.011409274767089164,0.0186899836045733,0.0,-0.0008462088297067905,-0.021983896864782655,0.0034054610646400817,-0.0006828656042447961,0.012675653524392668,0.0,"[0.17662273551559396, 1.8739684039884141, -0.7805519000249005, -0.08350843124224389, 1.5088519528671127, 1.1033427270019756, -0.08091088694001468, 1.4300866302414768, 1.025778669031499]"
prism1,469,/home/humanoid/Programs/hand/results/phase1/run_20260413_pollard_multiscene_500_cem/prism1/generated_mjcf/scene_prism1_tn0d0118p0d0098p0d0078_ip0d0157n0d0179p0d0052_mp0d0014p0d0208p0d0000.xml,prism_y0d0250,True,0.03,1.0,1.0,1.0,2.9193031607970936,0.049760797707856345,3.0,0.009431903248373771,0.023073016540876568,-0.011765599472505791,0.009785349809807487,0.007848847332914674,0.015698333536894954,-0.017885917142791793,0.005184286748598808,0.001352126037304658,0.020801664430839015,0.0,"[0.17662273551559396, 1.8739684039884141, -0.7805519000249005, -0.08350843124224389, 1.5088519528671127, 1.1033427270019756, -0.08091088694001468, 1.4300866302414768, 1.025778669031499]"
prism1,470,/home/humanoid/Programs/hand/results/phase1/run_20260413_pollard_multiscene_500_cem/prism1/generated_mjcf/scene_prism1_tp0d0022p0d0300p0d0106_in0d0001n0d0100p0d0000_mn0d0008p0d0202p0d0001.xml,prism_y0d0250,True,0.03,1.0,1.0,1.0,2.0715525456768376,0.03724358292016937,2.0,0.011008952355301346,0.06636634545658435,0.00222650229601605,0.03,0.010567096174962709,-5.7014551148235754e-05,-0.010043033904746949,0.0,-0.0007655641616628912,0.020205489345903757,0.0001371397360768658,"[0.17662273551559396, 1.8739684039884141, -0.7805519000249005, -0.08350843124224389, 1.5088519528671127, 1.1033427270019756, -0.08091088694001468, 1.4300866302414768, 1.025778669031499]"
prism1,471,/home/humanoid/Programs/hand/results/phase1/run_20260413_pollard_multiscene_500_cem/prism1/generated_mjcf/scene_prism1_tp0d0030p0d0113p0d0000_ip0d0151n0d0021p0d0000_mp0d0216p0d0086p0d0000.xml,prism_y0d0250,True,0.03,1.0,1.0,1.0,0.8622651176683684,0.044423693003941035,2.0,0.011912427125109265,9.791595221462329,0.003032211930165382,0.011261223420214555,0.0,0.015117565516981355,-0.0020649879170627477,0.0,0.021614954396179616,0.008557351577785258,0.0,"[0.17662273551559396, 1.8739684039884141, -0.7805519000249005, -0.08350843124224389, 1.5088519528671127, 1.1033427270019756, -0.08091088694001468, 1.4300866302414768, 1.025778669031499]"
prism1,472,/home/humanoid/Programs/hand/results/phase1/run_20260413_pollard_multiscene_500_cem/prism1/generated_mjcf/scene_prism1_tp0d0055p0d0142p0d0109_in0d0009n0d0107p0d0073_mp0d0158p0d0263p0d0000.xml,prism_y0d0250,True,0.03,1.0,1.0,1.0,1.0264316645363751,0.038460887265556416,2.0,0.010564223414802835,7.323806286189958,0.005482028692666837,0.014177397811001843,0.010903324251496305,-0.0008679015118163037,-0.010667320474653916,0.00725789014008766,0.015787351380811068,0.02633354953180985,0.0,"[0.17662273551559396, 1.8739684039884141, -0.7805519000249005, -0.08350843124224389, 1.5088519528671127, 1.1033427270019756, -0.08091088694001468, 1.4300866302414768, 1.025778669031499]"
prism1,473,/home/humanoid/Programs/hand/results/phase1/run_20260413_pollard_multiscene_500_cem/prism1/generated_mjcf/scene_prism1_tp0d0028p0d0111p0d0000_ip0d0158n0d0076p0d0066_mp0d0190p0d0078p0d0052.xml,prism_y0d0250,True,0.03,1.0,1.0,1.0,2.393964973527673,0.046630184688672416,2.0,0.011216385737839646,0.104391460667881,0.002787428416073051,0.011124309693084186,0.0,0.015762279253828677,-0.007609730635977962,0.006600435282516717,0.01895273993524628,0.007783232773671751,0.005163729948006412,"[0.17662273551559396, 1.8739684039884141, -0.7805519000249005, -0.08350843124224389, 1.5088519528671127, 1.1033427270019756, -0.08091088694001468, 1.4300866302414768, 1.025778669031499]"
prism1,474,/home/humanoid/Programs/hand/results/phase1/run_20260413_pollard_multiscene_500_cem/prism1/generated_mjcf/scene_prism1_tp0d0075p0d0138p0d0000_ip0d0057n0d0219p0d0086_mp0d0161p0d0036p0d0000.xml,prism_y0d0250,True,0.03,1.0,1.0,1.0,2.3005300614815023,0.04856917776395624,2.0,0.011961938252588365,1.1697818916785934,0.007473701560144725,0.013832646818040854,0.0,0.005676260346304213,-0.021940866096397726,0.008647108538634853,0.016052627074017313,0.0035593571489968313,0.0,"[0.17662273551559396, 1.8739684039884141, -0.7805519000249005, -0.08350843124224389, 1.5088519528671127, 1.1033427270019756, -0.08091088694001468, 1.4300866302414768, 1.025778669031499]"
prism1,475,/home/humanoid/Programs/hand/results/phase1/run_20260413_pollard_multiscene_500_cem/prism1/generated_mjcf/scene_prism1_tp0d0076p0d0300p0d0000_ip0d0208n0d0131p0d0000_mn0d0016p0d0056p0d0012.xml,prism_y0d0250,True,0.03,1.0,1.0,1.0,2.884132421116009,0.04878718868824447,3.0,0.009250556687308887,0.03278713065286691,0.007629969449959299,0.03,0.0,0.02084695203995446,-0.013079106497613992,0.0,-0.0016474320179972243,0.005604879919699405,0.0012319919719836047,"[0.17662273551559396, 1.8739684039884141, -0.7805519000249005, -0.08350843124224389, 1.5088519528671127, 1.1033427270019756, -0.08091088694001468, 1.4300866302414768, 1.025778669031499]"
prism1,476,/home/humanoid/Programs/hand/results/phase1/run_20260413_pollard_multiscene_500_cem/prism1/generated_mjcf/scene_prism1_tp0d0118p0d0279p0d0112_ip0d0203n0d0028p0d0075_mp0d0128p0d0199p0d0107.xml,prism_y0d0250,True,0.03,1.0,1.0,1.0,2.863987961509021,0.048336892769818667,3.0,0.009286580290887416,0.061534165685717505,0.011840430954169388,0.027935950600095887,0.01118669848282157,0.020329158687063302,-0.002805143197382407,0.007519427185789622,0.01275148782269786,0.019934227857964906,0.010702847419610532,"[0.17662273551559396, 1.8739684039884141, -0.7805519000249005, -0.08350843124224389, 1.5088519528671127, 1.1033427270019756, -0.08091088694001468, 1.4300866302414768, 1.025778669031499]"
prism1,477,/home/humanoid/Programs/hand/results/phase1/run_20260413_pollard_multiscene_500_cem/prism1/generated_mjcf/scene_prism1_tp0d0035p0d0101p0d0008_ip0d0170n0d0216p0d0000_mp0d0184p0d0054p0d0000.xml,prism_y0d0250,True,0.03,1.0,1.0,1.0,2.284682430841809,0.04877644422608758,2.0,0.011196828699987687,1.33399639780854,0.003532706305282232,0.010064409176203722,0.0007671164180321852,0.016983686550221457,-0.02158511885854595,0.0,0.018377546113442306,0.0054433989863529875,0.0,"[0.17662273551559396, 1.8739684039884141, -0.7805519000249005, -0.08350843124224389, 1.5088519528671127, 1.1033427270019756, -0.08091088694001468, 1.4300866302414768, 1.025778669031499]"
prism1,478,/home/humanoid/Programs/hand/results/phase1/run_20260413_pollard_multiscene_500_cem/prism1/generated_mjcf/scene_prism1_tp0d0004p0d0216p0d0069_ip0d0154n0d0225p0d0015_mp0d0145p0d0270p0d0071.xml,prism_y0d0250,True,0.03,1.0,1.0,1.0,0.555179184745834,0.03881718714100209,2.0,0.01099863599724761,10.542833954631625,0.0004021373010342118,0.021570085370465064,0.006861995303780965,0.015395232114689744,-0.022512682614668177,0.0014686024647519863,0.014504301258655013,0.027042155239312353,0.007146943895862106,"[0.17662273551559396, 1.8739684039884141, -0.7805519000249005, -0.08350843124224389, 1.5088519528671127, 1.1033427270019756, -0.08091088694001468, 1.4300866302414768, 1.025778669031499]"
prism1,479,/home/humanoid/Programs/hand/results/phase1/run_20260413_pollard_multiscene_500_cem/prism1/generated_mjcf/scene_prism1_tp0d0096p0d0159p0d0005_in0d0007n0d0051p0d0022_mp0d0147p0d0272p0d0076.xml,prism_y0d0250,True,0.03,1.0,1.0,1.0,2.927332742050929,0.04989227892574892,3.0,0.008666835572561113,0.010422328034409251,0.009594060715247866,0.015874209928032755,0.0005246555194527141,-0.0006892630481953044,-0.005095977938302259,0.002235288648113707,0.01474634968078216,0.027241851348343935,0.007604286297816443,"[0.17662273551559396, 1.8739684039884141, -0.7805519000249005, -0.08350843124224389, 1.5088519528671127, 1.1033427270019756, -0.08091088694001468, 1.4300866302414768, 1.025778669031499]"
prism1,480,/home/humanoid/Programs/hand/results/phase1/run_20260413_pollard_multiscene_500_cem/prism1/generated_mjcf/scene_prism1_tn0d0066p0d0101p0d0000_ip0d0142n0d0234p0d0072_mp0d0124p0d0232p0d0000.xml,prism_y0d0250,True,0.03,1.0,1.0,1.0,2.9202446834933586,0.049696623979992305,3.0,0.009425206722513155,0.0019116157423068679,-0.006594381918308316,0.010115788867042789,0.0,0.014238195089008763,-0.023356292142754483,0.007217844165074538,0.012374884987691043,0.02323082678296967,0.0,"[0.17662273551559396, 1.8739684039884141, -0.7805519000249005, -0.08350843124224389, 1.5088519528671127, 1.1033427270019756, -0.08091088694001468, 1.4300866302414768, 1.025778669031499]"
prism1,481,/home/humanoid/Programs/hand/results/phase1/run_20260413_pollard_multiscene_500_cem/prism1/generated_mjcf/scene_prism1_tn0d0042p0d0108p0d0000_ip0d0050n0d0165p0d0000_mp0d0091p0d0259p0d0100.xml,prism_y0d0250,True,0.03,1.0,1.0,1.0,3.079653096602824,0.05440658476953318,3.0,0.009265950848174059,0.04030312422993143,-0.0042281149078721115,0.01083128765777069,0.0,0.004986767634672156,-0.016452708630349696,0.0,0.00910392439192348,0.02593147672649057,0.009987862840108785,"[0.17662273551559396, 1.8739684039884141, -0.7805519000249005, -0.08350843124224389, 1.5088519528671127, 1.1033427270019756, -0.08091088694001468, 1.4300866302414768, 1.025778669031499]"
prism1,482,/home/humanoid/Programs/hand/results/phase1/run_20260413_pollard_multiscene_500_cem/prism1/generated_mjcf/scene_prism1_tn0d0098p0d0121p0d0012_ip0d0047n0d0163p0d0119_mp0d0210p0d0054p0d0039.xml,prism_y0d0250,True,0.03,1.0,1.0,1.0,1.1640331672389965,0.040796652223208885,2.0,0.014415912490668039,6.900118903946523,-0.009785904135380658,0.012145531883004285,0.0011952640352207375,0.004714135885396038,-0.01625831757918936,0.011942494800905243,0.021011383902793244,0.00537992948582189,0.003885434767348487,"[0.17662273551559396, 1.8739684039884141, -0.7805519000249005, -0.08350843124224389, 1.5088519528671127, 1.1033427270019756, -0.08091088694001468, 1.4300866302414768, 1.025778669031499]"
prism1,483,/home/humanoid/Programs/hand/results/phase1/run_20260413_pollard_multiscene_500_cem/prism1/generated_mjcf/scene_prism1_tp0d0109p0d0127p0d0019_ip0d0088n0d0202p0d0065_mp0d0187p0d0240p0d0000.xml,prism_y0d0250,True,0.03,1.0,1.0,1.0,0.8036522256976977,0.04046842873379893,2.0,0.009919563738159503,9.28602435005964,0.010894348867085565,0.012710075306302046,0.0018722219357900777,0.008848358440154708,-0.020194848826237767,0.006485100261905189,0.018678946417392296,0.024026488161248492,4.530683727942651e-05,"[0.17662273551559396, 1.8739684039884141, -0.7805519000249005, -0.08350843124224389, 1.5088519528671127, 1.1033427270019756, -0.08091088694001468, 1.4300866302414768, 1.025778669031499]"
prism1,484,/home/humanoid/Programs/hand/results/phase1/run_20260413_pollard_multiscene_500_cem/prism1/generated_mjcf/scene_prism1_tn0d0052p0d0171p0d0000_ip0d0114n0d0080p0d0001_mp0d0184p0d0173p0d0101.xml,prism_y0d0250,True,0.03,1.0,1.0,1.0,0.9169724452176276,0.03958695257383866,2.0,0.01091104855388874,8.31165865172632,-0.005160010769570534,0.017119655572404743,0.0,0.011431032996217559,-0.008025402495112839,6.745440736844431e-05,0.018422271121277062,0.017256367578312053,0.010058918050668147,"[0.17662273551559396, 1.8739684039884141, -0.7805519000249005, -0.08350843124224389, 1.5088519528671127, 1.1033427270019756, -0.08091088694001468, 1.4300866302414768, 1.025778669031499]"
prism1,485,/home/humanoid/Programs/hand/results/phase1/run_20260413_pollard_multiscene_500_cem/prism1/generated_mjcf/scene_prism1_tp0d0088p0d0135p0d0000_ip0d0118n0d0067p0d0000_mp0d0202p0d0130p0d0000.xml,prism_y0d0250,True,0.03,1.0,1.0,1.0,2.471324331872545,0.048420232417387694,2.0,0.011017390267080924,0.008993481345749796,0.008772642373253814,0.013473487068065018,0.0,0.011840300635021877,-0.0066831136960992295,0.0,0.020173904665329145,0.012994021296588502,0.0,"[0.17662273551559396, 1.8739684039884141, -0.7805519000249005, -0.08350843124224389, 1.5088519528671127, 1.1033427270019756, -0.08091088694001468, 1.4300866302414768, 1.025778669031499]"
prism1,486,/home/humanoid/Programs/hand/results/phase1/run_20260413_pollard_multiscene_500_cem/prism1/generated_mjcf/scene_prism1_tp0d0076p0d0110p0d0119_ip0d0205n0d0031p0d0000_mp0d0192p0d0140p0d0000.xml,prism_y0d0250,True,0.03,1.0,1.0,1.0,2.938194132836894,0.050256547836022694,3.0,0.009424282841949549,0.012909838266676976,0.007581525711751653,0.010985390094024649,0.01190669299281387,0.020533639884696864,-0.00312243768418328,0.0,0.019226256050701995,0.014038426579401892,0.0,"[0.17662273551559396, 1.8739684039884141, -0.7805519000249005, -0.08350843124224389, 1.5088519528671127, 1.1033427270019756, -0.08091088694001468, 1.4300866302414768, 1.025778669031499]"
prism1,487,/home/humanoid/Programs/hand/results/phase1/run_20260413_pollard_multiscene_500_cem/prism1/generated_mjcf/scene_prism1_tp0d0088p0d0220p0d0000_ip0d0041n0d0100p0d0000_mp0d0023p0d0105p0d0000.xml,prism_y0d0250,True,0.03,1.0,1.0,1.0,2.901224407104465,0.04987031270311465,3.0,0.008739069299694069,0.1783893260343996,0.008751521139274309,0.02195813433495425,0.0,0.004088112811065856,-0.010035573251982316,0.0,0.0022695589478362553,0.010519856420060628,0.0,"[0.17662273551559396, 1.8739684039884141, -0.7805519000249005, -0.08350843124224389, 1.5088519528671127, 1.1033427270019756, -0.08091088694001468, 1.4300866302414768, 1.025778669031499]"
prism1,488,/home/humanoid/Programs/hand/results/phase1/run_20260413_pollard_multiscene_500_cem/prism1/generated_mjcf/scene_prism1_tp0d0040p0d0252p0d0000_ip0d0175n0d0024p0d0099_mp0d0139p0d0140p0d0000.xml,prism_y0d0250,True,0.03,1.0,1.0,1.0,2.834867844729884,0.04738658494095879,3.0,0.009265032605743777,0.03421708661457534,0.0040151865912417435,0.02517965433679476,0.0,0.017472318988795123,-0.0023861769190015748,0.009858527470894534,0.013947603886014506,0.014000716894325091,0.0,"[0.17662273551559396, 1.8739684039884141, -0.7805519000249005, -0.08350843124224389, 1.5088519528671127, 1.1033427270019756, -0.08091088694001468, 1.4300866302414768, 1.025778669031499]"
prism1,489,/home/humanoid/Programs/hand/results/phase1/run_20260413_pollard_multiscene_500_cem/prism1/generated_mjcf/scene_prism1_tp0d0115p0d0273p0d0000_ip0d0172n0d0229p0d0117_mp0d0010p0d0058p0d0081.xml,prism_y0d0250,True,0.03,1.0,1.0,1.0,1.3102479586159117,0.04477599630149352,2.0,0.010799346855145477,6.902088121507138,0.011498811694675162,0.02730715923601008,0.0,0.01719954964271813,-0.02291522830305808,0.011660194511019378,0.000951591731001138,0.005777731413406928,0.008084415280346147,"[0.17662273551559396, 1.8739684039884141, -0.7805519000249005, -0.08350843124224389, 1.5088519528671127, 1.1033427270019756, -0.08091088694001468, 1.4300866302414768, 1.025778669031499]"
prism1,490,/home/humanoid/Programs/hand/results/phase1/run_20260413_pollard_multiscene_500_cem/prism1/generated_mjcf/scene_prism1_tn0d0103p0d0157p0d0000_ip0d0039n0d0154p0d0024_mp0d0106p0d0269p0d0095.xml,prism_y0d0250,True,0.03,1.0,1.0,1.0,0.869357344297933,0.04107519409187542,2.0,0.011800285845308574,8.964492514847265,-0.01033819147763369,0.015694722108475882,0.0,0.0038626213160662783,-0.01540010741443225,0.002371286748752201,0.010604854281785482,0.02690137877281787,0.009546302702118915,"[0.17662273551559396, 1.8739684039884141, -0.7805519000249005, -0.08350843124224389, 1.5088519528671127, 1.1033427270019756, -0.08091088694001468, 1.4300866302414768, 1.025778669031499]"
prism1,491,/home/humanoid/Programs/hand/results/phase1/run_20260413_pollard_multiscene_500_cem/prism1/generated_mjcf/scene_prism1_tn0d0023p0d0233p0d0063_ip0d0006n0d0094p0d0055_mp0d0146p0d0041p0d0107.xml,prism_y0d0250,True,0.03,1.0,1.0,1.0,1.3571084960086734,0.03779704252570233,2.0,0.014639064394893387,4.910065757340807,-0.002329973913256801,0.023270871193499486,0.006282828895953191,0.0005698282814026179,-0.00942041051014574,0.005458426041261531,0.014598589441035268,0.00405319105217238,0.010694641674625756,"[0.17662273551559396, 1.8739684039884141, -0.7805519000249005, -0.08350843124224389, 1.5088519528671127, 1.1033427270019756, -0.08091088694001468, 1.4300866302414768, 1.025778669031499]"
prism1,492,/home/humanoid/Programs/hand/results/phase1/run_20260413_pollard_multiscene_500_cem/prism1/generated_mjcf/scene_prism1_tn0d0120p0d0103p0d0000_ip0d0137n0d0123p0d0000_mp0d0054p0d0081p0d0045.xml,prism_y0d0250,True,0.03,1.0,1.0,1.0,2.892497258948674,0.049005147901071064,3.0,0.009451368785550716,0.025201200118077825,-0.011976922786092133,0.010296461513639622,0.0,0.013723523804438831,-0.01225337989012358,0.0,0.005424176997103532,0.008063687818109542,0.004537319127635171,"[0.17662273551559396, 1.8739684039884141, -0.7805519000249005, -0.08350843124224389, 1.5088519528671127, 1.1033427270019756, -0.08091088694001468, 1.4300866302414768, 1.025778669031499]"
prism1,493,/home/humanoid/Programs/hand/results/phase1/run_20260413_pollard_multiscene_500_cem/prism1/generated_mjcf/scene_prism1_tp0d0088p0d0282p0d0000_ip0d0061n0d0212p0d0086_mp0d0193p0d0217p0d0044.xml,prism_y0d0250,True,0.03,1.0,1.0,1.0,0.6222826116782445,0.04777892778222288,2.0,0.014912624914339256,12.134364072472518,0.008810582318479962,0.02823864594716607,0.0,0.006079133984940187,-0.021190124465350433,0.008551471268848924,0.0193094866325604,0.021664834753422582,0.004377443391571888,"[0.17662273551559396, 1.8739684039884141, -0.7805519000249005, -0.08350843124224389, 1.5088519528671127, 1.1033427270019756, -0.08091088694001468, 1.4300866302414768, 1.025778669031499]"
prism1,494,/home/humanoid/Programs/hand/results/phase1/run_20260413_pollard_multiscene_500_cem/prism1/generated_mjcf/scene_prism1_tp0d0006p0d0298p0d0000_ip0d0182n0d0143p0d0033_mp0d0144p0d0134p0d0000.xml,prism_y0d0250,True,0.03,1.0,1.0,1.0,0.8487385587843319,0.03896066575952928,2.0,0.012060133764590484,8.605096501800078,0.0006423515573065076,0.029804859421237912,0.0,0.01822084788801706,-0.014321454506167038,0.0032808942086269676,0.0143580323783207,0.013396258077430756,0.0,"[0.17662273551559396, 1.8739684039884141, -0.7805519000249005, -0.08350843124224389, 1.5088519528671127, 1.1033427270019756, -0.08091088694001468, 1.4300866302414768, 1.025778669031499]"
prism1,495,/home/humanoid/Programs/hand/results/phase1/run_20260413_pollard_multiscene_500_cem/prism1/generated_mjcf/scene_prism1_tp0d0045p0d0202p0d0000_ip0d0187n0d0027p0d0000_mp0d0092p0d0076p0d0019.xml,prism_y0d0250,True,0.03,1.0,1.0,1.0,1.1071109719965169,0.042018232844947725,2.0,0.00998007972568953,7.623780120835162,0.004459944146623599,0.020157888414723962,0.0,0.018738071733546885,-0.002711925195349201,0.0,0.0092276115898702,0.0075653226688972225,0.0018619001808148194,"[0.17662273551559396, 1.8739684039884141, -0.7805519000249005, -0.08350843124224389, 1.5088519528671127, 1.1033427270019756, -0.08091088694001468, 1.4300866302414768, 1.025778669031499]"
prism1,496,/home/humanoid/Programs/hand/results/phase1/run_20260413_pollard_multiscene_500_cem/prism1/generated_mjcf/scene_prism1_tn0d0009p0d0248p0d0099_ip0d0088n0d0012p0d0000_mp0d0184p0d0181p0d0000.xml,prism_y0d0250,True,0.03,1.0,1.0,1.0,2.08480711363982,0.03737835770945383,2.0,0.011717308619092606,5.2596858599325116e-06,-0.0008933137833174749,0.024786767158425156,0.009864986063080061,0.008841727231664482,-0.0012339940763756874,0.0,0.018411304301340338,0.01808062999647958,0.0,"[0.17662273551559396, 1.8739684039884141, -0.7805519000249005, -0.08350843124224389, 1.5088519528671127, 1.1033427270019756, -0.08091088694001468, 1.4300866302414768, 1.025778669031499]"
prism1,497,/home/humanoid/Programs/hand/results/phase1/run_20260413_pollard_multiscene_500_cem/prism1/generated_mjcf/scene_prism1_tn0d0097p0d0212p0d0092_ip0d0104n0d0190p0d0000_mp0d0216p0d0200p0d0095.xml,prism_y0d0250,True,0.03,1.0,1.0,1.0,0.530910808339083,0.037151144358510385,2.0,0.015975866396897274,10.249516742766575,-0.009713218372601893,0.021152490188781035,0.009228060343378315,0.010391589576232495,-0.019031929684336403,0.0,0.02163107469634539,0.020045375014204635,0.009475648985567953,"[0.17662273551559396, 1.8739684039884141, -0.7805519000249005, -0.08350843124224389, 1.5088519528671127, 1.1033427270019756, -0.08091088694001468, 1.4300866302414768, 1.025778669031499]"
prism1,498,/home/humanoid/Programs/hand/results/phase1/run_20260413_pollard_multiscene_500_cem/prism1/generated_mjcf/scene_prism1_tn0d0119p0d0090p0d0017_ip0d0053n0d0047p0d0038_mp0d0079p0d0177p0d0074.xml,prism_y0d0250,True,0.03,1.0,1.0,1.0,2.9057659416445563,0.049417638789181983,3.0,0.009316984583092871,0.03478297873751659,-0.011909862353567426,0.008988565285749352,0.001733493470553472,0.005262883245504537,-0.00472709212620471,0.003801006143391579,0.00789349564076763,0.01765195848887168,0.0073960258272467334,"[0.17662273551559396, 1.8739684039884141, -0.7805519000249005, -0.08350843124224389, 1.5088519528671127, 1.1033427270019756, -0.08091088694001468, 1.4300866302414768, 1.025778669031499]"
prism1,499,/home/humanoid/Programs/hand/results/phase1/run_20260413_pollard_multiscene_500_cem/prism1/generated_mjcf/scene_prism1_tp0d0014p0d0095p0d0000_ip0d0084n0d0171p0d0015_mp0d0149p0d0186p0d0000.xml,prism_y0d0250,True,0.03,1.0,1.0,1.0,2.931849218618098,0.0500306365759583,3.0,0.009211925729248513,0.005328067212970974,0.0013764715164408785,0.00947601429432269,0.0,0.008399100002780555,-0.017066066196626872,0.0014972733179993147,0.014912960203866244,0.018649016434409443,0.0,"[0.17662273551559396, 1.8739684039884141, -0.7805519000249005, -0.08350843124224389, 1.5088519528671127, 1.1033427270019756, -0.08091088694001468, 1.4300866302414768, 1.025778669031499]"
