scene_key,candidate_id,scene_xml,selected_foundational_pose,feasible,feasibility_max_mean_tip_distance,feasibility_min_contacts,feasible_pose_count,foundational_pose_count,score,cube_lift,cube_tip_contacts,mean_tip_distance,cube_vel_norm,cube_xy_drift,cube_z_drop_from_peak,contact_persistence,thumb_x,thumb_y,thumb_len,index_x,index_y,index_len,middle_x,middle_y,middle_len,chosen_ctrl_json
prism3,0,/home/humanoid/Programs/hand/results/phase1/run_20260413_pollard_multiscene_500_run2_refined/prism3/generated_mjcf/scene_prism3_tp0d0000p0d0200p0d0000_ip0d0100n0d0123p0d0000_mp0d0100p0d0153p0d0000.xml,prism_y0d0350,True,0.02,4.0,1.0,1.0,4.101198176235984,0.04968198639881125,4.0,0.005955461103148985,0.10908849465759686,0.0015178688130123089,2.4161536616551516e-05,1.0,0.0,0.02,0.0,0.01,-0.0123,0.0,0.01,0.0153,0.0,"[0.0866328403045137, 1.2719057801813232, -1.0627636242929768, -0.06422771720503051, 1.503924751709878, 0.9417088640929628, 0.02164145555888773, 1.362973650422814, 1.2451251790621114]"
prism3,1,/home/humanoid/Programs/hand/results/phase1/run_20260413_pollard_multiscene_500_run2_refined/prism3/generated_mjcf/scene_prism3_tp0d0033p0d0145p0d0000_in0d0016n0d0048p0d0099_mp0d0126p0d0208p0d0010.xml,prism_y0d0350,True,0.02,4.0,1.0,1.0,4.4895250927567565,0.05044730877432002,5.0,0.007649094142965565,0.2924244172909408,0.0023295454908999905,0.0002492992099560193,1.0,0.0032870804957149027,0.014474881130332889,0.0,-0.001603336747315302,-0.004781514259193461,0.009906133854665322,0.012559258618412316,0.02080791746361596,0.0010469997951701483,"[0.0866328403045137, 1.2719057801813232, -1.0627636242929768, -0.06422771720503051, 1.503924751709878, 0.9417088640929628, 0.02164145555888773, 1.362973650422814, 1.2451251790621114]"
prism3,2,/home/humanoid/Programs/hand/results/phase1/run_20260413_pollard_multiscene_500_run2_refined/prism3/generated_mjcf/scene_prism3_tp0d0104p0d0276p0d0000_ip0d0186n0d0235p0d0055_mp0d0022p0d0240p0d0010.xml,prism_y0d0350,True,0.02,4.0,1.0,1.0,3.8624705519367426,0.0486569690934779,4.0,0.008593307955812935,1.0639377079230408,0.009395254588766177,0.0006145472251920386,1.0,0.010441738170906437,0.02758048529891677,0.0,0.018577702638101663,-0.023493946192668855,0.005511730714318659,0.002215734894461416,0.024016294136397276,0.0009950692859782007,"[0.0866328403045137, 1.2719057801813232, -1.0627636242929768, -0.06422771720503051, 1.503924751709878, 0.9417088640929628, 0.02164145555888773, 1.362973650422814, 1.2451251790621114]"
prism3,3,/home/humanoid/Programs/hand/results/phase1/run_20260413_pollard_multiscene_500_run2_refined/prism3/generated_mjcf/scene_prism3_tn0d0048p0d0181p0d0000_ip0d0010n0d0082p0d0035_mp0d0128p0d0125p0d0119.xml,prism_y0d0350,True,0.02,4.0,1.0,1.0,4.981368053161179,0.052275930145412305,6.0,0.006597588759555383,0.08509945060837017,0.003155755907184448,0.00028290594789825985,1.0,-0.004806914627102765,0.018144493308743802,0.0,0.0009827986359895336,-0.008205014047352873,0.003532548277782002,0.012769242675550093,0.012508261302285202,0.011933038458941066,"[0.0866328403045137, 1.2719057801813232, -1.0627636242929768, -0.06422771720503051, 1.503924751709878, 0.9417088640929628, 0.02164145555888773, 1.362973650422814, 1.2451251790621114]"
prism3,4,/home/humanoid/Programs/hand/results/phase1/run_20260413_pollard_multiscene_500_run2_refined/prism3/generated_mjcf/scene_prism3_tp0d0115p0d0245p0d0036_ip0d0145n0d0150p0d0000_mp0d0153p0d0159p0d0000.xml,prism_y0d0350,True,0.02,4.0,1.0,1.0,4.45318616182061,0.05403237729337379,5.0,0.006202020440617871,0.7680201371515009,0.01836462213413517,1.2687432391744746e-05,1.0,0.011540048130629522,0.024453007627536674,0.0036110226304275905,0.014522721533702562,-0.014965885824501509,0.0,0.01531572016465796,0.01590850373941742,0.0,"[0.0866328403045137, 1.2719057801813232, -1.0627636242929768, -0.06422771720503051, 1.503924751709878, 0.9417088640929628, 0.02164145555888773, 1.362973650422814, 1.2451251790621114]"
prism3,5,/home/humanoid/Programs/hand/results/phase1/run_20260413_pollard_multiscene_500_run2_refined/prism3/generated_mjcf/scene_prism3_tn0d0003p0d0293p0d0104_ip0d0066n0d0106p0d0000_mp0d0123p0d0114p0d0000.xml,prism_y0d0350,True,0.02,4.0,1.0,1.0,4.517119285239386,0.052768374445267205,5.0,0.006390291241244606,0.14083604539571032,0.014477018389543373,0.0007504767263217527,1.0,-0.00033995138803706235,0.02934770802437601,0.010417044382949991,0.006587084721017685,-0.010583284062485737,0.0,0.012263200724792723,0.011409869412171198,0.0,"[0.0866328403045137, 1.2719057801813232, -1.0627636242929768, -0.06422771720503051, 1.503924751709878, 0.9417088640929628, 0.02164145555888773, 1.362973650422814, 1.2451251790621114]"
prism3,6,/home/humanoid/Programs/hand/results/phase1/run_20260413_pollard_multiscene_500_run2_refined/prism3/generated_mjcf/scene_prism3_tp0d0094p0d0135p0d0030_ip0d0000n0d0043p0d0069_mp0d0037p0d0243p0d0000.xml,prism_y0d0350,True,0.02,4.0,1.0,1.0,3.743368868999098,0.04959432124590586,4.0,0.011710832480394243,1.920904177525311,0.010000218271328926,0.0017394811158374102,1.0,0.009366584448115015,0.013451782244801112,0.002956491472465019,1.6368245977236087e-05,-0.004316540456318454,0.0068903593797284,0.003744866631830852,0.02433562153945689,0.0,"[0.0866328403045137, 1.2719057801813232, -1.0627636242929768, -0.06422771720503051, 1.503924751709878, 0.9417088640929628, 0.02164145555888773, 1.362973650422814, 1.2451251790621114]"
prism3,7,/home/humanoid/Programs/hand/results/phase1/run_20260413_pollard_multiscene_500_run2_refined/prism3/generated_mjcf/scene_prism3_tn0d0039p0d0116p0d0000_ip0d0171n0d0188p0d0000_mp0d0077p0d0081p0d0000.xml,prism_y0d0350,True,0.02,4.0,1.0,1.0,4.490565738174515,0.04961037572461145,5.0,0.005951852815818942,0.1131397753313179,0.0025425258564168037,0.00013896542642072296,1.0,-0.003933190546904152,0.011606707205476137,0.0,0.017111782486895065,-0.01876458698415006,0.0,0.007709244155716676,0.008064313068222126,0.0,"[0.0866328403045137, 1.2719057801813232, -1.0627636242929768, -0.06422771720503051, 1.503924751709878, 0.9417088640929628, 0.02164145555888773, 1.362973650422814, 1.2451251790621114]"
prism3,8,/home/humanoid/Programs/hand/results/phase1/run_20260413_pollard_multiscene_500_run2_refined/prism3/generated_mjcf/scene_prism3_tp0d0019p0d0152p0d0041_ip0d0028n0d0017p0d0000_mp0d0005p0d0184p0d0103.xml,prism_y0d0350,True,0.02,4.0,1.0,1.0,4.3857325578156034,0.04800239178041252,5.0,0.008037051265096564,0.15877419029539777,0.0043347018127874596,0.002371059378967255,1.0,0.0019279772636844154,0.015168707187654142,0.004127877070952624,0.002788370655237119,-0.0016892853478440526,0.0,0.0005318867096855088,0.018398595636953022,0.010251709273628819,"[0.0866328403045137, 1.2719057801813232, -1.0627636242929768, -0.06422771720503051, 1.503924751709878, 0.9417088640929628, 0.02164145555888773, 1.362973650422814, 1.2451251790621114]"
prism3,9,/home/humanoid/Programs/hand/results/phase1/run_20260413_pollard_multiscene_500_run2_refined/prism3/generated_mjcf/scene_prism3_tn0d0014p0d0300p0d0000_ip0d0082n0d0094p0d0119_mp0d0208p0d0143p0d0062.xml,prism_y0d0350,True,0.02,4.0,1.0,1.0,3.940931414288409,0.053487981243167684,4.0,0.006017738806853003,1.7755726133906617,0.008796093266692532,0.0,1.0,-0.0014309482868211845,0.03,0.0,0.008205486996377813,-0.009414877151630932,0.011882316125647777,0.02077464819850637,0.014341083343418305,0.006185492287398994,"[0.0866328403045137, 1.2719057801813232, -1.0627636242929768, -0.06422771720503051, 1.503924751709878, 0.9417088640929628, 0.02164145555888773, 1.362973650422814, 1.2451251790621114]"
prism3,10,/home/humanoid/Programs/hand/results/phase1/run_20260413_pollard_multiscene_500_run2_refined/prism3/generated_mjcf/scene_prism3_tn0d0001p0d0207p0d0069_ip0d0080n0d0067p0d0051_mp0d0204p0d0061p0d0055.xml,prism_y0d0350,True,0.02,4.0,1.0,1.0,4.51442075477017,0.0494508855897563,5.0,0.006054137616069146,0.006454130125282051,0.00029478121233757594,0.00012626323719534815,1.0,-6.185530829714431e-05,0.02070349184472249,0.00685885681713138,0.0079517403845361,-0.006672394277070495,0.005067429071753997,0.020369432478721076,0.006058383198741723,0.005496362809831425,"[0.0866328403045137, 1.2719057801813232, -1.0627636242929768, -0.06422771720503051, 1.503924751709878, 0.9417088640929628, 0.02164145555888773, 1.362973650422814, 1.2451251790621114]"
prism3,11,/home/humanoid/Programs/hand/results/phase1/run_20260413_pollard_multiscene_500_run2_refined/prism3/generated_mjcf/scene_prism3_tp0d0103p0d0300p0d0000_ip0d0187n0d0008p0d0110_mp0d0016p0d0266p0d0094.xml,prism_y0d0350,True,0.02,4.0,1.0,1.0,4.054246713206718,0.051892457960328264,4.0,0.006026942706528968,0.42997147773738387,0.014239951388517722,0.0,1.0,0.010258174286989438,0.03,0.0,0.018727362165893817,-0.0007513190384077374,0.010973044310663125,0.0015703362935799488,0.026643091531750922,0.009358453337292495,"[0.0866328403045137, 1.2719057801813232, -1.0627636242929768, -0.06422771720503051, 1.503924751709878, 0.9417088640929628, 0.02164145555888773, 1.362973650422814, 1.2451251790621114]"
prism3,12,/home/humanoid/Programs/hand/results/phase1/run_20260413_pollard_multiscene_500_run2_refined/prism3/generated_mjcf/scene_prism3_tp0d0077p0d0195p0d0000_ip0d0172n0d0021p0d0000_mp0d0109p0d0139p0d0103.xml,prism_y0d0350,True,0.02,4.0,1.0,1.0,4.903265533615999,0.05344562071334099,6.0,0.005988316660061267,0.778041903829165,0.0064413787427397805,0.0,1.0,0.007736971861033691,0.019519710171387972,0.0,0.017245133889239386,-0.0021352761651967315,0.0,0.010934425782932486,0.013926067895388755,0.01034441558354772,"[0.0866328403045137, 1.2719057801813232, -1.0627636242929768, -0.06422771720503051, 1.503924751709878, 0.9417088640929628, 0.02164145555888773, 1.362973650422814, 1.2451251790621114]"
prism3,13,/home/humanoid/Programs/hand/results/phase1/run_20260413_pollard_multiscene_500_run2_refined/prism3/generated_mjcf/scene_prism3_tn0d0110p0d0256p0d0027_in0d0013n0d0070p0d0000_mp0d0162p0d0156p0d0103.xml,prism_y0d0350,True,0.02,4.0,1.0,1.0,4.947159609925852,0.05257039201698091,6.0,0.006063758837376081,0.2713474725678612,0.006662412018091501,0.0,1.0,-0.011027742931477569,0.025568148695757457,0.002744957926775919,-0.001319231237275495,-0.007038725452158232,0.0,0.016190824056554275,0.015606209358289873,0.010298501299128147,"[0.0866328403045137, 1.2719057801813232, -1.0627636242929768, -0.06422771720503051, 1.503924751709878, 0.9417088640929628, 0.02164145555888773, 1.362973650422814, 1.2451251790621114]"
prism3,14,/home/humanoid/Programs/hand/results/phase1/run_20260413_pollard_multiscene_500_run2_refined/prism3/generated_mjcf/scene_prism3_tn0d0104p0d0282p0d0000_ip0d0063n0d0140p0d0112_mp0d0115p0d0095p0d0000.xml,prism_y0d0350,True,0.02,4.0,1.0,1.0,4.398835948475063,0.050993484928173724,5.0,0.007184617735477232,1.0302474598202211,0.0028382782611716703,0.0,1.0,-0.010414020078622207,0.0281916147106972,0.0,0.006263439491299004,-0.013972830433252,0.011185489938817683,0.011493564213482969,0.009512750236102374,0.0,"[0.0866328403045137, 1.2719057801813232, -1.0627636242929768, -0.06422771720503051, 1.503924751709878, 0.9417088640929628, 0.02164145555888773, 1.362973650422814, 1.2451251790621114]"
prism3,15,/home/humanoid/Programs/hand/results/phase1/run_20260413_pollard_multiscene_500_run2_refined/prism3/generated_mjcf/scene_prism3_tp0d0093p0d0134p0d0000_ip0d0049n0d0102p0d0013_mp0d0174p0d0168p0d0000.xml,prism_y0d0350,True,0.02,4.0,1.0,1.0,4.536571195323603,0.050794351337634366,5.0,0.007423390895668788,0.08720224973656938,0.00098150013813862,0.0006179151177453934,1.0,0.009314839695820316,0.013420866282015786,0.0,0.004919938168181862,-0.010233046444494413,0.001298172052158427,0.017433058621906666,0.01675142284814846,0.0,"[0.0866328403045137, 1.2719057801813232, -1.0627636242929768, -0.06422771720503051, 1.503924751709878, 0.9417088640929628, 0.02164145555888773, 1.362973650422814, 1.2451251790621114]"
prism3,16,/home/humanoid/Programs/hand/results/phase1/run_20260413_pollard_multiscene_500_run2_refined/prism3/generated_mjcf/scene_prism3_tn0d0021p0d0276p0d0030_ip0d0210n0d0154p0d0013_mp0d0123p0d0237p0d0000.xml,prism_y0d0350,True,0.02,4.0,1.0,1.0,4.98165087374559,0.05303306455358861,6.0,0.006440017971234074,0.2710894073904124,0.0034938230964968726,0.0,1.0,-0.002090487775658576,0.02763490330330185,0.003036155098074084,0.021017863424738617,-0.01543429413379966,0.0012626762525108932,0.01225418083871604,0.023658988998601437,0.0,"[0.0866328403045137, 1.2719057801813232, -1.0627636242929768, -0.06422771720503051, 1.503924751709878, 0.9417088640929628, 0.02164145555888773, 1.362973650422814, 1.2451251790621114]"
prism3,17,/home/humanoid/Programs/hand/results/phase1/run_20260413_pollard_multiscene_500_run2_refined/prism3/generated_mjcf/scene_prism3_tn0d0022p0d0298p0d0000_ip0d0177n0d0143p0d0079_mn0d0018p0d0121p0d0000.xml,prism_y0d0350,True,0.02,4.0,1.0,1.0,4.350967319666488,0.048707730269947826,5.0,0.008011314310546734,0.7130173840692097,0.0040918194497406414,0.0005230905709806277,1.0,-0.00224375191804496,0.02983901507989513,0.0,0.01774495072435605,-0.014330783103090609,0.007915295646674467,-0.0017610905406249926,0.012061107786198495,0.0,"[0.0866328403045137, 1.2719057801813232, -1.0627636242929768, -0.06422771720503051, 1.503924751709878, 0.9417088640929628, 0.02164145555888773, 1.362973650422814, 1.2451251790621114]"
prism3,18,/home/humanoid/Programs/hand/results/phase1/run_20260413_pollard_multiscene_500_run2_refined/prism3/generated_mjcf/scene_prism3_tp0d0037p0d0146p0d0049_ip0d0207n0d0213p0d0088_mn0d0006p0d0124p0d0000.xml,prism_y0d0350,True,0.02,4.0,1.0,1.0,4.908218239174703,0.05127204350242471,6.0,0.006475624836850473,0.1461752486041618,0.0068864024115982015,0.000842277664687377,1.0,0.003662749832079322,0.014572378366389374,0.00486364969583487,0.02065123424661018,-0.021256389545730052,0.008754679089618578,-0.0005728603615918777,0.012438492199461346,0.0,"[0.0866328403045137, 1.2719057801813232, -1.0627636242929768, -0.06422771720503051, 1.503924751709878, 0.9417088640929628, 0.02164145555888773, 1.362973650422814, 1.2451251790621114]"
prism3,19,/home/humanoid/Programs/hand/results/phase1/run_20260413_pollard_multiscene_500_run2_refined/prism3/generated_mjcf/scene_prism3_tn0d0003p0d0300p0d0066_ip0d0054n0d0178p0d0087_mp0d0192p0d0156p0d0000.xml,prism_y0d0350,True,0.02,4.0,1.0,1.0,3.878496193570969,0.0496604141938112,4.0,0.009880552989682089,1.353260705314244,0.0018935143807992931,0.0021255837625939328,1.0,-0.0002676108759968581,0.03,0.0066165885144438795,0.005412576705262264,-0.017823917147980796,0.008714884900543628,0.01915137214570456,0.015556956133047486,0.0,"[0.0866328403045137, 1.2719057801813232, -1.0627636242929768, -0.06422771720503051, 1.503924751709878, 0.9417088640929628, 0.02164145555888773, 1.362973650422814, 1.2451251790621114]"
prism3,20,/home/humanoid/Programs/hand/results/phase1/run_20260413_pollard_multiscene_500_run2_refined/prism3/generated_mjcf/scene_prism3_tp0d0119p0d0156p0d0000_ip0d0191n0d0048p0d0040_mp0d0210p0d0255p0d0060.xml,prism_y0d0350,True,0.02,4.0,1.0,1.0,4.074512889713668,0.050406633866892106,4.0,0.00877381996043959,0.3705540684511918,0.0018502652396279547,0.00045724616676914853,1.0,0.011878016355862029,0.015582645088824804,0.0,0.01912235491129767,-0.0048039504453299044,0.004029345733712431,0.021001927162670846,0.02551714985314605,0.005957964079242099,"[0.0866328403045137, 1.2719057801813232, -1.0627636242929768, -0.06422771720503051, 1.503924751709878, 0.9417088640929628, 0.02164145555888773, 1.362973650422814, 1.2451251790621114]"
prism3,21,/home/humanoid/Programs/hand/results/phase1/run_20260413_pollard_multiscene_500_run2_refined/prism3/generated_mjcf/scene_prism3_tp0d0087p0d0139p0d0000_ip0d0141n0d0071p0d0000_mp0d0075p0d0251p0d0015.xml,prism_y0d0350,True,0.02,4.0,1.0,1.0,3.691222272162153,0.04984250289188241,4.0,0.010740009879706571,2.405467609884834,0.009250325087524946,0.0012886014405369406,1.0,0.008656833829144266,0.01393152176773058,0.0,0.014081484383558463,-0.007149155120285933,0.0,0.007493374554517023,0.025146138389185314,0.0014736184212053513,"[0.0866328403045137, 1.2719057801813232, -1.0627636242929768, -0.06422771720503051, 1.503924751709878, 0.9417088640929628, 0.02164145555888773, 1.362973650422814, 1.2451251790621114]"
prism3,22,/home/humanoid/Programs/hand/results/phase1/run_20260413_pollard_multiscene_500_run2_refined/prism3/generated_mjcf/scene_prism3_tp0d0019p0d0127p0d0006_ip0d0106n0d0222p0d0116_mp0d0117p0d0035p0d0065.xml,prism_y0d0350,True,0.02,4.0,1.0,1.0,4.31803189010521,0.05094497527214449,5.0,0.005968779419258923,0.9394661773877073,0.018532386436258392,8.253669630189919e-05,1.0,0.001880061958230544,0.012659114549379047,0.000624533966829004,0.010562433457478078,-0.02216554463408947,0.011566624635040951,0.011713494410938587,0.003453813183943444,0.006543580829409326,"[0.0866328403045137, 1.2719057801813232, -1.0627636242929768, -0.06422771720503051, 1.503924751709878, 0.9417088640929628, 0.02164145555888773, 1.362973650422814, 1.2451251790621114]"
prism3,23,/home/humanoid/Programs/hand/results/phase1/run_20260413_pollard_multiscene_500_run2_refined/prism3/generated_mjcf/scene_prism3_tp0d0115p0d0222p0d0000_ip0d0025n0d0082p0d0000_mp0d0119p0d0178p0d0111.xml,prism_y0d0350,True,0.02,4.0,1.0,1.0,4.8862725422617785,0.050985359884684535,6.0,0.006344703016501393,0.2266297768844216,0.005494268406621586,0.0015471308913986986,1.0,0.011478377132163497,0.02215688067970281,0.0,0.0025001851774668375,-0.008159360785995136,0.0,0.011864509420428621,0.017753740233111017,0.011098154234985145,"[0.0866328403045137, 1.2719057801813232, -1.0627636242929768, -0.06422771720503051, 1.503924751709878, 0.9417088640929628, 0.02164145555888773, 1.362973650422814, 1.2451251790621114]"
prism3,24,/home/humanoid/Programs/hand/results/phase1/run_20260413_pollard_multiscene_500_run2_refined/prism3/generated_mjcf/scene_prism3_tn0d0103p0d0200p0d0059_ip0d0023n0d0150p0d0000_mp0d0154p0d0054p0d0000.xml,prism_y0d0350,True,0.02,4.0,1.0,1.0,4.0746954832489495,0.04910018587709568,4.0,0.006086569942218056,0.11892211183352956,0.0022999276316557245,0.0,1.0,-0.010265633627282958,0.019999347767806847,0.0058583395027835584,0.0022534417713918117,-0.014986398437171538,0.0,0.015421140730618644,0.005406429282227681,0.0,"[0.0866328403045137, 1.2719057801813232, -1.0627636242929768, -0.06422771720503051, 1.503924751709878, 0.9417088640929628, 0.02164145555888773, 1.362973650422814, 1.2451251790621114]"
prism3,25,/home/humanoid/Programs/hand/results/phase1/run_20260413_pollard_multiscene_500_run2_refined/prism3/generated_mjcf/scene_prism3_tp0d0090p0d0193p0d0099_ip0d0164n0d0023p0d0000_mn0d0002p0d0050p0d0089.xml,prism_y0d0350,True,0.02,4.0,1.0,1.0,4.098995582946502,0.049601534519830744,4.0,0.006089630056651079,0.07844557537399859,0.0021853381380286824,0.0,1.0,0.008964543146897572,0.019335208082000274,0.009902926407381257,0.016382010825732936,-0.00233222495731762,0.0,-0.00023449027206483113,0.004987830085661232,0.008852503064335663,"[0.0866328403045137, 1.2719057801813232, -1.0627636242929768, -0.06422771720503051, 1.503924751709878, 0.9417088640929628, 0.02164145555888773, 1.362973650422814, 1.2451251790621114]"
prism3,26,/home/humanoid/Programs/hand/results/phase1/run_20260413_pollard_multiscene_500_run2_refined/prism3/generated_mjcf/scene_prism3_tp0d0032p0d0199p0d0000_ip0d0142n0d0167p0d0051_mp0d0090p0d0155p0d0070.xml,prism_y0d0350,True,0.02,4.0,1.0,1.0,4.242789640802471,0.0499091109871618,5.0,0.005957965949920936,1.367229592579294,0.014504812160242735,0.0,1.0,0.003217679504338638,0.019917720651172473,0.0,0.014169602505454569,-0.01666758269170085,0.005061116718382677,0.009048527892815794,0.015479276653068651,0.006951977579036889,"[0.0866328403045137, 1.2719057801813232, -1.0627636242929768, -0.06422771720503051, 1.503924751709878, 0.9417088640929628, 0.02164145555888773, 1.362973650422814, 1.2451251790621114]"
prism3,27,/home/humanoid/Programs/hand/results/phase1/run_20260413_pollard_multiscene_500_run2_refined/prism3/generated_mjcf/scene_prism3_tn0d0098p0d0219p0d0000_ip0d0174n0d0126p0d0117_mp0d0024p0d0264p0d0072.xml,prism_y0d0350,True,0.02,4.0,1.0,1.0,4.4803493727018955,0.04994899107341063,5.0,0.005847853470625918,0.31418189166168403,0.0015070540294953398,0.0,1.0,-0.009774108587438862,0.02189020407976406,0.0,0.017395282043525633,-0.012567695132897762,0.011728688000827672,0.0023906397922172492,0.026412459362982414,0.0072220088786066165,"[0.0866328403045137, 1.2719057801813232, -1.0627636242929768, -0.06422771720503051, 1.503924751709878, 0.9417088640929628, 0.02164145555888773, 1.362973650422814, 1.2451251790621114]"
prism3,28,/home/humanoid/Programs/hand/results/phase1/run_20260413_pollard_multiscene_500_run2_refined/prism3/generated_mjcf/scene_prism3_tn0d0004p0d0275p0d0025_ip0d0137n0d0024p0d0000_mp0d0180p0d0125p0d0000.xml,prism_y0d0350,True,0.02,4.0,1.0,1.0,4.099002201160055,0.04953395539025378,4.0,0.006012561253000472,0.06441376943620859,0.0021551818367871243,5.663213056048e-06,1.0,-0.00044974808219355386,0.02752481754031125,0.002468373725786793,0.013722905535793127,-0.0023714216950226647,0.0,0.018039716895001612,0.01246355471918973,0.0,"[0.0866328403045137, 1.2719057801813232, -1.0627636242929768, -0.06422771720503051, 1.503924751709878, 0.9417088640929628, 0.02164145555888773, 1.362973650422814, 1.2451251790621114]"
prism3,29,/home/humanoid/Programs/hand/results/phase1/run_20260413_pollard_multiscene_500_run2_refined/prism3/generated_mjcf/scene_prism3_tp0d0119p0d0267p0d0000_ip0d0081n0d0032p0d0000_mp0d0150p0d0222p0d0072.xml,prism_y0d0350,True,0.02,4.0,1.0,1.0,4.829733003860873,0.05156373517884383,6.0,0.006091879411226501,0.7498383020803059,0.006876654474670653,0.0007565247013448378,1.0,0.011856642509039624,0.026748572049833077,0.0,0.00814308151419475,-0.0032393062590768944,0.0,0.015002050165932786,0.022239710968923507,0.007180713113186753,"[0.0866328403045137, 1.2719057801813232, -1.0627636242929768, -0.06422771720503051, 1.503924751709878, 0.9417088640929628, 0.02164145555888773, 1.362973650422814, 1.2451251790621114]"
prism3,30,/home/humanoid/Programs/hand/results/phase1/run_20260413_pollard_multiscene_500_run2_refined/prism3/generated_mjcf/scene_prism3_tn0d0043p0d0271p0d0000_ip0d0067n0d0143p0d0010_mp0d0007p0d0131p0d0000.xml,prism_y0d0350,True,0.02,4.0,1.0,1.0,3.9898767111952838,0.051118603393913956,4.0,0.007670554567957196,0.8352793176738555,0.007283651912244859,0.0012449574442702643,1.0,-0.004265118606244038,0.02711934038590531,0.0,0.006695390811629658,-0.014281245307094884,0.00099383960712395,0.0007027279729733722,0.013066747215343347,0.0,"[0.0866328403045137, 1.2719057801813232, -1.0627636242929768, -0.06422771720503051, 1.503924751709878, 0.9417088640929628, 0.02164145555888773, 1.362973650422814, 1.2451251790621114]"
prism3,31,/home/humanoid/Programs/hand/results/phase1/run_20260413_pollard_multiscene_500_run2_refined/prism3/generated_mjcf/scene_prism3_tp0d0059p0d0284p0d0000_ip0d0149n0d0046p0d0116_mp0d0183p0d0135p0d0115.xml,prism_y0d0350,True,0.02,4.0,1.0,1.0,4.281295446903337,0.04882431039166559,5.0,0.005981750678532207,0.9994772953260284,0.010945053524831652,0.0,1.0,0.005865137432337578,0.028445021893622167,0.0,0.014890858462403149,-0.004593525878528669,0.011563879748923051,0.01825097349684944,0.013478555650656308,0.011512529004231758,"[0.0866328403045137, 1.2719057801813232, -1.0627636242929768, -0.06422771720503051, 1.503924751709878, 0.9417088640929628, 0.02164145555888773, 1.362973650422814, 1.2451251790621114]"
prism3,32,/home/humanoid/Programs/hand/results/phase1/run_20260413_pollard_multiscene_500_run2_refined/prism3/generated_mjcf/scene_prism3_tp0d0114p0d0201p0d0061_ip0d0199n0d0129p0d0087_mp0d0148p0d0104p0d0064.xml,prism_y0d0350,True,0.02,4.0,1.0,1.0,4.545710483468832,0.05337189389146595,5.0,0.0061217943254946615,0.22437815662394384,0.012734248431316014,0.0,1.0,0.011375625716456523,0.020088247500813894,0.006082716926013726,0.019932104024155912,-0.012872470272749927,0.008730869786330038,0.014837645585484947,0.010354182143389382,0.006423654479603365,"[0.0866328403045137, 1.2719057801813232, -1.0627636242929768, -0.06422771720503051, 1.503924751709878, 0.9417088640929628, 0.02164145555888773, 1.362973650422814, 1.2451251790621114]"
prism3,33,/home/humanoid/Programs/hand/results/phase1/run_20260413_pollard_multiscene_500_run2_refined/prism3/generated_mjcf/scene_prism3_tp0d0017p0d0103p0d0000_in0d0002n0d0129p0d0000_mp0d0082p0d0174p0d0000.xml,prism_y0d0350,True,0.02,4.0,1.0,1.0,4.482217235421061,0.05052257031744868,5.0,0.00753774945720135,0.35632372904076753,0.0025721747194728567,0.00017630159185738625,1.0,0.0016964348606279787,0.01025228368239935,0.0,-0.00023021567845265753,-0.012871992882792106,0.0,0.008169698631290736,0.017371208486178825,0.0,"[0.0866328403045137, 1.2719057801813232, -1.0627636242929768, -0.06422771720503051, 1.503924751709878, 0.9417088640929628, 0.02164145555888773, 1.362973650422814, 1.2451251790621114]"
prism3,34,/home/humanoid/Programs/hand/results/phase1/run_20260413_pollard_multiscene_500_run2_refined/prism3/generated_mjcf/scene_prism3_tp0d0104p0d0244p0d0078_ip0d0195n0d0103p0d0000_mp0d0151p0d0170p0d0078.xml,prism_y0d0350,True,0.02,4.0,1.0,1.0,3.9448773952785228,0.05031242246563854,4.0,0.006057444480063679,1.0790682296161427,0.007013711269379569,0.0,1.0,0.010410453838964225,0.024417210753800794,0.0077707526014265185,0.01952322957433024,-0.010300318873836577,0.0,0.015075683778826192,0.016956620502320593,0.007822973332089582,"[0.0866328403045137, 1.2719057801813232, -1.0627636242929768, -0.06422771720503051, 1.503924751709878, 0.9417088640929628, 0.02164145555888773, 1.362973650422814, 1.2451251790621114]"
prism3,35,/home/humanoid/Programs/hand/results/phase1/run_20260413_pollard_multiscene_500_run2_refined/prism3/generated_mjcf/scene_prism3_tp0d0008p0d0275p0d0119_ip0d0064n0d0202p0d0000_mp0d0161p0d0138p0d0021.xml,prism_y0d0350,True,0.02,4.0,1.0,1.0,4.077676134777835,0.04979624011687024,4.0,0.010512852559121752,0.07369090142161247,0.003450990316239779,0.0010339155903083125,1.0,0.0007718513633842589,0.027517858288740617,0.011928247033739802,0.006413315472829315,-0.02019548543950382,0.0,0.016073199756776235,0.013841494364599355,0.0021211226263011564,"[0.0866328403045137, 1.2719057801813232, -1.0627636242929768, -0.06422771720503051, 1.503924751709878, 0.9417088640929628, 0.02164145555888773, 1.362973650422814, 1.2451251790621114]"
prism3,36,/home/humanoid/Programs/hand/results/phase1/run_20260413_pollard_multiscene_500_run2_refined/prism3/generated_mjcf/scene_prism3_tn0d0089p0d0254p0d0000_ip0d0026n0d0036p0d0015_mp0d0096p0d0249p0d0000.xml,prism_y0d0350,True,0.02,4.0,1.0,1.0,4.9801964752983885,0.05259163347057698,6.0,0.006339173777797126,0.16477538016819115,0.003852673598497155,0.0,1.0,-0.008943396673879896,0.025426964262415527,0.0,0.0025748214496964378,-0.0035892000340033304,0.0015459077068942575,0.00962797461631001,0.02487177036596363,0.0,"[0.0866328403045137, 1.2719057801813232, -1.0627636242929768, -0.06422771720503051, 1.503924751709878, 0.9417088640929628, 0.02164145555888773, 1.362973650422814, 1.2451251790621114]"
prism3,37,/home/humanoid/Programs/hand/results/phase1/run_20260413_pollard_multiscene_500_run2_refined/prism3/generated_mjcf/scene_prism3_tp0d0047p0d0159p0d0000_ip0d0142n0d0156p0d0000_mp0d0206p0d0081p0d0003.xml,prism_y0d0350,True,0.02,4.0,1.0,1.0,4.096795217987793,0.049377911053346366,4.0,0.005989824699251348,0.03861501209555649,0.0019608015882865157,0.00015791317806454486,1.0,0.004707706808181427,0.01587157495435046,0.0,0.014195167599214695,-0.015592273179289533,0.0,0.02064826636550051,0.008083160176307667,0.00029216778810564094,"[0.0866328403045137, 1.2719057801813232, -1.0627636242929768, -0.06422771720503051, 1.503924751709878, 0.9417088640929628, 0.02164145555888773, 1.362973650422814, 1.2451251790621114]"
prism3,38,/home/humanoid/Programs/hand/results/phase1/run_20260413_pollard_multiscene_500_run2_refined/prism3/generated_mjcf/scene_prism3_tn0d0114p0d0119p0d0092_ip0d0169n0d0109p0d0000_mp0d0114p0d0036p0d0051.xml,prism_y0d0350,True,0.02,4.0,1.0,1.0,4.122810330672559,0.04970611404526463,4.0,0.006120044627412318,0.011535279622852923,0.00013142929947556082,0.00017872532638310568,1.0,-0.011423683183887617,0.011920834187286948,0.009202049607205488,0.01694194115806423,-0.010935948238704234,0.0,0.011385941982911355,0.0035915166267267012,0.005111847142510097,"[0.0866328403045137, 1.2719057801813232, -1.0627636242929768, -0.06422771720503051, 1.503924751709878, 0.9417088640929628, 0.02164145555888773, 1.362973650422814, 1.2451251790621114]"
prism3,39,/home/humanoid/Programs/hand/results/phase1/run_20260413_pollard_multiscene_500_run2_refined/prism3/generated_mjcf/scene_prism3_tp0d0052p0d0235p0d0027_in0d0002n0d0184p0d0018_mp0d0075p0d0271p0d0102.xml,prism_y0d0350,True,0.02,4.0,1.0,1.0,4.485187536150454,0.052368613808925255,5.0,0.00603425488605592,0.2794379060173234,0.015163712154227555,0.0002289565468212018,1.0,0.005202016333529475,0.023505080565592515,0.002672128422604829,-0.00023080561701109906,-0.018386256742776587,0.0017850731543503657,0.007460482384693542,0.027108557485954678,0.010169888577004349,"[0.0866328403045137, 1.2719057801813232, -1.0627636242929768, -0.06422771720503051, 1.503924751709878, 0.9417088640929628, 0.02164145555888773, 1.362973650422814, 1.2451251790621114]"
prism3,40,/home/humanoid/Programs/hand/results/phase1/run_20260413_pollard_multiscene_500_run2_refined/prism3/generated_mjcf/scene_prism3_tn0d0084p0d0222p0d0047_ip0d0013n0d0168p0d0052_mp0d0196p0d0115p0d0000.xml,prism_y0d0350,True,0.02,4.0,1.0,1.0,3.905469383574326,0.05034263473017352,4.0,0.006112902443757787,1.4072560285192293,0.0055347704693912425,0.0,1.0,-0.008351810339459111,0.022159054223588735,0.004709162546482959,0.0012770419432212663,-0.016797704469571892,0.005182028326211865,0.019626594242148077,0.011501823604947245,0.0,"[0.0866328403045137, 1.2719057801813232, -1.0627636242929768, -0.06422771720503051, 1.503924751709878, 0.9417088640929628, 0.02164145555888773, 1.362973650422814, 1.2451251790621114]"
prism3,41,/home/humanoid/Programs/hand/results/phase1/run_20260413_pollard_multiscene_500_run2_refined/prism3/generated_mjcf/scene_prism3_tp0d0077p0d0220p0d0000_ip0d0041n0d0226p0d0000_mp0d0119p0d0079p0d0114.xml,prism_y0d0350,True,0.02,4.0,1.0,1.0,2.711735480779853,0.053684474480142096,4.0,0.0071016117110347795,5.675603681676948,0.041920811406684855,0.03158678090002407,0.9111111111111111,0.007723008065525151,0.022039584325416278,0.0,0.0041476005142694165,-0.022556199632440297,0.0,0.011919284333538276,0.007886646563041794,0.011412791482243691,"[0.0866328403045137, 1.2719057801813232, -1.0627636242929768, -0.06422771720503051, 1.503924751709878, 0.9417088640929628, 0.02164145555888773, 1.362973650422814, 1.2451251790621114]"
prism3,42,/home/humanoid/Programs/hand/results/phase1/run_20260413_pollard_multiscene_500_run2_refined/prism3/generated_mjcf/scene_prism3_tn0d0094p0d0189p0d0000_ip0d0036n0d0063p0d0034_mp0d0154p0d0053p0d0000.xml,prism_y0d0350,True,0.02,4.0,1.0,1.0,4.521870598420852,0.04960599573519802,5.0,0.005914548986313144,0.0038614026115488505,0.0001107213459417956,0.00010555132258914524,1.0,-0.009420546518732465,0.0188501309198506,0.0,0.003575475406852743,-0.00632986259990556,0.003448914289927449,0.015418184441244877,0.005287405821515873,0.0,"[0.0866328403045137, 1.2719057801813232, -1.0627636242929768, -0.06422771720503051, 1.503924751709878, 0.9417088640929628, 0.02164145555888773, 1.362973650422814, 1.2451251790621114]"
prism3,43,/home/humanoid/Programs/hand/results/phase1/run_20260413_pollard_multiscene_500_run2_refined/prism3/generated_mjcf/scene_prism3_tp0d0005p0d0182p0d0000_ip0d0027n0d0016p0d0000_mp0d0184p0d0230p0d0000.xml,prism_y0d0350,True,0.02,4.0,1.0,1.0,4.9019165314288236,0.050122005076905604,6.0,0.00731329919545233,0.22673283648112214,0.000619520399966656,0.0,1.0,0.00047599378402156216,0.018241307449525786,0.0,0.0026566589176190373,-0.001619408440688962,0.0,0.018449255979106606,0.02303129181754656,0.0,"[0.0866328403045137, 1.2719057801813232, -1.0627636242929768, -0.06422771720503051, 1.503924751709878, 0.9417088640929628, 0.02164145555888773, 1.362973650422814, 1.2451251790621114]"
prism3,44,/home/humanoid/Programs/hand/results/phase1/run_20260413_pollard_multiscene_500_run2_refined/prism3/generated_mjcf/scene_prism3_tn0d0008p0d0278p0d0043_ip0d0181n0d0061p0d0046_mp0d0199p0d0230p0d0000.xml,prism_y0d0350,True,0.02,4.0,1.0,1.0,4.071902904602917,0.04962507710047606,4.0,0.006036494817056845,0.2641000718843534,0.002214465582829752,0.0,1.0,-0.000797195523737677,0.027776043383598063,0.0043364718136851,0.018086649674297704,-0.006117681940029028,0.004590515506574511,0.019911378544165075,0.023047371194270132,0.0,"[0.0866328403045137, 1.2719057801813232, -1.0627636242929768, -0.06422771720503051, 1.503924751709878, 0.9417088640929628, 0.02164145555888773, 1.362973650422814, 1.2451251790621114]"
prism3,45,/home/humanoid/Programs/hand/results/phase1/run_20260413_pollard_multiscene_500_run2_refined/prism3/generated_mjcf/scene_prism3_tp0d0060p0d0101p0d0000_ip0d0075n0d0194p0d0105_mp0d0003p0d0034p0d0000.xml,prism_y0d0350,True,0.02,4.0,1.0,1.0,3.8460089558565125,0.04988395697187126,4.0,0.0059965713837894325,1.1794500813855358,0.01850314719726203,0.0,1.0,0.005957382601949876,0.010080351754749027,0.0,0.007522045291682206,-0.019447965744588368,0.010509722607263742,0.00027464028066800754,0.0034175859597258135,0.0,"[0.0866328403045137, 1.2719057801813232, -1.0627636242929768, -0.06422771720503051, 1.503924751709878, 0.9417088640929628, 0.02164145555888773, 1.362973650422814, 1.2451251790621114]"
prism3,46,/home/humanoid/Programs/hand/results/phase1/run_20260413_pollard_multiscene_500_run2_refined/prism3/generated_mjcf/scene_prism3_tp0d0118p0d0144p0d0079_ip0d0022n0d0102p0d0110_mp0d0152p0d0268p0d0018.xml,prism_y0d0350,True,0.02,4.0,1.0,1.0,4.024003567446704,0.04959860454675719,4.0,0.011313950880641804,0.27524895292054613,0.00743763473413538,0.0002838782154683528,1.0,0.011777873237789328,0.014352683081322558,0.007936662372425542,0.0021547272884911706,-0.010226919484838934,0.011001824044305407,0.01519631762957937,0.026832191404283674,0.0017893595781369523,"[0.0866328403045137, 1.2719057801813232, -1.0627636242929768, -0.06422771720503051, 1.503924751709878, 0.9417088640929628, 0.02164145555888773, 1.362973650422814, 1.2451251790621114]"
prism3,47,/home/humanoid/Programs/hand/results/phase1/run_20260413_pollard_multiscene_500_run2_refined/prism3/generated_mjcf/scene_prism3_tp0d0116p0d0281p0d0067_ip0d0193n0d0091p0d0000_mp0d0107p0d0087p0d0067.xml,prism_y0d0350,True,0.02,4.0,1.0,1.0,4.507790888173805,0.05301410971748202,5.0,0.006506854241675858,0.37110257912505146,0.012140316337796879,0.0005151632132646272,1.0,0.011600032957282114,0.028089128761280092,0.006677957426446279,0.019323757285876007,-0.0091442035857212,0.0,0.010678778561367832,0.008736009496376724,0.006661058973160928,"[0.0866328403045137, 1.2719057801813232, -1.0627636242929768, -0.06422771720503051, 1.503924751709878, 0.9417088640929628, 0.02164145555888773, 1.362973650422814, 1.2451251790621114]"
prism3,48,/home/humanoid/Programs/hand/results/phase1/run_20260413_pollard_multiscene_500_run2_refined/prism3/generated_mjcf/scene_prism3_tn0d0079p0d0219p0d0009_ip0d0141n0d0060p0d0000_mp0d0130p0d0132p0d0027.xml,prism_y0d0350,True,0.02,4.0,1.0,1.0,4.117167095447227,0.04979931942977156,4.0,0.005972480238752448,0.05081664411815267,0.0008775006330854852,8.138530841975133e-05,1.0,-0.007918115961243205,0.02185275077567818,0.0008615743098987442,0.014125667283464571,-0.006048321632033999,0.0,0.012998583080031604,0.013234941179164626,0.0027408344560308894,"[0.0866328403045137, 1.2719057801813232, -1.0627636242929768, -0.06422771720503051, 1.503924751709878, 0.9417088640929628, 0.02164145555888773, 1.362973650422814, 1.2451251790621114]"
prism3,49,/home/humanoid/Programs/hand/results/phase1/run_20260413_pollard_multiscene_500_run2_refined/prism3/generated_mjcf/scene_prism3_tp0d0047p0d0221p0d0056_ip0d0105n0d0132p0d0000_mp0d0035p0d0200p0d0047.xml,prism_y0d0350,True,0.02,4.0,1.0,1.0,4.475039031399442,0.04988065608796745,5.0,0.005991624692021251,0.29427097902132887,0.0024433392403628257,0.0,1.0,0.004655629035515887,0.022051510058254925,0.005589265844609163,0.010480606172911551,-0.013191172580897479,0.0,0.003499640079920957,0.019987250546203643,0.004697072467498984,"[0.0866328403045137, 1.2719057801813232, -1.0627636242929768, -0.06422771720503051, 1.503924751709878, 0.9417088640929628, 0.02164145555888773, 1.362973650422814, 1.2451251790621114]"
prism3,50,/home/humanoid/Programs/hand/results/phase1/run_20260413_pollard_multiscene_500_run2_refined/prism3/generated_mjcf/scene_prism3_tn0d0073p0d0300p0d0041_ip0d0107n0d0041p0d0000_mp0d0094p0d0095p0d0000.xml,prism_y0d0350,True,0.02,4.0,1.0,1.0,4.52736523398346,0.05236203484066406,5.0,0.0062016781559350136,0.27412979392212394,0.008630526673265556,0.0,1.0,-0.007308419688561688,0.03,0.004107618726945504,0.01074918695703583,-0.004111791562920778,0.0,0.009422676882407844,0.009498585601860884,0.0,"[0.0866328403045137, 1.2719057801813232, -1.0627636242929768, -0.06422771720503051, 1.503924751709878, 0.9417088640929628, 0.02164145555888773, 1.362973650422814, 1.2451251790621114]"
prism3,51,/home/humanoid/Programs/hand/results/phase1/run_20260413_pollard_multiscene_500_run2_refined/prism3/generated_mjcf/scene_prism3_tp0d0051p0d0283p0d0043_ip0d0069n0d0105p0d0015_mp0d0205p0d0126p0d0000.xml,prism_y0d0350,True,0.02,4.0,1.0,1.0,4.403068462646416,0.05082170825850807,5.0,0.006139159828744055,0.487999973004772,0.01503550179886051,0.0,1.0,0.00507889389314202,0.02825866323773702,0.004267170674303017,0.006851716400702805,-0.010482669810742749,0.0015218993681757591,0.020477586003383057,0.012604181086936542,0.0,"[0.0866328403045137, 1.2719057801813232, -1.0627636242929768, -0.06422771720503051, 1.503924751709878, 0.9417088640929628, 0.02164145555888773, 1.362973650422814, 1.2451251790621114]"
prism3,52,/home/humanoid/Programs/hand/results/phase1/run_20260413_pollard_multiscene_500_run2_refined/prism3/generated_mjcf/scene_prism3_tp0d0090p0d0295p0d0000_ip0d0028n0d0090p0d0069_mp0d0126p0d0079p0d0000.xml,prism_y0d0350,True,0.02,4.0,1.0,1.0,4.517122922796808,0.054632538996599686,5.0,0.0062699629566254425,0.18123273306075036,0.02379078961767304,0.0010455307088149818,1.0,0.00904638943989626,0.029473483925284844,0.0,0.0027573767401475767,-0.009029192313612964,0.006932283735236109,0.012560620161773211,0.007898140707037397,0.0,"[0.0866328403045137, 1.2719057801813232, -1.0627636242929768, -0.06422771720503051, 1.503924751709878, 0.9417088640929628, 0.02164145555888773, 1.362973650422814, 1.2451251790621114]"
prism3,53,/home/humanoid/Programs/hand/results/phase1/run_20260413_pollard_multiscene_500_run2_refined/prism3/generated_mjcf/scene_prism3_tp0d0001p0d0276p0d0000_in0d0002n0d0111p0d0000_mn0d0004p0d0219p0d0077.xml,prism_y0d0350,True,0.02,4.0,1.0,1.0,3.8819088377379183,0.05035464133812327,4.0,0.0059641706048405956,1.5265458056379133,0.006598899506837896,0.0,1.0,0.00014334321756440463,0.027572249759816276,0.0,-0.00019681532305319306,-0.011074920100960688,0.0,-0.0003818307083775299,0.021858350352990434,0.00770943854587014,"[0.0866328403045137, 1.2719057801813232, -1.0627636242929768, -0.06422771720503051, 1.503924751709878, 0.9417088640929628, 0.02164145555888773, 1.362973650422814, 1.2451251790621114]"
prism3,54,/home/humanoid/Programs/hand/results/phase1/run_20260413_pollard_multiscene_500_run2_refined/prism3/generated_mjcf/scene_prism3_tn0d0024p0d0151p0d0000_ip0d0067n0d0105p0d0007_mp0d0065p0d0186p0d0042.xml,prism_y0d0350,True,0.02,4.0,1.0,1.0,4.493569819866115,0.05076663697310438,5.0,0.007222150514737488,0.4006663926063362,0.001453035712018764,0.0,1.0,-0.0024399467736423517,0.015057832644038826,0.0,0.006663314219880421,-0.01045421656520971,0.0006676818746994568,0.006528380348144711,0.018598103501716354,0.004218418606739039,"[0.0866328403045137, 1.2719057801813232, -1.0627636242929768, -0.06422771720503051, 1.503924751709878, 0.9417088640929628, 0.02164145555888773, 1.362973650422814, 1.2451251790621114]"
prism3,55,/home/humanoid/Programs/hand/results/phase1/run_20260413_pollard_multiscene_500_run2_refined/prism3/generated_mjcf/scene_prism3_tp0d0014p0d0173p0d0030_ip0d0122n0d0161p0d0000_mp0d0111p0d0180p0d0027.xml,prism_y0d0350,True,0.02,4.0,1.0,1.0,4.7082098987756344,0.0500068274496028,6.0,0.005979564412641082,1.0139716393621587,0.012995697871809793,0.0,1.0,0.0013986947514008224,0.017295077961244975,0.0029736667665392225,0.012205666797138652,-0.016132227422864007,0.0,0.011097973096462878,0.017996201736044416,0.00265916253412341,"[0.0866328403045137, 1.2719057801813232, -1.0627636242929768, -0.06422771720503051, 1.503924751709878, 0.9417088640929628, 0.02164145555888773, 1.362973650422814, 1.2451251790621114]"
prism3,56,/home/humanoid/Programs/hand/results/phase1/run_20260413_pollard_multiscene_500_run2_refined/prism3/generated_mjcf/scene_prism3_tn0d0028p0d0216p0d0117_ip0d0083n0d0041p0d0000_mp0d0190p0d0259p0d0000.xml,prism_y0d0350,True,0.02,4.0,1.0,1.0,4.938248457765951,0.05083355637889371,6.0,0.007038757917391159,0.05083260032916635,0.0028342486180230535,0.00018484315858599554,1.0,-0.002811887786451483,0.021578573773190127,0.011658471244714058,0.008272588457054841,-0.004067646849840225,0.0,0.019005478088847325,0.02590094773271727,0.0,"[0.0866328403045137, 1.2719057801813232, -1.0627636242929768, -0.06422771720503051, 1.503924751709878, 0.9417088640929628, 0.02164145555888773, 1.362973650422814, 1.2451251790621114]"
prism3,57,/home/humanoid/Programs/hand/results/phase1/run_20260413_pollard_multiscene_500_run2_refined/prism3/generated_mjcf/scene_prism3_tn0d0117p0d0196p0d0000_ip0d0213n0d0028p0d0111_mp0d0125p0d0157p0d0080.xml,prism_y0d0350,True,0.02,4.0,1.0,1.0,4.478169037678899,0.048877963460550365,5.0,0.005847967856450999,0.09020306778465008,0.0012222145932939002,0.0,1.0,-0.011709566023867376,0.019592201922411186,0.0,0.021319150102846428,-0.00275523755717884,0.01105595726232652,0.012492871785778067,0.015663848805663412,0.00798522838512554,"[0.0866328403045137, 1.2719057801813232, -1.0627636242929768, -0.06422771720503051, 1.503924751709878, 0.9417088640929628, 0.02164145555888773, 1.362973650422814, 1.2451251790621114]"
prism3,58,/home/humanoid/Programs/hand/results/phase1/run_20260413_pollard_multiscene_500_run2_refined/prism3/generated_mjcf/scene_prism3_tp0d0037p0d0140p0d0104_ip0d0086n0d0057p0d0000_mp0d0024p0d0104p0d0018.xml,prism_y0d0350,True,0.02,4.0,1.0,1.0,4.276649941235543,0.048765709699643014,5.0,0.006015635227945029,0.775643000293231,0.016962029625347954,0.0,1.0,0.0036563751765365075,0.013965384232813884,0.010422864918188692,0.008552786799172752,-0.005734650520576824,2.251096772368233e-05,0.002400549834523061,0.010402244328225918,0.0017858584512676114,"[0.0866328403045137, 1.2719057801813232, -1.0627636242929768, -0.06422771720503051, 1.503924751709878, 0.9417088640929628, 0.02164145555888773, 1.362973650422814, 1.2451251790621114]"
prism3,59,/home/humanoid/Programs/hand/results/phase1/run_20260413_pollard_multiscene_500_run2_refined/prism3/generated_mjcf/scene_prism3_tn0d0086p0d0083p0d0000_ip0d0163n0d0096p0d0000_mp0d0152p0d0149p0d0120.xml,prism_y0d0350,True,0.02,4.0,1.0,1.0,4.87724412032706,0.04984225068424529,6.0,0.0072563719072875005,0.16575642881075284,0.002498880076030563,0.001072097085762877,1.0,-0.008567949977657268,0.008329708606795487,0.0,0.01629273212462127,-0.00956022543017069,0.0,0.01521378254309184,0.014928351194636959,0.011988032454168646,"[0.0866328403045137, 1.2719057801813232, -1.0627636242929768, -0.06422771720503051, 1.503924751709878, 0.9417088640929628, 0.02164145555888773, 1.362973650422814, 1.2451251790621114]"
prism3,60,/home/humanoid/Programs/hand/results/phase1/run_20260413_pollard_multiscene_500_run2_refined/prism3/generated_mjcf/scene_prism3_tp0d0066p0d0279p0d0000_ip0d0017n0d0195p0d0000_mp0d0103p0d0080p0d0067.xml,prism_y0d0350,True,0.02,4.0,1.0,1.0,2.9378950104376784,0.049094379094238305,4.0,0.012266214577868209,7.918989146375242e-10,0.028321196157379894,0.05438460985904403,0.5833333333333334,0.006624759658674734,0.027935154590522218,0.0,0.0016550791083715342,-0.019516706181432,0.0,0.010291578870901609,0.007970624345573628,0.006718674503725958,"[0.0866328403045137, 1.2719057801813232, -1.0627636242929768, -0.06422771720503051, 1.503924751709878, 0.9417088640929628, 0.02164145555888773, 1.362973650422814, 1.2451251790621114]"
prism3,61,/home/humanoid/Programs/hand/results/phase1/run_20260413_pollard_multiscene_500_run2_refined/prism3/generated_mjcf/scene_prism3_tp0d0088p0d0156p0d0002_ip0d0123n0d0070p0d0000_mp0d0047p0d0208p0d0016.xml,prism_y0d0350,True,0.02,4.0,1.0,1.0,3.448420235805078,0.049852092061757336,4.0,0.00962015509083606,3.683508499803658,0.013467882112648955,0.003652425710692783,1.0,0.008842347706013512,0.015584119658245781,0.00019354072215095955,0.012264990460306213,-0.006962923825653033,0.0,0.004740905473675754,0.020836943900601666,0.001636615543023039,"[0.0866328403045137, 1.2719057801813232, -1.0627636242929768, -0.06422771720503051, 1.503924751709878, 0.9417088640929628, 0.02164145555888773, 1.362973650422814, 1.2451251790621114]"
prism3,62,/home/humanoid/Programs/hand/results/phase1/run_20260413_pollard_multiscene_500_run2_refined/prism3/generated_mjcf/scene_prism3_tp0d0096p0d0187p0d0000_ip0d0054n0d0187p0d0036_mp0d0044p0d0240p0d0000.xml,prism_y0d0350,True,0.02,4.0,1.0,1.0,4.040129199662056,0.04992740968671133,4.0,0.0059090161202716525,0.5296352060995886,0.0026148767971152873,3.146378622227719e-05,1.0,0.009598699042534763,0.018748600687729843,0.0,0.005356173220736853,-0.018747058256286107,0.0036183920343215593,0.004352464043744693,0.023994612495433137,0.0,"[0.0866328403045137, 1.2719057801813232, -1.0627636242929768, -0.06422771720503051, 1.503924751709878, 0.9417088640929628, 0.02164145555888773, 1.362973650422814, 1.2451251790621114]"
prism3,63,/home/humanoid/Programs/hand/results/phase1/run_20260413_pollard_multiscene_500_run2_refined/prism3/generated_mjcf/scene_prism3_tp0d0042p0d0216p0d0031_ip0d0195n0d0202p0d0000_mp0d0009p0d0051p0d0008.xml,prism_y0d0350,True,0.02,4.0,1.0,1.0,4.378651832769995,0.04966265376968498,5.0,0.007666233163375724,0.6304009973942936,0.0053894736440421465,0.0014426326140692808,1.0,0.0041606311494035465,0.021636419405641566,0.0030830111490938,0.019490002615164113,-0.020220277164734096,0.0,0.00092565331204735,0.005134536502037207,0.0008215445664897757,"[0.0866328403045137, 1.2719057801813232, -1.0627636242929768, -0.06422771720503051, 1.503924751709878, 0.9417088640929628, 0.02164145555888773, 1.362973650422814, 1.2451251790621114]"
prism3,64,/home/humanoid/Programs/hand/results/phase1/run_20260413_pollard_multiscene_500_run2_refined/prism3/generated_mjcf/scene_prism3_tn0d0080p0d0274p0d0000_ip0d0070n0d0129p0d0000_mp0d0065p0d0086p0d0000.xml,prism_y0d0350,True,0.02,4.0,1.0,1.0,4.538584049195809,0.054002496346752915,5.0,0.007182267331014375,0.6899726581707382,0.00510673527544616,0.0002502064916855007,1.0,-0.008022452353145467,0.027372030322243758,0.0,0.006990567321636585,-0.012943104686674348,0.0,0.006541749268414972,0.008646994452682851,0.0,"[0.0866328403045137, 1.2719057801813232, -1.0627636242929768, -0.06422771720503051, 1.503924751709878, 0.9417088640929628, 0.02164145555888773, 1.362973650422814, 1.2451251790621114]"
prism3,65,/home/humanoid/Programs/hand/results/phase1/run_20260413_pollard_multiscene_500_run2_refined/prism3/generated_mjcf/scene_prism3_tp0d0102p0d0180p0d0000_ip0d0127n0d0084p0d0038_mp0d0000p0d0173p0d0057.xml,prism_y0d0350,True,0.02,4.0,1.0,1.0,4.457088732350466,0.04974860949662076,5.0,0.005913486805588018,0.4113643491496316,0.00138307956955239,0.0001902080525270633,1.0,0.010244905457486197,0.01801220879143583,0.0,0.012668186858420182,-0.008360595438035868,0.003846637078264433,3.421521337633286e-05,0.01726566189683254,0.005662166397551415,"[0.0866328403045137, 1.2719057801813232, -1.0627636242929768, -0.06422771720503051, 1.503924751709878, 0.9417088640929628, 0.02164145555888773, 1.362973650422814, 1.2451251790621114]"
prism3,66,/home/humanoid/Programs/hand/results/phase1/run_20260413_pollard_multiscene_500_run2_refined/prism3/generated_mjcf/scene_prism3_tp0d0071p0d0221p0d0000_ip0d0000n0d0165p0d0103_mp0d0093p0d0248p0d0000.xml,prism_y0d0350,True,0.02,4.0,1.0,1.0,4.1127543347313535,0.04967833516987569,4.0,0.005921031462286966,0.06546124086805477,0.0006109399691952574,5.504227869512768e-05,1.0,0.00709364078744279,0.022124822046544465,0.0,9.767773522696352e-06,-0.01654671136546037,0.010261411427183106,0.009342820692003578,0.024791373771543557,0.0,"[0.0866328403045137, 1.2719057801813232, -1.0627636242929768, -0.06422771720503051, 1.503924751709878, 0.9417088640929628, 0.02164145555888773, 1.362973650422814, 1.2451251790621114]"
prism3,67,/home/humanoid/Programs/hand/results/phase1/run_20260413_pollard_multiscene_500_run2_refined/prism3/generated_mjcf/scene_prism3_tp0d0061p0d0196p0d0050_ip0d0056n0d0029p0d0000_mn0d0019p0d0206p0d0042.xml,prism_y0d0350,True,0.02,4.0,1.0,1.0,4.475839471626714,0.04974343210234795,5.0,0.007380485498312787,0.07760027527962014,0.005568200695833852,0.0004475362909910213,1.0,0.006122834557443047,0.019643052216551368,0.005008854274377212,0.00561230264001231,-0.002943233672719108,0.0,-0.0018517561091773247,0.02060797886680421,0.004238507117869911,"[0.0866328403045137, 1.2719057801813232, -1.0627636242929768, -0.06422771720503051, 1.503924751709878, 0.9417088640929628, 0.02164145555888773, 1.362973650422814, 1.2451251790621114]"
prism3,68,/home/humanoid/Programs/hand/results/phase1/run_20260413_pollard_multiscene_500_run2_refined/prism3/generated_mjcf/scene_prism3_tp0d0038p0d0245p0d0021_ip0d0008n0d0082p0d0000_mp0d0024p0d0134p0d0000.xml,prism_y0d0350,True,0.02,4.0,1.0,1.0,4.472403242661583,0.049767026341759044,5.0,0.005939595855577728,0.27301386071856437,0.0027685680801739295,0.0,1.0,0.0037656347982162504,0.024497960055519838,0.002070341064443596,0.0007666948738843469,-0.008239110662878768,0.0,0.002388229094912815,0.013401081724688357,0.0,"[0.0866328403045137, 1.2719057801813232, -1.0627636242929768, -0.06422771720503051, 1.503924751709878, 0.9417088640929628, 0.02164145555888773, 1.362973650422814, 1.2451251790621114]"
prism3,69,/home/humanoid/Programs/hand/results/phase1/run_20260413_pollard_multiscene_500_run2_refined/prism3/generated_mjcf/scene_prism3_tn0d0091p0d0182p0d0030_ip0d0071n0d0073p0d0000_mp0d0015p0d0213p0d0040.xml,prism_y0d0350,True,0.02,4.0,1.0,1.0,4.536593990790154,0.051183985801178306,5.0,0.007090380440224572,0.2292898902612935,0.0010452113052405213,0.0,1.0,-0.009144836102051577,0.018246982496957297,0.0029668138469602177,0.007059122356778417,-0.007296012401118981,0.0,0.001451806534502163,0.021273596267723675,0.004049475114289318,"[0.0866328403045137, 1.2719057801813232, -1.0627636242929768, -0.06422771720503051, 1.503924751709878, 0.9417088640929628, 0.02164145555888773, 1.362973650422814, 1.2451251790621114]"
prism3,70,/home/humanoid/Programs/hand/results/phase1/run_20260413_pollard_multiscene_500_run2_refined/prism3/generated_mjcf/scene_prism3_tn0d0017p0d0113p0d0039_ip0d0160n0d0204p0d0045_mp0d0065p0d0253p0d0060.xml,prism_y0d0350,True,0.02,4.0,1.0,1.0,4.522661682934123,0.052654193726861656,5.0,0.006313497288094502,0.09155951732756965,0.01410488812284044,0.0007704038828056509,1.0,-0.001695103360925699,0.011282414835625114,0.003928409743895453,0.015998937998229143,-0.020365376323012177,0.004543241686324421,0.006535290073162862,0.025262846757352395,0.006036952502601393,"[0.0866328403045137, 1.2719057801813232, -1.0627636242929768, -0.06422771720503051, 1.503924751709878, 0.9417088640929628, 0.02164145555888773, 1.362973650422814, 1.2451251790621114]"
prism3,71,/home/humanoid/Programs/hand/results/phase1/run_20260413_pollard_multiscene_500_run2_refined/prism3/generated_mjcf/scene_prism3_tn0d0054p0d0300p0d0000_ip0d0024n0d0185p0d0056_mp0d0106p0d0144p0d0000.xml,prism_y0d0350,True,0.02,4.0,1.0,1.0,3.5882062233863152,0.04898804033691835,4.0,0.009633092805411908,2.637713897641085,0.011759866054429677,0.003407726818521861,1.0,-0.0054304519143984886,0.03,0.0,0.002435776347481558,-0.01849432869246876,0.005569922000877223,0.010628032732038916,0.01444500978945759,0.0,"[0.0866328403045137, 1.2719057801813232, -1.0627636242929768, -0.06422771720503051, 1.503924751709878, 0.9417088640929628, 0.02164145555888773, 1.362973650422814, 1.2451251790621114]"
prism3,72,/home/humanoid/Programs/hand/results/phase1/run_20260413_pollard_multiscene_500_run2_refined/prism3/generated_mjcf/scene_prism3_tp0d0062p0d0108p0d0000_ip0d0174n0d0135p0d0090_mp0d0124p0d0222p0d0000.xml,prism_y0d0350,True,0.02,4.0,1.0,1.0,4.0252230328555365,0.050241431480211644,4.0,0.012419707670210285,0.44766347876455825,0.005782013424320778,0.0005455042709035102,1.0,0.006155210648630671,0.010810553793238229,0.0,0.01735264766979943,-0.013474860852813792,0.009043625678390614,0.012439938501574144,0.022249071527001167,0.0,"[0.0866328403045137, 1.2719057801813232, -1.0627636242929768, -0.06422771720503051, 1.503924751709878, 0.9417088640929628, 0.02164145555888773, 1.362973650422814, 1.2451251790621114]"
prism3,73,/home/humanoid/Programs/hand/results/phase1/run_20260413_pollard_multiscene_500_run2_refined/prism3/generated_mjcf/scene_prism3_tn0d0044p0d0170p0d0000_ip0d0093n0d0046p0d0000_mp0d0184p0d0246p0d0000.xml,prism_y0d0350,True,0.02,4.0,1.0,1.0,4.526146997366598,0.05050839156409605,5.0,0.007079291763896285,0.1436952743502133,0.000988972116073215,0.0,1.0,-0.004410675175764798,0.017040945243216383,0.0,0.009339208587460731,-0.004560812218020674,0.0,0.018435661951111647,0.02463711105944183,0.0,"[0.0866328403045137, 1.2719057801813232, -1.0627636242929768, -0.06422771720503051, 1.503924751709878, 0.9417088640929628, 0.02164145555888773, 1.362973650422814, 1.2451251790621114]"
prism3,74,/home/humanoid/Programs/hand/results/phase1/run_20260413_pollard_multiscene_500_run2_refined/prism3/generated_mjcf/scene_prism3_tn0d0118p0d0150p0d0000_ip0d0213n0d0226p0d0068_mp0d0094p0d0064p0d0000.xml,prism_y0d0350,True,0.02,4.0,1.0,1.0,4.899781724302992,0.050417078082811165,6.0,0.006726909744697143,0.26031163280751074,0.002052574030813083,0.0,1.0,-0.011774631129091623,0.015026071347668844,0.0,0.021290785761964172,-0.022586193670716414,0.006751326365479232,0.00941019888610549,0.00641696459455523,0.0,"[0.0866328403045137, 1.2719057801813232, -1.0627636242929768, -0.06422771720503051, 1.503924751709878, 0.9417088640929628, 0.02164145555888773, 1.362973650422814, 1.2451251790621114]"
prism3,75,/home/humanoid/Programs/hand/results/phase1/run_20260413_pollard_multiscene_500_run2_refined/prism3/generated_mjcf/scene_prism3_tn0d0029p0d0138p0d0000_ip0d0081n0d0012p0d0000_mp0d0208p0d0040p0d0000.xml,prism_y0d0350,True,0.02,4.0,1.0,1.0,4.89459988744125,0.05072981456431541,6.0,0.006004718147465181,0.27524079731410916,0.004608011069623713,0.0,1.0,-0.0028583662300581437,0.0138457400072515,0.0,0.008078051948861801,-0.0012057265220458985,0.0,0.02080324029069562,0.0040327697180053326,0.0,"[0.0866328403045137, 1.2719057801813232, -1.0627636242929768, -0.06422771720503051, 1.503924751709878, 0.9417088640929628, 0.02164145555888773, 1.362973650422814, 1.2451251790621114]"
prism3,76,/home/humanoid/Programs/hand/results/phase1/run_20260413_pollard_multiscene_500_run2_refined/prism3/generated_mjcf/scene_prism3_tn0d0113p0d0240p0d0000_ip0d0118n0d0052p0d0000_mp0d0039p0d0207p0d0000.xml,prism_y0d0350,True,0.02,4.0,1.0,1.0,4.11892010379372,0.04976610062125956,4.0,0.005939952115687524,0.041922031905140926,0.0006928452647007894,4.7344778751040595e-05,1.0,-0.011332418251265538,0.023982671318296504,0.0,0.011834084351033164,-0.005211212745469809,0.0,0.0038962598250180834,0.020709806091373795,0.0,"[0.0866328403045137, 1.2719057801813232, -1.0627636242929768, -0.06422771720503051, 1.503924751709878, 0.9417088640929628, 0.02164145555888773, 1.362973650422814, 1.2451251790621114]"
prism3,77,/home/humanoid/Programs/hand/results/phase1/run_20260413_pollard_multiscene_500_run2_refined/prism3/generated_mjcf/scene_prism3_tn0d0084p0d0101p0d0057_ip0d0186n0d0029p0d0002_mp0d0017p0d0087p0d0000.xml,prism_y0d0350,True,0.02,4.0,1.0,1.0,4.484965217061707,0.049647167238389675,5.0,0.006045761902995331,0.1928733169324694,0.0015883825510840995,0.0001777349691304969,1.0,-0.008418956494816787,0.010098682819272528,0.005692020027346097,0.018649896037094195,-0.00293131012119569,0.00024213617963288712,0.0016829095927515317,0.00871577789468347,0.0,"[0.0866328403045137, 1.2719057801813232, -1.0627636242929768, -0.06422771720503051, 1.503924751709878, 0.9417088640929628, 0.02164145555888773, 1.362973650422814, 1.2451251790621114]"
prism3,78,/home/humanoid/Programs/hand/results/phase1/run_20260413_pollard_multiscene_500_run2_refined/prism3/generated_mjcf/scene_prism3_tp0d0084p0d0236p0d0000_ip0d0161n0d0138p0d0116_mp0d0083p0d0234p0d0000.xml,prism_y0d0350,True,0.02,4.0,1.0,1.0,4.056734403947338,0.0525294579709715,4.0,0.006005074497667964,0.5863464440385885,0.013639084905923369,0.0,1.0,0.008444576966534726,0.02360473805204645,0.0,0.016142527397372305,-0.013849435792305355,0.011586334684659968,0.008289451299635327,0.023392712373685107,0.0,"[0.0866328403045137, 1.2719057801813232, -1.0627636242929768, -0.06422771720503051, 1.503924751709878, 0.9417088640929628, 0.02164145555888773, 1.362973650422814, 1.2451251790621114]"
prism3,79,/home/humanoid/Programs/hand/results/phase1/run_20260413_pollard_multiscene_500_run2_refined/prism3/generated_mjcf/scene_prism3_tp0d0052p0d0176p0d0000_ip0d0028n0d0020p0d0000_mp0d0115p0d0176p0d0086.xml,prism_y0d0350,True,0.02,4.0,1.0,1.0,4.465952169967923,0.04962058027232506,5.0,0.007645647392616923,0.12008982354164037,0.0037814692526286888,0.0012312129776002045,1.0,0.005237310362236038,0.017563482626837892,0.0,0.0027718192087738923,-0.0019917236705522656,0.0,0.011478080897803443,0.017636294965843274,0.008602642255188277,"[0.0866328403045137, 1.2719057801813232, -1.0627636242929768, -0.06422771720503051, 1.503924751709878, 0.9417088640929628, 0.02164145555888773, 1.362973650422814, 1.2451251790621114]"
prism3,80,/home/humanoid/Programs/hand/results/phase1/run_20260413_pollard_multiscene_500_run2_refined/prism3/generated_mjcf/scene_prism3_tn0d0008p0d0279p0d0006_ip0d0210n0d0071p0d0099_mp0d0206p0d0226p0d0000.xml,prism_y0d0350,True,0.02,4.0,1.0,1.0,4.507146593970374,0.05229407445343685,5.0,0.006061672645475454,0.3386855298450807,0.010036639522033854,0.0,1.0,-0.0008000030475453623,0.027917390747862772,0.000573517541445712,0.02095203182614285,-0.007101411990425551,0.009890526263616365,0.02061665277540771,0.022553907751633406,0.0,"[0.0866328403045137, 1.2719057801813232, -1.0627636242929768, -0.06422771720503051, 1.503924751709878, 0.9417088640929628, 0.02164145555888773, 1.362973650422814, 1.2451251790621114]"
prism3,81,/home/humanoid/Programs/hand/results/phase1/run_20260413_pollard_multiscene_500_run2_refined/prism3/generated_mjcf/scene_prism3_tn0d0090p0d0228p0d0000_ip0d0072n0d0201p0d0063_mp0d0185p0d0065p0d0004.xml,prism_y0d0350,True,0.02,4.0,1.0,1.0,4.427715203600316,0.05154336588571522,5.0,0.006878358879573481,1.035858200897634,0.0011945257509873844,0.0,1.0,-0.009013713642375616,0.02278980200712923,0.0,0.007243655781430538,-0.020128123761032943,0.006292119913449305,0.018507944887493133,0.006487311049542916,0.0004040384823368326,"[0.0866328403045137, 1.2719057801813232, -1.0627636242929768, -0.06422771720503051, 1.503924751709878, 0.9417088640929628, 0.02164145555888773, 1.362973650422814, 1.2451251790621114]"
prism3,82,/home/humanoid/Programs/hand/results/phase1/run_20260413_pollard_multiscene_500_run2_refined/prism3/generated_mjcf/scene_prism3_tn0d0025p0d0270p0d0000_ip0d0155n0d0107p0d0115_mp0d0081p0d0270p0d0000.xml,prism_y0d0350,True,0.02,4.0,1.0,1.0,4.163935695849316,0.053837517415166125,4.0,0.006010738504257443,0.37488030607611533,0.00868731512692767,0.0,1.0,-0.002519689680057913,0.0269603676315392,0.0,0.015539417179556146,-0.010713506962094235,0.011477954736469145,0.00807119382275073,0.027004100871841748,0.0,"[0.0866328403045137, 1.2719057801813232, -1.0627636242929768, -0.06422771720503051, 1.503924751709878, 0.9417088640929628, 0.02164145555888773, 1.362973650422814, 1.2451251790621114]"
prism3,83,/home/humanoid/Programs/hand/results/phase1/run_20260413_pollard_multiscene_500_run2_refined/prism3/generated_mjcf/scene_prism3_tn0d0076p0d0268p0d0000_ip0d0116n0d0088p0d0000_mn0d0012p0d0270p0d0076.xml,prism_y0d0350,True,0.02,4.0,1.0,1.0,4.479329168087198,0.050010309549961454,5.0,0.005932530007368251,0.3201347150521812,0.0018577331481482667,0.0,1.0,-0.007615952366620589,0.02676994545049784,0.0,0.011578113540041342,-0.00879563808260816,0.0,-0.0011742335437274105,0.026988800245438982,0.007617363433869751,"[0.0866328403045137, 1.2719057801813232, -1.0627636242929768, -0.06422771720503051, 1.503924751709878, 0.9417088640929628, 0.02164145555888773, 1.362973650422814, 1.2451251790621114]"
prism3,84,/home/humanoid/Programs/hand/results/phase1/run_20260413_pollard_multiscene_500_run2_refined/prism3/generated_mjcf/scene_prism3_tn0d0090p0d0284p0d0000_ip0d0039n0d0058p0d0062_mp0d0183p0d0066p0d0059.xml,prism_y0d0350,True,0.02,4.0,1.0,1.0,4.463667840621546,0.04984675764050586,5.0,0.005929900289939483,0.3142554128149557,0.0036617607156727797,0.0,1.0,-0.00903107388097255,0.0283512663229558,0.0,0.003934833769319825,-0.005757207590804102,0.006176688296570931,0.018302976254368976,0.006579648189279809,0.005942068205402055,"[0.0866328403045137, 1.2719057801813232, -1.0627636242929768, -0.06422771720503051, 1.503924751709878, 0.9417088640929628, 0.02164145555888773, 1.362973650422814, 1.2451251790621114]"
prism3,85,/home/humanoid/Programs/hand/results/phase1/run_20260413_pollard_multiscene_500_run2_refined/prism3/generated_mjcf/scene_prism3_tn0d0007p0d0158p0d0056_ip0d0183n0d0166p0d0000_mp0d0218p0d0254p0d0000.xml,prism_y0d0350,True,0.02,4.0,1.0,1.0,4.624834383256373,0.05382367432751024,5.0,0.006638522067994586,0.0999360488174146,0.0051211277913140035,0.0,1.0,-0.0007242270174430531,0.01582120179505725,0.005623269061173778,0.018283433942996835,-0.01656094181848386,0.0,0.021800433240013316,0.025360559741709553,0.0,"[0.0866328403045137, 1.2719057801813232, -1.0627636242929768, -0.06422771720503051, 1.503924751709878, 0.9417088640929628, 0.02164145555888773, 1.362973650422814, 1.2451251790621114]"
prism3,86,/home/humanoid/Programs/hand/results/phase1/run_20260413_pollard_multiscene_500_run2_refined/prism3/generated_mjcf/scene_prism3_tp0d0075p0d0102p0d0099_ip0d0166n0d0196p0d0000_mp0d0123p0d0118p0d0057.xml,prism_y0d0350,True,0.02,4.0,1.0,1.0,4.813248300062073,0.050808509350168674,6.0,0.0062126650302910215,0.2183436744690727,0.019847278353224307,6.574798696186435e-05,1.0,0.007545943391991963,0.010152637333193278,0.009901101778887714,0.016591653646360095,-0.019575285245747365,0.0,0.012293316516183985,0.011838183941553431,0.005669611582738907,"[0.0866328403045137, 1.2719057801813232, -1.0627636242929768, -0.06422771720503051, 1.503924751709878, 0.9417088640929628, 0.02164145555888773, 1.362973650422814, 1.2451251790621114]"
prism3,87,/home/humanoid/Programs/hand/results/phase1/run_20260413_pollard_multiscene_500_run2_refined/prism3/generated_mjcf/scene_prism3_tp0d0022p0d0130p0d0026_in0d0017n0d0216p0d0000_mp0d0065p0d0036p0d0103.xml,prism_y0d0350,True,0.02,4.0,1.0,1.0,4.521216083988231,0.04986924001210932,5.0,0.00594795087505268,0.05760141841259154,0.0003329530028834516,0.00013945699219163055,1.0,0.002216708864255847,0.012968687661631752,0.002642628237215415,-0.0016625819564261152,-0.021618052432726936,0.0,0.006488265088465934,0.003585833720184428,0.01031778056792828,"[0.0866328403045137, 1.2719057801813232, -1.0627636242929768, -0.06422771720503051, 1.503924751709878, 0.9417088640929628, 0.02164145555888773, 1.362973650422814, 1.2451251790621114]"
prism3,88,/home/humanoid/Programs/hand/results/phase1/run_20260413_pollard_multiscene_500_run2_refined/prism3/generated_mjcf/scene_prism3_tn0d0063p0d0145p0d0000_ip0d0206n0d0159p0d0000_mp0d0052p0d0267p0d0000.xml,prism_y0d0350,True,0.02,4.0,1.0,1.0,4.400216194958383,0.05054407475627977,5.0,0.00613743729958074,0.641030869259376,0.010066152753890216,0.0,1.0,-0.006251785068665728,0.014495325210681365,0.0,0.020577729177482608,-0.015856336100447087,0.0,0.00516417454005876,0.026729880841243052,0.0,"[0.0866328403045137, 1.2719057801813232, -1.0627636242929768, -0.06422771720503051, 1.503924751709878, 0.9417088640929628, 0.02164145555888773, 1.362973650422814, 1.2451251790621114]"
prism3,89,/home/humanoid/Programs/hand/results/phase1/run_20260413_pollard_multiscene_500_run2_refined/prism3/generated_mjcf/scene_prism3_tn0d0100p0d0238p0d0052_ip0d0069n0d0192p0d0000_mp0d0085p0d0272p0d0086.xml,prism_y0d0350,True,0.02,4.0,1.0,1.0,4.10676486418281,0.049846599442149225,4.0,0.006023054067504076,0.12929334475229612,0.000844653453636332,0.0001131738102286145,1.0,-0.009995101896248837,0.02379157746173784,0.005198518097171433,0.0069337845806804535,-0.0192267562692027,0.0,0.00853763705229673,0.027187195281308668,0.008602447813300492,"[0.0866328403045137, 1.2719057801813232, -1.0627636242929768, -0.06422771720503051, 1.503924751709878, 0.9417088640929628, 0.02164145555888773, 1.362973650422814, 1.2451251790621114]"
prism3,90,/home/humanoid/Programs/hand/results/phase1/run_20260413_pollard_multiscene_500_run2_refined/prism3/generated_mjcf/scene_prism3_tp0d0029p0d0127p0d0045_ip0d0162n0d0225p0d0000_mp0d0058p0d0170p0d0037.xml,prism_y0d0350,True,0.02,4.0,1.0,1.0,4.107435935275991,0.049731921647694875,4.0,0.00600527281136697,0.08428183495778598,0.0009424936235539474,0.00023946164880035703,1.0,0.0029018135620788327,0.012654030748838113,0.004509948513336814,0.016215976054769522,-0.022490670271335656,0.0,0.005844347141099411,0.0169903517426752,0.0036732772408389104,"[0.0866328403045137, 1.2719057801813232, -1.0627636242929768, -0.06422771720503051, 1.503924751709878, 0.9417088640929628, 0.02164145555888773, 1.362973650422814, 1.2451251790621114]"
prism3,91,/home/humanoid/Programs/hand/results/phase1/run_20260413_pollard_multiscene_500_run2_refined/prism3/generated_mjcf/scene_prism3_tn0d0076p0d0193p0d0118_in0d0016n0d0154p0d0000_mp0d0077p0d0242p0d0000.xml,prism_y0d0350,True,0.02,4.0,1.0,1.0,4.339904824221645,0.049732973821153964,5.0,0.006141978319941426,0.5076140117789241,0.018720533518670323,0.0,1.0,-0.007646693078679328,0.019271826466729144,0.01181202927686147,-0.0016195366585430217,-0.015396153316103115,0.0,0.007733992480541187,0.024160649172592356,0.0,"[0.0866328403045137, 1.2719057801813232, -1.0627636242929768, -0.06422771720503051, 1.503924751709878, 0.9417088640929628, 0.02164145555888773, 1.362973650422814, 1.2451251790621114]"
prism3,92,/home/humanoid/Programs/hand/results/phase1/run_20260413_pollard_multiscene_500_run2_refined/prism3/generated_mjcf/scene_prism3_tp0d0092p0d0218p0d0000_ip0d0041n0d0045p0d0035_mp0d0031p0d0064p0d0000.xml,prism_y0d0350,True,0.02,4.0,1.0,1.0,4.5006991219419,0.04961211406878022,5.0,0.005932922554795522,0.0857650746927189,0.0018323773586514096,0.0,1.0,0.009193872035903945,0.02181295623272573,0.0,0.0040552741037858985,-0.0045332674722808695,0.003460812432078599,0.0030934256771718233,0.006421691842922003,0.0,"[0.0866328403045137, 1.2719057801813232, -1.0627636242929768, -0.06422771720503051, 1.503924751709878, 0.9417088640929628, 0.02164145555888773, 1.362973650422814, 1.2451251790621114]"
prism3,93,/home/humanoid/Programs/hand/results/phase1/run_20260413_pollard_multiscene_500_run2_refined/prism3/generated_mjcf/scene_prism3_tp0d0098p0d0177p0d0077_ip0d0195n0d0189p0d0000_mp0d0023p0d0219p0d0000.xml,prism_y0d0350,True,0.02,4.0,1.0,1.0,4.4408924823158165,0.04949929393130254,5.0,0.005987907258007367,0.41202963516639834,0.0029670909147996192,0.0,1.0,0.009817727108383325,0.0176813969023054,0.007687387064662939,0.019488690226234645,-0.01886800685293718,0.0,0.0023280660770963867,0.021851488935866546,0.0,"[0.0866328403045137, 1.2719057801813232, -1.0627636242929768, -0.06422771720503051, 1.503924751709878, 0.9417088640929628, 0.02164145555888773, 1.362973650422814, 1.2451251790621114]"
prism3,94,/home/humanoid/Programs/hand/results/phase1/run_20260413_pollard_multiscene_500_run2_refined/prism3/generated_mjcf/scene_prism3_tp0d0015p0d0126p0d0064_ip0d0095n0d0111p0d0000_mp0d0090p0d0044p0d0074.xml,prism_y0d0350,True,0.02,4.0,1.0,1.0,4.086790524527415,0.04966697950729586,4.0,0.00601829437892246,0.1852264496848395,0.0018738545357777155,4.083956689188151e-05,1.0,0.001539169440428645,0.012590402374113123,0.006399856377125625,0.009505016714306917,-0.011122081462157587,0.0,0.008957884088755294,0.004397102470699158,0.007428471529678085,"[0.0866328403045137, 1.2719057801813232, -1.0627636242929768, -0.06422771720503051, 1.503924751709878, 0.9417088640929628, 0.02164145555888773, 1.362973650422814, 1.2451251790621114]"
prism3,95,/home/humanoid/Programs/hand/results/phase1/run_20260413_pollard_multiscene_500_run2_refined/prism3/generated_mjcf/scene_prism3_tp0d0098p0d0261p0d0000_ip0d0183n0d0242p0d0040_mp0d0164p0d0111p0d0086.xml,prism_y0d0350,True,0.02,4.0,1.0,1.0,3.906916844164752,0.049227224560652615,4.0,0.010064408696271442,0.6946136528434442,0.008697931416088567,0.003293963470208147,1.0,0.009779974161027216,0.026063540473240793,0.0,0.018250824386656643,-0.024208298980820234,0.003982977767717059,0.016417262015573204,0.011139749692614482,0.00855772058265547,"[0.0866328403045137, 1.2719057801813232, -1.0627636242929768, -0.06422771720503051, 1.503924751709878, 0.9417088640929628, 0.02164145555888773, 1.362973650422814, 1.2451251790621114]"
prism3,96,/home/humanoid/Programs/hand/results/phase1/run_20260413_pollard_multiscene_500_run2_refined/prism3/generated_mjcf/scene_prism3_tn0d0120p0d0232p0d0000_ip0d0131n0d0183p0d0000_mp0d0130p0d0152p0d0000.xml,prism_y0d0350,True,0.02,4.0,1.0,1.0,4.63491864879972,0.05405369858769203,5.0,0.006295304021738693,0.06494283155146809,0.005771461498883941,0.0,1.0,-0.011995439961423757,0.023170885074527296,0.0,0.013087070170243659,-0.01826739217079296,0.0,0.01302784928333284,0.015226435694788317,0.0,"[0.0866328403045137, 1.2719057801813232, -1.0627636242929768, -0.06422771720503051, 1.503924751709878, 0.9417088640929628, 0.02164145555888773, 1.362973650422814, 1.2451251790621114]"
prism3,97,/home/humanoid/Programs/hand/results/phase1/run_20260413_pollard_multiscene_500_run2_refined/prism3/generated_mjcf/scene_prism3_tp0d0093p0d0292p0d0012_ip0d0149n0d0135p0d0072_mp0d0180p0d0216p0d0000.xml,prism_y0d0350,True,0.02,4.0,1.0,1.0,4.423897923621686,0.05504385439481351,5.0,0.006146931190392092,1.0833580713830595,0.01974618063305604,0.0007801936091839934,1.0,0.009268198317895226,0.029177279887696635,0.001189641720707622,0.014946304660889418,-0.013466718358715133,0.007234640744900829,0.018012549910744587,0.02163983278281282,0.0,"[0.0866328403045137, 1.2719057801813232, -1.0627636242929768, -0.06422771720503051, 1.503924751709878, 0.9417088640929628, 0.02164145555888773, 1.362973650422814, 1.2451251790621114]"
prism3,98,/home/humanoid/Programs/hand/results/phase1/run_20260413_pollard_multiscene_500_run2_refined/prism3/generated_mjcf/scene_prism3_tn0d0114p0d0238p0d0000_ip0d0195n0d0037p0d0008_mp0d0071p0d0204p0d0050.xml,prism_y0d0350,True,0.02,4.0,1.0,1.0,4.1180670671651605,0.04978446606506619,4.0,0.005916900146470269,0.046245136676472134,0.0008116256287816941,6.241004542124895e-05,1.0,-0.011412276955248405,0.02379807387899146,0.0,0.019462260282733714,-0.0036636593388789888,0.0008100502558857133,0.0070586596157323,0.02041174898220853,0.005024872692297698,"[0.0866328403045137, 1.2719057801813232, -1.0627636242929768, -0.06422771720503051, 1.503924751709878, 0.9417088640929628, 0.02164145555888773, 1.362973650422814, 1.2451251790621114]"
prism3,99,/home/humanoid/Programs/hand/results/phase1/run_20260413_pollard_multiscene_500_run2_refined/prism3/generated_mjcf/scene_prism3_tp0d0044p0d0282p0d0019_ip0d0104n0d0119p0d0093_mp0d0068p0d0235p0d0001.xml,prism_y0d0350,True,0.02,4.0,1.0,1.0,4.851215894301985,0.053407160844994105,6.0,0.006395628804153508,1.0768054210455011,0.007287110751279485,0.0,1.0,0.004374789435312346,0.028218177304168056,0.0018556460458758403,0.010385043516164927,-0.011894204793422361,0.009335535792464315,0.006802027202263075,0.023505980635449716,0.00011734953019630276,"[0.0866328403045137, 1.2719057801813232, -1.0627636242929768, -0.06422771720503051, 1.503924751709878, 0.9417088640929628, 0.02164145555888773, 1.362973650422814, 1.2451251790621114]"
prism3,100,/home/humanoid/Programs/hand/results/phase1/run_20260413_pollard_multiscene_500_run2_refined/prism3/generated_mjcf/scene_prism3_tn0d0100p0d0188p0d0000_ip0d0107n0d0038p0d0000_mp0d0094p0d0173p0d0065.xml,prism_y0d0350,True,0.02,4.0,1.0,1.0,4.962183290420365,0.05179200099842178,6.0,0.006471425398160746,0.18838862206537774,0.0015559334030449605,0.0,1.0,-0.009951865181536158,0.018775567695502312,0.0,0.010669241071932166,-0.003820563471950528,0.0,0.009405390983008566,0.017280054041644587,0.0064756874760196585,"[0.0866328403045137, 1.2719057801813232, -1.0627636242929768, -0.06422771720503051, 1.503924751709878, 0.9417088640929628, 0.02164145555888773, 1.362973650422814, 1.2451251790621114]"
prism3,101,/home/humanoid/Programs/hand/results/phase1/run_20260413_pollard_multiscene_500_run2_refined/prism3/generated_mjcf/scene_prism3_tp0d0106p0d0212p0d0101_ip0d0061n0d0060p0d0063_mp0d0112p0d0075p0d0000.xml,prism_y0d0350,True,0.02,4.0,1.0,1.0,4.098493495103925,0.04936079736761906,4.0,0.006063245555901052,0.058318219631022336,0.0012640863979654813,5.630585987444203e-05,1.0,0.010583447100032992,0.021214589149641843,0.010118832452697093,0.006077415096292973,-0.005956325488376159,0.006329410999625626,0.011230695538510659,0.007470929249459784,0.0,"[0.0866328403045137, 1.2719057801813232, -1.0627636242929768, -0.06422771720503051, 1.503924751709878, 0.9417088640929628, 0.02164145555888773, 1.362973650422814, 1.2451251790621114]"
prism3,102,/home/humanoid/Programs/hand/results/phase1/run_20260413_pollard_multiscene_500_run2_refined/prism3/generated_mjcf/scene_prism3_tn0d0050p0d0300p0d0035_ip0d0198n0d0172p0d0000_mp0d0116p0d0118p0d0000.xml,prism_y0d0350,True,0.02,4.0,1.0,1.0,4.201162893249344,0.052735508507029336,4.0,0.007682149455363998,0.13832750498456778,0.001411079973044997,0.0,1.0,-0.00501959716225856,0.03,0.0034709390634110604,0.019816908082287803,-0.017192165528774707,0.0,0.01161693581676551,0.011813476401367424,0.0,"[0.0866328403045137, 1.2719057801813232, -1.0627636242929768, -0.06422771720503051, 1.503924751709878, 0.9417088640929628, 0.02164145555888773, 1.362973650422814, 1.2451251790621114]"
prism3,103,/home/humanoid/Programs/hand/results/phase1/run_20260413_pollard_multiscene_500_run2_refined/prism3/generated_mjcf/scene_prism3_tp0d0024p0d0087p0d0000_in0d0020n0d0127p0d0026_mp0d0002p0d0091p0d0073.xml,prism_y0d0350,True,0.02,4.0,1.0,1.0,4.4826839998852686,0.05025420300441881,5.0,0.007801428669062245,0.18827230407488915,0.00251281158783686,0.0014410443994175987,1.0,0.002383369372827144,0.008678863384413857,0.0,-0.0019946792069528447,-0.01271909707195985,0.002592015961930566,0.00023177104157602255,0.00911026565147512,0.0072958037054163295,"[0.0866328403045137, 1.2719057801813232, -1.0627636242929768, -0.06422771720503051, 1.503924751709878, 0.9417088640929628, 0.02164145555888773, 1.362973650422814, 1.2451251790621114]"
prism3,104,/home/humanoid/Programs/hand/results/phase1/run_20260413_pollard_multiscene_500_run2_refined/prism3/generated_mjcf/scene_prism3_tp0d0082p0d0173p0d0075_ip0d0047n0d0074p0d0011_mp0d0086p0d0191p0d0000.xml,prism_y0d0350,True,0.02,4.0,1.0,1.0,4.432349332599605,0.049524830797623265,5.0,0.007088804835891461,0.18986274149554835,0.00891557913740455,0.0004057707997222604,1.0,0.008166757436390344,0.017305598102488752,0.007541369532989443,0.004651366072771426,-0.007353402664476439,0.0010909589677707467,0.008562377893663898,0.019054614628170638,0.0,"[0.0866328403045137, 1.2719057801813232, -1.0627636242929768, -0.06422771720503051, 1.503924751709878, 0.9417088640929628, 0.02164145555888773, 1.362973650422814, 1.2451251790621114]"
prism3,105,/home/humanoid/Programs/hand/results/phase1/run_20260413_pollard_multiscene_500_run2_refined/prism3/generated_mjcf/scene_prism3_tn0d0081p0d0151p0d0043_ip0d0149n0d0080p0d0064_mn0d0001p0d0058p0d0085.xml,prism_y0d0350,True,0.02,4.0,1.0,1.0,4.106946280574427,0.049895462674220695,4.0,0.006030234431277072,0.10904779208534544,0.0018295458913236632,0.0,1.0,-0.008101357374999472,0.015051763145310957,0.004333502634470354,0.014949647520672982,-0.007961740219535359,0.0064228105575298185,-9.076253567036861e-05,0.005841333801968511,0.008528427846290734,"[0.0866328403045137, 1.2719057801813232, -1.0627636242929768, -0.06422771720503051, 1.503924751709878, 0.9417088640929628, 0.02164145555888773, 1.362973650422814, 1.2451251790621114]"
prism3,106,/home/humanoid/Programs/hand/results/phase1/run_20260413_pollard_multiscene_500_run2_refined/prism3/generated_mjcf/scene_prism3_tn0d0034p0d0216p0d0001_ip0d0130n0d0225p0d0065_mp0d0010p0d0197p0d0000.xml,prism_y0d0350,True,0.02,4.0,1.0,1.0,4.84543645579245,0.051097505522031156,6.0,0.007155218169201787,0.7579617997848964,0.0020165525395734636,0.00023935132792184122,1.0,-0.003435893928932775,0.021640910971604234,8.406733760194136e-05,0.01303990171210299,-0.022453278930529147,0.006474965432793946,0.0009616558759156877,0.019652987084016846,0.0,"[0.0866328403045137, 1.2719057801813232, -1.0627636242929768, -0.06422771720503051, 1.503924751709878, 0.9417088640929628, 0.02164145555888773, 1.362973650422814, 1.2451251790621114]"
prism3,107,/home/humanoid/Programs/hand/results/phase1/run_20260413_pollard_multiscene_500_run2_refined/prism3/generated_mjcf/scene_prism3_tn0d0002p0d0241p0d0000_in0d0009n0d0012p0d0005_mp0d0158p0d0161p0d0077.xml,prism_y0d0350,True,0.02,4.0,1.0,1.0,5.005248927272829,0.05298172670199021,6.0,0.0061774606957612594,0.17356494962143976,0.0015513898921559457,0.00011779200909618759,1.0,-0.0001857207345086799,0.024120649624657868,0.0,-0.0008951006875646678,-0.0011589227586814663,0.000544245585789983,0.015811471385460664,0.01605107600938014,0.007672485664079333,"[0.0866328403045137, 1.2719057801813232, -1.0627636242929768, -0.06422771720503051, 1.503924751709878, 0.9417088640929628, 0.02164145555888773, 1.362973650422814, 1.2451251790621114]"
prism3,108,/home/humanoid/Programs/hand/results/phase1/run_20260413_pollard_multiscene_500_run2_refined/prism3/generated_mjcf/scene_prism3_tp0d0016p0d0109p0d0034_ip0d0021n0d0045p0d0043_mp0d0206p0d0184p0d0000.xml,prism_y0d0350,True,0.02,4.0,1.0,1.0,4.5484026102862085,0.050714152699372045,5.0,0.007577532204865682,0.028923852027017822,0.001183181996338163,0.0,1.0,0.0015507882981054214,0.010946165081292702,0.0034057575517393284,0.002145776066487623,-0.004532300759600939,0.00434547841134757,0.020555407315434586,0.018397938948996252,0.0,"[0.0866328403045137, 1.2719057801813232, -1.0627636242929768, -0.06422771720503051, 1.503924751709878, 0.9417088640929628, 0.02164145555888773, 1.362973650422814, 1.2451251790621114]"
prism3,109,/home/humanoid/Programs/hand/results/phase1/run_20260413_pollard_multiscene_500_run2_refined/prism3/generated_mjcf/scene_prism3_tp0d0014p0d0265p0d0051_ip0d0062n0d0086p0d0104_mp0d0144p0d0121p0d0099.xml,prism_y0d0350,True,0.02,4.0,1.0,1.0,4.423703403827587,0.05086291397034161,5.0,0.006010878376637136,0.5948214019514441,0.009208936348062979,0.0,1.0,0.0013713010998067932,0.026522534647037528,0.00508531914060183,0.006215120944035642,-0.0085715723855087,0.010446457471225783,0.014435441034388851,0.012115233654059249,0.009858199929202283,"[0.0866328403045137, 1.2719057801813232, -1.0627636242929768, -0.06422771720503051, 1.503924751709878, 0.9417088640929628, 0.02164145555888773, 1.362973650422814, 1.2451251790621114]"
prism3,110,/home/humanoid/Programs/hand/results/phase1/run_20260413_pollard_multiscene_500_run2_refined/prism3/generated_mjcf/scene_prism3_tp0d0079p0d0285p0d0000_ip0d0050n0d0053p0d0000_mn0d0002p0d0197p0d0072.xml,prism_y0d0350,True,0.02,4.0,1.0,1.0,3.900371753944621,0.05003086297256626,4.0,0.0059711438343027605,1.405483871009292,0.004657263629199744,0.0,1.0,0.007862980625476145,0.028524410246412026,0.0,0.004979892007376512,-0.005336932736155145,0.0,-0.0002310575466114538,0.019698384299342057,0.007182478955496934,"[0.0866328403045137, 1.2719057801813232, -1.0627636242929768, -0.06422771720503051, 1.503924751709878, 0.9417088640929628, 0.02164145555888773, 1.362973650422814, 1.2451251790621114]"
prism3,111,/home/humanoid/Programs/hand/results/phase1/run_20260413_pollard_multiscene_500_run2_refined/prism3/generated_mjcf/scene_prism3_tp0d0034p0d0163p0d0014_in0d0015n0d0108p0d0086_mn0d0001p0d0125p0d0000.xml,prism_y0d0350,True,0.02,4.0,1.0,1.0,4.08663028242124,0.04964253129717977,4.0,0.005916595304675529,0.18964730600580157,0.001386011806189762,0.0001884963027244113,1.0,0.003402427395368751,0.01627624007420011,0.0014345596552211674,-0.0014835211652609488,-0.010796120261926605,0.008563228193161875,-0.00012672235965031746,0.012499665517147967,0.0,"[0.0866328403045137, 1.2719057801813232, -1.0627636242929768, -0.06422771720503051, 1.503924751709878, 0.9417088640929628, 0.02164145555888773, 1.362973650422814, 1.2451251790621114]"
prism3,112,/home/humanoid/Programs/hand/results/phase1/run_20260413_pollard_multiscene_500_run2_refined/prism3/generated_mjcf/scene_prism3_tn0d0029p0d0083p0d0079_ip0d0099n0d0138p0d0024_mp0d0184p0d0103p0d0000.xml,prism_y0d0350,True,0.02,4.0,1.0,1.0,4.555894783158488,0.05127094848654846,5.0,0.0069390760128071926,0.05934482177905579,0.0026347564297059065,0.0,1.0,-0.0028798104808018445,0.008312184160997247,0.00786631007594749,0.00990983944819043,-0.01383796642650531,0.00244307317527483,0.018400676902117614,0.010290257395785304,0.0,"[0.0866328403045137, 1.2719057801813232, -1.0627636242929768, -0.06422771720503051, 1.503924751709878, 0.9417088640929628, 0.02164145555888773, 1.362973650422814, 1.2451251790621114]"
prism3,113,/home/humanoid/Programs/hand/results/phase1/run_20260413_pollard_multiscene_500_run2_refined/prism3/generated_mjcf/scene_prism3_tn0d0108p0d0144p0d0000_in0d0010n0d0110p0d0000_mn0d0002p0d0253p0d0000.xml,prism_y0d0350,True,0.02,4.0,1.0,1.0,4.07149671487512,0.0503748524671948,4.0,0.009514661535890881,0.335448483536683,0.0031303796744387717,0.00029118731898182537,1.0,-0.010812139014908118,0.014393578249598981,0.0,-0.0010025963078267048,-0.011034466506951189,0.0,-0.00021781467042988716,0.025301153793920166,0.0,"[0.0866328403045137, 1.2719057801813232, -1.0627636242929768, -0.06422771720503051, 1.503924751709878, 0.9417088640929628, 0.02164145555888773, 1.362973650422814, 1.2451251790621114]"
prism3,114,/home/humanoid/Programs/hand/results/phase1/run_20260413_pollard_multiscene_500_run2_refined/prism3/generated_mjcf/scene_prism3_tn0d0097p0d0300p0d0040_ip0d0154n0d0108p0d0000_mp0d0182p0d0133p0d0000.xml,prism_y0d0350,True,0.02,4.0,1.0,1.0,4.579853280742119,0.05192293243222334,5.0,0.006909973252047193,0.042637270017164206,0.0028723028965047157,0.0,1.0,-0.009724061022624773,0.03,0.0040072071336392685,0.015418097000075947,-0.010783104100315308,0.0,0.018205053769901072,0.013332696100926186,0.0,"[0.0866328403045137, 1.2719057801813232, -1.0627636242929768, -0.06422771720503051, 1.503924751709878, 0.9417088640929628, 0.02164145555888773, 1.362973650422814, 1.2451251790621114]"
prism3,115,/home/humanoid/Programs/hand/results/phase1/run_20260413_pollard_multiscene_500_run2_refined/prism3/generated_mjcf/scene_prism3_tn0d0088p0d0107p0d0005_ip0d0116n0d0119p0d0027_mp0d0191p0d0154p0d0000.xml,prism_y0d0350,True,0.02,4.0,1.0,1.0,4.980652986886501,0.0517311353939164,6.0,0.006735440738213954,0.0424500640096763,0.0016830601371155933,0.0,1.0,-0.008752578143894657,0.010717277259950732,0.0005339023898471625,0.011649846149658704,-0.011851546974094098,0.0027149922709011447,0.019063443114098563,0.015400916278669291,0.0,"[0.0866328403045137, 1.2719057801813232, -1.0627636242929768, -0.06422771720503051, 1.503924751709878, 0.9417088640929628, 0.02164145555888773, 1.362973650422814, 1.2451251790621114]"
prism3,116,/home/humanoid/Programs/hand/results/phase1/run_20260413_pollard_multiscene_500_run2_refined/prism3/generated_mjcf/scene_prism3_tn0d0058p0d0154p0d0015_ip0d0171n0d0137p0d0000_mp0d0025p0d0055p0d0000.xml,prism_y0d0350,True,0.02,4.0,1.0,1.0,3.955183760237995,0.050437293361356286,4.0,0.006053949117693677,1.012913677015498,0.007679426270293805,0.0,1.0,-0.005842255138069734,0.015364319418918195,0.0014593692806168217,0.01708893618799274,-0.01371309528163105,0.0,0.002515708089826485,0.00547565360219901,0.0,"[0.0866328403045137, 1.2719057801813232, -1.0627636242929768, -0.06422771720503051, 1.503924751709878, 0.9417088640929628, 0.02164145555888773, 1.362973650422814, 1.2451251790621114]"
prism3,117,/home/humanoid/Programs/hand/results/phase1/run_20260413_pollard_multiscene_500_run2_refined/prism3/generated_mjcf/scene_prism3_tp0d0044p0d0222p0d0039_ip0d0089n0d0217p0d0000_mp0d0103p0d0152p0d0000.xml,prism_y0d0350,True,0.02,4.0,1.0,1.0,4.442181986334254,0.054111397414905546,5.0,0.006500806088046413,0.859074646554895,0.017539792819284594,0.0003846130927005059,1.0,0.004425039793702623,0.022177153565716874,0.0038910621589977774,0.00891028314209102,-0.02166526711317343,0.0,0.010263051494114807,0.015231959161743686,0.0,"[0.0866328403045137, 1.2719057801813232, -1.0627636242929768, -0.06422771720503051, 1.503924751709878, 0.9417088640929628, 0.02164145555888773, 1.362973650422814, 1.2451251790621114]"
prism3,118,/home/humanoid/Programs/hand/results/phase1/run_20260413_pollard_multiscene_500_run2_refined/prism3/generated_mjcf/scene_prism3_tp0d0078p0d0184p0d0083_ip0d0044n0d0017p0d0000_mp0d0165p0d0038p0d0000.xml,prism_y0d0350,True,0.02,4.0,1.0,1.0,4.8627070480198,0.048609172056679986,6.0,0.005984497931529498,0.08685687491256866,0.0020042824898778115,0.00013256266039914089,1.0,0.007807237396004606,0.01839952006368896,0.008290947003856325,0.004371823127956276,-0.0016934499390448814,0.0,0.016460379772354136,0.0037844748722332625,0.0,"[0.0866328403045137, 1.2719057801813232, -1.0627636242929768, -0.06422771720503051, 1.503924751709878, 0.9417088640929628, 0.02164145555888773, 1.362973650422814, 1.2451251790621114]"
prism3,119,/home/humanoid/Programs/hand/results/phase1/run_20260413_pollard_multiscene_500_run2_refined/prism3/generated_mjcf/scene_prism3_tp0d0089p0d0164p0d0104_ip0d0203n0d0051p0d0000_mp0d0186p0d0143p0d0000.xml,prism_y0d0350,True,0.02,4.0,1.0,1.0,4.3526961285293435,0.05076663029555476,5.0,0.006065104663874557,0.8086430039449397,0.015118211982597198,0.0,1.0,0.008893279303444638,0.01640251999547089,0.010379507833410868,0.020306008014948564,-0.005095378154555871,0.0,0.01859844408246346,0.014270504086291665,0.0,"[0.0866328403045137, 1.2719057801813232, -1.0627636242929768, -0.06422771720503051, 1.503924751709878, 0.9417088640929628, 0.02164145555888773, 1.362973650422814, 1.2451251790621114]"
prism3,120,/home/humanoid/Programs/hand/results/phase1/run_20260413_pollard_multiscene_500_run2_refined/prism3/generated_mjcf/scene_prism3_tp0d0084p0d0276p0d0000_ip0d0188n0d0118p0d0058_mp0d0044p0d0085p0d0084.xml,prism_y0d0350,True,0.02,4.0,1.0,1.0,4.363209643194523,0.051715713256747856,5.0,0.007700693569872637,0.8941602083924274,0.011969344283530907,0.0021249030576547256,1.0,0.00844700085406028,0.0275899209061255,0.0,0.01879663640748299,-0.01184488672550997,0.005846178204292226,0.004436224499191826,0.00847107561171959,0.008359507557784272,"[0.0866328403045137, 1.2719057801813232, -1.0627636242929768, -0.06422771720503051, 1.503924751709878, 0.9417088640929628, 0.02164145555888773, 1.362973650422814, 1.2451251790621114]"
prism3,121,/home/humanoid/Programs/hand/results/phase1/run_20260413_pollard_multiscene_500_run2_refined/prism3/generated_mjcf/scene_prism3_tp0d0024p0d0115p0d0000_ip0d0186n0d0131p0d0000_mp0d0062p0d0231p0d0000.xml,prism_y0d0350,True,0.02,4.0,1.0,1.0,4.012051461062204,0.05016487261438167,4.0,0.011357822172085896,0.5740012296390148,0.0051691679057319275,0.0003240203513949075,1.0,0.0024051311534063324,0.011544931174607635,0.0,0.01861685963731509,-0.013061194038860484,0.0,0.006182892757216741,0.02309146085361523,0.0,"[0.0866328403045137, 1.2719057801813232, -1.0627636242929768, -0.06422771720503051, 1.503924751709878, 0.9417088640929628, 0.02164145555888773, 1.362973650422814, 1.2451251790621114]"
prism3,122,/home/humanoid/Programs/hand/results/phase1/run_20260413_pollard_multiscene_500_run2_refined/prism3/generated_mjcf/scene_prism3_tp0d0108p0d0155p0d0062_ip0d0049n0d0059p0d0000_mp0d0011p0d0095p0d0089.xml,prism_y0d0350,True,0.02,4.0,1.0,1.0,4.41962032628219,0.051181568237950656,5.0,0.006038696283873777,0.3819975203601753,0.017059590237384868,0.0,1.0,0.01076048406563343,0.015492803621637762,0.006155527900058046,0.00485693182457647,-0.00587186875258037,0.0,0.0011157035574780073,0.009522165756708695,0.008882207151154464,"[0.0866328403045137, 1.2719057801813232, -1.0627636242929768, -0.06422771720503051, 1.503924751709878, 0.9417088640929628, 0.02164145555888773, 1.362973650422814, 1.2451251790621114]"
prism3,123,/home/humanoid/Programs/hand/results/phase1/run_20260413_pollard_multiscene_500_run2_refined/prism3/generated_mjcf/scene_prism3_tn0d0043p0d0196p0d0000_ip0d0116n0d0220p0d0000_mp0d0172p0d0092p0d0000.xml,prism_y0d0350,True,0.02,4.0,1.0,1.0,4.620950782445103,0.05525065716615815,5.0,0.006446781352585249,0.3323230260471535,0.008346700293031547,0.0,1.0,-0.004260038967681772,0.01960461298881959,0.0,0.011600278864472048,-0.0219961311853588,0.0,0.017223337484585828,0.009153846869822672,0.0,"[0.0866328403045137, 1.2719057801813232, -1.0627636242929768, -0.06422771720503051, 1.503924751709878, 0.9417088640929628, 0.02164145555888773, 1.362973650422814, 1.2451251790621114]"
prism3,124,/home/humanoid/Programs/hand/results/phase1/run_20260413_pollard_multiscene_500_run2_refined/prism3/generated_mjcf/scene_prism3_tp0d0024p0d0115p0d0000_ip0d0179n0d0148p0d0088_mp0d0159p0d0081p0d0000.xml,prism_y0d0350,True,0.02,4.0,1.0,1.0,4.090923440891204,0.049099202194173304,4.0,0.005971336748909937,0.028404012463850725,0.0014330707698563844,0.00022891132652716473,1.0,0.00244379712564664,0.011516003744496317,0.0,0.017933255596691573,-0.014767612297100151,0.008771401825721701,0.01585675523326934,0.008123136719758773,0.0,"[0.0866328403045137, 1.2719057801813232, -1.0627636242929768, -0.06422771720503051, 1.503924751709878, 0.9417088640929628, 0.02164145555888773, 1.362973650422814, 1.2451251790621114]"
prism3,125,/home/humanoid/Programs/hand/results/phase1/run_20260413_pollard_multiscene_500_run2_refined/prism3/generated_mjcf/scene_prism3_tn0d0079p0d0199p0d0000_ip0d0180n0d0130p0d0013_mp0d0073p0d0214p0d0045.xml,prism_y0d0350,True,0.02,4.0,1.0,1.0,4.130354694548907,0.04985036615263395,4.0,0.0059340693709245135,0.0019416661072949042,0.00015348283846984353,0.00011065292537652816,1.0,-0.007887425942232639,0.019869923947212237,0.0,0.01796756903605752,-0.01303821976671418,0.0013139928106517436,0.0072988538669776434,0.021417608120759872,0.004534554990868175,"[0.0866328403045137, 1.2719057801813232, -1.0627636242929768, -0.06422771720503051, 1.503924751709878, 0.9417088640929628, 0.02164145555888773, 1.362973650422814, 1.2451251790621114]"
prism3,126,/home/humanoid/Programs/hand/results/phase1/run_20260413_pollard_multiscene_500_run2_refined/prism3/generated_mjcf/scene_prism3_tp0d0045p0d0265p0d0000_ip0d0009n0d0047p0d0000_mp0d0146p0d0270p0d0048.xml,prism_y0d0350,True,0.02,4.0,1.0,1.0,4.829725332412201,0.049885873986719634,6.0,0.007222576701809639,0.5285034444866978,0.002237671554601099,0.0007611298098963021,1.0,0.004458536017805364,0.02651826532165731,0.0,0.0008580601897542929,-0.004669597340441882,0.0,0.014602302785354992,0.02702318182498961,0.004842281650674841,"[0.0866328403045137, 1.2719057801813232, -1.0627636242929768, -0.06422771720503051, 1.503924751709878, 0.9417088640929628, 0.02164145555888773, 1.362973650422814, 1.2451251790621114]"
prism3,127,/home/humanoid/Programs/hand/results/phase1/run_20260413_pollard_multiscene_500_run2_refined/prism3/generated_mjcf/scene_prism3_tp0d0098p0d0083p0d0025_ip0d0003n0d0034p0d0110_mn0d0012p0d0065p0d0080.xml,prism_y0d0350,True,0.02,4.0,1.0,1.0,4.38278300014506,0.04943649966363807,5.0,0.006985429134052738,0.23761545821076255,0.012959960071223858,0.0016767958879341655,1.0,0.009760457547150138,0.008320518767227713,0.002489219276482083,0.00033574461251641846,-0.003359888860213432,0.011045946072750848,-0.0011803141391436098,0.006498272408853792,0.007986264843585493,"[0.0866328403045137, 1.2719057801813232, -1.0627636242929768, -0.06422771720503051, 1.503924751709878, 0.9417088640929628, 0.02164145555888773, 1.362973650422814, 1.2451251790621114]"
prism3,128,/home/humanoid/Programs/hand/results/phase1/run_20260413_pollard_multiscene_500_run2_refined/prism3/generated_mjcf/scene_prism3_tp0d0045p0d0300p0d0062_ip0d0123n0d0114p0d0000_mp0d0168p0d0125p0d0000.xml,prism_y0d0350,True,0.02,4.0,1.0,1.0,4.504317537270644,0.05265687532049421,5.0,0.006857786412671697,0.40571985097149926,0.009524124094823842,0.0005795669922201568,1.0,0.004485274247750803,0.03,0.006156220676458435,0.012260561788589615,-0.011358161911042592,0.0,0.016811552901191067,0.012516042873784501,0.0,"[0.0866328403045137, 1.2719057801813232, -1.0627636242929768, -0.06422771720503051, 1.503924751709878, 0.9417088640929628, 0.02164145555888773, 1.362973650422814, 1.2451251790621114]"
prism3,129,/home/humanoid/Programs/hand/results/phase1/run_20260413_pollard_multiscene_500_run2_refined/prism3/generated_mjcf/scene_prism3_tp0d0011p0d0169p0d0025_in0d0016n0d0203p0d0010_mp0d0126p0d0053p0d0033.xml,prism_y0d0350,True,0.02,4.0,1.0,1.0,4.079581157668456,0.04988893225401057,4.0,0.006001020385409711,0.2577538658467604,0.0026443917623467203,0.0,1.0,0.001124035130705775,0.016879105762682,0.002540590918859706,-0.0015998689586662306,-0.020340573322197117,0.0009559423156456498,0.012637777989375407,0.0052731398225478055,0.003273069010678602,"[0.0866328403045137, 1.2719057801813232, -1.0627636242929768, -0.06422771720503051, 1.503924751709878, 0.9417088640929628, 0.02164145555888773, 1.362973650422814, 1.2451251790621114]"
prism3,130,/home/humanoid/Programs/hand/results/phase1/run_20260413_pollard_multiscene_500_run2_refined/prism3/generated_mjcf/scene_prism3_tp0d0082p0d0149p0d0005_ip0d0197n0d0074p0d0000_mp0d0212p0d0115p0d0078.xml,prism_y0d0350,True,0.02,4.0,1.0,1.0,5.030453905248637,0.05427600172757617,6.0,0.006127487159305638,0.0842331345500776,0.007386035119234331,0.0,1.0,0.008189307560810648,0.014882807021886352,0.0005119386873650589,0.01974686259815555,-0.007428967554101598,0.0,0.02119582419996409,0.011509801055097127,0.007780858579894308,"[0.0866328403045137, 1.2719057801813232, -1.0627636242929768, -0.06422771720503051, 1.503924751709878, 0.9417088640929628, 0.02164145555888773, 1.362973650422814, 1.2451251790621114]"
prism3,131,/home/humanoid/Programs/hand/results/phase1/run_20260413_pollard_multiscene_500_run2_refined/prism3/generated_mjcf/scene_prism3_tn0d0011p0d0270p0d0101_ip0d0197n0d0050p0d0000_mp0d0199p0d0070p0d0000.xml,prism_y0d0350,True,0.02,4.0,1.0,1.0,4.0706804099156315,0.05022949950033931,4.0,0.006169494821271979,0.3330941062777429,0.004174827835339783,0.0,1.0,-0.0011395805826361627,0.026954421492883872,0.010102144179137976,0.019665360013878683,-0.004989540944297587,0.0,0.019903111947131187,0.00698015457820993,0.0,"[0.0866328403045137, 1.2719057801813232, -1.0627636242929768, -0.06422771720503051, 1.503924751709878, 0.9417088640929628, 0.02164145555888773, 1.362973650422814, 1.2451251790621114]"
prism3,132,/home/humanoid/Programs/hand/results/phase1/run_20260413_pollard_multiscene_500_run2_refined/prism3/generated_mjcf/scene_prism3_tp0d0035p0d0260p0d0000_ip0d0045n0d0154p0d0083_mn0d0020p0d0247p0d0000.xml,prism_y0d0350,True,0.02,4.0,1.0,1.0,4.741680710631794,0.053568123087913824,6.0,0.006152566588997137,1.566632539528503,0.013925016741639163,0.00019612357400715374,1.0,0.003512477377717779,0.02595634688580678,0.0,0.004452740128532561,-0.015443202872165433,0.008333916584662072,-0.001953983419333517,0.024659893923409178,0.0,"[0.0866328403045137, 1.2719057801813232, -1.0627636242929768, -0.06422771720503051, 1.503924751709878, 0.9417088640929628, 0.02164145555888773, 1.362973650422814, 1.2451251790621114]"
prism3,133,/home/humanoid/Programs/hand/results/phase1/run_20260413_pollard_multiscene_500_run2_refined/prism3/generated_mjcf/scene_prism3_tp0d0028p0d0300p0d0000_ip0d0111n0d0190p0d0049_mp0d0176p0d0092p0d0086.xml,prism_y0d0350,True,0.02,4.0,1.0,1.0,3.905393546321296,0.050021754693297824,4.0,0.01036555257149229,0.8537707522502963,0.008846731152351083,0.0036242302541243665,1.0,0.0027977652898282263,0.03,0.0,0.011086082907261777,-0.018966780190806512,0.004853939664313668,0.01762763991258995,0.009209986654092634,0.008637469710466666,"[0.0866328403045137, 1.2719057801813232, -1.0627636242929768, -0.06422771720503051, 1.503924751709878, 0.9417088640929628, 0.02164145555888773, 1.362973650422814, 1.2451251790621114]"
prism3,134,/home/humanoid/Programs/hand/results/phase1/run_20260413_pollard_multiscene_500_run2_refined/prism3/generated_mjcf/scene_prism3_tn0d0077p0d0195p0d0000_ip0d0054n0d0153p0d0047_mp0d0056p0d0160p0d0036.xml,prism_y0d0350,True,0.02,4.0,1.0,1.0,4.463379314869706,0.049916885155202234,5.0,0.005929926706649931,0.3697598994540369,0.0027313045384944334,0.0,1.0,-0.007742076707245167,0.019521734459900235,0.0,0.005380400973209519,-0.015320954689492202,0.004686405960974107,0.00560440286082812,0.016011727803561176,0.0036316851150580594,"[0.0866328403045137, 1.2719057801813232, -1.0627636242929768, -0.06422771720503051, 1.503924751709878, 0.9417088640929628, 0.02164145555888773, 1.362973650422814, 1.2451251790621114]"
prism3,135,/home/humanoid/Programs/hand/results/phase1/run_20260413_pollard_multiscene_500_run2_refined/prism3/generated_mjcf/scene_prism3_tp0d0069p0d0150p0d0000_ip0d0037n0d0112p0d0091_mp0d0138p0d0179p0d0000.xml,prism_y0d0350,True,0.02,4.0,1.0,1.0,4.1005600743023205,0.05153031801242444,4.0,0.009194542614153554,0.2705502414701253,0.007338239113951487,0.0,1.0,0.006857647735637552,0.01504492230118383,0.0,0.0036892498449809796,-0.011197272548679756,0.009064254186342637,0.01378107685401934,0.017874691451246903,0.0,"[0.0866328403045137, 1.2719057801813232, -1.0627636242929768, -0.06422771720503051, 1.503924751709878, 0.9417088640929628, 0.02164145555888773, 1.362973650422814, 1.2451251790621114]"
prism3,136,/home/humanoid/Programs/hand/results/phase1/run_20260413_pollard_multiscene_500_run2_refined/prism3/generated_mjcf/scene_prism3_tn0d0000p0d0159p0d0000_ip0d0210n0d0204p0d0000_mp0d0053p0d0187p0d0000.xml,prism_y0d0350,True,0.02,4.0,1.0,1.0,4.056969741576202,0.04985111255871769,4.0,0.005964530394665141,0.37901431106042793,0.0031729984217538105,0.0,1.0,-4.7116339295641754e-05,0.015941643153524383,0.0,0.02102531309204351,-0.02037678228072287,0.0,0.005322139856231826,0.01872476021489625,0.0,"[0.0866328403045137, 1.2719057801813232, -1.0627636242929768, -0.06422771720503051, 1.503924751709878, 0.9417088640929628, 0.02164145555888773, 1.362973650422814, 1.2451251790621114]"
prism3,137,/home/humanoid/Programs/hand/results/phase1/run_20260413_pollard_multiscene_500_run2_refined/prism3/generated_mjcf/scene_prism3_tp0d0049p0d0247p0d0000_ip0d0180n0d0165p0d0030_mp0d0110p0d0050p0d0000.xml,prism_y0d0350,True,0.02,4.0,1.0,1.0,4.363723272643307,0.050635667637602876,5.0,0.007777339178517952,0.8389852455382985,0.007991692819068644,0.0015977060475500654,1.0,0.004939700650079103,0.024682204869321503,0.0,0.018032783027366765,-0.016529194989133536,0.0029566510456937745,0.010960551337871752,0.005020658944108913,0.0,"[0.0866328403045137, 1.2719057801813232, -1.0627636242929768, -0.06422771720503051, 1.503924751709878, 0.9417088640929628, 0.02164145555888773, 1.362973650422814, 1.2451251790621114]"
prism3,138,/home/humanoid/Programs/hand/results/phase1/run_20260413_pollard_multiscene_500_run2_refined/prism3/generated_mjcf/scene_prism3_tp0d0015p0d0300p0d0068_ip0d0095n0d0196p0d0000_mn0d0010p0d0173p0d0000.xml,prism_y0d0350,True,0.02,4.0,1.0,1.0,3.94768566289366,0.04951606546072408,4.0,0.008852228526964634,0.6958268543375585,0.006492168855514349,0.00202876082450279,1.0,0.001515325259618382,0.03,0.006807639524938257,0.009541767906657332,-0.019584708658321362,0.0,-0.000981823473950495,0.01725793949067561,0.0,"[0.0866328403045137, 1.2719057801813232, -1.0627636242929768, -0.06422771720503051, 1.503924751709878, 0.9417088640929628, 0.02164145555888773, 1.362973650422814, 1.2451251790621114]"
prism3,140,/home/humanoid/Programs/hand/results/phase1/run_20260413_pollard_multiscene_500_run2_refined/prism3/generated_mjcf/scene_prism3_tn0d0087p0d0271p0d0000_ip0d0062n0d0240p0d0104_mp0d0057p0d0235p0d0111.xml,prism_y0d0350,True,0.02,4.0,1.0,1.0,4.463481566816597,0.05139196074065915,5.0,0.006462929874183639,0.6042118247212478,0.005279904274986529,0.0,1.0,-0.008731530079981356,0.027066388090933438,0.0,0.0061588016073141905,-0.023982038856395667,0.010357658104953149,0.005704969469548151,0.02352908190489477,0.011086436192306204,"[0.0866328403045137, 1.2719057801813232, -1.0627636242929768, -0.06422771720503051, 1.503924751709878, 0.9417088640929628, 0.02164145555888773, 1.362973650422814, 1.2451251790621114]"
prism3,141,/home/humanoid/Programs/hand/results/phase1/run_20260413_pollard_multiscene_500_run2_refined/prism3/generated_mjcf/scene_prism3_tp0d0055p0d0143p0d0000_ip0d0168n0d0075p0d0079_mp0d0111p0d0191p0d0000.xml,prism_y0d0350,True,0.02,4.0,1.0,1.0,4.039105328495686,0.05050369998844757,4.0,0.010655816233924401,0.5000682150887306,0.004787808165687052,0.00028962144789150546,1.0,0.00545884849963154,0.014257804502089013,0.0,0.016783646536371433,-0.007532492230778167,0.007861720757539256,0.011069781825323213,0.019080062523594087,0.0,"[0.0866328403045137, 1.2719057801813232, -1.0627636242929768, -0.06422771720503051, 1.503924751709878, 0.9417088640929628, 0.02164145555888773, 1.362973650422814, 1.2451251790621114]"
prism3,142,/home/humanoid/Programs/hand/results/phase1/run_20260413_pollard_multiscene_500_run2_refined/prism3/generated_mjcf/scene_prism3_tn0d0074p0d0247p0d0000_ip0d0168n0d0241p0d0028_mp0d0123p0d0058p0d0022.xml,prism_y0d0350,True,0.02,4.0,1.0,1.0,4.080162075217779,0.051626460711546265,4.0,0.007734064030137651,0.6478117106767917,0.0023540275040910305,0.0,1.0,-0.007406249106069644,0.024733766378574083,0.0,0.01681314259118548,-0.024126402710446332,0.002803222095158712,0.01227073241585616,0.005832298099170255,0.0022128550031997474,"[0.0866328403045137, 1.2719057801813232, -1.0627636242929768, -0.06422771720503051, 1.503924751709878, 0.9417088640929628, 0.02164145555888773, 1.362973650422814, 1.2451251790621114]"
prism3,143,/home/humanoid/Programs/hand/results/phase1/run_20260413_pollard_multiscene_500_run2_refined/prism3/generated_mjcf/scene_prism3_tp0d0062p0d0209p0d0041_ip0d0150n0d0194p0d0102_mp0d0059p0d0173p0d0000.xml,prism_y0d0350,True,0.02,4.0,1.0,1.0,4.539489199658487,0.05174636417162727,5.0,0.006851178990329748,0.16393313221568923,0.004931532934329255,0.00031266841078995966,1.0,0.006188329518560347,0.020863806997200564,0.0041462532147777224,0.015008121104932009,-0.019358162822748666,0.010238796153919451,0.005860994776989337,0.017308846946232706,0.0,"[0.0866328403045137, 1.2719057801813232, -1.0627636242929768, -0.06422771720503051, 1.503924751709878, 0.9417088640929628, 0.02164145555888773, 1.362973650422814, 1.2451251790621114]"
prism3,144,/home/humanoid/Programs/hand/results/phase1/run_20260413_pollard_multiscene_500_run2_refined/prism3/generated_mjcf/scene_prism3_tp0d0119p0d0237p0d0000_ip0d0116n0d0236p0d0000_mp0d0214p0d0052p0d0000.xml,prism_y0d0350,True,0.02,4.0,1.0,1.0,2.03804674466305,0.049244560956734615,4.0,0.010437951264980039,6.652153442686774,0.0558210615635501,0.047286929671995076,0.7944444444444444,0.011913720408939114,0.023699386605017154,0.0,0.011586873910987512,-0.02364748026497579,0.0,0.021392537358011006,0.005244756480698892,0.0,"[0.0866328403045137, 1.2719057801813232, -1.0627636242929768, -0.06422771720503051, 1.503924751709878, 0.9417088640929628, 0.02164145555888773, 1.362973650422814, 1.2451251790621114]"
prism3,145,/home/humanoid/Programs/hand/results/phase1/run_20260413_pollard_multiscene_500_run2_refined/prism3/generated_mjcf/scene_prism3_tp0d0018p0d0266p0d0085_ip0d0187n0d0061p0d0000_mp0d0120p0d0228p0d0000.xml,prism_y0d0350,True,0.02,4.0,1.0,1.0,4.474811609227219,0.04955481753745751,5.0,0.006037153316135638,0.22788793441342844,0.0022249179649181466,0.0,1.0,0.0017538542680252782,0.026575331008186886,0.008468955846821315,0.01866947878821324,-0.00605466824628304,0.0,0.011957947693719377,0.02281495484257566,0.0,"[0.0866328403045137, 1.2719057801813232, -1.0627636242929768, -0.06422771720503051, 1.503924751709878, 0.9417088640929628, 0.02164145555888773, 1.362973650422814, 1.2451251790621114]"
prism3,146,/home/humanoid/Programs/hand/results/phase1/run_20260413_pollard_multiscene_500_run2_refined/prism3/generated_mjcf/scene_prism3_tn0d0100p0d0190p0d0000_in0d0019n0d0119p0d0000_mp0d0192p0d0113p0d0039.xml,prism_y0d0350,True,0.02,4.0,1.0,1.0,4.990422728147423,0.053605416066550574,6.0,0.0060903320954464645,0.22956465066485304,0.006525245398537712,0.0,1.0,-0.010045906244288014,0.019006044700280358,0.0,-0.001910366479366826,-0.011895275575458145,0.0,0.019195229064207682,0.011320224616773731,0.0039041055259550206,"[0.0866328403045137, 1.2719057801813232, -1.0627636242929768, -0.06422771720503051, 1.503924751709878, 0.9417088640929628, 0.02164145555888773, 1.362973650422814, 1.2451251790621114]"
prism3,147,/home/humanoid/Programs/hand/results/phase1/run_20260413_pollard_multiscene_500_run2_refined/prism3/generated_mjcf/scene_prism3_tp0d0016p0d0152p0d0000_ip0d0068n0d0186p0d0000_mn0d0007p0d0086p0d0000.xml,prism_y0d0350,True,0.02,4.0,1.0,1.0,3.770017138016599,0.050368859106256325,4.0,0.005987014857276492,1.8850072805162343,0.016361301485063925,0.0,1.0,0.0016338811302797802,0.01519199864331583,0.0,0.0068238390588518626,-0.0185979348006101,0.0,-0.0007490881804916184,0.008644874935491244,0.0,"[0.0866328403045137, 1.2719057801813232, -1.0627636242929768, -0.06422771720503051, 1.503924751709878, 0.9417088640929628, 0.02164145555888773, 1.362973650422814, 1.2451251790621114]"
prism3,148,/home/humanoid/Programs/hand/results/phase1/run_20260413_pollard_multiscene_500_run2_refined/prism3/generated_mjcf/scene_prism3_tn0d0084p0d0110p0d0000_ip0d0037n0d0242p0d0000_mp0d0218p0d0092p0d0000.xml,prism_y0d0350,True,0.02,4.0,1.0,1.0,4.988602769885862,0.05447829902468361,6.0,0.0061499500003741854,0.291235241755389,0.010358751619001358,0.0,1.0,-0.008384850114827124,0.010998077251796115,0.0,0.0037161724242142525,-0.024194187208261365,0.0,0.021761286768522584,0.009183467605082948,0.0,"[0.0866328403045137, 1.2719057801813232, -1.0627636242929768, -0.06422771720503051, 1.503924751709878, 0.9417088640929628, 0.02164145555888773, 1.362973650422814, 1.2451251790621114]"
prism3,149,/home/humanoid/Programs/hand/results/phase1/run_20260413_pollard_multiscene_500_run2_refined/prism3/generated_mjcf/scene_prism3_tp0d0030p0d0212p0d0000_ip0d0156n0d0018p0d0000_mp0d0070p0d0156p0d0000.xml,prism_y0d0350,True,0.02,4.0,1.0,1.0,4.109372008505422,0.04941342949283091,4.0,0.005940754781420505,0.026350355570076388,0.000524046638894609,9.3306750994962e-05,1.0,0.0030242349553947154,0.02123938513737227,0.0,0.015599964008212794,-0.0018124103626753294,0.0,0.007007819845969626,0.01564040034937387,0.0,"[0.0866328403045137, 1.2719057801813232, -1.0627636242929768, -0.06422771720503051, 1.503924751709878, 0.9417088640929628, 0.02164145555888773, 1.362973650422814, 1.2451251790621114]"
prism3,150,/home/humanoid/Programs/hand/results/phase1/run_20260413_pollard_multiscene_500_run2_refined/prism3/generated_mjcf/scene_prism3_tn0d0078p0d0173p0d0042_in0d0016n0d0210p0d0074_mp0d0060p0d0167p0d0000.xml,prism_y0d0350,True,0.02,4.0,1.0,1.0,4.048333237375249,0.04986903040507577,4.0,0.00600858393898381,0.4430054179175118,0.0031024743728015067,0.0,1.0,-0.007824626139829111,0.01732834438676897,0.004248456658127203,-0.0016455198819331964,-0.020978514055772536,0.007394594912894001,0.0059714869993543855,0.016719741941420785,0.0,"[0.0866328403045137, 1.2719057801813232, -1.0627636242929768, -0.06422771720503051, 1.503924751709878, 0.9417088640929628, 0.02164145555888773, 1.362973650422814, 1.2451251790621114]"
prism3,151,/home/humanoid/Programs/hand/results/phase1/run_20260413_pollard_multiscene_500_run2_refined/prism3/generated_mjcf/scene_prism3_tp0d0012p0d0087p0d0000_ip0d0087n0d0117p0d0000_mp0d0090p0d0220p0d0049.xml,prism_y0d0350,True,0.02,4.0,1.0,1.0,4.488779835808433,0.04975354455555161,5.0,0.00786022643442459,0.09319476049227494,0.002477371705829339,0.0006691938715171764,1.0,0.001218564240804446,0.00866571424061289,0.0,0.008749523164934754,-0.011728504763940096,0.0,0.009016880749428276,0.0220316040367717,0.0049388979727751255,"[0.0866328403045137, 1.2719057801813232, -1.0627636242929768, -0.06422771720503051, 1.503924751709878, 0.9417088640929628, 0.02164145555888773, 1.362973650422814, 1.2451251790621114]"
prism3,152,/home/humanoid/Programs/hand/results/phase1/run_20260413_pollard_multiscene_500_run2_refined/prism3/generated_mjcf/scene_prism3_tn0d0031p0d0199p0d0072_ip0d0043n0d0209p0d0113_mp0d0190p0d0243p0d0000.xml,prism_y0d0350,True,0.02,4.0,1.0,1.0,4.415413477666362,0.05024701305479797,5.0,0.0060937448369295715,0.6763493932741077,0.004932013431098687,0.0,1.0,-0.0031420885393652637,0.019907472351036487,0.007176067022170336,0.004316225501834821,-0.020934708518782652,0.01125617333642238,0.018952176361857136,0.024280508339097374,0.0,"[0.0866328403045137, 1.2719057801813232, -1.0627636242929768, -0.06422771720503051, 1.503924751709878, 0.9417088640929628, 0.02164145555888773, 1.362973650422814, 1.2451251790621114]"
prism3,153,/home/humanoid/Programs/hand/results/phase1/run_20260413_pollard_multiscene_500_run2_refined/prism3/generated_mjcf/scene_prism3_tn0d0112p0d0258p0d0070_ip0d0212n0d0234p0d0075_mp0d0061p0d0193p0d0096.xml,prism_y0d0350,True,0.02,4.0,1.0,1.0,4.534448122565277,0.05063645762945146,5.0,0.007277250492260464,0.14425411460366322,0.00027254604840893314,0.0,1.0,-0.011151549883476946,0.02583112419855533,0.0069637886035893125,0.021163138926686795,-0.023441266575308213,0.00750747979912832,0.006083154920940297,0.01929815313027885,0.009613447105348082,"[0.0866328403045137, 1.2719057801813232, -1.0627636242929768, -0.06422771720503051, 1.503924751709878, 0.9417088640929628, 0.02164145555888773, 1.362973650422814, 1.2451251790621114]"
prism3,154,/home/humanoid/Programs/hand/results/phase1/run_20260413_pollard_multiscene_500_run2_refined/prism3/generated_mjcf/scene_prism3_tn0d0060p0d0300p0d0000_ip0d0008n0d0128p0d0053_mp0d0202p0d0236p0d0113.xml,prism_y0d0350,True,0.02,4.0,1.0,1.0,4.80644848437238,0.048638632068349494,6.0,0.006137624609438522,0.4312191291565168,0.0031575865712497155,0.0,1.0,-0.005961165487680037,0.03,0.0,0.0007531740575051921,-0.012763734213142173,0.005254819597036012,0.020235854375230844,0.023634514741201866,0.011292320198183152,"[0.0866328403045137, 1.2719057801813232, -1.0627636242929768, -0.06422771720503051, 1.503924751709878, 0.9417088640929628, 0.02164145555888773, 1.362973650422814, 1.2451251790621114]"
prism3,155,/home/humanoid/Programs/hand/results/phase1/run_20260413_pollard_multiscene_500_run2_refined/prism3/generated_mjcf/scene_prism3_tn0d0014p0d0178p0d0021_ip0d0146n0d0026p0d0022_mp0d0197p0d0133p0d0065.xml,prism_y0d0350,True,0.02,4.0,1.0,1.0,5.015543168341163,0.05293751540119837,6.0,0.006326562564437116,0.07763456549968868,0.0021619267911586674,0.0,1.0,-0.0014073926538075085,0.01775156940829652,0.00214680221506695,0.014606775448273735,-0.0026308522758124574,0.0022085622184445826,0.019743230789970055,0.013276280780333086,0.006512602441148773,"[0.0866328403045137, 1.2719057801813232, -1.0627636242929768, -0.06422771720503051, 1.503924751709878, 0.9417088640929628, 0.02164145555888773, 1.362973650422814, 1.2451251790621114]"
prism3,156,/home/humanoid/Programs/hand/results/phase1/run_20260413_pollard_multiscene_500_run2_refined/prism3/generated_mjcf/scene_prism3_tp0d0120p0d0099p0d0050_ip0d0197n0d0028p0d0089_mp0d0047p0d0131p0d0002.xml,prism_y0d0350,True,0.02,4.0,1.0,1.0,4.237049085236957,0.049034842744237875,5.0,0.006410988262157584,0.7256056798212559,0.019018401857692404,0.003616430930642553,1.0,0.011953618961592274,0.009890472913476396,0.004973856886651324,0.019675836613181563,-0.0028322182956766213,0.008946206172153887,0.0046899317603590635,0.013051221715934756,0.00019432070821016716,"[0.0866328403045137, 1.2719057801813232, -1.0627636242929768, -0.06422771720503051, 1.503924751709878, 0.9417088640929628, 0.02164145555888773, 1.362973650422814, 1.2451251790621114]"
prism3,157,/home/humanoid/Programs/hand/results/phase1/run_20260413_pollard_multiscene_500_run2_refined/prism3/generated_mjcf/scene_prism3_tp0d0113p0d0144p0d0039_ip0d0162n0d0208p0d0089_mp0d0101p0d0263p0d0094.xml,prism_y0d0350,True,0.02,4.0,1.0,1.0,3.827018488341132,0.05018985551577148,4.0,0.006023206771790413,1.8426298004527446,0.006864261849896287,0.0,1.0,0.011272147501967051,0.014373501696804333,0.003851906420196817,0.01623469939494379,-0.0207794824341704,0.008888251116506849,0.01012549654790459,0.02625110103573041,0.00935258777511349,"[0.0866328403045137, 1.2719057801813232, -1.0627636242929768, -0.06422771720503051, 1.503924751709878, 0.9417088640929628, 0.02164145555888773, 1.362973650422814, 1.2451251790621114]"
prism3,158,/home/humanoid/Programs/hand/results/phase1/run_20260413_pollard_multiscene_500_run2_refined/prism3/generated_mjcf/scene_prism3_tp0d0107p0d0124p0d0080_ip0d0187n0d0016p0d0036_mp0d0068p0d0174p0d0000.xml,prism_y0d0350,True,0.02,4.0,1.0,1.0,3.9660668310364064,0.04850360179881025,4.0,0.007802115698964225,0.27576300316154917,0.007064960626397413,0.0026833988576172446,1.0,0.01073853532475701,0.012387630681511006,0.008031577607341533,0.018707664354787955,-0.0015653204796709976,0.0035891289918922806,0.006844769507781586,0.017385410079520693,0.0,"[0.0866328403045137, 1.2719057801813232, -1.0627636242929768, -0.06422771720503051, 1.503924751709878, 0.9417088640929628, 0.02164145555888773, 1.362973650422814, 1.2451251790621114]"
prism3,159,/home/humanoid/Programs/hand/results/phase1/run_20260413_pollard_multiscene_500_run2_refined/prism3/generated_mjcf/scene_prism3_tp0d0119p0d0253p0d0000_ip0d0201n0d0072p0d0000_mp0d0203p0d0111p0d0000.xml,prism_y0d0350,True,0.02,4.0,1.0,1.0,4.05157818464681,0.05006378740238164,4.0,0.005968819844584555,0.4385513498602567,0.0038223387113900673,0.0,1.0,0.011908468213914038,0.025333279743847862,0.0,0.02005299318962482,-0.007202619005446663,0.0,0.02030522813099945,0.01108420496281693,0.0,"[0.0866328403045137, 1.2719057801813232, -1.0627636242929768, -0.06422771720503051, 1.503924751709878, 0.9417088640929628, 0.02164145555888773, 1.362973650422814, 1.2451251790621114]"
prism3,160,/home/humanoid/Programs/hand/results/phase1/run_20260413_pollard_multiscene_500_run2_refined/prism3/generated_mjcf/scene_prism3_tn0d0113p0d0248p0d0000_in0d0008n0d0086p0d0112_mn0d0005p0d0215p0d0000.xml,prism_y0d0350,True,0.02,4.0,1.0,1.0,4.172089902910021,0.05020617011405833,5.0,0.005926722488518239,2.272423865307711,0.0054015043848045586,0.0,1.0,-0.01128660729865892,0.024821794228799127,0.0,-0.00083186608066977,-0.008554373849221279,0.01124052496537592,-0.00045976902830612704,0.02153632241141243,0.0,"[0.0866328403045137, 1.2719057801813232, -1.0627636242929768, -0.06422771720503051, 1.503924751709878, 0.9417088640929628, 0.02164145555888773, 1.362973650422814, 1.2451251790621114]"
prism3,161,/home/humanoid/Programs/hand/results/phase1/run_20260413_pollard_multiscene_500_run2_refined/prism3/generated_mjcf/scene_prism3_tp0d0087p0d0083p0d0000_ip0d0214n0d0105p0d0000_mn0d0019p0d0131p0d0000.xml,prism_y0d0350,True,0.02,4.0,1.0,1.0,0.771682524592547,0.047424444796591844,4.0,0.0081935905533325,15.337996163101405,0.05187332069463374,0.0440612835364482,0.8361111111111111,0.008669593171338762,0.00829146285729023,0.0,0.021403486505120473,-0.010490628603991449,0.0,-0.0018867354281598952,0.013116773146138423,0.0,"[0.0866328403045137, 1.2719057801813232, -1.0627636242929768, -0.06422771720503051, 1.503924751709878, 0.9417088640929628, 0.02164145555888773, 1.362973650422814, 1.2451251790621114]"
prism3,162,/home/humanoid/Programs/hand/results/phase1/run_20260413_pollard_multiscene_500_run2_refined/prism3/generated_mjcf/scene_prism3_tp0d0008p0d0243p0d0000_ip0d0056n0d0230p0d0119_mp0d0082p0d0196p0d0000.xml,prism_y0d0350,True,0.02,4.0,1.0,1.0,4.075202031779526,0.052075630790822156,5.0,0.006473345134464947,3.321461325132222,0.005888722603137476,7.890177013855637e-05,1.0,0.0007872815147419634,0.024339149896880262,0.0,0.005640705116096214,-0.02302834268353677,0.01191609277025579,0.008172407472881515,0.01958364266529724,0.0,"[0.0866328403045137, 1.2719057801813232, -1.0627636242929768, -0.06422771720503051, 1.503924751709878, 0.9417088640929628, 0.02164145555888773, 1.362973650422814, 1.2451251790621114]"
prism3,163,/home/humanoid/Programs/hand/results/phase1/run_20260413_pollard_multiscene_500_run2_refined/prism3/generated_mjcf/scene_prism3_tn0d0086p0d0126p0d0000_ip0d0145n0d0005p0d0000_mp0d0020p0d0225p0d0033.xml,prism_y0d0350,True,0.02,4.0,1.0,1.0,4.163547879133542,0.052736564897105334,4.0,0.00853131152017067,0.2915739066716333,0.003572197204009619,0.0,1.0,-0.008586770952238532,0.012644829297614164,0.0,0.014518686427156752,-0.0005474510000305095,0.0,0.001965759771380771,0.022540723821144228,0.003273335117701349,"[0.0866328403045137, 1.2719057801813232, -1.0627636242929768, -0.06422771720503051, 1.503924751709878, 0.9417088640929628, 0.02164145555888773, 1.362973650422814, 1.2451251790621114]"
prism3,164,/home/humanoid/Programs/hand/results/phase1/run_20260413_pollard_multiscene_500_run2_refined/prism3/generated_mjcf/scene_prism3_tp0d0107p0d0168p0d0000_ip0d0049n0d0050p0d0000_mp0d0071p0d0191p0d0099.xml,prism_y0d0350,True,0.02,4.0,1.0,1.0,4.339797072886752,0.048293167635808355,5.0,0.007999608242434472,0.41848137379251815,0.005172473288140348,0.003388127673662658,1.0,0.010747195468850355,0.01675308957305969,0.0,0.00487366060525649,-0.004994659363875083,0.0,0.007115221286644597,0.01912555289909626,0.009921219314163253,"[0.0866328403045137, 1.2719057801813232, -1.0627636242929768, -0.06422771720503051, 1.503924751709878, 0.9417088640929628, 0.02164145555888773, 1.362973650422814, 1.2451251790621114]"
prism3,165,/home/humanoid/Programs/hand/results/phase1/run_20260413_pollard_multiscene_500_run2_refined/prism3/generated_mjcf/scene_prism3_tp0d0075p0d0100p0d0087_ip0d0170n0d0130p0d0013_mp0d0086p0d0046p0d0000.xml,prism_y0d0350,True,0.02,4.0,1.0,1.0,4.095532937735704,0.04916934228360348,4.0,0.006018811720622003,0.02627398705059701,0.0009417069836313455,0.00031375656581636435,1.0,0.007507910790054063,0.010039102780949638,0.008737907867536678,0.016991815976954282,-0.013002375180709125,0.0012906382131382538,0.008637117703904192,0.004631095879577326,0.0,"[0.0866328403045137, 1.2719057801813232, -1.0627636242929768, -0.06422771720503051, 1.503924751709878, 0.9417088640929628, 0.02164145555888773, 1.362973650422814, 1.2451251790621114]"
prism3,166,/home/humanoid/Programs/hand/results/phase1/run_20260413_pollard_multiscene_500_run2_refined/prism3/generated_mjcf/scene_prism3_tp0d0099p0d0224p0d0000_ip0d0112n0d0095p0d0075_mp0d0120p0d0081p0d0113.xml,prism_y0d0350,True,0.02,4.0,1.0,1.0,4.375268301982237,0.04953389374108198,5.0,0.005928389539139788,0.7433704534962596,0.005842605308819146,0.0,1.0,0.009914028604362819,0.02236731891349133,0.0,0.011234581749742536,-0.009457652688120629,0.007469727117063573,0.011958058295655653,0.008132251114838226,0.011278282523067704,"[0.0866328403045137, 1.2719057801813232, -1.0627636242929768, -0.06422771720503051, 1.503924751709878, 0.9417088640929628, 0.02164145555888773, 1.362973650422814, 1.2451251790621114]"
prism3,167,/home/humanoid/Programs/hand/results/phase1/run_20260413_pollard_multiscene_500_run2_refined/prism3/generated_mjcf/scene_prism3_tn0d0049p0d0254p0d0045_ip0d0202n0d0059p0d0000_mn0d0008p0d0191p0d0000.xml,prism_y0d0350,True,0.02,4.0,1.0,1.0,4.995433228653811,0.05365834917996868,6.0,0.00610558444072007,0.09902041089194619,0.00925746035497701,0.0,1.0,-0.00488964265872333,0.02540873439896553,0.004505410724312587,0.020158641957999573,-0.005939355777245107,0.0,-0.0008475818379703112,0.019052107364078294,0.0,"[0.0866328403045137, 1.2719057801813232, -1.0627636242929768, -0.06422771720503051, 1.503924751709878, 0.9417088640929628, 0.02164145555888773, 1.362973650422814, 1.2451251790621114]"
prism3,168,/home/humanoid/Programs/hand/results/phase1/run_20260413_pollard_multiscene_500_run2_refined/prism3/generated_mjcf/scene_prism3_tn0d0107p0d0086p0d0018_ip0d0169n0d0226p0d0000_mp0d0071p0d0249p0d0035.xml,prism_y0d0350,True,0.02,4.0,1.0,1.0,4.448278020678129,0.050593882136920315,5.0,0.00620528900626282,0.5287376505295898,0.005131104753686349,0.0,1.0,-0.010742330134104312,0.008555869754555611,0.0017551315816082304,0.016898620275038925,-0.022613950580024002,0.0,0.007100308119039354,0.024886353180967997,0.0035120658990042738,"[0.0866328403045137, 1.2719057801813232, -1.0627636242929768, -0.06422771720503051, 1.503924751709878, 0.9417088640929628, 0.02164145555888773, 1.362973650422814, 1.2451251790621114]"
prism3,169,/home/humanoid/Programs/hand/results/phase1/run_20260413_pollard_multiscene_500_run2_refined/prism3/generated_mjcf/scene_prism3_tn0d0023p0d0300p0d0045_ip0d0141n0d0072p0d0010_mp0d0092p0d0266p0d0017.xml,prism_y0d0350,True,0.02,4.0,1.0,1.0,3.9412575171820716,0.04995906968644909,4.0,0.0060584777002618065,1.0677849568357867,0.005837537152959083,0.0,1.0,-0.0022859760465189123,0.03,0.004491148993976263,0.014133915252692657,-0.00720976135270515,0.0010038693069339966,0.009219964776903154,0.026639798958592052,0.0017238483621419484,"[0.0866328403045137, 1.2719057801813232, -1.0627636242929768, -0.06422771720503051, 1.503924751709878, 0.9417088640929628, 0.02164145555888773, 1.362973650422814, 1.2451251790621114]"
prism3,170,/home/humanoid/Programs/hand/results/phase1/run_20260413_pollard_multiscene_500_run2_refined/prism3/generated_mjcf/scene_prism3_tn0d0023p0d0102p0d0000_ip0d0216n0d0012p0d0000_mn0d0001p0d0196p0d0000.xml,prism_y0d0350,True,0.02,4.0,1.0,1.0,4.004117871558664,0.049439133553956044,4.0,0.011357788834843554,0.32690149627075055,0.0034173451558370117,0.002833077482039606,1.0,-0.0022512569426476337,0.010245824732785286,0.0,0.021598950036595156,-0.0012190901501439397,0.0,-0.000132916285661977,0.019593371151241823,0.0,"[0.0866328403045137, 1.2719057801813232, -1.0627636242929768, -0.06422771720503051, 1.503924751709878, 0.9417088640929628, 0.02164145555888773, 1.362973650422814, 1.2451251790621114]"
prism3,171,/home/humanoid/Programs/hand/results/phase1/run_20260413_pollard_multiscene_500_run2_refined/prism3/generated_mjcf/scene_prism3_tp0d0039p0d0130p0d0000_ip0d0058n0d0184p0d0066_mp0d0053p0d0253p0d0000.xml,prism_y0d0350,True,0.02,4.0,1.0,1.0,3.7559465008965107,0.04966620493864679,4.0,0.011499862849703535,1.6573151652116154,0.011918132818056147,0.003272072880553381,1.0,0.003927672446135566,0.013035727953339283,0.0,0.005821268678713911,-0.018384392421899758,0.006602746162043826,0.005291531853126817,0.025251723655812762,0.0,"[0.0866328403045137, 1.2719057801813232, -1.0627636242929768, -0.06422771720503051, 1.503924751709878, 0.9417088640929628, 0.02164145555888773, 1.362973650422814, 1.2451251790621114]"
prism3,172,/home/humanoid/Programs/hand/results/phase1/run_20260413_pollard_multiscene_500_run2_refined/prism3/generated_mjcf/scene_prism3_tp0d0095p0d0117p0d0000_ip0d0216n0d0232p0d0081_mp0d0019p0d0158p0d0110.xml,prism_y0d0350,True,0.02,4.0,1.0,1.0,3.9985338982007104,0.04980488176002629,4.0,0.005931594003783281,0.6828726299362523,0.005057146817034147,0.0,1.0,0.009478466612064692,0.01168372526952211,0.0,0.02160887059855398,-0.023164369430652178,0.008119067766142584,0.0019284014760311882,0.015758297922973116,0.01099679951817091,"[0.0866328403045137, 1.2719057801813232, -1.0627636242929768, -0.06422771720503051, 1.503924751709878, 0.9417088640929628, 0.02164145555888773, 1.362973650422814, 1.2451251790621114]"
prism3,173,/home/humanoid/Programs/hand/results/phase1/run_20260413_pollard_multiscene_500_run2_refined/prism3/generated_mjcf/scene_prism3_tn0d0091p0d0170p0d0002_ip0d0137n0d0162p0d0000_mp0d0198p0d0035p0d0115.xml,prism_y0d0350,True,0.02,4.0,1.0,1.0,4.087797610003468,0.04940950484826245,4.0,0.005887311103126882,0.1104234988643241,0.002199485441635907,0.0,1.0,-0.009145682503664064,0.017045684283200635,0.00019631914511307816,0.013653580327099199,-0.01623028555312832,0.0,0.019787687411714293,0.0034936345899613894,0.011549356045366811,"[0.0866328403045137, 1.2719057801813232, -1.0627636242929768, -0.06422771720503051, 1.503924751709878, 0.9417088640929628, 0.02164145555888773, 1.362973650422814, 1.2451251790621114]"
prism3,174,/home/humanoid/Programs/hand/results/phase1/run_20260413_pollard_multiscene_500_run2_refined/prism3/generated_mjcf/scene_prism3_tn0d0084p0d0135p0d0056_ip0d0161n0d0120p0d0000_mp0d0033p0d0083p0d0094.xml,prism_y0d0350,True,0.02,4.0,1.0,1.0,4.122571080388815,0.04979907089870028,4.0,0.006033269151749981,0.03224215721457073,0.0003678387676684704,0.00010720888116654004,1.0,-0.008416704660400457,0.013544724004021461,0.0055591496449118975,0.01607346868467647,-0.011987541353118166,0.0,0.003343847788665107,0.00829167228915013,0.009415614975348773,"[0.0866328403045137, 1.2719057801813232, -1.0627636242929768, -0.06422771720503051, 1.503924751709878, 0.9417088640929628, 0.02164145555888773, 1.362973650422814, 1.2451251790621114]"
prism3,175,/home/humanoid/Programs/hand/results/phase1/run_20260413_pollard_multiscene_500_run2_refined/prism3/generated_mjcf/scene_prism3_tn0d0010p0d0264p0d0097_ip0d0074n0d0021p0d0043_mp0d0125p0d0141p0d0000.xml,prism_y0d0350,True,0.02,4.0,1.0,1.0,4.099661869800194,0.04933065072161014,4.0,0.006101350770218797,0.051247223084924694,0.0010618461168180496,5.417031267301864e-05,1.0,-0.000987966722941342,0.02641863323770267,0.009749655067213505,0.007435624649495688,-0.002126774060817691,0.004329946350058643,0.012516638434641977,0.014116350948087338,0.0,"[0.0866328403045137, 1.2719057801813232, -1.0627636242929768, -0.06422771720503051, 1.503924751709878, 0.9417088640929628, 0.02164145555888773, 1.362973650422814, 1.2451251790621114]"
prism3,176,/home/humanoid/Programs/hand/results/phase1/run_20260413_pollard_multiscene_500_run2_refined/prism3/generated_mjcf/scene_prism3_tn0d0042p0d0147p0d0000_ip0d0078n0d0180p0d0000_mp0d0214p0d0170p0d0000.xml,prism_y0d0350,True,0.02,4.0,1.0,1.0,4.985174746470336,0.053034962166060254,6.0,0.0065202371870693296,0.24201897530619806,0.0036176014452840924,0.0,1.0,-0.004224321255218628,0.014693684350748644,0.0,0.007783851825736274,-0.018004387774481902,0.0,0.021358462961561187,0.017045554947876396,0.0,"[0.0866328403045137, 1.2719057801813232, -1.0627636242929768, -0.06422771720503051, 1.503924751709878, 0.9417088640929628, 0.02164145555888773, 1.362973650422814, 1.2451251790621114]"
prism3,177,/home/humanoid/Programs/hand/results/phase1/run_20260413_pollard_multiscene_500_run2_refined/prism3/generated_mjcf/scene_prism3_tp0d0082p0d0197p0d0081_ip0d0020n0d0208p0d0000_mp0d0186p0d0217p0d0000.xml,prism_y0d0350,True,0.02,4.0,1.0,1.0,4.324237496804773,0.049603070268774835,5.0,0.006117691622192712,0.5431223132477347,0.019694372061800115,0.0,1.0,0.008167387550689544,0.01968914444390417,0.008060320464359848,0.0019543986615473425,-0.02080566383837565,0.0,0.018645458933625167,0.021650883133752408,0.0,"[0.0866328403045137, 1.2719057801813232, -1.0627636242929768, -0.06422771720503051, 1.503924751709878, 0.9417088640929628, 0.02164145555888773, 1.362973650422814, 1.2451251790621114]"
prism3,178,/home/humanoid/Programs/hand/results/phase1/run_20260413_pollard_multiscene_500_run2_refined/prism3/generated_mjcf/scene_prism3_tp0d0104p0d0286p0d0000_ip0d0124n0d0007p0d0050_mp0d0027p0d0177p0d0094.xml,prism_y0d0350,True,0.02,4.0,1.0,1.0,4.005746222449716,0.049874651279301074,4.0,0.005998800676613553,0.6877150742887671,0.004118618304879944,0.0,1.0,0.010404850160773957,0.02864850095402521,0.0,0.012396573576992977,-0.0006640127032650541,0.004951171989004948,0.0027457737026305084,0.01766712406835367,0.00939002581709478,"[0.0866328403045137, 1.2719057801813232, -1.0627636242929768, -0.06422771720503051, 1.503924751709878, 0.9417088640929628, 0.02164145555888773, 1.362973650422814, 1.2451251790621114]"
prism3,179,/home/humanoid/Programs/hand/results/phase1/run_20260413_pollard_multiscene_500_run2_refined/prism3/generated_mjcf/scene_prism3_tp0d0008p0d0192p0d0059_ip0d0089n0d0091p0d0000_mp0d0163p0d0264p0d0083.xml,prism_y0d0350,True,0.02,4.0,1.0,1.0,4.914112090980338,0.04987880381183414,6.0,0.007526217879307864,0.09470237959330345,0.00033264546326087314,3.2698079723392226e-05,1.0,0.000775856375392953,0.019217011949822636,0.005889455773125243,0.008897061470780695,-0.009104554451179199,0.0,0.01630746355080402,0.026364703453000786,0.008285323912689182,"[0.0866328403045137, 1.2719057801813232, -1.0627636242929768, -0.06422771720503051, 1.503924751709878, 0.9417088640929628, 0.02164145555888773, 1.362973650422814, 1.2451251790621114]"
prism3,180,/home/humanoid/Programs/hand/results/phase1/run_20260413_pollard_multiscene_500_run2_refined/prism3/generated_mjcf/scene_prism3_tp0d0076p0d0194p0d0056_ip0d0097n0d0216p0d0000_mp0d0064p0d0234p0d0000.xml,prism_y0d0350,True,0.02,4.0,1.0,1.0,4.514140172451008,0.049693938455069864,5.0,0.005969105498341335,0.0623933134865745,0.0005112712119560488,6.523651541928688e-05,1.0,0.007601073351175328,0.019366103985973,0.005648628398581976,0.009739818482690336,-0.021574981248505112,0.0,0.006356703445989577,0.02337913098547223,0.0,"[0.0866328403045137, 1.2719057801813232, -1.0627636242929768, -0.06422771720503051, 1.503924751709878, 0.9417088640929628, 0.02164145555888773, 1.362973650422814, 1.2451251790621114]"
prism3,181,/home/humanoid/Programs/hand/results/phase1/run_20260413_pollard_multiscene_500_run2_refined/prism3/generated_mjcf/scene_prism3_tn0d0093p0d0088p0d0007_ip0d0040n0d0090p0d0000_mp0d0086p0d0067p0d0000.xml,prism_y0d0350,True,0.02,4.0,1.0,1.0,4.989075584972863,0.0525070513752942,6.0,0.006441904407377949,0.058858261397755435,0.004493110856335856,0.0,1.0,-0.00933543154492234,0.008805327185990803,0.000668602678969548,0.003961819525625501,-0.008970762740116253,0.0,0.008646250009056356,0.006693370993602678,0.0,"[0.0866328403045137, 1.2719057801813232, -1.0627636242929768, -0.06422771720503051, 1.503924751709878, 0.9417088640929628, 0.02164145555888773, 1.362973650422814, 1.2451251790621114]"
prism3,182,/home/humanoid/Programs/hand/results/phase1/run_20260413_pollard_multiscene_500_run2_refined/prism3/generated_mjcf/scene_prism3_tp0d0016p0d0207p0d0000_ip0d0186n0d0072p0d0000_mp0d0006p0d0075p0d0000.xml,prism_y0d0350,True,0.02,4.0,1.0,1.0,4.316401491286075,0.05100378047955971,5.0,0.0060280866347620895,1.2394154277027205,0.011793723012263852,0.0,1.0,0.0016470894595621167,0.02073131030867892,0.0,0.018640972661330295,-0.007166913517253069,0.0,0.0006460636272721757,0.00746074094995392,0.0,"[0.0866328403045137, 1.2719057801813232, -1.0627636242929768, -0.06422771720503051, 1.503924751709878, 0.9417088640929628, 0.02164145555888773, 1.362973650422814, 1.2451251790621114]"
prism3,183,/home/humanoid/Programs/hand/results/phase1/run_20260413_pollard_multiscene_500_run2_refined/prism3/generated_mjcf/scene_prism3_tn0d0061p0d0135p0d0031_ip0d0009n0d0192p0d0099_mp0d0008p0d0086p0d0098.xml,prism_y0d0350,True,0.02,4.0,1.0,1.0,4.062360598793505,0.04971054439486881,4.0,0.005962335553510703,0.33063608553698914,0.0025950390621994313,3.484472634468494e-05,1.0,-0.006124041163500725,0.01348762563825465,0.003063555658450347,0.0008658191334914387,-0.019187756292742966,0.009946785525691476,0.0008247528584014556,0.008646561502834105,0.009803886638379881,"[0.0866328403045137, 1.2719057801813232, -1.0627636242929768, -0.06422771720503051, 1.503924751709878, 0.9417088640929628, 0.02164145555888773, 1.362973650422814, 1.2451251790621114]"
prism3,184,/home/humanoid/Programs/hand/results/phase1/run_20260413_pollard_multiscene_500_run2_refined/prism3/generated_mjcf/scene_prism3_tp0d0067p0d0188p0d0113_ip0d0058n0d0101p0d0000_mp0d0090p0d0092p0d0053.xml,prism_y0d0350,True,0.02,4.0,1.0,1.0,4.084777077805024,0.048722121277006716,4.0,0.006065187064061449,0.015543322820794387,0.0006816158131374766,0.0001621332883453841,1.0,0.00674552063868359,0.01875844570534435,0.011269136853523525,0.00584627774575262,-0.010051085845152196,0.0,0.009021495589241701,0.009187286818277404,0.005298283897151278,"[0.0866328403045137, 1.2719057801813232, -1.0627636242929768, -0.06422771720503051, 1.503924751709878, 0.9417088640929628, 0.02164145555888773, 1.362973650422814, 1.2451251790621114]"
prism3,185,/home/humanoid/Programs/hand/results/phase1/run_20260413_pollard_multiscene_500_run2_refined/prism3/generated_mjcf/scene_prism3_tn0d0076p0d0293p0d0095_ip0d0164n0d0030p0d0000_mn0d0008p0d0251p0d0018.xml,prism_y0d0350,True,0.02,4.0,1.0,1.0,4.044022820121073,0.05075054204090346,4.0,0.006160982543415863,0.28805619727066095,0.012785959438852811,0.0,1.0,-0.007579144053407563,0.02926402140053649,0.009526551407758252,0.016445449506548186,-0.0030376445306050295,0.0,-0.000757042771043057,0.025099540621265633,0.0018448931286065753,"[0.0866328403045137, 1.2719057801813232, -1.0627636242929768, -0.06422771720503051, 1.503924751709878, 0.9417088640929628, 0.02164145555888773, 1.362973650422814, 1.2451251790621114]"
prism3,186,/home/humanoid/Programs/hand/results/phase1/run_20260413_pollard_multiscene_500_run2_refined/prism3/generated_mjcf/scene_prism3_tn0d0109p0d0266p0d0000_ip0d0208n0d0007p0d0025_mp0d0198p0d0119p0d0000.xml,prism_y0d0350,True,0.02,4.0,1.0,1.0,4.470017650434006,0.049078371758562084,5.0,0.005968460614711929,0.10464606055814073,0.0033485884670870283,0.0,1.0,-0.01094530967303526,0.026622520374406416,0.0,0.02084817749367661,-0.0006692405604083445,0.0024633831944326275,0.019788114268166283,0.011869035729068184,0.0,"[0.0866328403045137, 1.2719057801813232, -1.0627636242929768, -0.06422771720503051, 1.503924751709878, 0.9417088640929628, 0.02164145555888773, 1.362973650422814, 1.2451251790621114]"
prism3,187,/home/humanoid/Programs/hand/results/phase1/run_20260413_pollard_multiscene_500_run2_refined/prism3/generated_mjcf/scene_prism3_tp0d0055p0d0214p0d0000_ip0d0064n0d0241p0d0000_mp0d0092p0d0120p0d0006.xml,prism_y0d0350,True,0.02,4.0,1.0,1.0,4.117307164577981,0.05354276110380171,5.0,0.006767413835105891,2.50114405466582,0.02450663715954043,0.0017452679356459444,1.0,0.005524128560409666,0.021412513004040876,0.0,0.006369495553362655,-0.02409273098003277,0.0,0.0092245498650162,0.011986839827390296,0.0005794426517732355,"[0.0866328403045137, 1.2719057801813232, -1.0627636242929768, -0.06422771720503051, 1.503924751709878, 0.9417088640929628, 0.02164145555888773, 1.362973650422814, 1.2451251790621114]"
prism3,188,/home/humanoid/Programs/hand/results/phase1/run_20260413_pollard_multiscene_500_run2_refined/prism3/generated_mjcf/scene_prism3_tn0d0113p0d0300p0d0000_ip0d0000n0d0098p0d0041_mp0d0057p0d0253p0d0000.xml,prism_y0d0350,True,0.02,4.0,1.0,1.0,4.408297227296301,0.05220838107938806,5.0,0.006005882324333245,0.9043840838091064,0.011887788877041422,0.0,1.0,-0.011292589471460104,0.03,0.0,1.896314324718526e-05,-0.009754604433349351,0.004105129779418168,0.0057010780266160835,0.025270931042320165,0.0,"[0.0866328403045137, 1.2719057801813232, -1.0627636242929768, -0.06422771720503051, 1.503924751709878, 0.9417088640929628, 0.02164145555888773, 1.362973650422814, 1.2451251790621114]"
prism3,189,/home/humanoid/Programs/hand/results/phase1/run_20260413_pollard_multiscene_500_run2_refined/prism3/generated_mjcf/scene_prism3_tn0d0079p0d0282p0d0000_ip0d0114n0d0059p0d0000_mp0d0194p0d0087p0d0000.xml,prism_y0d0350,True,0.02,4.0,1.0,1.0,4.084050404411863,0.050549185003413974,4.0,0.005983416661450676,0.39230935700079483,0.002392972305767737,0.0,1.0,-0.007871923122523284,0.02824721477700434,0.0,0.011434791023358513,-0.005873051273154057,0.0,0.019370976136729598,0.00867365001472788,0.0,"[0.0866328403045137, 1.2719057801813232, -1.0627636242929768, -0.06422771720503051, 1.503924751709878, 0.9417088640929628, 0.02164145555888773, 1.362973650422814, 1.2451251790621114]"
prism3,190,/home/humanoid/Programs/hand/results/phase1/run_20260413_pollard_multiscene_500_run2_refined/prism3/generated_mjcf/scene_prism3_tn0d0079p0d0137p0d0027_ip0d0124n0d0151p0d0000_mp0d0088p0d0098p0d0119.xml,prism_y0d0350,True,0.02,4.0,1.0,1.0,4.956267496971063,0.05312648446011989,6.0,0.005974351616926397,0.206727214072247,0.010033612298073815,0.0,1.0,-0.007922255873662335,0.01371029600381386,0.002721329818083271,0.012447962530512873,-0.01514861068170811,0.0,0.008759742605920662,0.009773312969026872,0.011886714086111382,"[0.0866328403045137, 1.2719057801813232, -1.0627636242929768, -0.06422771720503051, 1.503924751709878, 0.9417088640929628, 0.02164145555888773, 1.362973650422814, 1.2451251790621114]"
prism3,191,/home/humanoid/Programs/hand/results/phase1/run_20260413_pollard_multiscene_500_run2_refined/prism3/generated_mjcf/scene_prism3_tp0d0019p0d0293p0d0046_ip0d0002n0d0125p0d0108_mp0d0108p0d0067p0d0063.xml,prism_y0d0350,True,0.02,4.0,1.0,1.0,4.482421768968964,0.05259629369694348,5.0,0.0073435904033765,0.6361443066021416,0.00491265708280959,0.001571978427510487,1.0,0.0018830516039466342,0.029256296294360287,0.004590055672901827,0.00019418877198786565,-0.012523302376143691,0.010792955576711082,0.010752739267010073,0.006693250662758721,0.006299504218256629,"[0.0866328403045137, 1.2719057801813232, -1.0627636242929768, -0.06422771720503051, 1.503924751709878, 0.9417088640929628, 0.02164145555888773, 1.362973650422814, 1.2451251790621114]"
prism3,192,/home/humanoid/Programs/hand/results/phase1/run_20260413_pollard_multiscene_500_run2_refined/prism3/generated_mjcf/scene_prism3_tp0d0067p0d0256p0d0039_ip0d0184n0d0140p0d0000_mp0d0195p0d0054p0d0113.xml,prism_y0d0350,True,0.02,4.0,1.0,1.0,4.621095870099428,0.055326120107334426,5.0,0.006508511537112683,0.3801362949395826,0.00754681105701901,0.0,1.0,0.006672177446761959,0.025628884167786206,0.0038572142634211992,0.01842128999050232,-0.01397234999711339,0.0,0.019494678344776084,0.00535814621895145,0.011258684809489543,"[0.0866328403045137, 1.2719057801813232, -1.0627636242929768, -0.06422771720503051, 1.503924751709878, 0.9417088640929628, 0.02164145555888773, 1.362973650422814, 1.2451251790621114]"
prism3,193,/home/humanoid/Programs/hand/results/phase1/run_20260413_pollard_multiscene_500_run2_refined/prism3/generated_mjcf/scene_prism3_tn0d0077p0d0160p0d0072_ip0d0010n0d0154p0d0036_mp0d0059p0d0236p0d0000.xml,prism_y0d0350,True,0.02,4.0,1.0,1.0,4.8411441965178375,0.05041023174755558,6.0,0.0063756719763989125,0.08187374581124246,0.015191354371587057,0.0005861152160501759,1.0,-0.00771825165600488,0.016023573175587044,0.007244651236789669,0.0009979894119062204,-0.015350633875943372,0.0035716783631282913,0.005934109057548915,0.023579488684636142,0.0,"[0.0866328403045137, 1.2719057801813232, -1.0627636242929768, -0.06422771720503051, 1.503924751709878, 0.9417088640929628, 0.02164145555888773, 1.362973650422814, 1.2451251790621114]"
prism3,194,/home/humanoid/Programs/hand/results/phase1/run_20260413_pollard_multiscene_500_run2_refined/prism3/generated_mjcf/scene_prism3_tp0d0022p0d0165p0d0000_ip0d0047n0d0047p0d0000_mp0d0063p0d0246p0d0100.xml,prism_y0d0350,True,0.02,4.0,1.0,1.0,4.877195658376489,0.05035979555156181,6.0,0.007820586090488307,0.4331258415423457,0.0005877611549745322,0.00010504754883323975,1.0,0.002155875607059588,0.016463019431581197,0.0,0.004682261512893564,-0.004712124701702984,0.0,0.0062873914158132205,0.024625541596942857,0.00997814352824699,"[0.0866328403045137, 1.2719057801813232, -1.0627636242929768, -0.06422771720503051, 1.503924751709878, 0.9417088640929628, 0.02164145555888773, 1.362973650422814, 1.2451251790621114]"
prism3,195,/home/humanoid/Programs/hand/results/phase1/run_20260413_pollard_multiscene_500_run2_refined/prism3/generated_mjcf/scene_prism3_tp0d0018p0d0106p0d0000_ip0d0170n0d0152p0d0103_mp0d0071p0d0270p0d0037.xml,prism_y0d0350,True,0.02,4.0,1.0,1.0,4.040133958784801,0.050647228977887954,4.0,0.01252076766148999,0.5687913840574441,0.003057848790180279,0.0003176433140499174,1.0,0.0017769351336203425,0.010649600421908078,0.0,0.01699612895829177,-0.015198481678962258,0.010277068222255922,0.007100374659333967,0.026988793720779093,0.0037334332006010336,"[0.0866328403045137, 1.2719057801813232, -1.0627636242929768, -0.06422771720503051, 1.503924751709878, 0.9417088640929628, 0.02164145555888773, 1.362973650422814, 1.2451251790621114]"
prism3,196,/home/humanoid/Programs/hand/results/phase1/run_20260413_pollard_multiscene_500_run2_refined/prism3/generated_mjcf/scene_prism3_tn0d0053p0d0211p0d0072_ip0d0040n0d0172p0d0000_mp0d0067p0d0258p0d0035.xml,prism_y0d0350,True,0.02,4.0,1.0,1.0,3.579324285883616,0.04912611918320885,4.0,0.006078375322051279,3.0620862148032084,0.011436700444018292,0.0,1.0,-0.0053098841582090335,0.021132674117052504,0.007208012367465232,0.003956516461473281,-0.017214401410508604,0.0,0.006708835529898857,0.025847389121555535,0.0035319824742441833,"[0.0866328403045137, 1.2719057801813232, -1.0627636242929768, -0.06422771720503051, 1.503924751709878, 0.9417088640929628, 0.02164145555888773, 1.362973650422814, 1.2451251790621114]"
prism3,197,/home/humanoid/Programs/hand/results/phase1/run_20260413_pollard_multiscene_500_run2_refined/prism3/generated_mjcf/scene_prism3_tp0d0022p0d0300p0d0000_ip0d0145n0d0203p0d0080_mp0d0059p0d0148p0d0000.xml,prism_y0d0350,True,0.02,4.0,1.0,1.0,3.9409864254238434,0.047980577854651804,4.0,0.008316953387500586,0.5906837923587445,0.0037380319094582537,0.0008890943669506296,1.0,0.0021564249091571043,0.03,0.0,0.014468781203926235,-0.020254798853280895,0.008013052781932012,0.0058755062034899115,0.014774526273414537,0.0,"[0.0866328403045137, 1.2719057801813232, -1.0627636242929768, -0.06422771720503051, 1.503924751709878, 0.9417088640929628, 0.02164145555888773, 1.362973650422814, 1.2451251790621114]"
prism3,198,/home/humanoid/Programs/hand/results/phase1/run_20260413_pollard_multiscene_500_run2_refined/prism3/generated_mjcf/scene_prism3_tn0d0085p0d0275p0d0042_in0d0019n0d0060p0d0030_mp0d0208p0d0256p0d0000.xml,prism_y0d0350,True,0.02,4.0,1.0,1.0,4.992657742511564,0.05242612197079165,6.0,0.00647389196583143,0.0941047004701182,0.00253217291066058,0.0,1.0,-0.008474962952994883,0.027544844041051023,0.0042187069829906915,-0.001881759480586151,-0.006017930301457348,0.0030434827684328956,0.020751674831435835,0.025630698873934675,0.0,"[0.0866328403045137, 1.2719057801813232, -1.0627636242929768, -0.06422771720503051, 1.503924751709878, 0.9417088640929628, 0.02164145555888773, 1.362973650422814, 1.2451251790621114]"
prism3,199,/home/humanoid/Programs/hand/results/phase1/run_20260413_pollard_multiscene_500_run2_refined/prism3/generated_mjcf/scene_prism3_tn0d0093p0d0181p0d0000_ip0d0100n0d0183p0d0000_mn0d0005p0d0214p0d0000.xml,prism_y0d0350,True,0.02,4.0,1.0,1.0,4.519776068885377,0.04998950773310931,5.0,0.005924660966533167,0.09230891600707122,0.0006256755313337654,3.391577094329079e-05,1.0,-0.009332624553411184,0.01806849608943887,0.0,0.010000531041565066,-0.018317445898405317,0.0,-0.00046335726395006424,0.021357809487047297,0.0,"[0.0866328403045137, 1.2719057801813232, -1.0627636242929768, -0.06422771720503051, 1.503924751709878, 0.9417088640929628, 0.02164145555888773, 1.362973650422814, 1.2451251790621114]"
prism3,200,/home/humanoid/Programs/hand/results/phase1/run_20260413_pollard_multiscene_500_run2_refined/prism3/generated_mjcf/scene_prism3_tp0d0043p0d0146p0d0082_ip0d0037n0d0214p0d0067_mp0d0035p0d0075p0d0017.xml,prism_y0d0350,True,0.02,4.0,1.0,1.0,4.036688157272283,0.05214166947554921,4.0,0.006093359898921472,0.25121423752715893,0.023066903157503704,0.0,1.0,0.00433975812341485,0.014641479233585792,0.00819268659890612,0.0037178996504195006,-0.021405517517139025,0.006744157953358632,0.003474166052851514,0.0074895616345749694,0.0017029246504212722,"[0.0866328403045137, 1.2719057801813232, -1.0627636242929768, -0.06422771720503051, 1.503924751709878, 0.9417088640929628, 0.02164145555888773, 1.362973650422814, 1.2451251790621114]"
prism3,201,/home/humanoid/Programs/hand/results/phase1/run_20260413_pollard_multiscene_500_run2_refined/prism3/generated_mjcf/scene_prism3_tn0d0105p0d0214p0d0000_ip0d0083n0d0143p0d0000_mn0d0000p0d0174p0d0000.xml,prism_y0d0350,True,0.02,4.0,1.0,1.0,4.046795692533145,0.05132459645602249,4.0,0.0060164462577955435,0.4171674076890865,0.012492863293114824,0.0,1.0,-0.010500790107284589,0.02140432770793027,0.0,0.008281450060615545,-0.014333063935340966,0.0,-3.0320783561186768e-05,0.017389064274110563,0.0,"[0.0866328403045137, 1.2719057801813232, -1.0627636242929768, -0.06422771720503051, 1.503924751709878, 0.9417088640929628, 0.02164145555888773, 1.362973650422814, 1.2451251790621114]"
prism3,202,/home/humanoid/Programs/hand/results/phase1/run_20260413_pollard_multiscene_500_run2_refined/prism3/generated_mjcf/scene_prism3_tp0d0056p0d0168p0d0000_ip0d0208n0d0238p0d0030_mn0d0016p0d0125p0d0000.xml,prism_y0d0350,True,0.02,4.0,1.0,1.0,4.71620602096529,0.04961217958533448,6.0,0.007408241209505774,1.0143523396507,0.005671404716700398,0.0016018752378832019,1.0,0.005561306286262741,0.01684537198761257,0.0,0.02082503109106207,-0.0237630864305896,0.0030471449279324964,-0.0015712075422167678,0.012468062242123311,0.0,"[0.0866328403045137, 1.2719057801813232, -1.0627636242929768, -0.06422771720503051, 1.503924751709878, 0.9417088640929628, 0.02164145555888773, 1.362973650422814, 1.2451251790621114]"
prism3,203,/home/humanoid/Programs/hand/results/phase1/run_20260413_pollard_multiscene_500_run2_refined/prism3/generated_mjcf/scene_prism3_tn0d0101p0d0268p0d0017_in0d0001n0d0008p0d0000_mp0d0098p0d0040p0d0000.xml,prism_y0d0350,True,0.02,4.0,1.0,1.0,4.115170308208156,0.04964262794182509,4.0,0.0059573623878036224,0.02811646892106639,0.0009298458123488374,5.0866647321859415e-05,1.0,-0.010071792123051598,0.026796554965191104,0.0017246215799356143,-0.00014392769721268718,-0.0008479304860448244,0.0,0.009809882367594778,0.004032230339763861,0.0,"[0.0866328403045137, 1.2719057801813232, -1.0627636242929768, -0.06422771720503051, 1.503924751709878, 0.9417088640929628, 0.02164145555888773, 1.362973650422814, 1.2451251790621114]"
prism3,204,/home/humanoid/Programs/hand/results/phase1/run_20260413_pollard_multiscene_500_run2_refined/prism3/generated_mjcf/scene_prism3_tn0d0002p0d0286p0d0043_ip0d0065n0d0199p0d0000_mp0d0059p0d0048p0d0000.xml,prism_y0d0350,True,0.02,4.0,1.0,1.0,3.9453812102957926,0.049171929829029834,4.0,0.01015565891495633,0.49526707433944794,0.00754912336133571,0.0029783512142840113,1.0,-0.0002021810662841579,0.028551378760065353,0.004261095795399832,0.006454661361814582,-0.019876773530676677,0.0,0.005884300171022228,0.00480782853712527,0.0,"[0.0866328403045137, 1.2719057801813232, -1.0627636242929768, -0.06422771720503051, 1.503924751709878, 0.9417088640929628, 0.02164145555888773, 1.362973650422814, 1.2451251790621114]"
prism3,205,/home/humanoid/Programs/hand/results/phase1/run_20260413_pollard_multiscene_500_run2_refined/prism3/generated_mjcf/scene_prism3_tp0d0036p0d0128p0d0000_in0d0018n0d0024p0d0082_mp0d0003p0d0197p0d0000.xml,prism_y0d0350,True,0.02,4.0,1.0,1.0,3.1049058217108394,0.04966154555376269,4.0,0.009661122883420041,5.685033868643095,0.01865653873966778,0.004102642847462007,1.0,0.0036179364962463777,0.012837212448013606,0.0,-0.0018298901071419332,-0.002395784622160021,0.008180570878864576,0.0002708761776541446,0.01972964691536254,0.0,"[0.0866328403045137, 1.2719057801813232, -1.0627636242929768, -0.06422771720503051, 1.503924751709878, 0.9417088640929628, 0.02164145555888773, 1.362973650422814, 1.2451251790621114]"
prism3,206,/home/humanoid/Programs/hand/results/phase1/run_20260413_pollard_multiscene_500_run2_refined/prism3/generated_mjcf/scene_prism3_tp0d0077p0d0123p0d0000_ip0d0209n0d0193p0d0000_mp0d0020p0d0111p0d0000.xml,prism_y0d0350,True,0.02,4.0,1.0,1.0,3.9900750254695927,0.04982357707467955,4.0,0.005971188802327145,0.6784648121693811,0.006673012119021714,0.0,1.0,0.007725404707774584,0.012289821737621096,0.0,0.02089606498753578,-0.019301676188381724,0.0,0.00201339210259017,0.011099656579559913,0.0,"[0.0866328403045137, 1.2719057801813232, -1.0627636242929768, -0.06422771720503051, 1.503924751709878, 0.9417088640929628, 0.02164145555888773, 1.362973650422814, 1.2451251790621114]"
prism3,207,/home/humanoid/Programs/hand/results/phase1/run_20260413_pollard_multiscene_500_run2_refined/prism3/generated_mjcf/scene_prism3_tp0d0026p0d0207p0d0110_ip0d0174n0d0065p0d0000_mp0d0053p0d0143p0d0000.xml,prism_y0d0350,True,0.02,4.0,1.0,1.0,4.460717325015932,0.04853511836046173,5.0,0.006056776635773611,0.09710557260895973,0.0018758377897930478,6.4501415482781654e-06,1.0,0.00258495564686813,0.02069911329584996,0.010962643851090574,0.01738795186372892,-0.006457234525400016,0.0,0.005268949493629474,0.014280105921970699,0.0,"[0.0866328403045137, 1.2719057801813232, -1.0627636242929768, -0.06422771720503051, 1.503924751709878, 0.9417088640929628, 0.02164145555888773, 1.362973650422814, 1.2451251790621114]"
prism3,208,/home/humanoid/Programs/hand/results/phase1/run_20260413_pollard_multiscene_500_run2_refined/prism3/generated_mjcf/scene_prism3_tn0d0075p0d0127p0d0000_ip0d0061n0d0017p0d0025_mp0d0189p0d0057p0d0000.xml,prism_y0d0350,True,0.02,4.0,1.0,1.0,4.944347144645074,0.051341740263099005,6.0,0.006104553445580386,0.17879478003438454,0.002264240111178826,0.0,1.0,-0.007541185456607181,0.012720330103871616,0.0,0.006068945183136646,-0.0017135969398752223,0.002520631410691936,0.018875773155536048,0.005666852414929724,0.0,"[0.0866328403045137, 1.2719057801813232, -1.0627636242929768, -0.06422771720503051, 1.503924751709878, 0.9417088640929628, 0.02164145555888773, 1.362973650422814, 1.2451251790621114]"
prism3,209,/home/humanoid/Programs/hand/results/phase1/run_20260413_pollard_multiscene_500_run2_refined/prism3/generated_mjcf/scene_prism3_tp0d0080p0d0185p0d0012_ip0d0045n0d0139p0d0000_mp0d0218p0d0165p0d0000.xml,prism_y0d0350,True,0.02,4.0,1.0,1.0,4.933641280073015,0.051932583234778,6.0,0.006650462841337302,0.21330623451905292,0.006450378713947032,0.0,1.0,0.008009543041537861,0.01849580852523615,0.0012160635687190995,0.004545161135832775,-0.013902840430843947,0.0,0.021799144081568696,0.01649161773793147,0.0,"[0.0866328403045137, 1.2719057801813232, -1.0627636242929768, -0.06422771720503051, 1.503924751709878, 0.9417088640929628, 0.02164145555888773, 1.362973650422814, 1.2451251790621114]"
prism3,210,/home/humanoid/Programs/hand/results/phase1/run_20260413_pollard_multiscene_500_run2_refined/prism3/generated_mjcf/scene_prism3_tp0d0084p0d0183p0d0032_ip0d0018n0d0148p0d0000_mp0d0099p0d0230p0d0000.xml,prism_y0d0350,True,0.02,4.0,1.0,1.0,4.044261423234213,0.050514009689386026,4.0,0.007930668979301074,0.38621152038815515,0.007611205405641505,0.0003557181203019816,1.0,0.008437855756050418,0.018321910618821588,0.0032447348294870563,0.001774035165684324,-0.014805875470069332,0.0,0.009934062318164237,0.02297414626775439,0.0,"[0.0866328403045137, 1.2719057801813232, -1.0627636242929768, -0.06422771720503051, 1.503924751709878, 0.9417088640929628, 0.02164145555888773, 1.362973650422814, 1.2451251790621114]"
prism3,211,/home/humanoid/Programs/hand/results/phase1/run_20260413_pollard_multiscene_500_run2_refined/prism3/generated_mjcf/scene_prism3_tn0d0047p0d0144p0d0000_ip0d0093n0d0180p0d0000_mp0d0028p0d0172p0d0000.xml,prism_y0d0350,True,0.02,4.0,1.0,1.0,4.411978011463749,0.050015580396783686,5.0,0.005951642891833375,0.712915854692206,0.0032877730726971815,0.0,1.0,-0.004740005191379473,0.014426123005675029,0.0,0.009336022162219368,-0.01795692563587443,0.0,0.0027816673199039963,0.017175738094334703,0.0,"[0.0866328403045137, 1.2719057801813232, -1.0627636242929768, -0.06422771720503051, 1.503924751709878, 0.9417088640929628, 0.02164145555888773, 1.362973650422814, 1.2451251790621114]"
prism3,212,/home/humanoid/Programs/hand/results/phase1/run_20260413_pollard_multiscene_500_run2_refined/prism3/generated_mjcf/scene_prism3_tn0d0040p0d0142p0d0000_ip0d0023n0d0182p0d0081_mp0d0033p0d0232p0d0058.xml,prism_y0d0350,True,0.02,4.0,1.0,1.0,4.155049489430152,0.053226621086867196,4.0,0.00884285499846812,0.4337950355004852,0.004187880548031727,0.0,1.0,-0.00403609409022875,0.014205866070954665,0.0,0.0023294378827807428,-0.018192462569061693,0.008144399751782865,0.0033094172629732008,0.023181547653119555,0.005839190597031859,"[0.0866328403045137, 1.2719057801813232, -1.0627636242929768, -0.06422771720503051, 1.503924751709878, 0.9417088640929628, 0.02164145555888773, 1.362973650422814, 1.2451251790621114]"
prism3,213,/home/humanoid/Programs/hand/results/phase1/run_20260413_pollard_multiscene_500_run2_refined/prism3/generated_mjcf/scene_prism3_tp0d0114p0d0261p0d0000_ip0d0206n0d0041p0d0000_mp0d0084p0d0040p0d0000.xml,prism_y0d0350,True,0.02,4.0,1.0,1.0,4.509339859361714,0.05300173810200009,5.0,0.006120216147150757,0.48060722612544,0.010231576332528665,0.0,1.0,0.011383068446832144,0.026086163461476453,0.0,0.020561026075589607,-0.004089729095602563,0.0,0.008406134637600387,0.004042902804046244,0.0,"[0.0866328403045137, 1.2719057801813232, -1.0627636242929768, -0.06422771720503051, 1.503924751709878, 0.9417088640929628, 0.02164145555888773, 1.362973650422814, 1.2451251790621114]"
prism3,214,/home/humanoid/Programs/hand/results/phase1/run_20260413_pollard_multiscene_500_run2_refined/prism3/generated_mjcf/scene_prism3_tp0d0052p0d0107p0d0118_in0d0015n0d0005p0d0000_mp0d0091p0d0164p0d0000.xml,prism_y0d0350,True,0.02,4.0,1.0,1.0,4.401397562372398,0.04870907712292692,5.0,0.007688490338851615,0.16112897471049611,0.004646253611545959,0.0029996906980408744,1.0,0.005157266769256267,0.010652643185760103,0.01180187743075043,-0.0014796206306259777,-0.0005166369421601685,0.0,0.009060765136741021,0.016391314855483393,0.0,"[0.0866328403045137, 1.2719057801813232, -1.0627636242929768, -0.06422771720503051, 1.503924751709878, 0.9417088640929628, 0.02164145555888773, 1.362973650422814, 1.2451251790621114]"
prism3,215,/home/humanoid/Programs/hand/results/phase1/run_20260413_pollard_multiscene_500_run2_refined/prism3/generated_mjcf/scene_prism3_tn0d0067p0d0092p0d0078_ip0d0213n0d0213p0d0086_mp0d0153p0d0213p0d0000.xml,prism_y0d0350,True,0.02,4.0,1.0,1.0,4.565342999049608,0.051352910258658305,5.0,0.00667178654558749,0.03873034267485203,0.002142622585171758,0.0,1.0,-0.006708058313022306,0.009213660685445347,0.007762392106353707,0.0213354249050623,-0.021286620578137176,0.008635940125201812,0.015292946730816092,0.021305408188239255,0.0,"[0.0866328403045137, 1.2719057801813232, -1.0627636242929768, -0.06422771720503051, 1.503924751709878, 0.9417088640929628, 0.02164145555888773, 1.362973650422814, 1.2451251790621114]"
prism3,216,/home/humanoid/Programs/hand/results/phase1/run_20260413_pollard_multiscene_500_run2_refined/prism3/generated_mjcf/scene_prism3_tn0d0106p0d0246p0d0111_ip0d0138n0d0187p0d0009_mp0d0009p0d0205p0d0041.xml,prism_y0d0350,True,0.02,4.0,1.0,1.0,4.585341860561925,0.05283591786083072,5.0,0.006724017246871526,0.09424920178345325,0.006054974967648191,0.0,1.0,-0.010618202159571382,0.024570154966587918,0.011091034286356438,0.013810197920546557,-0.018682744474052514,0.0008816463383836057,0.000920203433224737,0.020529085107590155,0.004148740653331526,"[0.0866328403045137, 1.2719057801813232, -1.0627636242929768, -0.06422771720503051, 1.503924751709878, 0.9417088640929628, 0.02164145555888773, 1.362973650422814, 1.2451251790621114]"
prism3,217,/home/humanoid/Programs/hand/results/phase1/run_20260413_pollard_multiscene_500_run2_refined/prism3/generated_mjcf/scene_prism3_tn0d0013p0d0082p0d0000_ip0d0144n0d0077p0d0018_mp0d0035p0d0192p0d0000.xml,prism_y0d0350,True,0.02,4.0,1.0,1.0,4.03721835618202,0.050108543540801916,4.0,0.01113368352535954,0.48828700027569344,0.0031328334680793563,0.00018943748712485498,1.0,-0.0012769440151296722,0.008207947848866467,0.0,0.014367464472860894,-0.007682079760128633,0.0018050238451683114,0.0034645893469029436,0.019215158092247116,0.0,"[0.0866328403045137, 1.2719057801813232, -1.0627636242929768, -0.06422771720503051, 1.503924751709878, 0.9417088640929628, 0.02164145555888773, 1.362973650422814, 1.2451251790621114]"
prism3,218,/home/humanoid/Programs/hand/results/phase1/run_20260413_pollard_multiscene_500_run2_refined/prism3/generated_mjcf/scene_prism3_tp0d0031p0d0217p0d0000_ip0d0033n0d0069p0d0000_mp0d0018p0d0185p0d0039.xml,prism_y0d0350,True,0.02,4.0,1.0,1.0,4.804985002787361,0.05006846809386886,6.0,0.005908099662932032,0.32844686187056893,0.014388025315266593,0.0,1.0,0.0030643337970542965,0.021735629790901958,0.0,0.003259984998778856,-0.006910015120126513,0.0,0.0017765117936147622,0.018486338857577528,0.003854988740890814,"[0.0866328403045137, 1.2719057801813232, -1.0627636242929768, -0.06422771720503051, 1.503924751709878, 0.9417088640929628, 0.02164145555888773, 1.362973650422814, 1.2451251790621114]"
prism3,219,/home/humanoid/Programs/hand/results/phase1/run_20260413_pollard_multiscene_500_run2_refined/prism3/generated_mjcf/scene_prism3_tn0d0096p0d0143p0d0000_ip0d0199n0d0241p0d0000_mp0d0018p0d0145p0d0098.xml,prism_y0d0350,True,0.02,4.0,1.0,1.0,4.113810542093841,0.05234458904639657,4.0,0.005984297258844755,0.27967685350013816,0.010721658664554877,0.0,1.0,-0.009552741642320943,0.014294919368854606,0.0,0.019931955097158255,-0.024098723637486875,0.0,0.001763704178351715,0.014507877048380777,0.009764096577343173,"[0.0866328403045137, 1.2719057801813232, -1.0627636242929768, -0.06422771720503051, 1.503924751709878, 0.9417088640929628, 0.02164145555888773, 1.362973650422814, 1.2451251790621114]"
prism3,220,/home/humanoid/Programs/hand/results/phase1/run_20260413_pollard_multiscene_500_run2_refined/prism3/generated_mjcf/scene_prism3_tp0d0050p0d0166p0d0000_ip0d0149n0d0113p0d0053_mn0d0009p0d0075p0d0000.xml,prism_y0d0350,True,0.02,4.0,1.0,1.0,3.940362872894653,0.05103098896874095,4.0,0.006022893548697312,0.9802748232002954,0.014439121738973533,0.0,1.0,0.0049770330315987155,0.016644170110704855,0.0,0.014920291210715418,-0.011294019048296643,0.0052869592715543215,-0.0009234731340144204,0.007455374979847362,0.0,"[0.0866328403045137, 1.2719057801813232, -1.0627636242929768, -0.06422771720503051, 1.503924751709878, 0.9417088640929628, 0.02164145555888773, 1.362973650422814, 1.2451251790621114]"
prism3,221,/home/humanoid/Programs/hand/results/phase1/run_20260413_pollard_multiscene_500_run2_refined/prism3/generated_mjcf/scene_prism3_tn0d0008p0d0217p0d0015_ip0d0110n0d0107p0d0000_mp0d0047p0d0157p0d0000.xml,prism_y0d0350,True,0.02,4.0,1.0,1.0,4.456260142381869,0.04981820666348741,5.0,0.005973621872893897,0.35981290826838186,0.003576318475690977,0.0,1.0,-0.0008031192769778952,0.02166670448785033,0.001490255873888683,0.011029975886306324,-0.010713207814525373,0.0,0.004691508371224975,0.015735108981150926,0.0,"[0.0866328403045137, 1.2719057801813232, -1.0627636242929768, -0.06422771720503051, 1.503924751709878, 0.9417088640929628, 0.02164145555888773, 1.362973650422814, 1.2451251790621114]"
prism3,222,/home/humanoid/Programs/hand/results/phase1/run_20260413_pollard_multiscene_500_run2_refined/prism3/generated_mjcf/scene_prism3_tp0d0060p0d0300p0d0000_ip0d0168n0d0189p0d0000_mn0d0012p0d0266p0d0015.xml,prism_y0d0350,True,0.02,4.0,1.0,1.0,4.356300504886981,0.05023630834196188,5.0,0.007581812502746754,0.8747120835136061,0.006526809054703989,0.0013699162684105426,1.0,0.005982512874455746,0.03,0.0,0.01677585138666949,-0.01892801061196864,0.0,-0.001195083786028438,0.026558059126059096,0.0014902945294227848,"[0.0866328403045137, 1.2719057801813232, -1.0627636242929768, -0.06422771720503051, 1.503924751709878, 0.9417088640929628, 0.02164145555888773, 1.362973650422814, 1.2451251790621114]"
prism3,223,/home/humanoid/Programs/hand/results/phase1/run_20260413_pollard_multiscene_500_run2_refined/prism3/generated_mjcf/scene_prism3_tn0d0100p0d0157p0d0115_in0d0006n0d0023p0d0000_mn0d0001p0d0183p0d0095.xml,prism_y0d0350,True,0.02,4.0,1.0,1.0,4.910210843962391,0.04977074138242886,6.0,0.007474279306583679,0.05319124370185804,0.00025395842624002964,0.0006095090580611334,1.0,-0.010042045626139749,0.01571733522921598,0.011454745589257506,-0.0005590098185030423,-0.0022702534687448223,0.0,-0.0001307095736232007,0.018291499373159582,0.009509675286206443,"[0.0866328403045137, 1.2719057801813232, -1.0627636242929768, -0.06422771720503051, 1.503924751709878, 0.9417088640929628, 0.02164145555888773, 1.362973650422814, 1.2451251790621114]"
prism3,224,/home/humanoid/Programs/hand/results/phase1/run_20260413_pollard_multiscene_500_run2_refined/prism3/generated_mjcf/scene_prism3_tn0d0032p0d0163p0d0000_ip0d0055n0d0227p0d0001_mp0d0062p0d0073p0d0053.xml,prism_y0d0350,True,0.02,4.0,1.0,1.0,4.481795900813139,0.05431665469300696,5.0,0.006142151315297576,0.7380484765796743,0.0160492398874264,0.0,1.0,-0.003206023096601387,0.016318901566531582,0.0,0.005469932523932257,-0.022679238364403775,0.00012650587897891467,0.0061976339362588805,0.007287415170120487,0.005336885494463008,"[0.0866328403045137, 1.2719057801813232, -1.0627636242929768, -0.06422771720503051, 1.503924751709878, 0.9417088640929628, 0.02164145555888773, 1.362973650422814, 1.2451251790621114]"
prism3,225,/home/humanoid/Programs/hand/results/phase1/run_20260413_pollard_multiscene_500_run2_refined/prism3/generated_mjcf/scene_prism3_tp0d0094p0d0274p0d0000_ip0d0199n0d0145p0d0100_mp0d0000p0d0269p0d0000.xml,prism_y0d0350,True,0.02,4.0,1.0,1.0,4.85962217624168,0.05146844468342608,6.0,0.007003852243531003,0.5959750848216957,0.006207862309348833,9.35205509853404e-05,1.0,0.009437691326738953,0.02737170570873626,0.0,0.019924961742623107,-0.014488606505171338,0.009950090735285678,7.2792667555523355e-06,0.026910958156789684,0.0,"[0.0866328403045137, 1.2719057801813232, -1.0627636242929768, -0.06422771720503051, 1.503924751709878, 0.9417088640929628, 0.02164145555888773, 1.362973650422814, 1.2451251790621114]"
prism3,226,/home/humanoid/Programs/hand/results/phase1/run_20260413_pollard_multiscene_500_run2_refined/prism3/generated_mjcf/scene_prism3_tp0d0059p0d0251p0d0062_ip0d0039n0d0063p0d0003_mn0d0009p0d0056p0d0000.xml,prism_y0d0350,True,0.02,4.0,1.0,1.0,3.9017070889680925,0.05018886788663243,4.0,0.006070327068765497,1.0049914909560271,0.015335651547184706,0.0,1.0,0.005890195392200037,0.025145911494812493,0.006172020864999916,0.0038719373070722294,-0.006349688358739556,0.00030962863382305236,-0.0008708134120405647,0.005640698307909073,0.0,"[0.0866328403045137, 1.2719057801813232, -1.0627636242929768, -0.06422771720503051, 1.503924751709878, 0.9417088640929628, 0.02164145555888773, 1.362973650422814, 1.2451251790621114]"
prism3,227,/home/humanoid/Programs/hand/results/phase1/run_20260413_pollard_multiscene_500_run2_refined/prism3/generated_mjcf/scene_prism3_tp0d0083p0d0182p0d0000_ip0d0108n0d0164p0d0000_mp0d0028p0d0117p0d0000.xml,prism_y0d0350,True,0.02,4.0,1.0,1.0,3.9174183227216037,0.051179812753135365,4.0,0.0059992507154167235,0.8682416707174588,0.021940061933280422,0.0,1.0,0.008338774720204351,0.01821398638179801,0.0,0.010837636468636409,-0.016374744784778288,0.0,0.00275684906579644,0.011731120066497104,0.0,"[0.0866328403045137, 1.2719057801813232, -1.0627636242929768, -0.06422771720503051, 1.503924751709878, 0.9417088640929628, 0.02164145555888773, 1.362973650422814, 1.2451251790621114]"
prism3,228,/home/humanoid/Programs/hand/results/phase1/run_20260413_pollard_multiscene_500_run2_refined/prism3/generated_mjcf/scene_prism3_tp0d0018p0d0170p0d0000_ip0d0032n0d0128p0d0000_mp0d0192p0d0047p0d0036.xml,prism_y0d0350,True,0.02,4.0,1.0,1.0,4.496395344180689,0.04967377236391719,5.0,0.005944233275952231,0.14035136474124463,0.0015409195488870033,0.0,1.0,0.0017785008989475558,0.017044118735223775,0.0,0.003186891827523349,-0.012818094553557719,0.0,0.01917602235967445,0.004697717154899158,0.0035502383157635774,"[0.0866328403045137, 1.2719057801813232, -1.0627636242929768, -0.06422771720503051, 1.503924751709878, 0.9417088640929628, 0.02164145555888773, 1.362973650422814, 1.2451251790621114]"
prism3,229,/home/humanoid/Programs/hand/results/phase1/run_20260413_pollard_multiscene_500_run2_refined/prism3/generated_mjcf/scene_prism3_tp0d0087p0d0300p0d0000_ip0d0077n0d0234p0d0000_mp0d0136p0d0114p0d0000.xml,prism_y0d0350,True,0.02,4.0,1.0,1.0,2.7921692327586434,0.04699124668357984,4.0,0.011427629852549442,1.6692896287829162e-14,0.025275668682378266,0.0535382978176437,0.45555555555555555,0.008663651804597345,0.03,0.0,0.007674482461781696,-0.023444371696119334,0.0,0.013597677390840683,0.011417327075538986,0.0,"[0.0866328403045137, 1.2719057801813232, -1.0627636242929768, -0.06422771720503051, 1.503924751709878, 0.9417088640929628, 0.02164145555888773, 1.362973650422814, 1.2451251790621114]"
prism3,230,/home/humanoid/Programs/hand/results/phase1/run_20260413_pollard_multiscene_500_run2_refined/prism3/generated_mjcf/scene_prism3_tn0d0007p0d0119p0d0014_ip0d0090n0d0004p0d0000_mp0d0132p0d0081p0d0000.xml,prism_y0d0350,True,0.02,4.0,1.0,1.0,4.9898361390471155,0.05332678932012068,6.0,0.006127927990323194,0.07808093012962825,0.008772248609502912,0.0,1.0,-0.0007050571053624031,0.011895647447555467,0.0013904247007412648,0.00896790547894913,-0.00042462582777189235,0.0,0.013245101911400738,0.008085967284082467,0.0,"[0.0866328403045137, 1.2719057801813232, -1.0627636242929768, -0.06422771720503051, 1.503924751709878, 0.9417088640929628, 0.02164145555888773, 1.362973650422814, 1.2451251790621114]"
prism3,231,/home/humanoid/Programs/hand/results/phase1/run_20260413_pollard_multiscene_500_run2_refined/prism3/generated_mjcf/scene_prism3_tp0d0059p0d0199p0d0000_ip0d0193n0d0034p0d0000_mp0d0003p0d0115p0d0000.xml,prism_y0d0350,True,0.02,4.0,1.0,1.0,4.099481391037394,0.04973555340835548,4.0,0.005979901401400293,0.10496655260611967,0.0022596987602215776,0.0,1.0,0.005938507318874558,0.01993184206212525,0.0,0.019339198063758577,-0.003368889853459343,0.0,0.0002719119063459754,0.011528792962369609,0.0,"[0.0866328403045137, 1.2719057801813232, -1.0627636242929768, -0.06422771720503051, 1.503924751709878, 0.9417088640929628, 0.02164145555888773, 1.362973650422814, 1.2451251790621114]"
prism3,232,/home/humanoid/Programs/hand/results/phase1/run_20260413_pollard_multiscene_500_run2_refined/prism3/generated_mjcf/scene_prism3_tp0d0059p0d0233p0d0001_in0d0016n0d0011p0d0000_mp0d0107p0d0137p0d0000.xml,prism_y0d0350,True,0.02,4.0,1.0,1.0,4.405232047722876,0.04963785402019924,6.0,0.0059520163092087125,3.1165426853678513,0.008784567926750513,0.0,1.0,0.005876933990951735,0.023325437825919636,0.00012344175559970104,-0.001607011923027096,-0.0011137859434267924,0.0,0.010658788458287707,0.013659464988546774,0.0,"[0.0866328403045137, 1.2719057801813232, -1.0627636242929768, -0.06422771720503051, 1.503924751709878, 0.9417088640929628, 0.02164145555888773, 1.362973650422814, 1.2451251790621114]"
prism3,233,/home/humanoid/Programs/hand/results/phase1/run_20260413_pollard_multiscene_500_run2_refined/prism3/generated_mjcf/scene_prism3_tp0d0094p0d0162p0d0016_ip0d0011n0d0230p0d0082_mp0d0011p0d0065p0d0038.xml,prism_y0d0350,True,0.02,4.0,1.0,1.0,4.355853541030873,0.05113470340170205,5.0,0.0062287351561075574,0.21912992177426763,0.028560049119503758,0.0014311520611100664,1.0,0.009359930196395066,0.01623345201084577,0.0015625808053520377,0.00113350242596077,-0.023041464841855624,0.008165409870575673,0.0010928609572240285,0.006546084912352737,0.0037641457449223113,"[0.0866328403045137, 1.2719057801813232, -1.0627636242929768, -0.06422771720503051, 1.503924751709878, 0.9417088640929628, 0.02164145555888773, 1.362973650422814, 1.2451251790621114]"
prism3,234,/home/humanoid/Programs/hand/results/phase1/run_20260413_pollard_multiscene_500_run2_refined/prism3/generated_mjcf/scene_prism3_tn0d0068p0d0267p0d0000_in0d0013n0d0152p0d0088_mp0d0012p0d0034p0d0000.xml,prism_y0d0350,True,0.02,4.0,1.0,1.0,4.217352451131151,0.05106554036905901,5.0,0.007710385721624133,1.577547238317146,0.01240226927339443,0.0036229157462273204,1.0,-0.006842359440174668,0.02674095924071578,0.0,-0.0012516321530277128,-0.01519729557625085,0.008807048636422697,0.0012271340009776168,0.0034269346338305414,0.0,"[0.0866328403045137, 1.2719057801813232, -1.0627636242929768, -0.06422771720503051, 1.503924751709878, 0.9417088640929628, 0.02164145555888773, 1.362973650422814, 1.2451251790621114]"
prism3,235,/home/humanoid/Programs/hand/results/phase1/run_20260413_pollard_multiscene_500_run2_refined/prism3/generated_mjcf/scene_prism3_tn0d0012p0d0185p0d0000_ip0d0150n0d0039p0d0000_mp0d0202p0d0205p0d0000.xml,prism_y0d0350,True,0.02,4.0,1.0,1.0,4.974282541886769,0.05144522836411709,6.0,0.0068196183653519956,0.037134063733857296,0.0011818507610910967,0.0,1.0,-0.0012267169129464937,0.018511203439005447,0.0,0.015046761440901129,-0.003860181566608679,0.0,0.0202218044453141,0.02050055310976201,0.0,"[0.0866328403045137, 1.2719057801813232, -1.0627636242929768, -0.06422771720503051, 1.503924751709878, 0.9417088640929628, 0.02164145555888773, 1.362973650422814, 1.2451251790621114]"
prism3,236,/home/humanoid/Programs/hand/results/phase1/run_20260413_pollard_multiscene_500_run2_refined/prism3/generated_mjcf/scene_prism3_tp0d0106p0d0174p0d0031_ip0d0022n0d0118p0d0000_mp0d0137p0d0106p0d0119.xml,prism_y0d0350,True,0.02,4.0,1.0,1.0,4.905780360689279,0.052628529985233284,6.0,0.006233565429357206,0.24325028114221872,0.012948474008036984,0.0007977226429680684,1.0,0.010570503563294312,0.01742935650204407,0.0030783737719845897,0.0022113929704491346,-0.01179028890874476,0.0,0.013715263425300493,0.010640660788541539,0.011923749986019395,"[0.0866328403045137, 1.2719057801813232, -1.0627636242929768, -0.06422771720503051, 1.503924751709878, 0.9417088640929628, 0.02164145555888773, 1.362973650422814, 1.2451251790621114]"
prism3,237,/home/humanoid/Programs/hand/results/phase1/run_20260413_pollard_multiscene_500_run2_refined/prism3/generated_mjcf/scene_prism3_tn0d0094p0d0215p0d0000_ip0d0051n0d0037p0d0000_mp0d0001p0d0208p0d0000.xml,prism_y0d0350,True,0.02,4.0,1.0,1.0,4.954149352102686,0.05360704403749957,6.0,0.0060561855173273706,0.30806242526090477,0.010629242397668291,0.0,1.0,-0.009386577061587999,0.021536170750964603,0.0,0.005090603042090099,-0.0036513302603408664,3.0621962382121684e-05,0.0001362800775741909,0.02078669139942211,0.0,"[0.0866328403045137, 1.2719057801813232, -1.0627636242929768, -0.06422771720503051, 1.503924751709878, 0.9417088640929628, 0.02164145555888773, 1.362973650422814, 1.2451251790621114]"
prism3,238,/home/humanoid/Programs/hand/results/phase1/run_20260413_pollard_multiscene_500_run2_refined/prism3/generated_mjcf/scene_prism3_tn0d0100p0d0196p0d0000_ip0d0120n0d0139p0d0024_mp0d0149p0d0270p0d0014.xml,prism_y0d0350,True,0.02,4.0,1.0,1.0,4.9885035553646,0.05276801993477303,6.0,0.006231588089694138,0.1600077199288256,0.0036521346972906207,0.0,1.0,-0.010015544394671703,0.01962936837177262,0.0,0.012010903863657144,-0.013874930609055808,0.002421640382254354,0.014892154831109993,0.027047093881184453,0.0013830002601442452,"[0.0866328403045137, 1.2719057801813232, -1.0627636242929768, -0.06422771720503051, 1.503924751709878, 0.9417088640929628, 0.02164145555888773, 1.362973650422814, 1.2451251790621114]"
prism3,239,/home/humanoid/Programs/hand/results/phase1/run_20260413_pollard_multiscene_500_run2_refined/prism3/generated_mjcf/scene_prism3_tn0d0014p0d0251p0d0099_in0d0014n0d0234p0d0115_mp0d0111p0d0045p0d0038.xml,prism_y0d0350,True,0.02,4.0,1.0,1.0,4.057869337293837,0.04950744534818219,4.0,0.010071296713015062,0.11071731905080893,0.0016068795078863828,0.002374981796797501,1.0,-0.0014251822600559235,0.025089114689550506,0.009932616401398968,-0.0014478035283586408,-0.023434549415482668,0.011455759744305048,0.011104205335508101,0.004542639825632416,0.00384895126918975,"[0.0866328403045137, 1.2719057801813232, -1.0627636242929768, -0.06422771720503051, 1.503924751709878, 0.9417088640929628, 0.02164145555888773, 1.362973650422814, 1.2451251790621114]"
prism3,240,/home/humanoid/Programs/hand/results/phase1/run_20260413_pollard_multiscene_500_run2_refined/prism3/generated_mjcf/scene_prism3_tn0d0097p0d0105p0d0000_ip0d0139n0d0046p0d0085_mp0d0073p0d0268p0d0000.xml,prism_y0d0350,True,0.02,4.0,1.0,1.0,4.117527146541583,0.050837466737267925,4.0,0.011599874719976139,0.21004869034656978,0.0011795227118094151,0.0,1.0,-0.009683335844336121,0.010547451260416061,0.0,0.013928861329337636,-0.004617107265739084,0.008492867289802312,0.0072826999018936085,0.026824365469868522,0.0,"[0.0866328403045137, 1.2719057801813232, -1.0627636242929768, -0.06422771720503051, 1.503924751709878, 0.9417088640929628, 0.02164145555888773, 1.362973650422814, 1.2451251790621114]"
prism3,241,/home/humanoid/Programs/hand/results/phase1/run_20260413_pollard_multiscene_500_run2_refined/prism3/generated_mjcf/scene_prism3_tp0d0041p0d0136p0d0050_ip0d0093n0d0236p0d0000_mp0d0051p0d0056p0d0045.xml,prism_y0d0350,True,0.02,4.0,1.0,1.0,4.472349423078298,0.05354701179033841,5.0,0.0060866302615998485,0.43087086066895447,0.02083201666000053,0.0,1.0,0.0040971277273271905,0.013559094872586892,0.0049975779635624,0.00926415941715049,-0.023572964220321315,0.0,0.0051016658072987634,0.005637990037219874,0.004513815243508565,"[0.0866328403045137, 1.2719057801813232, -1.0627636242929768, -0.06422771720503051, 1.503924751709878, 0.9417088640929628, 0.02164145555888773, 1.362973650422814, 1.2451251790621114]"
prism3,242,/home/humanoid/Programs/hand/results/phase1/run_20260413_pollard_multiscene_500_run2_refined/prism3/generated_mjcf/scene_prism3_tn0d0009p0d0235p0d0040_in0d0009n0d0143p0d0044_mp0d0197p0d0260p0d0000.xml,prism_y0d0350,True,0.02,4.0,1.0,1.0,4.946409161922246,0.05336173469151935,6.0,0.006241367850052489,0.2054986375816577,0.01299067015726278,0.0,1.0,-0.0009419216668431589,0.0234563829052057,0.003998428193652388,-0.0008600754512623002,-0.0143499624967743,0.0043891962311728185,0.019674774011803155,0.026003968495236028,0.0,"[0.0866328403045137, 1.2719057801813232, -1.0627636242929768, -0.06422771720503051, 1.503924751709878, 0.9417088640929628, 0.02164145555888773, 1.362973650422814, 1.2451251790621114]"
prism3,243,/home/humanoid/Programs/hand/results/phase1/run_20260413_pollard_multiscene_500_run2_refined/prism3/generated_mjcf/scene_prism3_tp0d0018p0d0300p0d0000_ip0d0214n0d0134p0d0084_mp0d0020p0d0258p0d0066.xml,prism_y0d0350,True,0.02,4.0,1.0,1.0,4.923432566654413,0.05418727665713001,6.0,0.007271894067826724,0.930084612299132,0.0031776060607689284,0.0,1.0,0.0018323263906544832,0.03,0.0,0.02142851497409419,-0.01338505726791449,0.008384359098383674,0.002027946052017301,0.025760241751164238,0.0065869486941198575,"[0.0866328403045137, 1.2719057801813232, -1.0627636242929768, -0.06422771720503051, 1.503924751709878, 0.9417088640929628, 0.02164145555888773, 1.362973650422814, 1.2451251790621114]"
prism3,244,/home/humanoid/Programs/hand/results/phase1/run_20260413_pollard_multiscene_500_run2_refined/prism3/generated_mjcf/scene_prism3_tp0d0037p0d0122p0d0000_ip0d0121n0d0147p0d0094_mp0d0112p0d0054p0d0090.xml,prism_y0d0350,True,0.02,4.0,1.0,1.0,4.078364753350085,0.04859125337347221,4.0,0.005921718773212553,0.019769056322256465,0.0008717274018043364,0.00019082952632101802,1.0,0.003670300442267238,0.012153499062564917,0.0,0.012056547044241235,-0.014653213065510083,0.009428885664088973,0.011218889531032318,0.005437278898803643,0.009008074998322603,"[0.0866328403045137, 1.2719057801813232, -1.0627636242929768, -0.06422771720503051, 1.503924751709878, 0.9417088640929628, 0.02164145555888773, 1.362973650422814, 1.2451251790621114]"
prism3,245,/home/humanoid/Programs/hand/results/phase1/run_20260413_pollard_multiscene_500_run2_refined/prism3/generated_mjcf/scene_prism3_tn0d0045p0d0121p0d0034_ip0d0174n0d0173p0d0000_mp0d0212p0d0139p0d0000.xml,prism_y0d0350,True,0.02,4.0,1.0,1.0,4.98432255000643,0.05252073917715071,6.0,0.006428642653896856,0.1387313448878054,0.003372722358813303,0.0,1.0,-0.004528621663971532,0.012117700999274032,0.0034291248847927273,0.01739136599231956,-0.017332691788016226,0.0,0.0212315535462329,0.013907077695475889,0.0,"[0.0866328403045137, 1.2719057801813232, -1.0627636242929768, -0.06422771720503051, 1.503924751709878, 0.9417088640929628, 0.02164145555888773, 1.362973650422814, 1.2451251790621114]"
prism3,246,/home/humanoid/Programs/hand/results/phase1/run_20260413_pollard_multiscene_500_run2_refined/prism3/generated_mjcf/scene_prism3_tp0d0012p0d0250p0d0034_in0d0012n0d0017p0d0000_mp0d0149p0d0177p0d0000.xml,prism_y0d0350,True,0.02,4.0,1.0,1.0,4.900415518612761,0.052347796156592005,6.0,0.006103402584866989,0.22351804269501063,0.014337139215662261,0.0,1.0,0.0012101250122180784,0.02496992892325642,0.0034375336049794307,-0.001203292251601781,-0.0017480540872589299,0.0,0.014901303193678607,0.0176678851782694,0.0,"[0.0866328403045137, 1.2719057801813232, -1.0627636242929768, -0.06422771720503051, 1.503924751709878, 0.9417088640929628, 0.02164145555888773, 1.362973650422814, 1.2451251790621114]"
prism3,247,/home/humanoid/Programs/hand/results/phase1/run_20260413_pollard_multiscene_500_run2_refined/prism3/generated_mjcf/scene_prism3_tp0d0119p0d0269p0d0041_ip0d0045n0d0197p0d0000_mp0d0114p0d0084p0d0000.xml,prism_y0d0350,True,0.02,4.0,1.0,1.0,2.9636214877850944,0.04866754570497299,4.0,0.010708532877050486,0.421715489181087,0.034529745619861635,0.05436118279024754,0.7555555555555555,0.011873789448722787,0.02689082524371258,0.004145387045152844,0.0044727054903854375,-0.019704682888720113,0.0,0.011383286691889392,0.008366425886166713,0.0,"[0.0866328403045137, 1.2719057801813232, -1.0627636242929768, -0.06422771720503051, 1.503924751709878, 0.9417088640929628, 0.02164145555888773, 1.362973650422814, 1.2451251790621114]"
prism3,248,/home/humanoid/Programs/hand/results/phase1/run_20260413_pollard_multiscene_500_run2_refined/prism3/generated_mjcf/scene_prism3_tp0d0063p0d0226p0d0000_ip0d0002n0d0169p0d0000_mp0d0111p0d0134p0d0000.xml,prism_y0d0350,True,0.02,4.0,1.0,1.0,3.7488912314783382,0.05047406690848279,4.0,0.0059888381978128865,2.373000495353363,0.008295559936654835,0.0,1.0,0.00626516238663433,0.02255765916802214,0.0,0.0002281577052011246,-0.016903768045336977,0.0,0.011086386382717419,0.013437684407545863,0.0,"[0.0866328403045137, 1.2719057801813232, -1.0627636242929768, -0.06422771720503051, 1.503924751709878, 0.9417088640929628, 0.02164145555888773, 1.362973650422814, 1.2451251790621114]"
prism3,249,/home/humanoid/Programs/hand/results/phase1/run_20260413_pollard_multiscene_500_run2_refined/prism3/generated_mjcf/scene_prism3_tn0d0027p0d0178p0d0000_ip0d0059n0d0061p0d0007_mn0d0017p0d0132p0d0000.xml,prism_y0d0350,True,0.02,4.0,1.0,1.0,4.127004008139284,0.04982449415041959,4.0,0.005925417725272577,0.011263789263662817,0.00032427387628911644,0.00011393666896432342,1.0,-0.0027271212917241126,0.017791811356062115,0.0,0.005851197812612485,-0.006067555870810265,0.0007001297377480752,-0.001728987071853835,0.013155750839536167,0.0,"[0.0866328403045137, 1.2719057801813232, -1.0627636242929768, -0.06422771720503051, 1.503924751709878, 0.9417088640929628, 0.02164145555888773, 1.362973650422814, 1.2451251790621114]"
prism3,250,/home/humanoid/Programs/hand/results/phase1/run_20260413_pollard_multiscene_500_run2_refined/prism3/generated_mjcf/scene_prism3_tp0d0023p0d0281p0d0058_ip0d0010n0d0123p0d0000_mp0d0086p0d0122p0d0045.xml,prism_y0d0350,True,0.02,4.0,1.0,1.0,4.412334356715517,0.0532121085383607,5.0,0.006487746742924169,0.7952020195790294,0.018343016621819978,0.0006479621644570749,1.0,0.0022906939710439344,0.028145105487248016,0.005840805083924282,0.0009521715037869721,-0.012287952266811692,0.0,0.008550085922758204,0.012157418500970765,0.004480712380297534,"[0.0866328403045137, 1.2719057801813232, -1.0627636242929768, -0.06422771720503051, 1.503924751709878, 0.9417088640929628, 0.02164145555888773, 1.362973650422814, 1.2451251790621114]"
prism3,251,/home/humanoid/Programs/hand/results/phase1/run_20260413_pollard_multiscene_500_run2_refined/prism3/generated_mjcf/scene_prism3_tn0d0091p0d0092p0d0034_ip0d0028n0d0157p0d0101_mp0d0014p0d0237p0d0000.xml,prism_y0d0350,True,0.02,4.0,1.0,1.0,4.111812662480563,0.049890086169165695,4.0,0.011719514256285158,0.028862623483751324,0.0007533373123728286,0.00017099229423882256,1.0,-0.00907948699181936,0.009197356063655219,0.0034433989733793375,0.002812858527800891,-0.01569261011506301,0.01012942948307732,0.0014055497152433722,0.023694967517092685,0.0,"[0.0866328403045137, 1.2719057801813232, -1.0627636242929768, -0.06422771720503051, 1.503924751709878, 0.9417088640929628, 0.02164145555888773, 1.362973650422814, 1.2451251790621114]"
prism3,252,/home/humanoid/Programs/hand/results/phase1/run_20260413_pollard_multiscene_500_run2_refined/prism3/generated_mjcf/scene_prism3_tn0d0074p0d0300p0d0026_ip0d0033n0d0060p0d0000_mp0d0108p0d0119p0d0000.xml,prism_y0d0350,True,0.02,4.0,1.0,1.0,3.5675287659170616,0.050587477480489695,4.0,0.006107802755997153,3.5705724359873012,0.009205245831664783,0.0,1.0,-0.007398159794487176,0.03,0.002583933856100673,0.0033336936479035455,-0.005978032145131569,0.0,0.010774200359585784,0.011857555922792454,0.0,"[0.0866328403045137, 1.2719057801813232, -1.0627636242929768, -0.06422771720503051, 1.503924751709878, 0.9417088640929628, 0.02164145555888773, 1.362973650422814, 1.2451251790621114]"
prism3,254,/home/humanoid/Programs/hand/results/phase1/run_20260413_pollard_multiscene_500_run2_refined/prism3/generated_mjcf/scene_prism3_tn0d0073p0d0242p0d0000_ip0d0117n0d0058p0d0016_mp0d0219p0d0175p0d0000.xml,prism_y0d0350,True,0.02,4.0,1.0,1.0,4.872516715588316,0.04992585176707029,6.0,0.005933187248004043,0.33576566035236316,0.002109478785046941,0.0,1.0,-0.0072830278711218015,0.024233399005324837,0.0,0.01173289864241775,-0.005816682189977438,0.0015985477456331616,0.02187070698869189,0.017479901290416364,0.0,"[0.0866328403045137, 1.2719057801813232, -1.0627636242929768, -0.06422771720503051, 1.503924751709878, 0.9417088640929628, 0.02164145555888773, 1.362973650422814, 1.2451251790621114]"
prism3,255,/home/humanoid/Programs/hand/results/phase1/run_20260413_pollard_multiscene_500_run2_refined/prism3/generated_mjcf/scene_prism3_tn0d0049p0d0232p0d0053_ip0d0078n0d0015p0d0045_mp0d0126p0d0103p0d0116.xml,prism_y0d0350,True,0.02,4.0,1.0,1.0,4.117396335969928,0.04964621831820781,4.0,0.006003997069824021,0.03583256794053073,0.0003469668236238406,6.305207457288353e-05,1.0,-0.0048957756328571024,0.023204282559035286,0.005285964347256648,0.007791052812038457,-0.0014875992639632445,0.004507628719607793,0.01263096632514772,0.010252368200474794,0.011605232571004556,"[0.0866328403045137, 1.2719057801813232, -1.0627636242929768, -0.06422771720503051, 1.503924751709878, 0.9417088640929628, 0.02164145555888773, 1.362973650422814, 1.2451251790621114]"
prism3,256,/home/humanoid/Programs/hand/results/phase1/run_20260413_pollard_multiscene_500_run2_refined/prism3/generated_mjcf/scene_prism3_tn0d0062p0d0198p0d0000_ip0d0093n0d0156p0d0051_mp0d0176p0d0066p0d0000.xml,prism_y0d0350,True,0.02,4.0,1.0,1.0,3.998768487185421,0.05088182690395146,4.0,0.005919350759348722,0.7093335124115497,0.010642787678741683,0.0,1.0,-0.00617936078977491,0.019845889106613626,0.0,0.009283838582036968,-0.01564231250230316,0.005108479275818825,0.01755878893107922,0.006553664356555156,0.0,"[0.0866328403045137, 1.2719057801813232, -1.0627636242929768, -0.06422771720503051, 1.503924751709878, 0.9417088640929628, 0.02164145555888773, 1.362973650422814, 1.2451251790621114]"
prism3,257,/home/humanoid/Programs/hand/results/phase1/run_20260413_pollard_multiscene_500_run2_refined/prism3/generated_mjcf/scene_prism3_tn0d0013p0d0300p0d0040_ip0d0126n0d0136p0d0071_mn0d0004p0d0181p0d0075.xml,prism_y0d0350,True,0.02,4.0,1.0,1.0,4.449274276879367,0.0517974971980355,5.0,0.007598116462932222,0.8582420995905411,0.0031111136201520517,8.657462220978962e-05,1.0,-0.0013310279746045726,0.03,0.004007304669342297,0.01263270996685188,-0.013573404996832647,0.007133344311976011,-0.0004286670847191455,0.018119654315755226,0.007547655475809524,"[0.0866328403045137, 1.2719057801813232, -1.0627636242929768, -0.06422771720503051, 1.503924751709878, 0.9417088640929628, 0.02164145555888773, 1.362973650422814, 1.2451251790621114]"
prism3,258,/home/humanoid/Programs/hand/results/phase1/run_20260413_pollard_multiscene_500_run2_refined/prism3/generated_mjcf/scene_prism3_tn0d0033p0d0188p0d0000_ip0d0089n0d0085p0d0000_mn0d0010p0d0158p0d0000.xml,prism_y0d0350,True,0.02,4.0,1.0,1.0,4.124147619758303,0.04985713389385804,4.0,0.0059230513444523585,0.04204665413609858,0.00031075039013880244,6.953861471470368e-05,1.0,-0.003284192562390034,0.018810799604056093,0.0,0.008948602806368519,-0.008508505563111826,0.0,-0.0009937541860331883,0.015830482276668337,0.0,"[0.0866328403045137, 1.2719057801813232, -1.0627636242929768, -0.06422771720503051, 1.503924751709878, 0.9417088640929628, 0.02164145555888773, 1.362973650422814, 1.2451251790621114]"
prism3,259,/home/humanoid/Programs/hand/results/phase1/run_20260413_pollard_multiscene_500_run2_refined/prism3/generated_mjcf/scene_prism3_tn0d0066p0d0185p0d0013_ip0d0158n0d0195p0d0088_mp0d0183p0d0172p0d0000.xml,prism_y0d0350,True,0.02,4.0,1.0,1.0,4.440893179667066,0.05019209964058957,5.0,0.005978641469267317,0.19523142499785,0.012431385177559373,0.0,1.0,-0.0066485374175960146,0.018518010205694397,0.0012982978667973911,0.015818160059360285,-0.019498654578332945,0.008823394787387792,0.01834265960575579,0.01719139738609474,0.0,"[0.0866328403045137, 1.2719057801813232, -1.0627636242929768, -0.06422771720503051, 1.503924751709878, 0.9417088640929628, 0.02164145555888773, 1.362973650422814, 1.2451251790621114]"
prism3,260,/home/humanoid/Programs/hand/results/phase1/run_20260413_pollard_multiscene_500_run2_refined/prism3/generated_mjcf/scene_prism3_tn0d0016p0d0096p0d0112_ip0d0017n0d0032p0d0006_mp0d0056p0d0052p0d0016.xml,prism_y0d0350,True,0.02,4.0,1.0,1.0,4.770987217843469,0.05007029644081086,6.0,0.006169427366697196,0.38758436404604363,0.015957003232587145,0.0012712190707572651,1.0,-0.0015968470266755248,0.00957306995643702,0.011202290221894236,0.001675734744234568,-0.0032206306161261574,0.0006071599036956091,0.00558793585213605,0.005223797450431731,0.0015580406341598792,"[0.0866328403045137, 1.2719057801813232, -1.0627636242929768, -0.06422771720503051, 1.503924751709878, 0.9417088640929628, 0.02164145555888773, 1.362973650422814, 1.2451251790621114]"
prism3,261,/home/humanoid/Programs/hand/results/phase1/run_20260413_pollard_multiscene_500_run2_refined/prism3/generated_mjcf/scene_prism3_tn0d0026p0d0108p0d0000_ip0d0093n0d0210p0d0000_mp0d0215p0d0203p0d0054.xml,prism_y0d0350,True,0.02,4.0,1.0,1.0,4.4993151873308825,0.04971754113988146,5.0,0.007380494169342114,0.07542034585416152,0.0005458300938240673,0.0009541443154346269,1.0,-0.002559148442306267,0.010844582132139265,0.0,0.009274960074603024,-0.02103734073064305,0.0,0.021537173868519506,0.02026458374004725,0.005359570246667743,"[0.0866328403045137, 1.2719057801813232, -1.0627636242929768, -0.06422771720503051, 1.503924751709878, 0.9417088640929628, 0.02164145555888773, 1.362973650422814, 1.2451251790621114]"
prism3,262,/home/humanoid/Programs/hand/results/phase1/run_20260413_pollard_multiscene_500_run2_refined/prism3/generated_mjcf/scene_prism3_tp0d0114p0d0124p0d0096_in0d0000n0d0080p0d0000_mp0d0182p0d0250p0d0006.xml,prism_y0d0350,True,0.02,4.0,1.0,1.0,4.859454835021221,0.04956077561101007,6.0,0.008065491891650017,0.2543233311577343,0.002198094049925417,0.0006420219673015787,1.0,0.011434726863572546,0.012431631671534318,0.009574165085641077,-3.2197229452727086e-05,-0.008030768084860739,0.0,0.01818011496386108,0.025010610894033593,0.0006060223705221992,"[0.0866328403045137, 1.2719057801813232, -1.0627636242929768, -0.06422771720503051, 1.503924751709878, 0.9417088640929628, 0.02164145555888773, 1.362973650422814, 1.2451251790621114]"
prism3,263,/home/humanoid/Programs/hand/results/phase1/run_20260413_pollard_multiscene_500_run2_refined/prism3/generated_mjcf/scene_prism3_tn0d0026p0d0166p0d0106_ip0d0186n0d0034p0d0042_mn0d0016p0d0137p0d0101.xml,prism_y0d0350,True,0.02,4.0,1.0,1.0,4.122550855336495,0.04968487008517927,4.0,0.006053133961366817,0.00682419993668047,0.0002982830447361309,0.00012500012192721843,1.0,-0.002617680223593528,0.01656557626298818,0.010573775539080708,0.018619421669964137,-0.0033545673340663,0.004216081429168201,-0.0015522505578777837,0.01372870559258928,0.010117600342834106,"[0.0866328403045137, 1.2719057801813232, -1.0627636242929768, -0.06422771720503051, 1.503924751709878, 0.9417088640929628, 0.02164145555888773, 1.362973650422814, 1.2451251790621114]"
prism3,264,/home/humanoid/Programs/hand/results/phase1/run_20260413_pollard_multiscene_500_run2_refined/prism3/generated_mjcf/scene_prism3_tn0d0098p0d0167p0d0098_ip0d0048n0d0056p0d0000_mp0d0081p0d0076p0d0092.xml,prism_y0d0350,True,0.02,4.0,1.0,1.0,4.399146477016933,0.04943934134876789,5.0,0.0060977965543864135,0.6150176340354955,0.004463705329307713,0.0,1.0,-0.0098174312859883,0.016710597855835244,0.009785136624631905,0.0047505379522936875,-0.00558731996764574,0.0,0.008118077130715488,0.007604253555346375,0.009153488997293208,"[0.0866328403045137, 1.2719057801813232, -1.0627636242929768, -0.06422771720503051, 1.503924751709878, 0.9417088640929628, 0.02164145555888773, 1.362973650422814, 1.2451251790621114]"
prism3,265,/home/humanoid/Programs/hand/results/phase1/run_20260413_pollard_multiscene_500_run2_refined/prism3/generated_mjcf/scene_prism3_tp0d0104p0d0234p0d0093_ip0d0069n0d0004p0d0081_mp0d0154p0d0049p0d0096.xml,prism_y0d0350,True,0.02,4.0,1.0,1.0,4.120996015227795,0.04966326474395964,4.0,0.00608021454937195,0.01699333066420863,0.00022008540515631067,9.9025806789943e-05,1.0,0.010405971119882437,0.023402318434891774,0.009318597065959895,0.006870174315362881,-0.0003758602573515988,0.008054351980537874,0.01539809898290241,0.004941483542359303,0.009625898391971525,"[0.0866328403045137, 1.2719057801813232, -1.0627636242929768, -0.06422771720503051, 1.503924751709878, 0.9417088640929628, 0.02164145555888773, 1.362973650422814, 1.2451251790621114]"
prism3,266,/home/humanoid/Programs/hand/results/phase1/run_20260413_pollard_multiscene_500_run2_refined/prism3/generated_mjcf/scene_prism3_tp0d0080p0d0162p0d0000_in0d0002n0d0171p0d0000_mp0d0071p0d0218p0d0095.xml,prism_y0d0350,True,0.02,4.0,1.0,1.0,3.5801512187096245,0.04898578553085582,6.0,0.008073995267264026,6.82849121734637,0.0304716307303953,0.009258318112622843,1.0,0.008007112781741085,0.016238264649913087,0.0,-0.00016892381827874302,-0.01712363596371593,0.0,0.0070856367373131526,0.021809635629245268,0.009472099338838351,"[0.0866328403045137, 1.2719057801813232, -1.0627636242929768, -0.06422771720503051, 1.503924751709878, 0.9417088640929628, 0.02164145555888773, 1.362973650422814, 1.2451251790621114]"
prism3,267,/home/humanoid/Programs/hand/results/phase1/run_20260413_pollard_multiscene_500_run2_refined/prism3/generated_mjcf/scene_prism3_tn0d0019p0d0119p0d0097_ip0d0014n0d0097p0d0004_mp0d0076p0d0068p0d0027.xml,prism_y0d0350,True,0.02,4.0,1.0,1.0,4.847491855817041,0.050748401431800705,6.0,0.006130139564771975,0.13662912302514293,0.015991257785444735,0.0,1.0,-0.0019033786639038597,0.011918802303719365,0.009742141364256777,0.001446421396381646,-0.009701845637100453,0.0004247947514453253,0.007597777885475282,0.006785559441029652,0.0026801896733662112,"[0.0866328403045137, 1.2719057801813232, -1.0627636242929768, -0.06422771720503051, 1.503924751709878, 0.9417088640929628, 0.02164145555888773, 1.362973650422814, 1.2451251790621114]"
prism3,268,/home/humanoid/Programs/hand/results/phase1/run_20260413_pollard_multiscene_500_run2_refined/prism3/generated_mjcf/scene_prism3_tp0d0102p0d0138p0d0107_ip0d0106n0d0072p0d0004_mp0d0019p0d0053p0d0000.xml,prism_y0d0350,True,0.02,4.0,1.0,1.0,4.091123355919993,0.04883806101329058,4.0,0.005977201107241107,0.020076865213720922,0.00021430202619394337,0.000163086282622793,1.0,0.010192050973665118,0.013796870560345172,0.01073217435091527,0.010556599209052135,-0.0072346864002176565,0.00041095213145756447,0.001934188977885925,0.0052613143908337,0.0,"[0.0866328403045137, 1.2719057801813232, -1.0627636242929768, -0.06422771720503051, 1.503924751709878, 0.9417088640929628, 0.02164145555888773, 1.362973650422814, 1.2451251790621114]"
prism3,269,/home/humanoid/Programs/hand/results/phase1/run_20260413_pollard_multiscene_500_run2_refined/prism3/generated_mjcf/scene_prism3_tn0d0109p0d0188p0d0000_ip0d0152n0d0147p0d0000_mp0d0012p0d0206p0d0000.xml,prism_y0d0350,True,0.02,4.0,1.0,1.0,4.513192544645782,0.049872399383573726,5.0,0.005926212453319067,0.0994164361688743,0.0008636493919781644,3.288725795504155e-05,1.0,-0.010892479043909305,0.018761057623916402,0.0,0.015191856500809777,-0.0146572238066505,0.0,0.0012429278075790622,0.02056014077460063,0.0,"[0.0866328403045137, 1.2719057801813232, -1.0627636242929768, -0.06422771720503051, 1.503924751709878, 0.9417088640929628, 0.02164145555888773, 1.362973650422814, 1.2451251790621114]"
prism3,270,/home/humanoid/Programs/hand/results/phase1/run_20260413_pollard_multiscene_500_run2_refined/prism3/generated_mjcf/scene_prism3_tp0d0063p0d0244p0d0034_in0d0017n0d0047p0d0028_mp0d0126p0d0234p0d0000.xml,prism_y0d0350,True,0.02,4.0,1.0,1.0,4.908955800901652,0.05137515947950199,6.0,0.006932888487727398,0.2123722895087957,0.0069958666649729,0.0001231633741088506,1.0,0.006326404225126845,0.024413539928309608,0.0034358131538734186,-0.0016652041607701385,-0.004704614173634861,0.002849669393877664,0.012557523978918841,0.023357815300913888,0.0,"[0.0866328403045137, 1.2719057801813232, -1.0627636242929768, -0.06422771720503051, 1.503924751709878, 0.9417088640929628, 0.02164145555888773, 1.362973650422814, 1.2451251790621114]"
prism3,271,/home/humanoid/Programs/hand/results/phase1/run_20260413_pollard_multiscene_500_run2_refined/prism3/generated_mjcf/scene_prism3_tp0d0022p0d0300p0d0079_ip0d0201n0d0117p0d0000_mp0d0139p0d0232p0d0000.xml,prism_y0d0350,True,0.02,4.0,1.0,1.0,4.582062547106819,0.053419110875532284,5.0,0.006471038855715504,0.10336346842890844,0.009859955926840547,0.0,1.0,0.002245291327922347,0.03,0.007914847084908486,0.020077243035357552,-0.01173371425264643,0.0,0.013901697245508137,0.023176085596049063,0.0,"[0.0866328403045137, 1.2719057801813232, -1.0627636242929768, -0.06422771720503051, 1.503924751709878, 0.9417088640929628, 0.02164145555888773, 1.362973650422814, 1.2451251790621114]"
prism3,272,/home/humanoid/Programs/hand/results/phase1/run_20260413_pollard_multiscene_500_run2_refined/prism3/generated_mjcf/scene_prism3_tn0d0009p0d0148p0d0000_ip0d0185n0d0080p0d0009_mp0d0179p0d0092p0d0042.xml,prism_y0d0350,True,0.02,4.0,1.0,1.0,4.33375306662598,0.049925688169991246,5.0,0.005976893536254603,1.1198966293886188,0.00561795630715196,0.0,1.0,-0.0009488846215536303,0.014802931966176474,0.0,0.01846619001000817,-0.008015341938986174,0.0008936013470664285,0.01788502974286396,0.009203218882619397,0.0041798237366650025,"[0.0866328403045137, 1.2719057801813232, -1.0627636242929768, -0.06422771720503051, 1.503924751709878, 0.9417088640929628, 0.02164145555888773, 1.362973650422814, 1.2451251790621114]"
prism3,273,/home/humanoid/Programs/hand/results/phase1/run_20260413_pollard_multiscene_500_run2_refined/prism3/generated_mjcf/scene_prism3_tp0d0108p0d0274p0d0048_ip0d0186n0d0162p0d0000_mn0d0018p0d0200p0d0087.xml,prism_y0d0350,True,0.02,4.0,1.0,1.0,3.9230435767174,0.050017574433014945,4.0,0.009237786037515738,0.9593240354981779,0.008750698603392811,0.0010577632848339652,1.0,0.010793172744159973,0.027385637090943743,0.004834036143599344,0.01858721372341072,-0.016209668619703015,0.0,-0.001767901577034518,0.0199563224460901,0.00869297932588134,"[0.0866328403045137, 1.2719057801813232, -1.0627636242929768, -0.06422771720503051, 1.503924751709878, 0.9417088640929628, 0.02164145555888773, 1.362973650422814, 1.2451251790621114]"
prism3,274,/home/humanoid/Programs/hand/results/phase1/run_20260413_pollard_multiscene_500_run2_refined/prism3/generated_mjcf/scene_prism3_tn0d0019p0d0292p0d0078_ip0d0164n0d0156p0d0069_mp0d0127p0d0262p0d0000.xml,prism_y0d0350,True,0.02,4.0,1.0,1.0,4.581158982935895,0.05203756526779765,5.0,0.006885260785497498,0.12138474495141192,0.0013629280205527776,0.0,1.0,-0.001916376052160879,0.029220051372745175,0.007795485310387259,0.016412015641354603,-0.015575520612575037,0.006911623253098489,0.012731054858623922,0.026173867771679467,0.0,"[0.0866328403045137, 1.2719057801813232, -1.0627636242929768, -0.06422771720503051, 1.503924751709878, 0.9417088640929628, 0.02164145555888773, 1.362973650422814, 1.2451251790621114]"
prism3,275,/home/humanoid/Programs/hand/results/phase1/run_20260413_pollard_multiscene_500_run2_refined/prism3/generated_mjcf/scene_prism3_tp0d0071p0d0185p0d0000_in0d0012n0d0020p0d0000_mp0d0187p0d0125p0d0095.xml,prism_y0d0350,True,0.02,4.0,1.0,1.0,4.5675478933821,0.05157537205108899,5.0,0.007190393007088125,0.10768261911527834,0.0011761582540910688,0.0,1.0,0.007096762773567841,0.018535196712838996,0.0,-0.0012487005109433433,-0.0020060342785642327,0.0,0.018711648686793855,0.012456268016773565,0.009485944431065776,"[0.0866328403045137, 1.2719057801813232, -1.0627636242929768, -0.06422771720503051, 1.503924751709878, 0.9417088640929628, 0.02164145555888773, 1.362973650422814, 1.2451251790621114]"
prism3,276,/home/humanoid/Programs/hand/results/phase1/run_20260413_pollard_multiscene_500_run2_refined/prism3/generated_mjcf/scene_prism3_tn0d0045p0d0240p0d0000_ip0d0060n0d0088p0d0066_mp0d0014p0d0053p0d0000.xml,prism_y0d0350,True,0.02,4.0,1.0,1.0,4.468897594964825,0.05395361171084476,5.0,0.006151388060420291,1.0947090887284847,0.007161612580771388,0.0,1.0,-0.004471530539230569,0.02395252102903216,0.0,0.006041774072952371,-0.008778636947116529,0.006612827788071422,0.0013904042544706126,0.005326566761932524,0.0,"[0.0866328403045137, 1.2719057801813232, -1.0627636242929768, -0.06422771720503051, 1.503924751709878, 0.9417088640929628, 0.02164145555888773, 1.362973650422814, 1.2451251790621114]"
prism3,277,/home/humanoid/Programs/hand/results/phase1/run_20260413_pollard_multiscene_500_run2_refined/prism3/generated_mjcf/scene_prism3_tn0d0085p0d0138p0d0102_ip0d0198n0d0095p0d0098_mp0d0050p0d0056p0d0000.xml,prism_y0d0350,True,0.02,4.0,1.0,1.0,4.0770118436551765,0.049650770181454265,4.0,0.0061633396100684605,0.17431943639857797,0.003715086335966563,0.0,1.0,-0.00849020040187634,0.013832043402543716,0.010161341910743568,0.019754372950554135,-0.009469899963966253,0.009754122039431785,0.005023702370497475,0.005560181100361002,0.0,"[0.0866328403045137, 1.2719057801813232, -1.0627636242929768, -0.06422771720503051, 1.503924751709878, 0.9417088640929628, 0.02164145555888773, 1.362973650422814, 1.2451251790621114]"
prism3,278,/home/humanoid/Programs/hand/results/phase1/run_20260413_pollard_multiscene_500_run2_refined/prism3/generated_mjcf/scene_prism3_tp0d0091p0d0087p0d0090_ip0d0090n0d0064p0d0007_mp0d0002p0d0209p0d0000.xml,prism_y0d0350,True,0.02,4.0,1.0,1.0,3.8994263435168213,0.048619440693061726,4.0,0.010635170615166311,0.776264050004,0.00656259691248433,0.002097379211208422,1.0,0.009110489609144803,0.008677276423585517,0.008999429842825458,0.008984969193119195,-0.006433298849497485,0.0006513275308667656,0.00016650763492232802,0.02091045788924164,0.0,"[0.0866328403045137, 1.2719057801813232, -1.0627636242929768, -0.06422771720503051, 1.503924751709878, 0.9417088640929628, 0.02164145555888773, 1.362973650422814, 1.2451251790621114]"
prism3,279,/home/humanoid/Programs/hand/results/phase1/run_20260413_pollard_multiscene_500_run2_refined/prism3/generated_mjcf/scene_prism3_tp0d0107p0d0203p0d0035_in0d0017n0d0210p0d0076_mn0d0006p0d0043p0d0000.xml,prism_y0d0350,True,0.02,4.0,1.0,1.0,4.522219880109929,0.0497456646969035,6.0,0.007430043862440071,1.2839790893387326,0.01951156442453011,0.007862670550735251,1.0,0.010680652573989403,0.02028025196755389,0.0034878590242971314,-0.001651941370340004,-0.021006328028755378,0.007617746444018626,-0.0006043381044495855,0.004307480844639333,0.0,"[0.0866328403045137, 1.2719057801813232, -1.0627636242929768, -0.06422771720503051, 1.503924751709878, 0.9417088640929628, 0.02164145555888773, 1.362973650422814, 1.2451251790621114]"
prism3,280,/home/humanoid/Programs/hand/results/phase1/run_20260413_pollard_multiscene_500_run2_refined/prism3/generated_mjcf/scene_prism3_tn0d0078p0d0260p0d0040_ip0d0170n0d0060p0d0000_mp0d0039p0d0256p0d0009.xml,prism_y0d0350,True,0.02,4.0,1.0,1.0,4.499711793575207,0.04974308072926156,5.0,0.005993345477691735,0.1369985359733543,0.0014581017470339194,9.125096131490373e-07,1.0,-0.007815997886244007,0.026014632824952713,0.003963593641860802,0.01697867174625963,-0.006016436256747587,0.0,0.0039335958645995905,0.025588962022507003,0.0008507281091946969,"[0.0866328403045137, 1.2719057801813232, -1.0627636242929768, -0.06422771720503051, 1.503924751709878, 0.9417088640929628, 0.02164145555888773, 1.362973650422814, 1.2451251790621114]"
prism3,281,/home/humanoid/Programs/hand/results/phase1/run_20260413_pollard_multiscene_500_run2_refined/prism3/generated_mjcf/scene_prism3_tp0d0049p0d0300p0d0102_ip0d0202n0d0145p0d0009_mn0d0004p0d0044p0d0008.xml,prism_y0d0350,True,0.02,4.0,1.0,1.0,4.437127510914417,0.04949968472902,5.0,0.007986367114874276,0.23764291854491282,0.0028720832098720907,0.002209148610880396,1.0,0.0048956966144989775,0.03,0.01024569696703537,0.02024412345182712,-0.01445113637154469,0.0008572589896428326,-0.00038753717582618377,0.004445373004833839,0.0008281454690186804,"[0.0866328403045137, 1.2719057801813232, -1.0627636242929768, -0.06422771720503051, 1.503924751709878, 0.9417088640929628, 0.02164145555888773, 1.362973650422814, 1.2451251790621114]"
prism3,282,/home/humanoid/Programs/hand/results/phase1/run_20260413_pollard_multiscene_500_run2_refined/prism3/generated_mjcf/scene_prism3_tn0d0065p0d0165p0d0000_ip0d0092n0d0020p0d0000_mn0d0000p0d0262p0d0033.xml,prism_y0d0350,True,0.02,4.0,1.0,1.0,4.092894891473011,0.051033626585533065,4.0,0.00830893298025688,0.4320774814841456,0.0019455633080044498,1.4930915790259403e-05,1.0,-0.0064790503642382325,0.016456295363345405,0.0,0.009204583455362582,-0.0020444669577706093,0.0,-4.283315304138592e-05,0.02617827396598007,0.003291006560961051,"[0.0866328403045137, 1.2719057801813232, -1.0627636242929768, -0.06422771720503051, 1.503924751709878, 0.9417088640929628, 0.02164145555888773, 1.362973650422814, 1.2451251790621114]"
prism3,283,/home/humanoid/Programs/hand/results/phase1/run_20260413_pollard_multiscene_500_run2_refined/prism3/generated_mjcf/scene_prism3_tn0d0031p0d0201p0d0000_ip0d0055n0d0234p0d0000_mp0d0094p0d0053p0d0000.xml,prism_y0d0350,True,0.02,4.0,1.0,1.0,3.9730895389667955,0.050387268007300715,4.0,0.008723351317943754,0.7143572138485303,0.00716738759483944,0.0019050192505438435,1.0,-0.0031127119824599214,0.02006981702162479,0.0,0.005466174877173833,-0.02337288165376357,0.0,0.009384004791361464,0.005280066378183639,0.0,"[0.0866328403045137, 1.2719057801813232, -1.0627636242929768, -0.06422771720503051, 1.503924751709878, 0.9417088640929628, 0.02164145555888773, 1.362973650422814, 1.2451251790621114]"
prism3,284,/home/humanoid/Programs/hand/results/phase1/run_20260413_pollard_multiscene_500_run2_refined/prism3/generated_mjcf/scene_prism3_tp0d0022p0d0287p0d0000_ip0d0067n0d0176p0d0000_mp0d0210p0d0137p0d0074.xml,prism_y0d0350,True,0.02,4.0,1.0,1.0,3.9952925440700264,0.054677291380932774,4.0,0.00774117609490621,1.2498254506868407,0.01647020498873657,0.00138627121144691,1.0,0.002212310947044818,0.02869211517064582,0.0,0.006708244949966628,-0.01764560311344707,0.0,0.021043563899319072,0.01369403107788724,0.007426207120405568,"[0.0866328403045137, 1.2719057801813232, -1.0627636242929768, -0.06422771720503051, 1.503924751709878, 0.9417088640929628, 0.02164145555888773, 1.362973650422814, 1.2451251790621114]"
prism3,285,/home/humanoid/Programs/hand/results/phase1/run_20260413_pollard_multiscene_500_run2_refined/prism3/generated_mjcf/scene_prism3_tn0d0084p0d0191p0d0000_ip0d0129n0d0082p0d0000_mp0d0028p0d0260p0d0000.xml,prism_y0d0350,True,0.02,4.0,1.0,1.0,4.117518557555722,0.05150729573645407,4.0,0.007396180093203517,0.3416021239611573,0.003200685739931708,0.0,1.0,-0.008405726046085821,0.019073435037175346,0.0,0.012935896814125858,-0.00815431003527776,0.0,0.0027588733677943976,0.025973744589380045,0.0,"[0.0866328403045137, 1.2719057801813232, -1.0627636242929768, -0.06422771720503051, 1.503924751709878, 0.9417088640929628, 0.02164145555888773, 1.362973650422814, 1.2451251790621114]"
prism3,286,/home/humanoid/Programs/hand/results/phase1/run_20260413_pollard_multiscene_500_run2_refined/prism3/generated_mjcf/scene_prism3_tn0d0090p0d0210p0d0000_ip0d0172n0d0077p0d0024_mn0d0016p0d0134p0d0013.xml,prism_y0d0350,True,0.02,4.0,1.0,1.0,4.9073134472198054,0.05184378575446376,6.0,0.0060074251257754745,0.29434055510424845,0.008508853444872897,0.0,1.0,-0.009001236509937414,0.02100112448579263,0.0,0.01721810354913557,-0.0077228019599049815,0.0023983580415141703,-0.0016289059240286,0.013441268146257172,0.0012518988941378137,"[0.0866328403045137, 1.2719057801813232, -1.0627636242929768, -0.06422771720503051, 1.503924751709878, 0.9417088640929628, 0.02164145555888773, 1.362973650422814, 1.2451251790621114]"
prism3,287,/home/humanoid/Programs/hand/results/phase1/run_20260413_pollard_multiscene_500_run2_refined/prism3/generated_mjcf/scene_prism3_tp0d0063p0d0162p0d0105_ip0d0087n0d0222p0d0000_mp0d0182p0d0078p0d0000.xml,prism_y0d0350,True,0.02,4.0,1.0,1.0,3.9700046024209374,0.048977177100567974,4.0,0.0061155221146544335,0.528997202637362,0.008769328579004764,0.0,1.0,0.00633181775487205,0.016181871156262087,0.010455111243500573,0.008714684321061249,-0.022231677971918745,0.0,0.018187127618197026,0.007814269022686898,0.0,"[0.0866328403045137, 1.2719057801813232, -1.0627636242929768, -0.06422771720503051, 1.503924751709878, 0.9417088640929628, 0.02164145555888773, 1.362973650422814, 1.2451251790621114]"
prism3,288,/home/humanoid/Programs/hand/results/phase1/run_20260413_pollard_multiscene_500_run2_refined/prism3/generated_mjcf/scene_prism3_tp0d0115p0d0098p0d0000_ip0d0085n0d0127p0d0012_mp0d0144p0d0127p0d0000.xml,prism_y0d0350,True,0.02,4.0,1.0,1.0,4.04092744056538,0.05007396304486181,4.0,0.007620976554092457,0.3099021227831963,0.005301638313568363,0.0015103470498090826,1.0,0.011460868883163687,0.009762413078867424,0.0,0.008545145846799607,-0.012748572233989645,0.0011622812345442306,0.01444109386570142,0.01268352312304752,0.0,"[0.0866328403045137, 1.2719057801813232, -1.0627636242929768, -0.06422771720503051, 1.503924751709878, 0.9417088640929628, 0.02164145555888773, 1.362973650422814, 1.2451251790621114]"
prism3,289,/home/humanoid/Programs/hand/results/phase1/run_20260413_pollard_multiscene_500_run2_refined/prism3/generated_mjcf/scene_prism3_tn0d0039p0d0085p0d0000_ip0d0189n0d0223p0d0000_mp0d0199p0d0232p0d0057.xml,prism_y0d0350,True,0.02,4.0,1.0,1.0,4.974483978295867,0.05168780220595416,6.0,0.007017649351814957,0.08357374101903221,0.0013362898426739177,0.0,1.0,-0.003870887941646299,0.008510068425696645,2.147707110125921e-05,0.01885922406736481,-0.022279129763833748,0.0,0.01991354447765125,0.02322728882972728,0.005719401483067134,"[0.0866328403045137, 1.2719057801813232, -1.0627636242929768, -0.06422771720503051, 1.503924751709878, 0.9417088640929628, 0.02164145555888773, 1.362973650422814, 1.2451251790621114]"
prism3,290,/home/humanoid/Programs/hand/results/phase1/run_20260413_pollard_multiscene_500_run2_refined/prism3/generated_mjcf/scene_prism3_tp0d0051p0d0082p0d0000_ip0d0193n0d0070p0d0000_mp0d0115p0d0182p0d0087.xml,prism_y0d0350,True,0.02,4.0,1.0,1.0,4.475597422766616,0.04965444866027704,5.0,0.008007355394149615,0.129972648782361,0.0030992808048495063,0.000683498950694153,1.0,0.005055008645931079,0.008185205435119115,0.0,0.01934739605709703,-0.006966878221227218,0.0,0.011454308082746533,0.01816028704682608,0.00872756449685435,"[0.0866328403045137, 1.2719057801813232, -1.0627636242929768, -0.06422771720503051, 1.503924751709878, 0.9417088640929628, 0.02164145555888773, 1.362973650422814, 1.2451251790621114]"
prism3,291,/home/humanoid/Programs/hand/results/phase1/run_20260413_pollard_multiscene_500_run2_refined/prism3/generated_mjcf/scene_prism3_tp0d0012p0d0285p0d0057_ip0d0219n0d0161p0d0004_mp0d0131p0d0037p0d0009.xml,prism_y0d0350,True,0.02,4.0,1.0,1.0,4.10596769478364,0.05038121445983322,4.0,0.008212539242425937,0.1788984340280643,0.0018131715478664984,0.0002696615361885424,1.0,0.0011675607980005179,0.028504627364427576,0.005683773219259367,0.021921120502234,-0.0161110624862868,0.0003764815038989691,0.013144409882243904,0.003657131779178981,0.0009398724230132525,"[0.0866328403045137, 1.2719057801813232, -1.0627636242929768, -0.06422771720503051, 1.503924751709878, 0.9417088640929628, 0.02164145555888773, 1.362973650422814, 1.2451251790621114]"
prism3,292,/home/humanoid/Programs/hand/results/phase1/run_20260413_pollard_multiscene_500_run2_refined/prism3/generated_mjcf/scene_prism3_tn0d0007p0d0147p0d0028_ip0d0153n0d0082p0d0098_mp0d0092p0d0204p0d0000.xml,prism_y0d0350,True,0.02,4.0,1.0,1.0,4.108928919737227,0.0506697503508952,4.0,0.009645689622995867,0.25050429069002167,0.0011571056368662026,5.8557156117702847e-05,1.0,-0.0007184741400830547,0.01468910288390311,0.002774784877777955,0.015310920802742338,-0.008214660937163899,0.009752546374078058,0.009160696680455747,0.02038979583550536,0.0,"[0.0866328403045137, 1.2719057801813232, -1.0627636242929768, -0.06422771720503051, 1.503924751709878, 0.9417088640929628, 0.02164145555888773, 1.362973650422814, 1.2451251790621114]"
prism3,293,/home/humanoid/Programs/hand/results/phase1/run_20260413_pollard_multiscene_500_run2_refined/prism3/generated_mjcf/scene_prism3_tp0d0037p0d0112p0d0071_ip0d0175n0d0210p0d0102_mp0d0097p0d0252p0d0088.xml,prism_y0d0350,True,0.02,4.0,1.0,1.0,4.515332577534151,0.05303378010511539,5.0,0.006359146911024315,0.154999963914287,0.014286980144752286,0.0015966297389318346,1.0,0.0036691643059410285,0.011168031677914055,0.0071035064157143404,0.0174874152173558,-0.020957483863618308,0.010198679753684964,0.009739292327807252,0.02521756734457692,0.008761185573953705,"[0.0866328403045137, 1.2719057801813232, -1.0627636242929768, -0.06422771720503051, 1.503924751709878, 0.9417088640929628, 0.02164145555888773, 1.362973650422814, 1.2451251790621114]"
prism3,294,/home/humanoid/Programs/hand/results/phase1/run_20260413_pollard_multiscene_500_run2_refined/prism3/generated_mjcf/scene_prism3_tn0d0035p0d0255p0d0092_ip0d0220n0d0182p0d0069_mp0d0073p0d0049p0d0000.xml,prism_y0d0350,True,0.02,4.0,1.0,1.0,4.508637801954501,0.05014811268234258,5.0,0.007665446417469482,0.1358767411761467,0.0010165789446740525,0.00039452202067363773,1.0,-0.00351831237667977,0.025495617737661246,0.009156647508028078,0.021974611422218154,-0.01821873944673156,0.006935634176224802,0.007288732641296144,0.00493313314308352,0.0,"[0.0866328403045137, 1.2719057801813232, -1.0627636242929768, -0.06422771720503051, 1.503924751709878, 0.9417088640929628, 0.02164145555888773, 1.362973650422814, 1.2451251790621114]"
prism3,295,/home/humanoid/Programs/hand/results/phase1/run_20260413_pollard_multiscene_500_run2_refined/prism3/generated_mjcf/scene_prism3_tn0d0082p0d0253p0d0011_ip0d0016n0d0098p0d0000_mp0d0117p0d0116p0d0062.xml,prism_y0d0350,True,0.02,4.0,1.0,1.0,4.1065086473756685,0.04999211397490291,4.0,0.005955427742619233,0.15608501458061108,0.001315289012267241,0.0,1.0,-0.008178759147431179,0.025331847446003544,0.001087236685787342,0.0016476684369086982,-0.009787920706200234,0.0,0.011729520074112366,0.011553854061680871,0.006205224653234687,"[0.0866328403045137, 1.2719057801813232, -1.0627636242929768, -0.06422771720503051, 1.503924751709878, 0.9417088640929628, 0.02164145555888773, 1.362973650422814, 1.2451251790621114]"
prism3,296,/home/humanoid/Programs/hand/results/phase1/run_20260413_pollard_multiscene_500_run2_refined/prism3/generated_mjcf/scene_prism3_tn0d0002p0d0278p0d0000_ip0d0077n0d0177p0d0046_mp0d0203p0d0050p0d0020.xml,prism_y0d0350,True,0.02,4.0,1.0,1.0,3.9662171932175916,0.05135358651194274,4.0,0.008459879376019703,0.8085736770939739,0.008560391359606555,0.003465848018885817,1.0,-0.00015416017301602032,0.027773560750257678,0.0,0.007718942933178331,-0.017747004977604473,0.004648640008873196,0.02026589269461712,0.0049933181981731065,0.0020139967953742392,"[0.0866328403045137, 1.2719057801813232, -1.0627636242929768, -0.06422771720503051, 1.503924751709878, 0.9417088640929628, 0.02164145555888773, 1.362973650422814, 1.2451251790621114]"
prism3,297,/home/humanoid/Programs/hand/results/phase1/run_20260413_pollard_multiscene_500_run2_refined/prism3/generated_mjcf/scene_prism3_tp0d0008p0d0282p0d0000_ip0d0131n0d0171p0d0028_mp0d0177p0d0061p0d0041.xml,prism_y0d0350,True,0.02,4.0,1.0,1.0,4.043518201850408,0.05163241726839572,4.0,0.008540757018492705,0.5742065201668519,0.006054109255608891,0.0020066045789813025,1.0,0.000815779144444511,0.028211465826351836,0.0,0.013139347840734162,-0.01714673167083658,0.002803141927126355,0.0176961014806665,0.00614913157120987,0.0041202523988489136,"[0.0866328403045137, 1.2719057801813232, -1.0627636242929768, -0.06422771720503051, 1.503924751709878, 0.9417088640929628, 0.02164145555888773, 1.362973650422814, 1.2451251790621114]"
prism3,298,/home/humanoid/Programs/hand/results/phase1/run_20260413_pollard_multiscene_500_run2_refined/prism3/generated_mjcf/scene_prism3_tn0d0092p0d0267p0d0005_ip0d0126n0d0147p0d0000_mp0d0023p0d0230p0d0000.xml,prism_y0d0350,True,0.02,4.0,1.0,1.0,5.008795413293606,0.054630736852489,6.0,0.006196190558897429,0.27937037065797365,0.008163739971169745,0.0,1.0,-0.009185210927350775,0.0267390675875718,0.0005237638250960661,0.012588960759808959,-0.014729614321042037,0.0,0.0022573238581196304,0.022973699460279016,0.0,"[0.0866328403045137, 1.2719057801813232, -1.0627636242929768, -0.06422771720503051, 1.503924751709878, 0.9417088640929628, 0.02164145555888773, 1.362973650422814, 1.2451251790621114]"
prism3,299,/home/humanoid/Programs/hand/results/phase1/run_20260413_pollard_multiscene_500_run2_refined/prism3/generated_mjcf/scene_prism3_tp0d0025p0d0244p0d0000_ip0d0009n0d0205p0d0000_mp0d0095p0d0115p0d0000.xml,prism_y0d0350,True,0.02,4.0,1.0,1.0,2.1285515277269726,0.051588496381729146,4.0,0.008595929064042078,8.973116692930281,0.033234075692717385,0.03657720615450508,0.9055555555555556,0.0024576653184970546,0.02444624310989508,0.0,0.0008936360140304918,-0.02048514239956397,0.0,0.009460658705404006,0.011545983898964985,0.0,"[0.0866328403045137, 1.2719057801813232, -1.0627636242929768, -0.06422771720503051, 1.503924751709878, 0.9417088640929628, 0.02164145555888773, 1.362973650422814, 1.2451251790621114]"
prism3,300,/home/humanoid/Programs/hand/results/phase1/run_20260413_pollard_multiscene_500_run2_refined/prism3/generated_mjcf/scene_prism3_tp0d0094p0d0142p0d0000_ip0d0056n0d0181p0d0000_mp0d0037p0d0114p0d0014.xml,prism_y0d0350,True,0.02,4.0,1.0,1.0,4.111654483449272,0.04974134115479785,4.0,0.005904984787426341,0.08408939944648207,0.0004588431716057305,0.00017633487059945385,1.0,0.009431031573822978,0.014164555004429542,0.0,0.00556078548670369,-0.018113495420479627,0.0,0.0036790674553866948,0.011413671818710076,0.0013515823514384066,"[0.0866328403045137, 1.2719057801813232, -1.0627636242929768, -0.06422771720503051, 1.503924751709878, 0.9417088640929628, 0.02164145555888773, 1.362973650422814, 1.2451251790621114]"
prism3,301,/home/humanoid/Programs/hand/results/phase1/run_20260413_pollard_multiscene_500_run2_refined/prism3/generated_mjcf/scene_prism3_tn0d0104p0d0096p0d0000_ip0d0086n0d0117p0d0000_mn0d0013p0d0246p0d0000.xml,prism_y0d0350,True,0.02,4.0,1.0,1.0,4.08814306779013,0.05004570063875048,4.0,0.011114778141590271,0.26157258957323165,0.00033183497449524603,0.0,1.0,-0.010382832062159196,0.009638444673624548,0.0,0.008577721457837703,-0.011651469081633956,0.0,-0.0013082337057049656,0.024552623259387223,0.0,"[0.0866328403045137, 1.2719057801813232, -1.0627636242929768, -0.06422771720503051, 1.503924751709878, 0.9417088640929628, 0.02164145555888773, 1.362973650422814, 1.2451251790621114]"
prism3,302,/home/humanoid/Programs/hand/results/phase1/run_20260413_pollard_multiscene_500_run2_refined/prism3/generated_mjcf/scene_prism3_tp0d0000p0d0103p0d0000_ip0d0142n0d0186p0d0027_mp0d0106p0d0161p0d0096.xml,prism_y0d0350,True,0.02,4.0,1.0,1.0,4.521816314212313,0.05047057838023926,5.0,0.00730072088397407,0.06772148811028461,0.0024093854589249454,0.0004531626131683286,1.0,1.52762690730536e-05,0.010318728597676494,0.0,0.014179465942471577,-0.018579129172113917,0.0026778249323777814,0.010603298595188203,0.01606071650706425,0.009598355773355983,"[0.0866328403045137, 1.2719057801813232, -1.0627636242929768, -0.06422771720503051, 1.503924751709878, 0.9417088640929628, 0.02164145555888773, 1.362973650422814, 1.2451251790621114]"
prism3,303,/home/humanoid/Programs/hand/results/phase1/run_20260413_pollard_multiscene_500_run2_refined/prism3/generated_mjcf/scene_prism3_tn0d0006p0d0299p0d0024_ip0d0158n0d0130p0d0032_mp0d0196p0d0175p0d0047.xml,prism_y0d0350,True,0.02,4.0,1.0,1.0,4.62300640319212,0.05508960247335818,5.0,0.00678487848318647,0.3705280705996979,0.005996785969848234,0.0,1.0,-0.0006492769847098907,0.02993058211149897,0.0024320889008549503,0.015814892357657186,-0.012996192315159852,0.0032236038815142646,0.01957732412686703,0.017459229331558596,0.004744712311283861,"[0.0866328403045137, 1.2719057801813232, -1.0627636242929768, -0.06422771720503051, 1.503924751709878, 0.9417088640929628, 0.02164145555888773, 1.362973650422814, 1.2451251790621114]"
prism3,304,/home/humanoid/Programs/hand/results/phase1/run_20260413_pollard_multiscene_500_run2_refined/prism3/generated_mjcf/scene_prism3_tn0d0073p0d0099p0d0109_ip0d0024n0d0168p0d0000_mp0d0176p0d0104p0d0000.xml,prism_y0d0350,True,0.02,4.0,1.0,1.0,4.9007191181180785,0.05085601010514539,6.0,0.006532512570715858,0.10859804666664606,0.00813343180179203,9.049271748585996e-05,1.0,-0.007345071008401084,0.009886281658711714,0.010869095264022344,0.0023958161156247305,-0.016778462015203797,0.0,0.017608854890141502,0.010419729150589387,0.0,"[0.0866328403045137, 1.2719057801813232, -1.0627636242929768, -0.06422771720503051, 1.503924751709878, 0.9417088640929628, 0.02164145555888773, 1.362973650422814, 1.2451251790621114]"
prism3,305,/home/humanoid/Programs/hand/results/phase1/run_20260413_pollard_multiscene_500_run2_refined/prism3/generated_mjcf/scene_prism3_tn0d0017p0d0278p0d0000_ip0d0108n0d0074p0d0000_mp0d0189p0d0124p0d0050.xml,prism_y0d0350,True,0.02,4.0,1.0,1.0,4.481888668641408,0.050083985360800665,5.0,0.005906732027929144,0.3175099478612737,0.0019351437919278187,0.0,1.0,-0.0017408261094735249,0.02780418736313567,0.0,0.010806585740967002,-0.007403030916256078,0.0,0.018940815263508597,0.012449759166334423,0.004967160545407856,"[0.0866328403045137, 1.2719057801813232, -1.0627636242929768, -0.06422771720503051, 1.503924751709878, 0.9417088640929628, 0.02164145555888773, 1.362973650422814, 1.2451251790621114]"
prism3,306,/home/humanoid/Programs/hand/results/phase1/run_20260413_pollard_multiscene_500_run2_refined/prism3/generated_mjcf/scene_prism3_tn0d0079p0d0113p0d0032_ip0d0083n0d0113p0d0028_mp0d0048p0d0150p0d0082.xml,prism_y0d0350,True,0.02,4.0,1.0,1.0,4.478918939217782,0.04970355639020727,5.0,0.007349187435885452,0.10531018159207534,0.001962828959615418,0.0015361382142665275,1.0,-0.007949520028345206,0.011271730882256381,0.0032166078755245537,0.008321369537602857,-0.011341325591897251,0.002798662953598284,0.004750780215009746,0.015028930993629836,0.008184510983442563,"[0.0866328403045137, 1.2719057801813232, -1.0627636242929768, -0.06422771720503051, 1.503924751709878, 0.9417088640929628, 0.02164145555888773, 1.362973650422814, 1.2451251790621114]"
prism3,307,/home/humanoid/Programs/hand/results/phase1/run_20260413_pollard_multiscene_500_run2_refined/prism3/generated_mjcf/scene_prism3_tn0d0098p0d0217p0d0079_in0d0015n0d0071p0d0000_mp0d0060p0d0034p0d0000.xml,prism_y0d0350,True,0.02,4.0,1.0,1.0,4.079506973360389,0.048731632187704516,4.0,0.006050872004935484,0.037077947694330975,0.0012987158471883102,5.37018301765696e-05,1.0,-0.009827285635849593,0.02170943168948314,0.007877523590710374,-0.0015025136139426767,-0.007128947369585482,0.0,0.005975776518227791,0.0033902886812089104,0.0,"[0.0866328403045137, 1.2719057801813232, -1.0627636242929768, -0.06422771720503051, 1.503924751709878, 0.9417088640929628, 0.02164145555888773, 1.362973650422814, 1.2451251790621114]"
prism3,308,/home/humanoid/Programs/hand/results/phase1/run_20260413_pollard_multiscene_500_run2_refined/prism3/generated_mjcf/scene_prism3_tp0d0080p0d0099p0d0100_ip0d0083n0d0124p0d0000_mp0d0204p0d0081p0d0067.xml,prism_y0d0350,True,0.02,4.0,1.0,1.0,4.89906171070128,0.05019844170235634,6.0,0.0071119307569505125,0.1323331504415729,0.0033875162363730645,0.0002904014485680395,1.0,0.008045744352287637,0.009924409482811916,0.010004463148808145,0.008321769141601697,-0.012432880866341435,0.0,0.020448835772659782,0.008050915200431705,0.006698114743253256,"[0.0866328403045137, 1.2719057801813232, -1.0627636242929768, -0.06422771720503051, 1.503924751709878, 0.9417088640929628, 0.02164145555888773, 1.362973650422814, 1.2451251790621114]"
prism3,309,/home/humanoid/Programs/hand/results/phase1/run_20260413_pollard_multiscene_500_run2_refined/prism3/generated_mjcf/scene_prism3_tp0d0006p0d0156p0d0043_ip0d0170n0d0032p0d0000_mn0d0016p0d0098p0d0000.xml,prism_y0d0350,True,0.02,4.0,1.0,1.0,4.517678899813762,0.04961371398607558,5.0,0.00593729300461324,0.02372643358282969,0.00039124722679753437,8.500460762055073e-05,1.0,0.0006324874825023377,0.015565669750556,0.004280500788737374,0.01702967036535663,-0.003212690244973523,0.0,-0.0015568809700233412,0.009816366677282138,0.0,"[0.0866328403045137, 1.2719057801813232, -1.0627636242929768, -0.06422771720503051, 1.503924751709878, 0.9417088640929628, 0.02164145555888773, 1.362973650422814, 1.2451251790621114]"
prism3,310,/home/humanoid/Programs/hand/results/phase1/run_20260413_pollard_multiscene_500_run2_refined/prism3/generated_mjcf/scene_prism3_tn0d0056p0d0125p0d0000_ip0d0155n0d0157p0d0021_mp0d0112p0d0229p0d0040.xml,prism_y0d0350,True,0.02,4.0,1.0,1.0,4.128853407519474,0.05080953541444314,4.0,0.0072212473206333646,0.1632177098990373,0.001759196809985739,0.0,1.0,-0.005563163096960496,0.012532759528698492,0.0,0.015543933693043676,-0.01568055041769157,0.002085027202804091,0.011231695665054458,0.022883577377717644,0.003994476460303192,"[0.0866328403045137, 1.2719057801813232, -1.0627636242929768, -0.06422771720503051, 1.503924751709878, 0.9417088640929628, 0.02164145555888773, 1.362973650422814, 1.2451251790621114]"
prism3,311,/home/humanoid/Programs/hand/results/phase1/run_20260413_pollard_multiscene_500_run2_refined/prism3/generated_mjcf/scene_prism3_tp0d0077p0d0213p0d0000_ip0d0067n0d0177p0d0000_mp0d0136p0d0232p0d0066.xml,prism_y0d0350,True,0.02,4.0,1.0,1.0,4.474183734520183,0.05285237249124133,5.0,0.005964550513302501,0.46470072118541095,0.015669182244807827,0.0,1.0,0.007722806132150154,0.0212672107537325,0.0,0.006708439125286188,-0.01768278883160991,0.0,0.013597774653776856,0.02318175674415248,0.006585795630331487,"[0.0866328403045137, 1.2719057801813232, -1.0627636242929768, -0.06422771720503051, 1.503924751709878, 0.9417088640929628, 0.02164145555888773, 1.362973650422814, 1.2451251790621114]"
prism3,312,/home/humanoid/Programs/hand/results/phase1/run_20260413_pollard_multiscene_500_run2_refined/prism3/generated_mjcf/scene_prism3_tn0d0047p0d0189p0d0000_ip0d0068n0d0135p0d0117_mn0d0001p0d0131p0d0100.xml,prism_y0d0350,True,0.02,4.0,1.0,1.0,4.056864144621484,0.05186074710731724,4.0,0.00594421015655044,0.5229071180359819,0.011322919352686924,0.0,1.0,-0.004651619836714396,0.01889458981639476,0.0,0.006801718080759659,-0.013513747501689115,0.011741231741499061,-6.2609699756749e-05,0.013108661014776889,0.009980013606161506,"[0.0866328403045137, 1.2719057801813232, -1.0627636242929768, -0.06422771720503051, 1.503924751709878, 0.9417088640929628, 0.02164145555888773, 1.362973650422814, 1.2451251790621114]"
prism3,313,/home/humanoid/Programs/hand/results/phase1/run_20260413_pollard_multiscene_500_run2_refined/prism3/generated_mjcf/scene_prism3_tp0d0019p0d0166p0d0062_ip0d0215n0d0063p0d0099_mp0d0115p0d0105p0d0000.xml,prism_y0d0350,True,0.02,4.0,1.0,1.0,4.5087419968313815,0.04959224097645641,5.0,0.006014815880731336,0.050236959177112024,0.0010732042846615625,8.183633321610928e-05,1.0,0.00188150996737463,0.016611986811592466,0.006167499459807459,0.021545797553132913,-0.0062979771976450025,0.009870655241977857,0.011538791927578068,0.010523092295829746,0.0,"[0.0866328403045137, 1.2719057801813232, -1.0627636242929768, -0.06422771720503051, 1.503924751709878, 0.9417088640929628, 0.02164145555888773, 1.362973650422814, 1.2451251790621114]"
prism3,314,/home/humanoid/Programs/hand/results/phase1/run_20260413_pollard_multiscene_500_run2_refined/prism3/generated_mjcf/scene_prism3_tp0d0106p0d0127p0d0071_ip0d0123n0d0145p0d0000_mn0d0016p0d0250p0d0015.xml,prism_y0d0350,True,0.02,4.0,1.0,1.0,3.999326477316898,0.048762952087257665,4.0,0.011250265224277488,0.13060616519363794,0.008611627543829475,0.0011346354372119283,1.0,0.010622972902620723,0.012664110679653057,0.0070910251678643135,0.01225325458228169,-0.014536863541682501,0.0,-0.0016097669568859666,0.025039082473460206,0.001512354160861356,"[0.0866328403045137, 1.2719057801813232, -1.0627636242929768, -0.06422771720503051, 1.503924751709878, 0.9417088640929628, 0.02164145555888773, 1.362973650422814, 1.2451251790621114]"
prism3,315,/home/humanoid/Programs/hand/results/phase1/run_20260413_pollard_multiscene_500_run2_refined/prism3/generated_mjcf/scene_prism3_tp0d0064p0d0238p0d0094_ip0d0005n0d0077p0d0049_mp0d0093p0d0079p0d0000.xml,prism_y0d0350,True,0.02,4.0,1.0,1.0,4.085660829307947,0.04953330547419338,4.0,0.006037929810905383,0.14385849518992672,0.002391704731420351,0.0,1.0,0.0064418262025862545,0.02382512857639519,0.00940930945286447,0.00048046698538742154,-0.007686655858078829,0.0048819928150873465,0.009300887477728203,0.007930482920113783,0.0,"[0.0866328403045137, 1.2719057801813232, -1.0627636242929768, -0.06422771720503051, 1.503924751709878, 0.9417088640929628, 0.02164145555888773, 1.362973650422814, 1.2451251790621114]"
prism3,316,/home/humanoid/Programs/hand/results/phase1/run_20260413_pollard_multiscene_500_run2_refined/prism3/generated_mjcf/scene_prism3_tn0d0115p0d0253p0d0117_ip0d0184n0d0124p0d0051_mp0d0057p0d0116p0d0000.xml,prism_y0d0350,True,0.02,4.0,1.0,1.0,4.956490725765274,0.05095442063831543,6.0,0.007134642254450881,0.05688479448688172,0.0006853321489719578,0.0,1.0,-0.01153915658107725,0.02525757396028391,0.011696646168133377,0.01838982063075531,-0.012416862666044394,0.0051363310784403,0.005702156030744071,0.011579754501194703,0.0,"[0.0866328403045137, 1.2719057801813232, -1.0627636242929768, -0.06422771720503051, 1.503924751709878, 0.9417088640929628, 0.02164145555888773, 1.362973650422814, 1.2451251790621114]"
prism3,317,/home/humanoid/Programs/hand/results/phase1/run_20260413_pollard_multiscene_500_run2_refined/prism3/generated_mjcf/scene_prism3_tp0d0067p0d0165p0d0025_ip0d0171n0d0020p0d0048_mp0d0109p0d0229p0d0000.xml,prism_y0d0350,True,0.02,4.0,1.0,1.0,4.055261203449603,0.05004150306051586,4.0,0.01049164636491636,0.36632873292599943,0.0024688564382069453,0.00045380519753979165,1.0,0.00669673489646572,0.016497317630039653,0.002456004933970593,0.017054913832154163,-0.00197590730264491,0.004771513838172623,0.01091378149096391,0.022875321539631142,0.0,"[0.0866328403045137, 1.2719057801813232, -1.0627636242929768, -0.06422771720503051, 1.503924751709878, 0.9417088640929628, 0.02164145555888773, 1.362973650422814, 1.2451251790621114]"
prism3,318,/home/humanoid/Programs/hand/results/phase1/run_20260413_pollard_multiscene_500_run2_refined/prism3/generated_mjcf/scene_prism3_tn0d0008p0d0285p0d0000_ip0d0181n0d0055p0d0113_mp0d0049p0d0175p0d0094.xml,prism_y0d0350,True,0.02,4.0,1.0,1.0,4.843475393951321,0.05208531665519005,6.0,0.006174279764524233,1.0068271791032208,0.002689675430966502,0.0,1.0,-0.0007991071536155043,0.028521730512058856,0.0,0.018104248858999188,-0.0055495038070125634,0.011304519771684587,0.004939634569660372,0.01750550322546427,0.00944290843747896,"[0.0866328403045137, 1.2719057801813232, -1.0627636242929768, -0.06422771720503051, 1.503924751709878, 0.9417088640929628, 0.02164145555888773, 1.362973650422814, 1.2451251790621114]"
prism3,319,/home/humanoid/Programs/hand/results/phase1/run_20260413_pollard_multiscene_500_run2_refined/prism3/generated_mjcf/scene_prism3_tn0d0114p0d0278p0d0076_ip0d0136n0d0104p0d0110_mp0d0075p0d0127p0d0000.xml,prism_y0d0350,True,0.02,4.0,1.0,1.0,4.949197177113693,0.05128417252313488,6.0,0.007197235131155578,0.1577608392892641,0.001281710840054527,0.0,1.0,-0.011445896831030486,0.027757158118331206,0.007576657359126732,0.013615579827387526,-0.010422462196609672,0.010966467574557982,0.007487582063668523,0.012685536033825195,0.0,"[0.0866328403045137, 1.2719057801813232, -1.0627636242929768, -0.06422771720503051, 1.503924751709878, 0.9417088640929628, 0.02164145555888773, 1.362973650422814, 1.2451251790621114]"
prism3,320,/home/humanoid/Programs/hand/results/phase1/run_20260413_pollard_multiscene_500_run2_refined/prism3/generated_mjcf/scene_prism3_tp0d0001p0d0249p0d0000_ip0d0084n0d0198p0d0012_mp0d0031p0d0182p0d0115.xml,prism_y0d0350,True,0.02,4.0,1.0,1.0,4.431951723651363,0.05580545564100658,5.0,0.006343458407467734,1.2828935275279347,0.017859135934976993,0.0007469551858233087,1.0,8.954728212805067e-05,0.024914219423403595,0.0,0.008395253473563848,-0.019782085431134792,0.001188773655904564,0.003118490355633805,0.01823278586840313,0.011516234631798659,"[0.0866328403045137, 1.2719057801813232, -1.0627636242929768, -0.06422771720503051, 1.503924751709878, 0.9417088640929628, 0.02164145555888773, 1.362973650422814, 1.2451251790621114]"
prism3,321,/home/humanoid/Programs/hand/results/phase1/run_20260413_pollard_multiscene_500_run2_refined/prism3/generated_mjcf/scene_prism3_tn0d0013p0d0117p0d0118_ip0d0074n0d0123p0d0090_mp0d0150p0d0145p0d0087.xml,prism_y0d0350,True,0.02,4.0,1.0,1.0,4.5542402886277555,0.051286680187697414,5.0,0.007298699328083508,0.09242997709116342,0.002055270453635474,0.0,1.0,-0.001308658303988297,0.011653899807619073,0.011821212937761724,0.007362602192389317,-0.012304450227773395,0.008964639002801485,0.015002142222784778,0.014468169728742031,0.008710735090992145,"[0.0866328403045137, 1.2719057801813232, -1.0627636242929768, -0.06422771720503051, 1.503924751709878, 0.9417088640929628, 0.02164145555888773, 1.362973650422814, 1.2451251790621114]"
prism3,322,/home/humanoid/Programs/hand/results/phase1/run_20260413_pollard_multiscene_500_run2_refined/prism3/generated_mjcf/scene_prism3_tn0d0060p0d0124p0d0036_ip0d0072n0d0115p0d0060_mp0d0093p0d0259p0d0000.xml,prism_y0d0350,True,0.02,4.0,1.0,1.0,4.107205533093231,0.05024487135549535,4.0,0.01097119924914774,0.14601434101638947,0.0009545098320582993,0.0001494463088335396,1.0,-0.006037883019561673,0.012360607789034299,0.003646154238670103,0.007169802234934061,-0.011463664595349612,0.0060301678899676615,0.009329889980337522,0.025854569144246775,0.0,"[0.0866328403045137, 1.2719057801813232, -1.0627636242929768, -0.06422771720503051, 1.503924751709878, 0.9417088640929628, 0.02164145555888773, 1.362973650422814, 1.2451251790621114]"
prism3,323,/home/humanoid/Programs/hand/results/phase1/run_20260413_pollard_multiscene_500_run2_refined/prism3/generated_mjcf/scene_prism3_tp0d0081p0d0269p0d0000_ip0d0112n0d0055p0d0000_mp0d0096p0d0212p0d0087.xml,prism_y0d0350,True,0.02,4.0,1.0,1.0,4.091636694953851,0.049495012462366456,4.0,0.005942394854439546,0.1281337382144491,0.0014496730237469847,7.382105378718473e-05,1.0,0.00813622723758739,0.02693502410071081,0.0,0.01122972183519072,-0.005485220463176647,0.0,0.009644899104903461,0.021191839480777783,0.008677349853667724,"[0.0866328403045137, 1.2719057801813232, -1.0627636242929768, -0.06422771720503051, 1.503924751709878, 0.9417088640929628, 0.02164145555888773, 1.362973650422814, 1.2451251790621114]"
prism3,324,/home/humanoid/Programs/hand/results/phase1/run_20260413_pollard_multiscene_500_run2_refined/prism3/generated_mjcf/scene_prism3_tn0d0026p0d0281p0d0075_ip0d0008n0d0082p0d0078_mp0d0181p0d0133p0d0000.xml,prism_y0d0350,True,0.02,4.0,1.0,1.0,4.035561182531552,0.04999273279587428,4.0,0.006132089654681303,0.5411056363733969,0.0034590734264460478,0.0,1.0,-0.0025535037194383426,0.028090796303613122,0.007496013422198744,0.0008469494520518955,-0.008247890943094081,0.007770600095958501,0.018089058927950784,0.013335725450952287,0.0,"[0.0866328403045137, 1.2719057801813232, -1.0627636242929768, -0.06422771720503051, 1.503924751709878, 0.9417088640929628, 0.02164145555888773, 1.362973650422814, 1.2451251790621114]"
prism3,325,/home/humanoid/Programs/hand/results/phase1/run_20260413_pollard_multiscene_500_run2_refined/prism3/generated_mjcf/scene_prism3_tn0d0079p0d0285p0d0000_ip0d0173n0d0097p0d0000_mp0d0081p0d0227p0d0089.xml,prism_y0d0350,True,0.02,4.0,1.0,1.0,4.5651030815498395,0.05317085347804358,5.0,0.00598582560835348,0.22556229792285915,0.008345132379424946,0.0,1.0,-0.007900998183171592,0.028461975548615688,0.0,0.0173396267945565,-0.009702377578495812,0.0,0.008072663714616258,0.022662028751065037,0.00888291847390046,"[0.0866328403045137, 1.2719057801813232, -1.0627636242929768, -0.06422771720503051, 1.503924751709878, 0.9417088640929628, 0.02164145555888773, 1.362973650422814, 1.2451251790621114]"
prism3,326,/home/humanoid/Programs/hand/results/phase1/run_20260413_pollard_multiscene_500_run2_refined/prism3/generated_mjcf/scene_prism3_tn0d0035p0d0267p0d0000_ip0d0107n0d0210p0d0111_mp0d0148p0d0118p0d0111.xml,prism_y0d0350,True,0.02,4.0,1.0,1.0,4.388708499758595,0.05054497959487657,5.0,0.0070571132042843475,0.9795185695283284,0.0032206290373777862,0.0,1.0,-0.003533623127589605,0.026731347887872518,0.0,0.010690380991547288,-0.020978203527313694,0.011098976169596233,0.014760888567753044,0.011807899356923335,0.011073309227867714,"[0.0866328403045137, 1.2719057801813232, -1.0627636242929768, -0.06422771720503051, 1.503924751709878, 0.9417088640929628, 0.02164145555888773, 1.362973650422814, 1.2451251790621114]"
prism3,327,/home/humanoid/Programs/hand/results/phase1/run_20260413_pollard_multiscene_500_run2_refined/prism3/generated_mjcf/scene_prism3_tn0d0096p0d0188p0d0000_ip0d0218n0d0222p0d0007_mp0d0033p0d0200p0d0000.xml,prism_y0d0350,True,0.02,4.0,1.0,1.0,5.018714520465427,0.054310007141468705,6.0,0.00620407972996979,0.24370534106151198,0.005528628144468395,0.0,1.0,-0.009595366623260122,0.01878011746178313,0.0,0.021818345211544216,-0.022176840567284622,0.0006623215727734454,0.003348031358619709,0.0199913049273912,0.0,"[0.0866328403045137, 1.2719057801813232, -1.0627636242929768, -0.06422771720503051, 1.503924751709878, 0.9417088640929628, 0.02164145555888773, 1.362973650422814, 1.2451251790621114]"
prism3,328,/home/humanoid/Programs/hand/results/phase1/run_20260413_pollard_multiscene_500_run2_refined/prism3/generated_mjcf/scene_prism3_tp0d0085p0d0252p0d0063_ip0d0056n0d0205p0d0000_mn0d0011p0d0091p0d0027.xml,prism_y0d0350,True,0.02,4.0,1.0,1.0,-1.359689619858118,0.04915281918105073,4.0,0.010008676766442114,30.83183781347333,0.032340544263630984,0.0469520185234539,0.9027777777777778,0.008470483460705676,0.025186874191919954,0.00627082810878353,0.005553166882678232,-0.02054841864137812,0.0,-0.001101369602705099,0.009143494418454811,0.0027429297867117373,"[0.0866328403045137, 1.2719057801813232, -1.0627636242929768, -0.06422771720503051, 1.503924751709878, 0.9417088640929628, 0.02164145555888773, 1.362973650422814, 1.2451251790621114]"
prism3,329,/home/humanoid/Programs/hand/results/phase1/run_20260413_pollard_multiscene_500_run2_refined/prism3/generated_mjcf/scene_prism3_tn0d0072p0d0089p0d0015_ip0d0167n0d0198p0d0102_mp0d0062p0d0160p0d0032.xml,prism_y0d0350,True,0.02,4.0,1.0,1.0,4.4517224608643335,0.05115835938411578,5.0,0.0064975612228316175,0.17643094719245853,0.014637797338754503,0.0009611307518883339,1.0,-0.0071564242006762905,0.00892790557378054,0.001520985217539749,0.016732199478996186,-0.019760480751055125,0.010155262375305212,0.0062015232466851675,0.01602870792153597,0.003191581378922779,"[0.0866328403045137, 1.2719057801813232, -1.0627636242929768, -0.06422771720503051, 1.503924751709878, 0.9417088640929628, 0.02164145555888773, 1.362973650422814, 1.2451251790621114]"
prism3,330,/home/humanoid/Programs/hand/results/phase1/run_20260413_pollard_multiscene_500_run2_refined/prism3/generated_mjcf/scene_prism3_tp0d0012p0d0220p0d0000_ip0d0100n0d0063p0d0000_mp0d0203p0d0048p0d0067.xml,prism_y0d0350,True,0.02,4.0,1.0,1.0,4.510091945354312,0.0495439603258344,5.0,0.005954209752272317,0.02537591487570038,0.0011544525718283597,0.00010876199025182387,1.0,0.0011619052935394787,0.02198154952224422,0.0,0.010006750836922313,-0.00630390758965616,0.0,0.020289449585461555,0.00482267330029755,0.0067198073775174595,"[0.0866328403045137, 1.2719057801813232, -1.0627636242929768, -0.06422771720503051, 1.503924751709878, 0.9417088640929628, 0.02164145555888773, 1.362973650422814, 1.2451251790621114]"
prism3,331,/home/humanoid/Programs/hand/results/phase1/run_20260413_pollard_multiscene_500_run2_refined/prism3/generated_mjcf/scene_prism3_tn0d0027p0d0150p0d0084_ip0d0177n0d0097p0d0000_mp0d0170p0d0069p0d0000.xml,prism_y0d0350,True,0.02,4.0,1.0,1.0,4.116452619216765,0.04958133159082799,4.0,0.006088828707690077,0.017122063125893996,0.000330689504657166,0.00018032354583398524,1.0,-0.002713056137300246,0.015047473530995125,0.008388906810753879,0.017701611177966994,-0.009731410258570987,0.0,0.016950502084496825,0.006916460763485068,0.0,"[0.0866328403045137, 1.2719057801813232, -1.0627636242929768, -0.06422771720503051, 1.503924751709878, 0.9417088640929628, 0.02164145555888773, 1.362973650422814, 1.2451251790621114]"
prism3,332,/home/humanoid/Programs/hand/results/phase1/run_20260413_pollard_multiscene_500_run2_refined/prism3/generated_mjcf/scene_prism3_tn0d0019p0d0118p0d0000_ip0d0068n0d0209p0d0000_mp0d0212p0d0050p0d0000.xml,prism_y0d0350,True,0.02,4.0,1.0,1.0,4.393534392231848,0.05001489859607133,5.0,0.005975492454555391,0.8007361209014568,0.0041542759310532265,0.0,1.0,-0.001889452119322092,0.01181647096069391,0.0,0.006823353134024076,-0.02085869245877052,0.0,0.02117244026049945,0.004950164100262918,0.0,"[0.0866328403045137, 1.2719057801813232, -1.0627636242929768, -0.06422771720503051, 1.503924751709878, 0.9417088640929628, 0.02164145555888773, 1.362973650422814, 1.2451251790621114]"
prism3,333,/home/humanoid/Programs/hand/results/phase1/run_20260413_pollard_multiscene_500_run2_refined/prism3/generated_mjcf/scene_prism3_tp0d0112p0d0300p0d0000_ip0d0005n0d0097p0d0000_mp0d0208p0d0064p0d0067.xml,prism_y0d0350,True,0.02,4.0,1.0,1.0,4.84648269172274,0.04983700469669798,6.0,0.006135574330884467,0.4589484702631591,0.0027831755767411515,0.0,1.0,0.011202755167296092,0.03,0.0,0.0004669455567414202,-0.009692153771668413,0.0,0.020849368803635138,0.006380048934200433,0.00667720340698667,"[0.0866328403045137, 1.2719057801813232, -1.0627636242929768, -0.06422771720503051, 1.503924751709878, 0.9417088640929628, 0.02164145555888773, 1.362973650422814, 1.2451251790621114]"
prism3,334,/home/humanoid/Programs/hand/results/phase1/run_20260413_pollard_multiscene_500_run2_refined/prism3/generated_mjcf/scene_prism3_tn0d0114p0d0130p0d0000_ip0d0019n0d0052p0d0000_mp0d0091p0d0064p0d0066.xml,prism_y0d0350,True,0.02,4.0,1.0,1.0,4.983193435931458,0.05301225257508332,6.0,0.006194820481274039,0.25093852313881543,0.0037008307938478408,0.0,1.0,-0.01140397248650568,0.012983670777011624,0.0,0.0019462550481140154,-0.005220710672423688,0.0,0.009057911829031907,0.006404210442186477,0.006624372677912969,"[0.0866328403045137, 1.2719057801813232, -1.0627636242929768, -0.06422771720503051, 1.503924751709878, 0.9417088640929628, 0.02164145555888773, 1.362973650422814, 1.2451251790621114]"
prism3,335,/home/humanoid/Programs/hand/results/phase1/run_20260413_pollard_multiscene_500_run2_refined/prism3/generated_mjcf/scene_prism3_tp0d0041p0d0092p0d0000_ip0d0130n0d0142p0d0000_mp0d0131p0d0245p0d0000.xml,prism_y0d0350,True,0.02,4.0,1.0,1.0,4.057148315951342,0.0504546235588654,4.0,0.010820441667565425,0.37060723089600933,0.004556504771994917,0.00034937600062040497,1.0,0.004110510184092569,0.009176057139934891,0.0,0.012993713209620113,-0.014159849786857314,0.0,0.013111717987378804,0.02452268766556777,0.0,"[0.0866328403045137, 1.2719057801813232, -1.0627636242929768, -0.06422771720503051, 1.503924751709878, 0.9417088640929628, 0.02164145555888773, 1.362973650422814, 1.2451251790621114]"
prism3,336,/home/humanoid/Programs/hand/results/phase1/run_20260413_pollard_multiscene_500_run2_refined/prism3/generated_mjcf/scene_prism3_tn0d0066p0d0208p0d0023_ip0d0030n0d0067p0d0010_mp0d0138p0d0142p0d0000.xml,prism_y0d0350,True,0.02,4.0,1.0,1.0,4.669665678107579,0.05039342963533863,6.0,0.006008685861783061,1.5574381780095483,0.008078543450712546,0.0,1.0,-0.006642095641111072,0.02081411063117996,0.002308337593864543,0.0030298237844472537,-0.0067284737315375116,0.0010158043909346739,0.013761813687847584,0.014173649887952638,0.0,"[0.0866328403045137, 1.2719057801813232, -1.0627636242929768, -0.06422771720503051, 1.503924751709878, 0.9417088640929628, 0.02164145555888773, 1.362973650422814, 1.2451251790621114]"
prism3,337,/home/humanoid/Programs/hand/results/phase1/run_20260413_pollard_multiscene_500_run2_refined/prism3/generated_mjcf/scene_prism3_tn0d0070p0d0294p0d0000_ip0d0040n0d0156p0d0114_mp0d0112p0d0068p0d0081.xml,prism_y0d0350,True,0.02,4.0,1.0,1.0,4.353612757341338,0.05243021069889865,5.0,0.007602116494088239,1.5469264016528133,0.004133786044181974,0.0007832256349104144,1.0,-0.006956747186821582,0.029398900065403025,0.0,0.003984885547102787,-0.015574913925978328,0.01135327078186936,0.0112451678372824,0.00680799543957882,0.00814876798180321,"[0.0866328403045137, 1.2719057801813232, -1.0627636242929768, -0.06422771720503051, 1.503924751709878, 0.9417088640929628, 0.02164145555888773, 1.362973650422814, 1.2451251790621114]"
prism3,338,/home/humanoid/Programs/hand/results/phase1/run_20260413_pollard_multiscene_500_run2_refined/prism3/generated_mjcf/scene_prism3_tn0d0050p0d0085p0d0056_ip0d0211n0d0028p0d0000_mp0d0091p0d0079p0d0000.xml,prism_y0d0350,True,0.02,4.0,1.0,1.0,4.2660364373682045,0.051171604596993076,5.0,0.006247899386955395,1.2117189294571908,0.012230215314633744,0.004777899453855122,1.0,-0.005031818470075887,0.008502763393004273,0.00557479513561333,0.02107996123916827,-0.002824361587778884,0.0,0.009085392487968063,0.007881064450959579,0.0,"[0.0866328403045137, 1.2719057801813232, -1.0627636242929768, -0.06422771720503051, 1.503924751709878, 0.9417088640929628, 0.02164145555888773, 1.362973650422814, 1.2451251790621114]"
prism3,339,/home/humanoid/Programs/hand/results/phase1/run_20260413_pollard_multiscene_500_run2_refined/prism3/generated_mjcf/scene_prism3_tn0d0075p0d0268p0d0000_ip0d0212n0d0117p0d0017_mp0d0169p0d0196p0d0087.xml,prism_y0d0350,True,0.02,4.0,1.0,1.0,4.106220452005738,0.05144665051402192,4.0,0.006001168120132118,0.21126727105614973,0.008453314847723721,0.0,1.0,-0.007505012447623186,0.026817010391516204,0.0,0.021180726780211788,-0.011701865470623995,0.0017297003294388935,0.01690814857663346,0.019635980232701793,0.008694664916698357,"[0.0866328403045137, 1.2719057801813232, -1.0627636242929768, -0.06422771720503051, 1.503924751709878, 0.9417088640929628, 0.02164145555888773, 1.362973650422814, 1.2451251790621114]"
prism3,340,/home/humanoid/Programs/hand/results/phase1/run_20260413_pollard_multiscene_500_run2_refined/prism3/generated_mjcf/scene_prism3_tn0d0089p0d0199p0d0011_ip0d0006n0d0067p0d0000_mp0d0129p0d0240p0d0050.xml,prism_y0d0350,True,0.02,4.0,1.0,1.0,4.893159032903736,0.05010127022201205,6.0,0.007219972372894137,0.24988552384498847,0.0014104419240248604,0.0,1.0,-0.008943930668215156,0.019893443515087306,0.0011394523105425092,0.0006194110623995754,-0.0067171175287213895,0.0,0.0128836743692138,0.024020869251295048,0.005002433427568752,"[0.0866328403045137, 1.2719057801813232, -1.0627636242929768, -0.06422771720503051, 1.503924751709878, 0.9417088640929628, 0.02164145555888773, 1.362973650422814, 1.2451251790621114]"
prism3,341,/home/humanoid/Programs/hand/results/phase1/run_20260413_pollard_multiscene_500_run2_refined/prism3/generated_mjcf/scene_prism3_tp0d0065p0d0150p0d0000_ip0d0202n0d0150p0d0000_mp0d0011p0d0194p0d0000.xml,prism_y0d0350,True,0.02,4.0,1.0,1.0,4.4810193072378395,0.049847878871511195,5.0,0.005911445344250428,0.2673724380593653,0.0014787801294792082,0.00023791800756431392,1.0,0.006507212909486602,0.015027581047463462,0.0,0.020156862280520417,-0.01496351955724431,0.0,0.0011219360405519772,0.01935862038652124,0.0,"[0.0866328403045137, 1.2719057801813232, -1.0627636242929768, -0.06422771720503051, 1.503924751709878, 0.9417088640929628, 0.02164145555888773, 1.362973650422814, 1.2451251790621114]"
prism3,342,/home/humanoid/Programs/hand/results/phase1/run_20260413_pollard_multiscene_500_run2_refined/prism3/generated_mjcf/scene_prism3_tn0d0081p0d0289p0d0000_ip0d0121n0d0179p0d0000_mp0d0200p0d0219p0d0064.xml,prism_y0d0350,True,0.02,4.0,1.0,1.0,4.511127491232038,0.053194016406456414,5.0,0.006324872282777312,0.549985904141367,0.009252575467862774,0.0,1.0,-0.008051427805028825,0.02886692052460529,0.0,0.012141767184511945,-0.01791190965341013,0.0,0.020017298166074934,0.021877670546203383,0.006426175172369965,"[0.0866328403045137, 1.2719057801813232, -1.0627636242929768, -0.06422771720503051, 1.503924751709878, 0.9417088640929628, 0.02164145555888773, 1.362973650422814, 1.2451251790621114]"
prism3,343,/home/humanoid/Programs/hand/results/phase1/run_20260413_pollard_multiscene_500_run2_refined/prism3/generated_mjcf/scene_prism3_tn0d0098p0d0106p0d0065_ip0d0095n0d0040p0d0000_mp0d0131p0d0097p0d0000.xml,prism_y0d0350,True,0.02,4.0,1.0,1.0,4.969207027023395,0.05185606516858347,6.0,0.00652214276310883,0.05337479578404832,0.00411745816386698,0.0,1.0,-0.009778413672119911,0.010568644417599148,0.0065004416383117325,0.00948534701199422,-0.003980168261011845,0.0,0.013100657311756773,0.00972194969587966,0.0,"[0.0866328403045137, 1.2719057801813232, -1.0627636242929768, -0.06422771720503051, 1.503924751709878, 0.9417088640929628, 0.02164145555888773, 1.362973650422814, 1.2451251790621114]"
prism3,344,/home/humanoid/Programs/hand/results/phase1/run_20260413_pollard_multiscene_500_run2_refined/prism3/generated_mjcf/scene_prism3_tn0d0000p0d0122p0d0000_ip0d0065n0d0185p0d0062_mp0d0126p0d0137p0d0018.xml,prism_y0d0350,True,0.02,4.0,1.0,1.0,5.012200649944007,0.054962567359944786,6.0,0.0062325056683924865,0.1392090123262223,0.013023807411390398,0.0,1.0,-4.1296306355530915e-05,0.012194623068909824,0.0,0.006539719483005546,-0.01852327542668413,0.0062211469891701315,0.012556622190267035,0.013698973120376162,0.0017805247967015853,"[0.0866328403045137, 1.2719057801813232, -1.0627636242929768, -0.06422771720503051, 1.503924751709878, 0.9417088640929628, 0.02164145555888773, 1.362973650422814, 1.2451251790621114]"
prism3,345,/home/humanoid/Programs/hand/results/phase1/run_20260413_pollard_multiscene_500_run2_refined/prism3/generated_mjcf/scene_prism3_tn0d0013p0d0160p0d0000_ip0d0148n0d0240p0d0000_mp0d0116p0d0102p0d0000.xml,prism_y0d0350,True,0.02,4.0,1.0,1.0,4.541577962278284,0.0542327749892029,5.0,0.006055728451798759,0.4028260796869965,0.01400563224786167,0.0,1.0,-0.0012615306168578533,0.015970756130802254,0.0,0.014786075546288061,-0.023980082850206946,0.0,0.01161430962842994,0.010241296432524284,0.0,"[0.0866328403045137, 1.2719057801813232, -1.0627636242929768, -0.06422771720503051, 1.503924751709878, 0.9417088640929628, 0.02164145555888773, 1.362973650422814, 1.2451251790621114]"
prism3,346,/home/humanoid/Programs/hand/results/phase1/run_20260413_pollard_multiscene_500_run2_refined/prism3/generated_mjcf/scene_prism3_tp0d0064p0d0300p0d0008_in0d0019n0d0099p0d0061_mp0d0024p0d0091p0d0000.xml,prism_y0d0350,True,0.02,4.0,1.0,1.0,-1.2440208171423053,0.052044769447871536,5.0,0.006748429017481003,33.67080965616885,0.04426778642928586,0.03854411578737259,0.9083333333333333,0.006448681972681412,0.03,0.0007681309943295394,-0.0019379944738693762,-0.00986630559882477,0.006140728887849618,0.0023524430594721963,0.009130049264678454,0.0,"[0.0866328403045137, 1.2719057801813232, -1.0627636242929768, -0.06422771720503051, 1.503924751709878, 0.9417088640929628, 0.02164145555888773, 1.362973650422814, 1.2451251790621114]"
prism3,347,/home/humanoid/Programs/hand/results/phase1/run_20260413_pollard_multiscene_500_run2_refined/prism3/generated_mjcf/scene_prism3_tp0d0068p0d0300p0d0073_ip0d0072n0d0056p0d0011_mp0d0078p0d0143p0d0000.xml,prism_y0d0350,True,0.02,4.0,1.0,1.0,4.023207067965708,0.05142054054970971,4.0,0.006129346779652808,0.39494217981180213,0.01750197179050934,0.0,1.0,0.0068204408858062796,0.03,0.007260725067047551,0.007212293445335222,-0.005553531717368195,0.0010993236469706603,0.007833087650129099,0.014253336241066424,0.0,"[0.0866328403045137, 1.2719057801813232, -1.0627636242929768, -0.06422771720503051, 1.503924751709878, 0.9417088640929628, 0.02164145555888773, 1.362973650422814, 1.2451251790621114]"
prism3,348,/home/humanoid/Programs/hand/results/phase1/run_20260413_pollard_multiscene_500_run2_refined/prism3/generated_mjcf/scene_prism3_tp0d0113p0d0278p0d0000_ip0d0135n0d0218p0d0000_mp0d0015p0d0170p0d0000.xml,prism_y0d0350,True,0.02,4.0,1.0,1.0,2.815938731584495,0.04869779075192056,4.0,0.00952362272622251,0.14571110159506778,0.05435774974494425,0.054934276112427606,0.6722222222222223,0.011322535224134667,0.027764327805852942,0.0,0.013477941205283455,-0.021774686806814398,0.0,0.0015174161105352604,0.01698721858932449,0.0,"[0.0866328403045137, 1.2719057801813232, -1.0627636242929768, -0.06422771720503051, 1.503924751709878, 0.9417088640929628, 0.02164145555888773, 1.362973650422814, 1.2451251790621114]"
prism3,349,/home/humanoid/Programs/hand/results/phase1/run_20260413_pollard_multiscene_500_run2_refined/prism3/generated_mjcf/scene_prism3_tp0d0081p0d0226p0d0085_ip0d0211n0d0216p0d0000_mp0d0076p0d0121p0d0000.xml,prism_y0d0350,True,0.02,4.0,1.0,1.0,4.462718353755305,0.04985615288418809,5.0,0.007567366132720091,0.25857819146110606,0.002493354630757968,0.0011137840351770484,1.0,0.008073792792765176,0.022586335006661292,0.008547471202648944,0.021117014049145004,-0.021585046307989013,0.0,0.007602631380494447,0.012080451574431939,0.0,"[0.0866328403045137, 1.2719057801813232, -1.0627636242929768, -0.06422771720503051, 1.503924751709878, 0.9417088640929628, 0.02164145555888773, 1.362973650422814, 1.2451251790621114]"
prism3,350,/home/humanoid/Programs/hand/results/phase1/run_20260413_pollard_multiscene_500_run2_refined/prism3/generated_mjcf/scene_prism3_tp0d0050p0d0123p0d0049_ip0d0073n0d0116p0d0038_mp0d0136p0d0091p0d0000.xml,prism_y0d0350,True,0.02,4.0,1.0,1.0,4.921319540475942,0.05258235183206335,6.0,0.006126791405265212,0.12483848314042868,0.014680569727446737,0.0,1.0,0.004973546412611628,0.012294721280264032,0.004905264142987729,0.007331516406347443,-0.011583437920894857,0.003754449056024657,0.013559791274911331,0.009078488971220607,0.0,"[0.0866328403045137, 1.2719057801813232, -1.0627636242929768, -0.06422771720503051, 1.503924751709878, 0.9417088640929628, 0.02164145555888773, 1.362973650422814, 1.2451251790621114]"
prism3,351,/home/humanoid/Programs/hand/results/phase1/run_20260413_pollard_multiscene_500_run2_refined/prism3/generated_mjcf/scene_prism3_tn0d0039p0d0300p0d0031_ip0d0059n0d0183p0d0000_mn0d0001p0d0228p0d0000.xml,prism_y0d0350,True,0.02,4.0,1.0,1.0,4.058811192137248,0.050248503894019206,4.0,0.007666192301647313,0.4029933551780897,0.002999471857207053,0.0005090187608478292,1.0,-0.0039166529420677654,0.03,0.0030983018076305748,0.005948787222563647,-0.01830520319058511,0.0,-8.798364502618158e-05,0.022791051162759063,0.0,"[0.0866328403045137, 1.2719057801813232, -1.0627636242929768, -0.06422771720503051, 1.503924751709878, 0.9417088640929628, 0.02164145555888773, 1.362973650422814, 1.2451251790621114]"
prism3,352,/home/humanoid/Programs/hand/results/phase1/run_20260413_pollard_multiscene_500_run2_refined/prism3/generated_mjcf/scene_prism3_tp0d0034p0d0300p0d0000_ip0d0204n0d0197p0d0092_mp0d0155p0d0230p0d0000.xml,prism_y0d0350,True,0.02,4.0,1.0,1.0,4.460347957705285,0.05154280328028183,5.0,0.00730096061677919,0.835041392694029,0.0006320044944859865,0.0,1.0,0.003412975582055045,0.03,0.0,0.02042065736538831,-0.019749759999292973,0.009245880066049521,0.015487406880309437,0.023006546913343175,0.0,"[0.0866328403045137, 1.2719057801813232, -1.0627636242929768, -0.06422771720503051, 1.503924751709878, 0.9417088640929628, 0.02164145555888773, 1.362973650422814, 1.2451251790621114]"
prism3,353,/home/humanoid/Programs/hand/results/phase1/run_20260413_pollard_multiscene_500_run2_refined/prism3/generated_mjcf/scene_prism3_tn0d0050p0d0222p0d0028_ip0d0186n0d0214p0d0000_mp0d0034p0d0119p0d0000.xml,prism_y0d0350,True,0.02,4.0,1.0,1.0,4.545763501516871,0.05108879121573631,5.0,0.007325743445624334,0.16556886542377525,0.00047622905484759147,0.0,1.0,-0.005047223917157493,0.022200789717896637,0.0028366476511519825,0.018635731232781283,-0.021376923278164504,0.0,0.003401259195152824,0.011868629062635739,0.0,"[0.0866328403045137, 1.2719057801813232, -1.0627636242929768, -0.06422771720503051, 1.503924751709878, 0.9417088640929628, 0.02164145555888773, 1.362973650422814, 1.2451251790621114]"
prism3,354,/home/humanoid/Programs/hand/results/phase1/run_20260413_pollard_multiscene_500_run2_refined/prism3/generated_mjcf/scene_prism3_tn0d0091p0d0153p0d0119_ip0d0146n0d0101p0d0072_mp0d0135p0d0144p0d0004.xml,prism_y0d0350,True,0.02,4.0,1.0,1.0,4.495678525863757,0.05081482517850705,5.0,0.006133643300675939,0.15663654671009355,0.007846264462687363,0.0,1.0,-0.009122841531660764,0.015328829962151869,0.011877526740116384,0.014612756735501714,-0.010136883345936687,0.00720381312614379,0.013454718008685671,0.014437668626407232,0.0003923962344445347,"[0.0866328403045137, 1.2719057801813232, -1.0627636242929768, -0.06422771720503051, 1.503924751709878, 0.9417088640929628, 0.02164145555888773, 1.362973650422814, 1.2451251790621114]"
prism3,355,/home/humanoid/Programs/hand/results/phase1/run_20260413_pollard_multiscene_500_run2_refined/prism3/generated_mjcf/scene_prism3_tn0d0108p0d0258p0d0000_ip0d0180n0d0144p0d0044_mp0d0085p0d0070p0d0005.xml,prism_y0d0350,True,0.02,4.0,1.0,1.0,4.530178384517357,0.051408950487455,5.0,0.0071649122905020415,0.29138278465327444,0.0018496067107620564,0.0,1.0,-0.010837836256156828,0.02584706010196519,0.0,0.017996213602326824,-0.014394856503673016,0.004360530785069212,0.00846710719667944,0.0070305058966985655,0.0004610260596799032,"[0.0866328403045137, 1.2719057801813232, -1.0627636242929768, -0.06422771720503051, 1.503924751709878, 0.9417088640929628, 0.02164145555888773, 1.362973650422814, 1.2451251790621114]"
prism3,356,/home/humanoid/Programs/hand/results/phase1/run_20260413_pollard_multiscene_500_run2_refined/prism3/generated_mjcf/scene_prism3_tp0d0112p0d0139p0d0000_ip0d0182n0d0152p0d0003_mp0d0115p0d0173p0d0074.xml,prism_y0d0350,True,0.02,4.0,1.0,1.0,4.023446964710512,0.05094024788418956,4.0,0.007770486594578731,0.80585113959764,0.003840511184553145,0.0,1.0,0.01115634821632247,0.013902861925370564,0.0,0.018235892805302557,-0.01517470826905366,0.0002586625091600264,0.011486192576683386,0.017257165777358207,0.007367364731213931,"[0.0866328403045137, 1.2719057801813232, -1.0627636242929768, -0.06422771720503051, 1.503924751709878, 0.9417088640929628, 0.02164145555888773, 1.362973650422814, 1.2451251790621114]"
prism3,357,/home/humanoid/Programs/hand/results/phase1/run_20260413_pollard_multiscene_500_run2_refined/prism3/generated_mjcf/scene_prism3_tn0d0022p0d0202p0d0000_ip0d0190n0d0081p0d0000_mp0d0023p0d0160p0d0000.xml,prism_y0d0350,True,0.02,4.0,1.0,1.0,4.089850184420099,0.04984701734346586,4.0,0.00598158818992894,0.18922536133306336,0.0024080736702314347,0.0,1.0,-0.0022114211001733417,0.02015239016423227,0.0,0.019037892298739346,-0.008147344233290962,0.0,0.0022584008568622242,0.01599825880223124,0.0,"[0.0866328403045137, 1.2719057801813232, -1.0627636242929768, -0.06422771720503051, 1.503924751709878, 0.9417088640929628, 0.02164145555888773, 1.362973650422814, 1.2451251790621114]"
prism3,358,/home/humanoid/Programs/hand/results/phase1/run_20260413_pollard_multiscene_500_run2_refined/prism3/generated_mjcf/scene_prism3_tn0d0032p0d0212p0d0000_ip0d0113n0d0003p0d0000_mp0d0087p0d0046p0d0074.xml,prism_y0d0350,True,0.02,4.0,1.0,1.0,4.110766614573788,0.0495587549176348,4.0,0.0059598452710900125,0.02551555894618993,0.0011885972625876346,7.593329864964693e-05,1.0,-0.0032261315123318663,0.0211871862183576,0.0,0.011311302439958055,-0.00033666258881834797,0.0,0.008688902469951895,0.004588963809888574,0.007431512844343829,"[0.0866328403045137, 1.2719057801813232, -1.0627636242929768, -0.06422771720503051, 1.503924751709878, 0.9417088640929628, 0.02164145555888773, 1.362973650422814, 1.2451251790621114]"
prism3,359,/home/humanoid/Programs/hand/results/phase1/run_20260413_pollard_multiscene_500_run2_refined/prism3/generated_mjcf/scene_prism3_tp0d0021p0d0300p0d0038_ip0d0094n0d0116p0d0000_mp0d0060p0d0178p0d0000.xml,prism_y0d0350,True,0.02,4.0,1.0,1.0,3.959273174669245,0.05081419973076417,4.0,0.008364469692155494,0.9570244645540071,0.007733449781499137,0.0010450423459245212,1.0,0.002053449878073278,0.03,0.003783683303278742,0.009426483925576358,-0.011583913748456132,0.0,0.006011042113765158,0.017809019608174263,0.0,"[0.0866328403045137, 1.2719057801813232, -1.0627636242929768, -0.06422771720503051, 1.503924751709878, 0.9417088640929628, 0.02164145555888773, 1.362973650422814, 1.2451251790621114]"
prism3,360,/home/humanoid/Programs/hand/results/phase1/run_20260413_pollard_multiscene_500_run2_refined/prism3/generated_mjcf/scene_prism3_tp0d0077p0d0288p0d0000_ip0d0146n0d0140p0d0000_mp0d0217p0d0090p0d0038.xml,prism_y0d0350,True,0.02,4.0,1.0,1.0,4.488047494304037,0.05535719532001226,5.0,0.006650806862865219,0.8674751370541284,0.015497086254089569,0.0010874116740003797,1.0,0.007692612643866344,0.028837691525292333,0.0,0.014600800689397628,-0.013961397513764087,0.0,0.02174568502353339,0.009014776072522324,0.003847079872144152,"[0.0866328403045137, 1.2719057801813232, -1.0627636242929768, -0.06422771720503051, 1.503924751709878, 0.9417088640929628, 0.02164145555888773, 1.362973650422814, 1.2451251790621114]"
prism3,361,/home/humanoid/Programs/hand/results/phase1/run_20260413_pollard_multiscene_500_run2_refined/prism3/generated_mjcf/scene_prism3_tp0d0063p0d0247p0d0000_ip0d0049n0d0079p0d0000_mp0d0212p0d0139p0d0013.xml,prism_y0d0350,True,0.02,4.0,1.0,1.0,4.492701379574754,0.049342636664145,5.0,0.00596033892945834,0.1205793389718564,0.0006061959038566899,5.384579520713306e-05,1.0,0.006298885232914844,0.024677701527575972,0.0,0.004865482952478182,-0.007899234012555876,0.0,0.021239068743524485,0.013910428198081467,0.0012518095585489566,"[0.0866328403045137, 1.2719057801813232, -1.0627636242929768, -0.06422771720503051, 1.503924751709878, 0.9417088640929628, 0.02164145555888773, 1.362973650422814, 1.2451251790621114]"
prism3,362,/home/humanoid/Programs/hand/results/phase1/run_20260413_pollard_multiscene_500_run2_refined/prism3/generated_mjcf/scene_prism3_tp0d0001p0d0184p0d0000_ip0d0200n0d0237p0d0113_mp0d0008p0d0136p0d0046.xml,prism_y0d0350,True,0.02,4.0,1.0,1.0,4.351066286214455,0.04967215301149539,5.0,0.0074569815655114195,1.0115379263463624,0.0021416416447436,0.0006637139363703942,1.0,9.038651703096798e-05,0.01835541066897918,0.0,0.02001264994905546,-0.023737975227585074,0.011274612962096212,0.000750582854815959,0.013632312421630632,0.004622285063949041,"[0.0866328403045137, 1.2719057801813232, -1.0627636242929768, -0.06422771720503051, 1.503924751709878, 0.9417088640929628, 0.02164145555888773, 1.362973650422814, 1.2451251790621114]"
prism3,363,/home/humanoid/Programs/hand/results/phase1/run_20260413_pollard_multiscene_500_run2_refined/prism3/generated_mjcf/scene_prism3_tp0d0072p0d0238p0d0000_ip0d0194n0d0139p0d0000_mp0d0167p0d0168p0d0000.xml,prism_y0d0350,True,0.02,4.0,1.0,1.0,4.034604502008705,0.05196885883134038,4.0,0.006021775202700752,0.5432525513511536,0.015129020663355737,0.0,1.0,0.007206458439634005,0.02379163141151473,0.0,0.019368293958761447,-0.013866451305668421,0.0,0.01674031164559555,0.016847650557893175,0.0,"[0.0866328403045137, 1.2719057801813232, -1.0627636242929768, -0.06422771720503051, 1.503924751709878, 0.9417088640929628, 0.02164145555888773, 1.362973650422814, 1.2451251790621114]"
prism3,364,/home/humanoid/Programs/hand/results/phase1/run_20260413_pollard_multiscene_500_run2_refined/prism3/generated_mjcf/scene_prism3_tn0d0041p0d0101p0d0010_ip0d0016n0d0071p0d0013_mp0d0213p0d0036p0d0052.xml,prism_y0d0350,True,0.02,4.0,1.0,1.0,4.2910706659530256,0.05709231067154476,4.0,0.007726479929572885,0.24581140305235602,0.009139256205673563,0.0,1.0,-0.004084384463942093,0.010142883921641723,0.000990451667586002,0.0015985144586338831,-0.007118649794417934,0.0013321773609604407,0.02130587540881341,0.003579389141666148,0.0051866735559624386,"[0.0866328403045137, 1.2719057801813232, -1.0627636242929768, -0.06422771720503051, 1.503924751709878, 0.9417088640929628, 0.02164145555888773, 1.362973650422814, 1.2451251790621114]"
prism3,365,/home/humanoid/Programs/hand/results/phase1/run_20260413_pollard_multiscene_500_run2_refined/prism3/generated_mjcf/scene_prism3_tn0d0071p0d0088p0d0031_ip0d0111n0d0170p0d0002_mn0d0007p0d0136p0d0018.xml,prism_y0d0350,True,0.02,4.0,1.0,1.0,4.068369371009712,0.05076451933988883,4.0,0.008332799927613566,0.2357244845311619,0.006563310804702054,0.001415389043606885,1.0,-0.007111680416374847,0.00882751144408678,0.0030761017613265777,0.011097168626456416,-0.017043214039433305,0.00017592095316793822,-0.00067781911633992,0.013552297422319226,0.00184459033777753,"[0.0866328403045137, 1.2719057801813232, -1.0627636242929768, -0.06422771720503051, 1.503924751709878, 0.9417088640929628, 0.02164145555888773, 1.362973650422814, 1.2451251790621114]"
prism3,366,/home/humanoid/Programs/hand/results/phase1/run_20260413_pollard_multiscene_500_run2_refined/prism3/generated_mjcf/scene_prism3_tp0d0090p0d0283p0d0071_ip0d0201n0d0143p0d0000_mn0d0018p0d0143p0d0002.xml,prism_y0d0350,True,0.02,4.0,1.0,1.0,4.7883367922851665,0.049514791100459504,6.0,0.007854842031046768,0.5407242663893543,0.00557280368777133,0.001202145840315999,1.0,0.008993048384683937,0.028332332885572582,0.007133172031471843,0.0201278457978318,-0.014265996985525718,0.0,-0.0017792897870281283,0.014276096134759242,0.00021827326428465292,"[0.0866328403045137, 1.2719057801813232, -1.0627636242929768, -0.06422771720503051, 1.503924751709878, 0.9417088640929628, 0.02164145555888773, 1.362973650422814, 1.2451251790621114]"
prism3,367,/home/humanoid/Programs/hand/results/phase1/run_20260413_pollard_multiscene_500_run2_refined/prism3/generated_mjcf/scene_prism3_tp0d0013p0d0300p0d0000_ip0d0055n0d0141p0d0078_mp0d0137p0d0226p0d0000.xml,prism_y0d0350,True,0.02,4.0,1.0,1.0,4.501465748628088,0.05495133318906108,5.0,0.006441952842838255,0.6100302702397981,0.01782701697239798,0.0008733637444179876,1.0,0.0013243586582645864,0.03,0.0,0.005454282046486432,-0.014076684522502887,0.007848994918644388,0.013675916096374986,0.022612653700813792,0.0,"[0.0866328403045137, 1.2719057801813232, -1.0627636242929768, -0.06422771720503051, 1.503924751709878, 0.9417088640929628, 0.02164145555888773, 1.362973650422814, 1.2451251790621114]"
prism3,368,/home/humanoid/Programs/hand/results/phase1/run_20260413_pollard_multiscene_500_run2_refined/prism3/generated_mjcf/scene_prism3_tn0d0041p0d0084p0d0102_ip0d0153n0d0157p0d0001_mn0d0018p0d0221p0d0100.xml,prism_y0d0350,True,0.02,4.0,1.0,1.0,3.9865208361154494,0.048741220726128305,4.0,0.010613963788014968,0.21868433750682478,0.002074592031797157,0.00441197990885045,1.0,-0.004053401737318047,0.008430366835151014,0.010164258692179497,0.015257946914463924,-0.0156555570176925,0.00011680821710949654,-0.0017660762171259354,0.022104252712855398,0.010035043290268227,"[0.0866328403045137, 1.2719057801813232, -1.0627636242929768, -0.06422771720503051, 1.503924751709878, 0.9417088640929628, 0.02164145555888773, 1.362973650422814, 1.2451251790621114]"
prism3,369,/home/humanoid/Programs/hand/results/phase1/run_20260413_pollard_multiscene_500_run2_refined/prism3/generated_mjcf/scene_prism3_tn0d0058p0d0248p0d0003_ip0d0140n0d0106p0d0006_mp0d0122p0d0059p0d0000.xml,prism_y0d0350,True,0.02,4.0,1.0,1.0,4.58842397303474,0.054821633280805276,5.0,0.0062215362568121555,0.5420235640770756,0.00609776411137662,0.0,1.0,-0.0058268376677013956,0.024841286858219992,0.0002982599472535624,0.014002525851861946,-0.010559997507252046,0.0006057673427742397,0.012179493967528118,0.005867447662353625,0.0,"[0.0866328403045137, 1.2719057801813232, -1.0627636242929768, -0.06422771720503051, 1.503924751709878, 0.9417088640929628, 0.02164145555888773, 1.362973650422814, 1.2451251790621114]"
prism3,370,/home/humanoid/Programs/hand/results/phase1/run_20260413_pollard_multiscene_500_run2_refined/prism3/generated_mjcf/scene_prism3_tn0d0045p0d0101p0d0000_in0d0000n0d0203p0d0049_mn0d0014p0d0174p0d0000.xml,prism_y0d0350,True,0.02,4.0,1.0,1.0,3.9576481158445524,0.050459689907381686,4.0,0.010167433881039219,0.667648210597611,0.00766240903946983,0.003498706443772287,1.0,-0.0044817304554041985,0.010133206181426631,0.0,-4.208788127289288e-05,-0.020312697918262373,0.004931652050945971,-0.001420408213504953,0.01743343816215112,0.0,"[0.0866328403045137, 1.2719057801813232, -1.0627636242929768, -0.06422771720503051, 1.503924751709878, 0.9417088640929628, 0.02164145555888773, 1.362973650422814, 1.2451251790621114]"
prism3,371,/home/humanoid/Programs/hand/results/phase1/run_20260413_pollard_multiscene_500_run2_refined/prism3/generated_mjcf/scene_prism3_tp0d0060p0d0272p0d0000_ip0d0076n0d0158p0d0033_mp0d0058p0d0188p0d0080.xml,prism_y0d0350,True,0.02,4.0,1.0,1.0,4.239001453356711,0.05476156660794489,5.0,0.006240110898296871,2.009394975724535,0.024879122491257573,0.0012074312348784033,1.0,0.006042441969243088,0.027228365459574227,0.0,0.007593758980041379,-0.015792569411251185,0.0033017785952277386,0.005776874706348101,0.01882102030819338,0.007980643465284785,"[0.0866328403045137, 1.2719057801813232, -1.0627636242929768, -0.06422771720503051, 1.503924751709878, 0.9417088640929628, 0.02164145555888773, 1.362973650422814, 1.2451251790621114]"
prism3,372,/home/humanoid/Programs/hand/results/phase1/run_20260413_pollard_multiscene_500_run2_refined/prism3/generated_mjcf/scene_prism3_tn0d0039p0d0221p0d0076_ip0d0216n0d0035p0d0114_mp0d0217p0d0048p0d0023.xml,prism_y0d0350,True,0.02,4.0,1.0,1.0,4.101462918774463,0.05037489862861311,4.0,0.006060042103486425,0.2226634409704046,0.0026898221457436764,0.0,1.0,-0.0039367057456346135,0.022129036276644528,0.00759938668754058,0.021600388888547803,-0.003458654995397466,0.011387362033031666,0.021716500944982772,0.004846232690389937,0.0023329764739651176,"[0.0866328403045137, 1.2719057801813232, -1.0627636242929768, -0.06422771720503051, 1.503924751709878, 0.9417088640929628, 0.02164145555888773, 1.362973650422814, 1.2451251790621114]"
prism3,373,/home/humanoid/Programs/hand/results/phase1/run_20260413_pollard_multiscene_500_run2_refined/prism3/generated_mjcf/scene_prism3_tn0d0117p0d0102p0d0000_ip0d0216n0d0083p0d0034_mn0d0008p0d0137p0d0071.xml,prism_y0d0350,True,0.02,4.0,1.0,1.0,4.413623074062512,0.05065655399507467,5.0,0.006645711537684923,0.507190934930898,0.00775995214825739,0.0019522116300460662,1.0,-0.011721801351998734,0.010249897424361614,0.0,0.021571248344733958,-0.008281985314991391,0.003362224881755657,-0.0008025599165518201,0.013740737562206125,0.007120033040254055,"[0.0866328403045137, 1.2719057801813232, -1.0627636242929768, -0.06422771720503051, 1.503924751709878, 0.9417088640929628, 0.02164145555888773, 1.362973650422814, 1.2451251790621114]"
prism3,374,/home/humanoid/Programs/hand/results/phase1/run_20260413_pollard_multiscene_500_run2_refined/prism3/generated_mjcf/scene_prism3_tn0d0012p0d0088p0d0000_in0d0013n0d0179p0d0087_mp0d0149p0d0097p0d0012.xml,prism_y0d0350,True,0.02,4.0,1.0,1.0,4.602342257685264,0.052648841587591165,5.0,0.006974427091920463,0.07518375105396609,0.00252346350641513,0.0,1.0,-0.0011870628156485583,0.008785765256269625,0.0,-0.0012845129532466984,-0.01790627764087028,0.008705030224436333,0.014947856117084853,0.009691392927035278,0.001202015562066389,"[0.0866328403045137, 1.2719057801813232, -1.0627636242929768, -0.06422771720503051, 1.503924751709878, 0.9417088640929628, 0.02164145555888773, 1.362973650422814, 1.2451251790621114]"
prism3,375,/home/humanoid/Programs/hand/results/phase1/run_20260413_pollard_multiscene_500_run2_refined/prism3/generated_mjcf/scene_prism3_tn0d0024p0d0249p0d0000_ip0d0189n0d0020p0d0086_mp0d0011p0d0101p0d0097.xml,prism_y0d0350,True,0.02,4.0,1.0,1.0,4.543925775280143,0.05239106582293512,5.0,0.006024925206605955,0.30352570742921164,0.005363803665832172,0.0,1.0,-0.002364992455036838,0.02485474196775472,0.0,0.0189458288206348,-0.0020460735160279016,0.008558192589777455,0.0010822010446346324,0.010070902748129561,0.009711010137673462,"[0.0866328403045137, 1.2719057801813232, -1.0627636242929768, -0.06422771720503051, 1.503924751709878, 0.9417088640929628, 0.02164145555888773, 1.362973650422814, 1.2451251790621114]"
prism3,376,/home/humanoid/Programs/hand/results/phase1/run_20260413_pollard_multiscene_500_run2_refined/prism3/generated_mjcf/scene_prism3_tp0d0105p0d0300p0d0000_ip0d0063n0d0138p0d0000_mn0d0013p0d0092p0d0107.xml,prism_y0d0350,True,0.02,4.0,1.0,1.0,2.2140646849607837,0.049416237182861346,4.0,0.0115626009614066,5.359182427654554,0.03651910968236895,0.04855997713395721,0.6416666666666667,0.010522744540146026,0.03,0.0,0.006265542463366365,-0.013777684366762381,0.0,-0.0013129549292847896,0.009179419376552186,0.010680191381843947,"[0.0866328403045137, 1.2719057801813232, -1.0627636242929768, -0.06422771720503051, 1.503924751709878, 0.9417088640929628, 0.02164145555888773, 1.362973650422814, 1.2451251790621114]"
prism3,377,/home/humanoid/Programs/hand/results/phase1/run_20260413_pollard_multiscene_500_run2_refined/prism3/generated_mjcf/scene_prism3_tp0d0098p0d0111p0d0000_ip0d0151n0d0201p0d0000_mp0d0220p0d0245p0d0000.xml,prism_y0d0350,True,0.02,4.0,1.0,1.0,4.089893768797102,0.05095127286962057,4.0,0.008667582439181238,0.2926364900216,0.0035534865305248044,0.0009041020062388605,1.0,0.00981687253429277,0.011120275617783176,0.0,0.015080426789617232,-0.020071235905748067,0.0,0.02197541611441125,0.024494177142076932,0.0,"[0.0866328403045137, 1.2719057801813232, -1.0627636242929768, -0.06422771720503051, 1.503924751709878, 0.9417088640929628, 0.02164145555888773, 1.362973650422814, 1.2451251790621114]"
prism3,378,/home/humanoid/Programs/hand/results/phase1/run_20260413_pollard_multiscene_500_run2_refined/prism3/generated_mjcf/scene_prism3_tn0d0031p0d0178p0d0000_ip0d0097n0d0197p0d0076_mp0d0193p0d0182p0d0000.xml,prism_y0d0350,True,0.02,4.0,1.0,1.0,4.0741739991921175,0.04891359981872209,4.0,0.005973814436487333,0.07298255900312667,0.0022191620757799593,0.00013266744041941225,1.0,-0.003080000567103787,0.01777371674284665,0.0,0.009742211201763528,-0.0197073930433107,0.007610088691735812,0.0192940940515098,0.01819294307398065,0.0,"[0.0866328403045137, 1.2719057801813232, -1.0627636242929768, -0.06422771720503051, 1.503924751709878, 0.9417088640929628, 0.02164145555888773, 1.362973650422814, 1.2451251790621114]"
prism3,379,/home/humanoid/Programs/hand/results/phase1/run_20260413_pollard_multiscene_500_run2_refined/prism3/generated_mjcf/scene_prism3_tp0d0005p0d0181p0d0102_ip0d0204n0d0113p0d0000_mp0d0040p0d0080p0d0000.xml,prism_y0d0350,True,0.02,4.0,1.0,1.0,3.578938517848461,0.05024165195630667,4.0,0.006164294304381726,3.29840629975478,0.012071627841715338,0.0,1.0,0.0005063580441945943,0.018121217785754797,0.010185928300256861,0.020406265641012875,-0.011317239845225827,0.0,0.003969351811511051,0.00798329334682274,0.0,"[0.0866328403045137, 1.2719057801813232, -1.0627636242929768, -0.06422771720503051, 1.503924751709878, 0.9417088640929628, 0.02164145555888773, 1.362973650422814, 1.2451251790621114]"
prism3,380,/home/humanoid/Programs/hand/results/phase1/run_20260413_pollard_multiscene_500_run2_refined/prism3/generated_mjcf/scene_prism3_tp0d0053p0d0088p0d0051_ip0d0056n0d0156p0d0120_mp0d0025p0d0214p0d0000.xml,prism_y0d0350,True,0.02,4.0,1.0,1.0,3.918238844148342,0.049275144034729726,4.0,0.012282260302766483,0.8948000730669047,0.006541278524905124,0.0006965828626832732,1.0,0.005349473339106178,0.008816536146796552,0.005122068738884589,0.005591055319891105,-0.015626360728080328,0.01198958202252913,0.00245615434592318,0.0213548310212551,0.0,"[0.0866328403045137, 1.2719057801813232, -1.0627636242929768, -0.06422771720503051, 1.503924751709878, 0.9417088640929628, 0.02164145555888773, 1.362973650422814, 1.2451251790621114]"
prism3,381,/home/humanoid/Programs/hand/results/phase1/run_20260413_pollard_multiscene_500_run2_refined/prism3/generated_mjcf/scene_prism3_tp0d0088p0d0272p0d0000_in0d0018n0d0006p0d0118_mp0d0039p0d0093p0d0065.xml,prism_y0d0350,True,0.02,4.0,1.0,1.0,4.462916437011699,0.04914633075982934,5.0,0.0059305871694425106,0.20657281947654668,0.0023930070536601817,0.0,1.0,0.00883521132348538,0.02723552528533489,0.0,-0.0017554778323576065,-0.0005744690308488714,0.011781042137225497,0.0038637391976680735,0.009288167528081906,0.006509256874247228,"[0.0866328403045137, 1.2719057801813232, -1.0627636242929768, -0.06422771720503051, 1.503924751709878, 0.9417088640929628, 0.02164145555888773, 1.362973650422814, 1.2451251790621114]"
prism3,382,/home/humanoid/Programs/hand/results/phase1/run_20260413_pollard_multiscene_500_run2_refined/prism3/generated_mjcf/scene_prism3_tp0d0073p0d0185p0d0056_ip0d0209n0d0050p0d0000_mp0d0188p0d0110p0d0000.xml,prism_y0d0350,True,0.02,4.0,1.0,1.0,4.104920697073368,0.04930997377040937,4.0,0.006038800030797726,0.023160019777835664,0.000594220098597921,0.00015095510592517958,1.0,0.007305359803473289,0.01853133851136897,0.005595346364554953,0.020921363985685365,-0.0049934306565185185,0.0,0.01877336898563437,0.011049691809589724,0.0,"[0.0866328403045137, 1.2719057801813232, -1.0627636242929768, -0.06422771720503051, 1.503924751709878, 0.9417088640929628, 0.02164145555888773, 1.362973650422814, 1.2451251790621114]"
prism3,383,/home/humanoid/Programs/hand/results/phase1/run_20260413_pollard_multiscene_500_run2_refined/prism3/generated_mjcf/scene_prism3_tn0d0118p0d0271p0d0000_ip0d0077n0d0076p0d0000_mp0d0104p0d0062p0d0000.xml,prism_y0d0350,True,0.02,4.0,1.0,1.0,4.410161687485063,0.05238233083540733,5.0,0.006134546469522459,1.1797556079831522,0.005664576269612729,0.0,1.0,-0.011835445780551481,0.02708227762575327,0.0,0.00774784304588942,-0.007563727153970494,0.0,0.010352447859135416,0.00620925942575782,0.0,"[0.0866328403045137, 1.2719057801813232, -1.0627636242929768, -0.06422771720503051, 1.503924751709878, 0.9417088640929628, 0.02164145555888773, 1.362973650422814, 1.2451251790621114]"
prism3,384,/home/humanoid/Programs/hand/results/phase1/run_20260413_pollard_multiscene_500_run2_refined/prism3/generated_mjcf/scene_prism3_tp0d0017p0d0255p0d0000_ip0d0031n0d0131p0d0000_mp0d0099p0d0257p0d0033.xml,prism_y0d0350,True,0.02,4.0,1.0,1.0,4.464003974632294,0.04979765326060147,5.0,0.005927304504284144,0.37503170140016046,0.001621980439901109,8.938688589651966e-05,1.0,0.0016914948769208415,0.025535338406468797,0.0,0.0031439657404761087,-0.0130591830163866,0.0,0.009858869067842405,0.02571102656057945,0.0032954859455089983,"[0.0866328403045137, 1.2719057801813232, -1.0627636242929768, -0.06422771720503051, 1.503924751709878, 0.9417088640929628, 0.02164145555888773, 1.362973650422814, 1.2451251790621114]"
prism3,385,/home/humanoid/Programs/hand/results/phase1/run_20260413_pollard_multiscene_500_run2_refined/prism3/generated_mjcf/scene_prism3_tn0d0097p0d0110p0d0000_ip0d0125n0d0058p0d0000_mp0d0078p0d0247p0d0000.xml,prism_y0d0350,True,0.02,4.0,1.0,1.0,4.155457014082792,0.051535680113063184,4.0,0.00916021014327617,0.1430891065954266,0.0014180005997587732,0.0,1.0,-0.009705485774302398,0.010951697871815396,0.0,0.01253462152769577,-0.0057613579648361415,0.0,0.007829687300922256,0.024665368578795213,0.0,"[0.0866328403045137, 1.2719057801813232, -1.0627636242929768, -0.06422771720503051, 1.503924751709878, 0.9417088640929628, 0.02164145555888773, 1.362973650422814, 1.2451251790621114]"
prism3,386,/home/humanoid/Programs/hand/results/phase1/run_20260413_pollard_multiscene_500_run2_refined/prism3/generated_mjcf/scene_prism3_tp0d0112p0d0234p0d0078_ip0d0165n0d0031p0d0000_mp0d0057p0d0176p0d0000.xml,prism_y0d0350,True,0.02,4.0,1.0,1.0,4.503598041003282,0.04941149459322355,5.0,0.005969299974263486,0.052716199441762,0.0009051815325404058,4.392922495906337e-05,1.0,0.011221352133399164,0.023400693629328326,0.007817550025673033,0.016469362116625613,-0.0030606096441238902,0.0,0.0056810241222650226,0.017649806992087,0.0,"[0.0866328403045137, 1.2719057801813232, -1.0627636242929768, -0.06422771720503051, 1.503924751709878, 0.9417088640929628, 0.02164145555888773, 1.362973650422814, 1.2451251790621114]"
prism3,387,/home/humanoid/Programs/hand/results/phase1/run_20260413_pollard_multiscene_500_run2_refined/prism3/generated_mjcf/scene_prism3_tp0d0022p0d0296p0d0042_in0d0005n0d0213p0d0114_mn0d0003p0d0235p0d0117.xml,prism_y0d0350,True,0.02,4.0,1.0,1.0,4.1032482868697,0.051543974556917935,4.0,0.008106796510556947,0.10953784198439119,0.008707725300966185,0.0013250167914881789,1.0,0.0022174444709567916,0.02962539332540697,0.004156687339348996,-0.0005198644936682765,-0.02134521506551034,0.011364295824339798,-0.0003092501664925997,0.02351928518610475,0.011679372772733076,"[0.0866328403045137, 1.2719057801813232, -1.0627636242929768, -0.06422771720503051, 1.503924751709878, 0.9417088640929628, 0.02164145555888773, 1.362973650422814, 1.2451251790621114]"
prism3,388,/home/humanoid/Programs/hand/results/phase1/run_20260413_pollard_multiscene_500_run2_refined/prism3/generated_mjcf/scene_prism3_tn0d0081p0d0249p0d0074_ip0d0208n0d0041p0d0060_mp0d0165p0d0220p0d0000.xml,prism_y0d0350,True,0.02,4.0,1.0,1.0,4.118184959191457,0.049713704208073556,4.0,0.0060812433438211565,0.04149698634226351,0.00040450251815892305,8.171986193181158e-05,1.0,-0.008107505421219302,0.024897468565151633,0.007392595337002955,0.020834492113102794,-0.004065712382739778,0.005970238289425941,0.01648862815479199,0.021974727226854895,0.0,"[0.0866328403045137, 1.2719057801813232, -1.0627636242929768, -0.06422771720503051, 1.503924751709878, 0.9417088640929628, 0.02164145555888773, 1.362973650422814, 1.2451251790621114]"
prism3,389,/home/humanoid/Programs/hand/results/phase1/run_20260413_pollard_multiscene_500_run2_refined/prism3/generated_mjcf/scene_prism3_tn0d0039p0d0285p0d0057_ip0d0208n0d0041p0d0036_mp0d0108p0d0059p0d0000.xml,prism_y0d0350,True,0.02,4.0,1.0,1.0,4.61327192550616,0.05333323110363061,5.0,0.006478201152888919,0.196337896632157,0.0018306793867183613,0.0,1.0,-0.0038931974279779093,0.02852385064265748,0.005709619844043064,0.020838318228018286,-0.0041099736522949,0.003648895908196892,0.0108003713735257,0.005888130359499352,0.0,"[0.0866328403045137, 1.2719057801813232, -1.0627636242929768, -0.06422771720503051, 1.503924751709878, 0.9417088640929628, 0.02164145555888773, 1.362973650422814, 1.2451251790621114]"
prism3,390,/home/humanoid/Programs/hand/results/phase1/run_20260413_pollard_multiscene_500_run2_refined/prism3/generated_mjcf/scene_prism3_tp0d0111p0d0091p0d0111_ip0d0003n0d0059p0d0000_mp0d0056p0d0107p0d0000.xml,prism_y0d0350,True,0.02,4.0,1.0,1.0,4.596875560720513,0.046443327795716374,6.0,0.006841990161068181,0.32984439424427814,0.02198965319661176,0.002795196124259214,1.0,0.011086732584622856,0.009114061201632327,0.011143108779249625,0.00025073679208613593,-0.0059266445125180246,0.0,0.0055913408234708984,0.010650676511304417,0.0,"[0.0866328403045137, 1.2719057801813232, -1.0627636242929768, -0.06422771720503051, 1.503924751709878, 0.9417088640929628, 0.02164145555888773, 1.362973650422814, 1.2451251790621114]"
prism3,391,/home/humanoid/Programs/hand/results/phase1/run_20260413_pollard_multiscene_500_run2_refined/prism3/generated_mjcf/scene_prism3_tp0d0086p0d0123p0d0089_ip0d0070n0d0226p0d0091_mp0d0164p0d0140p0d0037.xml,prism_y0d0350,True,0.02,4.0,1.0,1.0,4.870909047082843,0.052729544818201364,6.0,0.0062600218650916166,0.22789530758457083,0.02090972160490841,0.00020519600474053212,1.0,0.008609555327129374,0.012341154397680697,0.008912346989687733,0.007000500798774553,-0.022583043905803016,0.009075589409086891,0.016411278947240843,0.014031523004441703,0.003694186370186217,"[0.0866328403045137, 1.2719057801813232, -1.0627636242929768, -0.06422771720503051, 1.503924751709878, 0.9417088640929628, 0.02164145555888773, 1.362973650422814, 1.2451251790621114]"
prism3,392,/home/humanoid/Programs/hand/results/phase1/run_20260413_pollard_multiscene_500_run2_refined/prism3/generated_mjcf/scene_prism3_tp0d0043p0d0176p0d0012_ip0d0077n0d0128p0d0049_mp0d0080p0d0130p0d0065.xml,prism_y0d0350,True,0.02,4.0,1.0,1.0,4.115636300131083,0.04971003691474089,4.0,0.005938089517952734,0.05846976043045721,0.0003357694071258225,0.00012947769513488305,1.0,0.004254000457927461,0.01759718261799633,0.0011591161610298387,0.007690670392919728,-0.012804244452743358,0.0048799535306744725,0.007961258183951048,0.01299761563100522,0.006523599200057,"[0.0866328403045137, 1.2719057801813232, -1.0627636242929768, -0.06422771720503051, 1.503924751709878, 0.9417088640929628, 0.02164145555888773, 1.362973650422814, 1.2451251790621114]"
prism3,393,/home/humanoid/Programs/hand/results/phase1/run_20260413_pollard_multiscene_500_run2_refined/prism3/generated_mjcf/scene_prism3_tn0d0050p0d0163p0d0000_ip0d0035n0d0034p0d0000_mp0d0059p0d0048p0d0000.xml,prism_y0d0350,True,0.02,4.0,1.0,1.0,4.11695094226212,0.049536708675559385,4.0,0.005918926992929636,0.006051970039291298,0.00043960703225139183,0.00012088080809979918,1.0,-0.004985988495398425,0.016300216267685623,0.0,0.0034683806033389258,-0.003396272985994214,0.0,0.005879648740595553,0.004792153550523294,0.0,"[0.0866328403045137, 1.2719057801813232, -1.0627636242929768, -0.06422771720503051, 1.503924751709878, 0.9417088640929628, 0.02164145555888773, 1.362973650422814, 1.2451251790621114]"
prism3,394,/home/humanoid/Programs/hand/results/phase1/run_20260413_pollard_multiscene_500_run2_refined/prism3/generated_mjcf/scene_prism3_tp0d0025p0d0092p0d0113_ip0d0219n0d0209p0d0000_mp0d0081p0d0097p0d0000.xml,prism_y0d0350,True,0.02,4.0,1.0,1.0,4.058085274276766,0.04826329304678484,4.0,0.006073550743771396,0.05303582194809447,0.0007751028279313283,0.0005314075511132499,1.0,0.002490598221685335,0.00915709564276886,0.011311791537951966,0.021897171626930806,-0.020911052181316225,0.0,0.008075035345848846,0.009678888052115298,0.0,"[0.0866328403045137, 1.2719057801813232, -1.0627636242929768, -0.06422771720503051, 1.503924751709878, 0.9417088640929628, 0.02164145555888773, 1.362973650422814, 1.2451251790621114]"
prism3,395,/home/humanoid/Programs/hand/results/phase1/run_20260413_pollard_multiscene_500_run2_refined/prism3/generated_mjcf/scene_prism3_tn0d0095p0d0197p0d0090_ip0d0217n0d0162p0d0000_mp0d0137p0d0125p0d0097.xml,prism_y0d0350,True,0.02,4.0,1.0,1.0,4.5481705317238985,0.052226702783689766,5.0,0.006210485342039403,0.22477251654362998,0.005604536256603267,0.0,1.0,-0.00953061315295389,0.01970784975786273,0.009043612848737722,0.02166338004553322,-0.01616864958747996,0.0,0.01367630035117491,0.012518278257087605,0.009730640697078064,"[0.0866328403045137, 1.2719057801813232, -1.0627636242929768, -0.06422771720503051, 1.503924751709878, 0.9417088640929628, 0.02164145555888773, 1.362973650422814, 1.2451251790621114]"
prism3,396,/home/humanoid/Programs/hand/results/phase1/run_20260413_pollard_multiscene_500_run2_refined/prism3/generated_mjcf/scene_prism3_tp0d0070p0d0222p0d0038_ip0d0151n0d0084p0d0000_mp0d0110p0d0104p0d0000.xml,prism_y0d0350,True,0.02,4.0,1.0,1.0,4.457380579576012,0.04962523022346688,5.0,0.0060131292172172545,0.264580570656283,0.004631522368741981,0.0,1.0,0.007035811052865017,0.02218081977592099,0.003815341310432256,0.01510725445699214,-0.008439512570922078,0.0,0.010976962247331351,0.01039287020671183,0.0,"[0.0866328403045137, 1.2719057801813232, -1.0627636242929768, -0.06422771720503051, 1.503924751709878, 0.9417088640929628, 0.02164145555888773, 1.362973650422814, 1.2451251790621114]"
prism3,397,/home/humanoid/Programs/hand/results/phase1/run_20260413_pollard_multiscene_500_run2_refined/prism3/generated_mjcf/scene_prism3_tp0d0042p0d0183p0d0082_ip0d0033n0d0180p0d0088_mp0d0066p0d0266p0d0000.xml,prism_y0d0350,True,0.02,4.0,1.0,1.0,4.812088933297285,0.050827863989633834,6.0,0.006186484052970116,0.13285748335152295,0.022430785955205146,0.0,1.0,0.004177515190882806,0.018256379083365838,0.008178273670573787,0.0032815323204622516,-0.01803993751952694,0.008760822790220408,0.006593736646331887,0.02663481077537399,0.0,"[0.0866328403045137, 1.2719057801813232, -1.0627636242929768, -0.06422771720503051, 1.503924751709878, 0.9417088640929628, 0.02164145555888773, 1.362973650422814, 1.2451251790621114]"
prism3,398,/home/humanoid/Programs/hand/results/phase1/run_20260413_pollard_multiscene_500_run2_refined/prism3/generated_mjcf/scene_prism3_tp0d0086p0d0213p0d0009_ip0d0108n0d0199p0d0066_mp0d0077p0d0183p0d0034.xml,prism_y0d0350,True,0.02,4.0,1.0,1.0,3.9355888907220997,0.05200057962350506,4.0,0.006007063200137444,1.1226386637031427,0.01733691169080514,0.0,1.0,0.008571605710506466,0.021259249860929377,0.0008803123529353071,0.010802095205575884,-0.019921780238881113,0.006613136719011141,0.007685854373764274,0.0183301494512482,0.003400613466890816,"[0.0866328403045137, 1.2719057801813232, -1.0627636242929768, -0.06422771720503051, 1.503924751709878, 0.9417088640929628, 0.02164145555888773, 1.362973650422814, 1.2451251790621114]"
prism3,399,/home/humanoid/Programs/hand/results/phase1/run_20260413_pollard_multiscene_500_run2_refined/prism3/generated_mjcf/scene_prism3_tp0d0088p0d0300p0d0009_ip0d0029n0d0117p0d0120_mp0d0050p0d0090p0d0058.xml,prism_y0d0350,True,0.02,4.0,1.0,1.0,4.124894151923831,0.0512740571348761,5.0,0.007225837579328489,1.6494285712777423,0.02237873763478115,0.006129955094818937,1.0,0.008824535085985016,0.03,0.0008932574776091152,0.0029455698672819766,-0.011691082195174523,0.011978490078858362,0.005010734973117511,0.00897510569587991,0.0057671861599445234,"[0.0866328403045137, 1.2719057801813232, -1.0627636242929768, -0.06422771720503051, 1.503924751709878, 0.9417088640929628, 0.02164145555888773, 1.362973650422814, 1.2451251790621114]"
prism3,400,/home/humanoid/Programs/hand/results/phase1/run_20260413_pollard_multiscene_500_run2_refined/prism3/generated_mjcf/scene_prism3_tp0d0094p0d0127p0d0051_ip0d0209n0d0108p0d0092_mp0d0144p0d0193p0d0000.xml,prism_y0d0350,True,0.02,4.0,1.0,1.0,4.056267222648728,0.04948649436084243,4.0,0.0108688753815874,0.19648094028368568,0.00035395057405700013,0.0018688737275572992,1.0,0.009372313123217593,0.012687591986216464,0.005107999205280118,0.020884326403043323,-0.01077608685664617,0.009235654013356007,0.014419671401879495,0.01932431120884613,0.0,"[0.0866328403045137, 1.2719057801813232, -1.0627636242929768, -0.06422771720503051, 1.503924751709878, 0.9417088640929628, 0.02164145555888773, 1.362973650422814, 1.2451251790621114]"
prism3,401,/home/humanoid/Programs/hand/results/phase1/run_20260413_pollard_multiscene_500_run2_refined/prism3/generated_mjcf/scene_prism3_tn0d0066p0d0138p0d0000_ip0d0011n0d0196p0d0076_mp0d0043p0d0047p0d0000.xml,prism_y0d0350,True,0.02,4.0,1.0,1.0,3.9698345227218628,0.050023396422026856,5.0,0.00596307806650367,3.2251584578314225,0.014214071206892736,0.0,1.0,-0.006568166016017537,0.013757574947577381,0.0,0.001065966599342636,-0.01962445671424908,0.0076232278739171815,0.004307982889677852,0.004710504044540714,0.0,"[0.0866328403045137, 1.2719057801813232, -1.0627636242929768, -0.06422771720503051, 1.503924751709878, 0.9417088640929628, 0.02164145555888773, 1.362973650422814, 1.2451251790621114]"
prism3,402,/home/humanoid/Programs/hand/results/phase1/run_20260413_pollard_multiscene_500_run2_refined/prism3/generated_mjcf/scene_prism3_tn0d0061p0d0117p0d0000_ip0d0051n0d0055p0d0000_mp0d0162p0d0205p0d0000.xml,prism_y0d0350,True,0.02,4.0,1.0,1.0,4.552850650686201,0.05073572404848319,5.0,0.007326366657847863,0.04224007551575734,0.0001617433888181826,7.837383622848193e-05,1.0,-0.006070162506608994,0.011700464662166754,0.0,0.005108954427857113,-0.005521412233569041,0.0,0.0161877500683167,0.020471673403065584,0.0,"[0.0866328403045137, 1.2719057801813232, -1.0627636242929768, -0.06422771720503051, 1.503924751709878, 0.9417088640929628, 0.02164145555888773, 1.362973650422814, 1.2451251790621114]"
prism3,403,/home/humanoid/Programs/hand/results/phase1/run_20260413_pollard_multiscene_500_run2_refined/prism3/generated_mjcf/scene_prism3_tn0d0060p0d0300p0d0038_ip0d0005n0d0059p0d0000_mp0d0128p0d0242p0d0000.xml,prism_y0d0350,True,0.02,4.0,1.0,1.0,4.4842125456083775,0.04894167213410758,5.0,0.005994675136405239,0.04839915609729779,0.0011077774236477292,0.0002375075713413194,1.0,-0.006013261280368498,0.03,0.0037994320888812723,0.0004817540822769067,-0.005867111497752016,0.0,0.01282047936393451,0.024198128950756195,0.0,"[0.0866328403045137, 1.2719057801813232, -1.0627636242929768, -0.06422771720503051, 1.503924751709878, 0.9417088640929628, 0.02164145555888773, 1.362973650422814, 1.2451251790621114]"
prism3,404,/home/humanoid/Programs/hand/results/phase1/run_20260413_pollard_multiscene_500_run2_refined/prism3/generated_mjcf/scene_prism3_tp0d0014p0d0095p0d0078_ip0d0166n0d0207p0d0000_mp0d0045p0d0151p0d0008.xml,prism_y0d0350,True,0.02,4.0,1.0,1.0,3.7711614611248336,0.0488192854622579,4.0,0.006062051942138877,1.150858021068743,0.02118950818783185,0.0021353061568844395,1.0,0.001414445381986533,0.009486985216727615,0.007769364107765152,0.01657461588220816,-0.020718033407936723,0.0,0.004544141871500557,0.01511193721917458,0.0007559026465335395,"[0.0866328403045137, 1.2719057801813232, -1.0627636242929768, -0.06422771720503051, 1.503924751709878, 0.9417088640929628, 0.02164145555888773, 1.362973650422814, 1.2451251790621114]"
prism3,405,/home/humanoid/Programs/hand/results/phase1/run_20260413_pollard_multiscene_500_run2_refined/prism3/generated_mjcf/scene_prism3_tn0d0054p0d0250p0d0000_in0d0008n0d0049p0d0000_mp0d0209p0d0196p0d0000.xml,prism_y0d0350,True,0.02,4.0,1.0,1.0,5.031374402300439,0.053846346430350495,6.0,0.006177828232468356,0.11967803082139054,0.003823393612280578,0.0,1.0,-0.005358389402565853,0.025047091820678522,0.0,-0.0007916345280545387,-0.004914922017206636,0.0,0.020890783474579788,0.019618085441763078,0.0,"[0.0866328403045137, 1.2719057801813232, -1.0627636242929768, -0.06422771720503051, 1.503924751709878, 0.9417088640929628, 0.02164145555888773, 1.362973650422814, 1.2451251790621114]"
prism3,406,/home/humanoid/Programs/hand/results/phase1/run_20260413_pollard_multiscene_500_run2_refined/prism3/generated_mjcf/scene_prism3_tn0d0060p0d0184p0d0000_ip0d0056n0d0197p0d0000_mp0d0095p0d0212p0d0075.xml,prism_y0d0350,True,0.02,4.0,1.0,1.0,4.923651279259434,0.05328052956760876,6.0,0.005939832266281032,0.45529226447497917,0.010165625233844015,0.0,1.0,-0.005993677595785198,0.018350511114540634,0.0,0.005583373121617044,-0.019703464659717004,0.0,0.009452975904973352,0.021158879065359362,0.007512942109960084,"[0.0866328403045137, 1.2719057801813232, -1.0627636242929768, -0.06422771720503051, 1.503924751709878, 0.9417088640929628, 0.02164145555888773, 1.362973650422814, 1.2451251790621114]"
prism3,407,/home/humanoid/Programs/hand/results/phase1/run_20260413_pollard_multiscene_500_run2_refined/prism3/generated_mjcf/scene_prism3_tn0d0051p0d0279p0d0054_ip0d0150n0d0131p0d0007_mp0d0011p0d0239p0d0037.xml,prism_y0d0350,True,0.02,4.0,1.0,1.0,4.976250014254255,0.05405008925300103,6.0,0.006284856300997677,0.28429981129646303,0.010048070884052799,0.0,1.0,-0.005140192786809574,0.027934052286104214,0.0054220926649164,0.01495389301596657,-0.013107166884916394,0.0007151348632215403,0.0010701092854143394,0.023868681030051596,0.003737171765941818,"[0.0866328403045137, 1.2719057801813232, -1.0627636242929768, -0.06422771720503051, 1.503924751709878, 0.9417088640929628, 0.02164145555888773, 1.362973650422814, 1.2451251790621114]"
prism3,408,/home/humanoid/Programs/hand/results/phase1/run_20260413_pollard_multiscene_500_run2_refined/prism3/generated_mjcf/scene_prism3_tn0d0031p0d0175p0d0000_ip0d0080n0d0202p0d0000_mp0d0019p0d0207p0d0000.xml,prism_y0d0350,True,0.02,4.0,1.0,1.0,4.519771576323371,0.04992085672096643,5.0,0.005916576393510327,0.07415943507035236,0.0006531871154687378,4.851818083900783e-05,1.0,-0.0031305004524421823,0.017539118084760424,0.0,0.008034582351909472,-0.02018176662419567,0.0,0.0019428792417899906,0.020656344238335456,0.0,"[0.0866328403045137, 1.2719057801813232, -1.0627636242929768, -0.06422771720503051, 1.503924751709878, 0.9417088640929628, 0.02164145555888773, 1.362973650422814, 1.2451251790621114]"
prism3,409,/home/humanoid/Programs/hand/results/phase1/run_20260413_pollard_multiscene_500_run2_refined/prism3/generated_mjcf/scene_prism3_tn0d0016p0d0090p0d0000_ip0d0077n0d0186p0d0000_mp0d0089p0d0119p0d0000.xml,prism_y0d0350,True,0.02,4.0,1.0,1.0,4.138396756890055,0.051909558477894205,4.0,0.006968431339745083,0.1436619272883513,0.007158606343916645,0.0,1.0,-0.0016323170947495774,0.009036595485457571,0.0,0.007686997919964198,-0.018553378636850654,0.0,0.00890338183766952,0.011899722188182634,0.0,"[0.0866328403045137, 1.2719057801813232, -1.0627636242929768, -0.06422771720503051, 1.503924751709878, 0.9417088640929628, 0.02164145555888773, 1.362973650422814, 1.2451251790621114]"
prism3,410,/home/humanoid/Programs/hand/results/phase1/run_20260413_pollard_multiscene_500_run2_refined/prism3/generated_mjcf/scene_prism3_tn0d0053p0d0114p0d0023_ip0d0085n0d0114p0d0018_mp0d0188p0d0116p0d0014.xml,prism_y0d0350,True,0.02,4.0,1.0,1.0,4.97739586642832,0.05162215820478612,6.0,0.006849876518671731,0.047908073807847694,0.0014156177717789965,0.0,1.0,-0.005293281935177009,0.011409198503569133,0.0023185881529035456,0.008519201573778543,-0.011410397534888745,0.0017575752571704177,0.01881142883562955,0.011645587587469603,0.00142551727874291,"[0.0866328403045137, 1.2719057801813232, -1.0627636242929768, -0.06422771720503051, 1.503924751709878, 0.9417088640929628, 0.02164145555888773, 1.362973650422814, 1.2451251790621114]"
prism3,411,/home/humanoid/Programs/hand/results/phase1/run_20260413_pollard_multiscene_500_run2_refined/prism3/generated_mjcf/scene_prism3_tn0d0048p0d0150p0d0000_ip0d0065n0d0078p0d0000_mn0d0008p0d0033p0d0000.xml,prism_y0d0350,True,0.02,4.0,1.0,1.0,4.520337922430248,0.0498014151426457,5.0,0.005920057588281444,0.03152577912125215,0.0008716404219441196,7.606524882800003e-05,1.0,-0.00483454322046063,0.0150354995281941,0.0,0.006463405685212573,-0.007794424323765136,0.0,-0.0007991368204927872,0.003305963248475482,0.0,"[0.0866328403045137, 1.2719057801813232, -1.0627636242929768, -0.06422771720503051, 1.503924751709878, 0.9417088640929628, 0.02164145555888773, 1.362973650422814, 1.2451251790621114]"
prism3,412,/home/humanoid/Programs/hand/results/phase1/run_20260413_pollard_multiscene_500_run2_refined/prism3/generated_mjcf/scene_prism3_tn0d0022p0d0223p0d0000_ip0d0189n0d0096p0d0055_mp0d0016p0d0090p0d0000.xml,prism_y0d0350,True,0.02,4.0,1.0,1.0,4.9459156155053705,0.053213598512878935,6.0,0.006286303906080235,0.5937834224940722,0.0024867018765200198,0.0,1.0,-0.0021633292292821196,0.02230517427223252,0.0,0.018897786349753608,-0.009618802295454976,0.005502816790046914,0.0016095316072317848,0.009027481605026609,0.0,"[0.0866328403045137, 1.2719057801813232, -1.0627636242929768, -0.06422771720503051, 1.503924751709878, 0.9417088640929628, 0.02164145555888773, 1.362973650422814, 1.2451251790621114]"
prism3,413,/home/humanoid/Programs/hand/results/phase1/run_20260413_pollard_multiscene_500_run2_refined/prism3/generated_mjcf/scene_prism3_tp0d0027p0d0123p0d0068_ip0d0058n0d0063p0d0039_mp0d0002p0d0195p0d0072.xml,prism_y0d0350,True,0.02,4.0,1.0,1.0,3.949875719406486,0.04834947440438894,4.0,0.008492469828682065,0.4390701218369379,0.0012836660974574604,0.0043173691857898155,1.0,0.0026700165276494457,0.01226117259601896,0.006755428193157744,0.005831519725040962,-0.006284982002491805,0.003932208229509883,0.0001521947786814904,0.019464330946787185,0.007165036133727081,"[0.0866328403045137, 1.2719057801813232, -1.0627636242929768, -0.06422771720503051, 1.503924751709878, 0.9417088640929628, 0.02164145555888773, 1.362973650422814, 1.2451251790621114]"
prism3,414,/home/humanoid/Programs/hand/results/phase1/run_20260413_pollard_multiscene_500_run2_refined/prism3/generated_mjcf/scene_prism3_tp0d0119p0d0161p0d0000_ip0d0066n0d0103p0d0010_mn0d0012p0d0040p0d0000.xml,prism_y0d0350,True,0.02,4.0,1.0,1.0,4.101656285668152,0.04977578264830555,4.0,0.005928327617985406,0.11008856855537537,0.001998764309518014,1.1131720513091192e-05,1.0,0.011926975172027825,0.016136097000490002,0.0,0.006603760238197899,-0.010256639026435648,0.000980959618551415,-0.0012493701764418955,0.004048123202399532,0.0,"[0.0866328403045137, 1.2719057801813232, -1.0627636242929768, -0.06422771720503051, 1.503924751709878, 0.9417088640929628, 0.02164145555888773, 1.362973650422814, 1.2451251790621114]"
prism3,415,/home/humanoid/Programs/hand/results/phase1/run_20260413_pollard_multiscene_500_run2_refined/prism3/generated_mjcf/scene_prism3_tp0d0091p0d0097p0d0079_ip0d0109n0d0031p0d0000_mp0d0176p0d0167p0d0000.xml,prism_y0d0350,True,0.02,4.0,1.0,1.0,4.4535913242497,0.04967859940503372,5.0,0.0077357030385680385,0.1897843539387454,0.004199455223138567,0.0013353220349750783,1.0,0.00906606741877758,0.009713425617874147,0.00791014140138167,0.010867190352182917,-0.003114253838119847,0.0,0.017584104657214175,0.01666546351720368,0.0,"[0.0866328403045137, 1.2719057801813232, -1.0627636242929768, -0.06422771720503051, 1.503924751709878, 0.9417088640929628, 0.02164145555888773, 1.362973650422814, 1.2451251790621114]"
prism3,416,/home/humanoid/Programs/hand/results/phase1/run_20260413_pollard_multiscene_500_run2_refined/prism3/generated_mjcf/scene_prism3_tn0d0072p0d0300p0d0000_in0d0010n0d0137p0d0020_mp0d0146p0d0033p0d0000.xml,prism_y0d0350,True,0.02,4.0,1.0,1.0,4.0010107644170905,0.053047828634124355,4.0,0.008935396037601668,0.8542644051503174,0.013227320304335894,0.0025240719252913185,1.0,-0.007174041971646325,0.03,0.0,-0.0009581709355264475,-0.013714458911787292,0.0019873955854658922,0.014588047567082667,0.0033140840490026857,0.0,"[0.0866328403045137, 1.2719057801813232, -1.0627636242929768, -0.06422771720503051, 1.503924751709878, 0.9417088640929628, 0.02164145555888773, 1.362973650422814, 1.2451251790621114]"
prism3,417,/home/humanoid/Programs/hand/results/phase1/run_20260413_pollard_multiscene_500_run2_refined/prism3/generated_mjcf/scene_prism3_tn0d0119p0d0130p0d0033_ip0d0053n0d0196p0d0063_mp0d0108p0d0186p0d0073.xml,prism_y0d0350,True,0.02,4.0,1.0,1.0,5.011820004631863,0.05336854158686319,6.0,0.006573907529946966,0.14808398035108672,0.003453089799298628,0.0,1.0,-0.011856844397496631,0.01301493444648736,0.0033127292805139857,0.005330779465385114,-0.019633635020686522,0.006301068543077583,0.01080103995901315,0.018606390761993538,0.007283380888463132,"[0.0866328403045137, 1.2719057801813232, -1.0627636242929768, -0.06422771720503051, 1.503924751709878, 0.9417088640929628, 0.02164145555888773, 1.362973650422814, 1.2451251790621114]"
prism3,418,/home/humanoid/Programs/hand/results/phase1/run_20260413_pollard_multiscene_500_run2_refined/prism3/generated_mjcf/scene_prism3_tn0d0063p0d0094p0d0039_ip0d0171n0d0119p0d0074_mp0d0067p0d0205p0d0006.xml,prism_y0d0350,True,0.02,4.0,1.0,1.0,4.094433622104425,0.04975446095881793,4.0,0.011037059014034116,0.030907700868251058,0.002148302304274808,0.0006143687058539488,1.0,-0.006296620053095982,0.009416219417424817,0.003924512405020338,0.01710157573507877,-0.01187522612800575,0.007410642288759425,0.006671445387090337,0.020463784667246666,0.0006463969782932299,"[0.0866328403045137, 1.2719057801813232, -1.0627636242929768, -0.06422771720503051, 1.503924751709878, 0.9417088640929628, 0.02164145555888773, 1.362973650422814, 1.2451251790621114]"
prism3,419,/home/humanoid/Programs/hand/results/phase1/run_20260413_pollard_multiscene_500_run2_refined/prism3/generated_mjcf/scene_prism3_tn0d0041p0d0241p0d0000_ip0d0099n0d0077p0d0052_mp0d0009p0d0211p0d0000.xml,prism_y0d0350,True,0.02,4.0,1.0,1.0,4.020529961063211,0.05019682196856946,4.0,0.005969654319987691,0.6986421563783891,0.0032705292899978884,0.0,1.0,-0.0041412976865153744,0.02409152225526526,0.0,0.009925318078709394,-0.0076590425951469,0.005194099965976872,0.0008881900785973618,0.021141476289865326,0.0,"[0.0866328403045137, 1.2719057801813232, -1.0627636242929768, -0.06422771720503051, 1.503924751709878, 0.9417088640929628, 0.02164145555888773, 1.362973650422814, 1.2451251790621114]"
prism3,420,/home/humanoid/Programs/hand/results/phase1/run_20260413_pollard_multiscene_500_run2_refined/prism3/generated_mjcf/scene_prism3_tp0d0071p0d0239p0d0000_ip0d0117n0d0022p0d0000_mp0d0151p0d0196p0d0030.xml,prism_y0d0350,True,0.02,4.0,1.0,1.0,4.943573109702037,0.05346277006605579,6.0,0.006049263592321108,0.316705979834961,0.01133656974167167,0.0,1.0,0.007137772626772659,0.023857670287552885,0.0,0.011669115350941957,-0.002227125826247416,0.0,0.015091260244914308,0.019558435737760817,0.0029842274549594285,"[0.0866328403045137, 1.2719057801813232, -1.0627636242929768, -0.06422771720503051, 1.503924751709878, 0.9417088640929628, 0.02164145555888773, 1.362973650422814, 1.2451251790621114]"
prism3,421,/home/humanoid/Programs/hand/results/phase1/run_20260413_pollard_multiscene_500_run2_refined/prism3/generated_mjcf/scene_prism3_tp0d0031p0d0156p0d0000_ip0d0072n0d0037p0d0005_mp0d0046p0d0088p0d0005.xml,prism_y0d0350,True,0.02,4.0,1.0,1.0,4.498419978653377,0.04953693239843181,5.0,0.0059026107624686915,0.10212669558068908,0.0011551207383392146,0.00010980874997162937,1.0,0.003101723536340091,0.015595989589606042,0.0,0.0072454315533282704,-0.003652126546145917,0.0005213155205137689,0.004554379635483783,0.008842974072948777,0.0005496837176906175,"[0.0866328403045137, 1.2719057801813232, -1.0627636242929768, -0.06422771720503051, 1.503924751709878, 0.9417088640929628, 0.02164145555888773, 1.362973650422814, 1.2451251790621114]"
prism3,422,/home/humanoid/Programs/hand/results/phase1/run_20260413_pollard_multiscene_500_run2_refined/prism3/generated_mjcf/scene_prism3_tp0d0075p0d0090p0d0000_ip0d0095n0d0057p0d0041_mp0d0134p0d0225p0d0000.xml,prism_y0d0350,True,0.02,4.0,1.0,1.0,4.043318819995669,0.05024555754800005,4.0,0.011439200627551023,0.3776617454805973,0.004905227380162488,0.000526388902180569,1.0,0.00753359398917278,0.009021919988826161,0.0,0.009544862541769275,-0.005731684550799405,0.004082674828820045,0.013428867191625499,0.02246770650074717,0.0,"[0.0866328403045137, 1.2719057801813232, -1.0627636242929768, -0.06422771720503051, 1.503924751709878, 0.9417088640929628, 0.02164145555888773, 1.362973650422814, 1.2451251790621114]"
prism3,423,/home/humanoid/Programs/hand/results/phase1/run_20260413_pollard_multiscene_500_run2_refined/prism3/generated_mjcf/scene_prism3_tp0d0012p0d0181p0d0075_ip0d0212n0d0045p0d0015_mp0d0201p0d0059p0d0019.xml,prism_y0d0350,True,0.02,4.0,1.0,1.0,4.120139066454409,0.049613924768059176,4.0,0.006079837188797972,0.00909696753941003,0.0002035172247097341,0.00013358146424131967,1.0,0.001238563357003111,0.018056065507205808,0.007519693428228502,0.021206132398409232,-0.004470630085174411,0.001547317764403448,0.020053196267056254,0.005944634302786423,0.0019053686702290105,"[0.0866328403045137, 1.2719057801813232, -1.0627636242929768, -0.06422771720503051, 1.503924751709878, 0.9417088640929628, 0.02164145555888773, 1.362973650422814, 1.2451251790621114]"
prism3,424,/home/humanoid/Programs/hand/results/phase1/run_20260413_pollard_multiscene_500_run2_refined/prism3/generated_mjcf/scene_prism3_tp0d0094p0d0236p0d0023_ip0d0102n0d0222p0d0000_mp0d0161p0d0091p0d0072.xml,prism_y0d0350,True,0.02,4.0,1.0,1.0,3.7587198821276537,0.05117547199191426,4.0,0.010064411307231935,1.9045000307468505,0.016340748726976443,0.0023811098334163006,1.0,0.009439976988392936,0.0235887609771427,0.0023219766442525783,0.010182597409066308,-0.022214054731901495,0.0,0.01607133661999266,0.00907854784007011,0.007199720664709967,"[0.0866328403045137, 1.2719057801813232, -1.0627636242929768, -0.06422771720503051, 1.503924751709878, 0.9417088640929628, 0.02164145555888773, 1.362973650422814, 1.2451251790621114]"
prism3,425,/home/humanoid/Programs/hand/results/phase1/run_20260413_pollard_multiscene_500_run2_refined/prism3/generated_mjcf/scene_prism3_tn0d0097p0d0265p0d0000_ip0d0173n0d0239p0d0060_mp0d0079p0d0266p0d0000.xml,prism_y0d0350,True,0.02,4.0,1.0,1.0,4.9257304985772725,0.05076444278779063,6.0,0.007261451507027621,0.12415712098493883,0.0029797546389338345,0.0,1.0,-0.009735946968143526,0.026515306910265567,0.0,0.017292401019917678,-0.023949163087233355,0.0060141306694627104,0.00787056582813915,0.026566998527488665,0.0,"[0.0866328403045137, 1.2719057801813232, -1.0627636242929768, -0.06422771720503051, 1.503924751709878, 0.9417088640929628, 0.02164145555888773, 1.362973650422814, 1.2451251790621114]"
prism3,426,/home/humanoid/Programs/hand/results/phase1/run_20260413_pollard_multiscene_500_run2_refined/prism3/generated_mjcf/scene_prism3_tn0d0023p0d0240p0d0049_ip0d0145n0d0043p0d0105_mp0d0153p0d0156p0d0059.xml,prism_y0d0350,True,0.02,4.0,1.0,1.0,4.10516080645213,0.04977405336129646,4.0,0.006034423074977577,0.10898894148385678,0.0014189789701188706,0.0,1.0,-0.002251750389289927,0.023967651029735318,0.004939390703879207,0.014508762345518499,-0.004347934226913543,0.010485183735368647,0.015342193193272654,0.015622395217333425,0.005919397109665846,"[0.0866328403045137, 1.2719057801813232, -1.0627636242929768, -0.06422771720503051, 1.503924751709878, 0.9417088640929628, 0.02164145555888773, 1.362973650422814, 1.2451251790621114]"
prism3,427,/home/humanoid/Programs/hand/results/phase1/run_20260413_pollard_multiscene_500_run2_refined/prism3/generated_mjcf/scene_prism3_tp0d0116p0d0081p0d0063_ip0d0084n0d0079p0d0000_mp0d0035p0d0218p0d0063.xml,prism_y0d0350,True,0.02,4.0,1.0,1.0,4.369154177743165,0.04753897243253081,5.0,0.00847415917141277,0.1521676512156843,0.0026060500665909714,0.0032750075808907347,1.0,0.011554127167321758,0.008094973935045711,0.00634021291148389,0.008382335375273374,-0.007888242921632352,0.0,0.0034908725353503265,0.021847055821519926,0.006253517562865806,"[0.0866328403045137, 1.2719057801813232, -1.0627636242929768, -0.06422771720503051, 1.503924751709878, 0.9417088640929628, 0.02164145555888773, 1.362973650422814, 1.2451251790621114]"
prism3,428,/home/humanoid/Programs/hand/results/phase1/run_20260413_pollard_multiscene_500_run2_refined/prism3/generated_mjcf/scene_prism3_tp0d0039p0d0091p0d0000_ip0d0043n0d0228p0d0000_mp0d0132p0d0109p0d0085.xml,prism_y0d0350,True,0.02,4.0,1.0,1.0,4.357428048954806,0.049345944575070744,5.0,0.007680525664139078,0.6344054099839964,0.005741308388029888,0.0020591915015510664,1.0,0.003934916242328907,0.009055660371116435,0.0,0.0042966683546525174,-0.022817310905164527,0.0,0.013238842010290162,0.010876905015767713,0.008523745451003876,"[0.0866328403045137, 1.2719057801813232, -1.0627636242929768, -0.06422771720503051, 1.503924751709878, 0.9417088640929628, 0.02164145555888773, 1.362973650422814, 1.2451251790621114]"
prism3,429,/home/humanoid/Programs/hand/results/phase1/run_20260413_pollard_multiscene_500_run2_refined/prism3/generated_mjcf/scene_prism3_tp0d0051p0d0136p0d0089_in0d0006n0d0155p0d0015_mp0d0118p0d0055p0d0053.xml,prism_y0d0350,True,0.02,4.0,1.0,1.0,4.7516263342873835,0.0499059995869372,6.0,0.006084767356726198,0.5287691783449749,0.017266456631703373,0.0,1.0,0.005125087482668465,0.013563331531296553,0.008941585970417887,-0.0005944345291723756,-0.015549005861688751,0.0015394288276203757,0.011795680983158995,0.005463134066536002,0.00529108644876362,"[0.0866328403045137, 1.2719057801813232, -1.0627636242929768, -0.06422771720503051, 1.503924751709878, 0.9417088640929628, 0.02164145555888773, 1.362973650422814, 1.2451251790621114]"
prism3,430,/home/humanoid/Programs/hand/results/phase1/run_20260413_pollard_multiscene_500_run2_refined/prism3/generated_mjcf/scene_prism3_tp0d0108p0d0253p0d0023_ip0d0047n0d0158p0d0000_mp0d0045p0d0174p0d0005.xml,prism_y0d0350,True,0.02,4.0,1.0,1.0,4.075615246471843,0.05291804576375126,5.0,0.006354170596709925,2.456772169105716,0.028863065701095248,0.001842816207800177,1.0,0.010755727203491484,0.025319041018740367,0.0023424459642572733,0.004681210473767024,-0.0158168109349753,0.0,0.004522423977653443,0.01743127013831674,0.00046354652795747506,"[0.0866328403045137, 1.2719057801813232, -1.0627636242929768, -0.06422771720503051, 1.503924751709878, 0.9417088640929628, 0.02164145555888773, 1.362973650422814, 1.2451251790621114]"
prism3,431,/home/humanoid/Programs/hand/results/phase1/run_20260413_pollard_multiscene_500_run2_refined/prism3/generated_mjcf/scene_prism3_tn0d0090p0d0163p0d0012_ip0d0106n0d0210p0d0079_mp0d0186p0d0239p0d0033.xml,prism_y0d0350,True,0.02,4.0,1.0,1.0,4.927039701599112,0.052152670697506884,6.0,0.006021628998775594,0.37023748691438274,0.005120815296486701,0.0,1.0,-0.009045069329629866,0.016286414078574243,0.001232079353439438,0.010607776781234562,-0.021005149767894388,0.007941771113298229,0.018568443556381972,0.023899946224055856,0.0033294426360466443,"[0.0866328403045137, 1.2719057801813232, -1.0627636242929768, -0.06422771720503051, 1.503924751709878, 0.9417088640929628, 0.02164145555888773, 1.362973650422814, 1.2451251790621114]"
prism3,432,/home/humanoid/Programs/hand/results/phase1/run_20260413_pollard_multiscene_500_run2_refined/prism3/generated_mjcf/scene_prism3_tp0d0063p0d0270p0d0000_ip0d0020n0d0149p0d0044_mp0d0158p0d0060p0d0000.xml,prism_y0d0350,True,0.02,4.0,1.0,1.0,0.6313481735671993,0.05465112247162825,5.0,0.006543550725731039,25.679705512793518,0.028060504227046854,0.004002929933918237,1.0,0.0063085193443046805,0.02696360007822303,0.0,0.001961325675993948,-0.014902927055320836,0.00437067189933418,0.015768154956900225,0.005974865905798616,0.0,"[0.0866328403045137, 1.2719057801813232, -1.0627636242929768, -0.06422771720503051, 1.503924751709878, 0.9417088640929628, 0.02164145555888773, 1.362973650422814, 1.2451251790621114]"
prism3,434,/home/humanoid/Programs/hand/results/phase1/run_20260413_pollard_multiscene_500_run2_refined/prism3/generated_mjcf/scene_prism3_tp0d0061p0d0184p0d0000_ip0d0176n0d0215p0d0000_mp0d0035p0d0238p0d0000.xml,prism_y0d0350,True,0.02,4.0,1.0,1.0,4.332975539102957,0.050709399374050376,5.0,0.006006047808287611,0.9275996649128334,0.015116898939217626,0.0,1.0,0.006131997720201,0.018435290362744716,0.0,0.017619931956625062,-0.021477761725560728,0.0,0.0035011270404651136,0.02378280003369332,0.0,"[0.0866328403045137, 1.2719057801813232, -1.0627636242929768, -0.06422771720503051, 1.503924751709878, 0.9417088640929628, 0.02164145555888773, 1.362973650422814, 1.2451251790621114]"
prism3,435,/home/humanoid/Programs/hand/results/phase1/run_20260413_pollard_multiscene_500_run2_refined/prism3/generated_mjcf/scene_prism3_tp0d0106p0d0242p0d0000_ip0d0096n0d0043p0d0000_mp0d0168p0d0273p0d0000.xml,prism_y0d0350,True,0.02,4.0,1.0,1.0,4.0659416436023275,0.05032707310139879,4.0,0.007359983159879713,0.36167631295695807,0.003909384170280858,0.000256516388470171,1.0,0.01063084908390945,0.024171536197284713,0.0,0.009551757925849768,-0.004272562894365733,0.0,0.01678767899884418,0.02727275818868951,0.0,"[0.0866328403045137, 1.2719057801813232, -1.0627636242929768, -0.06422771720503051, 1.503924751709878, 0.9417088640929628, 0.02164145555888773, 1.362973650422814, 1.2451251790621114]"
prism3,436,/home/humanoid/Programs/hand/results/phase1/run_20260413_pollard_multiscene_500_run2_refined/prism3/generated_mjcf/scene_prism3_tn0d0076p0d0236p0d0000_ip0d0170n0d0200p0d0017_mn0d0013p0d0079p0d0047.xml,prism_y0d0350,True,0.02,4.0,1.0,1.0,4.522776247838025,0.05109401856324683,5.0,0.007415199626876608,0.3200197526693031,0.0004468399535774992,0.0,1.0,-0.007610571290414185,0.023550381931943205,0.0,0.016999661265836574,-0.019983140800411376,0.0017189998139261614,-0.0013349599660444859,0.007934704045173926,0.004699890575137328,"[0.0866328403045137, 1.2719057801813232, -1.0627636242929768, -0.06422771720503051, 1.503924751709878, 0.9417088640929628, 0.02164145555888773, 1.362973650422814, 1.2451251790621114]"
prism3,437,/home/humanoid/Programs/hand/results/phase1/run_20260413_pollard_multiscene_500_run2_refined/prism3/generated_mjcf/scene_prism3_tp0d0026p0d0114p0d0000_ip0d0156n0d0003p0d0000_mp0d0170p0d0047p0d0000.xml,prism_y0d0350,True,0.02,4.0,1.0,1.0,4.385991414635608,0.05006785556853922,5.0,0.006021524272088277,0.7868275699433567,0.006052724371264097,0.0,1.0,0.0026176839625111185,0.011391178484980292,0.0,0.015624984481607816,-0.0003278282907494979,0.0,0.01703328899292387,0.004654251325363892,0.0,"[0.0866328403045137, 1.2719057801813232, -1.0627636242929768, -0.06422771720503051, 1.503924751709878, 0.9417088640929628, 0.02164145555888773, 1.362973650422814, 1.2451251790621114]"
prism3,438,/home/humanoid/Programs/hand/results/phase1/run_20260413_pollard_multiscene_500_run2_refined/prism3/generated_mjcf/scene_prism3_tp0d0102p0d0223p0d0000_ip0d0153n0d0106p0d0001_mp0d0175p0d0220p0d0000.xml,prism_y0d0350,True,0.02,4.0,1.0,1.0,4.8716584552796425,0.05250108065017346,6.0,0.006016698674738141,0.2935830295778092,0.018301419281713433,0.0,1.0,0.01018342807798086,0.02234125613906514,0.0,0.015265627310635044,-0.01062878129420388,0.0001183555941337601,0.017501498305174445,0.02201449786772612,0.0,"[0.0866328403045137, 1.2719057801813232, -1.0627636242929768, -0.06422771720503051, 1.503924751709878, 0.9417088640929628, 0.02164145555888773, 1.362973650422814, 1.2451251790621114]"
prism3,439,/home/humanoid/Programs/hand/results/phase1/run_20260413_pollard_multiscene_500_run2_refined/prism3/generated_mjcf/scene_prism3_tp0d0041p0d0221p0d0000_ip0d0023n0d0110p0d0000_mp0d0163p0d0236p0d0038.xml,prism_y0d0350,True,0.02,4.0,1.0,1.0,4.854439559478071,0.0499545362249158,6.0,0.007201780765950274,0.3988548405207552,0.002443466617656224,0.00042305175650261817,1.0,0.004055396234236862,0.02212583123867185,0.0,0.002321135574197007,-0.011019493156771299,0.0,0.016328507377646455,0.0235699176351113,0.0038354519921154837,"[0.0866328403045137, 1.2719057801813232, -1.0627636242929768, -0.06422771720503051, 1.503924751709878, 0.9417088640929628, 0.02164145555888773, 1.362973650422814, 1.2451251790621114]"
prism3,440,/home/humanoid/Programs/hand/results/phase1/run_20260413_pollard_multiscene_500_run2_refined/prism3/generated_mjcf/scene_prism3_tn0d0057p0d0197p0d0105_ip0d0083n0d0174p0d0070_mp0d0210p0d0172p0d0027.xml,prism_y0d0350,True,0.02,4.0,1.0,1.0,4.400169890376892,0.04979078482687216,5.0,0.006112249772370955,0.7383507513787784,0.003255077718679205,0.0,1.0,-0.0057197918777049635,0.019696955628222775,0.010458688009170419,0.008337152167123458,-0.01735205375378309,0.007023605683724916,0.02102385264600795,0.017152563023836435,0.002682832330421164,"[0.0866328403045137, 1.2719057801813232, -1.0627636242929768, -0.06422771720503051, 1.503924751709878, 0.9417088640929628, 0.02164145555888773, 1.362973650422814, 1.2451251790621114]"
prism3,441,/home/humanoid/Programs/hand/results/phase1/run_20260413_pollard_multiscene_500_run2_refined/prism3/generated_mjcf/scene_prism3_tp0d0019p0d0226p0d0066_ip0d0082n0d0120p0d0000_mp0d0103p0d0238p0d0000.xml,prism_y0d0350,True,0.02,4.0,1.0,1.0,4.043091297032218,0.04907681588696891,5.0,0.006031239339741001,2.6410634466094938,0.011062543890131425,0.0,1.0,0.0019416655371988813,0.02259363229947895,0.006594002727760957,0.008215286594117186,-0.01202021011361221,0.0,0.010305003915128633,0.023819476571518408,0.0,"[0.0866328403045137, 1.2719057801813232, -1.0627636242929768, -0.06422771720503051, 1.503924751709878, 0.9417088640929628, 0.02164145555888773, 1.362973650422814, 1.2451251790621114]"
prism3,442,/home/humanoid/Programs/hand/results/phase1/run_20260413_pollard_multiscene_500_run2_refined/prism3/generated_mjcf/scene_prism3_tp0d0098p0d0113p0d0000_ip0d0119n0d0008p0d0043_mp0d0123p0d0187p0d0000.xml,prism_y0d0350,True,0.02,4.0,1.0,1.0,4.009184849300635,0.04956787404701627,4.0,0.009485013295319476,0.46439503788895264,0.0032980632280345383,0.0014394233918955252,1.0,0.009780483521716198,0.01132231065837554,0.0,0.011857494599218721,-0.0007928173974697684,0.004320046888400382,0.012275952742412203,0.018654839480562325,0.0,"[0.0866328403045137, 1.2719057801813232, -1.0627636242929768, -0.06422771720503051, 1.503924751709878, 0.9417088640929628, 0.02164145555888773, 1.362973650422814, 1.2451251790621114]"
prism3,443,/home/humanoid/Programs/hand/results/phase1/run_20260413_pollard_multiscene_500_run2_refined/prism3/generated_mjcf/scene_prism3_tp0d0113p0d0300p0d0000_in0d0006n0d0191p0d0000_mp0d0187p0d0119p0d0095.xml,prism_y0d0350,True,0.02,4.0,1.0,1.0,2.9220819804468325,0.04943022660376461,4.0,0.012902604126778884,9.051868119224033e-05,0.04181125304858243,0.054274137194808114,0.65,0.011258075666834896,0.03,0.0,-0.0006457849871351617,-0.019081365910640965,0.0,0.018655235429646706,0.01185682668301296,0.009518651544530462,"[0.0866328403045137, 1.2719057801813232, -1.0627636242929768, -0.06422771720503051, 1.503924751709878, 0.9417088640929628, 0.02164145555888773, 1.362973650422814, 1.2451251790621114]"
prism3,444,/home/humanoid/Programs/hand/results/phase1/run_20260413_pollard_multiscene_500_run2_refined/prism3/generated_mjcf/scene_prism3_tp0d0000p0d0094p0d0090_ip0d0033n0d0070p0d0000_mn0d0015p0d0115p0d0011.xml,prism_y0d0350,True,0.02,4.0,1.0,1.0,4.3248818227876304,0.04791732709202591,5.0,0.007205857398671667,0.2925158422467634,0.010619075275675826,0.002518423553738644,1.0,3.9475085303166194e-05,0.009449388158865814,0.009004617717149246,0.0033270163392911,-0.006972047386813037,0.0,-0.0014581746872513821,0.01150486117663375,0.0011050946491694934,"[0.0866328403045137, 1.2719057801813232, -1.0627636242929768, -0.06422771720503051, 1.503924751709878, 0.9417088640929628, 0.02164145555888773, 1.362973650422814, 1.2451251790621114]"
prism3,445,/home/humanoid/Programs/hand/results/phase1/run_20260413_pollard_multiscene_500_run2_refined/prism3/generated_mjcf/scene_prism3_tp0d0077p0d0300p0d0000_ip0d0026n0d0098p0d0003_mp0d0090p0d0242p0d0073.xml,prism_y0d0350,True,0.02,4.0,1.0,1.0,4.448532721623192,0.049981208478379585,5.0,0.0059270353929229995,0.4690269335227108,0.003100244050973537,0.0,1.0,0.00768753876739613,0.03,0.0,0.0025976512521246773,-0.009816610602493132,0.00029591957992342564,0.009017485474437894,0.024158653166428484,0.007259589915213454,"[0.0866328403045137, 1.2719057801813232, -1.0627636242929768, -0.06422771720503051, 1.503924751709878, 0.9417088640929628, 0.02164145555888773, 1.362973650422814, 1.2451251790621114]"
prism3,446,/home/humanoid/Programs/hand/results/phase1/run_20260413_pollard_multiscene_500_run2_refined/prism3/generated_mjcf/scene_prism3_tn0d0011p0d0133p0d0000_ip0d0064n0d0056p0d0000_mp0d0169p0d0078p0d0097.xml,prism_y0d0350,True,0.02,4.0,1.0,1.0,5.01455447533171,0.05302704292111098,6.0,0.006676250297688069,0.04546726825203712,0.0035365726789987175,0.0,1.0,-0.0011360838082298663,0.01325824991429327,0.0,0.006370644463462772,-0.005629206754397946,0.0,0.016873785784942086,0.00783212339710345,0.009701247693015839,"[0.0866328403045137, 1.2719057801813232, -1.0627636242929768, -0.06422771720503051, 1.503924751709878, 0.9417088640929628, 0.02164145555888773, 1.362973650422814, 1.2451251790621114]"
prism3,447,/home/humanoid/Programs/hand/results/phase1/run_20260413_pollard_multiscene_500_run2_refined/prism3/generated_mjcf/scene_prism3_tn0d0090p0d0157p0d0000_ip0d0219n0d0157p0d0059_mp0d0063p0d0143p0d0034.xml,prism_y0d0350,True,0.02,4.0,1.0,1.0,3.745858231754746,0.05053588911063028,4.0,0.0059520984265406555,2.379742843216966,0.009005377296947979,0.0,1.0,-0.00904278167422818,0.015719803582083764,0.0,0.02194357027748288,-0.01567893837806663,0.005854617823766374,0.006262715532870271,0.0143171905155444,0.00339523737421424,"[0.0866328403045137, 1.2719057801813232, -1.0627636242929768, -0.06422771720503051, 1.503924751709878, 0.9417088640929628, 0.02164145555888773, 1.362973650422814, 1.2451251790621114]"
prism3,448,/home/humanoid/Programs/hand/results/phase1/run_20260413_pollard_multiscene_500_run2_refined/prism3/generated_mjcf/scene_prism3_tp0d0003p0d0134p0d0000_ip0d0206n0d0099p0d0000_mp0d0083p0d0251p0d0000.xml,prism_y0d0350,True,0.02,4.0,1.0,1.0,4.061706422294651,0.050370373389301865,4.0,0.011160093590664737,0.3957917794645802,0.002849045196127723,0.00020611842109428957,1.0,0.0002617629877949522,0.013412109453143835,0.0,0.020648687224171146,-0.009855365425905357,0.0,0.008263438874933736,0.02514626012262553,0.0,"[0.0866328403045137, 1.2719057801813232, -1.0627636242929768, -0.06422771720503051, 1.503924751709878, 0.9417088640929628, 0.02164145555888773, 1.362973650422814, 1.2451251790621114]"
prism3,449,/home/humanoid/Programs/hand/results/phase1/run_20260413_pollard_multiscene_500_run2_refined/prism3/generated_mjcf/scene_prism3_tn0d0067p0d0251p0d0000_ip0d0118n0d0189p0d0103_mp0d0178p0d0230p0d0000.xml,prism_y0d0350,True,0.02,4.0,1.0,1.0,4.082627860150017,0.052379019683198046,4.0,0.005944675173405683,0.5868926993550737,0.00845242891864035,0.0,1.0,-0.006688079787446489,0.025055041151438993,0.0,0.011787691163478548,-0.018857419838083388,0.010269059958378499,0.017802052151034024,0.02298066643960671,0.0,"[0.0866328403045137, 1.2719057801813232, -1.0627636242929768, -0.06422771720503051, 1.503924751709878, 0.9417088640929628, 0.02164145555888773, 1.362973650422814, 1.2451251790621114]"
prism3,450,/home/humanoid/Programs/hand/results/phase1/run_20260413_pollard_multiscene_500_run2_refined/prism3/generated_mjcf/scene_prism3_tn0d0115p0d0097p0d0000_ip0d0058n0d0039p0d0082_mp0d0180p0d0149p0d0014.xml,prism_y0d0350,True,0.02,4.0,1.0,1.0,4.552257065117339,0.05060635146336945,5.0,0.007031219117028523,0.013491237553601137,0.0004798520389157962,0.0,1.0,-0.011498837979600898,0.009706578963080024,0.0,0.005800274182427564,-0.003875181551276056,0.008213794678798934,0.018034952841468985,0.014892628460001858,0.0014142894425570804,"[0.0866328403045137, 1.2719057801813232, -1.0627636242929768, -0.06422771720503051, 1.503924751709878, 0.9417088640929628, 0.02164145555888773, 1.362973650422814, 1.2451251790621114]"
prism3,451,/home/humanoid/Programs/hand/results/phase1/run_20260413_pollard_multiscene_500_run2_refined/prism3/generated_mjcf/scene_prism3_tn0d0015p0d0169p0d0000_ip0d0172n0d0104p0d0011_mp0d0107p0d0072p0d0079.xml,prism_y0d0350,True,0.02,4.0,1.0,1.0,4.089488842919873,0.049249450144632195,4.0,0.005955725428025575,0.06017720851196864,0.002153002025284043,3.2155654808643797e-05,1.0,-0.0015262415059165927,0.016865296197385568,0.0,0.01723625189913445,-0.010377268605681585,0.0010902005619215262,0.010692937551189264,0.007170400093331903,0.007890693852559163,"[0.0866328403045137, 1.2719057801813232, -1.0627636242929768, -0.06422771720503051, 1.503924751709878, 0.9417088640929628, 0.02164145555888773, 1.362973650422814, 1.2451251790621114]"
prism3,452,/home/humanoid/Programs/hand/results/phase1/run_20260413_pollard_multiscene_500_run2_refined/prism3/generated_mjcf/scene_prism3_tp0d0042p0d0187p0d0000_in0d0003n0d0036p0d0030_mp0d0164p0d0240p0d0000.xml,prism_y0d0350,True,0.02,4.0,1.0,1.0,4.897132375431091,0.05030567231590019,6.0,0.007452821952789907,0.23535896121874147,0.0016736441701613368,0.0002762335430047391,1.0,0.004224288169672047,0.018713736538135094,0.0,-0.0002762932500023751,-0.0035924675596602177,0.0029657756018682153,0.016360768858148723,0.02400119577539169,0.0,"[0.0866328403045137, 1.2719057801813232, -1.0627636242929768, -0.06422771720503051, 1.503924751709878, 0.9417088640929628, 0.02164145555888773, 1.362973650422814, 1.2451251790621114]"
prism3,453,/home/humanoid/Programs/hand/results/phase1/run_20260413_pollard_multiscene_500_run2_refined/prism3/generated_mjcf/scene_prism3_tn0d0023p0d0300p0d0000_ip0d0087n0d0088p0d0000_mp0d0061p0d0096p0d0107.xml,prism_y0d0350,True,0.02,4.0,1.0,1.0,4.60320303665693,0.05735398636035598,5.0,0.006504684316276981,0.8564351750214929,0.010451973511625355,0.0,1.0,-0.002253257700280441,0.02996832043086915,0.0,0.008742601393709004,-0.008847917458295534,0.0,0.006059896220482771,0.009636807884215167,0.010725091745554787,"[0.0866328403045137, 1.2719057801813232, -1.0627636242929768, -0.06422771720503051, 1.503924751709878, 0.9417088640929628, 0.02164145555888773, 1.362973650422814, 1.2451251790621114]"
prism3,454,/home/humanoid/Programs/hand/results/phase1/run_20260413_pollard_multiscene_500_run2_refined/prism3/generated_mjcf/scene_prism3_tn0d0120p0d0128p0d0116_ip0d0050n0d0194p0d0076_mp0d0166p0d0127p0d0000.xml,prism_y0d0350,True,0.02,4.0,1.0,1.0,4.887317147891502,0.05119845086222109,6.0,0.006225484632719946,0.27054490145884685,0.008599321300328356,0.0,1.0,-0.011972388872996056,0.01282487263656613,0.011611864056680684,0.005026344630147989,-0.019399767209179065,0.007643009671431975,0.01662868765354221,0.01269309732471084,0.0,"[0.0866328403045137, 1.2719057801813232, -1.0627636242929768, -0.06422771720503051, 1.503924751709878, 0.9417088640929628, 0.02164145555888773, 1.362973650422814, 1.2451251790621114]"
prism3,455,/home/humanoid/Programs/hand/results/phase1/run_20260413_pollard_multiscene_500_run2_refined/prism3/generated_mjcf/scene_prism3_tn0d0042p0d0280p0d0000_ip0d0104n0d0162p0d0000_mp0d0194p0d0120p0d0006.xml,prism_y0d0350,True,0.02,4.0,1.0,1.0,4.164447116235977,0.0545213499521412,4.0,0.007819239551911746,0.6302710317068081,0.004968657847602086,0.0003174209286256474,1.0,-0.004184508743415265,0.027977910545990033,0.0,0.010384936074195428,-0.016192820587361226,0.0,0.019421232223716424,0.011961081300551542,0.0006333455042184973,"[0.0866328403045137, 1.2719057801813232, -1.0627636242929768, -0.06422771720503051, 1.503924751709878, 0.9417088640929628, 0.02164145555888773, 1.362973650422814, 1.2451251790621114]"
prism3,456,/home/humanoid/Programs/hand/results/phase1/run_20260413_pollard_multiscene_500_run2_refined/prism3/generated_mjcf/scene_prism3_tn0d0040p0d0123p0d0003_ip0d0092n0d0065p0d0071_mp0d0134p0d0052p0d0000.xml,prism_y0d0350,True,0.02,4.0,1.0,1.0,4.456409554395247,0.04983957029637763,5.0,0.005956277277269874,0.41910299146754054,0.00219956711721657,0.0,1.0,-0.004036233379079683,0.01228166921896134,0.0003371369671329571,0.009179435430101485,-0.006514778638218343,0.007092787816219352,0.01344244043374698,0.005212812531370138,0.0,"[0.0866328403045137, 1.2719057801813232, -1.0627636242929768, -0.06422771720503051, 1.503924751709878, 0.9417088640929628, 0.02164145555888773, 1.362973650422814, 1.2451251790621114]"
prism3,457,/home/humanoid/Programs/hand/results/phase1/run_20260413_pollard_multiscene_500_run2_refined/prism3/generated_mjcf/scene_prism3_tn0d0077p0d0092p0d0053_ip0d0059n0d0119p0d0000_mp0d0084p0d0256p0d0009.xml,prism_y0d0350,True,0.02,4.0,1.0,1.0,4.101652181313707,0.0500242714372013,4.0,0.009062981266348996,0.12695821248498904,0.0020046040971487596,0.0,1.0,-0.0077221560129722205,0.009241343482545189,0.005305268489148921,0.005934026353985964,-0.01189567654957444,0.0,0.008416652191713826,0.02558215821274215,0.0008878869964164988,"[0.0866328403045137, 1.2719057801813232, -1.0627636242929768, -0.06422771720503051, 1.503924751709878, 0.9417088640929628, 0.02164145555888773, 1.362973650422814, 1.2451251790621114]"
prism3,458,/home/humanoid/Programs/hand/results/phase1/run_20260413_pollard_multiscene_500_run2_refined/prism3/generated_mjcf/scene_prism3_tn0d0087p0d0102p0d0000_ip0d0007n0d0098p0d0001_mp0d0183p0d0189p0d0098.xml,prism_y0d0350,True,0.02,4.0,1.0,1.0,4.4872911817122905,0.0496602765121739,5.0,0.007702915266407462,0.09618988001841734,0.0010839155374845946,0.0012067242044425802,1.0,-0.008684111063004037,0.010177429826163853,0.0,0.0006950654730162355,-0.009834574943168922,9.944646366308318e-05,0.018299039648385917,0.01888504637861417,0.00980088854210293,"[0.0866328403045137, 1.2719057801813232, -1.0627636242929768, -0.06422771720503051, 1.503924751709878, 0.9417088640929628, 0.02164145555888773, 1.362973650422814, 1.2451251790621114]"
prism3,459,/home/humanoid/Programs/hand/results/phase1/run_20260413_pollard_multiscene_500_run2_refined/prism3/generated_mjcf/scene_prism3_tp0d0038p0d0277p0d0015_ip0d0094n0d0050p0d0087_mp0d0111p0d0248p0d0007.xml,prism_y0d0350,True,0.02,4.0,1.0,1.0,4.094686315554384,0.04978396427616874,4.0,0.0059837335104180765,0.16653054161998146,0.0018008976412814467,0.0,1.0,0.0038372290418067397,0.027679147460744107,0.00146902495111516,0.009444239676410551,-0.005007706588113394,0.008700653976734352,0.01105983181184128,0.024784398737338946,0.0006566282614868125,"[0.0866328403045137, 1.2719057801813232, -1.0627636242929768, -0.06422771720503051, 1.503924751709878, 0.9417088640929628, 0.02164145555888773, 1.362973650422814, 1.2451251790621114]"
prism3,460,/home/humanoid/Programs/hand/results/phase1/run_20260413_pollard_multiscene_500_run2_refined/prism3/generated_mjcf/scene_prism3_tp0d0051p0d0151p0d0076_in0d0005n0d0087p0d0083_mp0d0021p0d0071p0d0000.xml,prism_y0d0350,True,0.02,4.0,1.0,1.0,4.099784804506856,0.04942602739367119,4.0,0.005998065819266168,0.04738991972782821,0.0014204173985279053,0.0002082525235634486,1.0,0.005070275558583852,0.015144088267443812,0.0076441035634370325,-0.0004886669091993274,-0.008682677275442627,0.008332307329351672,0.0020755398598146044,0.007136235813742821,0.0,"[0.0866328403045137, 1.2719057801813232, -1.0627636242929768, -0.06422771720503051, 1.503924751709878, 0.9417088640929628, 0.02164145555888773, 1.362973650422814, 1.2451251790621114]"
prism3,461,/home/humanoid/Programs/hand/results/phase1/run_20260413_pollard_multiscene_500_run2_refined/prism3/generated_mjcf/scene_prism3_tn0d0027p0d0160p0d0096_ip0d0197n0d0084p0d0031_mp0d0191p0d0191p0d0000.xml,prism_y0d0350,True,0.02,4.0,1.0,1.0,4.974778440415727,0.051785530782390024,6.0,0.006717019995165059,0.053030941496397595,0.002721075958855681,0.0,1.0,-0.0027418946600591115,0.015962260923850703,0.009641864745706736,0.019737998008139197,-0.008400394671306056,0.003105569813784431,0.019108178305188572,0.01911854850404001,0.0,"[0.0866328403045137, 1.2719057801813232, -1.0627636242929768, -0.06422771720503051, 1.503924751709878, 0.9417088640929628, 0.02164145555888773, 1.362973650422814, 1.2451251790621114]"
prism3,462,/home/humanoid/Programs/hand/results/phase1/run_20260413_pollard_multiscene_500_run2_refined/prism3/generated_mjcf/scene_prism3_tn0d0074p0d0158p0d0080_ip0d0193n0d0065p0d0068_mp0d0003p0d0179p0d0022.xml,prism_y0d0350,True,0.02,4.0,1.0,1.0,3.8056757038124527,0.04959057025446047,4.0,0.0060468712752226065,1.8415425816156021,0.006944854216812958,0.0,1.0,-0.007404738332604117,0.015765543940939562,0.007990530901553664,0.019324819285983626,-0.006543558792698018,0.006772267263960373,0.0002677811277845294,0.017936383260698505,0.0021669874134804725,"[0.0866328403045137, 1.2719057801813232, -1.0627636242929768, -0.06422771720503051, 1.503924751709878, 0.9417088640929628, 0.02164145555888773, 1.362973650422814, 1.2451251790621114]"
prism3,463,/home/humanoid/Programs/hand/results/phase1/run_20260413_pollard_multiscene_500_run2_refined/prism3/generated_mjcf/scene_prism3_tn0d0051p0d0300p0d0000_ip0d0060n0d0056p0d0000_mn0d0001p0d0189p0d0000.xml,prism_y0d0350,True,0.02,4.0,1.0,1.0,4.559283881260155,0.05547533661051175,5.0,0.006124617680095072,0.5750624183398048,0.013974050332765796,0.0,1.0,-0.005099808976157512,0.03,0.0,0.005961773689922919,-0.005637245574518971,0.0,-0.00013024896387718067,0.018937237793003735,0.0,"[0.0866328403045137, 1.2719057801813232, -1.0627636242929768, -0.06422771720503051, 1.503924751709878, 0.9417088640929628, 0.02164145555888773, 1.362973650422814, 1.2451251790621114]"
prism3,464,/home/humanoid/Programs/hand/results/phase1/run_20260413_pollard_multiscene_500_run2_refined/prism3/generated_mjcf/scene_prism3_tn0d0054p0d0109p0d0107_ip0d0147n0d0019p0d0104_mp0d0043p0d0052p0d0098.xml,prism_y0d0350,True,0.02,4.0,1.0,1.0,4.48234743393846,0.04967375686364023,5.0,0.006093283008489116,0.2100482666988054,0.0019128150740867645,8.86133185523802e-05,1.0,-0.005388295655969974,0.010895009566350942,0.010705614806808997,0.014669172889080135,-0.0018880941279286554,0.010449585597510806,0.004269540828584654,0.005219547507113649,0.009837767568049896,"[0.0866328403045137, 1.2719057801813232, -1.0627636242929768, -0.06422771720503051, 1.503924751709878, 0.9417088640929628, 0.02164145555888773, 1.362973650422814, 1.2451251790621114]"
prism3,465,/home/humanoid/Programs/hand/results/phase1/run_20260413_pollard_multiscene_500_run2_refined/prism3/generated_mjcf/scene_prism3_tp0d0032p0d0149p0d0000_ip0d0097n0d0096p0d0000_mp0d0036p0d0065p0d0091.xml,prism_y0d0350,True,0.02,4.0,1.0,1.0,4.120752050009924,0.04971175761972387,4.0,0.005928000852225397,0.0229315762008781,0.00043113693923930025,0.00010640890919950963,1.0,0.0031694280086304993,0.014940037139802399,0.0,0.009734840540635576,-0.009609581632785089,0.0,0.0036017896508224985,0.006460760873302428,0.009061009487349163,"[0.0866328403045137, 1.2719057801813232, -1.0627636242929768, -0.06422771720503051, 1.503924751709878, 0.9417088640929628, 0.02164145555888773, 1.362973650422814, 1.2451251790621114]"
prism3,466,/home/humanoid/Programs/hand/results/phase1/run_20260413_pollard_multiscene_500_run2_refined/prism3/generated_mjcf/scene_prism3_tn0d0008p0d0260p0d0051_ip0d0026n0d0104p0d0000_mp0d0041p0d0208p0d0000.xml,prism_y0d0350,True,0.02,4.0,1.0,1.0,4.4507919483635785,0.050013912760712306,5.0,0.005980489102820436,0.42388136892507355,0.004025302452825041,0.0,1.0,-0.00081991629980422,0.026034750194938505,0.005062310391965544,0.0025952577325081662,-0.010359114817091094,0.0,0.0040665430258067965,0.020832864965785874,0.0,"[0.0866328403045137, 1.2719057801813232, -1.0627636242929768, -0.06422771720503051, 1.503924751709878, 0.9417088640929628, 0.02164145555888773, 1.362973650422814, 1.2451251790621114]"
prism3,467,/home/humanoid/Programs/hand/results/phase1/run_20260413_pollard_multiscene_500_run2_refined/prism3/generated_mjcf/scene_prism3_tp0d0054p0d0136p0d0082_ip0d0144n0d0058p0d0089_mp0d0113p0d0095p0d0000.xml,prism_y0d0350,True,0.02,4.0,1.0,1.0,4.324991116968658,0.04939380487195541,5.0,0.006037277638846897,1.081281032567918,0.004920890564483269,0.0,1.0,0.005381576913038623,0.013579279121502625,0.008177907166183992,0.014367376935843145,-0.0058438262028245504,0.008891983580539647,0.011325897271811802,0.00948655199872318,0.0,"[0.0866328403045137, 1.2719057801813232, -1.0627636242929768, -0.06422771720503051, 1.503924751709878, 0.9417088640929628, 0.02164145555888773, 1.362973650422814, 1.2451251790621114]"
prism3,468,/home/humanoid/Programs/hand/results/phase1/run_20260413_pollard_multiscene_500_run2_refined/prism3/generated_mjcf/scene_prism3_tn0d0114p0d0187p0d0000_in0d0008n0d0220p0d0034_mn0d0007p0d0127p0d0000.xml,prism_y0d0350,True,0.02,4.0,1.0,1.0,4.50611397133727,0.054806866524518896,5.0,0.006215526911201187,0.8714853990264474,0.011495415557420254,0.0,1.0,-0.011409274767089164,0.0186899836045733,0.0,-0.0008462088297067905,-0.021983896864782655,0.0034054610646400817,-0.0006828656042447961,0.012675653524392668,0.0,"[0.0866328403045137, 1.2719057801813232, -1.0627636242929768, -0.06422771720503051, 1.503924751709878, 0.9417088640929628, 0.02164145555888773, 1.362973650422814, 1.2451251790621114]"
prism3,469,/home/humanoid/Programs/hand/results/phase1/run_20260413_pollard_multiscene_500_run2_refined/prism3/generated_mjcf/scene_prism3_tn0d0118p0d0098p0d0078_ip0d0157n0d0179p0d0052_mp0d0014p0d0208p0d0000.xml,prism_y0d0350,True,0.02,4.0,1.0,1.0,3.978904141830057,0.04867166398383202,4.0,0.007046479174908923,0.16772454849395488,0.01120441766730724,0.0015104959146924474,1.0,-0.011765599472505791,0.009785349809807487,0.007848847332914674,0.015698333536894954,-0.017885917142791793,0.005184286748598808,0.001352126037304658,0.020801664430839015,0.0,"[0.0866328403045137, 1.2719057801813232, -1.0627636242929768, -0.06422771720503051, 1.503924751709878, 0.9417088640929628, 0.02164145555888773, 1.362973650422814, 1.2451251790621114]"
prism3,470,/home/humanoid/Programs/hand/results/phase1/run_20260413_pollard_multiscene_500_run2_refined/prism3/generated_mjcf/scene_prism3_tp0d0022p0d0300p0d0106_in0d0001n0d0100p0d0000_mn0d0008p0d0202p0d0001.xml,prism_y0d0350,True,0.02,4.0,1.0,1.0,4.392287157123533,0.05029819714901144,5.0,0.0063048023862226936,0.14226913509092992,0.020681974066189816,0.000842326971553578,1.0,0.00222650229601605,0.03,0.010567096174962709,-5.7014551148235754e-05,-0.010043033904746949,0.0,-0.0007655641616628912,0.020205489345903757,0.0001371397360768658,"[0.0866328403045137, 1.2719057801813232, -1.0627636242929768, -0.06422771720503051, 1.503924751709878, 0.9417088640929628, 0.02164145555888773, 1.362973650422814, 1.2451251790621114]"
prism3,471,/home/humanoid/Programs/hand/results/phase1/run_20260413_pollard_multiscene_500_run2_refined/prism3/generated_mjcf/scene_prism3_tp0d0030p0d0113p0d0000_ip0d0151n0d0021p0d0000_mp0d0216p0d0086p0d0000.xml,prism_y0d0350,True,0.02,4.0,1.0,1.0,4.981420406870316,0.052307615366537115,6.0,0.006451231062200986,0.09997048571907353,0.003574682662703242,0.0,1.0,0.003032211930165382,0.011261223420214555,0.0,0.015117565516981355,-0.0020649879170627477,0.0,0.021614954396179616,0.008557351577785258,0.0,"[0.0866328403045137, 1.2719057801813232, -1.0627636242929768, -0.06422771720503051, 1.503924751709878, 0.9417088640929628, 0.02164145555888773, 1.362973650422814, 1.2451251790621114]"
prism3,472,/home/humanoid/Programs/hand/results/phase1/run_20260413_pollard_multiscene_500_run2_refined/prism3/generated_mjcf/scene_prism3_tp0d0055p0d0142p0d0109_in0d0009n0d0107p0d0073_mp0d0158p0d0263p0d0000.xml,prism_y0d0350,True,0.02,4.0,1.0,1.0,4.070327802211835,0.04977394334550747,4.0,0.008553873513430578,0.13921436581617003,0.004354447211295623,0.000636969142822158,1.0,0.005482028692666837,0.014177397811001843,0.010903324251496305,-0.0008679015118163037,-0.010667320474653916,0.00725789014008766,0.015787351380811068,0.02633354953180985,0.0,"[0.0866328403045137, 1.2719057801813232, -1.0627636242929768, -0.06422771720503051, 1.503924751709878, 0.9417088640929628, 0.02164145555888773, 1.362973650422814, 1.2451251790621114]"
prism3,473,/home/humanoid/Programs/hand/results/phase1/run_20260413_pollard_multiscene_500_run2_refined/prism3/generated_mjcf/scene_prism3_tp0d0028p0d0111p0d0000_ip0d0158n0d0076p0d0066_mp0d0190p0d0078p0d0052.xml,prism_y0d0350,True,0.02,4.0,1.0,1.0,4.998757732680283,0.05317949614299035,6.0,0.006052336950126876,0.046309360344441226,0.00724559239540993,0.0,1.0,0.002787428416073051,0.011124309693084186,0.0,0.015762279253828677,-0.007609730635977962,0.006600435282516717,0.01895273993524628,0.007783232773671751,0.005163729948006412,"[0.0866328403045137, 1.2719057801813232, -1.0627636242929768, -0.06422771720503051, 1.503924751709878, 0.9417088640929628, 0.02164145555888773, 1.362973650422814, 1.2451251790621114]"
prism3,474,/home/humanoid/Programs/hand/results/phase1/run_20260413_pollard_multiscene_500_run2_refined/prism3/generated_mjcf/scene_prism3_tp0d0075p0d0138p0d0000_ip0d0057n0d0219p0d0086_mp0d0161p0d0036p0d0000.xml,prism_y0d0350,True,0.02,4.0,1.0,1.0,3.9100119553807344,0.04893918098465274,5.0,0.005927381203216783,3.1513145699267597,0.019717905197777323,0.0,1.0,0.007473701560144725,0.013832646818040854,0.0,0.005676260346304213,-0.021940866096397726,0.008647108538634853,0.016052627074017313,0.0035593571489968313,0.0,"[0.0866328403045137, 1.2719057801813232, -1.0627636242929768, -0.06422771720503051, 1.503924751709878, 0.9417088640929628, 0.02164145555888773, 1.362973650422814, 1.2451251790621114]"
prism3,475,/home/humanoid/Programs/hand/results/phase1/run_20260413_pollard_multiscene_500_run2_refined/prism3/generated_mjcf/scene_prism3_tp0d0076p0d0300p0d0000_ip0d0208n0d0131p0d0000_mn0d0016p0d0056p0d0012.xml,prism_y0d0350,True,0.02,4.0,1.0,1.0,4.321485789458528,0.0497139277106642,5.0,0.008052627580665862,0.786126662288133,0.010136559415306754,0.0019715057848606055,1.0,0.007629969449959299,0.03,0.0,0.02084695203995446,-0.013079106497613992,0.0,-0.0016474320179972243,0.005604879919699405,0.0012319919719836047,"[0.0866328403045137, 1.2719057801813232, -1.0627636242929768, -0.06422771720503051, 1.503924751709878, 0.9417088640929628, 0.02164145555888773, 1.362973650422814, 1.2451251790621114]"
prism3,476,/home/humanoid/Programs/hand/results/phase1/run_20260413_pollard_multiscene_500_run2_refined/prism3/generated_mjcf/scene_prism3_tp0d0118p0d0279p0d0112_ip0d0203n0d0028p0d0075_mp0d0128p0d0199p0d0107.xml,prism_y0d0350,True,0.02,4.0,1.0,1.0,3.934587790680286,0.050191038694547496,4.0,0.006130751262818923,1.2019290347783396,0.004924617647747917,0.0,1.0,0.011840430954169388,0.027935950600095887,0.01118669848282157,0.020329158687063302,-0.002805143197382407,0.007519427185789622,0.01275148782269786,0.019934227857964906,0.010702847419610532,"[0.0866328403045137, 1.2719057801813232, -1.0627636242929768, -0.06422771720503051, 1.503924751709878, 0.9417088640929628, 0.02164145555888773, 1.362973650422814, 1.2451251790621114]"
prism3,477,/home/humanoid/Programs/hand/results/phase1/run_20260413_pollard_multiscene_500_run2_refined/prism3/generated_mjcf/scene_prism3_tp0d0035p0d0101p0d0008_ip0d0170n0d0216p0d0000_mp0d0184p0d0054p0d0000.xml,prism_y0d0350,True,0.02,4.0,1.0,1.0,4.082585344744018,0.049217748903650584,4.0,0.00600781212737407,0.06239888420567229,0.0025294695656167257,0.00029029938370440933,1.0,0.003532706305282232,0.010064409176203722,0.0007671164180321852,0.016983686550221457,-0.02158511885854595,0.0,0.018377546113442306,0.0054433989863529875,0.0,"[0.0866328403045137, 1.2719057801813232, -1.0627636242929768, -0.06422771720503051, 1.503924751709878, 0.9417088640929628, 0.02164145555888773, 1.362973650422814, 1.2451251790621114]"
prism3,478,/home/humanoid/Programs/hand/results/phase1/run_20260413_pollard_multiscene_500_run2_refined/prism3/generated_mjcf/scene_prism3_tp0d0004p0d0216p0d0069_ip0d0154n0d0225p0d0015_mp0d0145p0d0270p0d0071.xml,prism_y0d0350,True,0.02,4.0,1.0,1.0,4.098175560613806,0.04975960005528589,4.0,0.006034601869015492,0.14839629924177147,0.0011891560817175566,0.00016223801721643172,1.0,0.0004021373010342118,0.021570085370465064,0.006861995303780965,0.015395232114689744,-0.022512682614668177,0.0014686024647519863,0.014504301258655013,0.027042155239312353,0.007146943895862106,"[0.0866328403045137, 1.2719057801813232, -1.0627636242929768, -0.06422771720503051, 1.503924751709878, 0.9417088640929628, 0.02164145555888773, 1.362973650422814, 1.2451251790621114]"
prism3,479,/home/humanoid/Programs/hand/results/phase1/run_20260413_pollard_multiscene_500_run2_refined/prism3/generated_mjcf/scene_prism3_tp0d0096p0d0159p0d0005_in0d0007n0d0051p0d0022_mp0d0147p0d0272p0d0076.xml,prism_y0d0350,True,0.02,4.0,1.0,1.0,4.379432380051115,0.04845176787162901,5.0,0.008381189999174143,0.33489619933444975,0.0031404017461658016,0.0025450229233658223,1.0,0.009594060715247866,0.015874209928032755,0.0005246555194527141,-0.0006892630481953044,-0.005095977938302259,0.002235288648113707,0.01474634968078216,0.027241851348343935,0.007604286297816443,"[0.0866328403045137, 1.2719057801813232, -1.0627636242929768, -0.06422771720503051, 1.503924751709878, 0.9417088640929628, 0.02164145555888773, 1.362973650422814, 1.2451251790621114]"
prism3,480,/home/humanoid/Programs/hand/results/phase1/run_20260413_pollard_multiscene_500_run2_refined/prism3/generated_mjcf/scene_prism3_tn0d0066p0d0101p0d0000_ip0d0142n0d0234p0d0072_mp0d0124p0d0232p0d0000.xml,prism_y0d0350,True,0.02,4.0,1.0,1.0,3.9407463476314613,0.05272495565895264,5.0,0.006496983196525617,3.5435014090160974,0.011060790232528114,0.007811931774270614,1.0,-0.006594381918308316,0.010115788867042789,0.0,0.014238195089008763,-0.023356292142754483,0.007217844165074538,0.012374884987691043,0.02323082678296967,0.0,"[0.0866328403045137, 1.2719057801813232, -1.0627636242929768, -0.06422771720503051, 1.503924751709878, 0.9417088640929628, 0.02164145555888773, 1.362973650422814, 1.2451251790621114]"
prism3,481,/home/humanoid/Programs/hand/results/phase1/run_20260413_pollard_multiscene_500_run2_refined/prism3/generated_mjcf/scene_prism3_tn0d0042p0d0108p0d0000_ip0d0050n0d0165p0d0000_mp0d0091p0d0259p0d0100.xml,prism_y0d0350,True,0.02,4.0,1.0,1.0,4.463256212786765,0.04958919901026307,5.0,0.008024090259407559,0.16296374002563657,0.001858680825029201,0.0017267438416338349,1.0,-0.0042281149078721115,0.01083128765777069,0.0,0.004986767634672156,-0.016452708630349696,0.0,0.00910392439192348,0.02593147672649057,0.009987862840108785,"[0.0866328403045137, 1.2719057801813232, -1.0627636242929768, -0.06422771720503051, 1.503924751709878, 0.9417088640929628, 0.02164145555888773, 1.362973650422814, 1.2451251790621114]"
prism3,482,/home/humanoid/Programs/hand/results/phase1/run_20260413_pollard_multiscene_500_run2_refined/prism3/generated_mjcf/scene_prism3_tn0d0098p0d0121p0d0012_ip0d0047n0d0163p0d0119_mp0d0210p0d0054p0d0039.xml,prism_y0d0350,True,0.02,4.0,1.0,1.0,4.893191553361903,0.05130599978768208,6.0,0.005956289321443659,0.38823650823873135,0.005395064054712137,0.0,1.0,-0.009785904135380658,0.012145531883004285,0.0011952640352207375,0.004714135885396038,-0.01625831757918936,0.011942494800905243,0.021011383902793244,0.00537992948582189,0.003885434767348487,"[0.0866328403045137, 1.2719057801813232, -1.0627636242929768, -0.06422771720503051, 1.503924751709878, 0.9417088640929628, 0.02164145555888773, 1.362973650422814, 1.2451251790621114]"
prism3,483,/home/humanoid/Programs/hand/results/phase1/run_20260413_pollard_multiscene_500_run2_refined/prism3/generated_mjcf/scene_prism3_tp0d0109p0d0127p0d0019_ip0d0088n0d0202p0d0065_mp0d0187p0d0240p0d0000.xml,prism_y0d0350,True,0.02,4.0,1.0,1.0,4.056427605896473,0.05036943210028488,4.0,0.010495112384182922,0.3082711180757604,0.006545270855628156,0.0,1.0,0.010894348867085565,0.012710075306302046,0.0018722219357900777,0.008848358440154708,-0.020194848826237767,0.006485100261905189,0.018678946417392296,0.024026488161248492,4.530683727942651e-05,"[0.0866328403045137, 1.2719057801813232, -1.0627636242929768, -0.06422771720503051, 1.503924751709878, 0.9417088640929628, 0.02164145555888773, 1.362973650422814, 1.2451251790621114]"
prism3,484,/home/humanoid/Programs/hand/results/phase1/run_20260413_pollard_multiscene_500_run2_refined/prism3/generated_mjcf/scene_prism3_tn0d0052p0d0171p0d0000_ip0d0114n0d0080p0d0001_mp0d0184p0d0173p0d0101.xml,prism_y0d0350,True,0.02,4.0,1.0,1.0,4.908402581902098,0.050411216413997074,6.0,0.006939849497457383,0.13854222832646662,0.0028249401063209913,0.00036494322549905645,1.0,-0.005160010769570534,0.017119655572404743,0.0,0.011431032996217559,-0.008025402495112839,6.745440736844431e-05,0.018422271121277062,0.017256367578312053,0.010058918050668147,"[0.0866328403045137, 1.2719057801813232, -1.0627636242929768, -0.06422771720503051, 1.503924751709878, 0.9417088640929628, 0.02164145555888773, 1.362973650422814, 1.2451251790621114]"
prism3,485,/home/humanoid/Programs/hand/results/phase1/run_20260413_pollard_multiscene_500_run2_refined/prism3/generated_mjcf/scene_prism3_tp0d0088p0d0135p0d0000_ip0d0118n0d0067p0d0000_mp0d0202p0d0130p0d0000.xml,prism_y0d0350,True,0.02,4.0,1.0,1.0,4.529908890768141,0.05115255290828642,5.0,0.007189211340481873,0.1911366447160758,0.002896923605584916,0.0,1.0,0.008772642373253814,0.013473487068065018,0.0,0.011840300635021877,-0.0066831136960992295,0.0,0.020173904665329145,0.012994021296588502,0.0,"[0.0866328403045137, 1.2719057801813232, -1.0627636242929768, -0.06422771720503051, 1.503924751709878, 0.9417088640929628, 0.02164145555888773, 1.362973650422814, 1.2451251790621114]"
prism3,486,/home/humanoid/Programs/hand/results/phase1/run_20260413_pollard_multiscene_500_run2_refined/prism3/generated_mjcf/scene_prism3_tp0d0076p0d0110p0d0119_ip0d0205n0d0031p0d0000_mp0d0192p0d0140p0d0000.xml,prism_y0d0350,True,0.02,4.0,1.0,1.0,4.38181092268503,0.049933158617295234,5.0,0.0065044516734722195,0.2086135603748098,0.0161447384901963,0.0020566883813299547,1.0,0.007581525711751653,0.010985390094024649,0.01190669299281387,0.020533639884696864,-0.00312243768418328,0.0,0.019226256050701995,0.014038426579401892,0.0,"[0.0866328403045137, 1.2719057801813232, -1.0627636242929768, -0.06422771720503051, 1.503924751709878, 0.9417088640929628, 0.02164145555888773, 1.362973650422814, 1.2451251790621114]"
prism3,487,/home/humanoid/Programs/hand/results/phase1/run_20260413_pollard_multiscene_500_run2_refined/prism3/generated_mjcf/scene_prism3_tp0d0088p0d0220p0d0000_ip0d0041n0d0100p0d0000_mp0d0023p0d0105p0d0000.xml,prism_y0d0350,True,0.02,4.0,1.0,1.0,4.066700720845799,0.04995355923006946,4.0,0.0059472264102062395,0.3233037748006077,0.003547305527688062,0.0,1.0,0.008751521139274309,0.02195813433495425,0.0,0.004088112811065856,-0.010035573251982316,0.0,0.0022695589478362553,0.010519856420060628,0.0,"[0.0866328403045137, 1.2719057801813232, -1.0627636242929768, -0.06422771720503051, 1.503924751709878, 0.9417088640929628, 0.02164145555888773, 1.362973650422814, 1.2451251790621114]"
prism3,488,/home/humanoid/Programs/hand/results/phase1/run_20260413_pollard_multiscene_500_run2_refined/prism3/generated_mjcf/scene_prism3_tp0d0040p0d0252p0d0000_ip0d0175n0d0024p0d0099_mp0d0139p0d0140p0d0000.xml,prism_y0d0350,True,0.02,4.0,1.0,1.0,4.413873760178772,0.04961627285583885,5.0,0.005992698014448658,0.5353667917078547,0.005067562498418709,0.0,1.0,0.0040151865912417435,0.02517965433679476,0.0,0.017472318988795123,-0.0023861769190015748,0.009858527470894534,0.013947603886014506,0.014000716894325091,0.0,"[0.0866328403045137, 1.2719057801813232, -1.0627636242929768, -0.06422771720503051, 1.503924751709878, 0.9417088640929628, 0.02164145555888773, 1.362973650422814, 1.2451251790621114]"
prism3,490,/home/humanoid/Programs/hand/results/phase1/run_20260413_pollard_multiscene_500_run2_refined/prism3/generated_mjcf/scene_prism3_tn0d0103p0d0157p0d0000_ip0d0039n0d0154p0d0024_mp0d0106p0d0269p0d0095.xml,prism_y0d0350,True,0.02,4.0,1.0,1.0,4.880150296780883,0.050181892958118604,6.0,0.007364210506672901,0.28968332250689116,0.0030058395606479974,0.0,1.0,-0.01033819147763369,0.015694722108475882,0.0,0.0038626213160662783,-0.01540010741443225,0.002371286748752201,0.010604854281785482,0.02690137877281787,0.009546302702118915,"[0.0866328403045137, 1.2719057801813232, -1.0627636242929768, -0.06422771720503051, 1.503924751709878, 0.9417088640929628, 0.02164145555888773, 1.362973650422814, 1.2451251790621114]"
prism3,491,/home/humanoid/Programs/hand/results/phase1/run_20260413_pollard_multiscene_500_run2_refined/prism3/generated_mjcf/scene_prism3_tn0d0023p0d0233p0d0063_ip0d0006n0d0094p0d0055_mp0d0146p0d0041p0d0107.xml,prism_y0d0350,True,0.02,4.0,1.0,1.0,4.113766768713548,0.04984873705902214,4.0,0.006044925018735676,0.08329317124675277,0.0009977863181799755,3.070705988858502e-05,1.0,-0.002329973913256801,0.023270871193499486,0.006282828895953191,0.0005698282814026179,-0.00942041051014574,0.005458426041261531,0.014598589441035268,0.00405319105217238,0.010694641674625756,"[0.0866328403045137, 1.2719057801813232, -1.0627636242929768, -0.06422771720503051, 1.503924751709878, 0.9417088640929628, 0.02164145555888773, 1.362973650422814, 1.2451251790621114]"
prism3,492,/home/humanoid/Programs/hand/results/phase1/run_20260413_pollard_multiscene_500_run2_refined/prism3/generated_mjcf/scene_prism3_tn0d0120p0d0103p0d0000_ip0d0137n0d0123p0d0000_mp0d0054p0d0081p0d0045.xml,prism_y0d0350,True,0.02,4.0,1.0,1.0,4.499787332653186,0.05141542572676944,5.0,0.005980546709347646,0.23719022626150196,0.008702156737637256,0.0,1.0,-0.011976922786092133,0.010296461513639622,0.0,0.013723523804438831,-0.01225337989012358,0.0,0.005424176997103532,0.008063687818109542,0.004537319127635171,"[0.0866328403045137, 1.2719057801813232, -1.0627636242929768, -0.06422771720503051, 1.503924751709878, 0.9417088640929628, 0.02164145555888773, 1.362973650422814, 1.2451251790621114]"
prism3,493,/home/humanoid/Programs/hand/results/phase1/run_20260413_pollard_multiscene_500_run2_refined/prism3/generated_mjcf/scene_prism3_tp0d0088p0d0282p0d0000_ip0d0061n0d0212p0d0086_mp0d0193p0d0217p0d0044.xml,prism_y0d0350,True,0.02,4.0,1.0,1.0,4.435595960443497,0.05301077436245229,5.0,0.00633935886311483,0.17625184179898645,0.025961538203504404,0.0020746182521024226,1.0,0.008810582318479962,0.02823864594716607,0.0,0.006079133984940187,-0.021190124465350433,0.008551471268848924,0.0193094866325604,0.021664834753422582,0.004377443391571888,"[0.0866328403045137, 1.2719057801813232, -1.0627636242929768, -0.06422771720503051, 1.503924751709878, 0.9417088640929628, 0.02164145555888773, 1.362973650422814, 1.2451251790621114]"
prism3,494,/home/humanoid/Programs/hand/results/phase1/run_20260413_pollard_multiscene_500_run2_refined/prism3/generated_mjcf/scene_prism3_tp0d0006p0d0298p0d0000_ip0d0182n0d0143p0d0033_mp0d0144p0d0134p0d0000.xml,prism_y0d0350,True,0.02,4.0,1.0,1.0,4.518770514677029,0.05362103344290358,5.0,0.007603374898990302,0.7005575504802039,0.004403043677042813,0.0009380842826939573,1.0,0.0006423515573065076,0.029804859421237912,0.0,0.01822084788801706,-0.014321454506167038,0.0032808942086269676,0.0143580323783207,0.013396258077430756,0.0,"[0.0866328403045137, 1.2719057801813232, -1.0627636242929768, -0.06422771720503051, 1.503924751709878, 0.9417088640929628, 0.02164145555888773, 1.362973650422814, 1.2451251790621114]"
prism3,495,/home/humanoid/Programs/hand/results/phase1/run_20260413_pollard_multiscene_500_run2_refined/prism3/generated_mjcf/scene_prism3_tp0d0045p0d0202p0d0000_ip0d0187n0d0027p0d0000_mp0d0092p0d0076p0d0019.xml,prism_y0d0350,True,0.02,4.0,1.0,1.0,4.5124681463363645,0.04973504450527958,5.0,0.005942486478442924,0.046327190090699376,0.0015150662406266816,2.7830202847439756e-05,1.0,0.004459944146623599,0.020157888414723962,0.0,0.018738071733546885,-0.002711925195349201,0.0,0.0092276115898702,0.0075653226688972225,0.0018619001808148194,"[0.0866328403045137, 1.2719057801813232, -1.0627636242929768, -0.06422771720503051, 1.503924751709878, 0.9417088640929628, 0.02164145555888773, 1.362973650422814, 1.2451251790621114]"
prism3,496,/home/humanoid/Programs/hand/results/phase1/run_20260413_pollard_multiscene_500_run2_refined/prism3/generated_mjcf/scene_prism3_tn0d0009p0d0248p0d0099_ip0d0088n0d0012p0d0000_mp0d0184p0d0181p0d0000.xml,prism_y0d0350,True,0.02,4.0,1.0,1.0,4.764651225485004,0.04932636604847525,6.0,0.006094003259067358,0.5753056005440547,0.010547956601981167,0.0,1.0,-0.0008933137833174749,0.024786767158425156,0.009864986063080061,0.008841727231664482,-0.0012339940763756874,0.0,0.018411304301340338,0.01808062999647958,0.0,"[0.0866328403045137, 1.2719057801813232, -1.0627636242929768, -0.06422771720503051, 1.503924751709878, 0.9417088640929628, 0.02164145555888773, 1.362973650422814, 1.2451251790621114]"
prism3,497,/home/humanoid/Programs/hand/results/phase1/run_20260413_pollard_multiscene_500_run2_refined/prism3/generated_mjcf/scene_prism3_tn0d0097p0d0212p0d0092_ip0d0104n0d0190p0d0000_mp0d0216p0d0200p0d0095.xml,prism_y0d0350,True,0.02,4.0,1.0,1.0,4.488992525748291,0.049412452071220865,5.0,0.006187487358740358,0.13688097507391928,0.0011047865707449092,7.562136178346224e-05,1.0,-0.009713218372601893,0.021152490188781035,0.009228060343378315,0.010391589576232495,-0.019031929684336403,0.0,0.02163107469634539,0.020045375014204635,0.009475648985567953,"[0.0866328403045137, 1.2719057801813232, -1.0627636242929768, -0.06422771720503051, 1.503924751709878, 0.9417088640929628, 0.02164145555888773, 1.362973650422814, 1.2451251790621114]"
prism3,498,/home/humanoid/Programs/hand/results/phase1/run_20260413_pollard_multiscene_500_run2_refined/prism3/generated_mjcf/scene_prism3_tn0d0119p0d0090p0d0017_ip0d0053n0d0047p0d0038_mp0d0079p0d0177p0d0074.xml,prism_y0d0350,True,0.02,4.0,1.0,1.0,4.461778407393142,0.04931433197119625,5.0,0.007563740476756619,0.15322890785452906,0.001129146814793615,0.001611376131522707,1.0,-0.011909862353567426,0.008988565285749352,0.001733493470553472,0.005262883245504537,-0.00472709212620471,0.003801006143391579,0.00789349564076763,0.01765195848887168,0.0073960258272467334,"[0.0866328403045137, 1.2719057801813232, -1.0627636242929768, -0.06422771720503051, 1.503924751709878, 0.9417088640929628, 0.02164145555888773, 1.362973650422814, 1.2451251790621114]"
prism3,499,/home/humanoid/Programs/hand/results/phase1/run_20260413_pollard_multiscene_500_run2_refined/prism3/generated_mjcf/scene_prism3_tp0d0014p0d0095p0d0000_ip0d0084n0d0171p0d0015_mp0d0149p0d0186p0d0000.xml,prism_y0d0350,True,0.02,4.0,1.0,1.0,4.09700656732019,0.05083801840103619,4.0,0.009169894060893908,0.2781420987190663,0.003710495631071403,0.0,1.0,0.0013764715164408785,0.00947601429432269,0.0,0.008399100002780555,-0.017066066196626872,0.0014972733179993147,0.014912960203866244,0.018649016434409443,0.0,"[0.0866328403045137, 1.2719057801813232, -1.0627636242929768, -0.06422771720503051, 1.503924751709878, 0.9417088640929628, 0.02164145555888773, 1.362973650422814, 1.2451251790621114]"
