scene_key,candidate_id,scene_xml,selected_foundational_pose,feasible,feasibility_max_mean_tip_distance,feasibility_min_contacts,feasibility_min_finger_contact_persistence,feasibility_max_finger_yaw_drift,feasible_pose_count,foundational_pose_count,score,cube_lift,cube_tip_contacts,mean_tip_distance,cube_vel_norm,cube_xy_drift,cube_z_drop_from_peak,contact_persistence,thumb_contact_persistence,index_contact_persistence,middle_contact_persistence,all_finger_contact_persistence,min_finger_contact_persistence,finger_persistence_imbalance,finger_yaw_drift,finger_flex_drift,thumb_x,thumb_y,thumb_len,index_x,index_y,index_len,middle_x,middle_y,middle_len,chosen_ctrl_json
prism3,0,/home/humanoid/Programs/hand/results/phase1/run_20260413_pollard_multiscene_500_run3/prism3/generated_mjcf/scene_prism3_tp0d0000p0d0200p0d0000_ip0d0100n0d0123p0d0000_mp0d0100p0d0153p0d0000.xml,prism_y0d0350,True,0.02,4.0,0.45,0.4,1.0,1.0,6.531340083780725,0.0505923316224432,5.0,0.006084151632193463,1.1414383645442985,0.013363412226127377,0.0,1.0,1.0,1.0,1.0,1.0,1.0,0.0,0.13719483040422842,0.07726432259552433,0.0,0.02,0.0,0.01,-0.0123,0.0,0.01,0.0153,0.0,"[0.03553291744516522, 1.3232182501035146, -0.9476119844664097, -0.0816995130453048, 1.4551473947175135, 1.0574563621002186, -0.11197127175611298, 1.563058739268382, 0.9555793853271397]"
prism3,1,/home/humanoid/Programs/hand/results/phase1/run_20260413_pollard_multiscene_500_run3/prism3/generated_mjcf/scene_prism3_tp0d0033p0d0145p0d0000_in0d0016n0d0048p0d0099_mp0d0126p0d0208p0d0010.xml,prism_y0d0350,False,0.02,4.0,0.45,0.4,0.0,1.0,4.467778028066919,0.052500965643804194,5.0,0.00610468123229659,0.3771542410711843,0.016578090188040455,0.0,1.0,1.0,0.38333333333333336,1.0,0.38333333333333336,0.38333333333333336,0.6166666666666667,0.12452368558355136,0.11396208825832503,0.0032870804957149027,0.014474881130332889,0.0,-0.001603336747315302,-0.004781514259193461,0.009906133854665322,0.012559258618412316,0.02080791746361596,0.0010469997951701483,"[0.03553291744516522, 1.3232182501035146, -0.9476119844664097, -0.0816995130453048, 1.4551473947175135, 1.0574563621002186, -0.11197127175611298, 1.563058739268382, 0.9555793853271397]"
prism3,2,/home/humanoid/Programs/hand/results/phase1/run_20260413_pollard_multiscene_500_run3/prism3/generated_mjcf/scene_prism3_tp0d0104p0d0276p0d0000_ip0d0186n0d0235p0d0055_mp0d0022p0d0240p0d0010.xml,prism_y0d0350,True,0.02,4.0,0.45,0.4,1.0,1.0,4.667416190403127,0.044504562062402726,5.0,0.008480697962425844,0.3430844878732058,0.004658445541856328,0.004440506257924276,1.0,1.0,1.0,0.48055555555555557,0.48055555555555557,0.48055555555555557,0.5194444444444444,0.03788600187899777,0.0653933248998171,0.010441738170906437,0.02758048529891677,0.0,0.018577702638101663,-0.023493946192668855,0.005511730714318659,0.002215734894461416,0.024016294136397276,0.0009950692859782007,"[0.03553291744516522, 1.3232182501035146, -0.9476119844664097, -0.0816995130453048, 1.4551473947175135, 1.0574563621002186, -0.11197127175611298, 1.563058739268382, 0.9555793853271397]"
prism3,3,/home/humanoid/Programs/hand/results/phase1/run_20260413_pollard_multiscene_500_run3/prism3/generated_mjcf/scene_prism3_tn0d0048p0d0181p0d0000_ip0d0010n0d0082p0d0035_mp0d0128p0d0125p0d0119.xml,prism_y0d0350,True,0.02,4.0,0.45,0.4,1.0,1.0,6.465706826777508,0.04918453591458286,4.0,0.005951979322674471,0.049981588569897414,0.0007089530187904722,3.3753246504272805e-05,1.0,1.0,1.0,1.0,1.0,1.0,0.0,0.027723728255016067,0.00793649595249818,-0.004806914627102765,0.018144493308743802,0.0,0.0009827986359895336,-0.008205014047352873,0.003532548277782002,0.012769242675550093,0.012508261302285202,0.011933038458941066,"[0.03553291744516522, 1.3232182501035146, -0.9476119844664097, -0.0816995130453048, 1.4551473947175135, 1.0574563621002186, -0.11197127175611298, 1.563058739268382, 0.9555793853271397]"
prism3,4,/home/humanoid/Programs/hand/results/phase1/run_20260413_pollard_multiscene_500_run3/prism3/generated_mjcf/scene_prism3_tp0d0115p0d0245p0d0036_ip0d0145n0d0150p0d0000_mp0d0153p0d0159p0d0000.xml,prism_y0d0350,True,0.02,4.0,0.45,0.4,1.0,1.0,6.061089256328802,0.050363129842865485,5.0,0.007011873689131333,0.23400958295010926,0.006504716049763395,0.0009661030803246318,1.0,1.0,1.0,0.7972222222222223,0.7972222222222223,0.7972222222222223,0.20277777777777772,0.039839850705132775,0.06406743876620602,0.011540048130629522,0.024453007627536674,0.0036110226304275905,0.014522721533702562,-0.014965885824501509,0.0,0.01531572016465796,0.01590850373941742,0.0,"[0.03553291744516522, 1.3232182501035146, -0.9476119844664097, -0.0816995130453048, 1.4551473947175135, 1.0574563621002186, -0.11197127175611298, 1.563058739268382, 0.9555793853271397]"
prism3,5,/home/humanoid/Programs/hand/results/phase1/run_20260413_pollard_multiscene_500_run3/prism3/generated_mjcf/scene_prism3_tn0d0003p0d0293p0d0104_ip0d0066n0d0106p0d0000_mp0d0123p0d0114p0d0000.xml,prism_y0d0350,False,0.02,4.0,0.45,0.4,0.0,1.0,4.123738450721497,0.05047601492451834,5.0,0.0065652443156386025,0.10779373923874172,0.01250564006467404,0.001153195879894084,1.0,1.0,1.0,0.2833333333333333,0.2833333333333333,0.2833333333333333,0.7166666666666667,0.10875721797560796,0.07198622639434915,-0.00033995138803706235,0.02934770802437601,0.010417044382949991,0.006587084721017685,-0.010583284062485737,0.0,0.012263200724792723,0.011409869412171198,0.0,"[0.03553291744516522, 1.3232182501035146, -0.9476119844664097, -0.0816995130453048, 1.4551473947175135, 1.0574563621002186, -0.11197127175611298, 1.563058739268382, 0.9555793853271397]"
prism3,6,/home/humanoid/Programs/hand/results/phase1/run_20260413_pollard_multiscene_500_run3/prism3/generated_mjcf/scene_prism3_tp0d0094p0d0135p0d0030_ip0d0000n0d0043p0d0069_mp0d0037p0d0243p0d0000.xml,prism_y0d0350,False,0.02,4.0,0.45,0.4,0.0,1.0,0.18091718904949242,0.04781609746490583,4.0,0.010095092580966969,9.116984315458446,0.10036520198245154,0.034680106052658664,0.6194444444444445,0.6194444444444445,0.0,0.8388888888888889,0.0,0.0,0.8388888888888889,0.12626004154215292,0.09836950512326766,0.009366584448115015,0.013451782244801112,0.002956491472465019,1.6368245977236087e-05,-0.004316540456318454,0.0068903593797284,0.003744866631830852,0.02433562153945689,0.0,"[0.03553291744516522, 1.3232182501035146, -0.9476119844664097, -0.0816995130453048, 1.4551473947175135, 1.0574563621002186, -0.11197127175611298, 1.563058739268382, 0.9555793853271397]"
prism3,7,/home/humanoid/Programs/hand/results/phase1/run_20260413_pollard_multiscene_500_run3/prism3/generated_mjcf/scene_prism3_tn0d0039p0d0116p0d0000_ip0d0171n0d0188p0d0000_mp0d0077p0d0081p0d0000.xml,prism_y0d0350,True,0.02,4.0,0.45,0.4,1.0,1.0,7.156817721087546,0.05216714479702352,6.0,0.0061436975561336695,0.3470234353295495,0.010465819131757346,0.0,1.0,1.0,1.0,1.0,1.0,1.0,0.0,0.11036204978567725,0.06306894364071175,-0.003933190546904152,0.011606707205476137,0.0,0.017111782486895065,-0.01876458698415006,0.0,0.007709244155716676,0.008064313068222126,0.0,"[0.03553291744516522, 1.3232182501035146, -0.9476119844664097, -0.0816995130453048, 1.4551473947175135, 1.0574563621002186, -0.11197127175611298, 1.563058739268382, 0.9555793853271397]"
prism3,8,/home/humanoid/Programs/hand/results/phase1/run_20260413_pollard_multiscene_500_run3/prism3/generated_mjcf/scene_prism3_tp0d0019p0d0152p0d0041_ip0d0028n0d0017p0d0000_mp0d0005p0d0184p0d0103.xml,prism_y0d0350,True,0.02,4.0,0.45,0.4,1.0,1.0,6.910105255480559,0.04946338437546097,5.0,0.006047039506069519,0.017565360406119293,0.0005181556393172248,9.258732929136315e-05,1.0,1.0,1.0,1.0,1.0,1.0,0.0,0.0014299331289336938,0.0014687993423699492,0.0019279772636844154,0.015168707187654142,0.004127877070952624,0.002788370655237119,-0.0016892853478440526,0.0,0.0005318867096855088,0.018398595636953022,0.010251709273628819,"[0.03553291744516522, 1.3232182501035146, -0.9476119844664097, -0.0816995130453048, 1.4551473947175135, 1.0574563621002186, -0.11197127175611298, 1.563058739268382, 0.9555793853271397]"
prism3,9,/home/humanoid/Programs/hand/results/phase1/run_20260413_pollard_multiscene_500_run3/prism3/generated_mjcf/scene_prism3_tn0d0014p0d0300p0d0000_ip0d0082n0d0094p0d0119_mp0d0208p0d0143p0d0062.xml,prism_y0d0350,True,0.02,4.0,0.45,0.4,1.0,1.0,6.307099666834371,0.05079567504089964,5.0,0.0069455252066349836,0.47964463195220575,0.004053775030298286,0.0,1.0,1.0,1.0,0.8666666666666667,0.8666666666666667,0.8666666666666667,0.1333333333333333,0.05535613714484803,0.05046485412875501,-0.0014309482868211845,0.03,0.0,0.008205486996377813,-0.009414877151630932,0.011882316125647777,0.02077464819850637,0.014341083343418305,0.006185492287398994,"[0.03553291744516522, 1.3232182501035146, -0.9476119844664097, -0.0816995130453048, 1.4551473947175135, 1.0574563621002186, -0.11197127175611298, 1.563058739268382, 0.9555793853271397]"
prism3,10,/home/humanoid/Programs/hand/results/phase1/run_20260413_pollard_multiscene_500_run3/prism3/generated_mjcf/scene_prism3_tn0d0001p0d0207p0d0069_ip0d0080n0d0067p0d0051_mp0d0204p0d0061p0d0055.xml,prism_y0d0350,True,0.02,4.0,0.45,0.4,1.0,1.0,6.451669455089444,0.04968109237710655,4.0,0.006118888400288846,0.09012480187586265,0.0031237282027540784,0.0,1.0,1.0,1.0,1.0,1.0,1.0,0.0,0.0359420560312673,0.0134557115590724,-6.185530829714431e-05,0.02070349184472249,0.00685885681713138,0.0079517403845361,-0.006672394277070495,0.005067429071753997,0.020369432478721076,0.006058383198741723,0.005496362809831425,"[0.03553291744516522, 1.3232182501035146, -0.9476119844664097, -0.0816995130453048, 1.4551473947175135, 1.0574563621002186, -0.11197127175611298, 1.563058739268382, 0.9555793853271397]"
prism3,11,/home/humanoid/Programs/hand/results/phase1/run_20260413_pollard_multiscene_500_run3/prism3/generated_mjcf/scene_prism3_tp0d0103p0d0300p0d0000_ip0d0187n0d0008p0d0110_mp0d0016p0d0266p0d0094.xml,prism_y0d0350,False,0.02,4.0,0.45,0.4,0.0,1.0,4.702614738001625,0.05154167924937411,6.0,0.006327989164871088,0.11665476171658302,0.013643580459209211,0.0001595827209912165,1.0,1.0,1.0,0.3277777777777778,0.3277777777777778,0.3277777777777778,0.6722222222222223,0.11272643224799472,0.10937387096819011,0.010258174286989438,0.03,0.0,0.018727362165893817,-0.0007513190384077374,0.010973044310663125,0.0015703362935799488,0.026643091531750922,0.009358453337292495,"[0.03553291744516522, 1.3232182501035146, -0.9476119844664097, -0.0816995130453048, 1.4551473947175135, 1.0574563621002186, -0.11197127175611298, 1.563058739268382, 0.9555793853271397]"
prism3,12,/home/humanoid/Programs/hand/results/phase1/run_20260413_pollard_multiscene_500_run3/prism3/generated_mjcf/scene_prism3_tp0d0077p0d0195p0d0000_ip0d0172n0d0021p0d0000_mp0d0109p0d0139p0d0103.xml,prism_y0d0350,True,0.02,4.0,0.45,0.4,1.0,1.0,6.397765147795171,0.04832579116040967,4.0,0.006068124981415311,0.07659079274423693,0.00313618466735737,0.0,1.0,1.0,1.0,1.0,1.0,1.0,0.0,0.04328068040182793,0.01582977107745766,0.007736971861033691,0.019519710171387972,0.0,0.017245133889239386,-0.0021352761651967315,0.0,0.010934425782932486,0.013926067895388755,0.01034441558354772,"[0.03553291744516522, 1.3232182501035146, -0.9476119844664097, -0.0816995130453048, 1.4551473947175135, 1.0574563621002186, -0.11197127175611298, 1.563058739268382, 0.9555793853271397]"
prism3,13,/home/humanoid/Programs/hand/results/phase1/run_20260413_pollard_multiscene_500_run3/prism3/generated_mjcf/scene_prism3_tn0d0110p0d0256p0d0027_in0d0013n0d0070p0d0000_mp0d0162p0d0156p0d0103.xml,prism_y0d0350,True,0.02,4.0,0.45,0.4,1.0,1.0,6.865321910435567,0.04979637247390162,5.0,0.005991306934951819,0.10422558314051719,0.001791302751292764,0.0,1.0,1.0,1.0,1.0,1.0,1.0,0.0,0.03434417283976784,0.009685370924965908,-0.011027742931477569,0.025568148695757457,0.002744957926775919,-0.001319231237275495,-0.007038725452158232,0.0,0.016190824056554275,0.015606209358289873,0.010298501299128147,"[0.03553291744516522, 1.3232182501035146, -0.9476119844664097, -0.0816995130453048, 1.4551473947175135, 1.0574563621002186, -0.11197127175611298, 1.563058739268382, 0.9555793853271397]"
prism3,14,/home/humanoid/Programs/hand/results/phase1/run_20260413_pollard_multiscene_500_run3/prism3/generated_mjcf/scene_prism3_tn0d0104p0d0282p0d0000_ip0d0063n0d0140p0d0112_mp0d0115p0d0095p0d0000.xml,prism_y0d0350,True,0.02,4.0,0.45,0.4,1.0,1.0,6.85752487732928,0.050589417380091345,5.0,0.007422492927549216,0.26764608564546555,0.002612074176575978,0.0,1.0,1.0,1.0,1.0,1.0,1.0,0.0,0.02850925793904331,0.02786225854699914,-0.010414020078622207,0.0281916147106972,0.0,0.006263439491299004,-0.013972830433252,0.011185489938817683,0.011493564213482969,0.009512750236102374,0.0,"[0.03553291744516522, 1.3232182501035146, -0.9476119844664097, -0.0816995130453048, 1.4551473947175135, 1.0574563621002186, -0.11197127175611298, 1.563058739268382, 0.9555793853271397]"
prism3,15,/home/humanoid/Programs/hand/results/phase1/run_20260413_pollard_multiscene_500_run3/prism3/generated_mjcf/scene_prism3_tp0d0093p0d0134p0d0000_ip0d0049n0d0102p0d0013_mp0d0174p0d0168p0d0000.xml,prism_y0d0350,True,0.02,4.0,0.45,0.4,1.0,1.0,6.567010828891619,0.04995408327819849,5.0,0.006022186657695148,0.7783515337044472,0.013243834666320732,0.0,1.0,1.0,1.0,1.0,1.0,1.0,0.0,0.13245635145089574,0.08133124605090164,0.009314839695820316,0.013420866282015786,0.0,0.004919938168181862,-0.010233046444494413,0.001298172052158427,0.017433058621906666,0.01675142284814846,0.0,"[0.03553291744516522, 1.3232182501035146, -0.9476119844664097, -0.0816995130453048, 1.4551473947175135, 1.0574563621002186, -0.11197127175611298, 1.563058739268382, 0.9555793853271397]"
prism3,16,/home/humanoid/Programs/hand/results/phase1/run_20260413_pollard_multiscene_500_run3/prism3/generated_mjcf/scene_prism3_tn0d0021p0d0276p0d0030_ip0d0210n0d0154p0d0013_mp0d0123p0d0237p0d0000.xml,prism_y0d0350,True,0.02,4.0,0.45,0.4,1.0,1.0,7.312770440452459,0.05065109011467184,6.0,0.007240089805009931,0.046401833422593165,0.0011222229047050548,0.0,1.0,1.0,1.0,1.0,1.0,1.0,0.0,0.016505736262281866,0.030676370494270022,-0.002090487775658576,0.02763490330330185,0.003036155098074084,0.021017863424738617,-0.01543429413379966,0.0012626762525108932,0.01225418083871604,0.023658988998601437,0.0,"[0.03553291744516522, 1.3232182501035146, -0.9476119844664097, -0.0816995130453048, 1.4551473947175135, 1.0574563621002186, -0.11197127175611298, 1.563058739268382, 0.9555793853271397]"
prism3,17,/home/humanoid/Programs/hand/results/phase1/run_20260413_pollard_multiscene_500_run3/prism3/generated_mjcf/scene_prism3_tn0d0022p0d0298p0d0000_ip0d0177n0d0143p0d0079_mn0d0018p0d0121p0d0000.xml,prism_y0d0350,True,0.02,4.0,0.45,0.4,1.0,1.0,6.879292593242047,0.05051398967175989,5.0,0.007724990631512896,0.13549152253083016,0.0020584198333366225,0.000714986040195778,1.0,1.0,1.0,1.0,1.0,1.0,0.0,0.015826763978214194,0.03233244033263144,-0.00224375191804496,0.02983901507989513,0.0,0.01774495072435605,-0.014330783103090609,0.007915295646674467,-0.0017610905406249926,0.012061107786198495,0.0,"[0.03553291744516522, 1.3232182501035146, -0.9476119844664097, -0.0816995130453048, 1.4551473947175135, 1.0574563621002186, -0.11197127175611298, 1.563058739268382, 0.9555793853271397]"
prism3,18,/home/humanoid/Programs/hand/results/phase1/run_20260413_pollard_multiscene_500_run3/prism3/generated_mjcf/scene_prism3_tp0d0037p0d0146p0d0049_ip0d0207n0d0213p0d0088_mn0d0006p0d0124p0d0000.xml,prism_y0d0350,True,0.02,4.0,0.45,0.4,1.0,1.0,7.258668723722828,0.05007644575566371,6.0,0.007202451698983192,0.10709880974841361,0.00016471281432816438,0.00036341059724086244,1.0,1.0,1.0,1.0,1.0,1.0,0.0,0.03184939769444664,0.052677102235738536,0.003662749832079322,0.014572378366389374,0.00486364969583487,0.02065123424661018,-0.021256389545730052,0.008754679089618578,-0.0005728603615918777,0.012438492199461346,0.0,"[0.03553291744516522, 1.3232182501035146, -0.9476119844664097, -0.0816995130453048, 1.4551473947175135, 1.0574563621002186, -0.11197127175611298, 1.563058739268382, 0.9555793853271397]"
prism3,19,/home/humanoid/Programs/hand/results/phase1/run_20260413_pollard_multiscene_500_run3/prism3/generated_mjcf/scene_prism3_tn0d0003p0d0300p0d0066_ip0d0054n0d0178p0d0087_mp0d0192p0d0156p0d0000.xml,prism_y0d0350,False,0.02,4.0,0.45,0.4,0.0,1.0,2.8638461953230037,0.04975204632424513,4.0,0.008118130473249783,0.05407422901665205,0.0013777463890454868,0.0006374176924772573,1.0,1.0,1.0,0.0,0.0,0.0,1.0,0.02145344421729774,0.031518191730560675,-0.0002676108759968581,0.03,0.0066165885144438795,0.005412576705262264,-0.017823917147980796,0.008714884900543628,0.01915137214570456,0.015556956133047486,0.0,"[0.03553291744516522, 1.3232182501035146, -0.9476119844664097, -0.0816995130453048, 1.4551473947175135, 1.0574563621002186, -0.11197127175611298, 1.563058739268382, 0.9555793853271397]"
prism3,20,/home/humanoid/Programs/hand/results/phase1/run_20260413_pollard_multiscene_500_run3/prism3/generated_mjcf/scene_prism3_tp0d0119p0d0156p0d0000_ip0d0191n0d0048p0d0040_mp0d0210p0d0255p0d0060.xml,prism_y0d0350,True,0.02,4.0,0.45,0.4,1.0,1.0,4.885551601997074,0.05268959956003867,5.0,0.006097434984271931,0.5220525804343804,0.01591754115212225,0.0,1.0,1.0,0.5083333333333333,1.0,0.5083333333333333,0.5083333333333333,0.4916666666666667,0.14657189483813102,0.11200896763942818,0.011878016355862029,0.015582645088824804,0.0,0.01912235491129767,-0.0048039504453299044,0.004029345733712431,0.021001927162670846,0.02551714985314605,0.005957964079242099,"[0.03553291744516522, 1.3232182501035146, -0.9476119844664097, -0.0816995130453048, 1.4551473947175135, 1.0574563621002186, -0.11197127175611298, 1.563058739268382, 0.9555793853271397]"
prism3,21,/home/humanoid/Programs/hand/results/phase1/run_20260413_pollard_multiscene_500_run3/prism3/generated_mjcf/scene_prism3_tp0d0087p0d0139p0d0000_ip0d0141n0d0071p0d0000_mp0d0075p0d0251p0d0015.xml,prism_y0d0350,False,0.02,4.0,0.45,0.4,0.0,1.0,4.225080580499956,0.05199396431884402,5.0,0.0061963078407938875,1.3045193449377295,0.022405436797277845,0.0003155288694821762,1.0,1.0,0.38055555555555554,1.0,0.38055555555555554,0.38055555555555554,0.6194444444444445,0.14880586308361976,0.1392256458725294,0.008656833829144266,0.01393152176773058,0.0,0.014081484383558463,-0.007149155120285933,0.0,0.007493374554517023,0.025146138389185314,0.0014736184212053513,"[0.03553291744516522, 1.3232182501035146, -0.9476119844664097, -0.0816995130453048, 1.4551473947175135, 1.0574563621002186, -0.11197127175611298, 1.563058739268382, 0.9555793853271397]"
prism3,22,/home/humanoid/Programs/hand/results/phase1/run_20260413_pollard_multiscene_500_run3/prism3/generated_mjcf/scene_prism3_tp0d0019p0d0127p0d0006_ip0d0106n0d0222p0d0116_mp0d0117p0d0035p0d0065.xml,prism_y0d0350,True,0.02,4.0,0.45,0.4,1.0,1.0,6.752421132901391,0.0501215774407396,5.0,0.006837754667173439,0.5234626657058506,0.0033233346416433286,0.000754439819027633,1.0,1.0,1.0,1.0,1.0,1.0,0.0,0.05083277389877091,0.059626217514616664,0.001880061958230544,0.012659114549379047,0.000624533966829004,0.010562433457478078,-0.02216554463408947,0.011566624635040951,0.011713494410938587,0.003453813183943444,0.006543580829409326,"[0.03553291744516522, 1.3232182501035146, -0.9476119844664097, -0.0816995130453048, 1.4551473947175135, 1.0574563621002186, -0.11197127175611298, 1.563058739268382, 0.9555793853271397]"
prism3,23,/home/humanoid/Programs/hand/results/phase1/run_20260413_pollard_multiscene_500_run3/prism3/generated_mjcf/scene_prism3_tp0d0115p0d0222p0d0000_ip0d0025n0d0082p0d0000_mp0d0119p0d0178p0d0111.xml,prism_y0d0350,True,0.02,4.0,0.45,0.4,1.0,1.0,6.868587936412072,0.04970125874615834,5.0,0.005940283220378308,0.0890824417829382,0.0009748334340411556,2.0407384752757496e-05,1.0,1.0,1.0,1.0,1.0,1.0,0.0,0.03582325602582918,0.007592083496327617,0.011478377132163497,0.02215688067970281,0.0,0.0025001851774668375,-0.008159360785995136,0.0,0.011864509420428621,0.017753740233111017,0.011098154234985145,"[0.03553291744516522, 1.3232182501035146, -0.9476119844664097, -0.0816995130453048, 1.4551473947175135, 1.0574563621002186, -0.11197127175611298, 1.563058739268382, 0.9555793853271397]"
prism3,24,/home/humanoid/Programs/hand/results/phase1/run_20260413_pollard_multiscene_500_run3/prism3/generated_mjcf/scene_prism3_tn0d0103p0d0200p0d0059_ip0d0023n0d0150p0d0000_mp0d0154p0d0054p0d0000.xml,prism_y0d0350,True,0.02,4.0,0.45,0.4,1.0,1.0,6.219488014564641,0.04924592306902334,4.0,0.006105665263600425,0.8302916135512364,0.009090333081163065,0.0,1.0,1.0,1.0,1.0,1.0,1.0,0.0,0.09028232405039005,0.045079795507842725,-0.010265633627282958,0.019999347767806847,0.0058583395027835584,0.0022534417713918117,-0.014986398437171538,0.0,0.015421140730618644,0.005406429282227681,0.0,"[0.03553291744516522, 1.3232182501035146, -0.9476119844664097, -0.0816995130453048, 1.4551473947175135, 1.0574563621002186, -0.11197127175611298, 1.563058739268382, 0.9555793853271397]"
prism3,25,/home/humanoid/Programs/hand/results/phase1/run_20260413_pollard_multiscene_500_run3/prism3/generated_mjcf/scene_prism3_tp0d0090p0d0193p0d0099_ip0d0164n0d0023p0d0000_mn0d0002p0d0050p0d0089.xml,prism_y0d0350,True,0.02,4.0,0.45,0.4,1.0,1.0,6.7330917531435075,0.0490453607161684,5.0,0.006212533119872771,0.2581162683216721,0.007082575539298009,0.0,1.0,1.0,1.0,1.0,1.0,1.0,0.0,0.06949924018877231,0.04071734401965935,0.008964543146897572,0.019335208082000274,0.009902926407381257,0.016382010825732936,-0.00233222495731762,0.0,-0.00023449027206483113,0.004987830085661232,0.008852503064335663,"[0.03553291744516522, 1.3232182501035146, -0.9476119844664097, -0.0816995130453048, 1.4551473947175135, 1.0574563621002186, -0.11197127175611298, 1.563058739268382, 0.9555793853271397]"
prism3,26,/home/humanoid/Programs/hand/results/phase1/run_20260413_pollard_multiscene_500_run3/prism3/generated_mjcf/scene_prism3_tp0d0032p0d0199p0d0000_ip0d0142n0d0167p0d0051_mp0d0090p0d0155p0d0070.xml,prism_y0d0350,True,0.02,4.0,0.45,0.4,1.0,1.0,7.245194921217573,0.05277170387922239,6.0,0.006381175335604207,0.21947582289005652,0.005870181223821388,0.0,1.0,1.0,1.0,1.0,1.0,1.0,0.0,0.07890332926604675,0.08401314768303908,0.003217679504338638,0.019917720651172473,0.0,0.014169602505454569,-0.01666758269170085,0.005061116718382677,0.009048527892815794,0.015479276653068651,0.006951977579036889,"[0.03553291744516522, 1.3232182501035146, -0.9476119844664097, -0.0816995130453048, 1.4551473947175135, 1.0574563621002186, -0.11197127175611298, 1.563058739268382, 0.9555793853271397]"
prism3,27,/home/humanoid/Programs/hand/results/phase1/run_20260413_pollard_multiscene_500_run3/prism3/generated_mjcf/scene_prism3_tn0d0098p0d0219p0d0000_ip0d0174n0d0126p0d0117_mp0d0024p0d0264p0d0072.xml,prism_y0d0350,True,0.02,4.0,0.45,0.4,1.0,1.0,7.234538683535129,0.052365262165929016,6.0,0.00615982370458246,0.12213454595333338,0.002650124543375395,0.00012842421650495484,1.0,1.0,1.0,1.0,1.0,1.0,0.0,0.11320996460148518,0.0739077210208483,-0.009774108587438862,0.02189020407976406,0.0,0.017395282043525633,-0.012567695132897762,0.011728688000827672,0.0023906397922172492,0.026412459362982414,0.0072220088786066165,"[0.03553291744516522, 1.3232182501035146, -0.9476119844664097, -0.0816995130453048, 1.4551473947175135, 1.0574563621002186, -0.11197127175611298, 1.563058739268382, 0.9555793853271397]"
prism3,28,/home/humanoid/Programs/hand/results/phase1/run_20260413_pollard_multiscene_500_run3/prism3/generated_mjcf/scene_prism3_tn0d0004p0d0275p0d0025_ip0d0137n0d0024p0d0000_mp0d0180p0d0125p0d0000.xml,prism_y0d0350,True,0.02,4.0,0.45,0.4,1.0,1.0,6.766786925784941,0.049243363928736614,5.0,0.0061065138625999655,0.30016567235598285,0.004833674568814878,0.0,1.0,1.0,1.0,1.0,1.0,1.0,0.0,0.05636284145065459,0.028256088557396142,-0.00044974808219355386,0.02752481754031125,0.002468373725786793,0.013722905535793127,-0.0023714216950226647,0.0,0.018039716895001612,0.01246355471918973,0.0,"[0.03553291744516522, 1.3232182501035146, -0.9476119844664097, -0.0816995130453048, 1.4551473947175135, 1.0574563621002186, -0.11197127175611298, 1.563058739268382, 0.9555793853271397]"
prism3,29,/home/humanoid/Programs/hand/results/phase1/run_20260413_pollard_multiscene_500_run3/prism3/generated_mjcf/scene_prism3_tp0d0119p0d0267p0d0000_ip0d0081n0d0032p0d0000_mp0d0150p0d0222p0d0072.xml,prism_y0d0350,True,0.02,4.0,0.45,0.4,1.0,1.0,6.842549077266004,0.04961182122801128,5.0,0.005960588456544444,0.1262012737185663,0.0012886501659504193,0.0,1.0,1.0,1.0,1.0,1.0,1.0,0.0,0.04872080812416821,0.013121177247291263,0.011856642509039624,0.026748572049833077,0.0,0.00814308151419475,-0.0032393062590768944,0.0,0.015002050165932786,0.022239710968923507,0.007180713113186753,"[0.03553291744516522, 1.3232182501035146, -0.9476119844664097, -0.0816995130453048, 1.4551473947175135, 1.0574563621002186, -0.11197127175611298, 1.563058739268382, 0.9555793853271397]"
prism3,30,/home/humanoid/Programs/hand/results/phase1/run_20260413_pollard_multiscene_500_run3/prism3/generated_mjcf/scene_prism3_tn0d0043p0d0271p0d0000_ip0d0067n0d0143p0d0010_mp0d0007p0d0131p0d0000.xml,prism_y0d0350,True,0.02,4.0,0.45,0.4,1.0,1.0,5.574795538567635,0.050333222151797294,5.0,0.007572973444142772,0.17171076713278077,0.0032584769910816553,0.0003832647588860316,1.0,1.0,1.0,0.6444444444444445,0.6444444444444445,0.6444444444444445,0.3555555555555555,0.02025739109486026,0.04311448927817171,-0.004265118606244038,0.02711934038590531,0.0,0.006695390811629658,-0.014281245307094884,0.00099383960712395,0.0007027279729733722,0.013066747215343347,0.0,"[0.03553291744516522, 1.3232182501035146, -0.9476119844664097, -0.0816995130453048, 1.4551473947175135, 1.0574563621002186, -0.11197127175611298, 1.563058739268382, 0.9555793853271397]"
prism3,31,/home/humanoid/Programs/hand/results/phase1/run_20260413_pollard_multiscene_500_run3/prism3/generated_mjcf/scene_prism3_tp0d0059p0d0284p0d0000_ip0d0149n0d0046p0d0116_mp0d0183p0d0135p0d0115.xml,prism_y0d0350,True,0.02,4.0,0.45,0.4,1.0,1.0,6.321748446301824,0.05096501309083833,4.0,0.006134203416459809,0.24468416861401562,0.008263517684057146,0.0,1.0,1.0,1.0,1.0,1.0,1.0,0.0,0.12765905501341845,0.07163163726946843,0.005865137432337578,0.028445021893622167,0.0,0.014890858462403149,-0.004593525878528669,0.011563879748923051,0.01825097349684944,0.013478555650656308,0.011512529004231758,"[0.03553291744516522, 1.3232182501035146, -0.9476119844664097, -0.0816995130453048, 1.4551473947175135, 1.0574563621002186, -0.11197127175611298, 1.563058739268382, 0.9555793853271397]"
prism3,32,/home/humanoid/Programs/hand/results/phase1/run_20260413_pollard_multiscene_500_run3/prism3/generated_mjcf/scene_prism3_tp0d0114p0d0201p0d0061_ip0d0199n0d0129p0d0087_mp0d0148p0d0104p0d0064.xml,prism_y0d0350,True,0.02,4.0,0.45,0.4,1.0,1.0,7.264489109035697,0.052203852360388076,6.0,0.006571692957301522,0.11480972959223398,0.004019126138829604,0.00012043590610992527,1.0,1.0,1.0,1.0,1.0,1.0,0.0,0.07301186159841601,0.06741805783946919,0.011375625716456523,0.020088247500813894,0.006082716926013726,0.019932104024155912,-0.012872470272749927,0.008730869786330038,0.014837645585484947,0.010354182143389382,0.006423654479603365,"[0.03553291744516522, 1.3232182501035146, -0.9476119844664097, -0.0816995130453048, 1.4551473947175135, 1.0574563621002186, -0.11197127175611298, 1.563058739268382, 0.9555793853271397]"
prism3,33,/home/humanoid/Programs/hand/results/phase1/run_20260413_pollard_multiscene_500_run3/prism3/generated_mjcf/scene_prism3_tp0d0017p0d0103p0d0000_in0d0002n0d0129p0d0000_mp0d0082p0d0174p0d0000.xml,prism_y0d0350,True,0.02,4.0,0.45,0.4,1.0,1.0,5.359542963218041,0.0524176891129019,5.0,0.006100655419651636,0.4922250256020449,0.019092419671981282,0.0,1.0,1.0,0.6416666666666667,1.0,0.6416666666666667,0.6416666666666667,0.3583333333333333,0.12434175006720471,0.12028964590964754,0.0016964348606279787,0.01025228368239935,0.0,-0.00023021567845265753,-0.012871992882792106,0.0,0.008169698631290736,0.017371208486178825,0.0,"[0.03553291744516522, 1.3232182501035146, -0.9476119844664097, -0.0816995130453048, 1.4551473947175135, 1.0574563621002186, -0.11197127175611298, 1.563058739268382, 0.9555793853271397]"
prism3,34,/home/humanoid/Programs/hand/results/phase1/run_20260413_pollard_multiscene_500_run3/prism3/generated_mjcf/scene_prism3_tp0d0104p0d0244p0d0078_ip0d0195n0d0103p0d0000_mp0d0151p0d0170p0d0078.xml,prism_y0d0350,True,0.02,4.0,0.45,0.4,1.0,1.0,7.190665227266139,0.05245064907744227,6.0,0.006331247365370497,0.04019451591854517,0.01386473893490865,0.0,1.0,1.0,1.0,1.0,1.0,1.0,0.0,0.10515979255958552,0.07613518431355976,0.010410453838964225,0.024417210753800794,0.0077707526014265185,0.01952322957433024,-0.010300318873836577,0.0,0.015075683778826192,0.016956620502320593,0.007822973332089582,"[0.03553291744516522, 1.3232182501035146, -0.9476119844664097, -0.0816995130453048, 1.4551473947175135, 1.0574563621002186, -0.11197127175611298, 1.563058739268382, 0.9555793853271397]"
prism3,35,/home/humanoid/Programs/hand/results/phase1/run_20260413_pollard_multiscene_500_run3/prism3/generated_mjcf/scene_prism3_tp0d0008p0d0275p0d0119_ip0d0064n0d0202p0d0000_mp0d0161p0d0138p0d0021.xml,prism_y0d0350,False,0.02,4.0,0.45,0.4,0.0,1.0,2.777684333652451,0.04891059727454679,4.0,0.0079888935075973,0.10187398465560193,0.00664877808377113,0.0007048118905625123,1.0,1.0,1.0,0.0,0.0,0.0,1.0,0.03302423734311998,0.04310607542131014,0.0007718513633842589,0.027517858288740617,0.011928247033739802,0.006413315472829315,-0.02019548543950382,0.0,0.016073199756776235,0.013841494364599355,0.0021211226263011564,"[0.03553291744516522, 1.3232182501035146, -0.9476119844664097, -0.0816995130453048, 1.4551473947175135, 1.0574563621002186, -0.11197127175611298, 1.563058739268382, 0.9555793853271397]"
prism3,36,/home/humanoid/Programs/hand/results/phase1/run_20260413_pollard_multiscene_500_run3/prism3/generated_mjcf/scene_prism3_tn0d0089p0d0254p0d0000_ip0d0026n0d0036p0d0015_mp0d0096p0d0249p0d0000.xml,prism_y0d0350,True,0.02,4.0,0.45,0.4,1.0,1.0,6.868036556050158,0.04963980388008745,5.0,0.005968567072366968,0.08051685215824286,0.0013811099977001817,0.0,1.0,1.0,1.0,1.0,1.0,1.0,0.0,0.03322752435619263,0.00765546688408042,-0.008943396673879896,0.025426964262415527,0.0,0.0025748214496964378,-0.0035892000340033304,0.0015459077068942575,0.00962797461631001,0.02487177036596363,0.0,"[0.03553291744516522, 1.3232182501035146, -0.9476119844664097, -0.0816995130453048, 1.4551473947175135, 1.0574563621002186, -0.11197127175611298, 1.563058739268382, 0.9555793853271397]"
prism3,37,/home/humanoid/Programs/hand/results/phase1/run_20260413_pollard_multiscene_500_run3/prism3/generated_mjcf/scene_prism3_tp0d0047p0d0159p0d0000_ip0d0142n0d0156p0d0000_mp0d0206p0d0081p0d0003.xml,prism_y0d0350,True,0.02,4.0,0.45,0.4,1.0,1.0,6.35474442721773,0.049300885634158215,4.0,0.0060813192046887355,0.3412269151129756,0.006179772736847323,0.0,1.0,1.0,1.0,1.0,1.0,1.0,0.0,0.05801444639316656,0.02469362297446498,0.004707706808181427,0.01587157495435046,0.0,0.014195167599214695,-0.015592273179289533,0.0,0.02064826636550051,0.008083160176307667,0.00029216778810564094,"[0.03553291744516522, 1.3232182501035146, -0.9476119844664097, -0.0816995130453048, 1.4551473947175135, 1.0574563621002186, -0.11197127175611298, 1.563058739268382, 0.9555793853271397]"
prism3,38,/home/humanoid/Programs/hand/results/phase1/run_20260413_pollard_multiscene_500_run3/prism3/generated_mjcf/scene_prism3_tn0d0114p0d0119p0d0092_ip0d0169n0d0109p0d0000_mp0d0114p0d0036p0d0051.xml,prism_y0d0350,True,0.02,4.0,0.45,0.4,1.0,1.0,5.990755670725383,0.04899776601156559,4.0,0.00621173542782853,2.4250295427046686,0.008637216239611278,0.0,1.0,1.0,1.0,0.9888888888888889,0.9888888888888889,0.9888888888888889,0.011111111111111072,0.04054201404046044,0.031245851879854753,-0.011423683183887617,0.011920834187286948,0.009202049607205488,0.01694194115806423,-0.010935948238704234,0.0,0.011385941982911355,0.0035915166267267012,0.005111847142510097,"[0.03553291744516522, 1.3232182501035146, -0.9476119844664097, -0.0816995130453048, 1.4551473947175135, 1.0574563621002186, -0.11197127175611298, 1.563058739268382, 0.9555793853271397]"
prism3,39,/home/humanoid/Programs/hand/results/phase1/run_20260413_pollard_multiscene_500_run3/prism3/generated_mjcf/scene_prism3_tp0d0052p0d0235p0d0027_in0d0002n0d0184p0d0018_mp0d0075p0d0271p0d0102.xml,prism_y0d0350,True,0.02,4.0,0.45,0.4,1.0,1.0,6.335221024348572,0.05001288248077237,4.0,0.006069917224215995,0.5386234628536426,0.005326050687286413,0.0,1.0,1.0,1.0,1.0,1.0,1.0,0.0,0.07654259899477786,0.027595210966973777,0.005202016333529475,0.023505080565592515,0.002672128422604829,-0.00023080561701109906,-0.018386256742776587,0.0017850731543503657,0.007460482384693542,0.027108557485954678,0.010169888577004349,"[0.03553291744516522, 1.3232182501035146, -0.9476119844664097, -0.0816995130453048, 1.4551473947175135, 1.0574563621002186, -0.11197127175611298, 1.563058739268382, 0.9555793853271397]"
prism3,40,/home/humanoid/Programs/hand/results/phase1/run_20260413_pollard_multiscene_500_run3/prism3/generated_mjcf/scene_prism3_tn0d0084p0d0222p0d0047_ip0d0013n0d0168p0d0052_mp0d0196p0d0115p0d0000.xml,prism_y0d0350,True,0.02,4.0,0.45,0.4,1.0,1.0,5.551976465960976,0.053847467360678754,5.0,0.0062993322832178315,0.24606735442272729,0.009556802997558707,0.0,1.0,1.0,1.0,0.65,0.65,0.65,0.35,0.1294812827294928,0.07270804643618074,-0.008351810339459111,0.022159054223588735,0.004709162546482959,0.0012770419432212663,-0.016797704469571892,0.005182028326211865,0.019626594242148077,0.011501823604947245,0.0,"[0.03553291744516522, 1.3232182501035146, -0.9476119844664097, -0.0816995130453048, 1.4551473947175135, 1.0574563621002186, -0.11197127175611298, 1.563058739268382, 0.9555793853271397]"
prism3,41,/home/humanoid/Programs/hand/results/phase1/run_20260413_pollard_multiscene_500_run3/prism3/generated_mjcf/scene_prism3_tp0d0077p0d0220p0d0000_ip0d0041n0d0226p0d0000_mp0d0119p0d0079p0d0114.xml,prism_y0d0350,False,0.02,4.0,0.45,0.4,0.0,1.0,2.323890595705693,0.049335123156197466,4.0,0.011587256925151265,1.6959139395113965,0.011024183974193223,0.009796823965026624,0.9694444444444444,0.9694444444444444,1.0,0.0,0.0,0.0,1.0,0.06034697785624663,0.113557392516074,0.007723008065525151,0.022039584325416278,0.0,0.0041476005142694165,-0.022556199632440297,0.0,0.011919284333538276,0.007886646563041794,0.011412791482243691,"[0.03553291744516522, 1.3232182501035146, -0.9476119844664097, -0.0816995130453048, 1.4551473947175135, 1.0574563621002186, -0.11197127175611298, 1.563058739268382, 0.9555793853271397]"
prism3,42,/home/humanoid/Programs/hand/results/phase1/run_20260413_pollard_multiscene_500_run3/prism3/generated_mjcf/scene_prism3_tn0d0094p0d0189p0d0000_ip0d0036n0d0063p0d0034_mp0d0154p0d0053p0d0000.xml,prism_y0d0350,True,0.02,4.0,0.45,0.4,1.0,1.0,6.485331691986487,0.049814160139931736,4.0,0.00601680857340461,0.04349833320685383,0.0016209202822524032,0.0,1.0,1.0,1.0,1.0,1.0,1.0,0.0,0.025982015616527836,0.0077960169464876645,-0.009420546518732465,0.0188501309198506,0.0,0.003575475406852743,-0.00632986259990556,0.003448914289927449,0.015418184441244877,0.005287405821515873,0.0,"[0.03553291744516522, 1.3232182501035146, -0.9476119844664097, -0.0816995130453048, 1.4551473947175135, 1.0574563621002186, -0.11197127175611298, 1.563058739268382, 0.9555793853271397]"
prism3,43,/home/humanoid/Programs/hand/results/phase1/run_20260413_pollard_multiscene_500_run3/prism3/generated_mjcf/scene_prism3_tp0d0005p0d0182p0d0000_ip0d0027n0d0016p0d0000_mp0d0184p0d0230p0d0000.xml,prism_y0d0350,True,0.02,4.0,0.45,0.4,1.0,1.0,7.155391939391806,0.053676504041030915,6.0,0.006172692131505741,0.19550695157038556,0.008313062379514112,0.0,1.0,1.0,0.9805555555555555,1.0,0.9805555555555555,0.9805555555555555,0.019444444444444486,0.11432407938041918,0.09482364277640522,0.00047599378402156216,0.018241307449525786,0.0,0.0026566589176190373,-0.001619408440688962,0.0,0.018449255979106606,0.02303129181754656,0.0,"[0.03553291744516522, 1.3232182501035146, -0.9476119844664097, -0.0816995130453048, 1.4551473947175135, 1.0574563621002186, -0.11197127175611298, 1.563058739268382, 0.9555793853271397]"
prism3,44,/home/humanoid/Programs/hand/results/phase1/run_20260413_pollard_multiscene_500_run3/prism3/generated_mjcf/scene_prism3_tn0d0008p0d0278p0d0043_ip0d0181n0d0061p0d0046_mp0d0199p0d0230p0d0000.xml,prism_y0d0350,True,0.02,4.0,0.45,0.4,1.0,1.0,6.802341131356341,0.0525841587381123,5.0,0.006183390122199488,0.11178748721673153,0.00880983186306329,0.0,1.0,1.0,1.0,1.0,1.0,1.0,0.0,0.12197680977646479,0.06826744039167154,-0.000797195523737677,0.027776043383598063,0.0043364718136851,0.018086649674297704,-0.006117681940029028,0.004590515506574511,0.019911378544165075,0.023047371194270132,0.0,"[0.03553291744516522, 1.3232182501035146, -0.9476119844664097, -0.0816995130453048, 1.4551473947175135, 1.0574563621002186, -0.11197127175611298, 1.563058739268382, 0.9555793853271397]"
prism3,45,/home/humanoid/Programs/hand/results/phase1/run_20260413_pollard_multiscene_500_run3/prism3/generated_mjcf/scene_prism3_tp0d0060p0d0101p0d0000_ip0d0075n0d0194p0d0105_mp0d0003p0d0034p0d0000.xml,prism_y0d0350,True,0.02,4.0,0.45,0.4,1.0,1.0,7.135990280379624,0.051953425819337214,6.0,0.006198531039271024,0.18887340939349273,0.013329928371937668,0.0,1.0,1.0,1.0,1.0,1.0,1.0,0.0,0.11677385206786607,0.08979625502023965,0.005957382601949876,0.010080351754749027,0.0,0.007522045291682206,-0.019447965744588368,0.010509722607263742,0.00027464028066800754,0.0034175859597258135,0.0,"[0.03553291744516522, 1.3232182501035146, -0.9476119844664097, -0.0816995130453048, 1.4551473947175135, 1.0574563621002186, -0.11197127175611298, 1.563058739268382, 0.9555793853271397]"
prism3,46,/home/humanoid/Programs/hand/results/phase1/run_20260413_pollard_multiscene_500_run3/prism3/generated_mjcf/scene_prism3_tp0d0118p0d0144p0d0079_ip0d0022n0d0102p0d0110_mp0d0152p0d0268p0d0018.xml,prism_y0d0350,False,0.02,4.0,0.45,0.4,0.0,1.0,2.7044245359950247,0.04868835247850805,4.0,0.009760184032197201,0.6155256546506983,0.00666588147686571,0.0004967395054440299,1.0,1.0,0.0,1.0,0.0,0.0,1.0,0.012728294919172716,0.05826825329012497,0.011777873237789328,0.014352683081322558,0.007936662372425542,0.0021547272884911706,-0.010226919484838934,0.011001824044305407,0.01519631762957937,0.026832191404283674,0.0017893595781369523,"[0.03553291744516522, 1.3232182501035146, -0.9476119844664097, -0.0816995130453048, 1.4551473947175135, 1.0574563621002186, -0.11197127175611298, 1.563058739268382, 0.9555793853271397]"
prism3,47,/home/humanoid/Programs/hand/results/phase1/run_20260413_pollard_multiscene_500_run3/prism3/generated_mjcf/scene_prism3_tp0d0116p0d0281p0d0067_ip0d0193n0d0091p0d0000_mp0d0107p0d0087p0d0067.xml,prism_y0d0350,False,0.02,4.0,0.45,0.4,0.0,1.0,4.7248161227150876,0.051450824590792074,5.0,0.0068917666011847345,0.09946775622642165,0.005147954899191043,0.0007533135188146356,1.0,1.0,1.0,0.41388888888888886,0.41388888888888886,0.41388888888888886,0.5861111111111111,0.0665734145715523,0.06151627026765651,0.011600032957282114,0.028089128761280092,0.006677957426446279,0.019323757285876007,-0.0091442035857212,0.0,0.010678778561367832,0.008736009496376724,0.006661058973160928,"[0.03553291744516522, 1.3232182501035146, -0.9476119844664097, -0.0816995130453048, 1.4551473947175135, 1.0574563621002186, -0.11197127175611298, 1.563058739268382, 0.9555793853271397]"
prism3,48,/home/humanoid/Programs/hand/results/phase1/run_20260413_pollard_multiscene_500_run3/prism3/generated_mjcf/scene_prism3_tn0d0079p0d0219p0d0009_ip0d0141n0d0060p0d0000_mp0d0130p0d0132p0d0027.xml,prism_y0d0350,True,0.02,4.0,0.45,0.4,1.0,1.0,6.427685409935228,0.050008644552232404,4.0,0.006083173537174545,0.1871794023847505,0.003606054194593078,0.0,1.0,1.0,1.0,1.0,1.0,1.0,0.0,0.04993216225451943,0.02161080907753049,-0.007918115961243205,0.02185275077567818,0.0008615743098987442,0.014125667283464571,-0.006048321632033999,0.0,0.012998583080031604,0.013234941179164626,0.0027408344560308894,"[0.03553291744516522, 1.3232182501035146, -0.9476119844664097, -0.0816995130453048, 1.4551473947175135, 1.0574563621002186, -0.11197127175611298, 1.563058739268382, 0.9555793853271397]"
prism3,49,/home/humanoid/Programs/hand/results/phase1/run_20260413_pollard_multiscene_500_run3/prism3/generated_mjcf/scene_prism3_tp0d0047p0d0221p0d0056_ip0d0105n0d0132p0d0000_mp0d0035p0d0200p0d0047.xml,prism_y0d0350,True,0.02,4.0,0.45,0.4,1.0,1.0,7.1061849981946725,0.05184613163687188,6.0,0.0062886120816569935,0.1166388579924861,0.018286454266525733,0.0,1.0,1.0,1.0,1.0,1.0,1.0,0.0,0.1224474365741557,0.09238078812069206,0.004655629035515887,0.022051510058254925,0.005589265844609163,0.010480606172911551,-0.013191172580897479,0.0,0.003499640079920957,0.019987250546203643,0.004697072467498984,"[0.03553291744516522, 1.3232182501035146, -0.9476119844664097, -0.0816995130453048, 1.4551473947175135, 1.0574563621002186, -0.11197127175611298, 1.563058739268382, 0.9555793853271397]"
prism3,50,/home/humanoid/Programs/hand/results/phase1/run_20260413_pollard_multiscene_500_run3/prism3/generated_mjcf/scene_prism3_tn0d0073p0d0300p0d0041_ip0d0107n0d0041p0d0000_mp0d0094p0d0095p0d0000.xml,prism_y0d0350,True,0.02,4.0,0.45,0.4,1.0,1.0,6.818927868097927,0.05181785511531452,5.0,0.006412210643044656,0.2991254647930735,0.005012690537431415,0.0,1.0,1.0,1.0,1.0,1.0,1.0,0.0,0.0846483300725636,0.0445586932717564,-0.007308419688561688,0.03,0.004107618726945504,0.01074918695703583,-0.004111791562920778,0.0,0.009422676882407844,0.009498585601860884,0.0,"[0.03553291744516522, 1.3232182501035146, -0.9476119844664097, -0.0816995130453048, 1.4551473947175135, 1.0574563621002186, -0.11197127175611298, 1.563058739268382, 0.9555793853271397]"
prism3,51,/home/humanoid/Programs/hand/results/phase1/run_20260413_pollard_multiscene_500_run3/prism3/generated_mjcf/scene_prism3_tp0d0051p0d0283p0d0043_ip0d0069n0d0105p0d0015_mp0d0205p0d0126p0d0000.xml,prism_y0d0350,False,0.02,4.0,0.45,0.4,0.0,1.0,4.487254635615148,0.052194245561107466,5.0,0.0063433927852725265,0.16856608192253322,0.01249421778258801,0.00040532154633832196,1.0,1.0,1.0,0.375,0.375,0.375,0.625,0.1318642198351394,0.0797577521559218,0.00507889389314202,0.02825866323773702,0.004267170674303017,0.006851716400702805,-0.010482669810742749,0.0015218993681757591,0.020477586003383057,0.012604181086936542,0.0,"[0.03553291744516522, 1.3232182501035146, -0.9476119844664097, -0.0816995130453048, 1.4551473947175135, 1.0574563621002186, -0.11197127175611298, 1.563058739268382, 0.9555793853271397]"
prism3,52,/home/humanoid/Programs/hand/results/phase1/run_20260413_pollard_multiscene_500_run3/prism3/generated_mjcf/scene_prism3_tp0d0090p0d0295p0d0000_ip0d0028n0d0090p0d0069_mp0d0126p0d0079p0d0000.xml,prism_y0d0350,False,0.02,4.0,0.45,0.4,0.0,1.0,2.864978625036246,0.05171364546181917,5.0,0.007025459424710737,2.4744836321311046,0.011526985128582802,0.002338458060548873,1.0,1.0,1.0,0.013888888888888888,0.013888888888888888,0.013888888888888888,0.9861111111111112,0.057197500158438615,0.11070918960363123,0.00904638943989626,0.029473483925284844,0.0,0.0027573767401475767,-0.009029192313612964,0.006932283735236109,0.012560620161773211,0.007898140707037397,0.0,"[0.03553291744516522, 1.3232182501035146, -0.9476119844664097, -0.0816995130453048, 1.4551473947175135, 1.0574563621002186, -0.11197127175611298, 1.563058739268382, 0.9555793853271397]"
prism3,53,/home/humanoid/Programs/hand/results/phase1/run_20260413_pollard_multiscene_500_run3/prism3/generated_mjcf/scene_prism3_tp0d0001p0d0276p0d0000_in0d0002n0d0111p0d0000_mn0d0004p0d0219p0d0077.xml,prism_y0d0350,False,0.02,4.0,0.45,0.4,0.0,1.0,3.401333817599531,0.05160889472587987,5.0,0.006732359233627802,0.3234170291382678,0.014051028639578488,0.0007572865458171374,1.0,1.0,1.0,0.07222222222222222,0.07222222222222222,0.07222222222222222,0.9277777777777778,0.06480977142770439,0.0895936863065737,0.00014334321756440463,0.027572249759816276,0.0,-0.00019681532305319306,-0.011074920100960688,0.0,-0.0003818307083775299,0.021858350352990434,0.00770943854587014,"[0.03553291744516522, 1.3232182501035146, -0.9476119844664097, -0.0816995130453048, 1.4551473947175135, 1.0574563621002186, -0.11197127175611298, 1.563058739268382, 0.9555793853271397]"
prism3,54,/home/humanoid/Programs/hand/results/phase1/run_20260413_pollard_multiscene_500_run3/prism3/generated_mjcf/scene_prism3_tn0d0024p0d0151p0d0000_ip0d0067n0d0105p0d0007_mp0d0065p0d0186p0d0042.xml,prism_y0d0350,True,0.02,4.0,0.45,0.4,1.0,1.0,6.473261369310222,0.049488608186708596,4.0,0.005967849330059039,0.06640784854278041,0.0009363548547491174,6.285358216549797e-05,1.0,1.0,1.0,1.0,1.0,1.0,0.0,0.02756750559012382,0.006006327156879303,-0.0024399467736423517,0.015057832644038826,0.0,0.006663314219880421,-0.01045421656520971,0.0006676818746994568,0.006528380348144711,0.018598103501716354,0.004218418606739039,"[0.03553291744516522, 1.3232182501035146, -0.9476119844664097, -0.0816995130453048, 1.4551473947175135, 1.0574563621002186, -0.11197127175611298, 1.563058739268382, 0.9555793853271397]"
prism3,55,/home/humanoid/Programs/hand/results/phase1/run_20260413_pollard_multiscene_500_run3/prism3/generated_mjcf/scene_prism3_tp0d0014p0d0173p0d0030_ip0d0122n0d0161p0d0000_mp0d0111p0d0180p0d0027.xml,prism_y0d0350,True,0.02,4.0,0.45,0.4,1.0,1.0,6.198334705431837,0.04978736362465142,4.0,0.006109113350021539,0.3292036171834866,0.015357239143295925,0.0,1.0,1.0,1.0,1.0,1.0,1.0,0.0,0.15214829841244204,0.07666503776235932,0.0013986947514008224,0.017295077961244975,0.0029736667665392225,0.012205666797138652,-0.016132227422864007,0.0,0.011097973096462878,0.017996201736044416,0.00265916253412341,"[0.03553291744516522, 1.3232182501035146, -0.9476119844664097, -0.0816995130453048, 1.4551473947175135, 1.0574563621002186, -0.11197127175611298, 1.563058739268382, 0.9555793853271397]"
prism3,56,/home/humanoid/Programs/hand/results/phase1/run_20260413_pollard_multiscene_500_run3/prism3/generated_mjcf/scene_prism3_tn0d0028p0d0216p0d0117_ip0d0083n0d0041p0d0000_mp0d0190p0d0259p0d0000.xml,prism_y0d0350,True,0.02,4.0,0.45,0.4,1.0,1.0,6.402229178037093,0.04735885480908549,4.0,0.006166445614223773,0.05366921519317932,0.0026016774254139815,0.00011298169873918962,1.0,1.0,1.0,1.0,1.0,1.0,0.0,0.013382633130072827,0.009197977412095604,-0.002811887786451483,0.021578573773190127,0.011658471244714058,0.008272588457054841,-0.004067646849840225,0.0,0.019005478088847325,0.02590094773271727,0.0,"[0.03553291744516522, 1.3232182501035146, -0.9476119844664097, -0.0816995130453048, 1.4551473947175135, 1.0574563621002186, -0.11197127175611298, 1.563058739268382, 0.9555793853271397]"
prism3,57,/home/humanoid/Programs/hand/results/phase1/run_20260413_pollard_multiscene_500_run3/prism3/generated_mjcf/scene_prism3_tn0d0117p0d0196p0d0000_ip0d0213n0d0028p0d0111_mp0d0125p0d0157p0d0080.xml,prism_y0d0350,True,0.02,4.0,0.45,0.4,1.0,1.0,6.46553698606454,0.0502087825257542,4.0,0.005964915024445562,0.09106400257294703,0.0010904026212850443,0.0,1.0,1.0,1.0,1.0,1.0,1.0,0.0,0.05029970489578529,0.018677702557057068,-0.011709566023867376,0.019592201922411186,0.0,0.021319150102846428,-0.00275523755717884,0.01105595726232652,0.012492871785778067,0.015663848805663412,0.00798522838512554,"[0.03553291744516522, 1.3232182501035146, -0.9476119844664097, -0.0816995130453048, 1.4551473947175135, 1.0574563621002186, -0.11197127175611298, 1.563058739268382, 0.9555793853271397]"
prism3,58,/home/humanoid/Programs/hand/results/phase1/run_20260413_pollard_multiscene_500_run3/prism3/generated_mjcf/scene_prism3_tp0d0037p0d0140p0d0104_ip0d0086n0d0057p0d0000_mp0d0024p0d0104p0d0018.xml,prism_y0d0350,True,0.02,4.0,0.45,0.4,1.0,1.0,6.389597086039731,0.04810506252632099,4.0,0.006092177537518954,0.09056857063372846,0.0029422956276863453,2.635278019552656e-07,1.0,1.0,1.0,1.0,1.0,1.0,0.0,0.042632937969843,0.016041175283644866,0.0036563751765365075,0.013965384232813884,0.010422864918188692,0.008552786799172752,-0.005734650520576824,2.251096772368233e-05,0.002400549834523061,0.010402244328225918,0.0017858584512676114,"[0.03553291744516522, 1.3232182501035146, -0.9476119844664097, -0.0816995130453048, 1.4551473947175135, 1.0574563621002186, -0.11197127175611298, 1.563058739268382, 0.9555793853271397]"
prism3,59,/home/humanoid/Programs/hand/results/phase1/run_20260413_pollard_multiscene_500_run3/prism3/generated_mjcf/scene_prism3_tn0d0086p0d0083p0d0000_ip0d0163n0d0096p0d0000_mp0d0152p0d0149p0d0120.xml,prism_y0d0350,True,0.02,4.0,0.45,0.4,1.0,1.0,6.315466498517127,0.05084217219649331,4.0,0.006020471872674651,0.39229232496613436,0.007480306558203925,0.0,1.0,1.0,1.0,1.0,1.0,1.0,0.0,0.11893498994091854,0.05861581315945469,-0.008567949977657268,0.008329708606795487,0.0,0.01629273212462127,-0.00956022543017069,0.0,0.01521378254309184,0.014928351194636959,0.011988032454168646,"[0.03553291744516522, 1.3232182501035146, -0.9476119844664097, -0.0816995130453048, 1.4551473947175135, 1.0574563621002186, -0.11197127175611298, 1.563058739268382, 0.9555793853271397]"
prism3,60,/home/humanoid/Programs/hand/results/phase1/run_20260413_pollard_multiscene_500_run3/prism3/generated_mjcf/scene_prism3_tp0d0066p0d0279p0d0000_ip0d0017n0d0195p0d0000_mp0d0103p0d0080p0d0067.xml,prism_y0d0350,False,0.02,4.0,0.45,0.4,0.0,1.0,1.868184827763733,0.047314735533028535,4.0,0.012037939032718244,0.0001109567434604028,0.056677074255085905,0.05000361670663399,0.5333333333333333,0.5333333333333333,0.5694444444444444,0.0,0.0,0.0,0.5694444444444444,0.12481610030777046,0.08429956266150018,0.006624759658674734,0.027935154590522218,0.0,0.0016550791083715342,-0.019516706181432,0.0,0.010291578870901609,0.007970624345573628,0.006718674503725958,"[0.03553291744516522, 1.3232182501035146, -0.9476119844664097, -0.0816995130453048, 1.4551473947175135, 1.0574563621002186, -0.11197127175611298, 1.563058739268382, 0.9555793853271397]"
prism3,61,/home/humanoid/Programs/hand/results/phase1/run_20260413_pollard_multiscene_500_run3/prism3/generated_mjcf/scene_prism3_tp0d0088p0d0156p0d0002_ip0d0123n0d0070p0d0000_mp0d0047p0d0208p0d0016.xml,prism_y0d0350,True,0.02,4.0,0.45,0.4,1.0,1.0,6.862117735536091,0.04950014404497357,5.0,0.005939984786216552,0.08861106986433749,0.001147693280987245,6.179045897823643e-05,1.0,1.0,1.0,1.0,1.0,1.0,0.0,0.033786856652371224,0.007602348279734698,0.008842347706013512,0.015584119658245781,0.00019354072215095955,0.012264990460306213,-0.006962923825653033,0.0,0.004740905473675754,0.020836943900601666,0.001636615543023039,"[0.03553291744516522, 1.3232182501035146, -0.9476119844664097, -0.0816995130453048, 1.4551473947175135, 1.0574563621002186, -0.11197127175611298, 1.563058739268382, 0.9555793853271397]"
prism3,62,/home/humanoid/Programs/hand/results/phase1/run_20260413_pollard_multiscene_500_run3/prism3/generated_mjcf/scene_prism3_tp0d0096p0d0187p0d0000_ip0d0054n0d0187p0d0036_mp0d0044p0d0240p0d0000.xml,prism_y0d0350,True,0.02,4.0,0.45,0.4,1.0,1.0,6.147320312424836,0.05075095050995558,4.0,0.00604637522843655,0.39104120025506944,0.02162741262263114,0.0,1.0,1.0,1.0,1.0,1.0,1.0,0.0,0.17608086950284965,0.10473735937967565,0.009598699042534763,0.018748600687729843,0.0,0.005356173220736853,-0.018747058256286107,0.0036183920343215593,0.004352464043744693,0.023994612495433137,0.0,"[0.03553291744516522, 1.3232182501035146, -0.9476119844664097, -0.0816995130453048, 1.4551473947175135, 1.0574563621002186, -0.11197127175611298, 1.563058739268382, 0.9555793853271397]"
prism3,63,/home/humanoid/Programs/hand/results/phase1/run_20260413_pollard_multiscene_500_run3/prism3/generated_mjcf/scene_prism3_tp0d0042p0d0216p0d0031_ip0d0195n0d0202p0d0000_mp0d0009p0d0051p0d0008.xml,prism_y0d0350,True,0.02,4.0,0.45,0.4,1.0,1.0,6.88614559408925,0.050645676548427734,5.0,0.007503792860921693,0.07502154108914978,0.0020643248029135653,0.00024893285294975975,1.0,1.0,1.0,1.0,1.0,1.0,0.0,0.024409301791049137,0.040819646753153215,0.0041606311494035465,0.021636419405641566,0.0030830111490938,0.019490002615164113,-0.020220277164734096,0.0,0.00092565331204735,0.005134536502037207,0.0008215445664897757,"[0.03553291744516522, 1.3232182501035146, -0.9476119844664097, -0.0816995130453048, 1.4551473947175135, 1.0574563621002186, -0.11197127175611298, 1.563058739268382, 0.9555793853271397]"
prism3,64,/home/humanoid/Programs/hand/results/phase1/run_20260413_pollard_multiscene_500_run3/prism3/generated_mjcf/scene_prism3_tn0d0080p0d0274p0d0000_ip0d0070n0d0129p0d0000_mp0d0065p0d0086p0d0000.xml,prism_y0d0350,False,0.02,4.0,0.45,0.4,0.0,1.0,3.81931025122876,0.051778335051527,5.0,0.007248006599036165,0.09123115712361807,0.0019922425190371353,0.0,1.0,1.0,1.0,0.1388888888888889,0.1388888888888889,0.1388888888888889,0.8611111111111112,0.03246826053357476,0.040658146320544784,-0.008022452353145467,0.027372030322243758,0.0,0.006990567321636585,-0.012943104686674348,0.0,0.006541749268414972,0.008646994452682851,0.0,"[0.03553291744516522, 1.3232182501035146, -0.9476119844664097, -0.0816995130453048, 1.4551473947175135, 1.0574563621002186, -0.11197127175611298, 1.563058739268382, 0.9555793853271397]"
prism3,65,/home/humanoid/Programs/hand/results/phase1/run_20260413_pollard_multiscene_500_run3/prism3/generated_mjcf/scene_prism3_tp0d0102p0d0180p0d0000_ip0d0127n0d0084p0d0038_mp0d0000p0d0173p0d0057.xml,prism_y0d0350,True,0.02,4.0,0.45,0.4,1.0,1.0,6.225936388112764,0.04975016468866052,4.0,0.0060570578612719915,0.9117483528791449,0.007011243107055956,0.0,1.0,1.0,1.0,1.0,1.0,1.0,0.0,0.10031822584578698,0.048114645695631474,0.010244905457486197,0.01801220879143583,0.0,0.012668186858420182,-0.008360595438035868,0.003846637078264433,3.421521337633286e-05,0.01726566189683254,0.005662166397551415,"[0.03553291744516522, 1.3232182501035146, -0.9476119844664097, -0.0816995130453048, 1.4551473947175135, 1.0574563621002186, -0.11197127175611298, 1.563058739268382, 0.9555793853271397]"
prism3,66,/home/humanoid/Programs/hand/results/phase1/run_20260413_pollard_multiscene_500_run3/prism3/generated_mjcf/scene_prism3_tp0d0071p0d0221p0d0000_ip0d0000n0d0165p0d0103_mp0d0093p0d0248p0d0000.xml,prism_y0d0350,True,0.02,4.0,0.45,0.4,1.0,1.0,6.160178820790273,0.0507536574856776,4.0,0.006040087046892405,0.5452824905297818,0.016913374187906702,0.0,1.0,1.0,1.0,1.0,1.0,1.0,0.0,0.1734629718884931,0.09476685303851633,0.00709364078744279,0.022124822046544465,0.0,9.767773522696352e-06,-0.01654671136546037,0.010261411427183106,0.009342820692003578,0.024791373771543557,0.0,"[0.03553291744516522, 1.3232182501035146, -0.9476119844664097, -0.0816995130453048, 1.4551473947175135, 1.0574563621002186, -0.11197127175611298, 1.563058739268382, 0.9555793853271397]"
prism3,67,/home/humanoid/Programs/hand/results/phase1/run_20260413_pollard_multiscene_500_run3/prism3/generated_mjcf/scene_prism3_tp0d0061p0d0196p0d0050_ip0d0056n0d0029p0d0000_mn0d0019p0d0206p0d0042.xml,prism_y0d0350,True,0.02,4.0,0.45,0.4,1.0,1.0,6.466819928520638,0.05004375659550883,4.0,0.0060294599288770205,0.10822002812063611,0.0014962384224389332,0.0,1.0,1.0,1.0,1.0,1.0,1.0,0.0,0.04204817922161933,0.01078803698013788,0.006122834557443047,0.019643052216551368,0.005008854274377212,0.00561230264001231,-0.002943233672719108,0.0,-0.0018517561091773247,0.02060797886680421,0.004238507117869911,"[0.03553291744516522, 1.3232182501035146, -0.9476119844664097, -0.0816995130453048, 1.4551473947175135, 1.0574563621002186, -0.11197127175611298, 1.563058739268382, 0.9555793853271397]"
prism3,68,/home/humanoid/Programs/hand/results/phase1/run_20260413_pollard_multiscene_500_run3/prism3/generated_mjcf/scene_prism3_tp0d0038p0d0245p0d0021_ip0d0008n0d0082p0d0000_mp0d0024p0d0134p0d0000.xml,prism_y0d0350,True,0.02,4.0,0.45,0.4,1.0,1.0,6.67130315094204,0.05130251667113481,5.0,0.0061463500889429095,0.13102719860109,0.016797304277661112,0.0,1.0,1.0,1.0,1.0,1.0,1.0,0.0,0.14609822666611902,0.09091220049508493,0.0037656347982162504,0.024497960055519838,0.002070341064443596,0.0007666948738843469,-0.008239110662878768,0.0,0.002388229094912815,0.013401081724688357,0.0,"[0.03553291744516522, 1.3232182501035146, -0.9476119844664097, -0.0816995130453048, 1.4551473947175135, 1.0574563621002186, -0.11197127175611298, 1.563058739268382, 0.9555793853271397]"
prism3,69,/home/humanoid/Programs/hand/results/phase1/run_20260413_pollard_multiscene_500_run3/prism3/generated_mjcf/scene_prism3_tn0d0091p0d0182p0d0030_ip0d0071n0d0073p0d0000_mp0d0015p0d0213p0d0040.xml,prism_y0d0350,True,0.02,4.0,0.45,0.4,1.0,1.0,6.433086426163348,0.04934242133190994,4.0,0.006006477967768732,0.11860279666479986,0.0020254203646491776,0.0,1.0,1.0,1.0,1.0,1.0,1.0,0.0,0.04572955040095426,0.012425744858787094,-0.009144836102051577,0.018246982496957297,0.0029668138469602177,0.007059122356778417,-0.007296012401118981,0.0,0.001451806534502163,0.021273596267723675,0.004049475114289318,"[0.03553291744516522, 1.3232182501035146, -0.9476119844664097, -0.0816995130453048, 1.4551473947175135, 1.0574563621002186, -0.11197127175611298, 1.563058739268382, 0.9555793853271397]"
prism3,70,/home/humanoid/Programs/hand/results/phase1/run_20260413_pollard_multiscene_500_run3/prism3/generated_mjcf/scene_prism3_tn0d0017p0d0113p0d0039_ip0d0160n0d0204p0d0045_mp0d0065p0d0253p0d0060.xml,prism_y0d0350,True,0.02,4.0,0.45,0.4,1.0,1.0,6.479889041347433,0.04941887465236932,4.0,0.006115772846512102,0.11070394245168716,0.0009761509274937209,0.0002684647905534937,1.0,1.0,1.0,1.0,1.0,1.0,0.0,0.011204932537228332,0.0013020376717664355,-0.001695103360925699,0.011282414835625114,0.003928409743895453,0.015998937998229143,-0.020365376323012177,0.004543241686324421,0.006535290073162862,0.025262846757352395,0.006036952502601393,"[0.03553291744516522, 1.3232182501035146, -0.9476119844664097, -0.0816995130453048, 1.4551473947175135, 1.0574563621002186, -0.11197127175611298, 1.563058739268382, 0.9555793853271397]"
prism3,71,/home/humanoid/Programs/hand/results/phase1/run_20260413_pollard_multiscene_500_run3/prism3/generated_mjcf/scene_prism3_tn0d0054p0d0300p0d0000_ip0d0024n0d0185p0d0056_mp0d0106p0d0144p0d0000.xml,prism_y0d0350,False,0.02,4.0,0.45,0.4,0.0,1.0,3.7357487369439863,0.049800900477409586,5.0,0.007951614859944505,0.5936778811762549,0.003922292858409377,0.0008061593484212787,1.0,1.0,1.0,0.15833333333333333,0.15833333333333333,0.15833333333333333,0.8416666666666667,0.015493543200017371,0.04725331067498536,-0.0054304519143984886,0.03,0.0,0.002435776347481558,-0.01849432869246876,0.005569922000877223,0.010628032732038916,0.01444500978945759,0.0,"[0.03553291744516522, 1.3232182501035146, -0.9476119844664097, -0.0816995130453048, 1.4551473947175135, 1.0574563621002186, -0.11197127175611298, 1.563058739268382, 0.9555793853271397]"
prism3,72,/home/humanoid/Programs/hand/results/phase1/run_20260413_pollard_multiscene_500_run3/prism3/generated_mjcf/scene_prism3_tp0d0062p0d0108p0d0000_ip0d0174n0d0135p0d0090_mp0d0124p0d0222p0d0000.xml,prism_y0d0350,True,0.02,4.0,0.45,0.4,1.0,1.0,5.832992892318608,0.04854564143588312,4.0,0.0061219068155220985,3.0603598717242533,0.007601691793895405,0.0,1.0,1.0,0.9944444444444445,1.0,0.9944444444444445,0.9944444444444445,0.005555555555555536,0.10709839632751088,0.04419643291347097,0.006155210648630671,0.010810553793238229,0.0,0.01735264766979943,-0.013474860852813792,0.009043625678390614,0.012439938501574144,0.022249071527001167,0.0,"[0.03553291744516522, 1.3232182501035146, -0.9476119844664097, -0.0816995130453048, 1.4551473947175135, 1.0574563621002186, -0.11197127175611298, 1.563058739268382, 0.9555793853271397]"
prism3,73,/home/humanoid/Programs/hand/results/phase1/run_20260413_pollard_multiscene_500_run3/prism3/generated_mjcf/scene_prism3_tn0d0044p0d0170p0d0000_ip0d0093n0d0046p0d0000_mp0d0184p0d0246p0d0000.xml,prism_y0d0350,True,0.02,4.0,0.45,0.4,1.0,1.0,6.067975029364882,0.053946714816187805,5.0,0.006127377966397524,0.11762958683395423,0.007462751623108967,0.0,1.0,1.0,0.7805555555555556,1.0,0.7805555555555556,0.7805555555555556,0.21944444444444444,0.109902159639694,0.09116425173090965,-0.004410675175764798,0.017040945243216383,0.0,0.009339208587460731,-0.004560812218020674,0.0,0.018435661951111647,0.02463711105944183,0.0,"[0.03553291744516522, 1.3232182501035146, -0.9476119844664097, -0.0816995130453048, 1.4551473947175135, 1.0574563621002186, -0.11197127175611298, 1.563058739268382, 0.9555793853271397]"
prism3,74,/home/humanoid/Programs/hand/results/phase1/run_20260413_pollard_multiscene_500_run3/prism3/generated_mjcf/scene_prism3_tn0d0118p0d0150p0d0000_ip0d0213n0d0226p0d0068_mp0d0094p0d0064p0d0000.xml,prism_y0d0350,True,0.02,4.0,0.45,0.4,1.0,1.0,7.313843077234314,0.0508287749723458,6.0,0.00679856479166252,0.09458475728540923,0.0002671984556798607,0.0,1.0,1.0,1.0,1.0,1.0,1.0,0.0,0.02420217109900072,0.023147683577145733,-0.011774631129091623,0.015026071347668844,0.0,0.021290785761964172,-0.022586193670716414,0.006751326365479232,0.00941019888610549,0.00641696459455523,0.0,"[0.03553291744516522, 1.3232182501035146, -0.9476119844664097, -0.0816995130453048, 1.4551473947175135, 1.0574563621002186, -0.11197127175611298, 1.563058739268382, 0.9555793853271397]"
prism3,75,/home/humanoid/Programs/hand/results/phase1/run_20260413_pollard_multiscene_500_run3/prism3/generated_mjcf/scene_prism3_tn0d0029p0d0138p0d0000_ip0d0081n0d0012p0d0000_mp0d0208p0d0040p0d0000.xml,prism_y0d0350,True,0.02,4.0,0.45,0.4,1.0,1.0,4.542266779788205,0.05523538677068349,4.0,0.006231815398079685,0.14176923692756432,0.017346124932418758,0.0002353816538330361,1.0,1.0,1.0,0.4666666666666667,0.4666666666666667,0.4666666666666667,0.5333333333333333,0.05829841714158662,0.14408598853665402,-0.0028583662300581437,0.0138457400072515,0.0,0.008078051948861801,-0.0012057265220458985,0.0,0.02080324029069562,0.0040327697180053326,0.0,"[0.03553291744516522, 1.3232182501035146, -0.9476119844664097, -0.0816995130453048, 1.4551473947175135, 1.0574563621002186, -0.11197127175611298, 1.563058739268382, 0.9555793853271397]"
prism3,76,/home/humanoid/Programs/hand/results/phase1/run_20260413_pollard_multiscene_500_run3/prism3/generated_mjcf/scene_prism3_tn0d0113p0d0240p0d0000_ip0d0118n0d0052p0d0000_mp0d0039p0d0207p0d0000.xml,prism_y0d0350,True,0.02,4.0,0.45,0.4,1.0,1.0,6.282578223816351,0.050439707018462704,4.0,0.006114420816288228,0.7168373656251941,0.007295345659079477,0.0,1.0,1.0,1.0,1.0,1.0,1.0,0.0,0.09512673490852452,0.04831653298097512,-0.011332418251265538,0.023982671318296504,0.0,0.011834084351033164,-0.005211212745469809,0.0,0.0038962598250180834,0.020709806091373795,0.0,"[0.03553291744516522, 1.3232182501035146, -0.9476119844664097, -0.0816995130453048, 1.4551473947175135, 1.0574563621002186, -0.11197127175611298, 1.563058739268382, 0.9555793853271397]"
prism3,77,/home/humanoid/Programs/hand/results/phase1/run_20260413_pollard_multiscene_500_run3/prism3/generated_mjcf/scene_prism3_tn0d0084p0d0101p0d0057_ip0d0186n0d0029p0d0002_mp0d0017p0d0087p0d0000.xml,prism_y0d0350,True,0.02,4.0,0.45,0.4,1.0,1.0,6.419952885811873,0.048424416508565965,4.0,0.006110495587268319,0.04876679019999814,0.0024864282973823502,0.0,1.0,1.0,1.0,1.0,1.0,1.0,0.0,0.03375343332156131,0.013387358355085588,-0.008418956494816787,0.010098682819272528,0.005692020027346097,0.018649896037094195,-0.00293131012119569,0.00024213617963288712,0.0016829095927515317,0.00871577789468347,0.0,"[0.03553291744516522, 1.3232182501035146, -0.9476119844664097, -0.0816995130453048, 1.4551473947175135, 1.0574563621002186, -0.11197127175611298, 1.563058739268382, 0.9555793853271397]"
prism3,78,/home/humanoid/Programs/hand/results/phase1/run_20260413_pollard_multiscene_500_run3/prism3/generated_mjcf/scene_prism3_tp0d0084p0d0236p0d0000_ip0d0161n0d0138p0d0116_mp0d0083p0d0234p0d0000.xml,prism_y0d0350,True,0.02,4.0,0.45,0.4,1.0,1.0,7.142795487499339,0.050214385408986456,6.0,0.007107146303428823,0.7522200567361852,0.0013604946205874027,0.000613812399970895,1.0,1.0,1.0,1.0,1.0,1.0,0.0,0.038059283711994914,0.06814540092546538,0.008444576966534726,0.02360473805204645,0.0,0.016142527397372305,-0.013849435792305355,0.011586334684659968,0.008289451299635327,0.023392712373685107,0.0,"[0.03553291744516522, 1.3232182501035146, -0.9476119844664097, -0.0816995130453048, 1.4551473947175135, 1.0574563621002186, -0.11197127175611298, 1.563058739268382, 0.9555793853271397]"
prism3,79,/home/humanoid/Programs/hand/results/phase1/run_20260413_pollard_multiscene_500_run3/prism3/generated_mjcf/scene_prism3_tp0d0052p0d0176p0d0000_ip0d0028n0d0020p0d0000_mp0d0115p0d0176p0d0086.xml,prism_y0d0350,True,0.02,4.0,0.45,0.4,1.0,1.0,6.830393357017314,0.048932276583650805,5.0,0.005991498680993644,0.2038126094272371,0.0017597997140491536,4.122991887831051e-06,1.0,1.0,1.0,1.0,1.0,1.0,0.0,0.022965860760579465,0.012214599373726542,0.005237310362236038,0.017563482626837892,0.0,0.0027718192087738923,-0.0019917236705522656,0.0,0.011478080897803443,0.017636294965843274,0.008602642255188277,"[0.03553291744516522, 1.3232182501035146, -0.9476119844664097, -0.0816995130453048, 1.4551473947175135, 1.0574563621002186, -0.11197127175611298, 1.563058739268382, 0.9555793853271397]"
prism3,80,/home/humanoid/Programs/hand/results/phase1/run_20260413_pollard_multiscene_500_run3/prism3/generated_mjcf/scene_prism3_tn0d0008p0d0279p0d0006_ip0d0210n0d0071p0d0099_mp0d0206p0d0226p0d0000.xml,prism_y0d0350,True,0.02,4.0,0.45,0.4,1.0,1.0,7.301206252205378,0.05238324825737897,6.0,0.006357142711148188,0.10423375519241053,0.0014436686636004957,0.0,1.0,1.0,1.0,1.0,1.0,1.0,0.0,0.06788852479266931,0.054615102654912984,-0.0008000030475453623,0.027917390747862772,0.000573517541445712,0.02095203182614285,-0.007101411990425551,0.009890526263616365,0.02061665277540771,0.022553907751633406,0.0,"[0.03553291744516522, 1.3232182501035146, -0.9476119844664097, -0.0816995130453048, 1.4551473947175135, 1.0574563621002186, -0.11197127175611298, 1.563058739268382, 0.9555793853271397]"
prism3,81,/home/humanoid/Programs/hand/results/phase1/run_20260413_pollard_multiscene_500_run3/prism3/generated_mjcf/scene_prism3_tn0d0090p0d0228p0d0000_ip0d0072n0d0201p0d0063_mp0d0185p0d0065p0d0004.xml,prism_y0d0350,False,0.02,4.0,0.45,0.4,0.0,1.0,4.8561933101190915,0.05029212785068958,5.0,0.007429300627818915,0.30244907802720666,0.0024359744729475427,0.0,1.0,1.0,1.0,0.44722222222222224,0.44722222222222224,0.44722222222222224,0.5527777777777778,0.02435516371508692,0.029668382285106636,-0.009013713642375616,0.02278980200712923,0.0,0.007243655781430538,-0.020128123761032943,0.006292119913449305,0.018507944887493133,0.006487311049542916,0.0004040384823368326,"[0.03553291744516522, 1.3232182501035146, -0.9476119844664097, -0.0816995130453048, 1.4551473947175135, 1.0574563621002186, -0.11197127175611298, 1.563058739268382, 0.9555793853271397]"
prism3,82,/home/humanoid/Programs/hand/results/phase1/run_20260413_pollard_multiscene_500_run3/prism3/generated_mjcf/scene_prism3_tn0d0025p0d0270p0d0000_ip0d0155n0d0107p0d0115_mp0d0081p0d0270p0d0000.xml,prism_y0d0350,True,0.02,4.0,0.45,0.4,1.0,1.0,7.263549548768938,0.05011848710871133,6.0,0.007212537607593619,0.09214405571658348,0.002164016229469757,0.0005537818361128766,1.0,1.0,1.0,1.0,1.0,1.0,0.0,0.02036302856400733,0.04471661697820541,-0.002519689680057913,0.0269603676315392,0.0,0.015539417179556146,-0.010713506962094235,0.011477954736469145,0.00807119382275073,0.027004100871841748,0.0,"[0.03553291744516522, 1.3232182501035146, -0.9476119844664097, -0.0816995130453048, 1.4551473947175135, 1.0574563621002186, -0.11197127175611298, 1.563058739268382, 0.9555793853271397]"
prism3,83,/home/humanoid/Programs/hand/results/phase1/run_20260413_pollard_multiscene_500_run3/prism3/generated_mjcf/scene_prism3_tn0d0076p0d0268p0d0000_ip0d0116n0d0088p0d0000_mn0d0012p0d0270p0d0076.xml,prism_y0d0350,True,0.02,4.0,0.45,0.4,1.0,1.0,7.2570633579124655,0.05399668612795678,6.0,0.006310936131356702,0.1299363711959422,0.008453318007052476,0.0,1.0,1.0,1.0,1.0,1.0,1.0,0.0,0.10808426847097792,0.08380830422124698,-0.007615952366620589,0.02676994545049784,0.0,0.011578113540041342,-0.00879563808260816,0.0,-0.0011742335437274105,0.026988800245438982,0.007617363433869751,"[0.03553291744516522, 1.3232182501035146, -0.9476119844664097, -0.0816995130453048, 1.4551473947175135, 1.0574563621002186, -0.11197127175611298, 1.563058739268382, 0.9555793853271397]"
prism3,84,/home/humanoid/Programs/hand/results/phase1/run_20260413_pollard_multiscene_500_run3/prism3/generated_mjcf/scene_prism3_tn0d0090p0d0284p0d0000_ip0d0039n0d0058p0d0062_mp0d0183p0d0066p0d0059.xml,prism_y0d0350,True,0.02,4.0,0.45,0.4,1.0,1.0,6.823625701705688,0.051646959437920324,5.0,0.00626940482046667,0.37325739787433887,0.0036474604920445123,0.0,1.0,1.0,1.0,1.0,1.0,1.0,0.0,0.07667249430710794,0.03386640408012711,-0.00903107388097255,0.0283512663229558,0.0,0.003934833769319825,-0.005757207590804102,0.006176688296570931,0.018302976254368976,0.006579648189279809,0.005942068205402055,"[0.03553291744516522, 1.3232182501035146, -0.9476119844664097, -0.0816995130453048, 1.4551473947175135, 1.0574563621002186, -0.11197127175611298, 1.563058739268382, 0.9555793853271397]"
prism3,85,/home/humanoid/Programs/hand/results/phase1/run_20260413_pollard_multiscene_500_run3/prism3/generated_mjcf/scene_prism3_tn0d0007p0d0158p0d0056_ip0d0183n0d0166p0d0000_mp0d0218p0d0254p0d0000.xml,prism_y0d0350,True,0.02,4.0,0.45,0.4,1.0,1.0,6.47942475905559,0.04874675901548854,4.0,0.006074401889680273,0.02599769814682663,0.0006199476436562532,0.00015851538887914907,1.0,1.0,1.0,1.0,1.0,1.0,0.0,0.0037347567438852946,0.0026134414255064207,-0.0007242270174430531,0.01582120179505725,0.005623269061173778,0.018283433942996835,-0.01656094181848386,0.0,0.021800433240013316,0.025360559741709553,0.0,"[0.03553291744516522, 1.3232182501035146, -0.9476119844664097, -0.0816995130453048, 1.4551473947175135, 1.0574563621002186, -0.11197127175611298, 1.563058739268382, 0.9555793853271397]"
prism3,86,/home/humanoid/Programs/hand/results/phase1/run_20260413_pollard_multiscene_500_run3/prism3/generated_mjcf/scene_prism3_tp0d0075p0d0102p0d0099_ip0d0166n0d0196p0d0000_mp0d0123p0d0118p0d0057.xml,prism_y0d0350,True,0.02,4.0,0.45,0.4,1.0,1.0,6.215899859785249,0.0491141292858506,4.0,0.006144215909231933,0.7907357777923091,0.010054470805844885,0.0,1.0,1.0,1.0,1.0,1.0,1.0,0.0,0.09240046211995494,0.03893715955437645,0.007545943391991963,0.010152637333193278,0.009901101778887714,0.016591653646360095,-0.019575285245747365,0.0,0.012293316516183985,0.011838183941553431,0.005669611582738907,"[0.03553291744516522, 1.3232182501035146, -0.9476119844664097, -0.0816995130453048, 1.4551473947175135, 1.0574563621002186, -0.11197127175611298, 1.563058739268382, 0.9555793853271397]"
prism3,87,/home/humanoid/Programs/hand/results/phase1/run_20260413_pollard_multiscene_500_run3/prism3/generated_mjcf/scene_prism3_tp0d0022p0d0130p0d0026_in0d0017n0d0216p0d0000_mp0d0065p0d0036p0d0103.xml,prism_y0d0350,True,0.02,4.0,0.45,0.4,1.0,1.0,6.119869988588228,0.05068603286386508,5.0,0.006102481294584017,0.5213861270896472,0.02000687818272513,0.0,1.0,1.0,1.0,0.8722222222222222,0.8722222222222222,0.8722222222222222,0.12777777777777777,0.14314452242930267,0.08108497693756243,0.002216708864255847,0.012968687661631752,0.002642628237215415,-0.0016625819564261152,-0.021618052432726936,0.0,0.006488265088465934,0.003585833720184428,0.01031778056792828,"[0.03553291744516522, 1.3232182501035146, -0.9476119844664097, -0.0816995130453048, 1.4551473947175135, 1.0574563621002186, -0.11197127175611298, 1.563058739268382, 0.9555793853271397]"
prism3,88,/home/humanoid/Programs/hand/results/phase1/run_20260413_pollard_multiscene_500_run3/prism3/generated_mjcf/scene_prism3_tn0d0063p0d0145p0d0000_ip0d0206n0d0159p0d0000_mp0d0052p0d0267p0d0000.xml,prism_y0d0350,True,0.02,4.0,0.45,0.4,1.0,1.0,6.792779024620005,0.04919328343221879,5.0,0.006106726664013612,0.3005030307705178,0.002395705566426182,8.538037365622697e-05,1.0,1.0,1.0,1.0,1.0,1.0,0.0,0.05140569661375677,0.009784986135718229,-0.006251785068665728,0.014495325210681365,0.0,0.020577729177482608,-0.015856336100447087,0.0,0.00516417454005876,0.026729880841243052,0.0,"[0.03553291744516522, 1.3232182501035146, -0.9476119844664097, -0.0816995130453048, 1.4551473947175135, 1.0574563621002186, -0.11197127175611298, 1.563058739268382, 0.9555793853271397]"
prism3,89,/home/humanoid/Programs/hand/results/phase1/run_20260413_pollard_multiscene_500_run3/prism3/generated_mjcf/scene_prism3_tn0d0100p0d0238p0d0052_ip0d0069n0d0192p0d0000_mp0d0085p0d0272p0d0086.xml,prism_y0d0350,True,0.02,4.0,0.45,0.4,1.0,1.0,6.752732849209171,0.05237069721575178,5.0,0.006210430031040835,0.2640858974703461,0.011741068985985939,0.0,1.0,1.0,1.0,1.0,1.0,1.0,0.0,0.12446923011777962,0.06658432925162622,-0.009995101896248837,0.02379157746173784,0.005198518097171433,0.0069337845806804535,-0.0192267562692027,0.0,0.00853763705229673,0.027187195281308668,0.008602447813300492,"[0.03553291744516522, 1.3232182501035146, -0.9476119844664097, -0.0816995130453048, 1.4551473947175135, 1.0574563621002186, -0.11197127175611298, 1.563058739268382, 0.9555793853271397]"
prism3,90,/home/humanoid/Programs/hand/results/phase1/run_20260413_pollard_multiscene_500_run3/prism3/generated_mjcf/scene_prism3_tp0d0029p0d0127p0d0045_ip0d0162n0d0225p0d0000_mp0d0058p0d0170p0d0037.xml,prism_y0d0350,True,0.02,4.0,0.45,0.4,1.0,1.0,6.665771932186574,0.05208092412091991,5.0,0.006177592215458176,0.20048886956416567,0.019902734845281954,0.0,1.0,1.0,1.0,1.0,1.0,1.0,0.0,0.14767812711594805,0.09507472198488315,0.0029018135620788327,0.012654030748838113,0.004509948513336814,0.016215976054769522,-0.022490670271335656,0.0,0.005844347141099411,0.0169903517426752,0.0036732772408389104,"[0.03553291744516522, 1.3232182501035146, -0.9476119844664097, -0.0816995130453048, 1.4551473947175135, 1.0574563621002186, -0.11197127175611298, 1.563058739268382, 0.9555793853271397]"
prism3,91,/home/humanoid/Programs/hand/results/phase1/run_20260413_pollard_multiscene_500_run3/prism3/generated_mjcf/scene_prism3_tn0d0076p0d0193p0d0118_in0d0016n0d0154p0d0000_mp0d0077p0d0242p0d0000.xml,prism_y0d0350,True,0.02,4.0,0.45,0.4,1.0,1.0,6.720964301661641,0.047529970899494026,5.0,0.006050615335182818,0.35288676476797826,0.002825311857390329,0.0,1.0,1.0,1.0,1.0,1.0,1.0,0.0,0.05379260586279309,0.01361191485590422,-0.007646693078679328,0.019271826466729144,0.01181202927686147,-0.0016195366585430217,-0.015396153316103115,0.0,0.007733992480541187,0.024160649172592356,0.0,"[0.03553291744516522, 1.3232182501035146, -0.9476119844664097, -0.0816995130453048, 1.4551473947175135, 1.0574563621002186, -0.11197127175611298, 1.563058739268382, 0.9555793853271397]"
prism3,92,/home/humanoid/Programs/hand/results/phase1/run_20260413_pollard_multiscene_500_run3/prism3/generated_mjcf/scene_prism3_tp0d0092p0d0218p0d0000_ip0d0041n0d0045p0d0035_mp0d0031p0d0064p0d0000.xml,prism_y0d0350,True,0.02,4.0,0.45,0.4,1.0,1.0,6.78102832645771,0.050273365694062155,5.0,0.006067626203945085,0.4082957746402493,0.004746222328506473,0.0,1.0,1.0,1.0,1.0,1.0,1.0,0.0,0.06139003200430742,0.03058497651038509,0.009193872035903945,0.02181295623272573,0.0,0.0040552741037858985,-0.0045332674722808695,0.003460812432078599,0.0030934256771718233,0.006421691842922003,0.0,"[0.03553291744516522, 1.3232182501035146, -0.9476119844664097, -0.0816995130453048, 1.4551473947175135, 1.0574563621002186, -0.11197127175611298, 1.563058739268382, 0.9555793853271397]"
prism3,93,/home/humanoid/Programs/hand/results/phase1/run_20260413_pollard_multiscene_500_run3/prism3/generated_mjcf/scene_prism3_tp0d0098p0d0177p0d0077_ip0d0195n0d0189p0d0000_mp0d0023p0d0219p0d0000.xml,prism_y0d0350,True,0.02,4.0,0.45,0.4,1.0,1.0,6.6119377142216855,0.050568405141014766,5.0,0.006242091516923553,0.14713449196501438,0.020079855515350558,0.0008931409511415966,1.0,1.0,1.0,1.0,1.0,1.0,0.0,0.14152220530403412,0.10136615815079038,0.009817727108383325,0.0176813969023054,0.007687387064662939,0.019488690226234645,-0.01886800685293718,0.0,0.0023280660770963867,0.021851488935866546,0.0,"[0.03553291744516522, 1.3232182501035146, -0.9476119844664097, -0.0816995130453048, 1.4551473947175135, 1.0574563621002186, -0.11197127175611298, 1.563058739268382, 0.9555793853271397]"
prism3,94,/home/humanoid/Programs/hand/results/phase1/run_20260413_pollard_multiscene_500_run3/prism3/generated_mjcf/scene_prism3_tp0d0015p0d0126p0d0064_ip0d0095n0d0111p0d0000_mp0d0090p0d0044p0d0074.xml,prism_y0d0350,True,0.02,4.0,0.45,0.4,1.0,1.0,6.382217484840699,0.04924879350213688,4.0,0.006101382040309487,0.4960615893038758,0.002851491341012588,5.680785070288907e-05,1.0,1.0,1.0,1.0,1.0,1.0,0.0,0.03208956576897091,0.009996154468819629,0.001539169440428645,0.012590402374113123,0.006399856377125625,0.009505016714306917,-0.011122081462157587,0.0,0.008957884088755294,0.004397102470699158,0.007428471529678085,"[0.03553291744516522, 1.3232182501035146, -0.9476119844664097, -0.0816995130453048, 1.4551473947175135, 1.0574563621002186, -0.11197127175611298, 1.563058739268382, 0.9555793853271397]"
prism3,95,/home/humanoid/Programs/hand/results/phase1/run_20260413_pollard_multiscene_500_run3/prism3/generated_mjcf/scene_prism3_tp0d0098p0d0261p0d0000_ip0d0183n0d0242p0d0040_mp0d0164p0d0111p0d0086.xml,prism_y0d0350,False,0.02,4.0,0.45,0.4,0.0,1.0,2.746060993211857,0.04862039429446835,4.0,0.00984686890723208,0.5165211123621429,0.0019238871043687313,0.0012100639650464845,1.0,1.0,1.0,0.0,0.0,0.0,1.0,0.01173025573637478,0.04137311296520888,0.009779974161027216,0.026063540473240793,0.0,0.018250824386656643,-0.024208298980820234,0.003982977767717059,0.016417262015573204,0.011139749692614482,0.00855772058265547,"[0.03553291744516522, 1.3232182501035146, -0.9476119844664097, -0.0816995130453048, 1.4551473947175135, 1.0574563621002186, -0.11197127175611298, 1.563058739268382, 0.9555793853271397]"
prism3,96,/home/humanoid/Programs/hand/results/phase1/run_20260413_pollard_multiscene_500_run3/prism3/generated_mjcf/scene_prism3_tn0d0120p0d0232p0d0000_ip0d0131n0d0183p0d0000_mp0d0130p0d0152p0d0000.xml,prism_y0d0350,True,0.02,4.0,0.45,0.4,1.0,1.0,7.341135230315176,0.051518242395256146,6.0,0.006909253895270819,0.014645056518371653,0.0010302203471862239,0.0,1.0,1.0,1.0,1.0,1.0,1.0,0.0,0.025489742280186144,0.028633845774376054,-0.011995439961423757,0.023170885074527296,0.0,0.013087070170243659,-0.01826739217079296,0.0,0.01302784928333284,0.015226435694788317,0.0,"[0.03553291744516522, 1.3232182501035146, -0.9476119844664097, -0.0816995130453048, 1.4551473947175135, 1.0574563621002186, -0.11197127175611298, 1.563058739268382, 0.9555793853271397]"
prism3,97,/home/humanoid/Programs/hand/results/phase1/run_20260413_pollard_multiscene_500_run3/prism3/generated_mjcf/scene_prism3_tp0d0093p0d0292p0d0012_ip0d0149n0d0135p0d0072_mp0d0180p0d0216p0d0000.xml,prism_y0d0350,True,0.02,4.0,0.45,0.4,1.0,1.0,6.462415987960298,0.04987048264321023,6.0,0.00757783928070097,0.7694749686978747,0.004164708552034912,0.00038387897350902755,1.0,1.0,1.0,0.8138888888888889,0.8138888888888889,0.8138888888888889,0.18611111111111112,0.020226237315392692,0.06530588875253458,0.009268198317895226,0.029177279887696635,0.001189641720707622,0.014946304660889418,-0.013466718358715133,0.007234640744900829,0.018012549910744587,0.02163983278281282,0.0,"[0.03553291744516522, 1.3232182501035146, -0.9476119844664097, -0.0816995130453048, 1.4551473947175135, 1.0574563621002186, -0.11197127175611298, 1.563058739268382, 0.9555793853271397]"
prism3,98,/home/humanoid/Programs/hand/results/phase1/run_20260413_pollard_multiscene_500_run3/prism3/generated_mjcf/scene_prism3_tn0d0114p0d0238p0d0000_ip0d0195n0d0037p0d0008_mp0d0071p0d0204p0d0050.xml,prism_y0d0350,True,0.02,4.0,0.45,0.4,1.0,1.0,7.26124152155027,0.05129167003655484,6.0,0.006090216254969416,0.16194632330388736,0.0027653882861832864,0.0,1.0,1.0,1.0,1.0,1.0,1.0,0.0,0.06614294457030431,0.029518548872445743,-0.011412276955248405,0.02379807387899146,0.0,0.019462260282733714,-0.0036636593388789888,0.0008100502558857133,0.0070586596157323,0.02041174898220853,0.005024872692297698,"[0.03553291744516522, 1.3232182501035146, -0.9476119844664097, -0.0816995130453048, 1.4551473947175135, 1.0574563621002186, -0.11197127175611298, 1.563058739268382, 0.9555793853271397]"
prism3,99,/home/humanoid/Programs/hand/results/phase1/run_20260413_pollard_multiscene_500_run3/prism3/generated_mjcf/scene_prism3_tp0d0044p0d0282p0d0019_ip0d0104n0d0119p0d0093_mp0d0068p0d0235p0d0001.xml,prism_y0d0350,True,0.02,4.0,0.45,0.4,1.0,1.0,7.178686706861074,0.048912556447300415,6.0,0.007660712482925478,0.2620367518074131,0.0021596797001875094,0.0022394458893306574,1.0,1.0,1.0,1.0,1.0,1.0,0.0,0.015792077912127583,0.04600464854451399,0.004374789435312346,0.028218177304168056,0.0018556460458758403,0.010385043516164927,-0.011894204793422361,0.009335535792464315,0.006802027202263075,0.023505980635449716,0.00011734953019630276,"[0.03553291744516522, 1.3232182501035146, -0.9476119844664097, -0.0816995130453048, 1.4551473947175135, 1.0574563621002186, -0.11197127175611298, 1.563058739268382, 0.9555793853271397]"
prism3,100,/home/humanoid/Programs/hand/results/phase1/run_20260413_pollard_multiscene_500_run3/prism3/generated_mjcf/scene_prism3_tn0d0100p0d0188p0d0000_ip0d0107n0d0038p0d0000_mp0d0094p0d0173p0d0065.xml,prism_y0d0350,True,0.02,4.0,0.45,0.4,1.0,1.0,6.880835281206497,0.04952520705036878,5.0,0.005986148603178694,0.04848098623448278,0.00080594929858232,2.0228892084264705e-05,1.0,1.0,1.0,1.0,1.0,1.0,0.0,0.025221726491448757,0.006004702853852961,-0.009951865181536158,0.018775567695502312,0.0,0.010669241071932166,-0.003820563471950528,0.0,0.009405390983008566,0.017280054041644587,0.0064756874760196585,"[0.03553291744516522, 1.3232182501035146, -0.9476119844664097, -0.0816995130453048, 1.4551473947175135, 1.0574563621002186, -0.11197127175611298, 1.563058739268382, 0.9555793853271397]"
prism3,101,/home/humanoid/Programs/hand/results/phase1/run_20260413_pollard_multiscene_500_run3/prism3/generated_mjcf/scene_prism3_tp0d0106p0d0212p0d0101_ip0d0061n0d0060p0d0063_mp0d0112p0d0075p0d0000.xml,prism_y0d0350,True,0.02,4.0,0.45,0.4,1.0,1.0,6.336138622354939,0.04951606537867438,4.0,0.006138245501690264,0.43510341076171166,0.006453925580915992,0.0,1.0,1.0,1.0,1.0,1.0,1.0,0.0,0.06414552054758177,0.03302517849589729,0.010583447100032992,0.021214589149641843,0.010118832452697093,0.006077415096292973,-0.005956325488376159,0.006329410999625626,0.011230695538510659,0.007470929249459784,0.0,"[0.03553291744516522, 1.3232182501035146, -0.9476119844664097, -0.0816995130453048, 1.4551473947175135, 1.0574563621002186, -0.11197127175611298, 1.563058739268382, 0.9555793853271397]"
prism3,102,/home/humanoid/Programs/hand/results/phase1/run_20260413_pollard_multiscene_500_run3/prism3/generated_mjcf/scene_prism3_tn0d0050p0d0300p0d0035_ip0d0198n0d0172p0d0000_mp0d0116p0d0118p0d0000.xml,prism_y0d0350,True,0.02,4.0,0.45,0.4,1.0,1.0,6.897821311081668,0.04993281019007918,5.0,0.007582658042570704,0.06240485817804911,0.0008851331714592253,0.0,1.0,1.0,1.0,1.0,1.0,1.0,0.0,0.011410082782586215,0.017160237895824253,-0.00501959716225856,0.03,0.0034709390634110604,0.019816908082287803,-0.017192165528774707,0.0,0.01161693581676551,0.011813476401367424,0.0,"[0.03553291744516522, 1.3232182501035146, -0.9476119844664097, -0.0816995130453048, 1.4551473947175135, 1.0574563621002186, -0.11197127175611298, 1.563058739268382, 0.9555793853271397]"
prism3,103,/home/humanoid/Programs/hand/results/phase1/run_20260413_pollard_multiscene_500_run3/prism3/generated_mjcf/scene_prism3_tp0d0024p0d0087p0d0000_in0d0020n0d0127p0d0026_mp0d0002p0d0091p0d0073.xml,prism_y0d0350,True,0.02,4.0,0.45,0.4,1.0,1.0,6.467306039683825,0.04943023806648789,4.0,0.005935601707266032,0.07074706661053423,0.0007631087049300952,6.790523856553543e-05,1.0,1.0,1.0,1.0,1.0,1.0,0.0,0.03002108921723784,0.009708849855070034,0.002383369372827144,0.008678863384413857,0.0,-0.0019946792069528447,-0.01271909707195985,0.002592015961930566,0.00023177104157602255,0.00911026565147512,0.0072958037054163295,"[0.03553291744516522, 1.3232182501035146, -0.9476119844664097, -0.0816995130453048, 1.4551473947175135, 1.0574563621002186, -0.11197127175611298, 1.563058739268382, 0.9555793853271397]"
prism3,104,/home/humanoid/Programs/hand/results/phase1/run_20260413_pollard_multiscene_500_run3/prism3/generated_mjcf/scene_prism3_tp0d0082p0d0173p0d0075_ip0d0047n0d0074p0d0011_mp0d0086p0d0191p0d0000.xml,prism_y0d0350,True,0.02,4.0,0.45,0.4,1.0,1.0,6.4346316643721,0.048543567615767856,4.0,0.006018997601174789,0.06490370686832875,0.0015614853174932275,4.0875014147581656e-05,1.0,1.0,1.0,1.0,1.0,1.0,0.0,0.0293257361472124,0.006869005450464168,0.008166757436390344,0.017305598102488752,0.007541369532989443,0.004651366072771426,-0.007353402664476439,0.0010909589677707467,0.008562377893663898,0.019054614628170638,0.0,"[0.03553291744516522, 1.3232182501035146, -0.9476119844664097, -0.0816995130453048, 1.4551473947175135, 1.0574563621002186, -0.11197127175611298, 1.563058739268382, 0.9555793853271397]"
prism3,105,/home/humanoid/Programs/hand/results/phase1/run_20260413_pollard_multiscene_500_run3/prism3/generated_mjcf/scene_prism3_tn0d0081p0d0151p0d0043_ip0d0149n0d0080p0d0064_mn0d0001p0d0058p0d0085.xml,prism_y0d0350,True,0.02,4.0,0.45,0.4,1.0,1.0,7.195051771945643,0.05113142097524963,6.0,0.0062054360885510996,0.3150853446280459,0.006363325984916881,0.0,1.0,1.0,1.0,1.0,1.0,1.0,0.0,0.07567956006374156,0.042029544687083566,-0.008101357374999472,0.015051763145310957,0.004333502634470354,0.014949647520672982,-0.007961740219535359,0.0064228105575298185,-9.076253567036861e-05,0.005841333801968511,0.008528427846290734,"[0.03553291744516522, 1.3232182501035146, -0.9476119844664097, -0.0816995130453048, 1.4551473947175135, 1.0574563621002186, -0.11197127175611298, 1.563058739268382, 0.9555793853271397]"
prism3,106,/home/humanoid/Programs/hand/results/phase1/run_20260413_pollard_multiscene_500_run3/prism3/generated_mjcf/scene_prism3_tn0d0034p0d0216p0d0001_ip0d0130n0d0225p0d0065_mp0d0010p0d0197p0d0000.xml,prism_y0d0350,True,0.02,4.0,0.45,0.4,1.0,1.0,7.211346249395604,0.049851540803494986,6.0,0.007496148429708758,0.3887476813128235,0.0018407938817743394,0.0002616191865446593,1.0,1.0,1.0,1.0,1.0,1.0,0.0,0.018121538794488485,0.055694994693417266,-0.003435893928932775,0.021640910971604234,8.406733760194136e-05,0.01303990171210299,-0.022453278930529147,0.006474965432793946,0.0009616558759156877,0.019652987084016846,0.0,"[0.03553291744516522, 1.3232182501035146, -0.9476119844664097, -0.0816995130453048, 1.4551473947175135, 1.0574563621002186, -0.11197127175611298, 1.563058739268382, 0.9555793853271397]"
prism3,107,/home/humanoid/Programs/hand/results/phase1/run_20260413_pollard_multiscene_500_run3/prism3/generated_mjcf/scene_prism3_tn0d0002p0d0241p0d0000_in0d0009n0d0012p0d0005_mp0d0158p0d0161p0d0077.xml,prism_y0d0350,True,0.02,4.0,0.45,0.4,1.0,1.0,6.503172597760397,0.04964893935628953,4.0,0.00597065580384637,0.02452242013342996,0.00046027819672912567,4.1922505903901897e-05,1.0,1.0,1.0,1.0,1.0,1.0,0.0,0.013938519337785324,0.0034346929860458175,-0.0001857207345086799,0.024120649624657868,0.0,-0.0008951006875646678,-0.0011589227586814663,0.000544245585789983,0.015811471385460664,0.01605107600938014,0.007672485664079333,"[0.03553291744516522, 1.3232182501035146, -0.9476119844664097, -0.0816995130453048, 1.4551473947175135, 1.0574563621002186, -0.11197127175611298, 1.563058739268382, 0.9555793853271397]"
prism3,108,/home/humanoid/Programs/hand/results/phase1/run_20260413_pollard_multiscene_500_run3/prism3/generated_mjcf/scene_prism3_tp0d0016p0d0109p0d0034_ip0d0021n0d0045p0d0043_mp0d0206p0d0184p0d0000.xml,prism_y0d0350,False,0.02,4.0,0.45,0.4,0.0,1.0,3.305243310320381,0.0511800571242985,5.0,0.007375787195871918,0.12801994963321076,0.0023089445323134002,0.00015919753929964642,1.0,1.0,0.002777777777777778,1.0,0.002777777777777778,0.002777777777777778,0.9972222222222222,0.02410304741795781,0.04447407421981523,0.0015507882981054214,0.010946165081292702,0.0034057575517393284,0.002145776066487623,-0.004532300759600939,0.00434547841134757,0.020555407315434586,0.018397938948996252,0.0,"[0.03553291744516522, 1.3232182501035146, -0.9476119844664097, -0.0816995130453048, 1.4551473947175135, 1.0574563621002186, -0.11197127175611298, 1.563058739268382, 0.9555793853271397]"
prism3,109,/home/humanoid/Programs/hand/results/phase1/run_20260413_pollard_multiscene_500_run3/prism3/generated_mjcf/scene_prism3_tp0d0014p0d0265p0d0051_ip0d0062n0d0086p0d0104_mp0d0144p0d0121p0d0099.xml,prism_y0d0350,True,0.02,4.0,0.45,0.4,1.0,1.0,5.844984117366529,0.05273933492023719,5.0,0.006558493236159846,0.17491391154553831,0.0030054981904641116,0.0,1.0,1.0,1.0,0.7194444444444444,0.7194444444444444,0.7194444444444444,0.28055555555555556,0.09744616841110953,0.07211874816745428,0.0013713010998067932,0.026522534647037528,0.00508531914060183,0.006215120944035642,-0.0085715723855087,0.010446457471225783,0.014435441034388851,0.012115233654059249,0.009858199929202283,"[0.03553291744516522, 1.3232182501035146, -0.9476119844664097, -0.0816995130453048, 1.4551473947175135, 1.0574563621002186, -0.11197127175611298, 1.563058739268382, 0.9555793853271397]"
prism3,110,/home/humanoid/Programs/hand/results/phase1/run_20260413_pollard_multiscene_500_run3/prism3/generated_mjcf/scene_prism3_tp0d0079p0d0285p0d0000_ip0d0050n0d0053p0d0000_mn0d0002p0d0197p0d0072.xml,prism_y0d0350,True,0.02,4.0,0.45,0.4,1.0,1.0,5.885217538339693,0.05239524124983315,5.0,0.0061917716345177174,0.6282358541809916,0.01974492044391525,0.0007385808665710397,1.0,1.0,1.0,0.8,0.8,0.8,0.19999999999999996,0.13872796298933093,0.11187305591321621,0.007862980625476145,0.028524410246412026,0.0,0.004979892007376512,-0.005336932736155145,0.0,-0.0002310575466114538,0.019698384299342057,0.007182478955496934,"[0.03553291744516522, 1.3232182501035146, -0.9476119844664097, -0.0816995130453048, 1.4551473947175135, 1.0574563621002186, -0.11197127175611298, 1.563058739268382, 0.9555793853271397]"
prism3,111,/home/humanoid/Programs/hand/results/phase1/run_20260413_pollard_multiscene_500_run3/prism3/generated_mjcf/scene_prism3_tp0d0034p0d0163p0d0014_in0d0015n0d0108p0d0086_mn0d0001p0d0125p0d0000.xml,prism_y0d0350,True,0.02,4.0,0.45,0.4,1.0,1.0,6.372817005108836,0.05022057919729414,4.0,0.006062476149226671,0.40833584141803114,0.0047074419896288335,0.0,1.0,1.0,1.0,1.0,1.0,1.0,0.0,0.07027607761995593,0.026014417455143768,0.003402427395368751,0.01627624007420011,0.0014345596552211674,-0.0014835211652609488,-0.010796120261926605,0.008563228193161875,-0.00012672235965031746,0.012499665517147967,0.0,"[0.03553291744516522, 1.3232182501035146, -0.9476119844664097, -0.0816995130453048, 1.4551473947175135, 1.0574563621002186, -0.11197127175611298, 1.563058739268382, 0.9555793853271397]"
prism3,112,/home/humanoid/Programs/hand/results/phase1/run_20260413_pollard_multiscene_500_run3/prism3/generated_mjcf/scene_prism3_tn0d0029p0d0083p0d0079_ip0d0099n0d0138p0d0024_mp0d0184p0d0103p0d0000.xml,prism_y0d0350,True,0.02,4.0,0.45,0.4,1.0,1.0,6.46442314515375,0.048321605397483536,4.0,0.006095809377713189,0.02617666712478637,0.0003929385104332593,0.000172418871558222,1.0,1.0,1.0,1.0,1.0,1.0,0.0,0.005476954427188599,0.0016226259710851825,-0.0028798104808018445,0.008312184160997247,0.00786631007594749,0.00990983944819043,-0.01383796642650531,0.00244307317527483,0.018400676902117614,0.010290257395785304,0.0,"[0.03553291744516522, 1.3232182501035146, -0.9476119844664097, -0.0816995130453048, 1.4551473947175135, 1.0574563621002186, -0.11197127175611298, 1.563058739268382, 0.9555793853271397]"
prism3,113,/home/humanoid/Programs/hand/results/phase1/run_20260413_pollard_multiscene_500_run3/prism3/generated_mjcf/scene_prism3_tn0d0108p0d0144p0d0000_in0d0010n0d0110p0d0000_mn0d0002p0d0253p0d0000.xml,prism_y0d0350,False,0.02,4.0,0.45,0.4,0.0,1.0,3.8327963430217475,0.05363165428854073,5.0,0.006238942022644511,0.32668773638413084,0.015589379268606936,0.0,1.0,1.0,0.19166666666666668,1.0,0.19166666666666668,0.19166666666666668,0.8083333333333333,0.12333069409627377,0.11192708573270864,-0.010812139014908118,0.014393578249598981,0.0,-0.0010025963078267048,-0.011034466506951189,0.0,-0.00021781467042988716,0.025301153793920166,0.0,"[0.03553291744516522, 1.3232182501035146, -0.9476119844664097, -0.0816995130453048, 1.4551473947175135, 1.0574563621002186, -0.11197127175611298, 1.563058739268382, 0.9555793853271397]"
prism3,114,/home/humanoid/Programs/hand/results/phase1/run_20260413_pollard_multiscene_500_run3/prism3/generated_mjcf/scene_prism3_tn0d0097p0d0300p0d0040_ip0d0154n0d0108p0d0000_mp0d0182p0d0133p0d0000.xml,prism_y0d0350,True,0.02,4.0,0.45,0.4,1.0,1.0,6.874969776895163,0.051412111683748055,5.0,0.006987691681704947,0.2563754427301785,0.001222451968042422,0.0,1.0,1.0,1.0,1.0,1.0,1.0,0.0,0.04877446462713248,0.03182651165539111,-0.009724061022624773,0.03,0.0040072071336392685,0.015418097000075947,-0.010783104100315308,0.0,0.018205053769901072,0.013332696100926186,0.0,"[0.03553291744516522, 1.3232182501035146, -0.9476119844664097, -0.0816995130453048, 1.4551473947175135, 1.0574563621002186, -0.11197127175611298, 1.563058739268382, 0.9555793853271397]"
prism3,115,/home/humanoid/Programs/hand/results/phase1/run_20260413_pollard_multiscene_500_run3/prism3/generated_mjcf/scene_prism3_tn0d0088p0d0107p0d0005_ip0d0116n0d0119p0d0027_mp0d0191p0d0154p0d0000.xml,prism_y0d0350,True,0.02,4.0,0.45,0.4,1.0,1.0,6.464089706706076,0.049226958130549836,4.0,0.006036420745747051,0.08387177978686765,0.0014077443349974148,7.37898965796624e-05,1.0,1.0,1.0,1.0,1.0,1.0,0.0,0.020302705916415146,0.00913113743657712,-0.008752578143894657,0.010717277259950732,0.0005339023898471625,0.011649846149658704,-0.011851546974094098,0.0027149922709011447,0.019063443114098563,0.015400916278669291,0.0,"[0.03553291744516522, 1.3232182501035146, -0.9476119844664097, -0.0816995130453048, 1.4551473947175135, 1.0574563621002186, -0.11197127175611298, 1.563058739268382, 0.9555793853271397]"
prism3,116,/home/humanoid/Programs/hand/results/phase1/run_20260413_pollard_multiscene_500_run3/prism3/generated_mjcf/scene_prism3_tn0d0058p0d0154p0d0015_ip0d0171n0d0137p0d0000_mp0d0025p0d0055p0d0000.xml,prism_y0d0350,True,0.02,4.0,0.45,0.4,1.0,1.0,7.16861935941564,0.05181955370508187,6.0,0.0062416840269887384,0.31742391634154365,0.00947005190940125,0.0,1.0,1.0,1.0,1.0,1.0,1.0,0.0,0.09787258213965377,0.06055034232191229,-0.005842255138069734,0.015364319418918195,0.0014593692806168217,0.01708893618799274,-0.01371309528163105,0.0,0.002515708089826485,0.00547565360219901,0.0,"[0.03553291744516522, 1.3232182501035146, -0.9476119844664097, -0.0816995130453048, 1.4551473947175135, 1.0574563621002186, -0.11197127175611298, 1.563058739268382, 0.9555793853271397]"
prism3,117,/home/humanoid/Programs/hand/results/phase1/run_20260413_pollard_multiscene_500_run3/prism3/generated_mjcf/scene_prism3_tp0d0044p0d0222p0d0039_ip0d0089n0d0217p0d0000_mp0d0103p0d0152p0d0000.xml,prism_y0d0350,True,0.02,4.0,0.45,0.4,1.0,1.0,5.946943085984955,0.04981346535480142,5.0,0.007585534697650398,0.2402228839389249,0.00430956248934937,0.0009717956215363754,1.0,1.0,1.0,0.7611111111111111,0.7611111111111111,0.7611111111111111,0.23888888888888893,0.022436041590499056,0.05073747092384331,0.004425039793702623,0.022177153565716874,0.0038910621589977774,0.00891028314209102,-0.02166526711317343,0.0,0.010263051494114807,0.015231959161743686,0.0,"[0.03553291744516522, 1.3232182501035146, -0.9476119844664097, -0.0816995130453048, 1.4551473947175135, 1.0574563621002186, -0.11197127175611298, 1.563058739268382, 0.9555793853271397]"
prism3,118,/home/humanoid/Programs/hand/results/phase1/run_20260413_pollard_multiscene_500_run3/prism3/generated_mjcf/scene_prism3_tp0d0078p0d0184p0d0083_ip0d0044n0d0017p0d0000_mp0d0165p0d0038p0d0000.xml,prism_y0d0350,True,0.02,4.0,0.45,0.4,1.0,1.0,6.778967390920838,0.048123992423678784,5.0,0.006004048072481102,0.3635295468537049,0.0025054775833091253,7.41317981017009e-05,1.0,1.0,1.0,1.0,1.0,1.0,0.0,0.02032023348262109,0.005184270350411839,0.007807237396004606,0.01839952006368896,0.008290947003856325,0.004371823127956276,-0.0016934499390448814,0.0,0.016460379772354136,0.0037844748722332625,0.0,"[0.03553291744516522, 1.3232182501035146, -0.9476119844664097, -0.0816995130453048, 1.4551473947175135, 1.0574563621002186, -0.11197127175611298, 1.563058739268382, 0.9555793853271397]"
prism3,119,/home/humanoid/Programs/hand/results/phase1/run_20260413_pollard_multiscene_500_run3/prism3/generated_mjcf/scene_prism3_tp0d0089p0d0164p0d0104_ip0d0203n0d0051p0d0000_mp0d0186p0d0143p0d0000.xml,prism_y0d0350,True,0.02,4.0,0.45,0.4,1.0,1.0,6.40910239080914,0.048129927624950455,4.0,0.00607962617890552,0.060753825845033804,0.0026181531137589396,2.829205199719742e-05,1.0,1.0,1.0,1.0,1.0,1.0,0.0,0.03206415875219424,0.012120335541690805,0.008893279303444638,0.01640251999547089,0.010379507833410868,0.020306008014948564,-0.005095378154555871,0.0,0.01859844408246346,0.014270504086291665,0.0,"[0.03553291744516522, 1.3232182501035146, -0.9476119844664097, -0.0816995130453048, 1.4551473947175135, 1.0574563621002186, -0.11197127175611298, 1.563058739268382, 0.9555793853271397]"
prism3,120,/home/humanoid/Programs/hand/results/phase1/run_20260413_pollard_multiscene_500_run3/prism3/generated_mjcf/scene_prism3_tp0d0084p0d0276p0d0000_ip0d0188n0d0118p0d0058_mp0d0044p0d0085p0d0084.xml,prism_y0d0350,False,0.02,4.0,0.45,0.4,0.0,1.0,4.459030499787719,0.04856554121946709,5.0,0.007519800056971008,0.3370237100176901,0.004102439016711335,0.0023774999793233914,1.0,1.0,1.0,0.36944444444444446,0.36944444444444446,0.36944444444444446,0.6305555555555555,0.028765816092208494,0.046519672665351376,0.00844700085406028,0.0275899209061255,0.0,0.01879663640748299,-0.01184488672550997,0.005846178204292226,0.004436224499191826,0.00847107561171959,0.008359507557784272,"[0.03553291744516522, 1.3232182501035146, -0.9476119844664097, -0.0816995130453048, 1.4551473947175135, 1.0574563621002186, -0.11197127175611298, 1.563058739268382, 0.9555793853271397]"
prism3,121,/home/humanoid/Programs/hand/results/phase1/run_20260413_pollard_multiscene_500_run3/prism3/generated_mjcf/scene_prism3_tp0d0024p0d0115p0d0000_ip0d0186n0d0131p0d0000_mp0d0062p0d0231p0d0000.xml,prism_y0d0350,True,0.02,4.0,0.45,0.4,1.0,1.0,6.84822145025128,0.049343074677621696,5.0,0.006164339131775866,0.24616661808921184,0.0009428396873059079,0.00012882847810562204,1.0,1.0,1.0,1.0,1.0,1.0,0.0,0.01865831622623747,0.0073423928024079115,0.0024051311534063324,0.011544931174607635,0.0,0.01861685963731509,-0.013061194038860484,0.0,0.006182892757216741,0.02309146085361523,0.0,"[0.03553291744516522, 1.3232182501035146, -0.9476119844664097, -0.0816995130453048, 1.4551473947175135, 1.0574563621002186, -0.11197127175611298, 1.563058739268382, 0.9555793853271397]"
prism3,122,/home/humanoid/Programs/hand/results/phase1/run_20260413_pollard_multiscene_500_run3/prism3/generated_mjcf/scene_prism3_tp0d0108p0d0155p0d0062_ip0d0049n0d0059p0d0000_mp0d0011p0d0095p0d0089.xml,prism_y0d0350,True,0.02,4.0,0.45,0.4,1.0,1.0,6.472198020704659,0.049925104272371096,4.0,0.0060654390514442505,0.07966806554290283,0.001567756390741757,5.283378320232457e-05,1.0,1.0,1.0,1.0,1.0,1.0,0.0,0.036325582104189055,0.009466830093875092,0.01076048406563343,0.015492803621637762,0.006155527900058046,0.00485693182457647,-0.00587186875258037,0.0,0.0011157035574780073,0.009522165756708695,0.008882207151154464,"[0.03553291744516522, 1.3232182501035146, -0.9476119844664097, -0.0816995130453048, 1.4551473947175135, 1.0574563621002186, -0.11197127175611298, 1.563058739268382, 0.9555793853271397]"
prism3,123,/home/humanoid/Programs/hand/results/phase1/run_20260413_pollard_multiscene_500_run3/prism3/generated_mjcf/scene_prism3_tn0d0043p0d0196p0d0000_ip0d0116n0d0220p0d0000_mp0d0172p0d0092p0d0000.xml,prism_y0d0350,True,0.02,4.0,0.45,0.4,1.0,1.0,5.36047183745188,0.05128298545488798,5.0,0.00722228121902857,0.12368925567405972,0.0010605580230948852,0.0,1.0,1.0,1.0,0.5694444444444444,0.5694444444444444,0.5694444444444444,0.4305555555555556,0.027111948315736507,0.035918812451454285,-0.004260038967681772,0.01960461298881959,0.0,0.011600278864472048,-0.0219961311853588,0.0,0.017223337484585828,0.009153846869822672,0.0,"[0.03553291744516522, 1.3232182501035146, -0.9476119844664097, -0.0816995130453048, 1.4551473947175135, 1.0574563621002186, -0.11197127175611298, 1.563058739268382, 0.9555793853271397]"
prism3,124,/home/humanoid/Programs/hand/results/phase1/run_20260413_pollard_multiscene_500_run3/prism3/generated_mjcf/scene_prism3_tp0d0024p0d0115p0d0000_ip0d0179n0d0148p0d0088_mp0d0159p0d0081p0d0000.xml,prism_y0d0350,True,0.02,4.0,0.45,0.4,1.0,1.0,6.239910874954966,0.04997991674506784,4.0,0.006068805907014067,0.9303505859543859,0.00921474015269141,0.0,1.0,1.0,1.0,1.0,1.0,1.0,0.0,0.08238912445643622,0.04003689208527483,0.00244379712564664,0.011516003744496317,0.0,0.017933255596691573,-0.014767612297100151,0.008771401825721701,0.01585675523326934,0.008123136719758773,0.0,"[0.03553291744516522, 1.3232182501035146, -0.9476119844664097, -0.0816995130453048, 1.4551473947175135, 1.0574563621002186, -0.11197127175611298, 1.563058739268382, 0.9555793853271397]"
prism3,125,/home/humanoid/Programs/hand/results/phase1/run_20260413_pollard_multiscene_500_run3/prism3/generated_mjcf/scene_prism3_tn0d0079p0d0199p0d0000_ip0d0180n0d0130p0d0013_mp0d0073p0d0214p0d0045.xml,prism_y0d0350,True,0.02,4.0,0.45,0.4,1.0,1.0,7.2425048261178,0.05310878016048228,6.0,0.0061720719578801575,0.13578510706738867,0.006390511728470318,0.0,1.0,1.0,1.0,1.0,1.0,1.0,0.0,0.11308110131888814,0.06433279566700507,-0.007887425942232639,0.019869923947212237,0.0,0.01796756903605752,-0.01303821976671418,0.0013139928106517436,0.0072988538669776434,0.021417608120759872,0.004534554990868175,"[0.03553291744516522, 1.3232182501035146, -0.9476119844664097, -0.0816995130453048, 1.4551473947175135, 1.0574563621002186, -0.11197127175611298, 1.563058739268382, 0.9555793853271397]"
prism3,126,/home/humanoid/Programs/hand/results/phase1/run_20260413_pollard_multiscene_500_run3/prism3/generated_mjcf/scene_prism3_tp0d0045p0d0265p0d0000_ip0d0009n0d0047p0d0000_mp0d0146p0d0270p0d0048.xml,prism_y0d0350,True,0.02,4.0,0.45,0.4,1.0,1.0,6.4790385734930185,0.049778846029453996,4.0,0.005961522636773913,0.08077328468738564,0.0012488116840995392,3.6715547260396386e-06,1.0,1.0,1.0,1.0,1.0,1.0,0.0,0.028002300444540554,0.007285540710731786,0.004458536017805364,0.02651826532165731,0.0,0.0008580601897542929,-0.004669597340441882,0.0,0.014602302785354992,0.02702318182498961,0.004842281650674841,"[0.03553291744516522, 1.3232182501035146, -0.9476119844664097, -0.0816995130453048, 1.4551473947175135, 1.0574563621002186, -0.11197127175611298, 1.563058739268382, 0.9555793853271397]"
prism3,127,/home/humanoid/Programs/hand/results/phase1/run_20260413_pollard_multiscene_500_run3/prism3/generated_mjcf/scene_prism3_tp0d0098p0d0083p0d0025_ip0d0003n0d0034p0d0110_mn0d0012p0d0065p0d0080.xml,prism_y0d0350,True,0.02,4.0,0.45,0.4,1.0,1.0,6.465917810545296,0.04938606998348938,4.0,0.005934071291391285,0.04735755210329138,0.0008766997973843058,4.364917507210242e-05,1.0,1.0,1.0,1.0,1.0,1.0,0.0,0.03263061245200692,0.010416524282757411,0.009760457547150138,0.008320518767227713,0.002489219276482083,0.00033574461251641846,-0.003359888860213432,0.011045946072750848,-0.0011803141391436098,0.006498272408853792,0.007986264843585493,"[0.03553291744516522, 1.3232182501035146, -0.9476119844664097, -0.0816995130453048, 1.4551473947175135, 1.0574563621002186, -0.11197127175611298, 1.563058739268382, 0.9555793853271397]"
prism3,128,/home/humanoid/Programs/hand/results/phase1/run_20260413_pollard_multiscene_500_run3/prism3/generated_mjcf/scene_prism3_tp0d0045p0d0300p0d0062_ip0d0123n0d0114p0d0000_mp0d0168p0d0125p0d0000.xml,prism_y0d0350,False,0.02,4.0,0.45,0.4,0.0,1.0,3.4500372915589725,0.05094020564368508,5.0,0.006902477056244814,0.08554620144573559,0.00572568055409727,0.0006366213641793711,1.0,1.0,1.0,0.06388888888888888,0.06388888888888888,0.06388888888888888,0.9361111111111111,0.06319949080758291,0.06207998227667302,0.004485274247750803,0.03,0.006156220676458435,0.012260561788589615,-0.011358161911042592,0.0,0.016811552901191067,0.012516042873784501,0.0,"[0.03553291744516522, 1.3232182501035146, -0.9476119844664097, -0.0816995130453048, 1.4551473947175135, 1.0574563621002186, -0.11197127175611298, 1.563058739268382, 0.9555793853271397]"
prism3,129,/home/humanoid/Programs/hand/results/phase1/run_20260413_pollard_multiscene_500_run3/prism3/generated_mjcf/scene_prism3_tp0d0011p0d0169p0d0025_in0d0016n0d0203p0d0010_mp0d0126p0d0053p0d0033.xml,prism_y0d0350,True,0.02,4.0,0.45,0.4,1.0,1.0,5.3041431221001005,0.05306472800717673,5.0,0.0061844227631987,0.21142841186281458,0.01854392388891273,0.0,1.0,1.0,1.0,0.6083333333333333,0.6083333333333333,0.6083333333333333,0.3916666666666667,0.14666500774940006,0.08222139952477774,0.001124035130705775,0.016879105762682,0.002540590918859706,-0.0015998689586662306,-0.020340573322197117,0.0009559423156456498,0.012637777989375407,0.0052731398225478055,0.003273069010678602,"[0.03553291744516522, 1.3232182501035146, -0.9476119844664097, -0.0816995130453048, 1.4551473947175135, 1.0574563621002186, -0.11197127175611298, 1.563058739268382, 0.9555793853271397]"
prism3,130,/home/humanoid/Programs/hand/results/phase1/run_20260413_pollard_multiscene_500_run3/prism3/generated_mjcf/scene_prism3_tp0d0082p0d0149p0d0005_ip0d0197n0d0074p0d0000_mp0d0212p0d0115p0d0078.xml,prism_y0d0350,True,0.02,4.0,0.45,0.4,1.0,1.0,6.792721905968661,0.04770631869398708,5.0,0.00610393009739255,0.04249263338901697,0.004988936120645538,9.76186037770499e-05,1.0,1.0,1.0,1.0,1.0,1.0,0.0,0.021491411768903474,0.011642082759294977,0.008189307560810648,0.014882807021886352,0.0005119386873650589,0.01974686259815555,-0.007428967554101598,0.0,0.02119582419996409,0.011509801055097127,0.007780858579894308,"[0.03553291744516522, 1.3232182501035146, -0.9476119844664097, -0.0816995130453048, 1.4551473947175135, 1.0574563621002186, -0.11197127175611298, 1.563058739268382, 0.9555793853271397]"
prism3,131,/home/humanoid/Programs/hand/results/phase1/run_20260413_pollard_multiscene_500_run3/prism3/generated_mjcf/scene_prism3_tn0d0011p0d0270p0d0101_ip0d0197n0d0050p0d0000_mp0d0199p0d0070p0d0000.xml,prism_y0d0350,True,0.02,4.0,0.45,0.4,1.0,1.0,6.848800482453393,0.050933683248919955,5.0,0.006371177270284484,0.16158061257010972,0.00426637152730254,0.0,1.0,1.0,1.0,1.0,1.0,1.0,0.0,0.05794465671644595,0.026712197904918855,-0.0011395805826361627,0.026954421492883872,0.010102144179137976,0.019665360013878683,-0.004989540944297587,0.0,0.019903111947131187,0.00698015457820993,0.0,"[0.03553291744516522, 1.3232182501035146, -0.9476119844664097, -0.0816995130453048, 1.4551473947175135, 1.0574563621002186, -0.11197127175611298, 1.563058739268382, 0.9555793853271397]"
prism3,132,/home/humanoid/Programs/hand/results/phase1/run_20260413_pollard_multiscene_500_run3/prism3/generated_mjcf/scene_prism3_tp0d0035p0d0260p0d0000_ip0d0045n0d0154p0d0083_mn0d0020p0d0247p0d0000.xml,prism_y0d0350,True,0.02,4.0,0.45,0.4,1.0,1.0,3.598210082880923,0.046524668132751495,6.0,0.007971942107053147,11.768474961880738,0.01280195281323781,0.007018851126806766,1.0,1.0,1.0,0.55,0.55,0.55,0.44999999999999996,0.018793760762394834,0.0982129642113217,0.003512477377717779,0.02595634688580678,0.0,0.004452740128532561,-0.015443202872165433,0.008333916584662072,-0.001953983419333517,0.024659893923409178,0.0,"[0.03553291744516522, 1.3232182501035146, -0.9476119844664097, -0.0816995130453048, 1.4551473947175135, 1.0574563621002186, -0.11197127175611298, 1.563058739268382, 0.9555793853271397]"
prism3,133,/home/humanoid/Programs/hand/results/phase1/run_20260413_pollard_multiscene_500_run3/prism3/generated_mjcf/scene_prism3_tp0d0028p0d0300p0d0000_ip0d0111n0d0190p0d0049_mp0d0176p0d0092p0d0086.xml,prism_y0d0350,False,0.02,4.0,0.45,0.4,0.0,1.0,2.744157969896843,0.049188707041889934,4.0,0.010499154958339703,0.6165559502848542,0.002895657658450129,0.0009517655127562891,1.0,1.0,1.0,0.0,0.0,0.0,1.0,0.016096868724287488,0.038146146563665995,0.0027977652898282263,0.03,0.0,0.011086082907261777,-0.018966780190806512,0.004853939664313668,0.01762763991258995,0.009209986654092634,0.008637469710466666,"[0.03553291744516522, 1.3232182501035146, -0.9476119844664097, -0.0816995130453048, 1.4551473947175135, 1.0574563621002186, -0.11197127175611298, 1.563058739268382, 0.9555793853271397]"
prism3,134,/home/humanoid/Programs/hand/results/phase1/run_20260413_pollard_multiscene_500_run3/prism3/generated_mjcf/scene_prism3_tn0d0077p0d0195p0d0000_ip0d0054n0d0153p0d0047_mp0d0056p0d0160p0d0036.xml,prism_y0d0350,True,0.02,4.0,0.45,0.4,1.0,1.0,7.256301788227362,0.05388701036954793,6.0,0.0062305749654558784,0.22684249706132212,0.006132627370438152,0.0,1.0,1.0,1.0,1.0,1.0,1.0,0.0,0.10735768903610747,0.0782051939159382,-0.007742076707245167,0.019521734459900235,0.0,0.005380400973209519,-0.015320954689492202,0.004686405960974107,0.00560440286082812,0.016011727803561176,0.0036316851150580594,"[0.03553291744516522, 1.3232182501035146, -0.9476119844664097, -0.0816995130453048, 1.4551473947175135, 1.0574563621002186, -0.11197127175611298, 1.563058739268382, 0.9555793853271397]"
prism3,135,/home/humanoid/Programs/hand/results/phase1/run_20260413_pollard_multiscene_500_run3/prism3/generated_mjcf/scene_prism3_tp0d0069p0d0150p0d0000_ip0d0037n0d0112p0d0091_mp0d0138p0d0179p0d0000.xml,prism_y0d0350,True,0.02,4.0,0.45,0.4,1.0,1.0,6.461549432521626,0.04886102201405732,4.0,0.006004172058494565,0.055671538346823604,0.0013388016617487074,4.748960432417182e-05,1.0,1.0,1.0,1.0,1.0,1.0,0.0,0.01784354342021057,0.003562068917549547,0.006857647735637552,0.01504492230118383,0.0,0.0036892498449809796,-0.011197272548679756,0.009064254186342637,0.01378107685401934,0.017874691451246903,0.0,"[0.03553291744516522, 1.3232182501035146, -0.9476119844664097, -0.0816995130453048, 1.4551473947175135, 1.0574563621002186, -0.11197127175611298, 1.563058739268382, 0.9555793853271397]"
prism3,136,/home/humanoid/Programs/hand/results/phase1/run_20260413_pollard_multiscene_500_run3/prism3/generated_mjcf/scene_prism3_tn0d0000p0d0159p0d0000_ip0d0210n0d0204p0d0000_mp0d0053p0d0187p0d0000.xml,prism_y0d0350,True,0.02,4.0,0.45,0.4,1.0,1.0,7.263852488665287,0.053057105700103344,6.0,0.006385844050317047,0.11408218401908252,0.007887643421041826,0.0,1.0,1.0,1.0,1.0,1.0,1.0,0.0,0.07748187056213234,0.076908928092902,-4.7116339295641754e-05,0.015941643153524383,0.0,0.02102531309204351,-0.02037678228072287,0.0,0.005322139856231826,0.01872476021489625,0.0,"[0.03553291744516522, 1.3232182501035146, -0.9476119844664097, -0.0816995130453048, 1.4551473947175135, 1.0574563621002186, -0.11197127175611298, 1.563058739268382, 0.9555793853271397]"
prism3,137,/home/humanoid/Programs/hand/results/phase1/run_20260413_pollard_multiscene_500_run3/prism3/generated_mjcf/scene_prism3_tp0d0049p0d0247p0d0000_ip0d0180n0d0165p0d0030_mp0d0110p0d0050p0d0000.xml,prism_y0d0350,False,0.02,4.0,0.45,0.4,0.0,1.0,4.829926316361592,0.05113630074399064,5.0,0.007432906011960298,0.24872984366811518,0.003216738619602061,0.0,1.0,1.0,1.0,0.43333333333333335,0.43333333333333335,0.43333333333333335,0.5666666666666667,0.029602235342507496,0.0375325080876453,0.004939700650079103,0.024682204869321503,0.0,0.018032783027366765,-0.016529194989133536,0.0029566510456937745,0.010960551337871752,0.005020658944108913,0.0,"[0.03553291744516522, 1.3232182501035146, -0.9476119844664097, -0.0816995130453048, 1.4551473947175135, 1.0574563621002186, -0.11197127175611298, 1.563058739268382, 0.9555793853271397]"
prism3,138,/home/humanoid/Programs/hand/results/phase1/run_20260413_pollard_multiscene_500_run3/prism3/generated_mjcf/scene_prism3_tp0d0015p0d0300p0d0068_ip0d0095n0d0196p0d0000_mn0d0010p0d0173p0d0000.xml,prism_y0d0350,True,0.02,4.0,0.45,0.4,1.0,1.0,6.844435487228468,0.04960246964883962,5.0,0.008054953587840535,0.13629165977104782,0.0026762450399271053,0.000575945516339979,1.0,1.0,1.0,1.0,1.0,1.0,0.0,0.010318568112918433,0.043619819582036735,0.001515325259618382,0.03,0.006807639524938257,0.009541767906657332,-0.019584708658321362,0.0,-0.000981823473950495,0.01725793949067561,0.0,"[0.03553291744516522, 1.3232182501035146, -0.9476119844664097, -0.0816995130453048, 1.4551473947175135, 1.0574563621002186, -0.11197127175611298, 1.563058739268382, 0.9555793853271397]"
prism3,139,/home/humanoid/Programs/hand/results/phase1/run_20260413_pollard_multiscene_500_run3/prism3/generated_mjcf/scene_prism3_tp0d0038p0d0208p0d0000_ip0d0064n0d0233p0d0116_mn0d0002p0d0039p0d0000.xml,prism_y0d0350,True,0.02,4.0,0.45,0.4,1.0,1.0,6.7748728650553645,0.049444398209726736,5.0,0.007939168618686989,0.4940397261530696,0.0010235750814435297,0.0014724123830167496,1.0,1.0,1.0,1.0,1.0,1.0,0.0,0.021039450248755556,0.04169385358223791,0.0038050259348188786,0.020755100794810622,0.0,0.006448623398971592,-0.023325066083498283,0.011591209693892372,-0.00019526507632723449,0.0039111861558529856,0.0,"[0.03553291744516522, 1.3232182501035146, -0.9476119844664097, -0.0816995130453048, 1.4551473947175135, 1.0574563621002186, -0.11197127175611298, 1.563058739268382, 0.9555793853271397]"
prism3,140,/home/humanoid/Programs/hand/results/phase1/run_20260413_pollard_multiscene_500_run3/prism3/generated_mjcf/scene_prism3_tn0d0087p0d0271p0d0000_ip0d0062n0d0240p0d0104_mp0d0057p0d0235p0d0111.xml,prism_y0d0350,True,0.02,4.0,0.45,0.4,1.0,1.0,6.823038131419153,0.049571423938904194,5.0,0.007411324712921025,0.2946582922640824,0.0017059915243314509,0.00012009712139510187,1.0,1.0,1.0,1.0,1.0,1.0,0.0,0.0223102059131359,0.03790598532234409,-0.008731530079981356,0.027066388090933438,0.0,0.0061588016073141905,-0.023982038856395667,0.010357658104953149,0.005704969469548151,0.02352908190489477,0.011086436192306204,"[0.03553291744516522, 1.3232182501035146, -0.9476119844664097, -0.0816995130453048, 1.4551473947175135, 1.0574563621002186, -0.11197127175611298, 1.563058739268382, 0.9555793853271397]"
prism3,141,/home/humanoid/Programs/hand/results/phase1/run_20260413_pollard_multiscene_500_run3/prism3/generated_mjcf/scene_prism3_tp0d0055p0d0143p0d0000_ip0d0168n0d0075p0d0079_mp0d0111p0d0191p0d0000.xml,prism_y0d0350,True,0.02,4.0,0.45,0.4,1.0,1.0,6.445013016038104,0.04916947546658375,4.0,0.005998878255552488,0.08554546272724724,0.0022524213652659443,1.1599077708937533e-05,1.0,1.0,1.0,1.0,1.0,1.0,0.0,0.033123656965129984,0.0086233505658041,0.00545884849963154,0.014257804502089013,0.0,0.016783646536371433,-0.007532492230778167,0.007861720757539256,0.011069781825323213,0.019080062523594087,0.0,"[0.03553291744516522, 1.3232182501035146, -0.9476119844664097, -0.0816995130453048, 1.4551473947175135, 1.0574563621002186, -0.11197127175611298, 1.563058739268382, 0.9555793853271397]"
prism3,142,/home/humanoid/Programs/hand/results/phase1/run_20260413_pollard_multiscene_500_run3/prism3/generated_mjcf/scene_prism3_tn0d0074p0d0247p0d0000_ip0d0168n0d0241p0d0028_mp0d0123p0d0058p0d0022.xml,prism_y0d0350,True,0.02,4.0,0.45,0.4,1.0,1.0,6.8952837941399565,0.05015442999273649,5.0,0.007624238194333724,0.10245408868028864,0.001115325483203323,0.0,1.0,1.0,1.0,1.0,1.0,1.0,0.0,0.012922131533439388,0.019781162964900085,-0.007406249106069644,0.024733766378574083,0.0,0.01681314259118548,-0.024126402710446332,0.002803222095158712,0.01227073241585616,0.005832298099170255,0.0022128550031997474,"[0.03553291744516522, 1.3232182501035146, -0.9476119844664097, -0.0816995130453048, 1.4551473947175135, 1.0574563621002186, -0.11197127175611298, 1.563058739268382, 0.9555793853271397]"
prism3,143,/home/humanoid/Programs/hand/results/phase1/run_20260413_pollard_multiscene_500_run3/prism3/generated_mjcf/scene_prism3_tp0d0062p0d0209p0d0041_ip0d0150n0d0194p0d0102_mp0d0059p0d0173p0d0000.xml,prism_y0d0350,True,0.02,4.0,0.45,0.4,1.0,1.0,7.244599164619554,0.04991903732097122,6.0,0.007457306292678801,0.1460928131474431,0.0009399773676699963,0.000530769157694802,1.0,1.0,1.0,1.0,1.0,1.0,0.0,0.027757284775880242,0.05194445636545405,0.006188329518560347,0.020863806997200564,0.0041462532147777224,0.015008121104932009,-0.019358162822748666,0.010238796153919451,0.005860994776989337,0.017308846946232706,0.0,"[0.03553291744516522, 1.3232182501035146, -0.9476119844664097, -0.0816995130453048, 1.4551473947175135, 1.0574563621002186, -0.11197127175611298, 1.563058739268382, 0.9555793853271397]"
prism3,144,/home/humanoid/Programs/hand/results/phase1/run_20260413_pollard_multiscene_500_run3/prism3/generated_mjcf/scene_prism3_tp0d0119p0d0237p0d0000_ip0d0116n0d0236p0d0000_mp0d0214p0d0052p0d0000.xml,prism_y0d0350,False,0.02,4.0,0.45,0.4,0.0,1.0,1.7407740755881547,0.04884962527736817,4.0,0.010145102154322518,5.458967232829409,0.007184147121112806,0.010770144597398827,0.975,0.975,1.0,0.0,0.0,0.0,1.0,0.08393062737184288,0.10710054923873874,0.011913720408939114,0.023699386605017154,0.0,0.011586873910987512,-0.02364748026497579,0.0,0.021392537358011006,0.005244756480698892,0.0,"[0.03553291744516522, 1.3232182501035146, -0.9476119844664097, -0.0816995130453048, 1.4551473947175135, 1.0574563621002186, -0.11197127175611298, 1.563058739268382, 0.9555793853271397]"
prism3,145,/home/humanoid/Programs/hand/results/phase1/run_20260413_pollard_multiscene_500_run3/prism3/generated_mjcf/scene_prism3_tp0d0018p0d0266p0d0085_ip0d0187n0d0061p0d0000_mp0d0120p0d0228p0d0000.xml,prism_y0d0350,True,0.02,4.0,0.45,0.4,1.0,1.0,6.251710552131106,0.05096125164026598,4.0,0.006210537151527192,0.41787850810487265,0.013796163418553976,0.0,1.0,1.0,1.0,1.0,1.0,1.0,0.0,0.13467357208374398,0.07875970432870243,0.0017538542680252782,0.026575331008186886,0.008468955846821315,0.01866947878821324,-0.00605466824628304,0.0,0.011957947693719377,0.02281495484257566,0.0,"[0.03553291744516522, 1.3232182501035146, -0.9476119844664097, -0.0816995130453048, 1.4551473947175135, 1.0574563621002186, -0.11197127175611298, 1.563058739268382, 0.9555793853271397]"
prism3,146,/home/humanoid/Programs/hand/results/phase1/run_20260413_pollard_multiscene_500_run3/prism3/generated_mjcf/scene_prism3_tn0d0100p0d0190p0d0000_in0d0019n0d0119p0d0000_mp0d0192p0d0113p0d0039.xml,prism_y0d0350,True,0.02,4.0,0.45,0.4,1.0,1.0,6.893844091127917,0.049303696497932606,5.0,0.0059591573279639196,0.026494858611764243,0.0004811903598769977,5.351625085894818e-05,1.0,1.0,1.0,1.0,1.0,1.0,0.0,0.011352185160880579,0.0020224410431638105,-0.010045906244288014,0.019006044700280358,0.0,-0.001910366479366826,-0.011895275575458145,0.0,0.019195229064207682,0.011320224616773731,0.0039041055259550206,"[0.03553291744516522, 1.3232182501035146, -0.9476119844664097, -0.0816995130453048, 1.4551473947175135, 1.0574563621002186, -0.11197127175611298, 1.563058739268382, 0.9555793853271397]"
prism3,147,/home/humanoid/Programs/hand/results/phase1/run_20260413_pollard_multiscene_500_run3/prism3/generated_mjcf/scene_prism3_tp0d0016p0d0152p0d0000_ip0d0068n0d0186p0d0000_mn0d0007p0d0086p0d0000.xml,prism_y0d0350,True,0.02,4.0,0.45,0.4,1.0,1.0,7.134020937897988,0.05330381890596097,6.0,0.006224245406348676,0.16794984182178907,0.018319417258751896,0.00025600795663896503,1.0,1.0,1.0,1.0,1.0,1.0,0.0,0.13183509784111422,0.09829611970277587,0.0016338811302797802,0.01519199864331583,0.0,0.0068238390588518626,-0.0185979348006101,0.0,-0.0007490881804916184,0.008644874935491244,0.0,"[0.03553291744516522, 1.3232182501035146, -0.9476119844664097, -0.0816995130453048, 1.4551473947175135, 1.0574563621002186, -0.11197127175611298, 1.563058739268382, 0.9555793853271397]"
prism3,148,/home/humanoid/Programs/hand/results/phase1/run_20260413_pollard_multiscene_500_run3/prism3/generated_mjcf/scene_prism3_tn0d0084p0d0110p0d0000_ip0d0037n0d0242p0d0000_mp0d0218p0d0092p0d0000.xml,prism_y0d0350,True,0.02,4.0,0.45,0.4,1.0,1.0,6.826969464871116,0.04920264669774138,5.0,0.005965012887296853,0.13403841235474845,0.0031988096065268356,8.972246602774459e-05,1.0,1.0,1.0,1.0,1.0,1.0,0.0,0.038216565913175356,0.009202577554715633,-0.008384850114827124,0.010998077251796115,0.0,0.0037161724242142525,-0.024194187208261365,0.0,0.021761286768522584,0.009183467605082948,0.0,"[0.03553291744516522, 1.3232182501035146, -0.9476119844664097, -0.0816995130453048, 1.4551473947175135, 1.0574563621002186, -0.11197127175611298, 1.563058739268382, 0.9555793853271397]"
prism3,149,/home/humanoid/Programs/hand/results/phase1/run_20260413_pollard_multiscene_500_run3/prism3/generated_mjcf/scene_prism3_tp0d0030p0d0212p0d0000_ip0d0156n0d0018p0d0000_mp0d0070p0d0156p0d0000.xml,prism_y0d0350,True,0.02,4.0,0.45,0.4,1.0,1.0,6.454434533008964,0.05005523521283413,4.0,0.006019269959447964,0.11307708194021546,0.0023428133999021496,0.0,1.0,1.0,1.0,1.0,1.0,1.0,0.0,0.045741128144264315,0.017401177373248422,0.0030242349553947154,0.02123938513737227,0.0,0.015599964008212794,-0.0018124103626753294,0.0,0.007007819845969626,0.01564040034937387,0.0,"[0.03553291744516522, 1.3232182501035146, -0.9476119844664097, -0.0816995130453048, 1.4551473947175135, 1.0574563621002186, -0.11197127175611298, 1.563058739268382, 0.9555793853271397]"
prism3,150,/home/humanoid/Programs/hand/results/phase1/run_20260413_pollard_multiscene_500_run3/prism3/generated_mjcf/scene_prism3_tn0d0078p0d0173p0d0042_in0d0016n0d0210p0d0074_mp0d0060p0d0167p0d0000.xml,prism_y0d0350,True,0.02,4.0,0.45,0.4,1.0,1.0,7.240602505222481,0.05303086827934948,6.0,0.006383517099894375,0.12298726937540554,0.008310075427377607,7.04270298783477e-05,1.0,1.0,1.0,1.0,1.0,1.0,0.0,0.09570052652597373,0.07571331299974439,-0.007824626139829111,0.01732834438676897,0.004248456658127203,-0.0016455198819331964,-0.020978514055772536,0.007394594912894001,0.0059714869993543855,0.016719741941420785,0.0,"[0.03553291744516522, 1.3232182501035146, -0.9476119844664097, -0.0816995130453048, 1.4551473947175135, 1.0574563621002186, -0.11197127175611298, 1.563058739268382, 0.9555793853271397]"
prism3,151,/home/humanoid/Programs/hand/results/phase1/run_20260413_pollard_multiscene_500_run3/prism3/generated_mjcf/scene_prism3_tp0d0012p0d0087p0d0000_ip0d0087n0d0117p0d0000_mp0d0090p0d0220p0d0049.xml,prism_y0d0350,False,0.02,4.0,0.45,0.4,0.0,1.0,2.69220804958359,0.0499100689602141,4.0,0.008014591082175651,1.025557110988883,0.004329031505979211,0.000250364589779839,1.0,1.0,0.0,1.0,0.0,0.0,1.0,0.018565277247007152,0.07447554770195892,0.001218564240804446,0.00866571424061289,0.0,0.008749523164934754,-0.011728504763940096,0.0,0.009016880749428276,0.0220316040367717,0.0049388979727751255,"[0.03553291744516522, 1.3232182501035146, -0.9476119844664097, -0.0816995130453048, 1.4551473947175135, 1.0574563621002186, -0.11197127175611298, 1.563058739268382, 0.9555793853271397]"
prism3,152,/home/humanoid/Programs/hand/results/phase1/run_20260413_pollard_multiscene_500_run3/prism3/generated_mjcf/scene_prism3_tn0d0031p0d0199p0d0072_ip0d0043n0d0209p0d0113_mp0d0190p0d0243p0d0000.xml,prism_y0d0350,True,0.02,4.0,0.45,0.4,1.0,1.0,6.346308053748918,0.04965981954811219,4.0,0.006083994664716548,0.365249366986729,0.006269513562921842,0.0,1.0,1.0,1.0,1.0,1.0,1.0,0.0,0.07611147266520597,0.022203364029659018,-0.0031420885393652637,0.019907472351036487,0.007176067022170336,0.004316225501834821,-0.020934708518782652,0.01125617333642238,0.018952176361857136,0.024280508339097374,0.0,"[0.03553291744516522, 1.3232182501035146, -0.9476119844664097, -0.0816995130453048, 1.4551473947175135, 1.0574563621002186, -0.11197127175611298, 1.563058739268382, 0.9555793853271397]"
prism3,153,/home/humanoid/Programs/hand/results/phase1/run_20260413_pollard_multiscene_500_run3/prism3/generated_mjcf/scene_prism3_tn0d0112p0d0258p0d0070_ip0d0212n0d0234p0d0075_mp0d0061p0d0193p0d0096.xml,prism_y0d0350,True,0.02,4.0,0.45,0.4,1.0,1.0,7.3172384752201935,0.05066367206767876,6.0,0.007433811026927181,0.09885847778217821,0.0004419651634883152,0.0,1.0,1.0,1.0,1.0,1.0,1.0,0.0,0.012986660357271243,0.02131040417836072,-0.011151549883476946,0.02583112419855533,0.0069637886035893125,0.021163138926686795,-0.023441266575308213,0.00750747979912832,0.006083154920940297,0.01929815313027885,0.009613447105348082,"[0.03553291744516522, 1.3232182501035146, -0.9476119844664097, -0.0816995130453048, 1.4551473947175135, 1.0574563621002186, -0.11197127175611298, 1.563058739268382, 0.9555793853271397]"
prism3,154,/home/humanoid/Programs/hand/results/phase1/run_20260413_pollard_multiscene_500_run3/prism3/generated_mjcf/scene_prism3_tn0d0060p0d0300p0d0000_ip0d0008n0d0128p0d0053_mp0d0202p0d0236p0d0113.xml,prism_y0d0350,False,0.02,4.0,0.45,0.4,0.0,1.0,3.432106009960747,0.052719248256642696,5.0,0.006778733992994278,0.4918301715489229,0.006002865217515553,0.0,1.0,1.0,1.0,0.06388888888888888,0.06388888888888888,0.06388888888888888,0.9361111111111111,0.08490785765945406,0.06962127267774672,-0.005961165487680037,0.03,0.0,0.0007531740575051921,-0.012763734213142173,0.005254819597036012,0.020235854375230844,0.023634514741201866,0.011292320198183152,"[0.03553291744516522, 1.3232182501035146, -0.9476119844664097, -0.0816995130453048, 1.4551473947175135, 1.0574563621002186, -0.11197127175611298, 1.563058739268382, 0.9555793853271397]"
prism3,155,/home/humanoid/Programs/hand/results/phase1/run_20260413_pollard_multiscene_500_run3/prism3/generated_mjcf/scene_prism3_tn0d0014p0d0178p0d0021_ip0d0146n0d0026p0d0022_mp0d0197p0d0133p0d0065.xml,prism_y0d0350,True,0.02,4.0,0.45,0.4,1.0,1.0,6.854093879424107,0.048707465686483126,5.0,0.006065629298045694,0.02446876169947105,0.0027849479910373436,7.172117503498332e-05,1.0,1.0,1.0,1.0,1.0,1.0,0.0,0.01383368432400274,0.006923640762288537,-0.0014073926538075085,0.01775156940829652,0.00214680221506695,0.014606775448273735,-0.0026308522758124574,0.0022085622184445826,0.019743230789970055,0.013276280780333086,0.006512602441148773,"[0.03553291744516522, 1.3232182501035146, -0.9476119844664097, -0.0816995130453048, 1.4551473947175135, 1.0574563621002186, -0.11197127175611298, 1.563058739268382, 0.9555793853271397]"
prism3,156,/home/humanoid/Programs/hand/results/phase1/run_20260413_pollard_multiscene_500_run3/prism3/generated_mjcf/scene_prism3_tp0d0120p0d0099p0d0050_ip0d0197n0d0028p0d0089_mp0d0047p0d0131p0d0002.xml,prism_y0d0350,True,0.02,4.0,0.45,0.4,1.0,1.0,6.472748888051158,0.04987531364450673,4.0,0.006068651299990179,0.06760173497081715,0.0019784171390364765,1.7343549726017704e-05,1.0,1.0,1.0,1.0,1.0,1.0,0.0,0.033519939461044326,0.01002192353800078,0.011953618961592274,0.009890472913476396,0.004973856886651324,0.019675836613181563,-0.0028322182956766213,0.008946206172153887,0.0046899317603590635,0.013051221715934756,0.00019432070821016716,"[0.03553291744516522, 1.3232182501035146, -0.9476119844664097, -0.0816995130453048, 1.4551473947175135, 1.0574563621002186, -0.11197127175611298, 1.563058739268382, 0.9555793853271397]"
prism3,157,/home/humanoid/Programs/hand/results/phase1/run_20260413_pollard_multiscene_500_run3/prism3/generated_mjcf/scene_prism3_tp0d0113p0d0144p0d0039_ip0d0162n0d0208p0d0089_mp0d0101p0d0263p0d0094.xml,prism_y0d0350,True,0.02,4.0,0.45,0.4,1.0,1.0,6.587592536491965,0.04960827910950086,5.0,0.005971998320012435,1.2250535535451081,0.006783606834191807,0.0,1.0,1.0,1.0,1.0,1.0,1.0,0.0,0.10071285754455482,0.023161408238134267,0.011272147501967051,0.014373501696804333,0.003851906420196817,0.01623469939494379,-0.0207794824341704,0.008888251116506849,0.01012549654790459,0.02625110103573041,0.00935258777511349,"[0.03553291744516522, 1.3232182501035146, -0.9476119844664097, -0.0816995130453048, 1.4551473947175135, 1.0574563621002186, -0.11197127175611298, 1.563058739268382, 0.9555793853271397]"
prism3,158,/home/humanoid/Programs/hand/results/phase1/run_20260413_pollard_multiscene_500_run3/prism3/generated_mjcf/scene_prism3_tp0d0107p0d0124p0d0080_ip0d0187n0d0016p0d0036_mp0d0068p0d0174p0d0000.xml,prism_y0d0350,True,0.02,4.0,0.45,0.4,1.0,1.0,6.437738183643783,0.04861515595415185,4.0,0.006115052788443297,0.062869625157329,0.0017542519346823062,5.934559668269168e-05,1.0,1.0,1.0,1.0,1.0,1.0,0.0,0.02710852082143167,0.007571091622654865,0.01073853532475701,0.012387630681511006,0.008031577607341533,0.018707664354787955,-0.0015653204796709976,0.0035891289918922806,0.006844769507781586,0.017385410079520693,0.0,"[0.03553291744516522, 1.3232182501035146, -0.9476119844664097, -0.0816995130453048, 1.4551473947175135, 1.0574563621002186, -0.11197127175611298, 1.563058739268382, 0.9555793853271397]"
prism3,159,/home/humanoid/Programs/hand/results/phase1/run_20260413_pollard_multiscene_500_run3/prism3/generated_mjcf/scene_prism3_tp0d0119p0d0253p0d0000_ip0d0201n0d0072p0d0000_mp0d0203p0d0111p0d0000.xml,prism_y0d0350,True,0.02,4.0,0.45,0.4,1.0,1.0,6.6810844424053695,0.051954336206977425,5.0,0.0061562422411470885,0.5396967162214755,0.011072251536908552,0.0,1.0,1.0,1.0,1.0,1.0,1.0,0.0,0.139477885495481,0.0762778764127846,0.011908468213914038,0.025333279743847862,0.0,0.02005299318962482,-0.007202619005446663,0.0,0.02030522813099945,0.01108420496281693,0.0,"[0.03553291744516522, 1.3232182501035146, -0.9476119844664097, -0.0816995130453048, 1.4551473947175135, 1.0574563621002186, -0.11197127175611298, 1.563058739268382, 0.9555793853271397]"
prism3,160,/home/humanoid/Programs/hand/results/phase1/run_20260413_pollard_multiscene_500_run3/prism3/generated_mjcf/scene_prism3_tn0d0113p0d0248p0d0000_in0d0008n0d0086p0d0112_mn0d0005p0d0215p0d0000.xml,prism_y0d0350,True,0.02,4.0,0.45,0.4,1.0,1.0,7.254667826369208,0.053767718191722325,6.0,0.006282430491485896,0.18109482725784729,0.005656431027399305,0.00042431973155594715,1.0,1.0,1.0,1.0,1.0,1.0,0.0,0.10385083898425747,0.08918392668419817,-0.01128660729865892,0.024821794228799127,0.0,-0.00083186608066977,-0.008554373849221279,0.01124052496537592,-0.00045976902830612704,0.02153632241141243,0.0,"[0.03553291744516522, 1.3232182501035146, -0.9476119844664097, -0.0816995130453048, 1.4551473947175135, 1.0574563621002186, -0.11197127175611298, 1.563058739268382, 0.9555793853271397]"
prism3,161,/home/humanoid/Programs/hand/results/phase1/run_20260413_pollard_multiscene_500_run3/prism3/generated_mjcf/scene_prism3_tp0d0087p0d0083p0d0000_ip0d0214n0d0105p0d0000_mn0d0019p0d0131p0d0000.xml,prism_y0d0350,True,0.02,4.0,0.45,0.4,1.0,1.0,6.831412028736437,0.049846838060078245,5.0,0.006079173719471167,0.15729093023668372,0.002354409632611572,9.767379085673378e-06,1.0,1.0,1.0,1.0,1.0,1.0,0.0,0.05381108991479475,0.018841120264731965,0.008669593171338762,0.00829146285729023,0.0,0.021403486505120473,-0.010490628603991449,0.0,-0.0018867354281598952,0.013116773146138423,0.0,"[0.03553291744516522, 1.3232182501035146, -0.9476119844664097, -0.0816995130453048, 1.4551473947175135, 1.0574563621002186, -0.11197127175611298, 1.563058739268382, 0.9555793853271397]"
prism3,162,/home/humanoid/Programs/hand/results/phase1/run_20260413_pollard_multiscene_500_run3/prism3/generated_mjcf/scene_prism3_tp0d0008p0d0243p0d0000_ip0d0056n0d0230p0d0119_mp0d0082p0d0196p0d0000.xml,prism_y0d0350,True,0.02,4.0,0.45,0.4,1.0,1.0,6.058219198163475,0.050212080620861174,5.0,0.007522468922742906,0.7503839428007608,0.0028661465792696053,0.0,1.0,1.0,1.0,0.8027777777777778,0.8027777777777778,0.8027777777777778,0.1972222222222222,0.02382770735173249,0.04115301494743292,0.0007872815147419634,0.024339149896880262,0.0,0.005640705116096214,-0.02302834268353677,0.01191609277025579,0.008172407472881515,0.01958364266529724,0.0,"[0.03553291744516522, 1.3232182501035146, -0.9476119844664097, -0.0816995130453048, 1.4551473947175135, 1.0574563621002186, -0.11197127175611298, 1.563058739268382, 0.9555793853271397]"
prism3,163,/home/humanoid/Programs/hand/results/phase1/run_20260413_pollard_multiscene_500_run3/prism3/generated_mjcf/scene_prism3_tn0d0086p0d0126p0d0000_ip0d0145n0d0005p0d0000_mp0d0020p0d0225p0d0033.xml,prism_y0d0350,True,0.02,4.0,0.45,0.4,1.0,1.0,6.7485212282226525,0.049297777113793045,5.0,0.006236267598325146,0.6645608947509168,0.0029159180864925865,0.0,1.0,1.0,1.0,1.0,1.0,1.0,0.0,0.03723728843839857,0.020023008786925273,-0.008586770952238532,0.012644829297614164,0.0,0.014518686427156752,-0.0005474510000305095,0.0,0.001965759771380771,0.022540723821144228,0.003273335117701349,"[0.03553291744516522, 1.3232182501035146, -0.9476119844664097, -0.0816995130453048, 1.4551473947175135, 1.0574563621002186, -0.11197127175611298, 1.563058739268382, 0.9555793853271397]"
prism3,164,/home/humanoid/Programs/hand/results/phase1/run_20260413_pollard_multiscene_500_run3/prism3/generated_mjcf/scene_prism3_tp0d0107p0d0168p0d0000_ip0d0049n0d0050p0d0000_mp0d0071p0d0191p0d0099.xml,prism_y0d0350,True,0.02,4.0,0.45,0.4,1.0,1.0,6.877753222946284,0.04883085690310957,5.0,0.005975913369228945,0.030415614478260872,0.0008641548347513089,7.352370697068233e-05,1.0,1.0,1.0,1.0,1.0,1.0,0.0,0.006682933052751428,0.0041249064148948245,0.010747195468850355,0.01675308957305969,0.0,0.00487366060525649,-0.004994659363875083,0.0,0.007115221286644597,0.01912555289909626,0.009921219314163253,"[0.03553291744516522, 1.3232182501035146, -0.9476119844664097, -0.0816995130453048, 1.4551473947175135, 1.0574563621002186, -0.11197127175611298, 1.563058739268382, 0.9555793853271397]"
prism3,165,/home/humanoid/Programs/hand/results/phase1/run_20260413_pollard_multiscene_500_run3/prism3/generated_mjcf/scene_prism3_tp0d0075p0d0100p0d0087_ip0d0170n0d0130p0d0013_mp0d0086p0d0046p0d0000.xml,prism_y0d0350,True,0.02,4.0,0.45,0.4,1.0,1.0,6.347237583294011,0.04838164911288469,4.0,0.0061560142171312475,0.132698569535997,0.006619013202768095,0.0,1.0,1.0,1.0,1.0,1.0,1.0,0.0,0.060135366283057906,0.02810775258524791,0.007507910790054063,0.010039102780949638,0.008737907867536678,0.016991815976954282,-0.013002375180709125,0.0012906382131382538,0.008637117703904192,0.004631095879577326,0.0,"[0.03553291744516522, 1.3232182501035146, -0.9476119844664097, -0.0816995130453048, 1.4551473947175135, 1.0574563621002186, -0.11197127175611298, 1.563058739268382, 0.9555793853271397]"
prism3,166,/home/humanoid/Programs/hand/results/phase1/run_20260413_pollard_multiscene_500_run3/prism3/generated_mjcf/scene_prism3_tp0d0099p0d0224p0d0000_ip0d0112n0d0095p0d0075_mp0d0120p0d0081p0d0113.xml,prism_y0d0350,True,0.02,4.0,0.45,0.4,1.0,1.0,6.712928255509655,0.05247086604777799,5.0,0.006149967915797481,0.48944983860112223,0.011028441459970506,0.0,1.0,1.0,1.0,1.0,1.0,1.0,0.0,0.13276907766005278,0.07778983624186991,0.009914028604362819,0.02236731891349133,0.0,0.011234581749742536,-0.009457652688120629,0.007469727117063573,0.011958058295655653,0.008132251114838226,0.011278282523067704,"[0.03553291744516522, 1.3232182501035146, -0.9476119844664097, -0.0816995130453048, 1.4551473947175135, 1.0574563621002186, -0.11197127175611298, 1.563058739268382, 0.9555793853271397]"
prism3,167,/home/humanoid/Programs/hand/results/phase1/run_20260413_pollard_multiscene_500_run3/prism3/generated_mjcf/scene_prism3_tn0d0049p0d0254p0d0045_ip0d0202n0d0059p0d0000_mn0d0008p0d0191p0d0000.xml,prism_y0d0350,True,0.02,4.0,0.45,0.4,1.0,1.0,7.217625747174085,0.0525262150051336,6.0,0.006424207135525414,0.12041509385446975,0.009368851128117053,0.0,1.0,1.0,1.0,1.0,1.0,1.0,0.0,0.09914224814963142,0.06905148947607297,-0.00488964265872333,0.02540873439896553,0.004505410724312587,0.020158641957999573,-0.005939355777245107,0.0,-0.0008475818379703112,0.019052107364078294,0.0,"[0.03553291744516522, 1.3232182501035146, -0.9476119844664097, -0.0816995130453048, 1.4551473947175135, 1.0574563621002186, -0.11197127175611298, 1.563058739268382, 0.9555793853271397]"
prism3,168,/home/humanoid/Programs/hand/results/phase1/run_20260413_pollard_multiscene_500_run3/prism3/generated_mjcf/scene_prism3_tn0d0107p0d0086p0d0018_ip0d0169n0d0226p0d0000_mp0d0071p0d0249p0d0035.xml,prism_y0d0350,True,0.02,4.0,0.45,0.4,1.0,1.0,6.486426404150943,0.049416467963403515,4.0,0.0061444846153956385,0.06922345527503958,0.0008744498959497098,0.0002853281696418436,1.0,1.0,1.0,1.0,1.0,1.0,0.0,0.011048164255895157,0.0015173707576771427,-0.010742330134104312,0.008555869754555611,0.0017551315816082304,0.016898620275038925,-0.022613950580024002,0.0,0.007100308119039354,0.024886353180967997,0.0035120658990042738,"[0.03553291744516522, 1.3232182501035146, -0.9476119844664097, -0.0816995130453048, 1.4551473947175135, 1.0574563621002186, -0.11197127175611298, 1.563058739268382, 0.9555793853271397]"
prism3,169,/home/humanoid/Programs/hand/results/phase1/run_20260413_pollard_multiscene_500_run3/prism3/generated_mjcf/scene_prism3_tn0d0023p0d0300p0d0045_ip0d0141n0d0072p0d0010_mp0d0092p0d0266p0d0017.xml,prism_y0d0350,True,0.02,4.0,0.45,0.4,1.0,1.0,7.256728261300431,0.05300839892415113,6.0,0.006398455210963699,0.045456842341863174,0.009480855513102968,0.0,1.0,1.0,1.0,1.0,1.0,1.0,0.0,0.08520149485971622,0.0737272726666358,-0.0022859760465189123,0.03,0.004491148993976263,0.014133915252692657,-0.00720976135270515,0.0010038693069339966,0.009219964776903154,0.026639798958592052,0.0017238483621419484,"[0.03553291744516522, 1.3232182501035146, -0.9476119844664097, -0.0816995130453048, 1.4551473947175135, 1.0574563621002186, -0.11197127175611298, 1.563058739268382, 0.9555793853271397]"
prism3,170,/home/humanoid/Programs/hand/results/phase1/run_20260413_pollard_multiscene_500_run3/prism3/generated_mjcf/scene_prism3_tn0d0023p0d0102p0d0000_ip0d0216n0d0012p0d0000_mn0d0001p0d0196p0d0000.xml,prism_y0d0350,True,0.02,4.0,0.45,0.4,1.0,1.0,6.863310251049838,0.04950473799574659,5.0,0.006179102786950705,0.08091168421641078,0.0011862456970332753,7.355474599861356e-05,1.0,1.0,1.0,1.0,1.0,1.0,0.0,0.03243074621737645,0.008859486486737345,-0.0022512569426476337,0.010245824732785286,0.0,0.021598950036595156,-0.0012190901501439397,0.0,-0.000132916285661977,0.019593371151241823,0.0,"[0.03553291744516522, 1.3232182501035146, -0.9476119844664097, -0.0816995130453048, 1.4551473947175135, 1.0574563621002186, -0.11197127175611298, 1.563058739268382, 0.9555793853271397]"
prism3,171,/home/humanoid/Programs/hand/results/phase1/run_20260413_pollard_multiscene_500_run3/prism3/generated_mjcf/scene_prism3_tp0d0039p0d0130p0d0000_ip0d0058n0d0184p0d0066_mp0d0053p0d0253p0d0000.xml,prism_y0d0350,True,0.02,4.0,0.45,0.4,1.0,1.0,6.54877239600168,0.0492320544532215,5.0,0.006038624255232168,1.6515158478833916,0.005251862104954692,0.0,1.0,1.0,1.0,1.0,1.0,1.0,0.0,0.0676459210784263,0.03077558091988919,0.003927672446135566,0.013035727953339283,0.0,0.005821268678713911,-0.018384392421899758,0.006602746162043826,0.005291531853126817,0.025251723655812762,0.0,"[0.03553291744516522, 1.3232182501035146, -0.9476119844664097, -0.0816995130453048, 1.4551473947175135, 1.0574563621002186, -0.11197127175611298, 1.563058739268382, 0.9555793853271397]"
prism3,172,/home/humanoid/Programs/hand/results/phase1/run_20260413_pollard_multiscene_500_run3/prism3/generated_mjcf/scene_prism3_tp0d0095p0d0117p0d0000_ip0d0216n0d0232p0d0081_mp0d0019p0d0158p0d0110.xml,prism_y0d0350,True,0.02,4.0,0.45,0.4,1.0,1.0,7.050305253437518,0.05038876620441275,6.0,0.006286025430342193,0.3159028901136577,0.012480835163707892,0.0010485833826090057,1.0,1.0,1.0,1.0,1.0,1.0,0.0,0.11749616572126158,0.09675980408875935,0.009478466612064692,0.01168372526952211,0.0,0.02160887059855398,-0.023164369430652178,0.008119067766142584,0.0019284014760311882,0.015758297922973116,0.01099679951817091,"[0.03553291744516522, 1.3232182501035146, -0.9476119844664097, -0.0816995130453048, 1.4551473947175135, 1.0574563621002186, -0.11197127175611298, 1.563058739268382, 0.9555793853271397]"
prism3,173,/home/humanoid/Programs/hand/results/phase1/run_20260413_pollard_multiscene_500_run3/prism3/generated_mjcf/scene_prism3_tn0d0091p0d0170p0d0002_ip0d0137n0d0162p0d0000_mp0d0198p0d0035p0d0115.xml,prism_y0d0350,True,0.02,4.0,0.45,0.4,1.0,1.0,6.466094020991706,0.050132103925612945,6.0,0.006175122429444219,1.2213039133226733,0.0015315939382512973,0.0,1.0,1.0,1.0,0.8611111111111112,0.8611111111111112,0.8611111111111112,0.13888888888888884,0.15447492148145614,0.058638598872988744,-0.009145682503664064,0.017045684283200635,0.00019631914511307816,0.013653580327099199,-0.01623028555312832,0.0,0.019787687411714293,0.0034936345899613894,0.011549356045366811,"[0.03553291744516522, 1.3232182501035146, -0.9476119844664097, -0.0816995130453048, 1.4551473947175135, 1.0574563621002186, -0.11197127175611298, 1.563058739268382, 0.9555793853271397]"
prism3,174,/home/humanoid/Programs/hand/results/phase1/run_20260413_pollard_multiscene_500_run3/prism3/generated_mjcf/scene_prism3_tn0d0084p0d0135p0d0056_ip0d0161n0d0120p0d0000_mp0d0033p0d0083p0d0094.xml,prism_y0d0350,True,0.02,4.0,0.45,0.4,1.0,1.0,6.376883547391498,0.0502306298360018,4.0,0.006176046509024306,0.34915560539472207,0.005826207107117944,0.0,1.0,1.0,1.0,1.0,1.0,1.0,0.0,0.06551098956028807,0.03198966167662689,-0.008416704660400457,0.013544724004021461,0.0055591496449118975,0.01607346868467647,-0.011987541353118166,0.0,0.003343847788665107,0.00829167228915013,0.009415614975348773,"[0.03553291744516522, 1.3232182501035146, -0.9476119844664097, -0.0816995130453048, 1.4551473947175135, 1.0574563621002186, -0.11197127175611298, 1.563058739268382, 0.9555793853271397]"
prism3,175,/home/humanoid/Programs/hand/results/phase1/run_20260413_pollard_multiscene_500_run3/prism3/generated_mjcf/scene_prism3_tn0d0010p0d0264p0d0097_ip0d0074n0d0021p0d0043_mp0d0125p0d0141p0d0000.xml,prism_y0d0350,True,0.02,4.0,0.45,0.4,1.0,1.0,6.345620413453683,0.04928193968295243,4.0,0.006189572647694386,0.3492349567872096,0.005840821096849023,0.0,1.0,1.0,1.0,1.0,1.0,1.0,0.0,0.06362294732644418,0.03163042545728698,-0.000987966722941342,0.02641863323770267,0.009749655067213505,0.007435624649495688,-0.002126774060817691,0.004329946350058643,0.012516638434641977,0.014116350948087338,0.0,"[0.03553291744516522, 1.3232182501035146, -0.9476119844664097, -0.0816995130453048, 1.4551473947175135, 1.0574563621002186, -0.11197127175611298, 1.563058739268382, 0.9555793853271397]"
prism3,176,/home/humanoid/Programs/hand/results/phase1/run_20260413_pollard_multiscene_500_run3/prism3/generated_mjcf/scene_prism3_tn0d0042p0d0147p0d0000_ip0d0078n0d0180p0d0000_mp0d0214p0d0170p0d0000.xml,prism_y0d0350,True,0.02,4.0,0.45,0.4,1.0,1.0,6.455052286707335,0.04912506205508117,4.0,0.005995780521637806,0.07100207731565458,0.001643450681019234,9.000153765671703e-05,1.0,1.0,1.0,1.0,1.0,1.0,0.0,0.027856658558167588,0.0057712629674352795,-0.004224321255218628,0.014693684350748644,0.0,0.007783851825736274,-0.018004387774481902,0.0,0.021358462961561187,0.017045554947876396,0.0,"[0.03553291744516522, 1.3232182501035146, -0.9476119844664097, -0.0816995130453048, 1.4551473947175135, 1.0574563621002186, -0.11197127175611298, 1.563058739268382, 0.9555793853271397]"
prism3,177,/home/humanoid/Programs/hand/results/phase1/run_20260413_pollard_multiscene_500_run3/prism3/generated_mjcf/scene_prism3_tp0d0082p0d0197p0d0081_ip0d0020n0d0208p0d0000_mp0d0186p0d0217p0d0000.xml,prism_y0d0350,True,0.02,4.0,0.45,0.4,1.0,1.0,6.645173461676651,0.04840819496424384,5.0,0.006019826118582732,0.5228762891520443,0.008049903063510078,0.0,1.0,1.0,1.0,1.0,1.0,1.0,0.0,0.09507740735538446,0.03053088145093069,0.008167387550689544,0.01968914444390417,0.008060320464359848,0.0019543986615473425,-0.02080566383837565,0.0,0.018645458933625167,0.021650883133752408,0.0,"[0.03553291744516522, 1.3232182501035146, -0.9476119844664097, -0.0816995130453048, 1.4551473947175135, 1.0574563621002186, -0.11197127175611298, 1.563058739268382, 0.9555793853271397]"
prism3,178,/home/humanoid/Programs/hand/results/phase1/run_20260413_pollard_multiscene_500_run3/prism3/generated_mjcf/scene_prism3_tp0d0104p0d0286p0d0000_ip0d0124n0d0007p0d0050_mp0d0027p0d0177p0d0094.xml,prism_y0d0350,True,0.02,4.0,0.45,0.4,1.0,1.0,6.706270964655969,0.05166396264621824,5.0,0.006194276991829913,0.15036520466884787,0.013353956020179239,0.0,1.0,1.0,1.0,1.0,1.0,1.0,0.0,0.13997386981171966,0.09385357468977316,0.010404850160773957,0.02864850095402521,0.0,0.012396573576992977,-0.0006640127032650541,0.004951171989004948,0.0027457737026305084,0.01766712406835367,0.00939002581709478,"[0.03553291744516522, 1.3232182501035146, -0.9476119844664097, -0.0816995130453048, 1.4551473947175135, 1.0574563621002186, -0.11197127175611298, 1.563058739268382, 0.9555793853271397]"
prism3,179,/home/humanoid/Programs/hand/results/phase1/run_20260413_pollard_multiscene_500_run3/prism3/generated_mjcf/scene_prism3_tp0d0008p0d0192p0d0059_ip0d0089n0d0091p0d0000_mp0d0163p0d0264p0d0083.xml,prism_y0d0350,True,0.02,4.0,0.45,0.4,1.0,1.0,6.784323332052946,0.05265903631415966,5.0,0.006119652764349825,0.0818516958997048,0.011068556132947473,0.0,1.0,1.0,1.0,1.0,1.0,1.0,0.0,0.1240064542659886,0.08761617593062508,0.000775856375392953,0.019217011949822636,0.005889455773125243,0.008897061470780695,-0.009104554451179199,0.0,0.01630746355080402,0.026364703453000786,0.008285323912689182,"[0.03553291744516522, 1.3232182501035146, -0.9476119844664097, -0.0816995130453048, 1.4551473947175135, 1.0574563621002186, -0.11197127175611298, 1.563058739268382, 0.9555793853271397]"
prism3,180,/home/humanoid/Programs/hand/results/phase1/run_20260413_pollard_multiscene_500_run3/prism3/generated_mjcf/scene_prism3_tp0d0076p0d0194p0d0056_ip0d0097n0d0216p0d0000_mp0d0064p0d0234p0d0000.xml,prism_y0d0350,True,0.02,4.0,0.45,0.4,1.0,1.0,6.587668817981319,0.051132093545765256,5.0,0.006147165478061639,0.21177494318899204,0.023760756419792792,0.0006888447125780739,1.0,1.0,1.0,1.0,1.0,1.0,0.0,0.15363883767071188,0.10684874189117427,0.007601073351175328,0.019366103985973,0.005648628398581976,0.009739818482690336,-0.021574981248505112,0.0,0.006356703445989577,0.02337913098547223,0.0,"[0.03553291744516522, 1.3232182501035146, -0.9476119844664097, -0.0816995130453048, 1.4551473947175135, 1.0574563621002186, -0.11197127175611298, 1.563058739268382, 0.9555793853271397]"
prism3,181,/home/humanoid/Programs/hand/results/phase1/run_20260413_pollard_multiscene_500_run3/prism3/generated_mjcf/scene_prism3_tn0d0093p0d0088p0d0007_ip0d0040n0d0090p0d0000_mp0d0086p0d0067p0d0000.xml,prism_y0d0350,True,0.02,4.0,0.45,0.4,1.0,1.0,6.489391470936464,0.04923631748732596,4.0,0.005992009066075999,0.02418659036935346,0.0005352490088612505,9.627683238359885e-05,1.0,1.0,1.0,1.0,1.0,1.0,0.0,0.012884117523755087,0.0020334017337273838,-0.00933543154492234,0.008805327185990803,0.000668602678969548,0.003961819525625501,-0.008970762740116253,0.0,0.008646250009056356,0.006693370993602678,0.0,"[0.03553291744516522, 1.3232182501035146, -0.9476119844664097, -0.0816995130453048, 1.4551473947175135, 1.0574563621002186, -0.11197127175611298, 1.563058739268382, 0.9555793853271397]"
prism3,182,/home/humanoid/Programs/hand/results/phase1/run_20260413_pollard_multiscene_500_run3/prism3/generated_mjcf/scene_prism3_tp0d0016p0d0207p0d0000_ip0d0186n0d0072p0d0000_mp0d0006p0d0075p0d0000.xml,prism_y0d0350,True,0.02,4.0,0.45,0.4,1.0,1.0,7.174630932330483,0.0522079108437396,6.0,0.006245018632975538,0.25329422925910733,0.009687903680846356,0.0,1.0,1.0,1.0,1.0,1.0,1.0,0.0,0.10847528160260371,0.071118143715811,0.0016470894595621167,0.02073131030867892,0.0,0.018640972661330295,-0.007166913517253069,0.0,0.0006460636272721757,0.00746074094995392,0.0,"[0.03553291744516522, 1.3232182501035146, -0.9476119844664097, -0.0816995130453048, 1.4551473947175135, 1.0574563621002186, -0.11197127175611298, 1.563058739268382, 0.9555793853271397]"
prism3,183,/home/humanoid/Programs/hand/results/phase1/run_20260413_pollard_multiscene_500_run3/prism3/generated_mjcf/scene_prism3_tn0d0061p0d0135p0d0031_ip0d0009n0d0192p0d0099_mp0d0008p0d0086p0d0098.xml,prism_y0d0350,True,0.02,4.0,0.45,0.4,1.0,1.0,6.772174522319006,0.05281995968754771,5.0,0.006235335904689373,0.21063247011197608,0.011291316520954707,1.3064434215309673e-05,1.0,1.0,1.0,1.0,1.0,1.0,0.0,0.12505623783615347,0.07899522849304697,-0.006124041163500725,0.01348762563825465,0.003063555658450347,0.0008658191334914387,-0.019187756292742966,0.009946785525691476,0.0008247528584014556,0.008646561502834105,0.009803886638379881,"[0.03553291744516522, 1.3232182501035146, -0.9476119844664097, -0.0816995130453048, 1.4551473947175135, 1.0574563621002186, -0.11197127175611298, 1.563058739268382, 0.9555793853271397]"
prism3,184,/home/humanoid/Programs/hand/results/phase1/run_20260413_pollard_multiscene_500_run3/prism3/generated_mjcf/scene_prism3_tp0d0067p0d0188p0d0113_ip0d0058n0d0101p0d0000_mp0d0090p0d0092p0d0053.xml,prism_y0d0350,True,0.02,4.0,0.45,0.4,1.0,1.0,6.285717350516382,0.048630773392426066,4.0,0.0061425906068114725,0.4615229800919736,0.007101821140627567,0.0,1.0,1.0,1.0,1.0,1.0,1.0,0.0,0.07432252563492414,0.035825275024840585,0.00674552063868359,0.01875844570534435,0.011269136853523525,0.00584627774575262,-0.010051085845152196,0.0,0.009021495589241701,0.009187286818277404,0.005298283897151278,"[0.03553291744516522, 1.3232182501035146, -0.9476119844664097, -0.0816995130453048, 1.4551473947175135, 1.0574563621002186, -0.11197127175611298, 1.563058739268382, 0.9555793853271397]"
prism3,185,/home/humanoid/Programs/hand/results/phase1/run_20260413_pollard_multiscene_500_run3/prism3/generated_mjcf/scene_prism3_tn0d0076p0d0293p0d0095_ip0d0164n0d0030p0d0000_mn0d0008p0d0251p0d0018.xml,prism_y0d0350,True,0.02,4.0,0.45,0.4,1.0,1.0,7.138998156690822,0.051214964699653434,6.0,0.006431085319272741,0.2600683962003126,0.011237166647052446,0.0,1.0,1.0,1.0,1.0,1.0,1.0,0.0,0.10096339718168974,0.06653356132890226,-0.007579144053407563,0.02926402140053649,0.009526551407758252,0.016445449506548186,-0.0030376445306050295,0.0,-0.000757042771043057,0.025099540621265633,0.0018448931286065753,"[0.03553291744516522, 1.3232182501035146, -0.9476119844664097, -0.0816995130453048, 1.4551473947175135, 1.0574563621002186, -0.11197127175611298, 1.563058739268382, 0.9555793853271397]"
prism3,186,/home/humanoid/Programs/hand/results/phase1/run_20260413_pollard_multiscene_500_run3/prism3/generated_mjcf/scene_prism3_tn0d0109p0d0266p0d0000_ip0d0208n0d0007p0d0025_mp0d0198p0d0119p0d0000.xml,prism_y0d0350,True,0.02,4.0,0.45,0.4,1.0,1.0,6.9117517492984595,0.05036572734517339,5.0,0.006145018808871927,0.03418216422617664,0.0005776094769940241,0.0,1.0,1.0,1.0,1.0,1.0,1.0,0.0,0.02620824181413713,0.00791489370967611,-0.01094530967303526,0.026622520374406416,0.0,0.02084817749367661,-0.0006692405604083445,0.0024633831944326275,0.019788114268166283,0.011869035729068184,0.0,"[0.03553291744516522, 1.3232182501035146, -0.9476119844664097, -0.0816995130453048, 1.4551473947175135, 1.0574563621002186, -0.11197127175611298, 1.563058739268382, 0.9555793853271397]"
prism3,187,/home/humanoid/Programs/hand/results/phase1/run_20260413_pollard_multiscene_500_run3/prism3/generated_mjcf/scene_prism3_tp0d0055p0d0214p0d0000_ip0d0064n0d0241p0d0000_mp0d0092p0d0120p0d0006.xml,prism_y0d0350,False,0.02,4.0,0.45,0.4,0.0,1.0,1.3747815359866982,0.04915123130603078,4.0,0.009042999515177149,8.533714481762551,0.016193361877508326,0.0031933729699033103,1.0,1.0,1.0,0.0,0.0,0.0,1.0,0.052082232395048056,0.11961101826140874,0.005524128560409666,0.021412513004040876,0.0,0.006369495553362655,-0.02409273098003277,0.0,0.0092245498650162,0.011986839827390296,0.0005794426517732355,"[0.03553291744516522, 1.3232182501035146, -0.9476119844664097, -0.0816995130453048, 1.4551473947175135, 1.0574563621002186, -0.11197127175611298, 1.563058739268382, 0.9555793853271397]"
prism3,188,/home/humanoid/Programs/hand/results/phase1/run_20260413_pollard_multiscene_500_run3/prism3/generated_mjcf/scene_prism3_tn0d0113p0d0300p0d0000_ip0d0000n0d0098p0d0041_mp0d0057p0d0253p0d0000.xml,prism_y0d0350,True,0.02,4.0,0.45,0.4,1.0,1.0,7.283773258672213,0.05072659713709503,6.0,0.0071618336629640025,0.15802637560868454,0.0015682156191865878,2.05426866083519e-05,1.0,1.0,1.0,1.0,1.0,1.0,0.0,0.023972716013596563,0.04000299098173149,-0.011292589471460104,0.03,0.0,1.896314324718526e-05,-0.009754604433349351,0.004105129779418168,0.0057010780266160835,0.025270931042320165,0.0,"[0.03553291744516522, 1.3232182501035146, -0.9476119844664097, -0.0816995130453048, 1.4551473947175135, 1.0574563621002186, -0.11197127175611298, 1.563058739268382, 0.9555793853271397]"
prism3,189,/home/humanoid/Programs/hand/results/phase1/run_20260413_pollard_multiscene_500_run3/prism3/generated_mjcf/scene_prism3_tn0d0079p0d0282p0d0000_ip0d0114n0d0059p0d0000_mp0d0194p0d0087p0d0000.xml,prism_y0d0350,True,0.02,4.0,0.45,0.4,1.0,1.0,6.846266312689008,0.05110021872838766,5.0,0.006235887795044126,0.1986951716032567,0.0038900796081090244,0.0,1.0,1.0,1.0,1.0,1.0,1.0,0.0,0.06262255459855218,0.02800451845355238,-0.007871923122523284,0.02824721477700434,0.0,0.011434791023358513,-0.005873051273154057,0.0,0.019370976136729598,0.00867365001472788,0.0,"[0.03553291744516522, 1.3232182501035146, -0.9476119844664097, -0.0816995130453048, 1.4551473947175135, 1.0574563621002186, -0.11197127175611298, 1.563058739268382, 0.9555793853271397]"
prism3,190,/home/humanoid/Programs/hand/results/phase1/run_20260413_pollard_multiscene_500_run3/prism3/generated_mjcf/scene_prism3_tn0d0079p0d0137p0d0027_ip0d0124n0d0151p0d0000_mp0d0088p0d0098p0d0119.xml,prism_y0d0350,True,0.02,4.0,0.45,0.4,1.0,1.0,6.3975809903641885,0.050097386029168724,4.0,0.0061173054929618345,0.28401232635349416,0.004870741614134961,0.0,1.0,1.0,1.0,1.0,1.0,1.0,0.0,0.059823834060157934,0.02388555394560421,-0.007922255873662335,0.01371029600381386,0.002721329818083271,0.012447962530512873,-0.01514861068170811,0.0,0.008759742605920662,0.009773312969026872,0.011886714086111382,"[0.03553291744516522, 1.3232182501035146, -0.9476119844664097, -0.0816995130453048, 1.4551473947175135, 1.0574563621002186, -0.11197127175611298, 1.563058739268382, 0.9555793853271397]"
prism3,191,/home/humanoid/Programs/hand/results/phase1/run_20260413_pollard_multiscene_500_run3/prism3/generated_mjcf/scene_prism3_tp0d0019p0d0293p0d0046_ip0d0002n0d0125p0d0108_mp0d0108p0d0067p0d0063.xml,prism_y0d0350,False,0.02,4.0,0.45,0.4,0.0,1.0,2.8178858574530157,0.04977314537383603,4.0,0.00929854398277633,0.20842459589742218,0.00192153324880358,0.0006626625236684919,1.0,1.0,1.0,0.0,0.0,0.0,1.0,0.03165930365288335,0.04634599970270561,0.0018830516039466342,0.029256296294360287,0.004590055672901827,0.00019418877198786565,-0.012523302376143691,0.010792955576711082,0.010752739267010073,0.006693250662758721,0.006299504218256629,"[0.03553291744516522, 1.3232182501035146, -0.9476119844664097, -0.0816995130453048, 1.4551473947175135, 1.0574563621002186, -0.11197127175611298, 1.563058739268382, 0.9555793853271397]"
prism3,192,/home/humanoid/Programs/hand/results/phase1/run_20260413_pollard_multiscene_500_run3/prism3/generated_mjcf/scene_prism3_tp0d0067p0d0256p0d0039_ip0d0184n0d0140p0d0000_mp0d0195p0d0054p0d0113.xml,prism_y0d0350,False,0.02,4.0,0.45,0.4,0.0,1.0,3.772652287117535,0.05237064138528244,5.0,0.006995564997365765,0.08172604508708979,0.002321351506942256,0.00020844711823518602,1.0,1.0,1.0,0.13055555555555556,0.13055555555555556,0.13055555555555556,0.8694444444444445,0.05826144236164101,0.05875841557487962,0.006672177446761959,0.025628884167786206,0.0038572142634211992,0.01842128999050232,-0.01397234999711339,0.0,0.019494678344776084,0.00535814621895145,0.011258684809489543,"[0.03553291744516522, 1.3232182501035146, -0.9476119844664097, -0.0816995130453048, 1.4551473947175135, 1.0574563621002186, -0.11197127175611298, 1.563058739268382, 0.9555793853271397]"
prism3,193,/home/humanoid/Programs/hand/results/phase1/run_20260413_pollard_multiscene_500_run3/prism3/generated_mjcf/scene_prism3_tn0d0077p0d0160p0d0072_ip0d0010n0d0154p0d0036_mp0d0059p0d0236p0d0000.xml,prism_y0d0350,True,0.02,4.0,0.45,0.4,1.0,1.0,6.839468003796189,0.04831697626445162,5.0,0.0060548264411415045,0.09240787933875748,0.0007477212220150161,7.067860687030858e-05,1.0,1.0,1.0,1.0,1.0,1.0,0.0,0.018591994788684413,0.0034577305466048833,-0.00771825165600488,0.016023573175587044,0.007244651236789669,0.0009979894119062204,-0.015350633875943372,0.0035716783631282913,0.005934109057548915,0.023579488684636142,0.0,"[0.03553291744516522, 1.3232182501035146, -0.9476119844664097, -0.0816995130453048, 1.4551473947175135, 1.0574563621002186, -0.11197127175611298, 1.563058739268382, 0.9555793853271397]"
prism3,194,/home/humanoid/Programs/hand/results/phase1/run_20260413_pollard_multiscene_500_run3/prism3/generated_mjcf/scene_prism3_tp0d0022p0d0165p0d0000_ip0d0047n0d0047p0d0000_mp0d0063p0d0246p0d0100.xml,prism_y0d0350,True,0.02,4.0,0.45,0.4,1.0,1.0,5.507245852331103,0.051730842537033306,5.0,0.006098815238126769,1.3137429355722166,0.013321298388096555,0.00042292919368774884,1.0,1.0,0.7138888888888889,1.0,0.7138888888888889,0.7138888888888889,0.2861111111111111,0.11490127225284473,0.12834070549459947,0.002155875607059588,0.016463019431581197,0.0,0.004682261512893564,-0.004712124701702984,0.0,0.0062873914158132205,0.024625541596942857,0.00997814352824699,"[0.03553291744516522, 1.3232182501035146, -0.9476119844664097, -0.0816995130453048, 1.4551473947175135, 1.0574563621002186, -0.11197127175611298, 1.563058739268382, 0.9555793853271397]"
prism3,195,/home/humanoid/Programs/hand/results/phase1/run_20260413_pollard_multiscene_500_run3/prism3/generated_mjcf/scene_prism3_tp0d0018p0d0106p0d0000_ip0d0170n0d0152p0d0103_mp0d0071p0d0270p0d0037.xml,prism_y0d0350,True,0.02,4.0,0.45,0.4,1.0,1.0,5.127014350764593,0.04926801947581372,5.0,0.006298110776492581,0.47459991473972046,0.016267174662453112,0.0,1.0,1.0,0.6083333333333333,1.0,0.6083333333333333,0.6083333333333333,0.3916666666666667,0.16489624299036076,0.08216166231972881,0.0017769351336203425,0.010649600421908078,0.0,0.01699612895829177,-0.015198481678962258,0.010277068222255922,0.007100374659333967,0.026988793720779093,0.0037334332006010336,"[0.03553291744516522, 1.3232182501035146, -0.9476119844664097, -0.0816995130453048, 1.4551473947175135, 1.0574563621002186, -0.11197127175611298, 1.563058739268382, 0.9555793853271397]"
prism3,196,/home/humanoid/Programs/hand/results/phase1/run_20260413_pollard_multiscene_500_run3/prism3/generated_mjcf/scene_prism3_tn0d0053p0d0211p0d0072_ip0d0040n0d0172p0d0000_mp0d0067p0d0258p0d0035.xml,prism_y0d0350,True,0.02,4.0,0.45,0.4,1.0,1.0,5.9417860458446965,0.04928718388189253,4.0,0.006102560202808259,2.1557637441259248,0.012151977932135032,0.0,1.0,1.0,1.0,1.0,1.0,1.0,0.0,0.14431731670001394,0.060933047408425145,-0.0053098841582090335,0.021132674117052504,0.007208012367465232,0.003956516461473281,-0.017214401410508604,0.0,0.006708835529898857,0.025847389121555535,0.0035319824742441833,"[0.03553291744516522, 1.3232182501035146, -0.9476119844664097, -0.0816995130453048, 1.4551473947175135, 1.0574563621002186, -0.11197127175611298, 1.563058739268382, 0.9555793853271397]"
prism3,197,/home/humanoid/Programs/hand/results/phase1/run_20260413_pollard_multiscene_500_run3/prism3/generated_mjcf/scene_prism3_tp0d0022p0d0300p0d0000_ip0d0145n0d0203p0d0080_mp0d0059p0d0148p0d0000.xml,prism_y0d0350,True,0.02,4.0,0.45,0.4,1.0,1.0,6.853840022901219,0.05008142251006549,5.0,0.007928468944870424,0.2894730255641195,0.0007301354749118151,0.0004554081199264898,1.0,1.0,1.0,1.0,1.0,1.0,0.0,0.013919235402878658,0.0319338550704942,0.0021564249091571043,0.03,0.0,0.014468781203926235,-0.020254798853280895,0.008013052781932012,0.0058755062034899115,0.014774526273414537,0.0,"[0.03553291744516522, 1.3232182501035146, -0.9476119844664097, -0.0816995130453048, 1.4551473947175135, 1.0574563621002186, -0.11197127175611298, 1.563058739268382, 0.9555793853271397]"
prism3,198,/home/humanoid/Programs/hand/results/phase1/run_20260413_pollard_multiscene_500_run3/prism3/generated_mjcf/scene_prism3_tn0d0085p0d0275p0d0042_in0d0019n0d0060p0d0030_mp0d0208p0d0256p0d0000.xml,prism_y0d0350,True,0.02,4.0,0.45,0.4,1.0,1.0,6.501361013373912,0.04991096549088458,4.0,0.006045051246678478,0.05404352851387309,0.0007971247898014489,3.573594996618412e-05,1.0,1.0,1.0,1.0,1.0,1.0,0.0,0.018204963084575275,0.003819207627262918,-0.008474962952994883,0.027544844041051023,0.0042187069829906915,-0.001881759480586151,-0.006017930301457348,0.0030434827684328956,0.020751674831435835,0.025630698873934675,0.0,"[0.03553291744516522, 1.3232182501035146, -0.9476119844664097, -0.0816995130453048, 1.4551473947175135, 1.0574563621002186, -0.11197127175611298, 1.563058739268382, 0.9555793853271397]"
prism3,199,/home/humanoid/Programs/hand/results/phase1/run_20260413_pollard_multiscene_500_run3/prism3/generated_mjcf/scene_prism3_tn0d0093p0d0181p0d0000_ip0d0100n0d0183p0d0000_mn0d0005p0d0214p0d0000.xml,prism_y0d0350,True,0.02,4.0,0.45,0.4,1.0,1.0,7.201583326700567,0.053657509736695294,6.0,0.00620578961635862,0.11493837828037289,0.012216424701656138,0.0,1.0,1.0,1.0,1.0,1.0,1.0,0.0,0.13094506826652416,0.08506712326506553,-0.009332624553411184,0.01806849608943887,0.0,0.010000531041565066,-0.018317445898405317,0.0,-0.00046335726395006424,0.021357809487047297,0.0,"[0.03553291744516522, 1.3232182501035146, -0.9476119844664097, -0.0816995130453048, 1.4551473947175135, 1.0574563621002186, -0.11197127175611298, 1.563058739268382, 0.9555793853271397]"
prism3,200,/home/humanoid/Programs/hand/results/phase1/run_20260413_pollard_multiscene_500_run3/prism3/generated_mjcf/scene_prism3_tp0d0043p0d0146p0d0082_ip0d0037n0d0214p0d0067_mp0d0035p0d0075p0d0017.xml,prism_y0d0350,True,0.02,4.0,0.45,0.4,1.0,1.0,7.164285822468454,0.051823526679438084,6.0,0.00648076061464722,0.10415124305806217,0.013971667690286564,0.0005329036389002118,1.0,1.0,1.0,1.0,1.0,1.0,0.0,0.09056116245340473,0.08033478272389917,0.00433975812341485,0.014641479233585792,0.00819268659890612,0.0037178996504195006,-0.021405517517139025,0.006744157953358632,0.003474166052851514,0.0074895616345749694,0.0017029246504212722,"[0.03553291744516522, 1.3232182501035146, -0.9476119844664097, -0.0816995130453048, 1.4551473947175135, 1.0574563621002186, -0.11197127175611298, 1.563058739268382, 0.9555793853271397]"
prism3,201,/home/humanoid/Programs/hand/results/phase1/run_20260413_pollard_multiscene_500_run3/prism3/generated_mjcf/scene_prism3_tn0d0105p0d0214p0d0000_ip0d0083n0d0143p0d0000_mn0d0000p0d0174p0d0000.xml,prism_y0d0350,True,0.02,4.0,0.45,0.4,1.0,1.0,7.307527720728774,0.05388990535806575,6.0,0.006363581490071096,0.056388953106761786,0.006166370344984587,0.0,1.0,1.0,1.0,1.0,1.0,1.0,0.0,0.08314787766842908,0.0745747222380699,-0.010500790107284589,0.02140432770793027,0.0,0.008281450060615545,-0.014333063935340966,0.0,-3.0320783561186768e-05,0.017389064274110563,0.0,"[0.03553291744516522, 1.3232182501035146, -0.9476119844664097, -0.0816995130453048, 1.4551473947175135, 1.0574563621002186, -0.11197127175611298, 1.563058739268382, 0.9555793853271397]"
prism3,202,/home/humanoid/Programs/hand/results/phase1/run_20260413_pollard_multiscene_500_run3/prism3/generated_mjcf/scene_prism3_tp0d0056p0d0168p0d0000_ip0d0208n0d0238p0d0030_mn0d0016p0d0125p0d0000.xml,prism_y0d0350,True,0.02,4.0,0.45,0.4,1.0,1.0,7.172263720476522,0.04948485179120248,6.0,0.007432044447941862,0.3004126906451629,0.003999426510860555,0.0014001773502457654,1.0,1.0,1.0,1.0,1.0,1.0,0.0,0.026572361069716933,0.06481810277015604,0.005561306286262741,0.01684537198761257,0.0,0.02082503109106207,-0.0237630864305896,0.0030471449279324964,-0.0015712075422167678,0.012468062242123311,0.0,"[0.03553291744516522, 1.3232182501035146, -0.9476119844664097, -0.0816995130453048, 1.4551473947175135, 1.0574563621002186, -0.11197127175611298, 1.563058739268382, 0.9555793853271397]"
prism3,203,/home/humanoid/Programs/hand/results/phase1/run_20260413_pollard_multiscene_500_run3/prism3/generated_mjcf/scene_prism3_tn0d0101p0d0268p0d0017_in0d0001n0d0008p0d0000_mp0d0098p0d0040p0d0000.xml,prism_y0d0350,True,0.02,4.0,0.45,0.4,1.0,1.0,6.882821237469108,0.04997543507769824,5.0,0.006050854467696488,0.054345594409466895,0.0019355780054877785,0.0,1.0,1.0,1.0,1.0,1.0,1.0,0.0,0.028925351129856128,0.011053245981467638,-0.010071792123051598,0.026796554965191104,0.0017246215799356143,-0.00014392769721268718,-0.0008479304860448244,0.0,0.009809882367594778,0.004032230339763861,0.0,"[0.03553291744516522, 1.3232182501035146, -0.9476119844664097, -0.0816995130453048, 1.4551473947175135, 1.0574563621002186, -0.11197127175611298, 1.563058739268382, 0.9555793853271397]"
prism3,204,/home/humanoid/Programs/hand/results/phase1/run_20260413_pollard_multiscene_500_run3/prism3/generated_mjcf/scene_prism3_tn0d0002p0d0286p0d0043_ip0d0065n0d0199p0d0000_mp0d0059p0d0048p0d0000.xml,prism_y0d0350,False,0.02,4.0,0.45,0.4,0.0,1.0,2.808972701932438,0.04940313931274999,4.0,0.009738864337416067,0.21060245844118217,0.002718916005614613,0.0011733338489541,1.0,1.0,1.0,0.0,0.0,0.0,1.0,0.01892515807750932,0.039500832548312693,-0.0002021810662841579,0.028551378760065353,0.004261095795399832,0.006454661361814582,-0.019876773530676677,0.0,0.005884300171022228,0.00480782853712527,0.0,"[0.03553291744516522, 1.3232182501035146, -0.9476119844664097, -0.0816995130453048, 1.4551473947175135, 1.0574563621002186, -0.11197127175611298, 1.563058739268382, 0.9555793853271397]"
prism3,205,/home/humanoid/Programs/hand/results/phase1/run_20260413_pollard_multiscene_500_run3/prism3/generated_mjcf/scene_prism3_tp0d0036p0d0128p0d0000_in0d0018n0d0024p0d0082_mp0d0003p0d0197p0d0000.xml,prism_y0d0350,True,0.02,4.0,0.45,0.4,1.0,1.0,4.609107864902611,0.0510220066844756,5.0,0.006194177203125501,1.0379051015220493,0.021624318370688657,0.0011809870192138472,1.0,1.0,0.48055555555555557,1.0,0.48055555555555557,0.48055555555555557,0.5194444444444444,0.1318210920499158,0.12569880582972628,0.0036179364962463777,0.012837212448013606,0.0,-0.0018298901071419332,-0.002395784622160021,0.008180570878864576,0.0002708761776541446,0.01972964691536254,0.0,"[0.03553291744516522, 1.3232182501035146, -0.9476119844664097, -0.0816995130453048, 1.4551473947175135, 1.0574563621002186, -0.11197127175611298, 1.563058739268382, 0.9555793853271397]"
prism3,206,/home/humanoid/Programs/hand/results/phase1/run_20260413_pollard_multiscene_500_run3/prism3/generated_mjcf/scene_prism3_tp0d0077p0d0123p0d0000_ip0d0209n0d0193p0d0000_mp0d0020p0d0111p0d0000.xml,prism_y0d0350,True,0.02,4.0,0.45,0.4,1.0,1.0,7.1751460487523095,0.05304648424139606,6.0,0.006252016993153296,0.20363193089722237,0.01369928800471736,7.935401452462132e-05,1.0,1.0,1.0,1.0,1.0,1.0,0.0,0.1124425881325174,0.08568302348109298,0.007725404707774584,0.012289821737621096,0.0,0.02089606498753578,-0.019301676188381724,0.0,0.00201339210259017,0.011099656579559913,0.0,"[0.03553291744516522, 1.3232182501035146, -0.9476119844664097, -0.0816995130453048, 1.4551473947175135, 1.0574563621002186, -0.11197127175611298, 1.563058739268382, 0.9555793853271397]"
prism3,207,/home/humanoid/Programs/hand/results/phase1/run_20260413_pollard_multiscene_500_run3/prism3/generated_mjcf/scene_prism3_tp0d0026p0d0207p0d0110_ip0d0174n0d0065p0d0000_mp0d0053p0d0143p0d0000.xml,prism_y0d0350,True,0.02,4.0,0.45,0.4,1.0,1.0,6.58731650617817,0.04873931299335295,5.0,0.006199190701074673,0.5780875982994415,0.012532408171679343,0.0,1.0,1.0,1.0,1.0,1.0,1.0,0.0,0.11036445360732279,0.06777804960943869,0.00258495564686813,0.02069911329584996,0.010962643851090574,0.01738795186372892,-0.006457234525400016,0.0,0.005268949493629474,0.014280105921970699,0.0,"[0.03553291744516522, 1.3232182501035146, -0.9476119844664097, -0.0816995130453048, 1.4551473947175135, 1.0574563621002186, -0.11197127175611298, 1.563058739268382, 0.9555793853271397]"
prism3,208,/home/humanoid/Programs/hand/results/phase1/run_20260413_pollard_multiscene_500_run3/prism3/generated_mjcf/scene_prism3_tn0d0075p0d0127p0d0000_ip0d0061n0d0017p0d0025_mp0d0189p0d0057p0d0000.xml,prism_y0d0350,True,0.02,4.0,0.45,0.4,1.0,1.0,6.503692911142808,0.04948394979237054,4.0,0.0059910800600345435,0.01448004921734437,0.000354804660238325,8.339583655848914e-05,1.0,1.0,1.0,1.0,1.0,1.0,0.0,0.009692251372574798,0.002538669429567412,-0.007541185456607181,0.012720330103871616,0.0,0.006068945183136646,-0.0017135969398752223,0.002520631410691936,0.018875773155536048,0.005666852414929724,0.0,"[0.03553291744516522, 1.3232182501035146, -0.9476119844664097, -0.0816995130453048, 1.4551473947175135, 1.0574563621002186, -0.11197127175611298, 1.563058739268382, 0.9555793853271397]"
prism3,209,/home/humanoid/Programs/hand/results/phase1/run_20260413_pollard_multiscene_500_run3/prism3/generated_mjcf/scene_prism3_tp0d0080p0d0185p0d0012_ip0d0045n0d0139p0d0000_mp0d0218p0d0165p0d0000.xml,prism_y0d0350,True,0.02,4.0,0.45,0.4,1.0,1.0,6.454982107273273,0.0491994187520193,4.0,0.0059796113823727135,0.06193630784502735,0.0017443809339337385,4.073402720770891e-05,1.0,1.0,1.0,1.0,1.0,1.0,0.0,0.03131098833313568,0.006963595685343993,0.008009543041537861,0.01849580852523615,0.0012160635687190995,0.004545161135832775,-0.013902840430843947,0.0,0.021799144081568696,0.01649161773793147,0.0,"[0.03553291744516522, 1.3232182501035146, -0.9476119844664097, -0.0816995130453048, 1.4551473947175135, 1.0574563621002186, -0.11197127175611298, 1.563058739268382, 0.9555793853271397]"
prism3,210,/home/humanoid/Programs/hand/results/phase1/run_20260413_pollard_multiscene_500_run3/prism3/generated_mjcf/scene_prism3_tp0d0084p0d0183p0d0032_ip0d0018n0d0148p0d0000_mp0d0099p0d0230p0d0000.xml,prism_y0d0350,True,0.02,4.0,0.45,0.4,1.0,1.0,6.427328986047503,0.049427161647233334,4.0,0.0059726912372864,0.14017258255845247,0.0022503143449597116,7.65010902863128e-06,1.0,1.0,1.0,1.0,1.0,1.0,0.0,0.05056463388849323,0.010984160961454067,0.008437855756050418,0.018321910618821588,0.0032447348294870563,0.001774035165684324,-0.014805875470069332,0.0,0.009934062318164237,0.02297414626775439,0.0,"[0.03553291744516522, 1.3232182501035146, -0.9476119844664097, -0.0816995130453048, 1.4551473947175135, 1.0574563621002186, -0.11197127175611298, 1.563058739268382, 0.9555793853271397]"
prism3,211,/home/humanoid/Programs/hand/results/phase1/run_20260413_pollard_multiscene_500_run3/prism3/generated_mjcf/scene_prism3_tn0d0047p0d0144p0d0000_ip0d0093n0d0180p0d0000_mp0d0028p0d0172p0d0000.xml,prism_y0d0350,True,0.02,4.0,0.45,0.4,1.0,1.0,5.729411658323232,0.05008728242144831,4.0,0.006084186742378967,3.653981671016018,0.01400435126292116,0.0,1.0,1.0,1.0,1.0,1.0,1.0,0.0,0.14461622377144123,0.06947054188266084,-0.004740005191379473,0.014426123005675029,0.0,0.009336022162219368,-0.01795692563587443,0.0,0.0027816673199039963,0.017175738094334703,0.0,"[0.03553291744516522, 1.3232182501035146, -0.9476119844664097, -0.0816995130453048, 1.4551473947175135, 1.0574563621002186, -0.11197127175611298, 1.563058739268382, 0.9555793853271397]"
prism3,212,/home/humanoid/Programs/hand/results/phase1/run_20260413_pollard_multiscene_500_run3/prism3/generated_mjcf/scene_prism3_tn0d0040p0d0142p0d0000_ip0d0023n0d0182p0d0081_mp0d0033p0d0232p0d0058.xml,prism_y0d0350,True,0.02,4.0,0.45,0.4,1.0,1.0,6.449911325925138,0.0489077268873892,4.0,0.005965870661937038,0.18014139930702114,0.0007884809447814838,0.00012037572733025748,1.0,1.0,1.0,1.0,1.0,1.0,0.0,0.015100122597612842,0.003261293838583664,-0.00403609409022875,0.014205866070954665,0.0,0.0023294378827807428,-0.018192462569061693,0.008144399751782865,0.0033094172629732008,0.023181547653119555,0.005839190597031859,"[0.03553291744516522, 1.3232182501035146, -0.9476119844664097, -0.0816995130453048, 1.4551473947175135, 1.0574563621002186, -0.11197127175611298, 1.563058739268382, 0.9555793853271397]"
prism3,213,/home/humanoid/Programs/hand/results/phase1/run_20260413_pollard_multiscene_500_run3/prism3/generated_mjcf/scene_prism3_tp0d0114p0d0261p0d0000_ip0d0206n0d0041p0d0000_mp0d0084p0d0040p0d0000.xml,prism_y0d0350,True,0.02,4.0,0.45,0.4,1.0,1.0,6.921856863692818,0.052961227511197174,6.0,0.006213059625235321,0.820966420963167,0.008657448184901592,0.0,1.0,1.0,1.0,0.9472222222222222,0.9472222222222222,0.9472222222222222,0.05277777777777781,0.11888904445644166,0.07076256647657507,0.011383068446832144,0.026086163461476453,0.0,0.020561026075589607,-0.004089729095602563,0.0,0.008406134637600387,0.004042902804046244,0.0,"[0.03553291744516522, 1.3232182501035146, -0.9476119844664097, -0.0816995130453048, 1.4551473947175135, 1.0574563621002186, -0.11197127175611298, 1.563058739268382, 0.9555793853271397]"
prism3,214,/home/humanoid/Programs/hand/results/phase1/run_20260413_pollard_multiscene_500_run3/prism3/generated_mjcf/scene_prism3_tp0d0052p0d0107p0d0118_in0d0015n0d0005p0d0000_mp0d0091p0d0164p0d0000.xml,prism_y0d0350,True,0.02,4.0,0.45,0.4,1.0,1.0,4.851276828226161,0.048612863725117555,5.0,0.006282852157334339,0.46420629530889224,0.01914378103204679,0.0027116232399476276,1.0,1.0,0.5472222222222223,1.0,0.5472222222222223,0.5472222222222223,0.4527777777777777,0.145011681307623,0.09112581432535138,0.005157266769256267,0.010652643185760103,0.01180187743075043,-0.0014796206306259777,-0.0005166369421601685,0.0,0.009060765136741021,0.016391314855483393,0.0,"[0.03553291744516522, 1.3232182501035146, -0.9476119844664097, -0.0816995130453048, 1.4551473947175135, 1.0574563621002186, -0.11197127175611298, 1.563058739268382, 0.9555793853271397]"
prism3,215,/home/humanoid/Programs/hand/results/phase1/run_20260413_pollard_multiscene_500_run3/prism3/generated_mjcf/scene_prism3_tn0d0067p0d0092p0d0078_ip0d0213n0d0213p0d0086_mp0d0153p0d0213p0d0000.xml,prism_y0d0350,True,0.02,4.0,0.45,0.4,1.0,1.0,6.820971691208279,0.04862169572745691,5.0,0.006145557668427164,0.1816860892273793,0.00202099454557963,0.0003280497896498147,1.0,1.0,1.0,1.0,1.0,1.0,0.0,0.023325226591156933,0.0037116783826366038,-0.006708058313022306,0.009213660685445347,0.007762392106353707,0.0213354249050623,-0.021286620578137176,0.008635940125201812,0.015292946730816092,0.021305408188239255,0.0,"[0.03553291744516522, 1.3232182501035146, -0.9476119844664097, -0.0816995130453048, 1.4551473947175135, 1.0574563621002186, -0.11197127175611298, 1.563058739268382, 0.9555793853271397]"
prism3,216,/home/humanoid/Programs/hand/results/phase1/run_20260413_pollard_multiscene_500_run3/prism3/generated_mjcf/scene_prism3_tn0d0106p0d0246p0d0111_ip0d0138n0d0187p0d0009_mp0d0009p0d0205p0d0041.xml,prism_y0d0350,True,0.02,4.0,0.45,0.4,1.0,1.0,7.282890219109203,0.05110245954953016,6.0,0.007201587291850546,0.07520089790733209,0.004083489035078563,0.00027747031574851255,1.0,1.0,1.0,1.0,1.0,1.0,0.0,0.030845406595623903,0.04267314251894836,-0.010618202159571382,0.024570154966587918,0.011091034286356438,0.013810197920546557,-0.018682744474052514,0.0008816463383836057,0.000920203433224737,0.020529085107590155,0.004148740653331526,"[0.03553291744516522, 1.3232182501035146, -0.9476119844664097, -0.0816995130453048, 1.4551473947175135, 1.0574563621002186, -0.11197127175611298, 1.563058739268382, 0.9555793853271397]"
prism3,217,/home/humanoid/Programs/hand/results/phase1/run_20260413_pollard_multiscene_500_run3/prism3/generated_mjcf/scene_prism3_tn0d0013p0d0082p0d0000_ip0d0144n0d0077p0d0018_mp0d0035p0d0192p0d0000.xml,prism_y0d0350,True,0.02,4.0,0.45,0.4,1.0,1.0,5.107508168313669,0.05088822112569812,5.0,0.006313036525615725,0.36680609230659716,0.01664874910089471,0.0,1.0,1.0,0.5805555555555556,1.0,0.5805555555555556,0.5805555555555556,0.4194444444444444,0.14570419823051137,0.10067178270532996,-0.0012769440151296722,0.008207947848866467,0.0,0.014367464472860894,-0.007682079760128633,0.0018050238451683114,0.0034645893469029436,0.019215158092247116,0.0,"[0.03553291744516522, 1.3232182501035146, -0.9476119844664097, -0.0816995130453048, 1.4551473947175135, 1.0574563621002186, -0.11197127175611298, 1.563058739268382, 0.9555793853271397]"
prism3,218,/home/humanoid/Programs/hand/results/phase1/run_20260413_pollard_multiscene_500_run3/prism3/generated_mjcf/scene_prism3_tp0d0031p0d0217p0d0000_ip0d0033n0d0069p0d0000_mp0d0018p0d0185p0d0039.xml,prism_y0d0350,True,0.02,4.0,0.45,0.4,1.0,1.0,6.419790581230292,0.0500423331602256,4.0,0.006038558665419395,0.21785538045570496,0.00297044810087657,0.0,1.0,1.0,1.0,1.0,1.0,1.0,0.0,0.0588043110297472,0.020617310686805,0.0030643337970542965,0.021735629790901958,0.0,0.003259984998778856,-0.006910015120126513,0.0,0.0017765117936147622,0.018486338857577528,0.003854988740890814,"[0.03553291744516522, 1.3232182501035146, -0.9476119844664097, -0.0816995130453048, 1.4551473947175135, 1.0574563621002186, -0.11197127175611298, 1.563058739268382, 0.9555793853271397]"
prism3,219,/home/humanoid/Programs/hand/results/phase1/run_20260413_pollard_multiscene_500_run3/prism3/generated_mjcf/scene_prism3_tn0d0096p0d0143p0d0000_ip0d0199n0d0241p0d0000_mp0d0018p0d0145p0d0098.xml,prism_y0d0350,True,0.02,4.0,0.45,0.4,1.0,1.0,7.306498452683604,0.05200289031092749,6.0,0.0066210211880243465,0.08147493929722506,0.0024748904221629543,0.0,1.0,1.0,1.0,1.0,1.0,1.0,0.0,0.04784209348364927,0.0508959778231981,-0.009552741642320943,0.014294919368854606,0.0,0.019931955097158255,-0.024098723637486875,0.0,0.001763704178351715,0.014507877048380777,0.009764096577343173,"[0.03553291744516522, 1.3232182501035146, -0.9476119844664097, -0.0816995130453048, 1.4551473947175135, 1.0574563621002186, -0.11197127175611298, 1.563058739268382, 0.9555793853271397]"
prism3,220,/home/humanoid/Programs/hand/results/phase1/run_20260413_pollard_multiscene_500_run3/prism3/generated_mjcf/scene_prism3_tp0d0050p0d0166p0d0000_ip0d0149n0d0113p0d0053_mn0d0009p0d0075p0d0000.xml,prism_y0d0350,True,0.02,4.0,0.45,0.4,1.0,1.0,7.213942447298233,0.05337654349804373,6.0,0.006272960421262921,0.1552822464331588,0.01014864984487122,0.0,1.0,1.0,1.0,1.0,1.0,1.0,0.0,0.11702369546748666,0.08096544557816797,0.0049770330315987155,0.016644170110704855,0.0,0.014920291210715418,-0.011294019048296643,0.0052869592715543215,-0.0009234731340144204,0.007455374979847362,0.0,"[0.03553291744516522, 1.3232182501035146, -0.9476119844664097, -0.0816995130453048, 1.4551473947175135, 1.0574563621002186, -0.11197127175611298, 1.563058739268382, 0.9555793853271397]"
prism3,221,/home/humanoid/Programs/hand/results/phase1/run_20260413_pollard_multiscene_500_run3/prism3/generated_mjcf/scene_prism3_tn0d0008p0d0217p0d0015_ip0d0110n0d0107p0d0000_mp0d0047p0d0157p0d0000.xml,prism_y0d0350,True,0.02,4.0,0.45,0.4,1.0,1.0,7.174753232106569,0.05312801128141981,6.0,0.006193452945713623,0.16512548760416745,0.01318612230134985,0.0,1.0,1.0,1.0,1.0,1.0,1.0,0.0,0.12867643479862106,0.07955653020870702,-0.0008031192769778952,0.02166670448785033,0.001490255873888683,0.011029975886306324,-0.010713207814525373,0.0,0.004691508371224975,0.015735108981150926,0.0,"[0.03553291744516522, 1.3232182501035146, -0.9476119844664097, -0.0816995130453048, 1.4551473947175135, 1.0574563621002186, -0.11197127175611298, 1.563058739268382, 0.9555793853271397]"
prism3,222,/home/humanoid/Programs/hand/results/phase1/run_20260413_pollard_multiscene_500_run3/prism3/generated_mjcf/scene_prism3_tp0d0060p0d0300p0d0000_ip0d0168n0d0189p0d0000_mn0d0012p0d0266p0d0015.xml,prism_y0d0350,False,0.02,4.0,0.45,0.4,0.0,1.0,3.1853236354484764,0.04826318728329247,5.0,0.008069207354220615,3.903287601169266,0.020464994833939525,0.006005076692510436,1.0,1.0,1.0,0.21944444444444444,0.21944444444444444,0.21944444444444444,0.7805555555555556,0.046047655170055074,0.10271564019822027,0.005982512874455746,0.03,0.0,0.01677585138666949,-0.01892801061196864,0.0,-0.001195083786028438,0.026558059126059096,0.0014902945294227848,"[0.03553291744516522, 1.3232182501035146, -0.9476119844664097, -0.0816995130453048, 1.4551473947175135, 1.0574563621002186, -0.11197127175611298, 1.563058739268382, 0.9555793853271397]"
prism3,223,/home/humanoid/Programs/hand/results/phase1/run_20260413_pollard_multiscene_500_run3/prism3/generated_mjcf/scene_prism3_tn0d0100p0d0157p0d0115_in0d0006n0d0023p0d0000_mn0d0001p0d0183p0d0095.xml,prism_y0d0350,True,0.02,4.0,0.45,0.4,1.0,1.0,6.4885083676055055,0.049541514668295164,4.0,0.006108876812546719,0.05724158551119213,0.0009904657369089434,6.633902414036885e-05,1.0,1.0,1.0,1.0,1.0,1.0,0.0,0.015967973922412438,0.00386763539900283,-0.010042045626139749,0.01571733522921598,0.011454745589257506,-0.0005590098185030423,-0.0022702534687448223,0.0,-0.0001307095736232007,0.018291499373159582,0.009509675286206443,"[0.03553291744516522, 1.3232182501035146, -0.9476119844664097, -0.0816995130453048, 1.4551473947175135, 1.0574563621002186, -0.11197127175611298, 1.563058739268382, 0.9555793853271397]"
prism3,224,/home/humanoid/Programs/hand/results/phase1/run_20260413_pollard_multiscene_500_run3/prism3/generated_mjcf/scene_prism3_tn0d0032p0d0163p0d0000_ip0d0055n0d0227p0d0001_mp0d0062p0d0073p0d0053.xml,prism_y0d0350,False,0.02,4.0,0.45,0.4,0.0,1.0,4.277528077519248,0.0519041002443211,5.0,0.007128092140366572,0.09096530320267444,0.0037137132582661493,0.0,1.0,1.0,1.0,0.2722222222222222,0.2722222222222222,0.2722222222222222,0.7277777777777779,0.040892382991830976,0.05607957745885563,-0.003206023096601387,0.016318901566531582,0.0,0.005469932523932257,-0.022679238364403775,0.00012650587897891467,0.0061976339362588805,0.007287415170120487,0.005336885494463008,"[0.03553291744516522, 1.3232182501035146, -0.9476119844664097, -0.0816995130453048, 1.4551473947175135, 1.0574563621002186, -0.11197127175611298, 1.563058739268382, 0.9555793853271397]"
prism3,225,/home/humanoid/Programs/hand/results/phase1/run_20260413_pollard_multiscene_500_run3/prism3/generated_mjcf/scene_prism3_tp0d0094p0d0274p0d0000_ip0d0199n0d0145p0d0100_mp0d0000p0d0269p0d0000.xml,prism_y0d0350,True,0.02,4.0,0.45,0.4,1.0,1.0,6.683672443370171,0.04736302872660911,5.0,0.007945519872203386,0.22934539740448653,0.006353503048081757,0.0017608449159506184,1.0,1.0,1.0,1.0,1.0,1.0,0.0,0.026243106107093867,0.07649289863815147,0.009437691326738953,0.02737170570873626,0.0,0.019924961742623107,-0.014488606505171338,0.009950090735285678,7.2792667555523355e-06,0.026910958156789684,0.0,"[0.03553291744516522, 1.3232182501035146, -0.9476119844664097, -0.0816995130453048, 1.4551473947175135, 1.0574563621002186, -0.11197127175611298, 1.563058739268382, 0.9555793853271397]"
prism3,226,/home/humanoid/Programs/hand/results/phase1/run_20260413_pollard_multiscene_500_run3/prism3/generated_mjcf/scene_prism3_tp0d0059p0d0251p0d0062_ip0d0039n0d0063p0d0003_mn0d0009p0d0056p0d0000.xml,prism_y0d0350,True,0.02,4.0,0.45,0.4,1.0,1.0,5.754027455758054,0.05092567713321819,5.0,0.006252369255555348,0.2318395481334834,0.018600950653867177,0.0001380540548819309,1.0,1.0,1.0,0.7555555555555555,0.7555555555555555,0.7555555555555555,0.24444444444444446,0.14324809168294714,0.08916025781743132,0.005890195392200037,0.025145911494812493,0.006172020864999916,0.0038719373070722294,-0.006349688358739556,0.00030962863382305236,-0.0008708134120405647,0.005640698307909073,0.0,"[0.03553291744516522, 1.3232182501035146, -0.9476119844664097, -0.0816995130453048, 1.4551473947175135, 1.0574563621002186, -0.11197127175611298, 1.563058739268382, 0.9555793853271397]"
prism3,227,/home/humanoid/Programs/hand/results/phase1/run_20260413_pollard_multiscene_500_run3/prism3/generated_mjcf/scene_prism3_tp0d0083p0d0182p0d0000_ip0d0108n0d0164p0d0000_mp0d0028p0d0117p0d0000.xml,prism_y0d0350,True,0.02,4.0,0.45,0.4,1.0,1.0,6.91320503430763,0.05276064095177997,6.0,0.006326882028533219,0.5022779680761861,0.01658741897273115,0.0011606395657928759,1.0,1.0,1.0,0.9527777777777777,0.9527777777777777,0.9527777777777777,0.047222222222222276,0.10858307739083949,0.1067733474388668,0.008338774720204351,0.01821398638179801,0.0,0.010837636468636409,-0.016374744784778288,0.0,0.00275684906579644,0.011731120066497104,0.0,"[0.03553291744516522, 1.3232182501035146, -0.9476119844664097, -0.0816995130453048, 1.4551473947175135, 1.0574563621002186, -0.11197127175611298, 1.563058739268382, 0.9555793853271397]"
prism3,228,/home/humanoid/Programs/hand/results/phase1/run_20260413_pollard_multiscene_500_run3/prism3/generated_mjcf/scene_prism3_tp0d0018p0d0170p0d0000_ip0d0032n0d0128p0d0000_mp0d0192p0d0047p0d0036.xml,prism_y0d0350,True,0.02,4.0,0.45,0.4,1.0,1.0,6.881979377621509,0.049759287382418305,5.0,0.005965312047022327,0.020580791587346374,0.001930639496584899,2.820471531449209e-05,1.0,1.0,1.0,1.0,1.0,1.0,0.0,0.028942709518330514,0.007425869698744795,0.0017785008989475558,0.017044118735223775,0.0,0.003186891827523349,-0.012818094553557719,0.0,0.01917602235967445,0.004697717154899158,0.0035502383157635774,"[0.03553291744516522, 1.3232182501035146, -0.9476119844664097, -0.0816995130453048, 1.4551473947175135, 1.0574563621002186, -0.11197127175611298, 1.563058739268382, 0.9555793853271397]"
prism3,229,/home/humanoid/Programs/hand/results/phase1/run_20260413_pollard_multiscene_500_run3/prism3/generated_mjcf/scene_prism3_tp0d0087p0d0300p0d0000_ip0d0077n0d0234p0d0000_mp0d0136p0d0114p0d0000.xml,prism_y0d0350,False,0.02,4.0,0.45,0.4,0.0,1.0,2.0380224058096545,0.047112906014174366,4.0,0.010983695312674421,6.455242258273207e-06,0.028975767034120664,0.04834774391505041,0.6638888888888889,0.6666666666666666,0.6638888888888889,0.0,0.0,0.0,0.6666666666666666,0.129463829536828,0.07316139632743152,0.008663651804597345,0.03,0.0,0.007674482461781696,-0.023444371696119334,0.0,0.013597677390840683,0.011417327075538986,0.0,"[0.03553291744516522, 1.3232182501035146, -0.9476119844664097, -0.0816995130453048, 1.4551473947175135, 1.0574563621002186, -0.11197127175611298, 1.563058739268382, 0.9555793853271397]"
prism3,230,/home/humanoid/Programs/hand/results/phase1/run_20260413_pollard_multiscene_500_run3/prism3/generated_mjcf/scene_prism3_tn0d0007p0d0119p0d0014_ip0d0090n0d0004p0d0000_mp0d0132p0d0081p0d0000.xml,prism_y0d0350,True,0.02,4.0,0.45,0.4,1.0,1.0,6.481615334203333,0.04897300263271824,4.0,0.006005271913861863,0.01681886068004331,0.0009467450228271775,8.385902354469954e-05,1.0,1.0,1.0,1.0,1.0,1.0,0.0,0.010071313372011488,0.002296586441128771,-0.0007050571053624031,0.011895647447555467,0.0013904247007412648,0.00896790547894913,-0.00042462582777189235,0.0,0.013245101911400738,0.008085967284082467,0.0,"[0.03553291744516522, 1.3232182501035146, -0.9476119844664097, -0.0816995130453048, 1.4551473947175135, 1.0574563621002186, -0.11197127175611298, 1.563058739268382, 0.9555793853271397]"
prism3,231,/home/humanoid/Programs/hand/results/phase1/run_20260413_pollard_multiscene_500_run3/prism3/generated_mjcf/scene_prism3_tp0d0059p0d0199p0d0000_ip0d0193n0d0034p0d0000_mp0d0003p0d0115p0d0000.xml,prism_y0d0350,True,0.02,4.0,0.45,0.4,1.0,1.0,7.126304371747161,0.0503574913372596,6.0,0.006074158231646723,0.590354131079852,0.005437083698664698,0.0,1.0,1.0,1.0,1.0,1.0,1.0,0.0,0.08017274523772311,0.045422283003881514,0.005938507318874558,0.01993184206212525,0.0,0.019339198063758577,-0.003368889853459343,0.0,0.0002719119063459754,0.011528792962369609,0.0,"[0.03553291744516522, 1.3232182501035146, -0.9476119844664097, -0.0816995130453048, 1.4551473947175135, 1.0574563621002186, -0.11197127175611298, 1.563058739268382, 0.9555793853271397]"
prism3,232,/home/humanoid/Programs/hand/results/phase1/run_20260413_pollard_multiscene_500_run3/prism3/generated_mjcf/scene_prism3_tp0d0059p0d0233p0d0001_in0d0016n0d0011p0d0000_mp0d0107p0d0137p0d0000.xml,prism_y0d0350,True,0.02,4.0,0.45,0.4,1.0,1.0,6.897480756222485,0.049785071271674995,5.0,0.005905503213179691,0.029308165206071792,0.000872228152232824,2.909631942474289e-05,1.0,1.0,1.0,1.0,1.0,1.0,0.0,0.021222294717099133,0.003969375230551612,0.005876933990951735,0.023325437825919636,0.00012344175559970104,-0.001607011923027096,-0.0011137859434267924,0.0,0.010658788458287707,0.013659464988546774,0.0,"[0.03553291744516522, 1.3232182501035146, -0.9476119844664097, -0.0816995130453048, 1.4551473947175135, 1.0574563621002186, -0.11197127175611298, 1.563058739268382, 0.9555793853271397]"
prism3,233,/home/humanoid/Programs/hand/results/phase1/run_20260413_pollard_multiscene_500_run3/prism3/generated_mjcf/scene_prism3_tp0d0094p0d0162p0d0016_ip0d0011n0d0230p0d0082_mp0d0011p0d0065p0d0038.xml,prism_y0d0350,True,0.02,4.0,0.45,0.4,1.0,1.0,4.8928075976537775,0.048621960380990675,5.0,0.00755347538377913,3.340895157332899,0.012039224467677865,0.00564028717173419,1.0,1.0,1.0,0.6472222222222223,0.6472222222222223,0.6472222222222223,0.35277777777777775,0.025917808684375935,0.11376637952430203,0.009359930196395066,0.01623345201084577,0.0015625808053520377,0.00113350242596077,-0.023041464841855624,0.008165409870575673,0.0010928609572240285,0.006546084912352737,0.0037641457449223113,"[0.03553291744516522, 1.3232182501035146, -0.9476119844664097, -0.0816995130453048, 1.4551473947175135, 1.0574563621002186, -0.11197127175611298, 1.563058739268382, 0.9555793853271397]"
prism3,234,/home/humanoid/Programs/hand/results/phase1/run_20260413_pollard_multiscene_500_run3/prism3/generated_mjcf/scene_prism3_tn0d0068p0d0267p0d0000_in0d0013n0d0152p0d0088_mp0d0012p0d0034p0d0000.xml,prism_y0d0350,False,0.02,4.0,0.45,0.4,0.0,1.0,2.771879782957837,0.05176866164378714,4.0,0.008232504428607212,0.8911801932295249,0.00512824767676014,0.0005393055590005857,1.0,1.0,1.0,0.0,0.0,0.0,1.0,0.025364826319201565,0.054550715290600904,-0.006842359440174668,0.02674095924071578,0.0,-0.0012516321530277128,-0.01519729557625085,0.008807048636422697,0.0012271340009776168,0.0034269346338305414,0.0,"[0.03553291744516522, 1.3232182501035146, -0.9476119844664097, -0.0816995130453048, 1.4551473947175135, 1.0574563621002186, -0.11197127175611298, 1.563058739268382, 0.9555793853271397]"
prism3,235,/home/humanoid/Programs/hand/results/phase1/run_20260413_pollard_multiscene_500_run3/prism3/generated_mjcf/scene_prism3_tn0d0012p0d0185p0d0000_ip0d0150n0d0039p0d0000_mp0d0202p0d0205p0d0000.xml,prism_y0d0350,True,0.02,4.0,0.45,0.4,1.0,1.0,6.465472079186181,0.04870023296524148,4.0,0.006059505018853158,0.016479223927844726,0.002836038001076463,8.581380019903606e-05,1.0,1.0,1.0,1.0,1.0,1.0,0.0,0.0028979572641736353,0.007002460194732459,-0.0012267169129464937,0.018511203439005447,0.0,0.015046761440901129,-0.003860181566608679,0.0,0.0202218044453141,0.02050055310976201,0.0,"[0.03553291744516522, 1.3232182501035146, -0.9476119844664097, -0.0816995130453048, 1.4551473947175135, 1.0574563621002186, -0.11197127175611298, 1.563058739268382, 0.9555793853271397]"
prism3,236,/home/humanoid/Programs/hand/results/phase1/run_20260413_pollard_multiscene_500_run3/prism3/generated_mjcf/scene_prism3_tp0d0106p0d0174p0d0031_ip0d0022n0d0118p0d0000_mp0d0137p0d0106p0d0119.xml,prism_y0d0350,True,0.02,4.0,0.45,0.4,1.0,1.0,6.878724755322542,0.04987392164435066,5.0,0.005961935343133472,0.0770579232921309,0.0009320972357705636,5.640076055188348e-05,1.0,1.0,1.0,1.0,1.0,1.0,0.0,0.033783587990251336,0.0066539250362936215,0.010570503563294312,0.01742935650204407,0.0030783737719845897,0.0022113929704491346,-0.01179028890874476,0.0,0.013715263425300493,0.010640660788541539,0.011923749986019395,"[0.03553291744516522, 1.3232182501035146, -0.9476119844664097, -0.0816995130453048, 1.4551473947175135, 1.0574563621002186, -0.11197127175611298, 1.563058739268382, 0.9555793853271397]"
prism3,237,/home/humanoid/Programs/hand/results/phase1/run_20260413_pollard_multiscene_500_run3/prism3/generated_mjcf/scene_prism3_tn0d0094p0d0215p0d0000_ip0d0051n0d0037p0d0000_mp0d0001p0d0208p0d0000.xml,prism_y0d0350,True,0.02,4.0,0.45,0.4,1.0,1.0,6.452813041993712,0.049953417771017465,4.0,0.00604066906988986,0.11877939574792713,0.002238194362256824,0.0,1.0,1.0,1.0,1.0,1.0,1.0,0.0,0.04509197575749834,0.014274381117780547,-0.009386577061587999,0.021536170750964603,0.0,0.005090603042090099,-0.0036513302603408664,3.0621962382121684e-05,0.0001362800775741909,0.02078669139942211,0.0,"[0.03553291744516522, 1.3232182501035146, -0.9476119844664097, -0.0816995130453048, 1.4551473947175135, 1.0574563621002186, -0.11197127175611298, 1.563058739268382, 0.9555793853271397]"
prism3,238,/home/humanoid/Programs/hand/results/phase1/run_20260413_pollard_multiscene_500_run3/prism3/generated_mjcf/scene_prism3_tn0d0100p0d0196p0d0000_ip0d0120n0d0139p0d0024_mp0d0149p0d0270p0d0014.xml,prism_y0d0350,True,0.02,4.0,0.45,0.4,1.0,1.0,6.847355270061651,0.04932048105749614,5.0,0.005994103337202408,0.13826508282217737,0.0018752731394654192,0.0,1.0,1.0,1.0,1.0,1.0,1.0,0.0,0.031900516597354704,0.00596288483767123,-0.010015544394671703,0.01962936837177262,0.0,0.012010903863657144,-0.013874930609055808,0.002421640382254354,0.014892154831109993,0.027047093881184453,0.0013830002601442452,"[0.03553291744516522, 1.3232182501035146, -0.9476119844664097, -0.0816995130453048, 1.4551473947175135, 1.0574563621002186, -0.11197127175611298, 1.563058739268382, 0.9555793853271397]"
prism3,239,/home/humanoid/Programs/hand/results/phase1/run_20260413_pollard_multiscene_500_run3/prism3/generated_mjcf/scene_prism3_tn0d0014p0d0251p0d0099_in0d0014n0d0234p0d0115_mp0d0111p0d0045p0d0038.xml,prism_y0d0350,False,0.02,4.0,0.45,0.4,0.0,1.0,2.8289198304085073,0.049156146323480705,4.0,0.009052605894933336,0.052257321262913756,0.0019048258910319778,0.0011200798203041817,1.0,1.0,1.0,0.0,0.0,0.0,1.0,0.02285673114194597,0.03574967320445175,-0.0014251822600559235,0.025089114689550506,0.009932616401398968,-0.0014478035283586408,-0.023434549415482668,0.011455759744305048,0.011104205335508101,0.004542639825632416,0.00384895126918975,"[0.03553291744516522, 1.3232182501035146, -0.9476119844664097, -0.0816995130453048, 1.4551473947175135, 1.0574563621002186, -0.11197127175611298, 1.563058739268382, 0.9555793853271397]"
prism3,240,/home/humanoid/Programs/hand/results/phase1/run_20260413_pollard_multiscene_500_run3/prism3/generated_mjcf/scene_prism3_tn0d0097p0d0105p0d0000_ip0d0139n0d0046p0d0085_mp0d0073p0d0268p0d0000.xml,prism_y0d0350,False,0.02,4.0,0.45,0.4,0.0,1.0,2.8909960066628817,0.051434381593877934,4.0,0.010669730554993451,0.2158538987951675,0.0016490782804095907,0.0,1.0,1.0,0.0,1.0,0.0,0.0,1.0,0.02435343529313012,0.04248379643599243,-0.009683335844336121,0.010547451260416061,0.0,0.013928861329337636,-0.004617107265739084,0.008492867289802312,0.0072826999018936085,0.026824365469868522,0.0,"[0.03553291744516522, 1.3232182501035146, -0.9476119844664097, -0.0816995130453048, 1.4551473947175135, 1.0574563621002186, -0.11197127175611298, 1.563058739268382, 0.9555793853271397]"
prism3,241,/home/humanoid/Programs/hand/results/phase1/run_20260413_pollard_multiscene_500_run3/prism3/generated_mjcf/scene_prism3_tp0d0041p0d0136p0d0050_ip0d0093n0d0236p0d0000_mp0d0051p0d0056p0d0045.xml,prism_y0d0350,True,0.02,4.0,0.45,0.4,1.0,1.0,7.216142321994226,0.0524702424191857,6.0,0.006481205183379485,0.048821697298761416,0.013648576150863533,0.00026672215020354106,1.0,1.0,1.0,1.0,1.0,1.0,0.0,0.07636690076243956,0.07714294849127452,0.0040971277273271905,0.013559094872586892,0.0049975779635624,0.00926415941715049,-0.023572964220321315,0.0,0.0051016658072987634,0.005637990037219874,0.004513815243508565,"[0.03553291744516522, 1.3232182501035146, -0.9476119844664097, -0.0816995130453048, 1.4551473947175135, 1.0574563621002186, -0.11197127175611298, 1.563058739268382, 0.9555793853271397]"
prism3,242,/home/humanoid/Programs/hand/results/phase1/run_20260413_pollard_multiscene_500_run3/prism3/generated_mjcf/scene_prism3_tn0d0009p0d0235p0d0040_in0d0009n0d0143p0d0044_mp0d0197p0d0260p0d0000.xml,prism_y0d0350,True,0.02,4.0,0.45,0.4,1.0,1.0,6.3797226120850254,0.04936047794276391,4.0,0.006019340902035235,0.37827776933391544,0.0026528030042118184,0.0,1.0,1.0,1.0,1.0,1.0,1.0,0.0,0.0571445677062204,0.012104765952123639,-0.0009419216668431589,0.0234563829052057,0.003998428193652388,-0.0008600754512623002,-0.0143499624967743,0.0043891962311728185,0.019674774011803155,0.026003968495236028,0.0,"[0.03553291744516522, 1.3232182501035146, -0.9476119844664097, -0.0816995130453048, 1.4551473947175135, 1.0574563621002186, -0.11197127175611298, 1.563058739268382, 0.9555793853271397]"
prism3,243,/home/humanoid/Programs/hand/results/phase1/run_20260413_pollard_multiscene_500_run3/prism3/generated_mjcf/scene_prism3_tp0d0018p0d0300p0d0000_ip0d0214n0d0134p0d0084_mp0d0020p0d0258p0d0066.xml,prism_y0d0350,True,0.02,4.0,0.45,0.4,1.0,1.0,6.8563225555038505,0.04967249146008405,5.0,0.007886502082250285,0.14129575023010593,0.0008799216161892759,0.0008298418790013834,1.0,1.0,1.0,1.0,1.0,1.0,0.0,0.012496287665098027,0.035026717979648715,0.0018323263906544832,0.03,0.0,0.02142851497409419,-0.01338505726791449,0.008384359098383674,0.002027946052017301,0.025760241751164238,0.0065869486941198575,"[0.03553291744516522, 1.3232182501035146, -0.9476119844664097, -0.0816995130453048, 1.4551473947175135, 1.0574563621002186, -0.11197127175611298, 1.563058739268382, 0.9555793853271397]"
prism3,244,/home/humanoid/Programs/hand/results/phase1/run_20260413_pollard_multiscene_500_run3/prism3/generated_mjcf/scene_prism3_tp0d0037p0d0122p0d0000_ip0d0121n0d0147p0d0094_mp0d0112p0d0054p0d0090.xml,prism_y0d0350,True,0.02,4.0,0.45,0.4,1.0,1.0,6.264012129450341,0.04897462036932833,4.0,0.0060635820849310774,0.45129942034299436,0.009963776257122917,0.0,1.0,1.0,1.0,1.0,1.0,1.0,0.0,0.08851789362272629,0.04395391017875142,0.003670300442267238,0.012153499062564917,0.0,0.012056547044241235,-0.014653213065510083,0.009428885664088973,0.011218889531032318,0.005437278898803643,0.009008074998322603,"[0.03553291744516522, 1.3232182501035146, -0.9476119844664097, -0.0816995130453048, 1.4551473947175135, 1.0574563621002186, -0.11197127175611298, 1.563058739268382, 0.9555793853271397]"
prism3,245,/home/humanoid/Programs/hand/results/phase1/run_20260413_pollard_multiscene_500_run3/prism3/generated_mjcf/scene_prism3_tn0d0045p0d0121p0d0034_ip0d0174n0d0173p0d0000_mp0d0212p0d0139p0d0000.xml,prism_y0d0350,True,0.02,4.0,0.45,0.4,1.0,1.0,6.406805125669214,0.04822111816826355,4.0,0.006130893580515276,0.08410659236039619,0.003797133101329467,8.766698543941076e-05,1.0,1.0,1.0,1.0,1.0,1.0,0.0,0.027832983697360595,0.008776896148619151,-0.004528621663971532,0.012117700999274032,0.0034291248847927273,0.01739136599231956,-0.017332691788016226,0.0,0.0212315535462329,0.013907077695475889,0.0,"[0.03553291744516522, 1.3232182501035146, -0.9476119844664097, -0.0816995130453048, 1.4551473947175135, 1.0574563621002186, -0.11197127175611298, 1.563058739268382, 0.9555793853271397]"
prism3,246,/home/humanoid/Programs/hand/results/phase1/run_20260413_pollard_multiscene_500_run3/prism3/generated_mjcf/scene_prism3_tp0d0012p0d0250p0d0034_in0d0012n0d0017p0d0000_mp0d0149p0d0177p0d0000.xml,prism_y0d0350,True,0.02,4.0,0.45,0.4,1.0,1.0,6.470940561995681,0.049199372175961875,4.0,0.005966578491753972,0.03229957295123814,0.0013120516991234057,3.1155907628130364e-05,1.0,1.0,1.0,1.0,1.0,1.0,0.0,0.022940178449423487,0.006146023402179919,0.0012101250122180784,0.02496992892325642,0.0034375336049794307,-0.001203292251601781,-0.0017480540872589299,0.0,0.014901303193678607,0.0176678851782694,0.0,"[0.03553291744516522, 1.3232182501035146, -0.9476119844664097, -0.0816995130453048, 1.4551473947175135, 1.0574563621002186, -0.11197127175611298, 1.563058739268382, 0.9555793853271397]"
prism3,247,/home/humanoid/Programs/hand/results/phase1/run_20260413_pollard_multiscene_500_run3/prism3/generated_mjcf/scene_prism3_tp0d0119p0d0269p0d0041_ip0d0045n0d0197p0d0000_mp0d0114p0d0084p0d0000.xml,prism_y0d0350,False,0.02,4.0,0.45,0.4,0.0,1.0,2.416877887507913,0.047339271270301436,4.0,0.008866307140977562,0.6777866631204004,0.0107385751683953,0.012758468704652332,1.0,1.0,1.0,0.0,0.0,0.0,1.0,0.05585001696663988,0.09442580153956515,0.011873789448722787,0.02689082524371258,0.004145387045152844,0.0044727054903854375,-0.019704682888720113,0.0,0.011383286691889392,0.008366425886166713,0.0,"[0.03553291744516522, 1.3232182501035146, -0.9476119844664097, -0.0816995130453048, 1.4551473947175135, 1.0574563621002186, -0.11197127175611298, 1.563058739268382, 0.9555793853271397]"
prism3,248,/home/humanoid/Programs/hand/results/phase1/run_20260413_pollard_multiscene_500_run3/prism3/generated_mjcf/scene_prism3_tp0d0063p0d0226p0d0000_ip0d0002n0d0169p0d0000_mp0d0111p0d0134p0d0000.xml,prism_y0d0350,False,0.02,4.0,0.45,0.4,0.0,1.0,3.7117210764751754,0.05277160882717985,5.0,0.006278328490352015,2.0466546431103514,0.023666800508344715,0.0022206901601701107,1.0,1.0,1.0,0.2638888888888889,0.2638888888888889,0.2638888888888889,0.7361111111111112,0.12931162232843493,0.1355393434566352,0.00626516238663433,0.02255765916802214,0.0,0.0002281577052011246,-0.016903768045336977,0.0,0.011086386382717419,0.013437684407545863,0.0,"[0.03553291744516522, 1.3232182501035146, -0.9476119844664097, -0.0816995130453048, 1.4551473947175135, 1.0574563621002186, -0.11197127175611298, 1.563058739268382, 0.9555793853271397]"
prism3,249,/home/humanoid/Programs/hand/results/phase1/run_20260413_pollard_multiscene_500_run3/prism3/generated_mjcf/scene_prism3_tn0d0027p0d0178p0d0000_ip0d0059n0d0061p0d0007_mn0d0017p0d0132p0d0000.xml,prism_y0d0350,True,0.02,4.0,0.45,0.4,1.0,1.0,6.422457934949303,0.04984980601577305,4.0,0.006062406383910395,0.14645592934875257,0.003709534655305581,0.0,1.0,1.0,1.0,1.0,1.0,1.0,0.0,0.05516440737225817,0.021540916257055953,-0.0027271212917241126,0.017791811356062115,0.0,0.005851197812612485,-0.006067555870810265,0.0007001297377480752,-0.001728987071853835,0.013155750839536167,0.0,"[0.03553291744516522, 1.3232182501035146, -0.9476119844664097, -0.0816995130453048, 1.4551473947175135, 1.0574563621002186, -0.11197127175611298, 1.563058739268382, 0.9555793853271397]"
prism3,250,/home/humanoid/Programs/hand/results/phase1/run_20260413_pollard_multiscene_500_run3/prism3/generated_mjcf/scene_prism3_tp0d0023p0d0281p0d0058_ip0d0010n0d0123p0d0000_mp0d0086p0d0122p0d0045.xml,prism_y0d0350,False,0.02,4.0,0.45,0.4,0.0,1.0,3.6741013183998215,0.050507032272585906,5.0,0.006610657159683622,0.2428331176952653,0.013906222014217994,0.0013044316700976666,1.0,1.0,1.0,0.1638888888888889,0.1638888888888889,0.1638888888888889,0.8361111111111111,0.09476488155364786,0.08028627097380098,0.0022906939710439344,0.028145105487248016,0.005840805083924282,0.0009521715037869721,-0.012287952266811692,0.0,0.008550085922758204,0.012157418500970765,0.004480712380297534,"[0.03553291744516522, 1.3232182501035146, -0.9476119844664097, -0.0816995130453048, 1.4551473947175135, 1.0574563621002186, -0.11197127175611298, 1.563058739268382, 0.9555793853271397]"
prism3,251,/home/humanoid/Programs/hand/results/phase1/run_20260413_pollard_multiscene_500_run3/prism3/generated_mjcf/scene_prism3_tn0d0091p0d0092p0d0034_ip0d0028n0d0157p0d0101_mp0d0014p0d0237p0d0000.xml,prism_y0d0350,False,0.02,4.0,0.45,0.4,0.0,1.0,2.824527077057753,0.050294003731313076,4.0,0.010989565918473316,0.2923759205604891,0.0031124076332545497,4.862062857881322e-05,1.0,1.0,0.0,1.0,0.0,0.0,1.0,0.023958156952082543,0.05342296664526034,-0.00907948699181936,0.009197356063655219,0.0034433989733793375,0.002812858527800891,-0.01569261011506301,0.01012942948307732,0.0014055497152433722,0.023694967517092685,0.0,"[0.03553291744516522, 1.3232182501035146, -0.9476119844664097, -0.0816995130453048, 1.4551473947175135, 1.0574563621002186, -0.11197127175611298, 1.563058739268382, 0.9555793853271397]"
prism3,252,/home/humanoid/Programs/hand/results/phase1/run_20260413_pollard_multiscene_500_run3/prism3/generated_mjcf/scene_prism3_tn0d0074p0d0300p0d0026_ip0d0033n0d0060p0d0000_mp0d0108p0d0119p0d0000.xml,prism_y0d0350,True,0.02,4.0,0.45,0.4,1.0,1.0,5.663608668842822,0.052454224785504766,5.0,0.006334208140332073,0.04619146022902991,0.008701496090968333,0.0,1.0,1.0,1.0,0.6861111111111111,0.6861111111111111,0.6861111111111111,0.3138888888888889,0.13479334461354486,0.07137948435094103,-0.007398159794487176,0.03,0.002583933856100673,0.0033336936479035455,-0.005978032145131569,0.0,0.010774200359585784,0.011857555922792454,0.0,"[0.03553291744516522, 1.3232182501035146, -0.9476119844664097, -0.0816995130453048, 1.4551473947175135, 1.0574563621002186, -0.11197127175611298, 1.563058739268382, 0.9555793853271397]"
prism3,253,/home/humanoid/Programs/hand/results/phase1/run_20260413_pollard_multiscene_500_run3/prism3/generated_mjcf/scene_prism3_tp0d0079p0d0250p0d0000_ip0d0107n0d0240p0d0083_mp0d0033p0d0107p0d0094.xml,prism_y0d0350,False,0.02,4.0,0.45,0.4,0.0,1.0,3.9480966097985566,0.04755449584126867,5.0,0.008181440021029154,1.0977278255903,0.007258196156693764,0.002070453772305872,1.0,1.0,1.0,0.2722222222222222,0.2722222222222222,0.2722222222222222,0.7277777777777779,0.007854162879205437,0.07807981135641,0.007870746006714398,0.024959633130747148,0.0,0.010664501866031857,-0.023994387640275894,0.008275887682406585,0.003335989644740088,0.01068451411033549,0.009375497810093482,"[0.03553291744516522, 1.3232182501035146, -0.9476119844664097, -0.0816995130453048, 1.4551473947175135, 1.0574563621002186, -0.11197127175611298, 1.563058739268382, 0.9555793853271397]"
prism3,254,/home/humanoid/Programs/hand/results/phase1/run_20260413_pollard_multiscene_500_run3/prism3/generated_mjcf/scene_prism3_tn0d0073p0d0242p0d0000_ip0d0117n0d0058p0d0016_mp0d0219p0d0175p0d0000.xml,prism_y0d0350,True,0.02,4.0,0.45,0.4,1.0,1.0,6.451472188279385,0.04959051512599071,4.0,0.006040316471720823,0.10534920168654302,0.0022453211058065525,0.0,1.0,1.0,1.0,1.0,1.0,1.0,0.0,0.03684356865494719,0.011994665288159604,-0.0072830278711218015,0.024233399005324837,0.0,0.01173289864241775,-0.005816682189977438,0.0015985477456331616,0.02187070698869189,0.017479901290416364,0.0,"[0.03553291744516522, 1.3232182501035146, -0.9476119844664097, -0.0816995130453048, 1.4551473947175135, 1.0574563621002186, -0.11197127175611298, 1.563058739268382, 0.9555793853271397]"
prism3,255,/home/humanoid/Programs/hand/results/phase1/run_20260413_pollard_multiscene_500_run3/prism3/generated_mjcf/scene_prism3_tn0d0049p0d0232p0d0053_ip0d0078n0d0015p0d0045_mp0d0126p0d0103p0d0116.xml,prism_y0d0350,True,0.02,4.0,0.45,0.4,1.0,1.0,6.47044864323434,0.05001856871548241,4.0,0.006136613242527355,0.08532279109230635,0.0021876821174302958,0.0,1.0,1.0,1.0,1.0,1.0,1.0,0.0,0.03586713070888562,0.012272786490350759,-0.0048957756328571024,0.023204282559035286,0.005285964347256648,0.007791052812038457,-0.0014875992639632445,0.004507628719607793,0.01263096632514772,0.010252368200474794,0.011605232571004556,"[0.03553291744516522, 1.3232182501035146, -0.9476119844664097, -0.0816995130453048, 1.4551473947175135, 1.0574563621002186, -0.11197127175611298, 1.563058739268382, 0.9555793853271397]"
prism3,256,/home/humanoid/Programs/hand/results/phase1/run_20260413_pollard_multiscene_500_run3/prism3/generated_mjcf/scene_prism3_tn0d0062p0d0198p0d0000_ip0d0093n0d0156p0d0051_mp0d0176p0d0066p0d0000.xml,prism_y0d0350,True,0.02,4.0,0.45,0.4,1.0,1.0,6.890455049574551,0.05339486636880779,5.0,0.00635572385241584,0.1606945628081924,0.0033340885259573907,0.0,1.0,1.0,1.0,1.0,1.0,1.0,0.0,0.09200952934213463,0.059071161419562625,-0.00617936078977491,0.019845889106613626,0.0,0.009283838582036968,-0.01564231250230316,0.005108479275818825,0.01755878893107922,0.006553664356555156,0.0,"[0.03553291744516522, 1.3232182501035146, -0.9476119844664097, -0.0816995130453048, 1.4551473947175135, 1.0574563621002186, -0.11197127175611298, 1.563058739268382, 0.9555793853271397]"
prism3,257,/home/humanoid/Programs/hand/results/phase1/run_20260413_pollard_multiscene_500_run3/prism3/generated_mjcf/scene_prism3_tn0d0013p0d0300p0d0040_ip0d0126n0d0136p0d0071_mn0d0004p0d0181p0d0075.xml,prism_y0d0350,True,0.02,4.0,0.45,0.4,1.0,1.0,6.835538019823736,0.04939911483256213,5.0,0.00777838892028884,0.1497510678079903,0.003091422795167038,0.001028959085864492,1.0,1.0,1.0,1.0,1.0,1.0,0.0,0.011274783825043313,0.026481463355484607,-0.0013310279746045726,0.03,0.004007304669342297,0.01263270996685188,-0.013573404996832647,0.007133344311976011,-0.0004286670847191455,0.018119654315755226,0.007547655475809524,"[0.03553291744516522, 1.3232182501035146, -0.9476119844664097, -0.0816995130453048, 1.4551473947175135, 1.0574563621002186, -0.11197127175611298, 1.563058739268382, 0.9555793853271397]"
prism3,258,/home/humanoid/Programs/hand/results/phase1/run_20260413_pollard_multiscene_500_run3/prism3/generated_mjcf/scene_prism3_tn0d0033p0d0188p0d0000_ip0d0089n0d0085p0d0000_mn0d0010p0d0158p0d0000.xml,prism_y0d0350,True,0.02,4.0,0.45,0.4,1.0,1.0,6.314302360680749,0.05009308750947525,4.0,0.00608728238028813,0.5798587769255228,0.006139722347672952,0.0,1.0,1.0,1.0,1.0,1.0,1.0,0.0,0.08330965243859949,0.039308668653684285,-0.003284192562390034,0.018810799604056093,0.0,0.008948602806368519,-0.008508505563111826,0.0,-0.0009937541860331883,0.015830482276668337,0.0,"[0.03553291744516522, 1.3232182501035146, -0.9476119844664097, -0.0816995130453048, 1.4551473947175135, 1.0574563621002186, -0.11197127175611298, 1.563058739268382, 0.9555793853271397]"
prism3,259,/home/humanoid/Programs/hand/results/phase1/run_20260413_pollard_multiscene_500_run3/prism3/generated_mjcf/scene_prism3_tn0d0066p0d0185p0d0013_ip0d0158n0d0195p0d0088_mp0d0183p0d0172p0d0000.xml,prism_y0d0350,True,0.02,4.0,0.45,0.4,1.0,1.0,7.294889671207516,0.05125133033597867,6.0,0.006725526472204067,0.14228767379800572,0.0010307546409834044,0.0,1.0,1.0,1.0,1.0,1.0,1.0,0.0,0.03747470156598957,0.04090691425147704,-0.0066485374175960146,0.018518010205694397,0.0012982978667973911,0.015818160059360285,-0.019498654578332945,0.008823394787387792,0.01834265960575579,0.01719139738609474,0.0,"[0.03553291744516522, 1.3232182501035146, -0.9476119844664097, -0.0816995130453048, 1.4551473947175135, 1.0574563621002186, -0.11197127175611298, 1.563058739268382, 0.9555793853271397]"
prism3,260,/home/humanoid/Programs/hand/results/phase1/run_20260413_pollard_multiscene_500_run3/prism3/generated_mjcf/scene_prism3_tn0d0016p0d0096p0d0112_ip0d0017n0d0032p0d0006_mp0d0056p0d0052p0d0016.xml,prism_y0d0350,True,0.02,4.0,0.45,0.4,1.0,1.0,6.830960679545586,0.04771121459293752,5.0,0.006053618661015717,0.024750893577958247,0.0009782501887003593,0.00010540811297994612,1.0,1.0,1.0,1.0,1.0,1.0,0.0,0.013921831997147742,0.00411145872678594,-0.0015968470266755248,0.00957306995643702,0.011202290221894236,0.001675734744234568,-0.0032206306161261574,0.0006071599036956091,0.00558793585213605,0.005223797450431731,0.0015580406341598792,"[0.03553291744516522, 1.3232182501035146, -0.9476119844664097, -0.0816995130453048, 1.4551473947175135, 1.0574563621002186, -0.11197127175611298, 1.563058739268382, 0.9555793853271397]"
prism3,261,/home/humanoid/Programs/hand/results/phase1/run_20260413_pollard_multiscene_500_run3/prism3/generated_mjcf/scene_prism3_tn0d0026p0d0108p0d0000_ip0d0093n0d0210p0d0000_mp0d0215p0d0203p0d0054.xml,prism_y0d0350,True,0.02,4.0,0.45,0.4,1.0,1.0,6.837335184896624,0.0546893506767511,5.0,0.006014577738208578,0.06497348724336421,0.01246772498453908,0.0,1.0,1.0,1.0,1.0,1.0,1.0,0.0,0.1295661550885063,0.10128881046200476,-0.002559148442306267,0.010844582132139265,0.0,0.009274960074603024,-0.02103734073064305,0.0,0.021537173868519506,0.02026458374004725,0.005359570246667743,"[0.03553291744516522, 1.3232182501035146, -0.9476119844664097, -0.0816995130453048, 1.4551473947175135, 1.0574563621002186, -0.11197127175611298, 1.563058739268382, 0.9555793853271397]"
prism3,262,/home/humanoid/Programs/hand/results/phase1/run_20260413_pollard_multiscene_500_run3/prism3/generated_mjcf/scene_prism3_tp0d0114p0d0124p0d0096_in0d0000n0d0080p0d0000_mp0d0182p0d0250p0d0006.xml,prism_y0d0350,True,0.02,4.0,0.45,0.4,1.0,1.0,5.964416364589108,0.048152606898747514,5.0,0.007920209834826056,0.3779254698037341,0.007009077172923317,0.0008935058721748212,1.0,1.0,0.7916666666666666,1.0,0.7916666666666666,0.7916666666666666,0.20833333333333337,0.015134818641140657,0.06096856916412957,0.011434726863572546,0.012431631671534318,0.009574165085641077,-3.2197229452727086e-05,-0.008030768084860739,0.0,0.01818011496386108,0.025010610894033593,0.0006060223705221992,"[0.03553291744516522, 1.3232182501035146, -0.9476119844664097, -0.0816995130453048, 1.4551473947175135, 1.0574563621002186, -0.11197127175611298, 1.563058739268382, 0.9555793853271397]"
prism3,263,/home/humanoid/Programs/hand/results/phase1/run_20260413_pollard_multiscene_500_run3/prism3/generated_mjcf/scene_prism3_tn0d0026p0d0166p0d0106_ip0d0186n0d0034p0d0042_mn0d0016p0d0137p0d0101.xml,prism_y0d0350,True,0.02,4.0,0.45,0.4,1.0,1.0,6.795602303277615,0.05007951046793736,5.0,0.006233789606923015,0.2688010189429492,0.004247869176552933,0.0,1.0,1.0,1.0,1.0,1.0,1.0,0.0,0.06379031129501005,0.030230609381152424,-0.002617680223593528,0.01656557626298818,0.010573775539080708,0.018619421669964137,-0.0033545673340663,0.004216081429168201,-0.0015522505578777837,0.01372870559258928,0.010117600342834106,"[0.03553291744516522, 1.3232182501035146, -0.9476119844664097, -0.0816995130453048, 1.4551473947175135, 1.0574563621002186, -0.11197127175611298, 1.563058739268382, 0.9555793853271397]"
prism3,264,/home/humanoid/Programs/hand/results/phase1/run_20260413_pollard_multiscene_500_run3/prism3/generated_mjcf/scene_prism3_tn0d0098p0d0167p0d0098_ip0d0048n0d0056p0d0000_mp0d0081p0d0076p0d0092.xml,prism_y0d0350,True,0.02,4.0,0.45,0.4,1.0,1.0,6.427819641625157,0.04840960340001468,4.0,0.00614142541347458,0.054450807092191834,0.001854318442367324,1.6195380430863993e-05,1.0,1.0,1.0,1.0,1.0,1.0,0.0,0.029886569820272702,0.00971836088986274,-0.0098174312859883,0.016710597855835244,0.009785136624631905,0.0047505379522936875,-0.00558731996764574,0.0,0.008118077130715488,0.007604253555346375,0.009153488997293208,"[0.03553291744516522, 1.3232182501035146, -0.9476119844664097, -0.0816995130453048, 1.4551473947175135, 1.0574563621002186, -0.11197127175611298, 1.563058739268382, 0.9555793853271397]"
prism3,265,/home/humanoid/Programs/hand/results/phase1/run_20260413_pollard_multiscene_500_run3/prism3/generated_mjcf/scene_prism3_tp0d0104p0d0234p0d0093_ip0d0069n0d0004p0d0081_mp0d0154p0d0049p0d0096.xml,prism_y0d0350,True,0.02,4.0,0.45,0.4,1.0,1.0,6.476873219671891,0.049978647442613953,4.0,0.006139678306506546,0.021458822847599722,0.0026461369875432337,0.0,1.0,1.0,1.0,1.0,1.0,1.0,0.0,0.034920470266887514,0.012167937174597817,0.010405971119882437,0.023402318434891774,0.009318597065959895,0.006870174315362881,-0.0003758602573515988,0.008054351980537874,0.01539809898290241,0.004941483542359303,0.009625898391971525,"[0.03553291744516522, 1.3232182501035146, -0.9476119844664097, -0.0816995130453048, 1.4551473947175135, 1.0574563621002186, -0.11197127175611298, 1.563058739268382, 0.9555793853271397]"
prism3,266,/home/humanoid/Programs/hand/results/phase1/run_20260413_pollard_multiscene_500_run3/prism3/generated_mjcf/scene_prism3_tp0d0080p0d0162p0d0000_in0d0002n0d0171p0d0000_mp0d0071p0d0218p0d0095.xml,prism_y0d0350,True,0.02,4.0,0.45,0.4,1.0,1.0,6.451991270549928,0.04876345852921182,4.0,0.005971722225648516,0.11680278904283227,0.0006238600712787398,4.832914445475345e-05,1.0,1.0,1.0,1.0,1.0,1.0,0.0,0.018883863114649763,0.004117883777968234,0.008007112781741085,0.016238264649913087,0.0,-0.00016892381827874302,-0.01712363596371593,0.0,0.0070856367373131526,0.021809635629245268,0.009472099338838351,"[0.03553291744516522, 1.3232182501035146, -0.9476119844664097, -0.0816995130453048, 1.4551473947175135, 1.0574563621002186, -0.11197127175611298, 1.563058739268382, 0.9555793853271397]"
prism3,267,/home/humanoid/Programs/hand/results/phase1/run_20260413_pollard_multiscene_500_run3/prism3/generated_mjcf/scene_prism3_tn0d0019p0d0119p0d0097_ip0d0014n0d0097p0d0004_mp0d0076p0d0068p0d0027.xml,prism_y0d0350,True,0.02,4.0,0.45,0.4,1.0,1.0,6.826082151529507,0.04796888376635058,5.0,0.006044394975261995,0.04129081336174364,0.0013027093132870927,8.388785406150678e-05,1.0,1.0,1.0,1.0,1.0,1.0,0.0,0.022575275161876362,0.0062963660952833345,-0.0019033786639038597,0.011918802303719365,0.009742141364256777,0.001446421396381646,-0.009701845637100453,0.0004247947514453253,0.007597777885475282,0.006785559441029652,0.0026801896733662112,"[0.03553291744516522, 1.3232182501035146, -0.9476119844664097, -0.0816995130453048, 1.4551473947175135, 1.0574563621002186, -0.11197127175611298, 1.563058739268382, 0.9555793853271397]"
prism3,268,/home/humanoid/Programs/hand/results/phase1/run_20260413_pollard_multiscene_500_run3/prism3/generated_mjcf/scene_prism3_tp0d0102p0d0138p0d0107_ip0d0106n0d0072p0d0004_mp0d0019p0d0053p0d0000.xml,prism_y0d0350,True,0.02,4.0,0.45,0.4,1.0,1.0,6.346987000705635,0.048207425575199594,4.0,0.0061131412446614915,0.1652496811124647,0.0054387216626265,0.0,1.0,1.0,1.0,1.0,1.0,1.0,0.0,0.05677132897027431,0.027711001648249856,0.010192050973665118,0.013796870560345172,0.01073217435091527,0.010556599209052135,-0.0072346864002176565,0.00041095213145756447,0.001934188977885925,0.0052613143908337,0.0,"[0.03553291744516522, 1.3232182501035146, -0.9476119844664097, -0.0816995130453048, 1.4551473947175135, 1.0574563621002186, -0.11197127175611298, 1.563058739268382, 0.9555793853271397]"
prism3,269,/home/humanoid/Programs/hand/results/phase1/run_20260413_pollard_multiscene_500_run3/prism3/generated_mjcf/scene_prism3_tn0d0109p0d0188p0d0000_ip0d0152n0d0147p0d0000_mp0d0012p0d0206p0d0000.xml,prism_y0d0350,True,0.02,4.0,0.45,0.4,1.0,1.0,6.774781939128133,0.0529547795369431,5.0,0.006189876480655394,0.2256737650406295,0.009848186457352462,0.0,1.0,1.0,1.0,1.0,1.0,1.0,0.0,0.13502029706013693,0.07659022228643537,-0.010892479043909305,0.018761057623916402,0.0,0.015191856500809777,-0.0146572238066505,0.0,0.0012429278075790622,0.02056014077460063,0.0,"[0.03553291744516522, 1.3232182501035146, -0.9476119844664097, -0.0816995130453048, 1.4551473947175135, 1.0574563621002186, -0.11197127175611298, 1.563058739268382, 0.9555793853271397]"
prism3,270,/home/humanoid/Programs/hand/results/phase1/run_20260413_pollard_multiscene_500_run3/prism3/generated_mjcf/scene_prism3_tp0d0063p0d0244p0d0034_in0d0017n0d0047p0d0028_mp0d0126p0d0234p0d0000.xml,prism_y0d0350,True,0.02,4.0,0.45,0.4,1.0,1.0,6.482979401196235,0.04986720189697671,4.0,0.005975647580136978,0.06060438717816127,0.0014738189739841136,5.958792777205346e-06,1.0,1.0,1.0,1.0,1.0,1.0,0.0,0.028979717757354792,0.006873149692734282,0.006326404225126845,0.024413539928309608,0.0034358131538734186,-0.0016652041607701385,-0.004704614173634861,0.002849669393877664,0.012557523978918841,0.023357815300913888,0.0,"[0.03553291744516522, 1.3232182501035146, -0.9476119844664097, -0.0816995130453048, 1.4551473947175135, 1.0574563621002186, -0.11197127175611298, 1.563058739268382, 0.9555793853271397]"
prism3,271,/home/humanoid/Programs/hand/results/phase1/run_20260413_pollard_multiscene_500_run3/prism3/generated_mjcf/scene_prism3_tp0d0022p0d0300p0d0079_ip0d0201n0d0117p0d0000_mp0d0139p0d0232p0d0000.xml,prism_y0d0350,True,0.02,4.0,0.45,0.4,1.0,1.0,7.281848087829854,0.05023425513124448,6.0,0.007307827268760343,0.05234798931284037,0.0019123133770625488,0.0005090819957170867,1.0,1.0,1.0,1.0,1.0,1.0,0.0,0.020011397439839734,0.03257745435687274,0.002245291327922347,0.03,0.007914847084908486,0.020077243035357552,-0.01173371425264643,0.0,0.013901697245508137,0.023176085596049063,0.0,"[0.03553291744516522, 1.3232182501035146, -0.9476119844664097, -0.0816995130453048, 1.4551473947175135, 1.0574563621002186, -0.11197127175611298, 1.563058739268382, 0.9555793853271397]"
prism3,272,/home/humanoid/Programs/hand/results/phase1/run_20260413_pollard_multiscene_500_run3/prism3/generated_mjcf/scene_prism3_tn0d0009p0d0148p0d0000_ip0d0185n0d0080p0d0009_mp0d0179p0d0092p0d0042.xml,prism_y0d0350,True,0.02,4.0,0.45,0.4,1.0,1.0,6.424917958929588,0.04868460042931166,4.0,0.006091979628821124,0.054653337532739835,0.0037312070356399414,1.4526563518094116e-05,1.0,1.0,1.0,1.0,1.0,1.0,0.0,0.030648870202145812,0.010901330061129274,-0.0009488846215536303,0.014802931966176474,0.0,0.01846619001000817,-0.008015341938986174,0.0008936013470664285,0.01788502974286396,0.009203218882619397,0.0041798237366650025,"[0.03553291744516522, 1.3232182501035146, -0.9476119844664097, -0.0816995130453048, 1.4551473947175135, 1.0574563621002186, -0.11197127175611298, 1.563058739268382, 0.9555793853271397]"
prism3,273,/home/humanoid/Programs/hand/results/phase1/run_20260413_pollard_multiscene_500_run3/prism3/generated_mjcf/scene_prism3_tp0d0108p0d0274p0d0048_ip0d0186n0d0162p0d0000_mn0d0018p0d0200p0d0087.xml,prism_y0d0350,True,0.02,4.0,0.45,0.4,1.0,1.0,6.422917180988385,0.04991641531442291,6.0,0.007760081642436398,0.22228159254565294,0.003763490702093025,0.0012993202763594974,1.0,1.0,1.0,0.7805555555555556,0.7805555555555556,0.7805555555555556,0.21944444444444444,0.01747998778856477,0.059284355064516014,0.010793172744159973,0.027385637090943743,0.004834036143599344,0.01858721372341072,-0.016209668619703015,0.0,-0.001767901577034518,0.0199563224460901,0.00869297932588134,"[0.03553291744516522, 1.3232182501035146, -0.9476119844664097, -0.0816995130453048, 1.4551473947175135, 1.0574563621002186, -0.11197127175611298, 1.563058739268382, 0.9555793853271397]"
prism3,274,/home/humanoid/Programs/hand/results/phase1/run_20260413_pollard_multiscene_500_run3/prism3/generated_mjcf/scene_prism3_tn0d0019p0d0292p0d0078_ip0d0164n0d0156p0d0069_mp0d0127p0d0262p0d0000.xml,prism_y0d0350,True,0.02,4.0,0.45,0.4,1.0,1.0,7.264106050394374,0.04945967113850342,6.0,0.007392399440107324,0.04792315761740691,0.0013471112972712168,0.0008294507772940579,1.0,1.0,1.0,1.0,1.0,1.0,0.0,0.013997489601166155,0.025951200436194793,-0.001916376052160879,0.029220051372745175,0.007795485310387259,0.016412015641354603,-0.015575520612575037,0.006911623253098489,0.012731054858623922,0.026173867771679467,0.0,"[0.03553291744516522, 1.3232182501035146, -0.9476119844664097, -0.0816995130453048, 1.4551473947175135, 1.0574563621002186, -0.11197127175611298, 1.563058739268382, 0.9555793853271397]"
prism3,275,/home/humanoid/Programs/hand/results/phase1/run_20260413_pollard_multiscene_500_run3/prism3/generated_mjcf/scene_prism3_tp0d0071p0d0185p0d0000_in0d0012n0d0020p0d0000_mp0d0187p0d0125p0d0095.xml,prism_y0d0350,True,0.02,4.0,0.45,0.4,1.0,1.0,6.885128081556821,0.04926812711901063,5.0,0.0059559570491488426,0.05667774071406485,0.0007465180391460822,4.137244271520957e-05,1.0,1.0,1.0,1.0,1.0,1.0,0.0,0.011438794209256158,0.004856841292856092,0.007096762773567841,0.018535196712838996,0.0,-0.0012487005109433433,-0.0020060342785642327,0.0,0.018711648686793855,0.012456268016773565,0.009485944431065776,"[0.03553291744516522, 1.3232182501035146, -0.9476119844664097, -0.0816995130453048, 1.4551473947175135, 1.0574563621002186, -0.11197127175611298, 1.563058739268382, 0.9555793853271397]"
prism3,276,/home/humanoid/Programs/hand/results/phase1/run_20260413_pollard_multiscene_500_run3/prism3/generated_mjcf/scene_prism3_tn0d0045p0d0240p0d0000_ip0d0060n0d0088p0d0066_mp0d0014p0d0053p0d0000.xml,prism_y0d0350,True,0.02,4.0,0.45,0.4,1.0,1.0,6.886209373394035,0.05262386161756022,5.0,0.006485751322379589,0.19506612155605194,0.0006273046268853469,0.0,1.0,1.0,1.0,1.0,1.0,1.0,0.0,0.07895379610429586,0.06135347695359591,-0.004471530539230569,0.02395252102903216,0.0,0.006041774072952371,-0.008778636947116529,0.006612827788071422,0.0013904042544706126,0.005326566761932524,0.0,"[0.03553291744516522, 1.3232182501035146, -0.9476119844664097, -0.0816995130453048, 1.4551473947175135, 1.0574563621002186, -0.11197127175611298, 1.563058739268382, 0.9555793853271397]"
prism3,277,/home/humanoid/Programs/hand/results/phase1/run_20260413_pollard_multiscene_500_run3/prism3/generated_mjcf/scene_prism3_tn0d0085p0d0138p0d0102_ip0d0198n0d0095p0d0098_mp0d0050p0d0056p0d0000.xml,prism_y0d0350,True,0.02,4.0,0.45,0.4,1.0,1.0,7.16782181247421,0.05033628304087674,6.0,0.006283432994792843,0.20420819984872654,0.008256094859931788,0.0,1.0,1.0,1.0,1.0,1.0,1.0,0.0,0.07932106874669936,0.04378472016658602,-0.00849020040187634,0.013832043402543716,0.010161341910743568,0.019754372950554135,-0.009469899963966253,0.009754122039431785,0.005023702370497475,0.005560181100361002,0.0,"[0.03553291744516522, 1.3232182501035146, -0.9476119844664097, -0.0816995130453048, 1.4551473947175135, 1.0574563621002186, -0.11197127175611298, 1.563058739268382, 0.9555793853271397]"
prism3,278,/home/humanoid/Programs/hand/results/phase1/run_20260413_pollard_multiscene_500_run3/prism3/generated_mjcf/scene_prism3_tp0d0091p0d0087p0d0090_ip0d0090n0d0064p0d0007_mp0d0002p0d0209p0d0000.xml,prism_y0d0350,False,0.02,4.0,0.45,0.4,0.0,1.0,-0.08519683553317528,0.044662291193751605,5.0,0.006520407515244825,21.092966269479337,0.048453687509257076,0.01298148372793298,0.8722222222222222,0.9611111111111111,0.1638888888888889,0.8722222222222222,0.1638888888888889,0.1638888888888889,0.7972222222222223,0.058153937598650306,0.2023636978342942,0.009110489609144803,0.008677276423585517,0.008999429842825458,0.008984969193119195,-0.006433298849497485,0.0006513275308667656,0.00016650763492232802,0.02091045788924164,0.0,"[0.03553291744516522, 1.3232182501035146, -0.9476119844664097, -0.0816995130453048, 1.4551473947175135, 1.0574563621002186, -0.11197127175611298, 1.563058739268382, 0.9555793853271397]"
prism3,279,/home/humanoid/Programs/hand/results/phase1/run_20260413_pollard_multiscene_500_run3/prism3/generated_mjcf/scene_prism3_tp0d0107p0d0203p0d0035_in0d0017n0d0210p0d0076_mn0d0006p0d0043p0d0000.xml,prism_y0d0350,True,0.02,4.0,0.45,0.4,1.0,1.0,4.575874561117368,0.048265455449042004,5.0,0.007865339410536824,1.339210739700376,0.009007557122917965,0.008000040451699275,1.0,1.0,1.0,0.4777777777777778,0.4777777777777778,0.4777777777777778,0.5222222222222221,0.014790374487166252,0.10393577435581107,0.010680652573989403,0.02028025196755389,0.0034878590242971314,-0.001651941370340004,-0.021006328028755378,0.007617746444018626,-0.0006043381044495855,0.004307480844639333,0.0,"[0.03553291744516522, 1.3232182501035146, -0.9476119844664097, -0.0816995130453048, 1.4551473947175135, 1.0574563621002186, -0.11197127175611298, 1.563058739268382, 0.9555793853271397]"
prism3,280,/home/humanoid/Programs/hand/results/phase1/run_20260413_pollard_multiscene_500_run3/prism3/generated_mjcf/scene_prism3_tn0d0078p0d0260p0d0040_ip0d0170n0d0060p0d0000_mp0d0039p0d0256p0d0009.xml,prism_y0d0350,True,0.02,4.0,0.45,0.4,1.0,1.0,7.157980603326965,0.05203890868350888,6.0,0.006229957472105835,0.15349182156430904,0.01069607137166767,0.0,1.0,1.0,1.0,1.0,1.0,1.0,0.0,0.12693298464741126,0.0735761990791415,-0.007815997886244007,0.026014632824952713,0.003963593641860802,0.01697867174625963,-0.006016436256747587,0.0,0.0039335958645995905,0.025588962022507003,0.0008507281091946969,"[0.03553291744516522, 1.3232182501035146, -0.9476119844664097, -0.0816995130453048, 1.4551473947175135, 1.0574563621002186, -0.11197127175611298, 1.563058739268382, 0.9555793853271397]"
prism3,281,/home/humanoid/Programs/hand/results/phase1/run_20260413_pollard_multiscene_500_run3/prism3/generated_mjcf/scene_prism3_tp0d0049p0d0300p0d0102_ip0d0202n0d0145p0d0009_mn0d0004p0d0044p0d0008.xml,prism_y0d0350,False,0.02,4.0,0.45,0.4,0.0,1.0,3.292643220757074,0.04923299272638112,5.0,0.007646684753613006,0.1750453055082116,0.001828162148910203,0.001194886110156751,1.0,1.0,1.0,0.022222222222222223,0.022222222222222223,0.022222222222222223,0.9777777777777777,0.025534369661304786,0.03623876691232201,0.0048956966144989775,0.03,0.01024569696703537,0.02024412345182712,-0.01445113637154469,0.0008572589896428326,-0.00038753717582618377,0.004445373004833839,0.0008281454690186804,"[0.03553291744516522, 1.3232182501035146, -0.9476119844664097, -0.0816995130453048, 1.4551473947175135, 1.0574563621002186, -0.11197127175611298, 1.563058739268382, 0.9555793853271397]"
prism3,282,/home/humanoid/Programs/hand/results/phase1/run_20260413_pollard_multiscene_500_run3/prism3/generated_mjcf/scene_prism3_tn0d0065p0d0165p0d0000_ip0d0092n0d0020p0d0000_mn0d0000p0d0262p0d0033.xml,prism_y0d0350,True,0.02,4.0,0.45,0.4,1.0,1.0,5.672440436772595,0.04963036289462319,5.0,0.006200819393771585,0.4362387092224355,0.01308080264866452,0.0,1.0,1.0,0.7444444444444445,1.0,0.7444444444444445,0.7444444444444445,0.25555555555555554,0.14337963823799396,0.08984073047665447,-0.0064790503642382325,0.016456295363345405,0.0,0.009204583455362582,-0.0020444669577706093,0.0,-4.283315304138592e-05,0.02617827396598007,0.003291006560961051,"[0.03553291744516522, 1.3232182501035146, -0.9476119844664097, -0.0816995130453048, 1.4551473947175135, 1.0574563621002186, -0.11197127175611298, 1.563058739268382, 0.9555793853271397]"
prism3,283,/home/humanoid/Programs/hand/results/phase1/run_20260413_pollard_multiscene_500_run3/prism3/generated_mjcf/scene_prism3_tn0d0031p0d0201p0d0000_ip0d0055n0d0234p0d0000_mp0d0094p0d0053p0d0000.xml,prism_y0d0350,False,0.02,4.0,0.45,0.4,0.0,1.0,2.8496811185343516,0.05025774929350338,4.0,0.007753176175766793,0.16897992935920095,0.002958573965375301,0.0005543007615300133,1.0,1.0,1.0,0.0,0.0,0.0,1.0,0.0253975910696983,0.037372241965084464,-0.0031127119824599214,0.02006981702162479,0.0,0.005466174877173833,-0.02337288165376357,0.0,0.009384004791361464,0.005280066378183639,0.0,"[0.03553291744516522, 1.3232182501035146, -0.9476119844664097, -0.0816995130453048, 1.4551473947175135, 1.0574563621002186, -0.11197127175611298, 1.563058739268382, 0.9555793853271397]"
prism3,284,/home/humanoid/Programs/hand/results/phase1/run_20260413_pollard_multiscene_500_run3/prism3/generated_mjcf/scene_prism3_tp0d0022p0d0287p0d0000_ip0d0067n0d0176p0d0000_mp0d0210p0d0137p0d0074.xml,prism_y0d0350,False,0.02,4.0,0.45,0.4,0.0,1.0,2.78768137562177,0.050122279048300925,4.0,0.010793875242581333,0.44090514583982743,0.002902247081701939,0.00138180403848924,1.0,1.0,1.0,0.0,0.0,0.0,1.0,0.02305745564948535,0.043644564212115024,0.002212310947044818,0.02869211517064582,0.0,0.006708244949966628,-0.01764560311344707,0.0,0.021043563899319072,0.01369403107788724,0.007426207120405568,"[0.03553291744516522, 1.3232182501035146, -0.9476119844664097, -0.0816995130453048, 1.4551473947175135, 1.0574563621002186, -0.11197127175611298, 1.563058739268382, 0.9555793853271397]"
prism3,285,/home/humanoid/Programs/hand/results/phase1/run_20260413_pollard_multiscene_500_run3/prism3/generated_mjcf/scene_prism3_tn0d0084p0d0191p0d0000_ip0d0129n0d0082p0d0000_mp0d0028p0d0260p0d0000.xml,prism_y0d0350,True,0.02,4.0,0.45,0.4,1.0,1.0,6.41312311042058,0.049415348137063234,4.0,0.006000219953086076,0.17450131729783416,0.0023601348152178596,0.0,1.0,1.0,1.0,1.0,1.0,1.0,0.0,0.0565444879965095,0.01506627997593718,-0.008405726046085821,0.019073435037175346,0.0,0.012935896814125858,-0.00815431003527776,0.0,0.0027588733677943976,0.025973744589380045,0.0,"[0.03553291744516522, 1.3232182501035146, -0.9476119844664097, -0.0816995130453048, 1.4551473947175135, 1.0574563621002186, -0.11197127175611298, 1.563058739268382, 0.9555793853271397]"
prism3,286,/home/humanoid/Programs/hand/results/phase1/run_20260413_pollard_multiscene_500_run3/prism3/generated_mjcf/scene_prism3_tn0d0090p0d0210p0d0000_ip0d0172n0d0077p0d0024_mn0d0016p0d0134p0d0013.xml,prism_y0d0350,True,0.02,4.0,0.45,0.4,1.0,1.0,7.260255909326464,0.05280911477061502,6.0,0.006302381635002041,0.14464419322155223,0.005634283797994139,0.0,1.0,1.0,1.0,1.0,1.0,1.0,0.0,0.0907123129299003,0.0584873993479176,-0.009001236509937414,0.02100112448579263,0.0,0.01721810354913557,-0.0077228019599049815,0.0023983580415141703,-0.0016289059240286,0.013441268146257172,0.0012518988941378137,"[0.03553291744516522, 1.3232182501035146, -0.9476119844664097, -0.0816995130453048, 1.4551473947175135, 1.0574563621002186, -0.11197127175611298, 1.563058739268382, 0.9555793853271397]"
prism3,287,/home/humanoid/Programs/hand/results/phase1/run_20260413_pollard_multiscene_500_run3/prism3/generated_mjcf/scene_prism3_tp0d0063p0d0162p0d0105_ip0d0087n0d0222p0d0000_mp0d0182p0d0078p0d0000.xml,prism_y0d0350,True,0.02,4.0,0.45,0.4,1.0,1.0,6.025528341618512,0.05266349636636951,5.0,0.006160714894920065,0.1234797364631059,0.022002319708001164,0.0,1.0,1.0,1.0,0.8111111111111111,0.8111111111111111,0.8111111111111111,0.18888888888888888,0.1324873296693089,0.08469878605559628,0.00633181775487205,0.016181871156262087,0.010455111243500573,0.008714684321061249,-0.022231677971918745,0.0,0.018187127618197026,0.007814269022686898,0.0,"[0.03553291744516522, 1.3232182501035146, -0.9476119844664097, -0.0816995130453048, 1.4551473947175135, 1.0574563621002186, -0.11197127175611298, 1.563058739268382, 0.9555793853271397]"
prism3,288,/home/humanoid/Programs/hand/results/phase1/run_20260413_pollard_multiscene_500_run3/prism3/generated_mjcf/scene_prism3_tp0d0115p0d0098p0d0000_ip0d0085n0d0127p0d0012_mp0d0144p0d0127p0d0000.xml,prism_y0d0350,True,0.02,4.0,0.45,0.4,1.0,1.0,6.489089493481345,0.049235642441211924,4.0,0.00597520438977103,0.033566308420910296,0.0011543132908710795,0.00013598472209906676,1.0,1.0,1.0,1.0,1.0,1.0,0.0,0.007574663959888334,0.002080553096181085,0.011460868883163687,0.009762413078867424,0.0,0.008545145846799607,-0.012748572233989645,0.0011622812345442306,0.01444109386570142,0.01268352312304752,0.0,"[0.03553291744516522, 1.3232182501035146, -0.9476119844664097, -0.0816995130453048, 1.4551473947175135, 1.0574563621002186, -0.11197127175611298, 1.563058739268382, 0.9555793853271397]"
prism3,289,/home/humanoid/Programs/hand/results/phase1/run_20260413_pollard_multiscene_500_run3/prism3/generated_mjcf/scene_prism3_tn0d0039p0d0085p0d0000_ip0d0189n0d0223p0d0000_mp0d0199p0d0232p0d0057.xml,prism_y0d0350,True,0.02,4.0,0.45,0.4,1.0,1.0,6.576980391863483,0.05013558853886419,5.0,0.006040747480362401,0.9696492859886366,0.01029781200673548,0.0,1.0,1.0,1.0,1.0,1.0,1.0,0.0,0.12612011951492028,0.06465865516482204,-0.003870887941646299,0.008510068425696645,2.147707110125921e-05,0.01885922406736481,-0.022279129763833748,0.0,0.01991354447765125,0.02322728882972728,0.005719401483067134,"[0.03553291744516522, 1.3232182501035146, -0.9476119844664097, -0.0816995130453048, 1.4551473947175135, 1.0574563621002186, -0.11197127175611298, 1.563058739268382, 0.9555793853271397]"
prism3,290,/home/humanoid/Programs/hand/results/phase1/run_20260413_pollard_multiscene_500_run3/prism3/generated_mjcf/scene_prism3_tp0d0051p0d0082p0d0000_ip0d0193n0d0070p0d0000_mp0d0115p0d0182p0d0087.xml,prism_y0d0350,True,0.02,4.0,0.45,0.4,1.0,1.0,4.902717712867487,0.05573238134997055,5.0,0.0061908082670239575,0.6799680468347264,0.015657323917828883,0.0,1.0,1.0,0.4888888888888889,1.0,0.4888888888888889,0.4888888888888889,0.5111111111111111,0.14457048965465338,0.11004875532119711,0.005055008645931079,0.008185205435119115,0.0,0.01934739605709703,-0.006966878221227218,0.0,0.011454308082746533,0.01816028704682608,0.00872756449685435,"[0.03553291744516522, 1.3232182501035146, -0.9476119844664097, -0.0816995130453048, 1.4551473947175135, 1.0574563621002186, -0.11197127175611298, 1.563058739268382, 0.9555793853271397]"
prism3,291,/home/humanoid/Programs/hand/results/phase1/run_20260413_pollard_multiscene_500_run3/prism3/generated_mjcf/scene_prism3_tp0d0012p0d0285p0d0057_ip0d0219n0d0161p0d0004_mp0d0131p0d0037p0d0009.xml,prism_y0d0350,False,0.02,4.0,0.45,0.4,0.0,1.0,2.915401804244862,0.05066023305995473,4.0,0.008605234052969419,0.02943607098934151,0.0009487120655472076,3.939051338956723e-05,1.0,1.0,1.0,0.0,0.0,0.0,1.0,0.01791518109329646,0.024000668903917832,0.0011675607980005179,0.028504627364427576,0.005683773219259367,0.021921120502234,-0.0161110624862868,0.0003764815038989691,0.013144409882243904,0.003657131779178981,0.0009398724230132525,"[0.03553291744516522, 1.3232182501035146, -0.9476119844664097, -0.0816995130453048, 1.4551473947175135, 1.0574563621002186, -0.11197127175611298, 1.563058739268382, 0.9555793853271397]"
prism3,292,/home/humanoid/Programs/hand/results/phase1/run_20260413_pollard_multiscene_500_run3/prism3/generated_mjcf/scene_prism3_tn0d0007p0d0147p0d0028_ip0d0153n0d0082p0d0098_mp0d0092p0d0204p0d0000.xml,prism_y0d0350,True,0.02,4.0,0.45,0.4,1.0,1.0,6.456626301621587,0.04969159523907908,4.0,0.006030830013528582,0.11624334074454758,0.0019588564592231596,0.0,1.0,1.0,1.0,1.0,1.0,1.0,0.0,0.03657598878941667,0.009504486125372727,-0.0007184741400830547,0.01468910288390311,0.002774784877777955,0.015310920802742338,-0.008214660937163899,0.009752546374078058,0.009160696680455747,0.02038979583550536,0.0,"[0.03553291744516522, 1.3232182501035146, -0.9476119844664097, -0.0816995130453048, 1.4551473947175135, 1.0574563621002186, -0.11197127175611298, 1.563058739268382, 0.9555793853271397]"
prism3,293,/home/humanoid/Programs/hand/results/phase1/run_20260413_pollard_multiscene_500_run3/prism3/generated_mjcf/scene_prism3_tp0d0037p0d0112p0d0071_ip0d0175n0d0210p0d0102_mp0d0097p0d0252p0d0088.xml,prism_y0d0350,True,0.02,4.0,0.45,0.4,1.0,1.0,6.4604737566988595,0.0495434240009532,4.0,0.006131349001097755,0.17898130989579644,0.0014378882876258864,0.0003632971798026574,1.0,1.0,1.0,1.0,1.0,1.0,0.0,0.020032679743626203,0.002833226441848099,0.0036691643059410285,0.011168031677914055,0.0071035064157143404,0.0174874152173558,-0.020957483863618308,0.010198679753684964,0.009739292327807252,0.02521756734457692,0.008761185573953705,"[0.03553291744516522, 1.3232182501035146, -0.9476119844664097, -0.0816995130453048, 1.4551473947175135, 1.0574563621002186, -0.11197127175611298, 1.563058739268382, 0.9555793853271397]"
prism3,294,/home/humanoid/Programs/hand/results/phase1/run_20260413_pollard_multiscene_500_run3/prism3/generated_mjcf/scene_prism3_tn0d0035p0d0255p0d0092_ip0d0220n0d0182p0d0069_mp0d0073p0d0049p0d0000.xml,prism_y0d0350,True,0.02,4.0,0.45,0.4,1.0,1.0,6.894765411885773,0.05021695030935397,5.0,0.0076061847303574405,0.09935126934490554,0.0008109398015929042,0.0,1.0,1.0,1.0,1.0,1.0,1.0,0.0,0.016841907144336518,0.022010486250541195,-0.00351831237667977,0.025495617737661246,0.009156647508028078,0.021974611422218154,-0.01821873944673156,0.006935634176224802,0.007288732641296144,0.00493313314308352,0.0,"[0.03553291744516522, 1.3232182501035146, -0.9476119844664097, -0.0816995130453048, 1.4551473947175135, 1.0574563621002186, -0.11197127175611298, 1.563058739268382, 0.9555793853271397]"
prism3,295,/home/humanoid/Programs/hand/results/phase1/run_20260413_pollard_multiscene_500_run3/prism3/generated_mjcf/scene_prism3_tn0d0082p0d0253p0d0011_ip0d0016n0d0098p0d0000_mp0d0117p0d0116p0d0062.xml,prism_y0d0350,True,0.02,4.0,0.45,0.4,1.0,1.0,6.460954528566482,0.051047210671860396,5.0,0.00616599016671806,2.026294835906609,0.009190116506761976,0.0,1.0,1.0,1.0,1.0,1.0,1.0,0.0,0.12364737312545891,0.0612671341263476,-0.008178759147431179,0.025331847446003544,0.001087236685787342,0.0016476684369086982,-0.009787920706200234,0.0,0.011729520074112366,0.011553854061680871,0.006205224653234687,"[0.03553291744516522, 1.3232182501035146, -0.9476119844664097, -0.0816995130453048, 1.4551473947175135, 1.0574563621002186, -0.11197127175611298, 1.563058739268382, 0.9555793853271397]"
prism3,296,/home/humanoid/Programs/hand/results/phase1/run_20260413_pollard_multiscene_500_run3/prism3/generated_mjcf/scene_prism3_tn0d0002p0d0278p0d0000_ip0d0077n0d0177p0d0046_mp0d0203p0d0050p0d0020.xml,prism_y0d0350,False,0.02,4.0,0.45,0.4,0.0,1.0,2.7660301181366265,0.04984536794165005,4.0,0.010334651838528218,0.5571534840943836,0.0032035023355794934,0.0008906222047577739,1.0,1.0,1.0,0.0,0.0,0.0,1.0,0.021850177542662146,0.04511355103335862,-0.00015416017301602032,0.027773560750257678,0.0,0.007718942933178331,-0.017747004977604473,0.004648640008873196,0.02026589269461712,0.0049933181981731065,0.0020139967953742392,"[0.03553291744516522, 1.3232182501035146, -0.9476119844664097, -0.0816995130453048, 1.4551473947175135, 1.0574563621002186, -0.11197127175611298, 1.563058739268382, 0.9555793853271397]"
prism3,297,/home/humanoid/Programs/hand/results/phase1/run_20260413_pollard_multiscene_500_run3/prism3/generated_mjcf/scene_prism3_tp0d0008p0d0282p0d0000_ip0d0131n0d0171p0d0028_mp0d0177p0d0061p0d0041.xml,prism_y0d0350,False,0.02,4.0,0.45,0.4,0.0,1.0,2.8648127802041654,0.050561328616666665,4.0,0.009774303482226366,0.21581269866476763,0.0018671401259219983,0.00026437954854267864,1.0,1.0,1.0,0.0,0.0,0.0,1.0,0.021458428424911306,0.0341587717040898,0.000815779144444511,0.028211465826351836,0.0,0.013139347840734162,-0.01714673167083658,0.002803141927126355,0.0176961014806665,0.00614913157120987,0.0041202523988489136,"[0.03553291744516522, 1.3232182501035146, -0.9476119844664097, -0.0816995130453048, 1.4551473947175135, 1.0574563621002186, -0.11197127175611298, 1.563058739268382, 0.9555793853271397]"
prism3,298,/home/humanoid/Programs/hand/results/phase1/run_20260413_pollard_multiscene_500_run3/prism3/generated_mjcf/scene_prism3_tn0d0092p0d0267p0d0005_ip0d0126n0d0147p0d0000_mp0d0023p0d0230p0d0000.xml,prism_y0d0350,True,0.02,4.0,0.45,0.4,1.0,1.0,7.309755130088911,0.05113401619320489,6.0,0.007123499813617061,0.06358194644690207,0.0024245236560608723,0.0,1.0,1.0,1.0,1.0,1.0,1.0,0.0,0.021811933050726633,0.03958414018379628,-0.009185210927350775,0.0267390675875718,0.0005237638250960661,0.012588960759808959,-0.014729614321042037,0.0,0.0022573238581196304,0.022973699460279016,0.0,"[0.03553291744516522, 1.3232182501035146, -0.9476119844664097, -0.0816995130453048, 1.4551473947175135, 1.0574563621002186, -0.11197127175611298, 1.563058739268382, 0.9555793853271397]"
prism3,299,/home/humanoid/Programs/hand/results/phase1/run_20260413_pollard_multiscene_500_run3/prism3/generated_mjcf/scene_prism3_tp0d0025p0d0244p0d0000_ip0d0009n0d0205p0d0000_mp0d0095p0d0115p0d0000.xml,prism_y0d0350,False,0.02,4.0,0.45,0.4,0.0,1.0,1.3663234378338327,0.04902716080489914,4.0,0.009196485819151683,8.335040624470029,0.01693402762830535,0.005180231136348357,1.0,1.0,1.0,0.0,0.0,0.0,1.0,0.055997363730415056,0.12242764378480402,0.0024576653184970546,0.02444624310989508,0.0,0.0008936360140304918,-0.02048514239956397,0.0,0.009460658705404006,0.011545983898964985,0.0,"[0.03553291744516522, 1.3232182501035146, -0.9476119844664097, -0.0816995130453048, 1.4551473947175135, 1.0574563621002186, -0.11197127175611298, 1.563058739268382, 0.9555793853271397]"
prism3,300,/home/humanoid/Programs/hand/results/phase1/run_20260413_pollard_multiscene_500_run3/prism3/generated_mjcf/scene_prism3_tp0d0094p0d0142p0d0000_ip0d0056n0d0181p0d0000_mp0d0037p0d0114p0d0014.xml,prism_y0d0350,True,0.02,4.0,0.45,0.4,1.0,1.0,6.574444966796012,0.0504664498131543,5.0,0.006032992209794491,0.39967989152949873,0.021145845801230835,0.0,1.0,1.0,1.0,1.0,1.0,1.0,0.0,0.14645665812850087,0.093062151158977,0.009431031573822978,0.014164555004429542,0.0,0.00556078548670369,-0.018113495420479627,0.0,0.0036790674553866948,0.011413671818710076,0.0013515823514384066,"[0.03553291744516522, 1.3232182501035146, -0.9476119844664097, -0.0816995130453048, 1.4551473947175135, 1.0574563621002186, -0.11197127175611298, 1.563058739268382, 0.9555793853271397]"
prism3,301,/home/humanoid/Programs/hand/results/phase1/run_20260413_pollard_multiscene_500_run3/prism3/generated_mjcf/scene_prism3_tn0d0104p0d0096p0d0000_ip0d0086n0d0117p0d0000_mn0d0013p0d0246p0d0000.xml,prism_y0d0350,False,0.02,4.0,0.45,0.4,0.0,1.0,2.804958794279418,0.050449034711642915,4.0,0.010303043984037098,0.47753587374460416,0.0031686894186754863,0.0001391036080865965,1.0,1.0,0.0,1.0,0.0,0.0,1.0,0.01807962839426206,0.05951988678993073,-0.010382832062159196,0.009638444673624548,0.0,0.008577721457837703,-0.011651469081633956,0.0,-0.0013082337057049656,0.024552623259387223,0.0,"[0.03553291744516522, 1.3232182501035146, -0.9476119844664097, -0.0816995130453048, 1.4551473947175135, 1.0574563621002186, -0.11197127175611298, 1.563058739268382, 0.9555793853271397]"
prism3,302,/home/humanoid/Programs/hand/results/phase1/run_20260413_pollard_multiscene_500_run3/prism3/generated_mjcf/scene_prism3_tp0d0000p0d0103p0d0000_ip0d0142n0d0186p0d0027_mp0d0106p0d0161p0d0096.xml,prism_y0d0350,True,0.02,4.0,0.45,0.4,1.0,1.0,6.783356203475206,0.04816866533568858,5.0,0.005975833425051147,0.15982556326264097,0.0033396473628273075,0.00020826818873927178,1.0,1.0,1.0,1.0,1.0,1.0,0.0,0.03954283255753683,0.009083293870048434,1.52762690730536e-05,0.010318728597676494,0.0,0.014179465942471577,-0.018579129172113917,0.0026778249323777814,0.010603298595188203,0.01606071650706425,0.009598355773355983,"[0.03553291744516522, 1.3232182501035146, -0.9476119844664097, -0.0816995130453048, 1.4551473947175135, 1.0574563621002186, -0.11197127175611298, 1.563058739268382, 0.9555793853271397]"
prism3,303,/home/humanoid/Programs/hand/results/phase1/run_20260413_pollard_multiscene_500_run3/prism3/generated_mjcf/scene_prism3_tn0d0006p0d0299p0d0024_ip0d0158n0d0130p0d0032_mp0d0196p0d0175p0d0047.xml,prism_y0d0350,False,0.02,4.0,0.45,0.4,0.0,1.0,4.48805751327888,0.050823654395878,5.0,0.007407286971148649,0.19976155282110541,0.0012036056348297092,0.0,1.0,1.0,1.0,0.3333333333333333,0.3333333333333333,0.3333333333333333,0.6666666666666667,0.024164356225787775,0.02921118735324152,-0.0006492769847098907,0.02993058211149897,0.0024320889008549503,0.015814892357657186,-0.012996192315159852,0.0032236038815142646,0.01957732412686703,0.017459229331558596,0.004744712311283861,"[0.03553291744516522, 1.3232182501035146, -0.9476119844664097, -0.0816995130453048, 1.4551473947175135, 1.0574563621002186, -0.11197127175611298, 1.563058739268382, 0.9555793853271397]"
prism3,304,/home/humanoid/Programs/hand/results/phase1/run_20260413_pollard_multiscene_500_run3/prism3/generated_mjcf/scene_prism3_tn0d0073p0d0099p0d0109_ip0d0024n0d0168p0d0000_mp0d0176p0d0104p0d0000.xml,prism_y0d0350,True,0.02,4.0,0.45,0.4,1.0,1.0,6.426117416275329,0.04725701284750304,4.0,0.006141101087486994,0.02231244387328428,0.001090924269921762,0.00016075047228514272,1.0,1.0,1.0,1.0,1.0,1.0,0.0,0.0014003197039201346,0.004748187280875893,-0.007345071008401084,0.009886281658711714,0.010869095264022344,0.0023958161156247305,-0.016778462015203797,0.0,0.017608854890141502,0.010419729150589387,0.0,"[0.03553291744516522, 1.3232182501035146, -0.9476119844664097, -0.0816995130453048, 1.4551473947175135, 1.0574563621002186, -0.11197127175611298, 1.563058739268382, 0.9555793853271397]"
prism3,305,/home/humanoid/Programs/hand/results/phase1/run_20260413_pollard_multiscene_500_run3/prism3/generated_mjcf/scene_prism3_tn0d0017p0d0278p0d0000_ip0d0108n0d0074p0d0000_mp0d0189p0d0124p0d0050.xml,prism_y0d0350,True,0.02,4.0,0.45,0.4,1.0,1.0,6.656222616055972,0.052080706853285474,5.0,0.006218029977612331,0.373281154939709,0.0074708372299805694,0.0,1.0,1.0,1.0,0.9722222222222222,0.9722222222222222,0.9722222222222222,0.02777777777777779,0.1229126728715086,0.060872388722893224,-0.0017408261094735249,0.02780418736313567,0.0,0.010806585740967002,-0.007403030916256078,0.0,0.018940815263508597,0.012449759166334423,0.004967160545407856,"[0.03553291744516522, 1.3232182501035146, -0.9476119844664097, -0.0816995130453048, 1.4551473947175135, 1.0574563621002186, -0.11197127175611298, 1.563058739268382, 0.9555793853271397]"
prism3,306,/home/humanoid/Programs/hand/results/phase1/run_20260413_pollard_multiscene_500_run3/prism3/generated_mjcf/scene_prism3_tn0d0079p0d0113p0d0032_ip0d0083n0d0113p0d0028_mp0d0048p0d0150p0d0082.xml,prism_y0d0350,True,0.02,4.0,0.45,0.4,1.0,1.0,6.869128159433745,0.04943742182965931,5.0,0.005990100261087626,0.07358409701281286,0.0010970267062477177,0.00011044982757831001,1.0,1.0,1.0,1.0,1.0,1.0,0.0,0.027004697692158592,0.0065030673392947325,-0.007949520028345206,0.011271730882256381,0.0032166078755245537,0.008321369537602857,-0.011341325591897251,0.002798662953598284,0.004750780215009746,0.015028930993629836,0.008184510983442563,"[0.03553291744516522, 1.3232182501035146, -0.9476119844664097, -0.0816995130453048, 1.4551473947175135, 1.0574563621002186, -0.11197127175611298, 1.563058739268382, 0.9555793853271397]"
prism3,307,/home/humanoid/Programs/hand/results/phase1/run_20260413_pollard_multiscene_500_run3/prism3/generated_mjcf/scene_prism3_tn0d0098p0d0217p0d0079_in0d0015n0d0071p0d0000_mp0d0060p0d0034p0d0000.xml,prism_y0d0350,True,0.02,4.0,0.45,0.4,1.0,1.0,6.388404237292039,0.04862895082617871,4.0,0.0060856919023544636,0.1469411106806591,0.0036344081553523625,0.0,1.0,1.0,1.0,1.0,1.0,1.0,0.0,0.04664888206568558,0.02188232043921586,-0.009827285635849593,0.02170943168948314,0.007877523590710374,-0.0015025136139426767,-0.007128947369585482,0.0,0.005975776518227791,0.0033902886812089104,0.0,"[0.03553291744516522, 1.3232182501035146, -0.9476119844664097, -0.0816995130453048, 1.4551473947175135, 1.0574563621002186, -0.11197127175611298, 1.563058739268382, 0.9555793853271397]"
prism3,308,/home/humanoid/Programs/hand/results/phase1/run_20260413_pollard_multiscene_500_run3/prism3/generated_mjcf/scene_prism3_tp0d0080p0d0099p0d0100_ip0d0083n0d0124p0d0000_mp0d0204p0d0081p0d0067.xml,prism_y0d0350,True,0.02,4.0,0.45,0.4,1.0,1.0,6.4806990545834235,0.04875118700894581,4.0,0.006098816596052378,0.024533435279745355,0.0002668026019760245,0.00013581940141846327,1.0,1.0,1.0,1.0,1.0,1.0,0.0,0.005780889520555745,0.0014066085923596743,0.008045744352287637,0.009924409482811916,0.010004463148808145,0.008321769141601697,-0.012432880866341435,0.0,0.020448835772659782,0.008050915200431705,0.006698114743253256,"[0.03553291744516522, 1.3232182501035146, -0.9476119844664097, -0.0816995130453048, 1.4551473947175135, 1.0574563621002186, -0.11197127175611298, 1.563058739268382, 0.9555793853271397]"
prism3,309,/home/humanoid/Programs/hand/results/phase1/run_20260413_pollard_multiscene_500_run3/prism3/generated_mjcf/scene_prism3_tp0d0006p0d0156p0d0043_ip0d0170n0d0032p0d0000_mn0d0016p0d0098p0d0000.xml,prism_y0d0350,True,0.02,4.0,0.45,0.4,1.0,1.0,6.785192671532507,0.049019326095560714,5.0,0.0061284944395476005,0.13491021853190163,0.004360461711287306,0.0,1.0,1.0,1.0,1.0,1.0,1.0,0.0,0.05805875502989203,0.027537389711244215,0.0006324874825023377,0.015565669750556,0.004280500788737374,0.01702967036535663,-0.003212690244973523,0.0,-0.0015568809700233412,0.009816366677282138,0.0,"[0.03553291744516522, 1.3232182501035146, -0.9476119844664097, -0.0816995130453048, 1.4551473947175135, 1.0574563621002186, -0.11197127175611298, 1.563058739268382, 0.9555793853271397]"
prism3,310,/home/humanoid/Programs/hand/results/phase1/run_20260413_pollard_multiscene_500_run3/prism3/generated_mjcf/scene_prism3_tn0d0056p0d0125p0d0000_ip0d0155n0d0157p0d0021_mp0d0112p0d0229p0d0040.xml,prism_y0d0350,True,0.02,4.0,0.45,0.4,1.0,1.0,6.4105307818594675,0.04904265822977625,4.0,0.006010621701050811,0.3051886855498422,0.001681278057612033,7.137635153003918e-06,1.0,1.0,1.0,1.0,1.0,1.0,0.0,0.03230804052899555,0.011362698903237026,-0.005563163096960496,0.012532759528698492,0.0,0.015543933693043676,-0.01568055041769157,0.002085027202804091,0.011231695665054458,0.022883577377717644,0.003994476460303192,"[0.03553291744516522, 1.3232182501035146, -0.9476119844664097, -0.0816995130453048, 1.4551473947175135, 1.0574563621002186, -0.11197127175611298, 1.563058739268382, 0.9555793853271397]"
prism3,311,/home/humanoid/Programs/hand/results/phase1/run_20260413_pollard_multiscene_500_run3/prism3/generated_mjcf/scene_prism3_tp0d0077p0d0213p0d0000_ip0d0067n0d0177p0d0000_mp0d0136p0d0232p0d0066.xml,prism_y0d0350,True,0.02,4.0,0.45,0.4,1.0,1.0,5.871472779764302,0.04981745371067577,4.0,0.006019638174872985,2.6884622877273174,0.012577096851007694,0.0,1.0,1.0,1.0,1.0,1.0,1.0,0.0,0.14702886486990643,0.0686760692491074,0.007722806132150154,0.0212672107537325,0.0,0.006708439125286188,-0.01768278883160991,0.0,0.013597774653776856,0.02318175674415248,0.006585795630331487,"[0.03553291744516522, 1.3232182501035146, -0.9476119844664097, -0.0816995130453048, 1.4551473947175135, 1.0574563621002186, -0.11197127175611298, 1.563058739268382, 0.9555793853271397]"
prism3,312,/home/humanoid/Programs/hand/results/phase1/run_20260413_pollard_multiscene_500_run3/prism3/generated_mjcf/scene_prism3_tn0d0047p0d0189p0d0000_ip0d0068n0d0135p0d0117_mn0d0001p0d0131p0d0100.xml,prism_y0d0350,True,0.02,4.0,0.45,0.4,1.0,1.0,7.1813539644373305,0.052002849734709186,6.0,0.006220425788824439,0.31698153504256904,0.005795961747148822,0.0,1.0,1.0,1.0,1.0,1.0,1.0,0.0,0.10585437806703575,0.07625509178705812,-0.004651619836714396,0.01889458981639476,0.0,0.006801718080759659,-0.013513747501689115,0.011741231741499061,-6.2609699756749e-05,0.013108661014776889,0.009980013606161506,"[0.03553291744516522, 1.3232182501035146, -0.9476119844664097, -0.0816995130453048, 1.4551473947175135, 1.0574563621002186, -0.11197127175611298, 1.563058739268382, 0.9555793853271397]"
prism3,313,/home/humanoid/Programs/hand/results/phase1/run_20260413_pollard_multiscene_500_run3/prism3/generated_mjcf/scene_prism3_tp0d0019p0d0166p0d0062_ip0d0215n0d0063p0d0099_mp0d0115p0d0105p0d0000.xml,prism_y0d0350,True,0.02,4.0,0.45,0.4,1.0,1.0,7.086209563058297,0.05071030521017306,6.0,0.006155764900100035,0.8651092046757018,0.0075864126838635585,0.0,1.0,1.0,1.0,1.0,1.0,1.0,0.0,0.07917774848214368,0.04375396842176097,0.00188150996737463,0.016611986811592466,0.006167499459807459,0.021545797553132913,-0.0062979771976450025,0.009870655241977857,0.011538791927578068,0.010523092295829746,0.0,"[0.03553291744516522, 1.3232182501035146, -0.9476119844664097, -0.0816995130453048, 1.4551473947175135, 1.0574563621002186, -0.11197127175611298, 1.563058739268382, 0.9555793853271397]"
prism3,314,/home/humanoid/Programs/hand/results/phase1/run_20260413_pollard_multiscene_500_run3/prism3/generated_mjcf/scene_prism3_tp0d0106p0d0127p0d0071_ip0d0123n0d0145p0d0000_mn0d0016p0d0250p0d0015.xml,prism_y0d0350,True,0.02,4.0,0.45,0.4,1.0,1.0,5.486819525812371,0.04846136988818647,5.0,0.0063587607308968515,1.700255827813165,0.021148379087028615,0.0020973066724356143,1.0,1.0,0.7777777777777778,1.0,0.7777777777777778,0.7777777777777778,0.2222222222222222,0.15349480520769934,0.07203952968257908,0.010622972902620723,0.012664110679653057,0.0070910251678643135,0.01225325458228169,-0.014536863541682501,0.0,-0.0016097669568859666,0.025039082473460206,0.001512354160861356,"[0.03553291744516522, 1.3232182501035146, -0.9476119844664097, -0.0816995130453048, 1.4551473947175135, 1.0574563621002186, -0.11197127175611298, 1.563058739268382, 0.9555793853271397]"
prism3,315,/home/humanoid/Programs/hand/results/phase1/run_20260413_pollard_multiscene_500_run3/prism3/generated_mjcf/scene_prism3_tp0d0064p0d0238p0d0094_ip0d0005n0d0077p0d0049_mp0d0093p0d0079p0d0000.xml,prism_y0d0350,True,0.02,4.0,0.45,0.4,1.0,1.0,6.291200500673399,0.04943727936408293,5.0,0.006132279115221722,2.4801503577575486,0.015091888290902848,0.0,1.0,1.0,1.0,1.0,1.0,1.0,0.0,0.1253359892838545,0.07785969229231186,0.0064418262025862545,0.02382512857639519,0.00940930945286447,0.00048046698538742154,-0.007686655858078829,0.0048819928150873465,0.009300887477728203,0.007930482920113783,0.0,"[0.03553291744516522, 1.3232182501035146, -0.9476119844664097, -0.0816995130453048, 1.4551473947175135, 1.0574563621002186, -0.11197127175611298, 1.563058739268382, 0.9555793853271397]"
prism3,316,/home/humanoid/Programs/hand/results/phase1/run_20260413_pollard_multiscene_500_run3/prism3/generated_mjcf/scene_prism3_tn0d0115p0d0253p0d0117_ip0d0184n0d0124p0d0051_mp0d0057p0d0116p0d0000.xml,prism_y0d0350,True,0.02,4.0,0.45,0.4,1.0,1.0,7.298181754315286,0.05185247102965075,6.0,0.006939564536733156,0.14729028717196577,0.0025624753719937113,0.0,1.0,1.0,1.0,1.0,1.0,1.0,0.0,0.04687963125064254,0.03685515218125002,-0.01153915658107725,0.02525757396028391,0.011696646168133377,0.01838982063075531,-0.012416862666044394,0.0051363310784403,0.005702156030744071,0.011579754501194703,0.0,"[0.03553291744516522, 1.3232182501035146, -0.9476119844664097, -0.0816995130453048, 1.4551473947175135, 1.0574563621002186, -0.11197127175611298, 1.563058739268382, 0.9555793853271397]"
prism3,317,/home/humanoid/Programs/hand/results/phase1/run_20260413_pollard_multiscene_500_run3/prism3/generated_mjcf/scene_prism3_tp0d0067p0d0165p0d0025_ip0d0171n0d0020p0d0048_mp0d0109p0d0229p0d0000.xml,prism_y0d0350,True,0.02,4.0,0.45,0.4,1.0,1.0,6.876055569901493,0.04916141458470526,5.0,0.0060459767064633884,0.04420905881476506,0.0013620473048258255,6.650573213913546e-05,1.0,1.0,1.0,1.0,1.0,1.0,0.0,0.015173752676429961,0.0034530460739873314,0.00669673489646572,0.016497317630039653,0.002456004933970593,0.017054913832154163,-0.00197590730264491,0.004771513838172623,0.01091378149096391,0.022875321539631142,0.0,"[0.03553291744516522, 1.3232182501035146, -0.9476119844664097, -0.0816995130453048, 1.4551473947175135, 1.0574563621002186, -0.11197127175611298, 1.563058739268382, 0.9555793853271397]"
prism3,318,/home/humanoid/Programs/hand/results/phase1/run_20260413_pollard_multiscene_500_run3/prism3/generated_mjcf/scene_prism3_tn0d0008p0d0285p0d0000_ip0d0181n0d0055p0d0113_mp0d0049p0d0175p0d0094.xml,prism_y0d0350,True,0.02,4.0,0.45,0.4,1.0,1.0,6.866647872992273,0.05128727941058847,5.0,0.006983722538061292,0.22903872946527343,0.0024585535416420034,0.00050910971044478,1.0,1.0,1.0,1.0,1.0,1.0,0.0,0.036360360019853794,0.045725308174735024,-0.0007991071536155043,0.028521730512058856,0.0,0.018104248858999188,-0.0055495038070125634,0.011304519771684587,0.004939634569660372,0.01750550322546427,0.00944290843747896,"[0.03553291744516522, 1.3232182501035146, -0.9476119844664097, -0.0816995130453048, 1.4551473947175135, 1.0574563621002186, -0.11197127175611298, 1.563058739268382, 0.9555793853271397]"
prism3,319,/home/humanoid/Programs/hand/results/phase1/run_20260413_pollard_multiscene_500_run3/prism3/generated_mjcf/scene_prism3_tn0d0114p0d0278p0d0076_ip0d0136n0d0104p0d0110_mp0d0075p0d0127p0d0000.xml,prism_y0d0350,True,0.02,4.0,0.45,0.4,1.0,1.0,6.890912598842835,0.05039501506720117,5.0,0.007208919832483354,0.05941579709248236,0.0017479953247958202,0.00031450461218045234,1.0,1.0,1.0,1.0,1.0,1.0,0.0,0.023341507712235143,0.02395836854638193,-0.011445896831030486,0.027757158118331206,0.007576657359126732,0.013615579827387526,-0.010422462196609672,0.010966467574557982,0.007487582063668523,0.012685536033825195,0.0,"[0.03553291744516522, 1.3232182501035146, -0.9476119844664097, -0.0816995130453048, 1.4551473947175135, 1.0574563621002186, -0.11197127175611298, 1.563058739268382, 0.9555793853271397]"
prism3,320,/home/humanoid/Programs/hand/results/phase1/run_20260413_pollard_multiscene_500_run3/prism3/generated_mjcf/scene_prism3_tp0d0001p0d0249p0d0000_ip0d0084n0d0198p0d0012_mp0d0031p0d0182p0d0115.xml,prism_y0d0350,False,0.02,4.0,0.45,0.4,0.0,1.0,2.857200093931913,0.050759842167965245,4.0,0.010026227927963566,0.12802548939474662,0.004990783192906367,0.00018983774186316638,1.0,1.0,1.0,0.0,0.0,0.0,1.0,0.023087024278521422,0.049656652686828194,8.954728212805067e-05,0.024914219423403595,0.0,0.008395253473563848,-0.019782085431134792,0.001188773655904564,0.003118490355633805,0.01823278586840313,0.011516234631798659,"[0.03553291744516522, 1.3232182501035146, -0.9476119844664097, -0.0816995130453048, 1.4551473947175135, 1.0574563621002186, -0.11197127175611298, 1.563058739268382, 0.9555793853271397]"
prism3,321,/home/humanoid/Programs/hand/results/phase1/run_20260413_pollard_multiscene_500_run3/prism3/generated_mjcf/scene_prism3_tn0d0013p0d0117p0d0118_ip0d0074n0d0123p0d0090_mp0d0150p0d0145p0d0087.xml,prism_y0d0350,True,0.02,4.0,0.45,0.4,1.0,1.0,6.473131530724902,0.048940795596354766,4.0,0.006156826620746562,0.05315779862641288,0.0006417639663123816,0.00012957648355113593,1.0,1.0,1.0,1.0,1.0,1.0,0.0,0.01259609583204388,0.0030147893590558397,-0.001308658303988297,0.011653899807619073,0.011821212937761724,0.007362602192389317,-0.012304450227773395,0.008964639002801485,0.015002142222784778,0.014468169728742031,0.008710735090992145,"[0.03553291744516522, 1.3232182501035146, -0.9476119844664097, -0.0816995130453048, 1.4551473947175135, 1.0574563621002186, -0.11197127175611298, 1.563058739268382, 0.9555793853271397]"
prism3,322,/home/humanoid/Programs/hand/results/phase1/run_20260413_pollard_multiscene_500_run3/prism3/generated_mjcf/scene_prism3_tn0d0060p0d0124p0d0036_ip0d0072n0d0115p0d0060_mp0d0093p0d0259p0d0000.xml,prism_y0d0350,False,0.02,4.0,0.45,0.4,0.0,1.0,2.865552450943107,0.0502720729987781,4.0,0.010068047784226186,0.1781862143261604,0.001565342958314025,4.906022608476557e-05,1.0,1.0,0.0,1.0,0.0,0.0,1.0,0.018193001177927277,0.03786458931184433,-0.006037883019561673,0.012360607789034299,0.003646154238670103,0.007169802234934061,-0.011463664595349612,0.0060301678899676615,0.009329889980337522,0.025854569144246775,0.0,"[0.03553291744516522, 1.3232182501035146, -0.9476119844664097, -0.0816995130453048, 1.4551473947175135, 1.0574563621002186, -0.11197127175611298, 1.563058739268382, 0.9555793853271397]"
prism3,323,/home/humanoid/Programs/hand/results/phase1/run_20260413_pollard_multiscene_500_run3/prism3/generated_mjcf/scene_prism3_tp0d0081p0d0269p0d0000_ip0d0112n0d0055p0d0000_mp0d0096p0d0212p0d0087.xml,prism_y0d0350,True,0.02,4.0,0.45,0.4,1.0,1.0,5.809776702340401,0.049902071855612073,4.0,0.006060283606116976,3.079752413590045,0.011728685269378257,0.0,1.0,1.0,1.0,1.0,1.0,1.0,0.0,0.15025726368232106,0.08416601611337954,0.00813622723758739,0.02693502410071081,0.0,0.01122972183519072,-0.005485220463176647,0.0,0.009644899104903461,0.021191839480777783,0.008677349853667724,"[0.03553291744516522, 1.3232182501035146, -0.9476119844664097, -0.0816995130453048, 1.4551473947175135, 1.0574563621002186, -0.11197127175611298, 1.563058739268382, 0.9555793853271397]"
prism3,324,/home/humanoid/Programs/hand/results/phase1/run_20260413_pollard_multiscene_500_run3/prism3/generated_mjcf/scene_prism3_tn0d0026p0d0281p0d0075_ip0d0008n0d0082p0d0078_mp0d0181p0d0133p0d0000.xml,prism_y0d0350,True,0.02,4.0,0.45,0.4,1.0,1.0,5.3318696260577045,0.05294718539817771,5.0,0.0063030068884167775,0.11816124981296865,0.009298103294581013,0.0,1.0,1.0,1.0,0.5944444444444444,0.5944444444444444,0.5944444444444444,0.40555555555555556,0.1411776391555454,0.06797080541341133,-0.0025535037194383426,0.028090796303613122,0.007496013422198744,0.0008469494520518955,-0.008247890943094081,0.007770600095958501,0.018089058927950784,0.013335725450952287,0.0,"[0.03553291744516522, 1.3232182501035146, -0.9476119844664097, -0.0816995130453048, 1.4551473947175135, 1.0574563621002186, -0.11197127175611298, 1.563058739268382, 0.9555793853271397]"
prism3,325,/home/humanoid/Programs/hand/results/phase1/run_20260413_pollard_multiscene_500_run3/prism3/generated_mjcf/scene_prism3_tn0d0079p0d0285p0d0000_ip0d0173n0d0097p0d0000_mp0d0081p0d0227p0d0089.xml,prism_y0d0350,True,0.02,4.0,0.45,0.4,1.0,1.0,7.336189326969372,0.05207052289735059,6.0,0.006698977157427524,0.03919842776112192,0.0016848277267617004,0.0,1.0,1.0,1.0,1.0,1.0,1.0,0.0,0.037574599281679354,0.03863538063325226,-0.007900998183171592,0.028461975548615688,0.0,0.0173396267945565,-0.009702377578495812,0.0,0.008072663714616258,0.022662028751065037,0.00888291847390046,"[0.03553291744516522, 1.3232182501035146, -0.9476119844664097, -0.0816995130453048, 1.4551473947175135, 1.0574563621002186, -0.11197127175611298, 1.563058739268382, 0.9555793853271397]"
prism3,326,/home/humanoid/Programs/hand/results/phase1/run_20260413_pollard_multiscene_500_run3/prism3/generated_mjcf/scene_prism3_tn0d0035p0d0267p0d0000_ip0d0107n0d0210p0d0111_mp0d0148p0d0118p0d0111.xml,prism_y0d0350,True,0.02,4.0,0.45,0.4,1.0,1.0,5.67332837822537,0.04901556890338962,5.0,0.007692017905028464,0.5061002789324826,0.0022253847650293497,0.0,1.0,1.0,1.0,0.6944444444444444,0.6944444444444444,0.6944444444444444,0.3055555555555556,0.02056603460093301,0.033998225104454195,-0.003533623127589605,0.026731347887872518,0.0,0.010690380991547288,-0.020978203527313694,0.011098976169596233,0.014760888567753044,0.011807899356923335,0.011073309227867714,"[0.03553291744516522, 1.3232182501035146, -0.9476119844664097, -0.0816995130453048, 1.4551473947175135, 1.0574563621002186, -0.11197127175611298, 1.563058739268382, 0.9555793853271397]"
prism3,327,/home/humanoid/Programs/hand/results/phase1/run_20260413_pollard_multiscene_500_run3/prism3/generated_mjcf/scene_prism3_tn0d0096p0d0188p0d0000_ip0d0218n0d0222p0d0007_mp0d0033p0d0200p0d0000.xml,prism_y0d0350,True,0.02,4.0,0.45,0.4,1.0,1.0,7.331556708679652,0.05152367488518188,6.0,0.006922093471475703,0.06034265870603208,0.0010125419666499296,0.0,1.0,1.0,1.0,1.0,1.0,1.0,0.0,0.02350110023330826,0.03859994903929861,-0.009595366623260122,0.01878011746178313,0.0,0.021818345211544216,-0.022176840567284622,0.0006623215727734454,0.003348031358619709,0.0199913049273912,0.0,"[0.03553291744516522, 1.3232182501035146, -0.9476119844664097, -0.0816995130453048, 1.4551473947175135, 1.0574563621002186, -0.11197127175611298, 1.563058739268382, 0.9555793853271397]"
prism3,328,/home/humanoid/Programs/hand/results/phase1/run_20260413_pollard_multiscene_500_run3/prism3/generated_mjcf/scene_prism3_tp0d0085p0d0252p0d0063_ip0d0056n0d0205p0d0000_mn0d0011p0d0091p0d0027.xml,prism_y0d0350,False,0.02,4.0,0.45,0.4,0.0,1.0,3.5181098841993435,0.04879254535664099,5.0,0.008178894794811079,1.7679374789052205,0.013139368317241648,0.0038492101562545844,1.0,1.0,1.0,0.18611111111111112,0.18611111111111112,0.18611111111111112,0.8138888888888889,0.013815246560276129,0.07847762703780874,0.008470483460705676,0.025186874191919954,0.00627082810878353,0.005553166882678232,-0.02054841864137812,0.0,-0.001101369602705099,0.009143494418454811,0.0027429297867117373,"[0.03553291744516522, 1.3232182501035146, -0.9476119844664097, -0.0816995130453048, 1.4551473947175135, 1.0574563621002186, -0.11197127175611298, 1.563058739268382, 0.9555793853271397]"
prism3,329,/home/humanoid/Programs/hand/results/phase1/run_20260413_pollard_multiscene_500_run3/prism3/generated_mjcf/scene_prism3_tn0d0072p0d0089p0d0015_ip0d0167n0d0198p0d0102_mp0d0062p0d0160p0d0032.xml,prism_y0d0350,True,0.02,4.0,0.45,0.4,1.0,1.0,6.502899290023298,0.050772274791693404,5.0,0.00604793953780352,1.5106982593442708,0.012363686783290861,0.0,1.0,1.0,1.0,1.0,1.0,1.0,0.0,0.1318126739138324,0.058869830190293605,-0.0071564242006762905,0.00892790557378054,0.001520985217539749,0.016732199478996186,-0.019760480751055125,0.010155262375305212,0.0062015232466851675,0.01602870792153597,0.003191581378922779,"[0.03553291744516522, 1.3232182501035146, -0.9476119844664097, -0.0816995130453048, 1.4551473947175135, 1.0574563621002186, -0.11197127175611298, 1.563058739268382, 0.9555793853271397]"
prism3,330,/home/humanoid/Programs/hand/results/phase1/run_20260413_pollard_multiscene_500_run3/prism3/generated_mjcf/scene_prism3_tp0d0012p0d0220p0d0000_ip0d0100n0d0063p0d0000_mp0d0203p0d0048p0d0067.xml,prism_y0d0350,True,0.02,4.0,0.45,0.4,1.0,1.0,6.382559033993552,0.0497998226258113,4.0,0.0060130430342051865,0.6350466940679764,0.0032683760500827204,3.4645045516326634e-05,1.0,1.0,1.0,1.0,1.0,1.0,0.0,0.02846784876277288,0.009315644243543328,0.0011619052935394787,0.02198154952224422,0.0,0.010006750836922313,-0.00630390758965616,0.0,0.020289449585461555,0.00482267330029755,0.0067198073775174595,"[0.03553291744516522, 1.3232182501035146, -0.9476119844664097, -0.0816995130453048, 1.4551473947175135, 1.0574563621002186, -0.11197127175611298, 1.563058739268382, 0.9555793853271397]"
prism3,331,/home/humanoid/Programs/hand/results/phase1/run_20260413_pollard_multiscene_500_run3/prism3/generated_mjcf/scene_prism3_tn0d0027p0d0150p0d0084_ip0d0177n0d0097p0d0000_mp0d0170p0d0069p0d0000.xml,prism_y0d0350,True,0.02,4.0,0.45,0.4,1.0,1.0,6.423016965389446,0.04899940512041344,4.0,0.006150787832284468,0.08588545020824973,0.0035525018601796107,0.0,1.0,1.0,1.0,1.0,1.0,1.0,0.0,0.03771180976012118,0.015501999416037804,-0.002713056137300246,0.015047473530995125,0.008388906810753879,0.017701611177966994,-0.009731410258570987,0.0,0.016950502084496825,0.006916460763485068,0.0,"[0.03553291744516522, 1.3232182501035146, -0.9476119844664097, -0.0816995130453048, 1.4551473947175135, 1.0574563621002186, -0.11197127175611298, 1.563058739268382, 0.9555793853271397]"
prism3,332,/home/humanoid/Programs/hand/results/phase1/run_20260413_pollard_multiscene_500_run3/prism3/generated_mjcf/scene_prism3_tn0d0019p0d0118p0d0000_ip0d0068n0d0209p0d0000_mp0d0212p0d0050p0d0000.xml,prism_y0d0350,True,0.02,4.0,0.45,0.4,1.0,1.0,6.416159898294863,0.04932976747149077,4.0,0.006005853778206338,0.13970020140518166,0.004307047618098562,0.0,1.0,1.0,1.0,1.0,1.0,1.0,0.0,0.04440279233411711,0.014340294794829234,-0.001889452119322092,0.01181647096069391,0.0,0.006823353134024076,-0.02085869245877052,0.0,0.02117244026049945,0.004950164100262918,0.0,"[0.03553291744516522, 1.3232182501035146, -0.9476119844664097, -0.0816995130453048, 1.4551473947175135, 1.0574563621002186, -0.11197127175611298, 1.563058739268382, 0.9555793853271397]"
prism3,333,/home/humanoid/Programs/hand/results/phase1/run_20260413_pollard_multiscene_500_run3/prism3/generated_mjcf/scene_prism3_tp0d0112p0d0300p0d0000_ip0d0005n0d0097p0d0000_mp0d0208p0d0064p0d0067.xml,prism_y0d0350,True,0.02,4.0,0.45,0.4,1.0,1.0,3.6030290994154894,0.05195897657611637,5.0,0.006409190887839394,7.680219463511807,0.016476687337688704,0.0027626274637093245,1.0,1.0,1.0,0.4722222222222222,0.4722222222222222,0.4722222222222222,0.5277777777777778,0.15507279616321032,0.12719865938455968,0.011202755167296092,0.03,0.0,0.0004669455567414202,-0.009692153771668413,0.0,0.020849368803635138,0.006380048934200433,0.00667720340698667,"[0.03553291744516522, 1.3232182501035146, -0.9476119844664097, -0.0816995130453048, 1.4551473947175135, 1.0574563621002186, -0.11197127175611298, 1.563058739268382, 0.9555793853271397]"
prism3,334,/home/humanoid/Programs/hand/results/phase1/run_20260413_pollard_multiscene_500_run3/prism3/generated_mjcf/scene_prism3_tn0d0114p0d0130p0d0000_ip0d0019n0d0052p0d0000_mp0d0091p0d0064p0d0066.xml,prism_y0d0350,True,0.02,4.0,0.45,0.4,1.0,1.0,6.491805530658956,0.04924330422075336,4.0,0.005975177336000403,0.02059713604494986,0.00016023529109723993,6.565062080983453e-05,1.0,1.0,1.0,1.0,1.0,1.0,0.0,0.013548762962546451,0.0027444196596428014,-0.01140397248650568,0.012983670777011624,0.0,0.0019462550481140154,-0.005220710672423688,0.0,0.009057911829031907,0.006404210442186477,0.006624372677912969,"[0.03553291744516522, 1.3232182501035146, -0.9476119844664097, -0.0816995130453048, 1.4551473947175135, 1.0574563621002186, -0.11197127175611298, 1.563058739268382, 0.9555793853271397]"
prism3,335,/home/humanoid/Programs/hand/results/phase1/run_20260413_pollard_multiscene_500_run3/prism3/generated_mjcf/scene_prism3_tp0d0041p0d0092p0d0000_ip0d0130n0d0142p0d0000_mp0d0131p0d0245p0d0000.xml,prism_y0d0350,False,0.02,4.0,0.45,0.4,0.0,1.0,2.7650262049208294,0.05050822412069879,4.0,0.009569184501682843,0.6138572151925706,0.004791382428258253,0.0,1.0,1.0,0.0,1.0,0.0,0.0,1.0,0.026493942574946177,0.07260490175376212,0.004110510184092569,0.009176057139934891,0.0,0.012993713209620113,-0.014159849786857314,0.0,0.013111717987378804,0.02452268766556777,0.0,"[0.03553291744516522, 1.3232182501035146, -0.9476119844664097, -0.0816995130453048, 1.4551473947175135, 1.0574563621002186, -0.11197127175611298, 1.563058739268382, 0.9555793853271397]"
prism3,336,/home/humanoid/Programs/hand/results/phase1/run_20260413_pollard_multiscene_500_run3/prism3/generated_mjcf/scene_prism3_tn0d0066p0d0208p0d0023_ip0d0030n0d0067p0d0010_mp0d0138p0d0142p0d0000.xml,prism_y0d0350,True,0.02,4.0,0.45,0.4,1.0,1.0,6.852759610835417,0.04901350540428708,5.0,0.0059932407511806484,0.0564208009315088,0.0014156058257887222,1.4580999824903573e-06,1.0,1.0,1.0,1.0,1.0,1.0,0.0,0.029664477600350753,0.008175733835341,-0.006642095641111072,0.02081411063117996,0.002308337593864543,0.0030298237844472537,-0.0067284737315375116,0.0010158043909346739,0.013761813687847584,0.014173649887952638,0.0,"[0.03553291744516522, 1.3232182501035146, -0.9476119844664097, -0.0816995130453048, 1.4551473947175135, 1.0574563621002186, -0.11197127175611298, 1.563058739268382, 0.9555793853271397]"
prism3,337,/home/humanoid/Programs/hand/results/phase1/run_20260413_pollard_multiscene_500_run3/prism3/generated_mjcf/scene_prism3_tn0d0070p0d0294p0d0000_ip0d0040n0d0156p0d0114_mp0d0112p0d0068p0d0081.xml,prism_y0d0350,False,0.02,4.0,0.45,0.4,0.0,1.0,2.7877091294571774,0.051964150364347025,4.0,0.007760178571525729,0.8602237437109175,0.005532442018687725,0.0,1.0,1.0,1.0,0.0,0.0,0.0,1.0,0.03172767016792875,0.043119784630447,-0.006956747186821582,0.029398900065403025,0.0,0.003984885547102787,-0.015574913925978328,0.01135327078186936,0.0112451678372824,0.00680799543957882,0.00814876798180321,"[0.03553291744516522, 1.3232182501035146, -0.9476119844664097, -0.0816995130453048, 1.4551473947175135, 1.0574563621002186, -0.11197127175611298, 1.563058739268382, 0.9555793853271397]"
prism3,338,/home/humanoid/Programs/hand/results/phase1/run_20260413_pollard_multiscene_500_run3/prism3/generated_mjcf/scene_prism3_tn0d0050p0d0085p0d0056_ip0d0211n0d0028p0d0000_mp0d0091p0d0079p0d0000.xml,prism_y0d0350,True,0.02,4.0,0.45,0.4,1.0,1.0,6.46238794501748,0.048766295923148545,4.0,0.0061024583931932755,0.027379208423069377,0.0014517844899379069,7.421272491563158e-05,1.0,1.0,1.0,1.0,1.0,1.0,0.0,0.016255204635576472,0.004528299937362941,-0.005031818470075887,0.008502763393004273,0.00557479513561333,0.02107996123916827,-0.002824361587778884,0.0,0.009085392487968063,0.007881064450959579,0.0,"[0.03553291744516522, 1.3232182501035146, -0.9476119844664097, -0.0816995130453048, 1.4551473947175135, 1.0574563621002186, -0.11197127175611298, 1.563058739268382, 0.9555793853271397]"
prism3,339,/home/humanoid/Programs/hand/results/phase1/run_20260413_pollard_multiscene_500_run3/prism3/generated_mjcf/scene_prism3_tn0d0075p0d0268p0d0000_ip0d0212n0d0117p0d0017_mp0d0169p0d0196p0d0087.xml,prism_y0d0350,True,0.02,4.0,0.45,0.4,1.0,1.0,7.314539842996236,0.05204454543961003,6.0,0.006488492337710892,0.022213199122615056,0.0022414051039552933,0.0,1.0,1.0,1.0,1.0,1.0,1.0,0.0,0.056850673304027925,0.04082235783708473,-0.007505012447623186,0.026817010391516204,0.0,0.021180726780211788,-0.011701865470623995,0.0017297003294388935,0.01690814857663346,0.019635980232701793,0.008694664916698357,"[0.03553291744516522, 1.3232182501035146, -0.9476119844664097, -0.0816995130453048, 1.4551473947175135, 1.0574563621002186, -0.11197127175611298, 1.563058739268382, 0.9555793853271397]"
prism3,340,/home/humanoid/Programs/hand/results/phase1/run_20260413_pollard_multiscene_500_run3/prism3/generated_mjcf/scene_prism3_tn0d0089p0d0199p0d0011_ip0d0006n0d0067p0d0000_mp0d0129p0d0240p0d0050.xml,prism_y0d0350,True,0.02,4.0,0.45,0.4,1.0,1.0,6.050164797783229,0.04963386824903834,4.0,0.0060407767496641835,2.250804179166005,0.006545663277982104,0.0,1.0,1.0,1.0,1.0,1.0,1.0,0.0,0.07826336346684361,0.03956213484829435,-0.008943930668215156,0.019893443515087306,0.0011394523105425092,0.0006194110623995754,-0.0067171175287213895,0.0,0.0128836743692138,0.024020869251295048,0.005002433427568752,"[0.03553291744516522, 1.3232182501035146, -0.9476119844664097, -0.0816995130453048, 1.4551473947175135, 1.0574563621002186, -0.11197127175611298, 1.563058739268382, 0.9555793853271397]"
prism3,341,/home/humanoid/Programs/hand/results/phase1/run_20260413_pollard_multiscene_500_run3/prism3/generated_mjcf/scene_prism3_tp0d0065p0d0150p0d0000_ip0d0202n0d0150p0d0000_mp0d0011p0d0194p0d0000.xml,prism_y0d0350,True,0.02,4.0,0.45,0.4,1.0,1.0,6.614894459678128,0.05067672468734398,5.0,0.006138991848621042,0.2890836920614231,0.01656126421241732,0.0,1.0,1.0,1.0,1.0,1.0,1.0,0.0,0.15480373305597384,0.09795809708395509,0.006507212909486602,0.015027581047463462,0.0,0.020156862280520417,-0.01496351955724431,0.0,0.0011219360405519772,0.01935862038652124,0.0,"[0.03553291744516522, 1.3232182501035146, -0.9476119844664097, -0.0816995130453048, 1.4551473947175135, 1.0574563621002186, -0.11197127175611298, 1.563058739268382, 0.9555793853271397]"
prism3,342,/home/humanoid/Programs/hand/results/phase1/run_20260413_pollard_multiscene_500_run3/prism3/generated_mjcf/scene_prism3_tn0d0081p0d0289p0d0000_ip0d0121n0d0179p0d0000_mp0d0200p0d0219p0d0064.xml,prism_y0d0350,True,0.02,4.0,0.45,0.4,1.0,1.0,5.379782719051091,0.05141095123068111,5.0,0.007123201611891471,0.11518425411702331,0.0038143350811795287,0.0015948883546983011,1.0,1.0,1.0,0.5833333333333334,0.5833333333333334,0.5833333333333334,0.41666666666666663,0.03182224651855564,0.02845923083879835,-0.008051427805028825,0.02886692052460529,0.0,0.012141767184511945,-0.01791190965341013,0.0,0.020017298166074934,0.021877670546203383,0.006426175172369965,"[0.03553291744516522, 1.3232182501035146, -0.9476119844664097, -0.0816995130453048, 1.4551473947175135, 1.0574563621002186, -0.11197127175611298, 1.563058739268382, 0.9555793853271397]"
prism3,343,/home/humanoid/Programs/hand/results/phase1/run_20260413_pollard_multiscene_500_run3/prism3/generated_mjcf/scene_prism3_tn0d0098p0d0106p0d0065_ip0d0095n0d0040p0d0000_mp0d0131p0d0097p0d0000.xml,prism_y0d0350,True,0.02,4.0,0.45,0.4,1.0,1.0,6.4552471592091445,0.04826149844323198,4.0,0.0060766062490886985,0.0198137500958576,0.001240370033722304,0.00011889024646427604,1.0,1.0,1.0,1.0,1.0,1.0,0.0,0.008100079980332048,0.0036220563023631933,-0.009778413672119911,0.010568644417599148,0.0065004416383117325,0.00948534701199422,-0.003980168261011845,0.0,0.013100657311756773,0.00972194969587966,0.0,"[0.03553291744516522, 1.3232182501035146, -0.9476119844664097, -0.0816995130453048, 1.4551473947175135, 1.0574563621002186, -0.11197127175611298, 1.563058739268382, 0.9555793853271397]"
prism3,344,/home/humanoid/Programs/hand/results/phase1/run_20260413_pollard_multiscene_500_run3/prism3/generated_mjcf/scene_prism3_tn0d0000p0d0122p0d0000_ip0d0065n0d0185p0d0062_mp0d0126p0d0137p0d0018.xml,prism_y0d0350,True,0.02,4.0,0.45,0.4,1.0,1.0,6.385770478703569,0.04926849945374822,4.0,0.005996303209839303,0.24624108243916323,0.004130920268524306,0.0,1.0,1.0,1.0,1.0,1.0,1.0,0.0,0.05724769847455675,0.015330026612724848,-4.1296306355530915e-05,0.012194623068909824,0.0,0.006539719483005546,-0.01852327542668413,0.0062211469891701315,0.012556622190267035,0.013698973120376162,0.0017805247967015853,"[0.03553291744516522, 1.3232182501035146, -0.9476119844664097, -0.0816995130453048, 1.4551473947175135, 1.0574563621002186, -0.11197127175611298, 1.563058739268382, 0.9555793853271397]"
prism3,345,/home/humanoid/Programs/hand/results/phase1/run_20260413_pollard_multiscene_500_run3/prism3/generated_mjcf/scene_prism3_tn0d0013p0d0160p0d0000_ip0d0148n0d0240p0d0000_mp0d0116p0d0102p0d0000.xml,prism_y0d0350,True,0.02,4.0,0.45,0.4,1.0,1.0,6.899448131541206,0.05085493785918589,5.0,0.007090048709776313,0.0640262249997633,0.0019474000033832635,0.0,1.0,1.0,1.0,1.0,1.0,1.0,0.0,0.024387495539407483,0.041237533602150156,-0.0012615306168578533,0.015970756130802254,0.0,0.014786075546288061,-0.023980082850206946,0.0,0.01161430962842994,0.010241296432524284,0.0,"[0.03553291744516522, 1.3232182501035146, -0.9476119844664097, -0.0816995130453048, 1.4551473947175135, 1.0574563621002186, -0.11197127175611298, 1.563058739268382, 0.9555793853271397]"
prism3,346,/home/humanoid/Programs/hand/results/phase1/run_20260413_pollard_multiscene_500_run3/prism3/generated_mjcf/scene_prism3_tp0d0064p0d0300p0d0008_in0d0019n0d0099p0d0061_mp0d0024p0d0091p0d0000.xml,prism_y0d0350,False,0.02,4.0,0.45,0.4,0.0,1.0,-1.6465980413591723,0.04812558704870455,4.0,0.009158541223218268,27.55801002230708,0.01860677981876099,0.009721600764010248,0.9277777777777778,0.9277777777777778,1.0,0.0,0.0,0.0,1.0,0.041164156727396095,0.10346635937094174,0.006448681972681412,0.03,0.0007681309943295394,-0.0019379944738693762,-0.00986630559882477,0.006140728887849618,0.0023524430594721963,0.009130049264678454,0.0,"[0.03553291744516522, 1.3232182501035146, -0.9476119844664097, -0.0816995130453048, 1.4551473947175135, 1.0574563621002186, -0.11197127175611298, 1.563058739268382, 0.9555793853271397]"
prism3,347,/home/humanoid/Programs/hand/results/phase1/run_20260413_pollard_multiscene_500_run3/prism3/generated_mjcf/scene_prism3_tp0d0068p0d0300p0d0073_ip0d0072n0d0056p0d0011_mp0d0078p0d0143p0d0000.xml,prism_y0d0350,True,0.02,4.0,0.45,0.4,1.0,1.0,5.879395229689781,0.05073327753955385,5.0,0.006356561337305173,0.16333209090760742,0.015756378310766345,0.0012340821129174784,1.0,1.0,1.0,0.7833333333333333,0.7833333333333333,0.7833333333333333,0.21666666666666667,0.12942426179372787,0.08057006174103393,0.0068204408858062796,0.03,0.007260725067047551,0.007212293445335222,-0.005553531717368195,0.0010993236469706603,0.007833087650129099,0.014253336241066424,0.0,"[0.03553291744516522, 1.3232182501035146, -0.9476119844664097, -0.0816995130453048, 1.4551473947175135, 1.0574563621002186, -0.11197127175611298, 1.563058739268382, 0.9555793853271397]"
prism3,348,/home/humanoid/Programs/hand/results/phase1/run_20260413_pollard_multiscene_500_run3/prism3/generated_mjcf/scene_prism3_tp0d0113p0d0278p0d0000_ip0d0135n0d0218p0d0000_mp0d0015p0d0170p0d0000.xml,prism_y0d0350,False,0.02,4.0,0.45,0.4,0.0,1.0,1.9568230260816057,0.04670862070515179,4.0,0.008520237325780734,1.9817197264760625e-05,0.04534582437118377,0.04785462723788762,0.6138888888888889,0.6222222222222222,0.6138888888888889,0.0,0.0,0.0,0.6222222222222222,0.12576928243259047,0.06655988059531093,0.011322535224134667,0.027764327805852942,0.0,0.013477941205283455,-0.021774686806814398,0.0,0.0015174161105352604,0.01698721858932449,0.0,"[0.03553291744516522, 1.3232182501035146, -0.9476119844664097, -0.0816995130453048, 1.4551473947175135, 1.0574563621002186, -0.11197127175611298, 1.563058739268382, 0.9555793853271397]"
prism3,349,/home/humanoid/Programs/hand/results/phase1/run_20260413_pollard_multiscene_500_run3/prism3/generated_mjcf/scene_prism3_tp0d0081p0d0226p0d0085_ip0d0211n0d0216p0d0000_mp0d0076p0d0121p0d0000.xml,prism_y0d0350,True,0.02,4.0,0.45,0.4,1.0,1.0,7.250903077729943,0.049593541791689635,6.0,0.00758711686420623,0.0804169828551956,0.001702253656766961,0.0006230332907967429,1.0,1.0,1.0,1.0,1.0,1.0,0.0,0.01911550580751954,0.04165735316963953,0.008073792792765176,0.022586335006661292,0.008547471202648944,0.021117014049145004,-0.021585046307989013,0.0,0.007602631380494447,0.012080451574431939,0.0,"[0.03553291744516522, 1.3232182501035146, -0.9476119844664097, -0.0816995130453048, 1.4551473947175135, 1.0574563621002186, -0.11197127175611298, 1.563058739268382, 0.9555793853271397]"
prism3,350,/home/humanoid/Programs/hand/results/phase1/run_20260413_pollard_multiscene_500_run3/prism3/generated_mjcf/scene_prism3_tp0d0050p0d0123p0d0049_ip0d0073n0d0116p0d0038_mp0d0136p0d0091p0d0000.xml,prism_y0d0350,True,0.02,4.0,0.45,0.4,1.0,1.0,6.84277811999749,0.04872754796165091,5.0,0.006025115203837336,0.05291598732212999,0.0019461802593130127,7.11327197166628e-05,1.0,1.0,1.0,1.0,1.0,1.0,0.0,0.02647961374381527,0.007376284436010387,0.004973546412611628,0.012294721280264032,0.004905264142987729,0.007331516406347443,-0.011583437920894857,0.003754449056024657,0.013559791274911331,0.009078488971220607,0.0,"[0.03553291744516522, 1.3232182501035146, -0.9476119844664097, -0.0816995130453048, 1.4551473947175135, 1.0574563621002186, -0.11197127175611298, 1.563058739268382, 0.9555793853271397]"
prism3,351,/home/humanoid/Programs/hand/results/phase1/run_20260413_pollard_multiscene_500_run3/prism3/generated_mjcf/scene_prism3_tn0d0039p0d0300p0d0031_ip0d0059n0d0183p0d0000_mn0d0001p0d0228p0d0000.xml,prism_y0d0350,True,0.02,4.0,0.45,0.4,1.0,1.0,6.854260091079364,0.04985462364745882,5.0,0.00770035956682906,0.11861397401461019,0.0028926867671253517,0.0004651577354240627,1.0,1.0,1.0,1.0,1.0,1.0,0.0,0.013509165916600868,0.04202348400281055,-0.0039166529420677654,0.03,0.0030983018076305748,0.005948787222563647,-0.01830520319058511,0.0,-8.798364502618158e-05,0.022791051162759063,0.0,"[0.03553291744516522, 1.3232182501035146, -0.9476119844664097, -0.0816995130453048, 1.4551473947175135, 1.0574563621002186, -0.11197127175611298, 1.563058739268382, 0.9555793853271397]"
prism3,352,/home/humanoid/Programs/hand/results/phase1/run_20260413_pollard_multiscene_500_run3/prism3/generated_mjcf/scene_prism3_tp0d0034p0d0300p0d0000_ip0d0204n0d0197p0d0092_mp0d0155p0d0230p0d0000.xml,prism_y0d0350,True,0.02,4.0,0.45,0.4,1.0,1.0,7.251894982796267,0.050186192444830295,6.0,0.007609224691530584,0.3087589389026827,0.0016746723274674873,0.0,1.0,1.0,1.0,1.0,1.0,1.0,0.0,0.012360608374999934,0.041361640429049384,0.003412975582055045,0.03,0.0,0.02042065736538831,-0.019749759999292973,0.009245880066049521,0.015487406880309437,0.023006546913343175,0.0,"[0.03553291744516522, 1.3232182501035146, -0.9476119844664097, -0.0816995130453048, 1.4551473947175135, 1.0574563621002186, -0.11197127175611298, 1.563058739268382, 0.9555793853271397]"
prism3,353,/home/humanoid/Programs/hand/results/phase1/run_20260413_pollard_multiscene_500_run3/prism3/generated_mjcf/scene_prism3_tn0d0050p0d0222p0d0028_ip0d0186n0d0214p0d0000_mp0d0034p0d0119p0d0000.xml,prism_y0d0350,True,0.02,4.0,0.45,0.4,1.0,1.0,7.319289487716475,0.05081249976033955,6.0,0.007324610225992412,0.032167766784656854,0.0012740586461370506,0.0,1.0,1.0,1.0,1.0,1.0,1.0,0.0,0.01674371423813763,0.030571104621534118,-0.005047223917157493,0.022200789717896637,0.0028366476511519825,0.018635731232781283,-0.021376923278164504,0.0,0.003401259195152824,0.011868629062635739,0.0,"[0.03553291744516522, 1.3232182501035146, -0.9476119844664097, -0.0816995130453048, 1.4551473947175135, 1.0574563621002186, -0.11197127175611298, 1.563058739268382, 0.9555793853271397]"
prism3,354,/home/humanoid/Programs/hand/results/phase1/run_20260413_pollard_multiscene_500_run3/prism3/generated_mjcf/scene_prism3_tn0d0091p0d0153p0d0119_ip0d0146n0d0101p0d0072_mp0d0135p0d0144p0d0004.xml,prism_y0d0350,True,0.02,4.0,0.45,0.4,1.0,1.0,6.357899382874846,0.04811014593406811,4.0,0.006248400840847921,0.17396503172527183,0.004921939140643992,0.0,1.0,1.0,1.0,1.0,1.0,1.0,0.0,0.04812643860865031,0.01941218984907263,-0.009122841531660764,0.015328829962151869,0.011877526740116384,0.014612756735501714,-0.010136883345936687,0.00720381312614379,0.013454718008685671,0.014437668626407232,0.0003923962344445347,"[0.03553291744516522, 1.3232182501035146, -0.9476119844664097, -0.0816995130453048, 1.4551473947175135, 1.0574563621002186, -0.11197127175611298, 1.563058739268382, 0.9555793853271397]"
prism3,355,/home/humanoid/Programs/hand/results/phase1/run_20260413_pollard_multiscene_500_run3/prism3/generated_mjcf/scene_prism3_tn0d0108p0d0258p0d0000_ip0d0180n0d0144p0d0044_mp0d0085p0d0070p0d0005.xml,prism_y0d0350,True,0.02,4.0,0.45,0.4,1.0,1.0,6.939123978445637,0.051441818626229666,5.0,0.007041835128644615,0.02866354336862821,0.0003568364832170103,0.0,1.0,1.0,1.0,1.0,1.0,1.0,0.0,0.028588100711339697,0.024454704198352346,-0.010837836256156828,0.02584706010196519,0.0,0.017996213602326824,-0.014394856503673016,0.004360530785069212,0.00846710719667944,0.0070305058966985655,0.0004610260596799032,"[0.03553291744516522, 1.3232182501035146, -0.9476119844664097, -0.0816995130453048, 1.4551473947175135, 1.0574563621002186, -0.11197127175611298, 1.563058739268382, 0.9555793853271397]"
prism3,356,/home/humanoid/Programs/hand/results/phase1/run_20260413_pollard_multiscene_500_run3/prism3/generated_mjcf/scene_prism3_tp0d0112p0d0139p0d0000_ip0d0182n0d0152p0d0003_mp0d0115p0d0173p0d0074.xml,prism_y0d0350,True,0.02,4.0,0.45,0.4,1.0,1.0,6.338738816761322,0.04870910056303811,4.0,0.006001862813349496,0.28656835390493796,0.004958807150267528,6.294903669558372e-05,1.0,1.0,1.0,1.0,1.0,1.0,0.0,0.06980360606971851,0.021557773641802874,0.01115634821632247,0.013902861925370564,0.0,0.018235892805302557,-0.01517470826905366,0.0002586625091600264,0.011486192576683386,0.017257165777358207,0.007367364731213931,"[0.03553291744516522, 1.3232182501035146, -0.9476119844664097, -0.0816995130453048, 1.4551473947175135, 1.0574563621002186, -0.11197127175611298, 1.563058739268382, 0.9555793853271397]"
prism3,357,/home/humanoid/Programs/hand/results/phase1/run_20260413_pollard_multiscene_500_run3/prism3/generated_mjcf/scene_prism3_tn0d0022p0d0202p0d0000_ip0d0190n0d0081p0d0000_mp0d0023p0d0160p0d0000.xml,prism_y0d0350,True,0.02,4.0,0.45,0.4,1.0,1.0,7.139721739782209,0.05158914010572485,6.0,0.0061865304373008205,0.2997420120669617,0.009372389575577242,0.0,1.0,1.0,1.0,1.0,1.0,1.0,0.0,0.11575720992080314,0.07314450771849862,-0.0022114211001733417,0.02015239016423227,0.0,0.019037892298739346,-0.008147344233290962,0.0,0.0022584008568622242,0.01599825880223124,0.0,"[0.03553291744516522, 1.3232182501035146, -0.9476119844664097, -0.0816995130453048, 1.4551473947175135, 1.0574563621002186, -0.11197127175611298, 1.563058739268382, 0.9555793853271397]"
prism3,358,/home/humanoid/Programs/hand/results/phase1/run_20260413_pollard_multiscene_500_run3/prism3/generated_mjcf/scene_prism3_tn0d0032p0d0212p0d0000_ip0d0113n0d0003p0d0000_mp0d0087p0d0046p0d0074.xml,prism_y0d0350,True,0.02,4.0,0.45,0.4,1.0,1.0,6.033897928715876,0.04989497164733411,4.0,0.006046185265190986,2.139569828037014,0.012089086810889061,0.0006328763276100685,1.0,1.0,1.0,0.9888888888888889,0.9888888888888889,0.9888888888888889,0.011111111111111072,0.04313118337261292,0.03227602807123098,-0.0032261315123318663,0.0211871862183576,0.0,0.011311302439958055,-0.00033666258881834797,0.0,0.008688902469951895,0.004588963809888574,0.007431512844343829,"[0.03553291744516522, 1.3232182501035146, -0.9476119844664097, -0.0816995130453048, 1.4551473947175135, 1.0574563621002186, -0.11197127175611298, 1.563058739268382, 0.9555793853271397]"
prism3,359,/home/humanoid/Programs/hand/results/phase1/run_20260413_pollard_multiscene_500_run3/prism3/generated_mjcf/scene_prism3_tp0d0021p0d0300p0d0038_ip0d0094n0d0116p0d0000_mp0d0060p0d0178p0d0000.xml,prism_y0d0350,True,0.02,4.0,0.45,0.4,1.0,1.0,6.235990085450616,0.04983266178765125,5.0,0.007584252239851157,0.1478805870582664,0.003031585353506855,0.0007515432814077655,1.0,1.0,1.0,0.8333333333333334,0.8333333333333334,0.8333333333333334,0.16666666666666663,0.021775063527664285,0.043638779106276206,0.002053449878073278,0.03,0.003783683303278742,0.009426483925576358,-0.011583913748456132,0.0,0.006011042113765158,0.017809019608174263,0.0,"[0.03553291744516522, 1.3232182501035146, -0.9476119844664097, -0.0816995130453048, 1.4551473947175135, 1.0574563621002186, -0.11197127175611298, 1.563058739268382, 0.9555793853271397]"
prism3,360,/home/humanoid/Programs/hand/results/phase1/run_20260413_pollard_multiscene_500_run3/prism3/generated_mjcf/scene_prism3_tp0d0077p0d0288p0d0000_ip0d0146n0d0140p0d0000_mp0d0217p0d0090p0d0038.xml,prism_y0d0350,False,0.02,4.0,0.45,0.4,0.0,1.0,2.80704777154466,0.05048719495446037,4.0,0.009358066842125902,0.3333777333071805,0.004065294447161365,0.0008824511610154989,1.0,1.0,1.0,0.0,0.0,0.0,1.0,0.03206084842919681,0.04847845827354633,0.007692612643866344,0.028837691525292333,0.0,0.014600800689397628,-0.013961397513764087,0.0,0.02174568502353339,0.009014776072522324,0.003847079872144152,"[0.03553291744516522, 1.3232182501035146, -0.9476119844664097, -0.0816995130453048, 1.4551473947175135, 1.0574563621002186, -0.11197127175611298, 1.563058739268382, 0.9555793853271397]"
prism3,361,/home/humanoid/Programs/hand/results/phase1/run_20260413_pollard_multiscene_500_run3/prism3/generated_mjcf/scene_prism3_tp0d0063p0d0247p0d0000_ip0d0049n0d0079p0d0000_mp0d0212p0d0139p0d0013.xml,prism_y0d0350,True,0.02,4.0,0.45,0.4,1.0,1.0,6.437859552738605,0.04961416262720278,4.0,0.005976447260931183,0.12717952883166625,0.002808030928053849,0.0,1.0,1.0,1.0,1.0,1.0,1.0,0.0,0.04346505115549254,0.014586157286130885,0.006298885232914844,0.024677701527575972,0.0,0.004865482952478182,-0.007899234012555876,0.0,0.021239068743524485,0.013910428198081467,0.0012518095585489566,"[0.03553291744516522, 1.3232182501035146, -0.9476119844664097, -0.0816995130453048, 1.4551473947175135, 1.0574563621002186, -0.11197127175611298, 1.563058739268382, 0.9555793853271397]"
prism3,362,/home/humanoid/Programs/hand/results/phase1/run_20260413_pollard_multiscene_500_run3/prism3/generated_mjcf/scene_prism3_tp0d0001p0d0184p0d0000_ip0d0200n0d0237p0d0113_mp0d0008p0d0136p0d0046.xml,prism_y0d0350,True,0.02,4.0,0.45,0.4,1.0,1.0,7.259069565773053,0.05038218912533544,6.0,0.0074474080573334,0.2519864419433979,0.0010792670574953122,0.0004400924061930822,1.0,1.0,1.0,1.0,1.0,1.0,0.0,0.020068865870617597,0.03957738823521225,9.038651703096798e-05,0.01835541066897918,0.0,0.02001264994905546,-0.023737975227585074,0.011274612962096212,0.000750582854815959,0.013632312421630632,0.004622285063949041,"[0.03553291744516522, 1.3232182501035146, -0.9476119844664097, -0.0816995130453048, 1.4551473947175135, 1.0574563621002186, -0.11197127175611298, 1.563058739268382, 0.9555793853271397]"
prism3,363,/home/humanoid/Programs/hand/results/phase1/run_20260413_pollard_multiscene_500_run3/prism3/generated_mjcf/scene_prism3_tp0d0072p0d0238p0d0000_ip0d0194n0d0139p0d0000_mp0d0167p0d0168p0d0000.xml,prism_y0d0350,True,0.02,4.0,0.45,0.4,1.0,1.0,7.273789452431547,0.05345063369364776,6.0,0.006382751277031873,0.09302717065626975,0.008410755616116226,0.0,1.0,1.0,1.0,1.0,1.0,1.0,0.0,0.08002083046098797,0.07955556907187232,0.007206458439634005,0.02379163141151473,0.0,0.019368293958761447,-0.013866451305668421,0.0,0.01674031164559555,0.016847650557893175,0.0,"[0.03553291744516522, 1.3232182501035146, -0.9476119844664097, -0.0816995130453048, 1.4551473947175135, 1.0574563621002186, -0.11197127175611298, 1.563058739268382, 0.9555793853271397]"
prism3,364,/home/humanoid/Programs/hand/results/phase1/run_20260413_pollard_multiscene_500_run3/prism3/generated_mjcf/scene_prism3_tn0d0041p0d0101p0d0010_ip0d0016n0d0071p0d0013_mp0d0213p0d0036p0d0052.xml,prism_y0d0350,False,0.02,4.0,0.45,0.4,0.0,1.0,2.704990464744955,0.04739877737486084,4.0,0.00885082344531204,0.24986585384747467,0.006127855952797786,0.0008759559025842412,1.0,1.0,1.0,0.0,0.0,0.0,1.0,0.0314386442434385,0.040135935232384845,-0.004084384463942093,0.010142883921641723,0.000990451667586002,0.0015985144586338831,-0.007118649794417934,0.0013321773609604407,0.02130587540881341,0.003579389141666148,0.0051866735559624386,"[0.03553291744516522, 1.3232182501035146, -0.9476119844664097, -0.0816995130453048, 1.4551473947175135, 1.0574563621002186, -0.11197127175611298, 1.563058739268382, 0.9555793853271397]"
prism3,365,/home/humanoid/Programs/hand/results/phase1/run_20260413_pollard_multiscene_500_run3/prism3/generated_mjcf/scene_prism3_tn0d0071p0d0088p0d0031_ip0d0111n0d0170p0d0002_mn0d0007p0d0136p0d0018.xml,prism_y0d0350,True,0.02,4.0,0.45,0.4,1.0,1.0,6.383976157598899,0.0494158086726338,4.0,0.006059373163389879,0.2223172594725846,0.004560514966534483,0.0,1.0,1.0,1.0,1.0,1.0,1.0,0.0,0.06234991569508744,0.02079561040264512,-0.007111680416374847,0.00882751144408678,0.0030761017613265777,0.011097168626456416,-0.017043214039433305,0.00017592095316793822,-0.00067781911633992,0.013552297422319226,0.00184459033777753,"[0.03553291744516522, 1.3232182501035146, -0.9476119844664097, -0.0816995130453048, 1.4551473947175135, 1.0574563621002186, -0.11197127175611298, 1.563058739268382, 0.9555793853271397]"
prism3,366,/home/humanoid/Programs/hand/results/phase1/run_20260413_pollard_multiscene_500_run3/prism3/generated_mjcf/scene_prism3_tp0d0090p0d0283p0d0071_ip0d0201n0d0143p0d0000_mn0d0018p0d0143p0d0002.xml,prism_y0d0350,True,0.02,4.0,0.45,0.4,1.0,1.0,6.841031401487443,0.050118482168470826,5.0,0.007542515483563471,0.06159370704535153,0.004455907875173037,0.00025428743834977896,1.0,1.0,1.0,1.0,1.0,1.0,0.0,0.029716182499649153,0.05857661674844115,0.008993048384683937,0.028332332885572582,0.007133172031471843,0.0201278457978318,-0.014265996985525718,0.0,-0.0017792897870281283,0.014276096134759242,0.00021827326428465292,"[0.03553291744516522, 1.3232182501035146, -0.9476119844664097, -0.0816995130453048, 1.4551473947175135, 1.0574563621002186, -0.11197127175611298, 1.563058739268382, 0.9555793853271397]"
prism3,367,/home/humanoid/Programs/hand/results/phase1/run_20260413_pollard_multiscene_500_run3/prism3/generated_mjcf/scene_prism3_tp0d0013p0d0300p0d0000_ip0d0055n0d0141p0d0078_mp0d0137p0d0226p0d0000.xml,prism_y0d0350,False,0.02,4.0,0.45,0.4,0.0,1.0,4.418928968313665,0.05132564076482498,5.0,0.007559455086722446,0.8045017624621957,0.003956549856158023,0.00020870085034624397,1.0,1.0,1.0,0.34444444444444444,0.34444444444444444,0.34444444444444444,0.6555555555555556,0.02668904891487382,0.057483051312916644,0.0013243586582645864,0.03,0.0,0.005454282046486432,-0.014076684522502887,0.007848994918644388,0.013675916096374986,0.022612653700813792,0.0,"[0.03553291744516522, 1.3232182501035146, -0.9476119844664097, -0.0816995130453048, 1.4551473947175135, 1.0574563621002186, -0.11197127175611298, 1.563058739268382, 0.9555793853271397]"
prism3,368,/home/humanoid/Programs/hand/results/phase1/run_20260413_pollard_multiscene_500_run3/prism3/generated_mjcf/scene_prism3_tn0d0041p0d0084p0d0102_ip0d0153n0d0157p0d0001_mn0d0018p0d0221p0d0100.xml,prism_y0d0350,False,0.02,4.0,0.45,0.4,0.0,1.0,2.7936565684273345,0.05114185662458311,4.0,0.008015707466090989,0.09396637669991681,0.008167459349165948,0.0005777468837967759,1.0,1.0,0.0,1.0,0.0,0.0,1.0,0.06882080788603016,0.08284703081863436,-0.004053401737318047,0.008430366835151014,0.010164258692179497,0.015257946914463924,-0.0156555570176925,0.00011680821710949654,-0.0017660762171259354,0.022104252712855398,0.010035043290268227,"[0.03553291744516522, 1.3232182501035146, -0.9476119844664097, -0.0816995130453048, 1.4551473947175135, 1.0574563621002186, -0.11197127175611298, 1.563058739268382, 0.9555793853271397]"
prism3,369,/home/humanoid/Programs/hand/results/phase1/run_20260413_pollard_multiscene_500_run3/prism3/generated_mjcf/scene_prism3_tn0d0058p0d0248p0d0003_ip0d0140n0d0106p0d0006_mp0d0122p0d0059p0d0000.xml,prism_y0d0350,True,0.02,4.0,0.45,0.4,1.0,1.0,6.870041173890337,0.05212800925781526,5.0,0.006575002896017282,0.29183711180701455,0.0016355628874322747,0.0,1.0,1.0,1.0,1.0,1.0,1.0,0.0,0.06609660667407895,0.0432071871428748,-0.0058268376677013956,0.024841286858219992,0.0002982599472535624,0.014002525851861946,-0.010559997507252046,0.0006057673427742397,0.012179493967528118,0.005867447662353625,0.0,"[0.03553291744516522, 1.3232182501035146, -0.9476119844664097, -0.0816995130453048, 1.4551473947175135, 1.0574563621002186, -0.11197127175611298, 1.563058739268382, 0.9555793853271397]"
prism3,370,/home/humanoid/Programs/hand/results/phase1/run_20260413_pollard_multiscene_500_run3/prism3/generated_mjcf/scene_prism3_tn0d0045p0d0101p0d0000_in0d0000n0d0203p0d0049_mn0d0014p0d0174p0d0000.xml,prism_y0d0350,True,0.02,4.0,0.45,0.4,1.0,1.0,6.41055888930859,0.049559453912006016,4.0,0.005930033810570408,0.2249945538251271,0.002446589538835301,8.674181160456262e-05,1.0,1.0,1.0,1.0,1.0,1.0,0.0,0.057055485188880484,0.01127364551112788,-0.0044817304554041985,0.010133206181426631,0.0,-4.208788127289288e-05,-0.020312697918262373,0.004931652050945971,-0.001420408213504953,0.01743343816215112,0.0,"[0.03553291744516522, 1.3232182501035146, -0.9476119844664097, -0.0816995130453048, 1.4551473947175135, 1.0574563621002186, -0.11197127175611298, 1.563058739268382, 0.9555793853271397]"
prism3,371,/home/humanoid/Programs/hand/results/phase1/run_20260413_pollard_multiscene_500_run3/prism3/generated_mjcf/scene_prism3_tp0d0060p0d0272p0d0000_ip0d0076n0d0158p0d0033_mp0d0058p0d0188p0d0080.xml,prism_y0d0350,False,0.02,4.0,0.45,0.4,0.0,1.0,2.7401772277057486,0.05002368756444027,4.0,0.008496007922784035,0.5636986572242991,0.005985690360951892,0.0013500967269663572,1.0,1.0,1.0,0.0,0.0,0.0,1.0,0.024015034763604465,0.06594936993507176,0.006042441969243088,0.027228365459574227,0.0,0.007593758980041379,-0.015792569411251185,0.0033017785952277386,0.005776874706348101,0.01882102030819338,0.007980643465284785,"[0.03553291744516522, 1.3232182501035146, -0.9476119844664097, -0.0816995130453048, 1.4551473947175135, 1.0574563621002186, -0.11197127175611298, 1.563058739268382, 0.9555793853271397]"
prism3,372,/home/humanoid/Programs/hand/results/phase1/run_20260413_pollard_multiscene_500_run3/prism3/generated_mjcf/scene_prism3_tn0d0039p0d0221p0d0076_ip0d0216n0d0035p0d0114_mp0d0217p0d0048p0d0023.xml,prism_y0d0350,True,0.02,4.0,0.45,0.4,1.0,1.0,6.880436349666542,0.050792749698632816,5.0,0.006258217590751705,0.19096324919215096,0.002280965785952422,0.0,1.0,1.0,1.0,1.0,1.0,1.0,0.0,0.03582468309712042,0.013276978824889893,-0.0039367057456346135,0.022129036276644528,0.00759938668754058,0.021600388888547803,-0.003458654995397466,0.011387362033031666,0.021716500944982772,0.004846232690389937,0.0023329764739651176,"[0.03553291744516522, 1.3232182501035146, -0.9476119844664097, -0.0816995130453048, 1.4551473947175135, 1.0574563621002186, -0.11197127175611298, 1.563058739268382, 0.9555793853271397]"
prism3,373,/home/humanoid/Programs/hand/results/phase1/run_20260413_pollard_multiscene_500_run3/prism3/generated_mjcf/scene_prism3_tn0d0117p0d0102p0d0000_ip0d0216n0d0083p0d0034_mn0d0008p0d0137p0d0071.xml,prism_y0d0350,True,0.02,4.0,0.45,0.4,1.0,1.0,6.844611144690171,0.05004220540599383,5.0,0.006031395856546248,0.1562863911439308,0.0019302717922006747,0.0,1.0,1.0,1.0,1.0,1.0,1.0,0.0,0.0504860055067556,0.018585315749941156,-0.011721801351998734,0.010249897424361614,0.0,0.021571248344733958,-0.008281985314991391,0.003362224881755657,-0.0008025599165518201,0.013740737562206125,0.007120033040254055,"[0.03553291744516522, 1.3232182501035146, -0.9476119844664097, -0.0816995130453048, 1.4551473947175135, 1.0574563621002186, -0.11197127175611298, 1.563058739268382, 0.9555793853271397]"
prism3,374,/home/humanoid/Programs/hand/results/phase1/run_20260413_pollard_multiscene_500_run3/prism3/generated_mjcf/scene_prism3_tn0d0012p0d0088p0d0000_in0d0013n0d0179p0d0087_mp0d0149p0d0097p0d0012.xml,prism_y0d0350,True,0.02,4.0,0.45,0.4,1.0,1.0,6.485935416078132,0.049158508428949255,4.0,0.005996211946323983,0.04233612756974952,0.0007104406906035342,0.00014484892907508373,1.0,1.0,1.0,1.0,1.0,1.0,0.0,0.009185546140497497,0.002166316947920447,-0.0011870628156485583,0.008785765256269625,0.0,-0.0012845129532466984,-0.01790627764087028,0.008705030224436333,0.014947856117084853,0.009691392927035278,0.001202015562066389,"[0.03553291744516522, 1.3232182501035146, -0.9476119844664097, -0.0816995130453048, 1.4551473947175135, 1.0574563621002186, -0.11197127175611298, 1.563058739268382, 0.9555793853271397]"
prism3,375,/home/humanoid/Programs/hand/results/phase1/run_20260413_pollard_multiscene_500_run3/prism3/generated_mjcf/scene_prism3_tn0d0024p0d0249p0d0000_ip0d0189n0d0020p0d0086_mp0d0011p0d0101p0d0097.xml,prism_y0d0350,True,0.02,4.0,0.45,0.4,1.0,1.0,7.302892561098232,0.052830397633042224,6.0,0.00624896198967765,0.1315447291127339,0.0032095722312427246,0.0,1.0,1.0,1.0,1.0,1.0,1.0,0.0,0.06979910102050223,0.049770376608047485,-0.002364992455036838,0.02485474196775472,0.0,0.0189458288206348,-0.0020460735160279016,0.008558192589777455,0.0010822010446346324,0.010070902748129561,0.009711010137673462,"[0.03553291744516522, 1.3232182501035146, -0.9476119844664097, -0.0816995130453048, 1.4551473947175135, 1.0574563621002186, -0.11197127175611298, 1.563058739268382, 0.9555793853271397]"
prism3,376,/home/humanoid/Programs/hand/results/phase1/run_20260413_pollard_multiscene_500_run3/prism3/generated_mjcf/scene_prism3_tp0d0105p0d0300p0d0000_ip0d0063n0d0138p0d0000_mn0d0013p0d0092p0d0107.xml,prism_y0d0350,False,0.02,4.0,0.45,0.4,0.0,1.0,1.8765588904698993,0.04701247074171014,4.0,0.010529330946926138,0.009068581460713055,0.05107352898412196,0.04945417262977246,0.6583333333333333,0.6694444444444444,0.6861111111111111,0.0,0.0,0.0,0.6861111111111111,0.1087647916230084,0.08227186525064041,0.010522744540146026,0.03,0.0,0.006265542463366365,-0.013777684366762381,0.0,-0.0013129549292847896,0.009179419376552186,0.010680191381843947,"[0.03553291744516522, 1.3232182501035146, -0.9476119844664097, -0.0816995130453048, 1.4551473947175135, 1.0574563621002186, -0.11197127175611298, 1.563058739268382, 0.9555793853271397]"
prism3,377,/home/humanoid/Programs/hand/results/phase1/run_20260413_pollard_multiscene_500_run3/prism3/generated_mjcf/scene_prism3_tp0d0098p0d0111p0d0000_ip0d0151n0d0201p0d0000_mp0d0220p0d0245p0d0000.xml,prism_y0d0350,False,0.02,4.0,0.45,0.4,0.0,1.0,3.786597945260062,0.053379544737866554,5.0,0.006240179460708474,0.2197190332109665,0.015403524770320504,0.0,1.0,1.0,0.16666666666666666,1.0,0.16666666666666666,0.16666666666666666,0.8333333333333334,0.08961376863585013,0.10842597880886463,0.00981687253429277,0.011120275617783176,0.0,0.015080426789617232,-0.020071235905748067,0.0,0.02197541611441125,0.024494177142076932,0.0,"[0.03553291744516522, 1.3232182501035146, -0.9476119844664097, -0.0816995130453048, 1.4551473947175135, 1.0574563621002186, -0.11197127175611298, 1.563058739268382, 0.9555793853271397]"
prism3,378,/home/humanoid/Programs/hand/results/phase1/run_20260413_pollard_multiscene_500_run3/prism3/generated_mjcf/scene_prism3_tn0d0031p0d0178p0d0000_ip0d0097n0d0197p0d0076_mp0d0193p0d0182p0d0000.xml,prism_y0d0350,True,0.02,4.0,0.45,0.4,1.0,1.0,6.814792958081714,0.05354186766363888,5.0,0.006087944938925212,0.16600620747317102,0.009049423569914653,0.0,1.0,1.0,1.0,1.0,1.0,1.0,0.0,0.13225380976036058,0.07109047593394335,-0.003080000567103787,0.01777371674284665,0.0,0.009742211201763528,-0.0197073930433107,0.007610088691735812,0.0192940940515098,0.01819294307398065,0.0,"[0.03553291744516522, 1.3232182501035146, -0.9476119844664097, -0.0816995130453048, 1.4551473947175135, 1.0574563621002186, -0.11197127175611298, 1.563058739268382, 0.9555793853271397]"
prism3,379,/home/humanoid/Programs/hand/results/phase1/run_20260413_pollard_multiscene_500_run3/prism3/generated_mjcf/scene_prism3_tp0d0005p0d0181p0d0102_ip0d0204n0d0113p0d0000_mp0d0040p0d0080p0d0000.xml,prism_y0d0350,True,0.02,4.0,0.45,0.4,1.0,1.0,7.0852011293866255,0.05031668361302668,6.0,0.006311487871727166,0.25915345234712955,0.01349991756280814,0.0,1.0,1.0,1.0,1.0,1.0,1.0,0.0,0.10852848668378616,0.069717622826297,0.0005063580441945943,0.018121217785754797,0.010185928300256861,0.020406265641012875,-0.011317239845225827,0.0,0.003969351811511051,0.00798329334682274,0.0,"[0.03553291744516522, 1.3232182501035146, -0.9476119844664097, -0.0816995130453048, 1.4551473947175135, 1.0574563621002186, -0.11197127175611298, 1.563058739268382, 0.9555793853271397]"
prism3,380,/home/humanoid/Programs/hand/results/phase1/run_20260413_pollard_multiscene_500_run3/prism3/generated_mjcf/scene_prism3_tp0d0053p0d0088p0d0051_ip0d0056n0d0156p0d0120_mp0d0025p0d0214p0d0000.xml,prism_y0d0350,False,0.02,4.0,0.45,0.4,0.0,1.0,2.5207500376091185,0.045582291529930014,4.0,0.006928810348864642,0.82976051367118,0.044082718267687615,0.015665518920763698,0.9333333333333333,0.9583333333333334,0.13055555555555556,0.975,0.13055555555555556,0.13055555555555556,0.8444444444444444,0.039219162787870375,0.18254687082706425,0.005349473339106178,0.008816536146796552,0.005122068738884589,0.005591055319891105,-0.015626360728080328,0.01198958202252913,0.00245615434592318,0.0213548310212551,0.0,"[0.03553291744516522, 1.3232182501035146, -0.9476119844664097, -0.0816995130453048, 1.4551473947175135, 1.0574563621002186, -0.11197127175611298, 1.563058739268382, 0.9555793853271397]"
prism3,381,/home/humanoid/Programs/hand/results/phase1/run_20260413_pollard_multiscene_500_run3/prism3/generated_mjcf/scene_prism3_tp0d0088p0d0272p0d0000_in0d0018n0d0006p0d0118_mp0d0039p0d0093p0d0065.xml,prism_y0d0350,True,0.02,4.0,0.45,0.4,1.0,1.0,6.51552982056875,0.049671042559769354,5.0,0.006073787396214697,1.550902949127985,0.008373852304130215,0.0,1.0,1.0,1.0,1.0,1.0,1.0,0.0,0.09796821337918121,0.05992464931517727,0.00883521132348538,0.02723552528533489,0.0,-0.0017554778323576065,-0.0005744690308488714,0.011781042137225497,0.0038637391976680735,0.009288167528081906,0.006509256874247228,"[0.03553291744516522, 1.3232182501035146, -0.9476119844664097, -0.0816995130453048, 1.4551473947175135, 1.0574563621002186, -0.11197127175611298, 1.563058739268382, 0.9555793853271397]"
prism3,382,/home/humanoid/Programs/hand/results/phase1/run_20260413_pollard_multiscene_500_run3/prism3/generated_mjcf/scene_prism3_tp0d0073p0d0185p0d0056_ip0d0209n0d0050p0d0000_mp0d0188p0d0110p0d0000.xml,prism_y0d0350,True,0.02,4.0,0.45,0.4,1.0,1.0,6.405220163964525,0.04837261229061748,4.0,0.006153037562351218,0.08440455025296649,0.003521597883242792,0.0,1.0,1.0,1.0,1.0,1.0,1.0,0.0,0.03469719144473144,0.014055459600498255,0.007305359803473289,0.01853133851136897,0.005595346364554953,0.020921363985685365,-0.0049934306565185185,0.0,0.01877336898563437,0.011049691809589724,0.0,"[0.03553291744516522, 1.3232182501035146, -0.9476119844664097, -0.0816995130453048, 1.4551473947175135, 1.0574563621002186, -0.11197127175611298, 1.563058739268382, 0.9555793853271397]"
prism3,383,/home/humanoid/Programs/hand/results/phase1/run_20260413_pollard_multiscene_500_run3/prism3/generated_mjcf/scene_prism3_tn0d0118p0d0271p0d0000_ip0d0077n0d0076p0d0000_mp0d0104p0d0062p0d0000.xml,prism_y0d0350,True,0.02,4.0,0.45,0.4,1.0,1.0,6.873244061542873,0.05170388132906149,5.0,0.0063753184378340004,0.21281172089439454,0.0020366144097928936,0.0,1.0,1.0,1.0,1.0,1.0,1.0,0.0,0.06310051797336157,0.0327983710646681,-0.011835445780551481,0.02708227762575327,0.0,0.00774784304588942,-0.007563727153970494,0.0,0.010352447859135416,0.00620925942575782,0.0,"[0.03553291744516522, 1.3232182501035146, -0.9476119844664097, -0.0816995130453048, 1.4551473947175135, 1.0574563621002186, -0.11197127175611298, 1.563058739268382, 0.9555793853271397]"
prism3,384,/home/humanoid/Programs/hand/results/phase1/run_20260413_pollard_multiscene_500_run3/prism3/generated_mjcf/scene_prism3_tp0d0017p0d0255p0d0000_ip0d0031n0d0131p0d0000_mp0d0099p0d0257p0d0033.xml,prism_y0d0350,True,0.02,4.0,0.45,0.4,1.0,1.0,5.080092536105398,0.05284977569910815,5.0,0.006109791810554999,0.38155519750667444,0.018367190570369587,0.0,1.0,1.0,1.0,0.5611111111111111,0.5611111111111111,0.5611111111111111,0.4388888888888889,0.16239285938917908,0.09520149460976085,0.0016914948769208415,0.025535338406468797,0.0,0.0031439657404761087,-0.0130591830163866,0.0,0.009858869067842405,0.02571102656057945,0.0032954859455089983,"[0.03553291744516522, 1.3232182501035146, -0.9476119844664097, -0.0816995130453048, 1.4551473947175135, 1.0574563621002186, -0.11197127175611298, 1.563058739268382, 0.9555793853271397]"
prism3,385,/home/humanoid/Programs/hand/results/phase1/run_20260413_pollard_multiscene_500_run3/prism3/generated_mjcf/scene_prism3_tn0d0097p0d0110p0d0000_ip0d0125n0d0058p0d0000_mp0d0078p0d0247p0d0000.xml,prism_y0d0350,False,0.02,4.0,0.45,0.4,0.0,1.0,2.915302932609367,0.052547927526724277,4.0,0.008104900850148396,0.16245877207288578,0.0033185962078685206,0.0,1.0,1.0,0.0,1.0,0.0,0.0,1.0,0.035761176377765255,0.055246319379553564,-0.009705485774302398,0.010951697871815396,0.0,0.01253462152769577,-0.0057613579648361415,0.0,0.007829687300922256,0.024665368578795213,0.0,"[0.03553291744516522, 1.3232182501035146, -0.9476119844664097, -0.0816995130453048, 1.4551473947175135, 1.0574563621002186, -0.11197127175611298, 1.563058739268382, 0.9555793853271397]"
prism3,386,/home/humanoid/Programs/hand/results/phase1/run_20260413_pollard_multiscene_500_run3/prism3/generated_mjcf/scene_prism3_tp0d0112p0d0234p0d0078_ip0d0165n0d0031p0d0000_mp0d0057p0d0176p0d0000.xml,prism_y0d0350,True,0.02,4.0,0.45,0.4,1.0,1.0,6.53174368111386,0.049003752360410685,5.0,0.006105671176173749,1.1688293921923196,0.009607752661726527,0.0,1.0,1.0,1.0,1.0,1.0,1.0,0.0,0.10661460325069178,0.06318156219653574,0.011221352133399164,0.023400693629328326,0.007817550025673033,0.016469362116625613,-0.0030606096441238902,0.0,0.0056810241222650226,0.017649806992087,0.0,"[0.03553291744516522, 1.3232182501035146, -0.9476119844664097, -0.0816995130453048, 1.4551473947175135, 1.0574563621002186, -0.11197127175611298, 1.563058739268382, 0.9555793853271397]"
prism3,387,/home/humanoid/Programs/hand/results/phase1/run_20260413_pollard_multiscene_500_run3/prism3/generated_mjcf/scene_prism3_tp0d0022p0d0296p0d0042_in0d0005n0d0213p0d0114_mn0d0003p0d0235p0d0117.xml,prism_y0d0350,True,0.02,4.0,0.45,0.4,1.0,1.0,5.181314680531958,0.049876013140411075,5.0,0.007999336292442436,0.16610589812646023,0.0010277011307625115,0.0004816302281668017,1.0,1.0,1.0,0.5361111111111111,0.5361111111111111,0.5361111111111111,0.4638888888888889,0.0208517382103174,0.04126742869136437,0.0022174444709567916,0.02962539332540697,0.004156687339348996,-0.0005198644936682765,-0.02134521506551034,0.011364295824339798,-0.0003092501664925997,0.02351928518610475,0.011679372772733076,"[0.03553291744516522, 1.3232182501035146, -0.9476119844664097, -0.0816995130453048, 1.4551473947175135, 1.0574563621002186, -0.11197127175611298, 1.563058739268382, 0.9555793853271397]"
prism3,388,/home/humanoid/Programs/hand/results/phase1/run_20260413_pollard_multiscene_500_run3/prism3/generated_mjcf/scene_prism3_tn0d0081p0d0249p0d0074_ip0d0208n0d0041p0d0060_mp0d0165p0d0220p0d0000.xml,prism_y0d0350,True,0.02,4.0,0.45,0.4,1.0,1.0,6.424400095220628,0.050857137420139684,4.0,0.006217726565697826,0.1904753505071775,0.0046738286446353795,0.0,1.0,1.0,1.0,1.0,1.0,1.0,0.0,0.07109461632520782,0.030910741167534433,-0.008107505421219302,0.024897468565151633,0.007392595337002955,0.020834492113102794,-0.004065712382739778,0.005970238289425941,0.01648862815479199,0.021974727226854895,0.0,"[0.03553291744516522, 1.3232182501035146, -0.9476119844664097, -0.0816995130453048, 1.4551473947175135, 1.0574563621002186, -0.11197127175611298, 1.563058739268382, 0.9555793853271397]"
prism3,389,/home/humanoid/Programs/hand/results/phase1/run_20260413_pollard_multiscene_500_run3/prism3/generated_mjcf/scene_prism3_tn0d0039p0d0285p0d0057_ip0d0208n0d0041p0d0036_mp0d0108p0d0059p0d0000.xml,prism_y0d0350,True,0.02,4.0,0.45,0.4,1.0,1.0,6.90570210766643,0.05137717566251715,5.0,0.006650975078488425,0.10692274430889723,0.001106343348159933,0.0,1.0,1.0,1.0,1.0,1.0,1.0,0.0,0.04340920137716319,0.02622283450447238,-0.0038931974279779093,0.02852385064265748,0.005709619844043064,0.020838318228018286,-0.0041099736522949,0.003648895908196892,0.0108003713735257,0.005888130359499352,0.0,"[0.03553291744516522, 1.3232182501035146, -0.9476119844664097, -0.0816995130453048, 1.4551473947175135, 1.0574563621002186, -0.11197127175611298, 1.563058739268382, 0.9555793853271397]"
prism3,390,/home/humanoid/Programs/hand/results/phase1/run_20260413_pollard_multiscene_500_run3/prism3/generated_mjcf/scene_prism3_tp0d0111p0d0091p0d0111_ip0d0003n0d0059p0d0000_mp0d0056p0d0107p0d0000.xml,prism_y0d0350,True,0.02,4.0,0.45,0.4,1.0,1.0,6.466928439439475,0.048472380911623106,4.0,0.00600663975778977,0.01082493107755128,0.0013567468063471685,0.0001327597786669743,1.0,1.0,1.0,1.0,1.0,1.0,0.0,0.0034475821449814225,0.005573385926106215,0.011086732584622856,0.009114061201632327,0.011143108779249625,0.00025073679208613593,-0.0059266445125180246,0.0,0.0055913408234708984,0.010650676511304417,0.0,"[0.03553291744516522, 1.3232182501035146, -0.9476119844664097, -0.0816995130453048, 1.4551473947175135, 1.0574563621002186, -0.11197127175611298, 1.563058739268382, 0.9555793853271397]"
prism3,391,/home/humanoid/Programs/hand/results/phase1/run_20260413_pollard_multiscene_500_run3/prism3/generated_mjcf/scene_prism3_tp0d0086p0d0123p0d0089_ip0d0070n0d0226p0d0091_mp0d0164p0d0140p0d0037.xml,prism_y0d0350,True,0.02,4.0,0.45,0.4,1.0,1.0,6.172309686080751,0.05034188545704586,4.0,0.006150195310276878,0.20529705025586353,0.023287806103576298,0.0,1.0,1.0,1.0,1.0,1.0,1.0,0.0,0.16661872529146848,0.08043158968799029,0.008609555327129374,0.012341154397680697,0.008912346989687733,0.007000500798774553,-0.022583043905803016,0.009075589409086891,0.016411278947240843,0.014031523004441703,0.003694186370186217,"[0.03553291744516522, 1.3232182501035146, -0.9476119844664097, -0.0816995130453048, 1.4551473947175135, 1.0574563621002186, -0.11197127175611298, 1.563058739268382, 0.9555793853271397]"
prism3,392,/home/humanoid/Programs/hand/results/phase1/run_20260413_pollard_multiscene_500_run3/prism3/generated_mjcf/scene_prism3_tp0d0043p0d0176p0d0012_ip0d0077n0d0128p0d0049_mp0d0080p0d0130p0d0065.xml,prism_y0d0350,True,0.02,4.0,0.45,0.4,1.0,1.0,5.946703546870852,0.05004149863893591,4.0,0.006071491674029111,2.5225622552160996,0.010999615365344554,0.0,1.0,1.0,1.0,1.0,1.0,1.0,0.0,0.11821362026442965,0.060020542809867385,0.004254000457927461,0.01759718261799633,0.0011591161610298387,0.007690670392919728,-0.012804244452743358,0.0048799535306744725,0.007961258183951048,0.01299761563100522,0.006523599200057,"[0.03553291744516522, 1.3232182501035146, -0.9476119844664097, -0.0816995130453048, 1.4551473947175135, 1.0574563621002186, -0.11197127175611298, 1.563058739268382, 0.9555793853271397]"
prism3,393,/home/humanoid/Programs/hand/results/phase1/run_20260413_pollard_multiscene_500_run3/prism3/generated_mjcf/scene_prism3_tn0d0050p0d0163p0d0000_ip0d0035n0d0034p0d0000_mp0d0059p0d0048p0d0000.xml,prism_y0d0350,True,0.02,4.0,0.45,0.4,1.0,1.0,6.482063225946855,0.049550278184410594,4.0,0.005993536533637993,0.03147481819017615,0.0011519863715942062,2.201891470660078e-05,1.0,1.0,1.0,1.0,1.0,1.0,0.0,0.02490401312369711,0.0068161127639440044,-0.004985988495398425,0.016300216267685623,0.0,0.0034683806033389258,-0.003396272985994214,0.0,0.005879648740595553,0.004792153550523294,0.0,"[0.03553291744516522, 1.3232182501035146, -0.9476119844664097, -0.0816995130453048, 1.4551473947175135, 1.0574563621002186, -0.11197127175611298, 1.563058739268382, 0.9555793853271397]"
prism3,394,/home/humanoid/Programs/hand/results/phase1/run_20260413_pollard_multiscene_500_run3/prism3/generated_mjcf/scene_prism3_tp0d0025p0d0092p0d0113_ip0d0219n0d0209p0d0000_mp0d0081p0d0097p0d0000.xml,prism_y0d0350,True,0.02,4.0,0.45,0.4,1.0,1.0,6.5959762145757255,0.04962470856916959,5.0,0.006232551875493088,0.4152594271158063,0.017351119986794693,0.0,1.0,1.0,1.0,1.0,1.0,1.0,0.0,0.12563028961126896,0.07279511598963005,0.002490598221685335,0.00915709564276886,0.011311791537951966,0.021897171626930806,-0.020911052181316225,0.0,0.008075035345848846,0.009678888052115298,0.0,"[0.03553291744516522, 1.3232182501035146, -0.9476119844664097, -0.0816995130453048, 1.4551473947175135, 1.0574563621002186, -0.11197127175611298, 1.563058739268382, 0.9555793853271397]"
prism3,395,/home/humanoid/Programs/hand/results/phase1/run_20260413_pollard_multiscene_500_run3/prism3/generated_mjcf/scene_prism3_tn0d0095p0d0197p0d0090_ip0d0217n0d0162p0d0000_mp0d0137p0d0125p0d0097.xml,prism_y0d0350,True,0.02,4.0,0.45,0.4,1.0,1.0,7.302869457812129,0.05132855411585792,6.0,0.006649214433337492,0.12981424859658458,0.0015743123191101066,0.0,1.0,1.0,1.0,1.0,1.0,1.0,0.0,0.038885565973643337,0.025055860396860863,-0.00953061315295389,0.01970784975786273,0.009043612848737722,0.02166338004553322,-0.01616864958747996,0.0,0.01367630035117491,0.012518278257087605,0.009730640697078064,"[0.03553291744516522, 1.3232182501035146, -0.9476119844664097, -0.0816995130453048, 1.4551473947175135, 1.0574563621002186, -0.11197127175611298, 1.563058739268382, 0.9555793853271397]"
prism3,396,/home/humanoid/Programs/hand/results/phase1/run_20260413_pollard_multiscene_500_run3/prism3/generated_mjcf/scene_prism3_tp0d0070p0d0222p0d0038_ip0d0151n0d0084p0d0000_mp0d0110p0d0104p0d0000.xml,prism_y0d0350,True,0.02,4.0,0.45,0.4,1.0,1.0,6.672368660355368,0.050727549237244665,5.0,0.0061727458175801055,0.23573378914955564,0.013615551575186187,0.0,1.0,1.0,1.0,1.0,1.0,1.0,0.0,0.13395904161826475,0.0794753037424421,0.007035811052865017,0.02218081977592099,0.003815341310432256,0.01510725445699214,-0.008439512570922078,0.0,0.010976962247331351,0.01039287020671183,0.0,"[0.03553291744516522, 1.3232182501035146, -0.9476119844664097, -0.0816995130453048, 1.4551473947175135, 1.0574563621002186, -0.11197127175611298, 1.563058739268382, 0.9555793853271397]"
prism3,397,/home/humanoid/Programs/hand/results/phase1/run_20260413_pollard_multiscene_500_run3/prism3/generated_mjcf/scene_prism3_tp0d0042p0d0183p0d0082_ip0d0033n0d0180p0d0088_mp0d0066p0d0266p0d0000.xml,prism_y0d0350,True,0.02,4.0,0.45,0.4,1.0,1.0,6.352669731919004,0.048976796510410855,4.0,0.006040534048979015,0.3673627087415737,0.0038593387997299467,0.0,1.0,1.0,1.0,1.0,1.0,1.0,0.0,0.06493418969692004,0.01248489808176173,0.004177515190882806,0.018256379083365838,0.008178273670573787,0.0032815323204622516,-0.01803993751952694,0.008760822790220408,0.006593736646331887,0.02663481077537399,0.0,"[0.03553291744516522, 1.3232182501035146, -0.9476119844664097, -0.0816995130453048, 1.4551473947175135, 1.0574563621002186, -0.11197127175611298, 1.563058739268382, 0.9555793853271397]"
prism3,398,/home/humanoid/Programs/hand/results/phase1/run_20260413_pollard_multiscene_500_run3/prism3/generated_mjcf/scene_prism3_tp0d0086p0d0213p0d0009_ip0d0108n0d0199p0d0066_mp0d0077p0d0183p0d0034.xml,prism_y0d0350,True,0.02,4.0,0.45,0.4,1.0,1.0,6.483471361790434,0.04903564498825272,6.0,0.007553603212122092,0.7318824481696939,0.005489847777947072,0.0017448931218695118,1.0,1.0,1.0,0.8361111111111111,0.8361111111111111,0.8361111111111111,0.16388888888888886,0.021688428753396317,0.08464081253040234,0.008571605710506466,0.021259249860929377,0.0008803123529353071,0.010802095205575884,-0.019921780238881113,0.006613136719011141,0.007685854373764274,0.0183301494512482,0.003400613466890816,"[0.03553291744516522, 1.3232182501035146, -0.9476119844664097, -0.0816995130453048, 1.4551473947175135, 1.0574563621002186, -0.11197127175611298, 1.563058739268382, 0.9555793853271397]"
prism3,399,/home/humanoid/Programs/hand/results/phase1/run_20260413_pollard_multiscene_500_run3/prism3/generated_mjcf/scene_prism3_tp0d0088p0d0300p0d0009_ip0d0029n0d0117p0d0120_mp0d0050p0d0090p0d0058.xml,prism_y0d0350,False,0.02,4.0,0.45,0.4,0.0,1.0,2.2316398851974806,0.05031480909229791,4.0,0.008120265281529739,3.774332602198273,0.009178392772098873,0.0034040305911109126,1.0,1.0,1.0,0.0,0.0,0.0,1.0,0.010409571095693826,0.08131943463705589,0.008824535085985016,0.03,0.0008932574776091152,0.0029455698672819766,-0.011691082195174523,0.011978490078858362,0.005010734973117511,0.00897510569587991,0.0057671861599445234,"[0.03553291744516522, 1.3232182501035146, -0.9476119844664097, -0.0816995130453048, 1.4551473947175135, 1.0574563621002186, -0.11197127175611298, 1.563058739268382, 0.9555793853271397]"
prism3,400,/home/humanoid/Programs/hand/results/phase1/run_20260413_pollard_multiscene_500_run3/prism3/generated_mjcf/scene_prism3_tp0d0094p0d0127p0d0051_ip0d0209n0d0108p0d0092_mp0d0144p0d0193p0d0000.xml,prism_y0d0350,True,0.02,4.0,0.45,0.4,1.0,1.0,6.43039043922051,0.04918291249537844,4.0,0.006036683815481049,0.12922377996208737,0.002469690752428343,7.024222282367432e-06,1.0,1.0,1.0,1.0,1.0,1.0,0.0,0.03957770202080535,0.010148852579390669,0.009372313123217593,0.012687591986216464,0.005107999205280118,0.020884326403043323,-0.01077608685664617,0.009235654013356007,0.014419671401879495,0.01932431120884613,0.0,"[0.03553291744516522, 1.3232182501035146, -0.9476119844664097, -0.0816995130453048, 1.4551473947175135, 1.0574563621002186, -0.11197127175611298, 1.563058739268382, 0.9555793853271397]"
prism3,401,/home/humanoid/Programs/hand/results/phase1/run_20260413_pollard_multiscene_500_run3/prism3/generated_mjcf/scene_prism3_tn0d0066p0d0138p0d0000_ip0d0011n0d0196p0d0076_mp0d0043p0d0047p0d0000.xml,prism_y0d0350,True,0.02,4.0,0.45,0.4,1.0,1.0,7.184777913505219,0.05315143986524581,6.0,0.006240966395138076,0.4901028694689975,0.007064450419679664,0.0,1.0,1.0,1.0,1.0,1.0,1.0,0.0,0.10738503818031654,0.07950675573872869,-0.006568166016017537,0.013757574947577381,0.0,0.001065966599342636,-0.01962445671424908,0.0076232278739171815,0.004307982889677852,0.004710504044540714,0.0,"[0.03553291744516522, 1.3232182501035146, -0.9476119844664097, -0.0816995130453048, 1.4551473947175135, 1.0574563621002186, -0.11197127175611298, 1.563058739268382, 0.9555793853271397]"
prism3,402,/home/humanoid/Programs/hand/results/phase1/run_20260413_pollard_multiscene_500_run3/prism3/generated_mjcf/scene_prism3_tn0d0061p0d0117p0d0000_ip0d0051n0d0055p0d0000_mp0d0162p0d0205p0d0000.xml,prism_y0d0350,False,0.02,4.0,0.45,0.4,0.0,1.0,4.041034666425254,0.052750446502278156,5.0,0.006991336807858471,0.15389675587486915,0.0031576891685256457,0.0,1.0,1.0,0.2,1.0,0.2,0.2,0.8,0.04039646649226823,0.05764234530822332,-0.006070162506608994,0.011700464662166754,0.0,0.005108954427857113,-0.005521412233569041,0.0,0.0161877500683167,0.020471673403065584,0.0,"[0.03553291744516522, 1.3232182501035146, -0.9476119844664097, -0.0816995130453048, 1.4551473947175135, 1.0574563621002186, -0.11197127175611298, 1.563058739268382, 0.9555793853271397]"
prism3,403,/home/humanoid/Programs/hand/results/phase1/run_20260413_pollard_multiscene_500_run3/prism3/generated_mjcf/scene_prism3_tn0d0060p0d0300p0d0038_ip0d0005n0d0059p0d0000_mp0d0128p0d0242p0d0000.xml,prism_y0d0350,True,0.02,4.0,0.45,0.4,1.0,1.0,5.742418091591744,0.04958233871264464,4.0,0.006071725489203823,3.7671206288938643,0.009562789618789059,0.0,1.0,1.0,1.0,1.0,1.0,1.0,0.0,0.12867441669081034,0.059402127269573446,-0.006013261280368498,0.03,0.0037994320888812723,0.0004817540822769067,-0.005867111497752016,0.0,0.01282047936393451,0.024198128950756195,0.0,"[0.03553291744516522, 1.3232182501035146, -0.9476119844664097, -0.0816995130453048, 1.4551473947175135, 1.0574563621002186, -0.11197127175611298, 1.563058739268382, 0.9555793853271397]"
prism3,404,/home/humanoid/Programs/hand/results/phase1/run_20260413_pollard_multiscene_500_run3/prism3/generated_mjcf/scene_prism3_tp0d0014p0d0095p0d0078_ip0d0166n0d0207p0d0000_mp0d0045p0d0151p0d0008.xml,prism_y0d0350,True,0.02,4.0,0.45,0.4,1.0,1.0,6.375215735076934,0.04866440365073106,5.0,0.00612655990479834,1.8477906663662966,0.013423107195371431,0.0,1.0,1.0,1.0,1.0,1.0,1.0,0.0,0.12871166485650756,0.05873272981074906,0.001414445381986533,0.009486985216727615,0.007769364107765152,0.01657461588220816,-0.020718033407936723,0.0,0.004544141871500557,0.01511193721917458,0.0007559026465335395,"[0.03553291744516522, 1.3232182501035146, -0.9476119844664097, -0.0816995130453048, 1.4551473947175135, 1.0574563621002186, -0.11197127175611298, 1.563058739268382, 0.9555793853271397]"
prism3,405,/home/humanoid/Programs/hand/results/phase1/run_20260413_pollard_multiscene_500_run3/prism3/generated_mjcf/scene_prism3_tn0d0054p0d0250p0d0000_in0d0008n0d0049p0d0000_mp0d0209p0d0196p0d0000.xml,prism_y0d0350,True,0.02,4.0,0.45,0.4,1.0,1.0,6.5008496493042305,0.04957741508441183,4.0,0.005976370024952123,0.028221755770435644,0.00048214033340615933,4.777948328318904e-05,1.0,1.0,1.0,1.0,1.0,1.0,0.0,0.01325891828495483,0.0028975222998484282,-0.005358389402565853,0.025047091820678522,0.0,-0.0007916345280545387,-0.004914922017206636,0.0,0.020890783474579788,0.019618085441763078,0.0,"[0.03553291744516522, 1.3232182501035146, -0.9476119844664097, -0.0816995130453048, 1.4551473947175135, 1.0574563621002186, -0.11197127175611298, 1.563058739268382, 0.9555793853271397]"
prism3,406,/home/humanoid/Programs/hand/results/phase1/run_20260413_pollard_multiscene_500_run3/prism3/generated_mjcf/scene_prism3_tn0d0060p0d0184p0d0000_ip0d0056n0d0197p0d0000_mp0d0095p0d0212p0d0075.xml,prism_y0d0350,True,0.02,4.0,0.45,0.4,1.0,1.0,6.204515176650556,0.05051697185120743,4.0,0.006074036265140439,0.7163822269630418,0.012302291476201939,0.0,1.0,1.0,1.0,1.0,1.0,1.0,0.0,0.13846846323192266,0.06338243895566487,-0.005993677595785198,0.018350511114540634,0.0,0.005583373121617044,-0.019703464659717004,0.0,0.009452975904973352,0.021158879065359362,0.007512942109960084,"[0.03553291744516522, 1.3232182501035146, -0.9476119844664097, -0.0816995130453048, 1.4551473947175135, 1.0574563621002186, -0.11197127175611298, 1.563058739268382, 0.9555793853271397]"
prism3,407,/home/humanoid/Programs/hand/results/phase1/run_20260413_pollard_multiscene_500_run3/prism3/generated_mjcf/scene_prism3_tn0d0051p0d0279p0d0054_ip0d0150n0d0131p0d0007_mp0d0011p0d0239p0d0037.xml,prism_y0d0350,True,0.02,4.0,0.45,0.4,1.0,1.0,7.300046205712359,0.05104272249540587,6.0,0.00720621518130259,0.03766387836992106,0.0031750027369863445,0.0,1.0,1.0,1.0,1.0,1.0,1.0,0.0,0.02559376163103108,0.04348658291160786,-0.005140192786809574,0.027934052286104214,0.0054220926649164,0.01495389301596657,-0.013107166884916394,0.0007151348632215403,0.0010701092854143394,0.023868681030051596,0.003737171765941818,"[0.03553291744516522, 1.3232182501035146, -0.9476119844664097, -0.0816995130453048, 1.4551473947175135, 1.0574563621002186, -0.11197127175611298, 1.563058739268382, 0.9555793853271397]"
prism3,408,/home/humanoid/Programs/hand/results/phase1/run_20260413_pollard_multiscene_500_run3/prism3/generated_mjcf/scene_prism3_tn0d0031p0d0175p0d0000_ip0d0080n0d0202p0d0000_mp0d0019p0d0207p0d0000.xml,prism_y0d0350,True,0.02,4.0,0.45,0.4,1.0,1.0,7.124870527666003,0.053214189118676425,6.0,0.0061423062550241304,0.18747976126533528,0.01766006592932304,0.0,1.0,1.0,1.0,1.0,1.0,1.0,0.0,0.142429509357868,0.09765921970803504,-0.0031305004524421823,0.017539118084760424,0.0,0.008034582351909472,-0.02018176662419567,0.0,0.0019428792417899906,0.020656344238335456,0.0,"[0.03553291744516522, 1.3232182501035146, -0.9476119844664097, -0.0816995130453048, 1.4551473947175135, 1.0574563621002186, -0.11197127175611298, 1.563058739268382, 0.9555793853271397]"
prism3,409,/home/humanoid/Programs/hand/results/phase1/run_20260413_pollard_multiscene_500_run3/prism3/generated_mjcf/scene_prism3_tn0d0016p0d0090p0d0000_ip0d0077n0d0186p0d0000_mp0d0089p0d0119p0d0000.xml,prism_y0d0350,True,0.02,4.0,0.45,0.4,1.0,1.0,6.85322376657438,0.04930930989472616,5.0,0.0059565061127901595,0.08464167343017309,0.001934143476417037,0.00013951080136723193,1.0,1.0,1.0,1.0,1.0,1.0,0.0,0.03147213108468603,0.006483389882666927,-0.0016323170947495774,0.009036595485457571,0.0,0.007686997919964198,-0.018553378636850654,0.0,0.00890338183766952,0.011899722188182634,0.0,"[0.03553291744516522, 1.3232182501035146, -0.9476119844664097, -0.0816995130453048, 1.4551473947175135, 1.0574563621002186, -0.11197127175611298, 1.563058739268382, 0.9555793853271397]"
prism3,410,/home/humanoid/Programs/hand/results/phase1/run_20260413_pollard_multiscene_500_run3/prism3/generated_mjcf/scene_prism3_tn0d0053p0d0114p0d0023_ip0d0085n0d0114p0d0018_mp0d0188p0d0116p0d0014.xml,prism_y0d0350,True,0.02,4.0,0.45,0.4,1.0,1.0,6.481854659562178,0.04900607168127134,4.0,0.006045810851745874,0.0302339852685696,0.0007230236999231993,0.00012096631910543665,1.0,1.0,1.0,1.0,1.0,1.0,0.0,0.009751745061825497,0.0023792933958245075,-0.005293281935177009,0.011409198503569133,0.0023185881529035456,0.008519201573778543,-0.011410397534888745,0.0017575752571704177,0.01881142883562955,0.011645587587469603,0.00142551727874291,"[0.03553291744516522, 1.3232182501035146, -0.9476119844664097, -0.0816995130453048, 1.4551473947175135, 1.0574563621002186, -0.11197127175611298, 1.563058739268382, 0.9555793853271397]"
prism3,411,/home/humanoid/Programs/hand/results/phase1/run_20260413_pollard_multiscene_500_run3/prism3/generated_mjcf/scene_prism3_tn0d0048p0d0150p0d0000_ip0d0065n0d0078p0d0000_mn0d0008p0d0033p0d0000.xml,prism_y0d0350,True,0.02,4.0,0.45,0.4,1.0,1.0,6.442899373279462,0.050006060434099164,4.0,0.006062796220866517,0.11539427641202168,0.0035639247063647627,0.0,1.0,1.0,1.0,1.0,1.0,1.0,0.0,0.046655074783166654,0.01967876997823566,-0.00483454322046063,0.0150354995281941,0.0,0.006463405685212573,-0.007794424323765136,0.0,-0.0007991368204927872,0.003305963248475482,0.0,"[0.03553291744516522, 1.3232182501035146, -0.9476119844664097, -0.0816995130453048, 1.4551473947175135, 1.0574563621002186, -0.11197127175611298, 1.563058739268382, 0.9555793853271397]"
prism3,412,/home/humanoid/Programs/hand/results/phase1/run_20260413_pollard_multiscene_500_run3/prism3/generated_mjcf/scene_prism3_tn0d0022p0d0223p0d0000_ip0d0189n0d0096p0d0055_mp0d0016p0d0090p0d0000.xml,prism_y0d0350,True,0.02,4.0,0.45,0.4,1.0,1.0,7.324788657785972,0.052514948769157674,6.0,0.006578520714365088,0.10723729244474714,0.0009959478063866945,0.0,1.0,1.0,1.0,1.0,1.0,1.0,0.0,0.05085524210145651,0.054321969798657645,-0.0021633292292821196,0.02230517427223252,0.0,0.018897786349753608,-0.009618802295454976,0.005502816790046914,0.0016095316072317848,0.009027481605026609,0.0,"[0.03553291744516522, 1.3232182501035146, -0.9476119844664097, -0.0816995130453048, 1.4551473947175135, 1.0574563621002186, -0.11197127175611298, 1.563058739268382, 0.9555793853271397]"
prism3,413,/home/humanoid/Programs/hand/results/phase1/run_20260413_pollard_multiscene_500_run3/prism3/generated_mjcf/scene_prism3_tp0d0027p0d0123p0d0068_ip0d0058n0d0063p0d0039_mp0d0002p0d0195p0d0072.xml,prism_y0d0350,True,0.02,4.0,0.45,0.4,1.0,1.0,6.883229935133818,0.049611813965224766,5.0,0.006194679161571229,0.13106875855782,0.0008229619650929518,0.00010545640730551253,1.0,1.0,1.0,1.0,1.0,1.0,0.0,0.01190999184603124,0.006041282035955886,0.0026700165276494457,0.01226117259601896,0.006755428193157744,0.005831519725040962,-0.006284982002491805,0.003932208229509883,0.0001521947786814904,0.019464330946787185,0.007165036133727081,"[0.03553291744516522, 1.3232182501035146, -0.9476119844664097, -0.0816995130453048, 1.4551473947175135, 1.0574563621002186, -0.11197127175611298, 1.563058739268382, 0.9555793853271397]"
prism3,414,/home/humanoid/Programs/hand/results/phase1/run_20260413_pollard_multiscene_500_run3/prism3/generated_mjcf/scene_prism3_tp0d0119p0d0161p0d0000_ip0d0066n0d0103p0d0010_mn0d0012p0d0040p0d0000.xml,prism_y0d0350,True,0.02,4.0,0.45,0.4,1.0,1.0,6.65617354447927,0.05019501056567645,5.0,0.006060959293571877,0.8972184982803129,0.007929788184434638,0.0,1.0,1.0,1.0,1.0,1.0,1.0,0.0,0.08306440182348414,0.04660800212024683,0.011926975172027825,0.016136097000490002,0.0,0.006603760238197899,-0.010256639026435648,0.000980959618551415,-0.0012493701764418955,0.004048123202399532,0.0,"[0.03553291744516522, 1.3232182501035146, -0.9476119844664097, -0.0816995130453048, 1.4551473947175135, 1.0574563621002186, -0.11197127175611298, 1.563058739268382, 0.9555793853271397]"
prism3,415,/home/humanoid/Programs/hand/results/phase1/run_20260413_pollard_multiscene_500_run3/prism3/generated_mjcf/scene_prism3_tp0d0091p0d0097p0d0079_ip0d0109n0d0031p0d0000_mp0d0176p0d0167p0d0000.xml,prism_y0d0350,True,0.02,4.0,0.45,0.4,1.0,1.0,5.017709426448652,0.05000975778313853,5.0,0.006296454042675453,0.22325433208084575,0.017814068703036263,0.0017985539574034426,1.0,1.0,0.5638888888888889,1.0,0.5638888888888889,0.5638888888888889,0.4361111111111111,0.1426428430835133,0.09088227054629093,0.00906606741877758,0.009713425617874147,0.00791014140138167,0.010867190352182917,-0.003114253838119847,0.0,0.017584104657214175,0.01666546351720368,0.0,"[0.03553291744516522, 1.3232182501035146, -0.9476119844664097, -0.0816995130453048, 1.4551473947175135, 1.0574563621002186, -0.11197127175611298, 1.563058739268382, 0.9555793853271397]"
prism3,416,/home/humanoid/Programs/hand/results/phase1/run_20260413_pollard_multiscene_500_run3/prism3/generated_mjcf/scene_prism3_tn0d0072p0d0300p0d0000_in0d0010n0d0137p0d0020_mp0d0146p0d0033p0d0000.xml,prism_y0d0350,False,0.02,4.0,0.45,0.4,0.0,1.0,2.7998143596575775,0.05020538176764349,4.0,0.01163262049895381,0.41234679201472313,0.002180484792313427,0.0006750238945759657,1.0,1.0,1.0,0.0,0.0,0.0,1.0,0.02601977817824361,0.05010753748558668,-0.007174041971646325,0.03,0.0,-0.0009581709355264475,-0.013714458911787292,0.0019873955854658922,0.014588047567082667,0.0033140840490026857,0.0,"[0.03553291744516522, 1.3232182501035146, -0.9476119844664097, -0.0816995130453048, 1.4551473947175135, 1.0574563621002186, -0.11197127175611298, 1.563058739268382, 0.9555793853271397]"
prism3,417,/home/humanoid/Programs/hand/results/phase1/run_20260413_pollard_multiscene_500_run3/prism3/generated_mjcf/scene_prism3_tn0d0119p0d0130p0d0033_ip0d0053n0d0196p0d0063_mp0d0108p0d0186p0d0073.xml,prism_y0d0350,True,0.02,4.0,0.45,0.4,1.0,1.0,6.814305885268416,0.04954124593861592,5.0,0.00600551615297381,0.2447739937062989,0.0028383552390267353,1.459829857475281e-05,1.0,1.0,1.0,1.0,1.0,1.0,0.0,0.048884374944079136,0.009641810520222746,-0.011856844397496631,0.01301493444648736,0.0033127292805139857,0.005330779465385114,-0.019633635020686522,0.006301068543077583,0.01080103995901315,0.018606390761993538,0.007283380888463132,"[0.03553291744516522, 1.3232182501035146, -0.9476119844664097, -0.0816995130453048, 1.4551473947175135, 1.0574563621002186, -0.11197127175611298, 1.563058739268382, 0.9555793853271397]"
prism3,418,/home/humanoid/Programs/hand/results/phase1/run_20260413_pollard_multiscene_500_run3/prism3/generated_mjcf/scene_prism3_tn0d0063p0d0094p0d0039_ip0d0171n0d0119p0d0074_mp0d0067p0d0205p0d0006.xml,prism_y0d0350,True,0.02,4.0,0.45,0.4,1.0,1.0,6.48631348046425,0.04899077475603768,4.0,0.006217737128483552,0.030807934540999962,0.0007496445155396495,0.00022284759564432377,1.0,1.0,1.0,1.0,1.0,1.0,0.0,0.00265709524090643,0.0029556761541515986,-0.006296620053095982,0.009416219417424817,0.003924512405020338,0.01710157573507877,-0.01187522612800575,0.007410642288759425,0.006671445387090337,0.020463784667246666,0.0006463969782932299,"[0.03553291744516522, 1.3232182501035146, -0.9476119844664097, -0.0816995130453048, 1.4551473947175135, 1.0574563621002186, -0.11197127175611298, 1.563058739268382, 0.9555793853271397]"
prism3,419,/home/humanoid/Programs/hand/results/phase1/run_20260413_pollard_multiscene_500_run3/prism3/generated_mjcf/scene_prism3_tn0d0041p0d0241p0d0000_ip0d0099n0d0077p0d0052_mp0d0009p0d0211p0d0000.xml,prism_y0d0350,True,0.02,4.0,0.45,0.4,1.0,1.0,7.269938551567142,0.05430524105560418,6.0,0.006257776645876197,0.041046467798456054,0.009028867924825972,0.0,1.0,1.0,1.0,1.0,1.0,1.0,0.0,0.11533267286566092,0.08513296300573396,-0.0041412976865153744,0.02409152225526526,0.0,0.009925318078709394,-0.0076590425951469,0.005194099965976872,0.0008881900785973618,0.021141476289865326,0.0,"[0.03553291744516522, 1.3232182501035146, -0.9476119844664097, -0.0816995130453048, 1.4551473947175135, 1.0574563621002186, -0.11197127175611298, 1.563058739268382, 0.9555793853271397]"
prism3,420,/home/humanoid/Programs/hand/results/phase1/run_20260413_pollard_multiscene_500_run3/prism3/generated_mjcf/scene_prism3_tp0d0071p0d0239p0d0000_ip0d0117n0d0022p0d0000_mp0d0151p0d0196p0d0030.xml,prism_y0d0350,True,0.02,4.0,0.45,0.4,1.0,1.0,6.44860789321157,0.04922320969928339,4.0,0.006019663071482628,0.06954860278149605,0.001824917270896166,0.0,1.0,1.0,1.0,1.0,1.0,1.0,0.0,0.03553957777439317,0.010487496606780741,0.007137772626772659,0.023857670287552885,0.0,0.011669115350941957,-0.002227125826247416,0.0,0.015091260244914308,0.019558435737760817,0.0029842274549594285,"[0.03553291744516522, 1.3232182501035146, -0.9476119844664097, -0.0816995130453048, 1.4551473947175135, 1.0574563621002186, -0.11197127175611298, 1.563058739268382, 0.9555793853271397]"
prism3,421,/home/humanoid/Programs/hand/results/phase1/run_20260413_pollard_multiscene_500_run3/prism3/generated_mjcf/scene_prism3_tp0d0031p0d0156p0d0000_ip0d0072n0d0037p0d0005_mp0d0046p0d0088p0d0005.xml,prism_y0d0350,True,0.02,4.0,0.45,0.4,1.0,1.0,6.4878009778363595,0.04991780913582028,4.0,0.006002575348523296,0.04370539812523105,0.0013544537358965774,2.205381317609001e-05,1.0,1.0,1.0,1.0,1.0,1.0,0.0,0.028556680216486777,0.00762666622308017,0.003101723536340091,0.015595989589606042,0.0,0.0072454315533282704,-0.003652126546145917,0.0005213155205137689,0.004554379635483783,0.008842974072948777,0.0005496837176906175,"[0.03553291744516522, 1.3232182501035146, -0.9476119844664097, -0.0816995130453048, 1.4551473947175135, 1.0574563621002186, -0.11197127175611298, 1.563058739268382, 0.9555793853271397]"
prism3,422,/home/humanoid/Programs/hand/results/phase1/run_20260413_pollard_multiscene_500_run3/prism3/generated_mjcf/scene_prism3_tp0d0075p0d0090p0d0000_ip0d0095n0d0057p0d0041_mp0d0134p0d0225p0d0000.xml,prism_y0d0350,False,0.02,4.0,0.45,0.4,0.0,1.0,2.6818977444078116,0.04981106436433372,4.0,0.009412085487562102,0.846030383582313,0.008993427619103158,0.0002925653644808568,1.0,1.0,0.0,1.0,0.0,0.0,1.0,0.016910866017071327,0.08275712745187253,0.00753359398917278,0.009021919988826161,0.0,0.009544862541769275,-0.005731684550799405,0.004082674828820045,0.013428867191625499,0.02246770650074717,0.0,"[0.03553291744516522, 1.3232182501035146, -0.9476119844664097, -0.0816995130453048, 1.4551473947175135, 1.0574563621002186, -0.11197127175611298, 1.563058739268382, 0.9555793853271397]"
prism3,423,/home/humanoid/Programs/hand/results/phase1/run_20260413_pollard_multiscene_500_run3/prism3/generated_mjcf/scene_prism3_tp0d0012p0d0181p0d0075_ip0d0212n0d0045p0d0015_mp0d0201p0d0059p0d0019.xml,prism_y0d0350,True,0.02,4.0,0.45,0.4,1.0,1.0,6.471259537324643,0.04967486978822795,4.0,0.006137166746084585,0.0193123445579148,0.002461094944292314,0.0,1.0,1.0,1.0,1.0,1.0,1.0,0.0,0.03152947158635009,0.011787357670749732,0.001238563357003111,0.018056065507205808,0.007519693428228502,0.021206132398409232,-0.004470630085174411,0.001547317764403448,0.020053196267056254,0.005944634302786423,0.0019053686702290105,"[0.03553291744516522, 1.3232182501035146, -0.9476119844664097, -0.0816995130453048, 1.4551473947175135, 1.0574563621002186, -0.11197127175611298, 1.563058739268382, 0.9555793853271397]"
prism3,424,/home/humanoid/Programs/hand/results/phase1/run_20260413_pollard_multiscene_500_run3/prism3/generated_mjcf/scene_prism3_tp0d0094p0d0236p0d0023_ip0d0102n0d0222p0d0000_mp0d0161p0d0091p0d0072.xml,prism_y0d0350,False,0.02,4.0,0.45,0.4,0.0,1.0,2.5846116722542543,0.049750896650897256,4.0,0.010418626492820876,1.4534927580348695,0.006331235468593669,0.0025105391319666936,1.0,1.0,1.0,0.0,0.0,0.0,1.0,0.01796878786012864,0.06345174716197342,0.009439976988392936,0.0235887609771427,0.0023219766442525783,0.010182597409066308,-0.022214054731901495,0.0,0.01607133661999266,0.00907854784007011,0.007199720664709967,"[0.03553291744516522, 1.3232182501035146, -0.9476119844664097, -0.0816995130453048, 1.4551473947175135, 1.0574563621002186, -0.11197127175611298, 1.563058739268382, 0.9555793853271397]"
prism3,425,/home/humanoid/Programs/hand/results/phase1/run_20260413_pollard_multiscene_500_run3/prism3/generated_mjcf/scene_prism3_tn0d0097p0d0265p0d0000_ip0d0173n0d0239p0d0060_mp0d0079p0d0266p0d0000.xml,prism_y0d0350,True,0.02,4.0,0.45,0.4,1.0,1.0,7.278922086285243,0.04979048379450789,6.0,0.0075143813759834975,0.056020971493997346,0.0017938192235320072,0.0004528484019846596,1.0,1.0,1.0,1.0,1.0,1.0,0.0,0.011346589843169034,0.025538504076583163,-0.009735946968143526,0.026515306910265567,0.0,0.017292401019917678,-0.023949163087233355,0.0060141306694627104,0.00787056582813915,0.026566998527488665,0.0,"[0.03553291744516522, 1.3232182501035146, -0.9476119844664097, -0.0816995130453048, 1.4551473947175135, 1.0574563621002186, -0.11197127175611298, 1.563058739268382, 0.9555793853271397]"
prism3,426,/home/humanoid/Programs/hand/results/phase1/run_20260413_pollard_multiscene_500_run3/prism3/generated_mjcf/scene_prism3_tn0d0023p0d0240p0d0049_ip0d0145n0d0043p0d0105_mp0d0153p0d0156p0d0059.xml,prism_y0d0350,True,0.02,4.0,0.45,0.4,1.0,1.0,6.769714703667588,0.052109331185353026,5.0,0.006213329101815696,0.5447326075509158,0.006447007163308933,0.0,1.0,1.0,1.0,1.0,1.0,1.0,0.0,0.09592368395627567,0.05073922309473905,-0.002251750389289927,0.023967651029735318,0.004939390703879207,0.014508762345518499,-0.004347934226913543,0.010485183735368647,0.015342193193272654,0.015622395217333425,0.005919397109665846,"[0.03553291744516522, 1.3232182501035146, -0.9476119844664097, -0.0816995130453048, 1.4551473947175135, 1.0574563621002186, -0.11197127175611298, 1.563058739268382, 0.9555793853271397]"
prism3,427,/home/humanoid/Programs/hand/results/phase1/run_20260413_pollard_multiscene_500_run3/prism3/generated_mjcf/scene_prism3_tp0d0116p0d0081p0d0063_ip0d0084n0d0079p0d0000_mp0d0035p0d0218p0d0063.xml,prism_y0d0350,False,0.02,4.0,0.45,0.4,0.0,1.0,2.1720077750592095,0.04734876101974064,4.0,0.009751757373122236,0.9275905513811821,0.017580470467835962,0.0,0.6527777777777778,0.6527777777777778,0.0,1.0,0.0,0.0,1.0,0.08479280631856484,0.11700671254986576,0.011554127167321758,0.008094973935045711,0.00634021291148389,0.008382335375273374,-0.007888242921632352,0.0,0.0034908725353503265,0.021847055821519926,0.006253517562865806,"[0.03553291744516522, 1.3232182501035146, -0.9476119844664097, -0.0816995130453048, 1.4551473947175135, 1.0574563621002186, -0.11197127175611298, 1.563058739268382, 0.9555793853271397]"
prism3,428,/home/humanoid/Programs/hand/results/phase1/run_20260413_pollard_multiscene_500_run3/prism3/generated_mjcf/scene_prism3_tp0d0039p0d0091p0d0000_ip0d0043n0d0228p0d0000_mp0d0132p0d0109p0d0085.xml,prism_y0d0350,True,0.02,4.0,0.45,0.4,1.0,1.0,6.435331188637462,0.04915675629729248,4.0,0.005969067207862058,0.09942508774445999,0.001987378990462792,0.00019797069891590302,1.0,1.0,1.0,1.0,1.0,1.0,0.0,0.039447409757527904,0.009112104206173957,0.003934916242328907,0.009055660371116435,0.0,0.0042966683546525174,-0.022817310905164527,0.0,0.013238842010290162,0.010876905015767713,0.008523745451003876,"[0.03553291744516522, 1.3232182501035146, -0.9476119844664097, -0.0816995130453048, 1.4551473947175135, 1.0574563621002186, -0.11197127175611298, 1.563058739268382, 0.9555793853271397]"
prism3,429,/home/humanoid/Programs/hand/results/phase1/run_20260413_pollard_multiscene_500_run3/prism3/generated_mjcf/scene_prism3_tp0d0051p0d0136p0d0089_in0d0006n0d0155p0d0015_mp0d0118p0d0055p0d0053.xml,prism_y0d0350,True,0.02,4.0,0.45,0.4,1.0,1.0,6.427670245246115,0.04911674701980598,4.0,0.006036571937967392,0.11898178199995142,0.002726824380293911,1.2288327797010945e-05,1.0,1.0,1.0,1.0,1.0,1.0,0.0,0.03901245089190969,0.011949264327858145,0.005125087482668465,0.013563331531296553,0.008941585970417887,-0.0005944345291723756,-0.015549005861688751,0.0015394288276203757,0.011795680983158995,0.005463134066536002,0.00529108644876362,"[0.03553291744516522, 1.3232182501035146, -0.9476119844664097, -0.0816995130453048, 1.4551473947175135, 1.0574563621002186, -0.11197127175611298, 1.563058739268382, 0.9555793853271397]"
prism3,430,/home/humanoid/Programs/hand/results/phase1/run_20260413_pollard_multiscene_500_run3/prism3/generated_mjcf/scene_prism3_tp0d0108p0d0253p0d0023_ip0d0047n0d0158p0d0000_mp0d0045p0d0174p0d0005.xml,prism_y0d0350,False,0.02,4.0,0.45,0.4,0.0,1.0,2.9264719456686805,0.048084646566340386,5.0,0.007694827943141841,7.393580368483153,0.02271011515782673,0.008841359305853363,1.0,1.0,1.0,0.3111111111111111,0.3111111111111111,0.3111111111111111,0.6888888888888889,0.0401075630363942,0.139198814681762,0.010755727203491484,0.025319041018740367,0.0023424459642572733,0.004681210473767024,-0.0158168109349753,0.0,0.004522423977653443,0.01743127013831674,0.00046354652795747506,"[0.03553291744516522, 1.3232182501035146, -0.9476119844664097, -0.0816995130453048, 1.4551473947175135, 1.0574563621002186, -0.11197127175611298, 1.563058739268382, 0.9555793853271397]"
prism3,431,/home/humanoid/Programs/hand/results/phase1/run_20260413_pollard_multiscene_500_run3/prism3/generated_mjcf/scene_prism3_tn0d0090p0d0163p0d0012_ip0d0106n0d0210p0d0079_mp0d0186p0d0239p0d0033.xml,prism_y0d0350,True,0.02,4.0,0.45,0.4,1.0,1.0,6.815529065631445,0.04908926865131233,5.0,0.0060043349555860435,0.20193870766567992,0.0025927948605311826,5.70496194730874e-05,1.0,1.0,1.0,1.0,1.0,1.0,0.0,0.04063285914759974,0.006843274717997376,-0.009045069329629866,0.016286414078574243,0.001232079353439438,0.010607776781234562,-0.021005149767894388,0.007941771113298229,0.018568443556381972,0.023899946224055856,0.0033294426360466443,"[0.03553291744516522, 1.3232182501035146, -0.9476119844664097, -0.0816995130453048, 1.4551473947175135, 1.0574563621002186, -0.11197127175611298, 1.563058739268382, 0.9555793853271397]"
prism3,432,/home/humanoid/Programs/hand/results/phase1/run_20260413_pollard_multiscene_500_run3/prism3/generated_mjcf/scene_prism3_tp0d0063p0d0270p0d0000_ip0d0020n0d0149p0d0044_mp0d0158p0d0060p0d0000.xml,prism_y0d0350,False,0.02,4.0,0.45,0.4,0.0,1.0,2.515786911210774,0.04897849475250737,4.0,0.009666676323890759,1.498398481958312,0.00979814030802439,0.0026195951525804784,1.0,1.0,1.0,0.0,0.0,0.0,1.0,0.018211156369956346,0.09186428027277559,0.0063085193443046805,0.02696360007822303,0.0,0.001961325675993948,-0.014902927055320836,0.00437067189933418,0.015768154956900225,0.005974865905798616,0.0,"[0.03553291744516522, 1.3232182501035146, -0.9476119844664097, -0.0816995130453048, 1.4551473947175135, 1.0574563621002186, -0.11197127175611298, 1.563058739268382, 0.9555793853271397]"
prism3,433,/home/humanoid/Programs/hand/results/phase1/run_20260413_pollard_multiscene_500_run3/prism3/generated_mjcf/scene_prism3_tn0d0039p0d0300p0d0000_in0d0010n0d0194p0d0059_mp0d0206p0d0041p0d0000.xml,prism_y0d0350,False,0.02,4.0,0.45,0.4,0.0,1.0,2.6127437358540604,0.048547326944087046,4.0,0.011686786853604853,1.000357749124042,0.006855159020074034,0.001897839084049599,1.0,1.0,1.0,0.0,0.0,0.0,1.0,0.01877106016169147,0.060618775644878865,-0.003949258224395914,0.03,0.0,-0.0009504631194709491,-0.019444312238559795,0.005891477691566099,0.02061378315896422,0.004131062854890644,0.0,"[0.03553291744516522, 1.3232182501035146, -0.9476119844664097, -0.0816995130453048, 1.4551473947175135, 1.0574563621002186, -0.11197127175611298, 1.563058739268382, 0.9555793853271397]"
prism3,434,/home/humanoid/Programs/hand/results/phase1/run_20260413_pollard_multiscene_500_run3/prism3/generated_mjcf/scene_prism3_tp0d0061p0d0184p0d0000_ip0d0176n0d0215p0d0000_mp0d0035p0d0238p0d0000.xml,prism_y0d0350,True,0.02,4.0,0.45,0.4,1.0,1.0,7.121695548565871,0.0521071128094942,6.0,0.0063860825620548406,0.32627787302542416,0.014869044346679215,0.001086342216601227,1.0,1.0,1.0,1.0,1.0,1.0,0.0,0.08692497977100568,0.10232840247641738,0.006131997720201,0.018435290362744716,0.0,0.017619931956625062,-0.021477761725560728,0.0,0.0035011270404651136,0.02378280003369332,0.0,"[0.03553291744516522, 1.3232182501035146, -0.9476119844664097, -0.0816995130453048, 1.4551473947175135, 1.0574563621002186, -0.11197127175611298, 1.563058739268382, 0.9555793853271397]"
prism3,435,/home/humanoid/Programs/hand/results/phase1/run_20260413_pollard_multiscene_500_run3/prism3/generated_mjcf/scene_prism3_tp0d0106p0d0242p0d0000_ip0d0096n0d0043p0d0000_mp0d0168p0d0273p0d0000.xml,prism_y0d0350,True,0.02,4.0,0.45,0.4,1.0,1.0,6.491576099357427,0.049689154310556705,4.0,0.005972792713273796,0.055531440367025696,0.0007734236769362311,1.7185593586113712e-05,1.0,1.0,1.0,1.0,1.0,1.0,0.0,0.02060112251260591,0.0036422166663995412,0.01063084908390945,0.024171536197284713,0.0,0.009551757925849768,-0.004272562894365733,0.0,0.01678767899884418,0.02727275818868951,0.0,"[0.03553291744516522, 1.3232182501035146, -0.9476119844664097, -0.0816995130453048, 1.4551473947175135, 1.0574563621002186, -0.11197127175611298, 1.563058739268382, 0.9555793853271397]"
prism3,436,/home/humanoid/Programs/hand/results/phase1/run_20260413_pollard_multiscene_500_run3/prism3/generated_mjcf/scene_prism3_tn0d0076p0d0236p0d0000_ip0d0170n0d0200p0d0017_mn0d0013p0d0079p0d0047.xml,prism_y0d0350,True,0.02,4.0,0.45,0.4,1.0,1.0,6.9085253488522085,0.05081674152999844,5.0,0.0073495093973580125,0.09718968793341375,0.0010286338723540813,0.0,1.0,1.0,1.0,1.0,1.0,1.0,0.0,0.019769925580147268,0.029682807797472417,-0.007610571290414185,0.023550381931943205,0.0,0.016999661265836574,-0.019983140800411376,0.0017189998139261614,-0.0013349599660444859,0.007934704045173926,0.004699890575137328,"[0.03553291744516522, 1.3232182501035146, -0.9476119844664097, -0.0816995130453048, 1.4551473947175135, 1.0574563621002186, -0.11197127175611298, 1.563058739268382, 0.9555793853271397]"
prism3,437,/home/humanoid/Programs/hand/results/phase1/run_20260413_pollard_multiscene_500_run3/prism3/generated_mjcf/scene_prism3_tp0d0026p0d0114p0d0000_ip0d0156n0d0003p0d0000_mp0d0170p0d0047p0d0000.xml,prism_y0d0350,True,0.02,4.0,0.45,0.4,1.0,1.0,2.696147038147702,0.048884443611698865,5.0,0.006008505507946998,27.57579602326291,0.004537077905201995,1.0166535050967762e-05,1.0,1.0,1.0,0.9972222222222222,0.9972222222222222,0.9972222222222222,0.002777777777777768,0.02330043758011512,0.011554340648976294,0.0026176839625111185,0.011391178484980292,0.0,0.015624984481607816,-0.0003278282907494979,0.0,0.01703328899292387,0.004654251325363892,0.0,"[0.03553291744516522, 1.3232182501035146, -0.9476119844664097, -0.0816995130453048, 1.4551473947175135, 1.0574563621002186, -0.11197127175611298, 1.563058739268382, 0.9555793853271397]"
prism3,438,/home/humanoid/Programs/hand/results/phase1/run_20260413_pollard_multiscene_500_run3/prism3/generated_mjcf/scene_prism3_tp0d0102p0d0223p0d0000_ip0d0153n0d0106p0d0001_mp0d0175p0d0220p0d0000.xml,prism_y0d0350,True,0.02,4.0,0.45,0.4,1.0,1.0,6.190524816496855,0.05008345368441703,4.0,0.006047100214723447,1.2910033277588413,0.006906334721293705,0.0,1.0,1.0,1.0,1.0,1.0,1.0,0.0,0.0956582894399287,0.03911013019355534,0.01018342807798086,0.02234125613906514,0.0,0.015265627310635044,-0.01062878129420388,0.0001183555941337601,0.017501498305174445,0.02201449786772612,0.0,"[0.03553291744516522, 1.3232182501035146, -0.9476119844664097, -0.0816995130453048, 1.4551473947175135, 1.0574563621002186, -0.11197127175611298, 1.563058739268382, 0.9555793853271397]"
prism3,439,/home/humanoid/Programs/hand/results/phase1/run_20260413_pollard_multiscene_500_run3/prism3/generated_mjcf/scene_prism3_tp0d0041p0d0221p0d0000_ip0d0023n0d0110p0d0000_mp0d0163p0d0236p0d0038.xml,prism_y0d0350,True,0.02,4.0,0.45,0.4,1.0,1.0,6.471439589389926,0.04988655127753806,4.0,0.005959930387492786,0.0956569738576949,0.0011636583830430302,0.0,1.0,1.0,1.0,1.0,1.0,1.0,0.0,0.037110078457768335,0.00845853942847948,0.004055396234236862,0.02212583123867185,0.0,0.002321135574197007,-0.011019493156771299,0.0,0.016328507377646455,0.0235699176351113,0.0038354519921154837,"[0.03553291744516522, 1.3232182501035146, -0.9476119844664097, -0.0816995130453048, 1.4551473947175135, 1.0574563621002186, -0.11197127175611298, 1.563058739268382, 0.9555793853271397]"
prism3,440,/home/humanoid/Programs/hand/results/phase1/run_20260413_pollard_multiscene_500_run3/prism3/generated_mjcf/scene_prism3_tn0d0057p0d0197p0d0105_ip0d0083n0d0174p0d0070_mp0d0210p0d0172p0d0027.xml,prism_y0d0350,True,0.02,4.0,0.45,0.4,1.0,1.0,6.387998995309743,0.05312762485026405,4.0,0.006207116081054717,0.058424565287947434,0.013263478159417174,0.0,1.0,1.0,1.0,1.0,1.0,1.0,0.0,0.13806820814658813,0.06528176078221039,-0.0057197918777049635,0.019696955628222775,0.010458688009170419,0.008337152167123458,-0.01735205375378309,0.007023605683724916,0.02102385264600795,0.017152563023836435,0.002682832330421164,"[0.03553291744516522, 1.3232182501035146, -0.9476119844664097, -0.0816995130453048, 1.4551473947175135, 1.0574563621002186, -0.11197127175611298, 1.563058739268382, 0.9555793853271397]"
prism3,441,/home/humanoid/Programs/hand/results/phase1/run_20260413_pollard_multiscene_500_run3/prism3/generated_mjcf/scene_prism3_tp0d0019p0d0226p0d0066_ip0d0082n0d0120p0d0000_mp0d0103p0d0238p0d0000.xml,prism_y0d0350,True,0.02,4.0,0.45,0.4,1.0,1.0,6.08861553819081,0.04919251298542035,4.0,0.006102195423501552,0.7946990055689681,0.016010047588522713,0.0,1.0,1.0,1.0,1.0,1.0,1.0,0.0,0.16528118110164094,0.0807434159675537,0.0019416655371988813,0.02259363229947895,0.006594002727760957,0.008215286594117186,-0.01202021011361221,0.0,0.010305003915128633,0.023819476571518408,0.0,"[0.03553291744516522, 1.3232182501035146, -0.9476119844664097, -0.0816995130453048, 1.4551473947175135, 1.0574563621002186, -0.11197127175611298, 1.563058739268382, 0.9555793853271397]"
prism3,442,/home/humanoid/Programs/hand/results/phase1/run_20260413_pollard_multiscene_500_run3/prism3/generated_mjcf/scene_prism3_tp0d0098p0d0113p0d0000_ip0d0119n0d0008p0d0043_mp0d0123p0d0187p0d0000.xml,prism_y0d0350,True,0.02,4.0,0.45,0.4,1.0,1.0,5.500502263912143,0.050042715245796204,5.0,0.006219679725273636,0.46214324479734725,0.015516401741193236,0.0,1.0,1.0,0.6972222222222222,1.0,0.6972222222222222,0.6972222222222222,0.3027777777777778,0.13952558036460383,0.09321586541762296,0.009780483521716198,0.01132231065837554,0.0,0.011857494599218721,-0.0007928173974697684,0.004320046888400382,0.012275952742412203,0.018654839480562325,0.0,"[0.03553291744516522, 1.3232182501035146, -0.9476119844664097, -0.0816995130453048, 1.4551473947175135, 1.0574563621002186, -0.11197127175611298, 1.563058739268382, 0.9555793853271397]"
prism3,443,/home/humanoid/Programs/hand/results/phase1/run_20260413_pollard_multiscene_500_run3/prism3/generated_mjcf/scene_prism3_tp0d0113p0d0300p0d0000_in0d0006n0d0191p0d0000_mp0d0187p0d0119p0d0095.xml,prism_y0d0350,False,0.02,4.0,0.45,0.4,0.0,1.0,-1.2541165494212956,0.04426418372447588,4.0,0.01373353712567246,20.411296300475144,0.07296036148788852,0.02565170199472739,0.6805555555555556,0.7805555555555556,0.6805555555555556,0.0,0.0,0.0,0.7805555555555556,0.14246179603861184,0.06786969866088165,0.011258075666834896,0.03,0.0,-0.0006457849871351617,-0.019081365910640965,0.0,0.018655235429646706,0.01185682668301296,0.009518651544530462,"[0.03553291744516522, 1.3232182501035146, -0.9476119844664097, -0.0816995130453048, 1.4551473947175135, 1.0574563621002186, -0.11197127175611298, 1.563058739268382, 0.9555793853271397]"
prism3,444,/home/humanoid/Programs/hand/results/phase1/run_20260413_pollard_multiscene_500_run3/prism3/generated_mjcf/scene_prism3_tp0d0000p0d0094p0d0090_ip0d0033n0d0070p0d0000_mn0d0015p0d0115p0d0011.xml,prism_y0d0350,True,0.02,4.0,0.45,0.4,1.0,1.0,6.839813050794515,0.048440893223989645,5.0,0.005994486264362307,0.05414591984199812,0.001166112382272635,9.299097557910474e-05,1.0,1.0,1.0,1.0,1.0,1.0,0.0,0.02467649338761081,0.005436584303805669,3.9475085303166194e-05,0.009449388158865814,0.009004617717149246,0.0033270163392911,-0.006972047386813037,0.0,-0.0014581746872513821,0.01150486117663375,0.0011050946491694934,"[0.03553291744516522, 1.3232182501035146, -0.9476119844664097, -0.0816995130453048, 1.4551473947175135, 1.0574563621002186, -0.11197127175611298, 1.563058739268382, 0.9555793853271397]"
prism3,445,/home/humanoid/Programs/hand/results/phase1/run_20260413_pollard_multiscene_500_run3/prism3/generated_mjcf/scene_prism3_tp0d0077p0d0300p0d0000_ip0d0026n0d0098p0d0003_mp0d0090p0d0242p0d0073.xml,prism_y0d0350,False,0.02,4.0,0.45,0.4,0.0,1.0,3.3437120220900978,0.052234895922155994,5.0,0.006345972602101972,2.005560286374156,0.024391815186828696,0.002444232306837116,1.0,1.0,1.0,0.1638888888888889,0.1638888888888889,0.1638888888888889,0.8361111111111111,0.1193725412535774,0.13185825393688078,0.00768753876739613,0.03,0.0,0.0025976512521246773,-0.009816610602493132,0.00029591957992342564,0.009017485474437894,0.024158653166428484,0.007259589915213454,"[0.03553291744516522, 1.3232182501035146, -0.9476119844664097, -0.0816995130453048, 1.4551473947175135, 1.0574563621002186, -0.11197127175611298, 1.563058739268382, 0.9555793853271397]"
prism3,446,/home/humanoid/Programs/hand/results/phase1/run_20260413_pollard_multiscene_500_run3/prism3/generated_mjcf/scene_prism3_tn0d0011p0d0133p0d0000_ip0d0064n0d0056p0d0000_mp0d0169p0d0078p0d0097.xml,prism_y0d0350,True,0.02,4.0,0.45,0.4,1.0,1.0,6.494062917522378,0.049266313391073034,4.0,0.005973576452321807,0.023745955900959726,0.0003912211338280128,8.624515742124139e-05,1.0,1.0,1.0,1.0,1.0,1.0,0.0,0.009670765585308655,0.0033919411961179833,-0.0011360838082298663,0.01325824991429327,0.0,0.006370644463462772,-0.005629206754397946,0.0,0.016873785784942086,0.00783212339710345,0.009701247693015839,"[0.03553291744516522, 1.3232182501035146, -0.9476119844664097, -0.0816995130453048, 1.4551473947175135, 1.0574563621002186, -0.11197127175611298, 1.563058739268382, 0.9555793853271397]"
prism3,447,/home/humanoid/Programs/hand/results/phase1/run_20260413_pollard_multiscene_500_run3/prism3/generated_mjcf/scene_prism3_tn0d0090p0d0157p0d0000_ip0d0219n0d0157p0d0059_mp0d0063p0d0143p0d0034.xml,prism_y0d0350,True,0.02,4.0,0.45,0.4,1.0,1.0,7.325196648827796,0.052911353511989265,6.0,0.006341069859007402,0.06793506719261332,0.0021517559555567977,0.0,1.0,1.0,1.0,1.0,1.0,1.0,0.0,0.06636532104300974,0.049104935037140175,-0.00904278167422818,0.015719803582083764,0.0,0.02194357027748288,-0.01567893837806663,0.005854617823766374,0.006262715532870271,0.0143171905155444,0.00339523737421424,"[0.03553291744516522, 1.3232182501035146, -0.9476119844664097, -0.0816995130453048, 1.4551473947175135, 1.0574563621002186, -0.11197127175611298, 1.563058739268382, 0.9555793853271397]"
prism3,448,/home/humanoid/Programs/hand/results/phase1/run_20260413_pollard_multiscene_500_run3/prism3/generated_mjcf/scene_prism3_tp0d0003p0d0134p0d0000_ip0d0206n0d0099p0d0000_mp0d0083p0d0251p0d0000.xml,prism_y0d0350,True,0.02,4.0,0.45,0.4,1.0,1.0,6.792223629225695,0.04932010495340192,5.0,0.006173967475543329,0.49957672588388513,0.001641192946853935,4.493713731540394e-06,1.0,1.0,1.0,1.0,1.0,1.0,0.0,0.030796154928887293,0.011996726269828025,0.0002617629877949522,0.013412109453143835,0.0,0.020648687224171146,-0.009855365425905357,0.0,0.008263438874933736,0.02514626012262553,0.0,"[0.03553291744516522, 1.3232182501035146, -0.9476119844664097, -0.0816995130453048, 1.4551473947175135, 1.0574563621002186, -0.11197127175611298, 1.563058739268382, 0.9555793853271397]"
prism3,449,/home/humanoid/Programs/hand/results/phase1/run_20260413_pollard_multiscene_500_run3/prism3/generated_mjcf/scene_prism3_tn0d0067p0d0251p0d0000_ip0d0118n0d0189p0d0103_mp0d0178p0d0230p0d0000.xml,prism_y0d0350,True,0.02,4.0,0.45,0.4,1.0,1.0,6.889200269610139,0.05077111569107129,5.0,0.006825921879531565,0.12866319903942994,0.0007134510880243417,0.0,1.0,1.0,1.0,1.0,1.0,1.0,0.0,0.033740315155396446,0.03363286855767106,-0.006688079787446489,0.025055041151438993,0.0,0.011787691163478548,-0.018857419838083388,0.010269059958378499,0.017802052151034024,0.02298066643960671,0.0,"[0.03553291744516522, 1.3232182501035146, -0.9476119844664097, -0.0816995130453048, 1.4551473947175135, 1.0574563621002186, -0.11197127175611298, 1.563058739268382, 0.9555793853271397]"
prism3,450,/home/humanoid/Programs/hand/results/phase1/run_20260413_pollard_multiscene_500_run3/prism3/generated_mjcf/scene_prism3_tn0d0115p0d0097p0d0000_ip0d0058n0d0039p0d0082_mp0d0180p0d0149p0d0014.xml,prism_y0d0350,True,0.02,4.0,0.45,0.4,1.0,1.0,6.8056337871290795,0.05033181984918324,5.0,0.0061595040268061394,0.35647352523912257,0.002320362086952471,0.0,1.0,1.0,1.0,1.0,1.0,1.0,0.0,0.06061438707722838,0.03130662230782214,-0.011498837979600898,0.009706578963080024,0.0,0.005800274182427564,-0.003875181551276056,0.008213794678798934,0.018034952841468985,0.014892628460001858,0.0014142894425570804,"[0.03553291744516522, 1.3232182501035146, -0.9476119844664097, -0.0816995130453048, 1.4551473947175135, 1.0574563621002186, -0.11197127175611298, 1.563058739268382, 0.9555793853271397]"
prism3,451,/home/humanoid/Programs/hand/results/phase1/run_20260413_pollard_multiscene_500_run3/prism3/generated_mjcf/scene_prism3_tn0d0015p0d0169p0d0000_ip0d0172n0d0104p0d0011_mp0d0107p0d0072p0d0079.xml,prism_y0d0350,True,0.02,4.0,0.45,0.4,1.0,1.0,6.751979634057165,0.05034628846697899,5.0,0.006069141385077438,0.4986284010720358,0.006023144820502425,0.0,1.0,1.0,1.0,1.0,1.0,1.0,0.0,0.06929614939193264,0.035545802082384025,-0.0015262415059165927,0.016865296197385568,0.0,0.01723625189913445,-0.010377268605681585,0.0010902005619215262,0.010692937551189264,0.007170400093331903,0.007890693852559163,"[0.03553291744516522, 1.3232182501035146, -0.9476119844664097, -0.0816995130453048, 1.4551473947175135, 1.0574563621002186, -0.11197127175611298, 1.563058739268382, 0.9555793853271397]"
prism3,452,/home/humanoid/Programs/hand/results/phase1/run_20260413_pollard_multiscene_500_run3/prism3/generated_mjcf/scene_prism3_tp0d0042p0d0187p0d0000_in0d0003n0d0036p0d0030_mp0d0164p0d0240p0d0000.xml,prism_y0d0350,True,0.02,4.0,0.45,0.4,1.0,1.0,6.296589916391453,0.05279662745969932,6.0,0.006188170856673041,0.3479890191518583,0.012918424951840169,0.0,1.0,1.0,0.7638888888888888,1.0,0.7638888888888888,0.7638888888888888,0.23611111111111116,0.10517242030615621,0.10806876018940077,0.004224288169672047,0.018713736538135094,0.0,-0.0002762932500023751,-0.0035924675596602177,0.0029657756018682153,0.016360768858148723,0.02400119577539169,0.0,"[0.03553291744516522, 1.3232182501035146, -0.9476119844664097, -0.0816995130453048, 1.4551473947175135, 1.0574563621002186, -0.11197127175611298, 1.563058739268382, 0.9555793853271397]"
prism3,453,/home/humanoid/Programs/hand/results/phase1/run_20260413_pollard_multiscene_500_run3/prism3/generated_mjcf/scene_prism3_tn0d0023p0d0300p0d0000_ip0d0087n0d0088p0d0000_mp0d0061p0d0096p0d0107.xml,prism_y0d0350,False,0.02,4.0,0.45,0.4,0.0,1.0,3.67032003598585,0.05221666458575126,5.0,0.007118963603741269,0.11374927087780291,0.003263993471896506,0.00014675508171996254,1.0,1.0,1.0,0.10277777777777777,0.10277777777777777,0.10277777777777777,0.8972222222222223,0.0474803683176798,0.054275033093186265,-0.002253257700280441,0.02996832043086915,0.0,0.008742601393709004,-0.008847917458295534,0.0,0.006059896220482771,0.009636807884215167,0.010725091745554787,"[0.03553291744516522, 1.3232182501035146, -0.9476119844664097, -0.0816995130453048, 1.4551473947175135, 1.0574563621002186, -0.11197127175611298, 1.563058739268382, 0.9555793853271397]"
prism3,454,/home/humanoid/Programs/hand/results/phase1/run_20260413_pollard_multiscene_500_run3/prism3/generated_mjcf/scene_prism3_tn0d0120p0d0128p0d0116_ip0d0050n0d0194p0d0076_mp0d0166p0d0127p0d0000.xml,prism_y0d0350,True,0.02,4.0,0.45,0.4,1.0,1.0,6.316136005081126,0.04795919015818369,4.0,0.0061772479962165045,0.31785528834568805,0.0061011277250182855,0.0,1.0,1.0,1.0,1.0,1.0,1.0,0.0,0.05616337553913553,0.019265438643541837,-0.011972388872996056,0.01282487263656613,0.011611864056680684,0.005026344630147989,-0.019399767209179065,0.007643009671431975,0.01662868765354221,0.01269309732471084,0.0,"[0.03553291744516522, 1.3232182501035146, -0.9476119844664097, -0.0816995130453048, 1.4551473947175135, 1.0574563621002186, -0.11197127175611298, 1.563058739268382, 0.9555793853271397]"
prism3,455,/home/humanoid/Programs/hand/results/phase1/run_20260413_pollard_multiscene_500_run3/prism3/generated_mjcf/scene_prism3_tn0d0042p0d0280p0d0000_ip0d0104n0d0162p0d0000_mp0d0194p0d0120p0d0006.xml,prism_y0d0350,False,0.02,4.0,0.45,0.4,0.0,1.0,2.9085547605474042,0.05146961831284305,4.0,0.007685527525647249,0.09591876689023901,0.0024438140833901627,0.0,1.0,1.0,1.0,0.0,0.0,0.0,1.0,0.031985804950673075,0.032948641732517436,-0.004184508743415265,0.027977910545990033,0.0,0.010384936074195428,-0.016192820587361226,0.0,0.019421232223716424,0.011961081300551542,0.0006333455042184973,"[0.03553291744516522, 1.3232182501035146, -0.9476119844664097, -0.0816995130453048, 1.4551473947175135, 1.0574563621002186, -0.11197127175611298, 1.563058739268382, 0.9555793853271397]"
prism3,456,/home/humanoid/Programs/hand/results/phase1/run_20260413_pollard_multiscene_500_run3/prism3/generated_mjcf/scene_prism3_tn0d0040p0d0123p0d0003_ip0d0092n0d0065p0d0071_mp0d0134p0d0052p0d0000.xml,prism_y0d0350,True,0.02,4.0,0.45,0.4,1.0,1.0,6.484743102173208,0.04961003424892662,4.0,0.0060146977560205026,0.06011371407799376,0.0009975783147131005,3.22365813782699e-05,1.0,1.0,1.0,1.0,1.0,1.0,0.0,0.021832811017189823,0.004713048066954033,-0.004036233379079683,0.01228166921896134,0.0003371369671329571,0.009179435430101485,-0.006514778638218343,0.007092787816219352,0.01344244043374698,0.005212812531370138,0.0,"[0.03553291744516522, 1.3232182501035146, -0.9476119844664097, -0.0816995130453048, 1.4551473947175135, 1.0574563621002186, -0.11197127175611298, 1.563058739268382, 0.9555793853271397]"
prism3,457,/home/humanoid/Programs/hand/results/phase1/run_20260413_pollard_multiscene_500_run3/prism3/generated_mjcf/scene_prism3_tn0d0077p0d0092p0d0053_ip0d0059n0d0119p0d0000_mp0d0084p0d0256p0d0009.xml,prism_y0d0350,False,0.02,4.0,0.45,0.4,0.0,1.0,2.869754933959759,0.05000639984158173,4.0,0.009436377575050897,0.15699196054235856,0.001414581514939681,0.00016970090498423518,1.0,1.0,0.0,1.0,0.0,0.0,1.0,0.013280764957878922,0.028485692713636584,-0.0077221560129722205,0.009241343482545189,0.005305268489148921,0.005934026353985964,-0.01189567654957444,0.0,0.008416652191713826,0.02558215821274215,0.0008878869964164988,"[0.03553291744516522, 1.3232182501035146, -0.9476119844664097, -0.0816995130453048, 1.4551473947175135, 1.0574563621002186, -0.11197127175611298, 1.563058739268382, 0.9555793853271397]"
prism3,458,/home/humanoid/Programs/hand/results/phase1/run_20260413_pollard_multiscene_500_run3/prism3/generated_mjcf/scene_prism3_tn0d0087p0d0102p0d0000_ip0d0007n0d0098p0d0001_mp0d0183p0d0189p0d0098.xml,prism_y0d0350,True,0.02,4.0,0.45,0.4,1.0,1.0,6.779984192576641,0.0480661729749358,5.0,0.007122276359796943,0.1019991809138186,0.0021260457293685578,0.000159618796713501,1.0,1.0,1.0,1.0,1.0,1.0,0.0,0.03384714757048048,0.0485371683643833,-0.008684111063004037,0.010177429826163853,0.0,0.0006950654730162355,-0.009834574943168922,9.944646366308318e-05,0.018299039648385917,0.01888504637861417,0.00980088854210293,"[0.03553291744516522, 1.3232182501035146, -0.9476119844664097, -0.0816995130453048, 1.4551473947175135, 1.0574563621002186, -0.11197127175611298, 1.563058739268382, 0.9555793853271397]"
prism3,459,/home/humanoid/Programs/hand/results/phase1/run_20260413_pollard_multiscene_500_run3/prism3/generated_mjcf/scene_prism3_tp0d0038p0d0277p0d0015_ip0d0094n0d0050p0d0087_mp0d0111p0d0248p0d0007.xml,prism_y0d0350,True,0.02,4.0,0.45,0.4,1.0,1.0,6.810355368067276,0.053794631999957016,5.0,0.006099874570633805,0.10160393211547881,0.009775635661275749,5.144880815005637e-05,1.0,1.0,1.0,1.0,1.0,1.0,0.0,0.14340750963694182,0.08467540734046697,0.0038372290418067397,0.027679147460744107,0.00146902495111516,0.009444239676410551,-0.005007706588113394,0.008700653976734352,0.01105983181184128,0.024784398737338946,0.0006566282614868125,"[0.03553291744516522, 1.3232182501035146, -0.9476119844664097, -0.0816995130453048, 1.4551473947175135, 1.0574563621002186, -0.11197127175611298, 1.563058739268382, 0.9555793853271397]"
prism3,460,/home/humanoid/Programs/hand/results/phase1/run_20260413_pollard_multiscene_500_run3/prism3/generated_mjcf/scene_prism3_tp0d0051p0d0151p0d0076_in0d0005n0d0087p0d0083_mp0d0021p0d0071p0d0000.xml,prism_y0d0350,True,0.02,4.0,0.45,0.4,1.0,1.0,6.411861797933405,0.049574564427559815,4.0,0.006108179841683472,0.1625769730128527,0.004146178670195951,0.0,1.0,1.0,1.0,1.0,1.0,1.0,0.0,0.05172270816186344,0.02009054242570933,0.005070275558583852,0.015144088267443812,0.0076441035634370325,-0.0004886669091993274,-0.008682677275442627,0.008332307329351672,0.0020755398598146044,0.007136235813742821,0.0,"[0.03553291744516522, 1.3232182501035146, -0.9476119844664097, -0.0816995130453048, 1.4551473947175135, 1.0574563621002186, -0.11197127175611298, 1.563058739268382, 0.9555793853271397]"
prism3,461,/home/humanoid/Programs/hand/results/phase1/run_20260413_pollard_multiscene_500_run3/prism3/generated_mjcf/scene_prism3_tn0d0027p0d0160p0d0096_ip0d0197n0d0084p0d0031_mp0d0191p0d0191p0d0000.xml,prism_y0d0350,True,0.02,4.0,0.45,0.4,1.0,1.0,6.454196323413558,0.04893165837579101,4.0,0.006076998443431909,0.05864275591215394,0.0015715514810788387,3.850458981952132e-05,1.0,1.0,1.0,1.0,1.0,1.0,0.0,0.02417549118572726,0.006788908630810146,-0.0027418946600591115,0.015962260923850703,0.009641864745706736,0.019737998008139197,-0.008400394671306056,0.003105569813784431,0.019108178305188572,0.01911854850404001,0.0,"[0.03553291744516522, 1.3232182501035146, -0.9476119844664097, -0.0816995130453048, 1.4551473947175135, 1.0574563621002186, -0.11197127175611298, 1.563058739268382, 0.9555793853271397]"
prism3,462,/home/humanoid/Programs/hand/results/phase1/run_20260413_pollard_multiscene_500_run3/prism3/generated_mjcf/scene_prism3_tn0d0074p0d0158p0d0080_ip0d0193n0d0065p0d0068_mp0d0003p0d0179p0d0022.xml,prism_y0d0350,True,0.02,4.0,0.45,0.4,1.0,1.0,6.705177121557479,0.04938907677337326,5.0,0.006214597389094145,0.44218946935352116,0.00623806793582791,0.0,1.0,1.0,1.0,1.0,1.0,1.0,0.0,0.0868123348299108,0.04088441576898266,-0.007404738332604117,0.015765543940939562,0.007990530901553664,0.019324819285983626,-0.006543558792698018,0.006772267263960373,0.0002677811277845294,0.017936383260698505,0.0021669874134804725,"[0.03553291744516522, 1.3232182501035146, -0.9476119844664097, -0.0816995130453048, 1.4551473947175135, 1.0574563621002186, -0.11197127175611298, 1.563058739268382, 0.9555793853271397]"
prism3,463,/home/humanoid/Programs/hand/results/phase1/run_20260413_pollard_multiscene_500_run3/prism3/generated_mjcf/scene_prism3_tn0d0051p0d0300p0d0000_ip0d0060n0d0056p0d0000_mn0d0001p0d0189p0d0000.xml,prism_y0d0350,True,0.02,4.0,0.45,0.4,1.0,1.0,7.271461370064416,0.05322446682652272,6.0,0.006430010526497497,0.0643863958119021,0.00741489709047984,0.0,1.0,1.0,1.0,1.0,1.0,1.0,0.0,0.08628596132455368,0.07620328914333298,-0.005099808976157512,0.03,0.0,0.005961773689922919,-0.005637245574518971,0.0,-0.00013024896387718067,0.018937237793003735,0.0,"[0.03553291744516522, 1.3232182501035146, -0.9476119844664097, -0.0816995130453048, 1.4551473947175135, 1.0574563621002186, -0.11197127175611298, 1.563058739268382, 0.9555793853271397]"
prism3,464,/home/humanoid/Programs/hand/results/phase1/run_20260413_pollard_multiscene_500_run3/prism3/generated_mjcf/scene_prism3_tn0d0054p0d0109p0d0107_ip0d0147n0d0019p0d0104_mp0d0043p0d0052p0d0098.xml,prism_y0d0350,True,0.02,4.0,0.45,0.4,1.0,1.0,6.461862668799662,0.04961219280910471,4.0,0.006203746282684604,0.08544297139754119,0.002168253488888349,0.0,1.0,1.0,1.0,1.0,1.0,1.0,0.0,0.031546145488724385,0.009568949643895893,-0.005388295655969974,0.010895009566350942,0.010705614806808997,0.014669172889080135,-0.0018880941279286554,0.010449585597510806,0.004269540828584654,0.005219547507113649,0.009837767568049896,"[0.03553291744516522, 1.3232182501035146, -0.9476119844664097, -0.0816995130453048, 1.4551473947175135, 1.0574563621002186, -0.11197127175611298, 1.563058739268382, 0.9555793853271397]"
prism3,465,/home/humanoid/Programs/hand/results/phase1/run_20260413_pollard_multiscene_500_run3/prism3/generated_mjcf/scene_prism3_tp0d0032p0d0149p0d0000_ip0d0097n0d0096p0d0000_mp0d0036p0d0065p0d0091.xml,prism_y0d0350,True,0.02,4.0,0.45,0.4,1.0,1.0,6.430546550797128,0.04965839539554267,4.0,0.006043764272820155,0.12196240773617145,0.0030254187233554586,0.0,1.0,1.0,1.0,1.0,1.0,1.0,0.0,0.04940304567356102,0.019119680654211307,0.0031694280086304993,0.014940037139802399,0.0,0.009734840540635576,-0.009609581632785089,0.0,0.0036017896508224985,0.006460760873302428,0.009061009487349163,"[0.03553291744516522, 1.3232182501035146, -0.9476119844664097, -0.0816995130453048, 1.4551473947175135, 1.0574563621002186, -0.11197127175611298, 1.563058739268382, 0.9555793853271397]"
prism3,466,/home/humanoid/Programs/hand/results/phase1/run_20260413_pollard_multiscene_500_run3/prism3/generated_mjcf/scene_prism3_tn0d0008p0d0260p0d0051_ip0d0026n0d0104p0d0000_mp0d0041p0d0208p0d0000.xml,prism_y0d0350,True,0.02,4.0,0.45,0.4,1.0,1.0,6.6876564413396276,0.051527147022398724,5.0,0.006192928296013885,0.07828412322864989,0.01756916247829975,0.0004239442475547084,1.0,1.0,1.0,1.0,1.0,1.0,0.0,0.13635062400200695,0.08962459905108193,-0.00081991629980422,0.026034750194938505,0.005062310391965544,0.0025952577325081662,-0.010359114817091094,0.0,0.0040665430258067965,0.020832864965785874,0.0,"[0.03553291744516522, 1.3232182501035146, -0.9476119844664097, -0.0816995130453048, 1.4551473947175135, 1.0574563621002186, -0.11197127175611298, 1.563058739268382, 0.9555793853271397]"
prism3,467,/home/humanoid/Programs/hand/results/phase1/run_20260413_pollard_multiscene_500_run3/prism3/generated_mjcf/scene_prism3_tp0d0054p0d0136p0d0082_ip0d0144n0d0058p0d0089_mp0d0113p0d0095p0d0000.xml,prism_y0d0350,True,0.02,4.0,0.45,0.4,1.0,1.0,6.43871566409237,0.049268962051304,4.0,0.006123720214298603,0.08636018343353731,0.0028846911308447916,0.0,1.0,1.0,1.0,1.0,1.0,1.0,0.0,0.03654212267111926,0.013292540606908912,0.005381576913038623,0.013579279121502625,0.008177907166183992,0.014367376935843145,-0.0058438262028245504,0.008891983580539647,0.011325897271811802,0.00948655199872318,0.0,"[0.03553291744516522, 1.3232182501035146, -0.9476119844664097, -0.0816995130453048, 1.4551473947175135, 1.0574563621002186, -0.11197127175611298, 1.563058739268382, 0.9555793853271397]"
prism3,468,/home/humanoid/Programs/hand/results/phase1/run_20260413_pollard_multiscene_500_run3/prism3/generated_mjcf/scene_prism3_tn0d0114p0d0187p0d0000_in0d0008n0d0220p0d0034_mn0d0007p0d0127p0d0000.xml,prism_y0d0350,True,0.02,4.0,0.45,0.4,1.0,1.0,7.238487456443207,0.04997309916184717,6.0,0.007265335020710196,0.24293210593276388,0.0014611183373334803,8.040115472894571e-05,1.0,1.0,1.0,1.0,1.0,1.0,0.0,0.023664991779315952,0.05240802526008881,-0.011409274767089164,0.0186899836045733,0.0,-0.0008462088297067905,-0.021983896864782655,0.0034054610646400817,-0.0006828656042447961,0.012675653524392668,0.0,"[0.03553291744516522, 1.3232182501035146, -0.9476119844664097, -0.0816995130453048, 1.4551473947175135, 1.0574563621002186, -0.11197127175611298, 1.563058739268382, 0.9555793853271397]"
prism3,469,/home/humanoid/Programs/hand/results/phase1/run_20260413_pollard_multiscene_500_run3/prism3/generated_mjcf/scene_prism3_tn0d0118p0d0098p0d0078_ip0d0157n0d0179p0d0052_mp0d0014p0d0208p0d0000.xml,prism_y0d0350,True,0.02,4.0,0.45,0.4,1.0,1.0,6.325478911738367,0.048104747095412695,4.0,0.006264785490232689,0.3015777747954347,0.004564233679552912,0.0,1.0,1.0,1.0,1.0,1.0,1.0,0.0,0.06417766021490678,0.01771587421814602,-0.011765599472505791,0.009785349809807487,0.007848847332914674,0.015698333536894954,-0.017885917142791793,0.005184286748598808,0.001352126037304658,0.020801664430839015,0.0,"[0.03553291744516522, 1.3232182501035146, -0.9476119844664097, -0.0816995130453048, 1.4551473947175135, 1.0574563621002186, -0.11197127175611298, 1.563058739268382, 0.9555793853271397]"
prism3,470,/home/humanoid/Programs/hand/results/phase1/run_20260413_pollard_multiscene_500_run3/prism3/generated_mjcf/scene_prism3_tp0d0022p0d0300p0d0106_in0d0001n0d0100p0d0000_mn0d0008p0d0202p0d0001.xml,prism_y0d0350,True,0.02,4.0,0.45,0.4,1.0,1.0,6.958760076726793,0.048255334925663786,6.0,0.0064841476839116565,0.25980091127984406,0.019409646632325677,0.0016778754306654708,1.0,1.0,1.0,1.0,1.0,1.0,0.0,0.09731410583404843,0.08866344563130314,0.00222650229601605,0.03,0.010567096174962709,-5.7014551148235754e-05,-0.010043033904746949,0.0,-0.0007655641616628912,0.020205489345903757,0.0001371397360768658,"[0.03553291744516522, 1.3232182501035146, -0.9476119844664097, -0.0816995130453048, 1.4551473947175135, 1.0574563621002186, -0.11197127175611298, 1.563058739268382, 0.9555793853271397]"
prism3,471,/home/humanoid/Programs/hand/results/phase1/run_20260413_pollard_multiscene_500_run3/prism3/generated_mjcf/scene_prism3_tp0d0030p0d0113p0d0000_ip0d0151n0d0021p0d0000_mp0d0216p0d0086p0d0000.xml,prism_y0d0350,True,0.02,4.0,0.45,0.4,1.0,1.0,6.465324021502138,0.04865506756116134,4.0,0.006056537522908919,0.010127897575783577,0.0029550365090422553,0.00010931943461546523,1.0,1.0,1.0,1.0,1.0,1.0,0.0,0.0011578441430257532,0.007542374087316635,0.003032211930165382,0.011261223420214555,0.0,0.015117565516981355,-0.0020649879170627477,0.0,0.021614954396179616,0.008557351577785258,0.0,"[0.03553291744516522, 1.3232182501035146, -0.9476119844664097, -0.0816995130453048, 1.4551473947175135, 1.0574563621002186, -0.11197127175611298, 1.563058739268382, 0.9555793853271397]"
prism3,472,/home/humanoid/Programs/hand/results/phase1/run_20260413_pollard_multiscene_500_run3/prism3/generated_mjcf/scene_prism3_tp0d0055p0d0142p0d0109_in0d0009n0d0107p0d0073_mp0d0158p0d0263p0d0000.xml,prism_y0d0350,False,0.02,4.0,0.45,0.4,0.0,1.0,2.7643593135017097,0.04843401656255156,4.0,0.0076228466273070795,0.055389960807915785,0.008178332319277828,0.0007085116652579548,1.0,1.0,0.0,1.0,0.0,0.0,1.0,0.02402319235400926,0.051363505118042906,0.005482028692666837,0.014177397811001843,0.010903324251496305,-0.0008679015118163037,-0.010667320474653916,0.00725789014008766,0.015787351380811068,0.02633354953180985,0.0,"[0.03553291744516522, 1.3232182501035146, -0.9476119844664097, -0.0816995130453048, 1.4551473947175135, 1.0574563621002186, -0.11197127175611298, 1.563058739268382, 0.9555793853271397]"
prism3,473,/home/humanoid/Programs/hand/results/phase1/run_20260413_pollard_multiscene_500_run3/prism3/generated_mjcf/scene_prism3_tp0d0028p0d0111p0d0000_ip0d0158n0d0076p0d0066_mp0d0190p0d0078p0d0052.xml,prism_y0d0350,True,0.02,4.0,0.45,0.4,1.0,1.0,6.811893752025516,0.047857497103873645,5.0,0.0060502306086800675,0.03199943596779539,0.0038259108119263387,8.953018480624408e-05,1.0,1.0,1.0,1.0,1.0,1.0,0.0,0.01768141754934721,0.009014050717902492,0.002787428416073051,0.011124309693084186,0.0,0.015762279253828677,-0.007609730635977962,0.006600435282516717,0.01895273993524628,0.007783232773671751,0.005163729948006412,"[0.03553291744516522, 1.3232182501035146, -0.9476119844664097, -0.0816995130453048, 1.4551473947175135, 1.0574563621002186, -0.11197127175611298, 1.563058739268382, 0.9555793853271397]"
prism3,474,/home/humanoid/Programs/hand/results/phase1/run_20260413_pollard_multiscene_500_run3/prism3/generated_mjcf/scene_prism3_tp0d0075p0d0138p0d0000_ip0d0057n0d0219p0d0086_mp0d0161p0d0036p0d0000.xml,prism_y0d0350,True,0.02,4.0,0.45,0.4,1.0,1.0,6.3894124301562325,0.052347160922640995,5.0,0.00627333951993387,1.0413030435439246,0.011168918279604855,0.0016630530674623528,1.0,1.0,1.0,0.9388888888888889,0.9388888888888889,0.9388888888888889,0.061111111111111116,0.11784407537477413,0.0983636894055875,0.007473701560144725,0.013832646818040854,0.0,0.005676260346304213,-0.021940866096397726,0.008647108538634853,0.016052627074017313,0.0035593571489968313,0.0,"[0.03553291744516522, 1.3232182501035146, -0.9476119844664097, -0.0816995130453048, 1.4551473947175135, 1.0574563621002186, -0.11197127175611298, 1.563058739268382, 0.9555793853271397]"
prism3,475,/home/humanoid/Programs/hand/results/phase1/run_20260413_pollard_multiscene_500_run3/prism3/generated_mjcf/scene_prism3_tp0d0076p0d0300p0d0000_ip0d0208n0d0131p0d0000_mn0d0016p0d0056p0d0012.xml,prism_y0d0350,False,0.02,4.0,0.45,0.4,0.0,1.0,2.888398483426934,0.05111511491837775,4.0,0.007857557802466142,0.15843437385409911,0.001891013964799702,0.0004044905944199234,1.0,1.0,1.0,0.0,0.0,0.0,1.0,0.024397216534118773,0.0411061591545678,0.007629969449959299,0.03,0.0,0.02084695203995446,-0.013079106497613992,0.0,-0.0016474320179972243,0.005604879919699405,0.0012319919719836047,"[0.03553291744516522, 1.3232182501035146, -0.9476119844664097, -0.0816995130453048, 1.4551473947175135, 1.0574563621002186, -0.11197127175611298, 1.563058739268382, 0.9555793853271397]"
prism3,476,/home/humanoid/Programs/hand/results/phase1/run_20260413_pollard_multiscene_500_run3/prism3/generated_mjcf/scene_prism3_tp0d0118p0d0279p0d0112_ip0d0203n0d0028p0d0075_mp0d0128p0d0199p0d0107.xml,prism_y0d0350,True,0.02,4.0,0.45,0.4,1.0,1.0,7.169405461877549,0.05255434334574342,6.0,0.006418083222992606,0.29630664728659517,0.010182744276907955,0.00013806843334805696,1.0,1.0,1.0,1.0,1.0,1.0,0.0,0.11139200647292356,0.07713819669989475,0.011840430954169388,0.027935950600095887,0.01118669848282157,0.020329158687063302,-0.002805143197382407,0.007519427185789622,0.01275148782269786,0.019934227857964906,0.010702847419610532,"[0.03553291744516522, 1.3232182501035146, -0.9476119844664097, -0.0816995130453048, 1.4551473947175135, 1.0574563621002186, -0.11197127175611298, 1.563058739268382, 0.9555793853271397]"
prism3,477,/home/humanoid/Programs/hand/results/phase1/run_20260413_pollard_multiscene_500_run3/prism3/generated_mjcf/scene_prism3_tp0d0035p0d0101p0d0008_ip0d0170n0d0216p0d0000_mp0d0184p0d0054p0d0000.xml,prism_y0d0350,True,0.02,4.0,0.45,0.4,1.0,1.0,6.0798349496909445,0.04935264465294377,4.0,0.006106072744245387,1.6030514955783652,0.013041484337225538,0.0,1.0,1.0,1.0,1.0,1.0,1.0,0.0,0.09308193489146621,0.04701380484404324,0.003532706305282232,0.010064409176203722,0.0007671164180321852,0.016983686550221457,-0.02158511885854595,0.0,0.018377546113442306,0.0054433989863529875,0.0,"[0.03553291744516522, 1.3232182501035146, -0.9476119844664097, -0.0816995130453048, 1.4551473947175135, 1.0574563621002186, -0.11197127175611298, 1.563058739268382, 0.9555793853271397]"
prism3,478,/home/humanoid/Programs/hand/results/phase1/run_20260413_pollard_multiscene_500_run3/prism3/generated_mjcf/scene_prism3_tp0d0004p0d0216p0d0069_ip0d0154n0d0225p0d0015_mp0d0145p0d0270p0d0071.xml,prism_y0d0350,True,0.02,4.0,0.45,0.4,1.0,1.0,7.195515368406794,0.05317393984766752,6.0,0.006303466523769587,0.12199504696122494,0.013802002588099833,0.0,1.0,1.0,1.0,1.0,1.0,1.0,0.0,0.11272450928763561,0.07825962270722213,0.0004021373010342118,0.021570085370465064,0.006861995303780965,0.015395232114689744,-0.022512682614668177,0.0014686024647519863,0.014504301258655013,0.027042155239312353,0.007146943895862106,"[0.03553291744516522, 1.3232182501035146, -0.9476119844664097, -0.0816995130453048, 1.4551473947175135, 1.0574563621002186, -0.11197127175611298, 1.563058739268382, 0.9555793853271397]"
prism3,479,/home/humanoid/Programs/hand/results/phase1/run_20260413_pollard_multiscene_500_run3/prism3/generated_mjcf/scene_prism3_tp0d0096p0d0159p0d0005_in0d0007n0d0051p0d0022_mp0d0147p0d0272p0d0076.xml,prism_y0d0350,True,0.02,4.0,0.45,0.4,1.0,1.0,4.2868682112234024,0.046762035296529496,4.0,0.008138631760527905,1.539127336455009,0.009482442238703627,0.0010027228731778332,1.0,1.0,0.5138888888888888,1.0,0.5138888888888888,0.5138888888888888,0.48611111111111116,0.03661128131835463,0.09423610187422592,0.009594060715247866,0.015874209928032755,0.0005246555194527141,-0.0006892630481953044,-0.005095977938302259,0.002235288648113707,0.01474634968078216,0.027241851348343935,0.007604286297816443,"[0.03553291744516522, 1.3232182501035146, -0.9476119844664097, -0.0816995130453048, 1.4551473947175135, 1.0574563621002186, -0.11197127175611298, 1.563058739268382, 0.9555793853271397]"
prism3,480,/home/humanoid/Programs/hand/results/phase1/run_20260413_pollard_multiscene_500_run3/prism3/generated_mjcf/scene_prism3_tn0d0066p0d0101p0d0000_ip0d0142n0d0234p0d0072_mp0d0124p0d0232p0d0000.xml,prism_y0d0350,True,0.02,4.0,0.45,0.4,1.0,1.0,6.853405439020071,0.049150289828557986,5.0,0.005980390020212372,0.09935442213042579,0.002120631158409171,0.0002478117894124665,1.0,1.0,1.0,1.0,1.0,1.0,0.0,0.022436094243444393,0.0037142779052413886,-0.006594381918308316,0.010115788867042789,0.0,0.014238195089008763,-0.023356292142754483,0.007217844165074538,0.012374884987691043,0.02323082678296967,0.0,"[0.03553291744516522, 1.3232182501035146, -0.9476119844664097, -0.0816995130453048, 1.4551473947175135, 1.0574563621002186, -0.11197127175611298, 1.563058739268382, 0.9555793853271397]"
prism3,481,/home/humanoid/Programs/hand/results/phase1/run_20260413_pollard_multiscene_500_run3/prism3/generated_mjcf/scene_prism3_tn0d0042p0d0108p0d0000_ip0d0050n0d0165p0d0000_mp0d0091p0d0259p0d0100.xml,prism_y0d0350,False,0.02,4.0,0.45,0.4,0.0,1.0,4.5748624881968105,0.049897035119482014,5.0,0.007508643355461117,0.20400671463894773,0.0006116286877601253,0.0,1.0,1.0,0.36666666666666664,1.0,0.36666666666666664,0.36666666666666664,0.6333333333333333,0.022830956555080457,0.03882943679330917,-0.0042281149078721115,0.01083128765777069,0.0,0.004986767634672156,-0.016452708630349696,0.0,0.00910392439192348,0.02593147672649057,0.009987862840108785,"[0.03553291744516522, 1.3232182501035146, -0.9476119844664097, -0.0816995130453048, 1.4551473947175135, 1.0574563621002186, -0.11197127175611298, 1.563058739268382, 0.9555793853271397]"
prism3,482,/home/humanoid/Programs/hand/results/phase1/run_20260413_pollard_multiscene_500_run3/prism3/generated_mjcf/scene_prism3_tn0d0098p0d0121p0d0012_ip0d0047n0d0163p0d0119_mp0d0210p0d0054p0d0039.xml,prism_y0d0350,True,0.02,4.0,0.45,0.4,1.0,1.0,6.825153452925813,0.04932718914805818,5.0,0.005973503814850875,0.14566989386416374,0.0031628139726519013,0.0,1.0,1.0,1.0,1.0,1.0,1.0,0.0,0.042266335192088174,0.012514913037795486,-0.009785904135380658,0.012145531883004285,0.0011952640352207375,0.004714135885396038,-0.01625831757918936,0.011942494800905243,0.021011383902793244,0.00537992948582189,0.003885434767348487,"[0.03553291744516522, 1.3232182501035146, -0.9476119844664097, -0.0816995130453048, 1.4551473947175135, 1.0574563621002186, -0.11197127175611298, 1.563058739268382, 0.9555793853271397]"
prism3,483,/home/humanoid/Programs/hand/results/phase1/run_20260413_pollard_multiscene_500_run3/prism3/generated_mjcf/scene_prism3_tp0d0109p0d0127p0d0019_ip0d0088n0d0202p0d0065_mp0d0187p0d0240p0d0000.xml,prism_y0d0350,False,0.02,4.0,0.45,0.4,0.0,1.0,4.502756172709791,0.05137139913617239,6.0,0.006125825371185254,0.38611627687651584,0.020934850704920203,0.00012525850670648542,1.0,1.0,0.3,1.0,0.3,0.3,0.7,0.12385295288942712,0.10821709116593652,0.010894348867085565,0.012710075306302046,0.0018722219357900777,0.008848358440154708,-0.020194848826237767,0.006485100261905189,0.018678946417392296,0.024026488161248492,4.530683727942651e-05,"[0.03553291744516522, 1.3232182501035146, -0.9476119844664097, -0.0816995130453048, 1.4551473947175135, 1.0574563621002186, -0.11197127175611298, 1.563058739268382, 0.9555793853271397]"
prism3,484,/home/humanoid/Programs/hand/results/phase1/run_20260413_pollard_multiscene_500_run3/prism3/generated_mjcf/scene_prism3_tn0d0052p0d0171p0d0000_ip0d0114n0d0080p0d0001_mp0d0184p0d0173p0d0101.xml,prism_y0d0350,True,0.02,4.0,0.45,0.4,1.0,1.0,6.467170657000131,0.04854606678472734,4.0,0.006034486126692273,0.0178709411806701,0.002005622724843107,8.532852088527498e-05,1.0,1.0,1.0,1.0,1.0,1.0,0.0,0.0012828930066580164,0.00570299085700308,-0.005160010769570534,0.017119655572404743,0.0,0.011431032996217559,-0.008025402495112839,6.745440736844431e-05,0.018422271121277062,0.017256367578312053,0.010058918050668147,"[0.03553291744516522, 1.3232182501035146, -0.9476119844664097, -0.0816995130453048, 1.4551473947175135, 1.0574563621002186, -0.11197127175611298, 1.563058739268382, 0.9555793853271397]"
prism3,485,/home/humanoid/Programs/hand/results/phase1/run_20260413_pollard_multiscene_500_run3/prism3/generated_mjcf/scene_prism3_tp0d0088p0d0135p0d0000_ip0d0118n0d0067p0d0000_mp0d0202p0d0130p0d0000.xml,prism_y0d0350,True,0.02,4.0,0.45,0.4,1.0,1.0,6.470404507606207,0.048752325501804666,4.0,0.0060458868351005645,0.014768196019331815,0.0024543063594616686,0.00010028702199042783,1.0,1.0,1.0,1.0,1.0,1.0,0.0,0.0025679485475512786,0.006245301831295069,0.008772642373253814,0.013473487068065018,0.0,0.011840300635021877,-0.0066831136960992295,0.0,0.020173904665329145,0.012994021296588502,0.0,"[0.03553291744516522, 1.3232182501035146, -0.9476119844664097, -0.0816995130453048, 1.4551473947175135, 1.0574563621002186, -0.11197127175611298, 1.563058739268382, 0.9555793853271397]"
prism3,486,/home/humanoid/Programs/hand/results/phase1/run_20260413_pollard_multiscene_500_run3/prism3/generated_mjcf/scene_prism3_tp0d0076p0d0110p0d0119_ip0d0205n0d0031p0d0000_mp0d0192p0d0140p0d0000.xml,prism_y0d0350,True,0.02,4.0,0.45,0.4,1.0,1.0,6.856486367288884,0.048243134728494466,5.0,0.006066397443562015,0.026024918515950037,0.000976253054519567,0.00012771525027600872,1.0,1.0,1.0,1.0,1.0,1.0,0.0,0.0067025417566021935,0.003788344913748465,0.007581525711751653,0.010985390094024649,0.01190669299281387,0.020533639884696864,-0.00312243768418328,0.0,0.019226256050701995,0.014038426579401892,0.0,"[0.03553291744516522, 1.3232182501035146, -0.9476119844664097, -0.0816995130453048, 1.4551473947175135, 1.0574563621002186, -0.11197127175611298, 1.563058739268382, 0.9555793853271397]"
prism3,487,/home/humanoid/Programs/hand/results/phase1/run_20260413_pollard_multiscene_500_run3/prism3/generated_mjcf/scene_prism3_tp0d0088p0d0220p0d0000_ip0d0041n0d0100p0d0000_mp0d0023p0d0105p0d0000.xml,prism_y0d0350,True,0.02,4.0,0.45,0.4,1.0,1.0,6.306197012519652,0.0523290598630724,5.0,0.0061318875820816675,0.5640557844845157,0.01820557160945461,0.0,1.0,1.0,1.0,0.9111111111111111,0.9111111111111111,0.9111111111111111,0.0888888888888889,0.14946066797388038,0.09950768444086809,0.008751521139274309,0.02195813433495425,0.0,0.004088112811065856,-0.010035573251982316,0.0,0.0022695589478362553,0.010519856420060628,0.0,"[0.03553291744516522, 1.3232182501035146, -0.9476119844664097, -0.0816995130453048, 1.4551473947175135, 1.0574563621002186, -0.11197127175611298, 1.563058739268382, 0.9555793853271397]"
prism3,488,/home/humanoid/Programs/hand/results/phase1/run_20260413_pollard_multiscene_500_run3/prism3/generated_mjcf/scene_prism3_tp0d0040p0d0252p0d0000_ip0d0175n0d0024p0d0099_mp0d0139p0d0140p0d0000.xml,prism_y0d0350,True,0.02,4.0,0.45,0.4,1.0,1.0,7.268138870824687,0.05326587972642181,6.0,0.006155882627570088,0.12867608769149233,0.005700861890891006,0.0,1.0,1.0,1.0,1.0,1.0,1.0,0.0,0.10072968054971736,0.05923777859229954,0.0040151865912417435,0.02517965433679476,0.0,0.017472318988795123,-0.0023861769190015748,0.009858527470894534,0.013947603886014506,0.014000716894325091,0.0,"[0.03553291744516522, 1.3232182501035146, -0.9476119844664097, -0.0816995130453048, 1.4551473947175135, 1.0574563621002186, -0.11197127175611298, 1.563058739268382, 0.9555793853271397]"
prism3,489,/home/humanoid/Programs/hand/results/phase1/run_20260413_pollard_multiscene_500_run3/prism3/generated_mjcf/scene_prism3_tp0d0115p0d0273p0d0000_ip0d0172n0d0229p0d0117_mp0d0010p0d0058p0d0081.xml,prism_y0d0350,True,0.02,4.0,0.45,0.4,1.0,1.0,6.857603555293648,0.049831525420085954,5.0,0.008126585906947604,0.12648393764409466,0.0016400064411379188,0.0006330851400924847,1.0,1.0,1.0,1.0,1.0,1.0,0.0,0.016664309091694005,0.03434540505843775,0.011498811694675162,0.02730715923601008,0.0,0.01719954964271813,-0.02291522830305808,0.011660194511019378,0.000951591731001138,0.005777731413406928,0.008084415280346147,"[0.03553291744516522, 1.3232182501035146, -0.9476119844664097, -0.0816995130453048, 1.4551473947175135, 1.0574563621002186, -0.11197127175611298, 1.563058739268382, 0.9555793853271397]"
prism3,490,/home/humanoid/Programs/hand/results/phase1/run_20260413_pollard_multiscene_500_run3/prism3/generated_mjcf/scene_prism3_tn0d0103p0d0157p0d0000_ip0d0039n0d0154p0d0024_mp0d0106p0d0269p0d0095.xml,prism_y0d0350,True,0.02,4.0,0.45,0.4,1.0,1.0,6.802314549668112,0.05233330047764279,5.0,0.006082563803054517,0.18890570883456018,0.006485056326432825,0.0,1.0,1.0,1.0,1.0,1.0,1.0,0.0,0.10728251649791887,0.08531425732315433,-0.01033819147763369,0.015694722108475882,0.0,0.0038626213160662783,-0.01540010741443225,0.002371286748752201,0.010604854281785482,0.02690137877281787,0.009546302702118915,"[0.03553291744516522, 1.3232182501035146, -0.9476119844664097, -0.0816995130453048, 1.4551473947175135, 1.0574563621002186, -0.11197127175611298, 1.563058739268382, 0.9555793853271397]"
prism3,491,/home/humanoid/Programs/hand/results/phase1/run_20260413_pollard_multiscene_500_run3/prism3/generated_mjcf/scene_prism3_tn0d0023p0d0233p0d0063_ip0d0006n0d0094p0d0055_mp0d0146p0d0041p0d0107.xml,prism_y0d0350,True,0.02,4.0,0.45,0.4,1.0,1.0,6.692671708317261,0.05031542781844318,5.0,0.0062197834217558095,0.8395319128880447,0.006665080148933663,0.0,1.0,1.0,1.0,1.0,1.0,1.0,0.0,0.07193537309302654,0.03614611512980794,-0.002329973913256801,0.023270871193499486,0.006282828895953191,0.0005698282814026179,-0.00942041051014574,0.005458426041261531,0.014598589441035268,0.00405319105217238,0.010694641674625756,"[0.03553291744516522, 1.3232182501035146, -0.9476119844664097, -0.0816995130453048, 1.4551473947175135, 1.0574563621002186, -0.11197127175611298, 1.563058739268382, 0.9555793853271397]"
prism3,492,/home/humanoid/Programs/hand/results/phase1/run_20260413_pollard_multiscene_500_run3/prism3/generated_mjcf/scene_prism3_tn0d0120p0d0103p0d0000_ip0d0137n0d0123p0d0000_mp0d0054p0d0081p0d0045.xml,prism_y0d0350,True,0.02,4.0,0.45,0.4,1.0,1.0,6.469652788788476,0.04996632075998888,4.0,0.006040544110616725,0.08680637696989887,0.001900466427308753,0.0,1.0,1.0,1.0,1.0,1.0,1.0,0.0,0.03696063168595705,0.011405925589212995,-0.011976922786092133,0.010296461513639622,0.0,0.013723523804438831,-0.01225337989012358,0.0,0.005424176997103532,0.008063687818109542,0.004537319127635171,"[0.03553291744516522, 1.3232182501035146, -0.9476119844664097, -0.0816995130453048, 1.4551473947175135, 1.0574563621002186, -0.11197127175611298, 1.563058739268382, 0.9555793853271397]"
prism3,493,/home/humanoid/Programs/hand/results/phase1/run_20260413_pollard_multiscene_500_run3/prism3/generated_mjcf/scene_prism3_tp0d0088p0d0282p0d0000_ip0d0061n0d0212p0d0086_mp0d0193p0d0217p0d0044.xml,prism_y0d0350,False,0.02,4.0,0.45,0.4,0.0,1.0,2.428603425508296,0.05026449235648495,4.0,0.009078515364985383,2.43003312444343,0.006538594090599184,0.002173328068420105,1.0,1.0,1.0,0.0,0.0,0.0,1.0,0.03293550368374088,0.09948960504762772,0.008810582318479962,0.02823864594716607,0.0,0.006079133984940187,-0.021190124465350433,0.008551471268848924,0.0193094866325604,0.021664834753422582,0.004377443391571888,"[0.03553291744516522, 1.3232182501035146, -0.9476119844664097, -0.0816995130453048, 1.4551473947175135, 1.0574563621002186, -0.11197127175611298, 1.563058739268382, 0.9555793853271397]"
prism3,494,/home/humanoid/Programs/hand/results/phase1/run_20260413_pollard_multiscene_500_run3/prism3/generated_mjcf/scene_prism3_tp0d0006p0d0298p0d0000_ip0d0182n0d0143p0d0033_mp0d0144p0d0134p0d0000.xml,prism_y0d0350,True,0.02,4.0,0.45,0.4,1.0,1.0,6.244068591791705,0.050707992021016786,5.0,0.007548345352802604,0.17807893337178504,0.0020705399902421063,0.0,1.0,1.0,1.0,0.8222222222222222,0.8222222222222222,0.8222222222222222,0.1777777777777778,0.02023943345607773,0.03247984966996129,0.0006423515573065076,0.029804859421237912,0.0,0.01822084788801706,-0.014321454506167038,0.0032808942086269676,0.0143580323783207,0.013396258077430756,0.0,"[0.03553291744516522, 1.3232182501035146, -0.9476119844664097, -0.0816995130453048, 1.4551473947175135, 1.0574563621002186, -0.11197127175611298, 1.563058739268382, 0.9555793853271397]"
prism3,495,/home/humanoid/Programs/hand/results/phase1/run_20260413_pollard_multiscene_500_run3/prism3/generated_mjcf/scene_prism3_tp0d0045p0d0202p0d0000_ip0d0187n0d0027p0d0000_mp0d0092p0d0076p0d0019.xml,prism_y0d0350,True,0.02,4.0,0.45,0.4,1.0,1.0,6.841705253812118,0.04990157619179727,5.0,0.0060334409620219145,0.14195229075168905,0.0027690961808063065,0.0,1.0,1.0,1.0,1.0,1.0,1.0,0.0,0.0450154984092078,0.01972022373988891,0.004459944146623599,0.020157888414723962,0.0,0.018738071733546885,-0.002711925195349201,0.0,0.0092276115898702,0.0075653226688972225,0.0018619001808148194,"[0.03553291744516522, 1.3232182501035146, -0.9476119844664097, -0.0816995130453048, 1.4551473947175135, 1.0574563621002186, -0.11197127175611298, 1.563058739268382, 0.9555793853271397]"
prism3,496,/home/humanoid/Programs/hand/results/phase1/run_20260413_pollard_multiscene_500_run3/prism3/generated_mjcf/scene_prism3_tn0d0009p0d0248p0d0099_ip0d0088n0d0012p0d0000_mp0d0184p0d0181p0d0000.xml,prism_y0d0350,True,0.02,4.0,0.45,0.4,1.0,1.0,6.835706499375017,0.04858341646930193,5.0,0.0060746055339505126,0.05271984200216069,0.0019235297465781571,9.126853007551672e-06,1.0,1.0,1.0,1.0,1.0,1.0,0.0,0.028306860986211792,0.00939665596110876,-0.0008933137833174749,0.024786767158425156,0.009864986063080061,0.008841727231664482,-0.0012339940763756874,0.0,0.018411304301340338,0.01808062999647958,0.0,"[0.03553291744516522, 1.3232182501035146, -0.9476119844664097, -0.0816995130453048, 1.4551473947175135, 1.0574563621002186, -0.11197127175611298, 1.563058739268382, 0.9555793853271397]"
prism3,497,/home/humanoid/Programs/hand/results/phase1/run_20260413_pollard_multiscene_500_run3/prism3/generated_mjcf/scene_prism3_tn0d0097p0d0212p0d0092_ip0d0104n0d0190p0d0000_mp0d0216p0d0200p0d0095.xml,prism_y0d0350,True,0.02,4.0,0.45,0.4,1.0,1.0,6.361729928146355,0.05120068345217407,4.0,0.006198010766753294,0.18540815800343524,0.009499855593481939,0.0,1.0,1.0,1.0,1.0,1.0,1.0,0.0,0.11128708483486689,0.04360105809991599,-0.009713218372601893,0.021152490188781035,0.009228060343378315,0.010391589576232495,-0.019031929684336403,0.0,0.02163107469634539,0.020045375014204635,0.009475648985567953,"[0.03553291744516522, 1.3232182501035146, -0.9476119844664097, -0.0816995130453048, 1.4551473947175135, 1.0574563621002186, -0.11197127175611298, 1.563058739268382, 0.9555793853271397]"
prism3,498,/home/humanoid/Programs/hand/results/phase1/run_20260413_pollard_multiscene_500_run3/prism3/generated_mjcf/scene_prism3_tn0d0119p0d0090p0d0017_ip0d0053n0d0047p0d0038_mp0d0079p0d0177p0d0074.xml,prism_y0d0350,False,0.02,4.0,0.45,0.4,0.0,1.0,4.423695061255547,0.0543960348719356,5.0,0.006375292546113023,0.44663756831150236,0.006655278766496204,0.0,1.0,1.0,0.3277777777777778,1.0,0.3277777777777778,0.3277777777777778,0.6722222222222223,0.09981012316481173,0.08135628631891774,-0.011909862353567426,0.008988565285749352,0.001733493470553472,0.005262883245504537,-0.00472709212620471,0.003801006143391579,0.00789349564076763,0.01765195848887168,0.0073960258272467334,"[0.03553291744516522, 1.3232182501035146, -0.9476119844664097, -0.0816995130453048, 1.4551473947175135, 1.0574563621002186, -0.11197127175611298, 1.563058739268382, 0.9555793853271397]"
prism3,499,/home/humanoid/Programs/hand/results/phase1/run_20260413_pollard_multiscene_500_run3/prism3/generated_mjcf/scene_prism3_tp0d0014p0d0095p0d0000_ip0d0084n0d0171p0d0015_mp0d0149p0d0186p0d0000.xml,prism_y0d0350,True,0.02,4.0,0.45,0.4,1.0,1.0,4.792460705622788,0.05337723502205981,5.0,0.006033550484798716,0.2438043691123608,0.017099517497509778,0.0,1.0,1.0,0.4638888888888889,1.0,0.4638888888888889,0.4638888888888889,0.5361111111111111,0.14131757652955734,0.10638016459647553,0.0013764715164408785,0.00947601429432269,0.0,0.008399100002780555,-0.017066066196626872,0.0014972733179993147,0.014912960203866244,0.018649016434409443,0.0,"[0.03553291744516522, 1.3232182501035146, -0.9476119844664097, -0.0816995130453048, 1.4551473947175135, 1.0574563621002186, -0.11197127175611298, 1.563058739268382, 0.9555793853271397]"
